optimizer,evaluation,elapsed_seconds,mse,best_mse
Optim.jl SAMIN,1,0.4879150390625,0.6448499027459642,0.6448499027459642
Optim.jl SAMIN,2,1.1177210807800293,0.5619581913196412,0.5619581913196412
Optim.jl SAMIN,3,1.8480250835418701,0.5619581913196412,0.5619581913196412
Optim.jl SAMIN,4,2.5302388668060303,0.5606961254767963,0.5606961254767963
Optim.jl SAMIN,5,3.156688928604126,0.5607802188637623,0.5606961254767963
Optim.jl SAMIN,6,3.7818219661712646,0.5607467202725053,0.5606961254767963
Optim.jl SAMIN,7,4.377656936645508,0.573300743769942,0.5606961254767963
Optim.jl SAMIN,8,4.926305055618286,0.5908370527330856,0.5606961254767963
Optim.jl SAMIN,9,5.486553907394409,0.5908370527330856,0.5606961254767963
Optim.jl SAMIN,10,6.006994962692261,0.5957524982583062,0.5606961254767963
Optim.jl SAMIN,11,6.550047874450684,0.5940898668933445,0.5606961254767963
Optim.jl SAMIN,12,7.047591924667358,0.6029456724083689,0.5606961254767963
Optim.jl SAMIN,13,7.589574098587036,0.5823322060377261,0.5606961254767963
Optim.jl SAMIN,14,8.192470073699951,0.5638345551128373,0.5606961254767963
Optim.jl SAMIN,15,8.801660060882568,0.5638345551128373,0.5606961254767963
Optim.jl SAMIN,16,9.667320013046265,0.5230018412948303,0.5230018412948303
Optim.jl SAMIN,17,10.528933048248291,0.5236186089541742,0.5230018412948303
Optim.jl SAMIN,18,11.405459880828857,0.5235864596388551,0.5230018412948303
Optim.jl SAMIN,19,12.163394927978516,0.5346016516797463,0.5230018412948303
Optim.jl SAMIN,20,12.90817403793335,0.5354627737413266,0.5230018412948303
Optim.jl SAMIN,21,13.673959970474243,0.5354627737413266,0.5230018412948303
Optim.jl SAMIN,22,14.406445026397705,0.5384610014800635,0.5230018412948303
Optim.jl SAMIN,23,15.197622060775757,0.5324153889398199,0.5230018412948303
Optim.jl SAMIN,24,16.017931938171387,0.5322941886086178,0.5230018412948303
Optim.jl SAMIN,25,16.92587900161743,0.5222533295134918,0.5222533295134918
Optim.jl SAMIN,26,17.742701053619385,0.5399219375220914,0.5222533295134918
Optim.jl SAMIN,27,18.57052993774414,0.5399219375220914,0.5222533295134918
Optim.jl SAMIN,28,19.46063494682312,0.5348442774059909,0.5222533295134918
Optim.jl SAMIN,29,20.32073402404785,0.5358569807669245,0.5222533295134918
Optim.jl SAMIN,30,21.23493194580078,0.5467566092177173,0.5222533295134918
Optim.jl SAMIN,31,22.027271032333374,0.5521441926359026,0.5222533295134918
Optim.jl SAMIN,32,22.840065956115723,0.5494847407174959,0.5222533295134918
Optim.jl SAMIN,33,23.618720054626465,0.5494847407174959,0.5222533295134918
Optim.jl SAMIN,34,24.437251091003418,0.5490836215205179,0.5222533295134918
Optim.jl SAMIN,35,25.228761911392212,0.548662755021472,0.5222533295134918
Optim.jl SAMIN,36,26.00466799736023,0.5403900350470381,0.5222533295134918
Optim.jl SAMIN,37,26.925731897354126,0.5325736167380152,0.5222533295134918
Optim.jl SAMIN,38,27.39733099937439,0.6653403310552233,0.5222533295134918
Optim.jl SAMIN,39,27.89392590522766,0.6653403310552233,0.5222533295134918
Optim.jl SAMIN,40,28.296804904937744,0.6709730759432434,0.5222533295134918
Optim.jl SAMIN,41,28.693613052368164,0.6697867824046855,0.5222533295134918
Optim.jl SAMIN,42,29.09340190887451,0.6694238869360992,0.5222533295134918
Optim.jl SAMIN,43,29.50498604774475,0.6690744426191666,0.5222533295134918
Optim.jl SAMIN,44,30.092709064483643,0.5867203689500156,0.5222533295134918
Optim.jl SAMIN,45,30.68172597885132,0.5867203689500156,0.5222533295134918
Optim.jl SAMIN,46,31.356684923171997,0.579043312005891,0.5222533295134918
Optim.jl SAMIN,47,32.01813888549805,0.5780236497852014,0.5222533295134918
Optim.jl SAMIN,48,32.694058895111084,0.5866130750686079,0.5222533295134918
Optim.jl SAMIN,49,33.27108097076416,0.5941452361408851,0.5222533295134918
Optim.jl SAMIN,50,33.90533089637756,0.5722730155707091,0.5222533295134918
Optim.jl SAMIN,51,34.5396089553833,0.5722730155707091,0.5222533295134918
Optim.jl SAMIN,52,35.19625806808472,0.5702731213047495,0.5222533295134918
Optim.jl SAMIN,53,35.84211206436157,0.5649032288256207,0.5222533295134918
Optim.jl SAMIN,54,36.45708894729614,0.5689185670275546,0.5222533295134918
Optim.jl SAMIN,55,37.091245889663696,0.5641253243893898,0.5222533295134918
Optim.jl SAMIN,56,37.56052589416504,0.6237512813185755,0.5222533295134918
Optim.jl SAMIN,57,38.03119993209839,0.6237512813185755,0.5222533295134918
Optim.jl SAMIN,58,38.52015995979309,0.6230187447886514,0.5222533295134918
Optim.jl SAMIN,59,39.024592876434326,0.6238510247258874,0.5222533295134918
Optim.jl SAMIN,60,39.55720496177673,0.6236639001616258,0.5222533295134918
Optim.jl SAMIN,61,40.05072903633118,0.622745557156445,0.5222533295134918
Optim.jl SAMIN,62,40.6485869884491,0.5930985515168232,0.5222533295134918
Optim.jl SAMIN,63,41.2492299079895,0.5930985515168232,0.5222533295134918
Optim.jl SAMIN,64,41.82968306541443,0.5936495971327552,0.5222533295134918
Optim.jl SAMIN,65,42.416516065597534,0.592770756501377,0.5222533295134918
Optim.jl SAMIN,66,43.03833293914795,0.5936349591132039,0.5222533295134918
Optim.jl SAMIN,67,43.71570706367493,0.5932752125143197,0.5222533295134918
Optim.jl SAMIN,68,44.15529203414917,0.6774010922431553,0.5222533295134918
Optim.jl SAMIN,69,44.593607902526855,0.6774010922431553,0.5222533295134918
Optim.jl SAMIN,70,45.02206897735596,0.6793418333203614,0.5222533295134918
Optim.jl SAMIN,71,45.430612087249756,0.6791787442862662,0.5222533295134918
Optim.jl SAMIN,72,45.842254877090454,0.6778003162125942,0.5222533295134918
Optim.jl SAMIN,73,46.2581570148468,0.6756535496657965,0.5222533295134918
Optim.jl SAMIN,74,47.12053203582764,0.5355042870550383,0.5222533295134918
Optim.jl SAMIN,75,47.95241904258728,0.5355042870550383,0.5222533295134918
Optim.jl SAMIN,76,48.96137809753418,0.5173711843321134,0.5173711843321134
Optim.jl SAMIN,77,49.993314027786255,0.5153787700641693,0.5153787700641693
Optim.jl SAMIN,78,51.107836961746216,0.5162950548469973,0.5153787700641693
Optim.jl SAMIN,79,52.20522689819336,0.5185123183282034,0.5153787700641693
Optim.jl SAMIN,80,53.07668495178223,0.5520143595481343,0.5153787700641693
Optim.jl SAMIN,81,53.994431018829346,0.5520143595481343,0.5153787700641693
Optim.jl SAMIN,82,54.66523504257202,0.5625679850573866,0.5153787700641693
Optim.jl SAMIN,83,55.3320050239563,0.5627706149305823,0.5153787700641693
Optim.jl SAMIN,84,55.99380898475647,0.5585556060941905,0.5153787700641693
Optim.jl SAMIN,85,56.56216502189636,0.6013591787959108,0.5153787700641693
Optim.jl SAMIN,86,57.20571303367615,0.5747185617236288,0.5153787700641693
Optim.jl SAMIN,87,57.84162497520447,0.5747185617236288,0.5153787700641693
Optim.jl SAMIN,88,58.70805788040161,0.5498158308042304,0.5153787700641693
Optim.jl SAMIN,89,59.38489389419556,0.5524568668596577,0.5153787700641693
Optim.jl SAMIN,90,60.08864903450012,0.5549085954830532,0.5153787700641693
Optim.jl SAMIN,91,60.923168897628784,0.5262377688728684,0.5153787700641693
Optim.jl SAMIN,92,61.27964901924133,0.7015048219622195,0.5153787700641693
Optim.jl SAMIN,93,61.63480806350708,0.7015048219622195,0.5153787700641693
Optim.jl SAMIN,94,62.01137590408325,0.7021318640084163,0.5153787700641693
Optim.jl SAMIN,95,62.423961877822876,0.714797960752787,0.5153787700641693
Optim.jl SAMIN,96,62.85049796104431,0.7151287050571193,0.5153787700641693
Optim.jl SAMIN,97,63.208383083343506,0.7151452881907263,0.5153787700641693
Optim.jl SAMIN,98,63.978753089904785,0.5501798477299028,0.5153787700641693
Optim.jl SAMIN,99,64.74790501594543,0.5501798477299028,0.5153787700641693
Optim.jl SAMIN,100,65.54488897323608,0.5498402112089664,0.5153787700641693
Optim.jl SAMIN,101,66.37473893165588,0.5480229650904885,0.5153787700641693
Optim.jl SAMIN,102,67.2423460483551,0.5480004839781724,0.5153787700641693
Optim.jl SAMIN,103,68.12707209587097,0.547231489480751,0.5153787700641693
Optim.jl SAMIN,104,68.93807697296143,0.5429102132746196,0.5153787700641693
Optim.jl SAMIN,105,69.74839901924133,0.5429102132746196,0.5153787700641693
Optim.jl SAMIN,106,70.5333149433136,0.545596380533603,0.5153787700641693
Optim.jl SAMIN,107,71.31190991401672,0.5457198182154198,0.5153787700641693
Optim.jl SAMIN,108,72.07469487190247,0.5454639208400912,0.5153787700641693
Optim.jl SAMIN,109,72.82413697242737,0.546939421664617,0.5153787700641693
Optim.jl SAMIN,110,73.46734309196472,0.5992543264792061,0.5153787700641693
Optim.jl SAMIN,111,74.06291604042053,0.5992543264792061,0.5153787700641693
Optim.jl SAMIN,112,74.62994194030762,0.6045426883479336,0.5153787700641693
Optim.jl SAMIN,113,75.15172100067139,0.6111200504828105,0.5153787700641693
Optim.jl SAMIN,114,75.69163298606873,0.6068373327446452,0.5153787700641693
Optim.jl SAMIN,115,76.21939301490784,0.6065668152737489,0.5153787700641693
Optim.jl SAMIN,116,76.6645359992981,0.6402841759673678,0.5153787700641693
Optim.jl SAMIN,117,77.133131980896,0.6402841759673678,0.5153787700641693
Optim.jl SAMIN,118,77.57574200630188,0.6355867860434183,0.5153787700641693
Optim.jl SAMIN,119,78.06450486183167,0.6390359972054538,0.5153787700641693
Optim.jl SAMIN,120,78.53346490859985,0.6387951411318503,0.5153787700641693
Optim.jl SAMIN,121,78.95398592948914,0.6479753257702986,0.5153787700641693
Optim.jl SAMIN,122,79.44705009460449,0.6208195146313711,0.5153787700641693
Optim.jl SAMIN,123,79.94079089164734,0.6208195146313711,0.5153787700641693
Optim.jl SAMIN,124,80.44278693199158,0.6219034491130275,0.5153787700641693
Optim.jl SAMIN,125,80.88934397697449,0.6165935140719411,0.5153787700641693
Optim.jl SAMIN,126,81.32018399238586,0.6203756942557322,0.5153787700641693
Optim.jl SAMIN,127,81.7640368938446,0.6195077891500268,0.5153787700641693
Optim.jl SAMIN,128,82.18106389045715,0.6339802012607653,0.5153787700641693
Optim.jl SAMIN,129,82.60079288482666,0.6339802012607653,0.5153787700641693
Optim.jl SAMIN,130,83.04696989059448,0.6318861851083634,0.5153787700641693
Optim.jl SAMIN,131,83.54828596115112,0.643589833029154,0.5153787700641693
Optim.jl SAMIN,132,84.02399492263794,0.6469450714940579,0.5153787700641693
Optim.jl SAMIN,133,84.54135203361511,0.6371880863668947,0.5153787700641693
Optim.jl SAMIN,134,85.00906205177307,0.6628491493141405,0.5153787700641693
Optim.jl SAMIN,135,85.4741690158844,0.6628491493141405,0.5153787700641693
Optim.jl SAMIN,136,85.85523891448975,0.6646838401673634,0.5153787700641693
Optim.jl SAMIN,137,86.2351279258728,0.6653356775885988,0.5153787700641693
Optim.jl SAMIN,138,86.63587188720703,0.6707386707412388,0.5153787700641693
Optim.jl SAMIN,139,86.9853789806366,0.6713766959037886,0.5153787700641693
Optim.jl SAMIN,140,87.573410987854,0.558670133158608,0.5153787700641693
Optim.jl SAMIN,141,88.16582202911377,0.558670133158608,0.5153787700641693
Optim.jl SAMIN,142,88.86043095588684,0.5438965126924601,0.5153787700641693
Optim.jl SAMIN,143,89.55525398254395,0.5438523943054556,0.5153787700641693
Optim.jl SAMIN,144,90.28473901748657,0.5415114922713057,0.5153787700641693
Optim.jl SAMIN,145,91.10685396194458,0.5212981563230061,0.5153787700641693
Optim.jl SAMIN,146,91.87953400611877,0.5274975285082389,0.5153787700641693
Optim.jl SAMIN,147,92.65544199943542,0.5274975285082389,0.5153787700641693
Optim.jl SAMIN,148,93.70833802223206,0.5171373500591117,0.5153787700641693
Optim.jl SAMIN,149,94.75080800056458,0.5174479897179898,0.5153787700641693
Optim.jl SAMIN,150,95.79506301879883,0.5169579889485006,0.5153787700641693
Optim.jl SAMIN,151,96.58313703536987,0.5375752643802064,0.5153787700641693
Optim.jl SAMIN,152,97.39447903633118,0.5654125796034077,0.5153787700641693
Optim.jl SAMIN,153,98.18288207054138,0.5654125796034077,0.5153787700641693
Optim.jl SAMIN,154,98.93843698501587,0.5716664997571893,0.5153787700641693
Optim.jl SAMIN,155,99.71636986732483,0.5716757009317124,0.5153787700641693
Optim.jl SAMIN,156,100.42977595329285,0.5734661254808103,0.5153787700641693
Optim.jl SAMIN,157,101.07463002204895,0.5770691380017661,0.5153787700641693
Optim.jl SAMIN,158,101.766037940979,0.5586012249619279,0.5153787700641693
Optim.jl SAMIN,159,102.50528693199158,0.5586012249619279,0.5153787700641693
Optim.jl SAMIN,160,103.1927580833435,0.5563881505623265,0.5153787700641693
Optim.jl SAMIN,161,103.99497699737549,0.5572203617245537,0.5153787700641693
Optim.jl SAMIN,162,104.82432293891907,0.5552587676102659,0.5153787700641693
Optim.jl SAMIN,163,105.51184892654419,0.5849808909859608,0.5153787700641693
Optim.jl SAMIN,164,106.12411093711853,0.6079015652874588,0.5153787700641693
Optim.jl SAMIN,165,106.73529386520386,0.6079015652874588,0.5153787700641693
Optim.jl SAMIN,166,107.27711296081543,0.6158103818486639,0.5153787700641693
Optim.jl SAMIN,167,107.76802396774292,0.6097901908550144,0.5153787700641693
Optim.jl SAMIN,168,108.26025104522705,0.6144000801801075,0.5153787700641693
Optim.jl SAMIN,169,108.81093907356262,0.5949524446932224,0.5153787700641693
Optim.jl SAMIN,170,109.5332670211792,0.5418643499180269,0.5153787700641693
Optim.jl SAMIN,171,110.24944686889648,0.5418643499180269,0.5153787700641693
Optim.jl SAMIN,172,111.0730140209198,0.5261177531675716,0.5153787700641693
Optim.jl SAMIN,173,111.98750805854797,0.5203249138153878,0.5153787700641693
Optim.jl SAMIN,174,112.85082697868347,0.5218919865749798,0.5153787700641693
Optim.jl SAMIN,175,113.52460098266602,0.5591128398856053,0.5153787700641693
Optim.jl SAMIN,176,113.82560300827026,0.7156573195527713,0.5153787700641693
Optim.jl SAMIN,177,114.12930107116699,0.7156573195527713,0.5153787700641693
Optim.jl SAMIN,178,114.44318103790283,0.7161117784883365,0.5153787700641693
Optim.jl SAMIN,179,114.75443196296692,0.717842879585719,0.5153787700641693
Optim.jl SAMIN,180,115.11247205734253,0.7195668407128577,0.5153787700641693
Optim.jl SAMIN,181,115.4561378955841,0.7164883351611699,0.5153787700641693
Optim.jl SAMIN,182,116.35147905349731,0.5273355850384408,0.5153787700641693
Optim.jl SAMIN,183,117.28586196899414,0.5273355850384408,0.5153787700641693
Optim.jl SAMIN,184,118.1728298664093,0.525791319020831,0.5153787700641693
Optim.jl SAMIN,185,118.97127890586853,0.5299426457004457,0.5153787700641693
Optim.jl SAMIN,186,119.85687708854675,0.5247681448815871,0.5153787700641693
Optim.jl SAMIN,187,120.87248706817627,0.5509903537201227,0.5153787700641693
Optim.jl SAMIN,188,121.33171486854553,0.6791361955981944,0.5153787700641693
Optim.jl SAMIN,189,121.73081398010254,0.6791361955981944,0.5153787700641693
Optim.jl SAMIN,190,122.04390788078308,0.6904040710247101,0.5153787700641693
Optim.jl SAMIN,191,122.34137797355652,0.692579809201404,0.5153787700641693
Optim.jl SAMIN,192,122.65203809738159,0.6921299417055962,0.5153787700641693
Optim.jl SAMIN,193,122.96278595924377,0.6929344821793032,0.5153787700641693
Optim.jl SAMIN,194,123.54435706138611,0.571561864856981,0.5153787700641693
Optim.jl SAMIN,195,124.08428001403809,0.571561864856981,0.5153787700641693
Optim.jl SAMIN,196,124.68285298347473,0.5626025942107764,0.5153787700641693
Optim.jl SAMIN,197,125.27808403968811,0.5661384776219344,0.5153787700641693
Optim.jl SAMIN,198,125.88794898986816,0.5625405968232733,0.5153787700641693
Optim.jl SAMIN,199,126.54855489730835,0.5494600720795254,0.5153787700641693
Optim.jl SAMIN,200,127.07425999641418,0.5994102618082786,0.5153787700641693
Optim.jl SAMIN,201,127.64366507530212,0.5994102618082786,0.5153787700641693
Optim.jl SAMIN,202,128.26726698875427,0.5790650209551481,0.5153787700641693
Optim.jl SAMIN,203,128.93057990074158,0.5804936938837207,0.5153787700641693
Optim.jl SAMIN,204,129.71833491325378,0.5794517678856992,0.5153787700641693
Optim.jl SAMIN,205,130.42108488082886,0.5847287365144721,0.5153787700641693
Optim.jl SAMIN,206,131.27961993217468,0.5687482288552493,0.5153787700641693
Optim.jl SAMIN,207,132.1347930431366,0.5687482288552493,0.5153787700641693
Optim.jl SAMIN,208,132.81931591033936,0.5785159704336345,0.5153787700641693
Optim.jl SAMIN,209,133.43108296394348,0.5779005006316883,0.5153787700641693
Optim.jl SAMIN,210,134.08730101585388,0.5788687203193492,0.5153787700641693
Optim.jl SAMIN,211,134.6423830986023,0.5993089340461822,0.5153787700641693
Optim.jl SAMIN,212,135.02346992492676,0.6804576934716741,0.5153787700641693
Optim.jl SAMIN,213,135.41289496421814,0.6804576934716741,0.5153787700641693
Optim.jl SAMIN,214,135.90680193901062,0.6753958877614872,0.5153787700641693
Optim.jl SAMIN,215,136.43499898910522,0.671824122616067,0.5153787700641693
Optim.jl SAMIN,216,136.8510720729828,0.6713761122159485,0.5153787700641693
Optim.jl SAMIN,217,137.30207705497742,0.6603492227305442,0.5153787700641693
Optim.jl SAMIN,218,137.90637707710266,0.6154283031530069,0.5153787700641693
Optim.jl SAMIN,219,138.51894688606262,0.6154283031530069,0.5153787700641693
Optim.jl SAMIN,220,138.94633388519287,0.6405839972640037,0.5153787700641693
Optim.jl SAMIN,221,139.3942530155182,0.6346620352144823,0.5153787700641693
Optim.jl SAMIN,222,139.89723300933838,0.6322901798012955,0.5153787700641693
Optim.jl SAMIN,223,140.29912686347961,0.6390384929537909,0.5153787700641693
Optim.jl SAMIN,224,140.5647530555725,0.7289929901525665,0.5153787700641693
Optim.jl SAMIN,225,140.82385206222534,0.7289929901525665,0.5153787700641693
Optim.jl SAMIN,226,141.09174609184265,0.7387063054828555,0.5153787700641693
Optim.jl SAMIN,227,141.3564190864563,0.7386013561115274,0.5153787700641693
Optim.jl SAMIN,228,141.63348007202148,0.7372025791971725,0.5153787700641693
Optim.jl SAMIN,229,141.90895199775696,0.7351219795977055,0.5153787700641693
Optim.jl SAMIN,230,142.69716095924377,0.5727319446860396,0.5153787700641693
Optim.jl SAMIN,231,143.44425201416016,0.5727319446860396,0.5153787700641693
Optim.jl SAMIN,232,144.13581609725952,0.5733572363295548,0.5153787700641693
Optim.jl SAMIN,233,144.82722687721252,0.5691633599940416,0.5153787700641693
Optim.jl SAMIN,234,145.48720788955688,0.5723640290898229,0.5153787700641693
Optim.jl SAMIN,235,146.172602891922,0.5844074711630288,0.5153787700641693
Optim.jl SAMIN,236,146.97091388702393,0.566542896271494,0.5153787700641693
Optim.jl SAMIN,237,147.77795696258545,0.566542896271494,0.5153787700641693
Optim.jl SAMIN,238,148.3737189769745,0.5734557677205473,0.5153787700641693
Optim.jl SAMIN,239,148.97434186935425,0.5734398667727816,0.5153787700641693
Optim.jl SAMIN,240,149.56143808364868,0.5771571212306702,0.5153787700641693
Optim.jl SAMIN,241,150.2203938961029,0.5675981706582967,0.5153787700641693
Optim.jl SAMIN,242,150.9837019443512,0.5474156820140941,0.5153787700641693
Optim.jl SAMIN,243,151.75654697418213,0.5474156820140941,0.5153787700641693
Optim.jl SAMIN,244,152.46641898155212,0.5553911840300999,0.5153787700641693
Optim.jl SAMIN,245,153.1631259918213,0.5554218677075364,0.5153787700641693
Optim.jl SAMIN,246,153.89889788627625,0.5383549666118748,0.5153787700641693
Optim.jl SAMIN,247,154.5118808746338,0.576862648499239,0.5153787700641693
Optim.jl SAMIN,248,154.90801405906677,0.6628597984670415,0.5153787700641693
Optim.jl SAMIN,249,155.30787801742554,0.6628597984670415,0.5153787700641693
Optim.jl SAMIN,250,155.70358800888062,0.6630499046824649,0.5153787700641693
Optim.jl SAMIN,251,156.13324904441833,0.6667103162242449,0.5153787700641693
Optim.jl SAMIN,252,156.5219099521637,0.6666944497377183,0.5153787700641693
Optim.jl SAMIN,253,156.9672498703003,0.6532540405629634,0.5153787700641693
Optim.jl SAMIN,254,157.30584502220154,0.7141967454148034,0.5153787700641693
Optim.jl SAMIN,255,157.6393129825592,0.7141967454148034,0.5153787700641693
Optim.jl SAMIN,256,157.97726392745972,0.7141424473277004,0.5153787700641693
Optim.jl SAMIN,257,158.30623698234558,0.6979537665535989,0.5153787700641693
Optim.jl SAMIN,258,158.65778803825378,0.697129894979543,0.5153787700641693
Optim.jl SAMIN,259,158.96933507919312,0.6978398480564396,0.5153787700641693
Optim.jl SAMIN,260,159.5489320755005,0.5773036782546037,0.5153787700641693
Optim.jl SAMIN,261,160.1312439441681,0.5773036782546037,0.5153787700641693
Optim.jl SAMIN,262,160.76040506362915,0.5726241406383363,0.5153787700641693
Optim.jl SAMIN,263,161.43217086791992,0.5731752384995564,0.5153787700641693
Optim.jl SAMIN,264,162.09727692604065,0.5718094993685042,0.5153787700641693
Optim.jl SAMIN,265,162.78007888793945,0.5674597758651652,0.5153787700641693
Optim.jl SAMIN,266,163.34324288368225,0.6061025093534815,0.5153787700641693
Optim.jl SAMIN,267,163.9150378704071,0.6061025093534815,0.5153787700641693
Optim.jl SAMIN,268,164.4676809310913,0.6074838683680599,0.5153787700641693
Optim.jl SAMIN,269,165.01798391342163,0.6069239764637427,0.5153787700641693
Optim.jl SAMIN,270,165.5465009212494,0.6060546940123216,0.5153787700641693
Optim.jl SAMIN,271,166.06240892410278,0.6104284641887077,0.5153787700641693
Optim.jl SAMIN,272,166.64385890960693,0.5902559774051971,0.5153787700641693
Optim.jl SAMIN,273,167.1835379600525,0.5902559774051971,0.5153787700641693
Optim.jl SAMIN,274,167.67816495895386,0.5990157209617196,0.5153787700641693
Optim.jl SAMIN,275,168.13978004455566,0.6178757527156866,0.5153787700641693
Optim.jl SAMIN,276,168.6081359386444,0.6146982096404533,0.5153787700641693
Optim.jl SAMIN,277,169.08884692192078,0.6124473350558914,0.5153787700641693
Optim.jl SAMIN,278,169.65416288375854,0.5729844661805568,0.5153787700641693
Optim.jl SAMIN,279,170.23917388916016,0.5729844661805568,0.5153787700641693
Optim.jl SAMIN,280,171.0719690322876,0.5279155717021298,0.5153787700641693
Optim.jl SAMIN,281,171.93492007255554,0.5271881696115316,0.5153787700641693
Optim.jl SAMIN,282,172.94646000862122,0.5298867001336897,0.5153787700641693
Optim.jl SAMIN,283,173.94757294654846,0.529971122163608,0.5153787700641693
Optim.jl SAMIN,284,174.656888961792,0.5639627923602926,0.5153787700641693
Optim.jl SAMIN,285,175.36765909194946,0.5639627923602926,0.5153787700641693
Optim.jl SAMIN,286,176.11049890518188,0.5639531348375347,0.5153787700641693
Optim.jl SAMIN,287,176.7956359386444,0.5635391793047053,0.5153787700641693
Optim.jl SAMIN,288,177.49213790893555,0.5608085170855728,0.5153787700641693
Optim.jl SAMIN,289,178.26249599456787,0.5577809829120896,0.5153787700641693
Optim.jl SAMIN,290,179.09874200820923,0.5413670694766974,0.5153787700641693
Optim.jl SAMIN,291,179.9407820701599,0.5413670694766974,0.5153787700641693
Optim.jl SAMIN,292,180.71622896194458,0.5434393490566232,0.5153787700641693
Optim.jl SAMIN,293,181.48527598381042,0.549685686128589,0.5153787700641693
Optim.jl SAMIN,294,182.18017888069153,0.5553010417602644,0.5153787700641693
Optim.jl SAMIN,295,182.84690690040588,0.5548927799357009,0.5153787700641693
Optim.jl SAMIN,296,183.6609489917755,0.5321297132461119,0.5153787700641693
Optim.jl SAMIN,297,184.47490692138672,0.5321297132461119,0.5153787700641693
Optim.jl SAMIN,298,185.13230109214783,0.5541467485086855,0.5153787700641693
Optim.jl SAMIN,299,185.80782890319824,0.5457155785517327,0.5153787700641693
Optim.jl SAMIN,300,186.49847292900085,0.5426198796729985,0.5153787700641693
Optim.jl SAMIN,301,187.16531205177307,0.5419986325177799,0.5153787700641693
Optim.jl SAMIN,302,188.11528301239014,0.5473277012716383,0.5153787700641693
Optim.jl SAMIN,303,189.1434440612793,0.5473277012716383,0.5153787700641693
Optim.jl SAMIN,304,189.92407298088074,0.5552310375298138,0.5153787700641693
Optim.jl SAMIN,305,190.6578540802002,0.5659804565581406,0.5153787700641693
Optim.jl SAMIN,306,191.35095191001892,0.5667889757307035,0.5153787700641693
Optim.jl SAMIN,307,191.99953699111938,0.5815497866114929,0.5153787700641693
Optim.jl SAMIN,308,192.46756505966187,0.6279475510405459,0.5153787700641693
Optim.jl SAMIN,309,192.93927192687988,0.6279475510405459,0.5153787700641693
Optim.jl SAMIN,310,193.38921308517456,0.6301722006544588,0.5153787700641693
Optim.jl SAMIN,311,193.8439540863037,0.6330695961526243,0.5153787700641693
Optim.jl SAMIN,312,194.30027103424072,0.631768367950982,0.5153787700641693
Optim.jl SAMIN,313,194.7756268978119,0.6262619491170481,0.5153787700641693
Optim.jl SAMIN,314,195.2891218662262,0.6161712130088429,0.5153787700641693
Optim.jl SAMIN,315,195.76731896400452,0.6161712130088429,0.5153787700641693
Optim.jl SAMIN,316,196.32281494140625,0.6044489573582599,0.5153787700641693
Optim.jl SAMIN,317,196.8565230369568,0.6012335119459128,0.5153787700641693
Optim.jl SAMIN,318,197.40235590934753,0.6014721694563236,0.5153787700641693
Optim.jl SAMIN,319,197.9714958667755,0.5974073060284228,0.5153787700641693
Optim.jl SAMIN,320,198.5114939212799,0.6250741558022292,0.5153787700641693
Optim.jl SAMIN,321,199.0750858783722,0.6250741558022292,0.5153787700641693
Optim.jl SAMIN,322,199.430645942688,0.6652140733489169,0.5153787700641693
Optim.jl SAMIN,323,199.82220196723938,0.651995822759901,0.5153787700641693
Optim.jl SAMIN,324,200.2091510295868,0.6517136643013226,0.5153787700641693
Optim.jl SAMIN,325,200.6038579940796,0.6520604536489455,0.5153787700641693
Optim.jl SAMIN,326,201.1729609966278,0.5607611847951619,0.5153787700641693
Optim.jl SAMIN,327,201.74549198150635,0.5607611847951619,0.5153787700641693
Optim.jl SAMIN,328,202.35616898536682,0.55823675255156,0.5153787700641693
Optim.jl SAMIN,329,202.97450304031372,0.545494176521674,0.5153787700641693
Optim.jl SAMIN,330,203.61192393302917,0.5489388477945999,0.5153787700641693
Optim.jl SAMIN,331,204.18481588363647,0.5715122583283836,0.5153787700641693
Optim.jl SAMIN,332,204.66068696975708,0.6098366762357199,0.5153787700641693
Optim.jl SAMIN,333,205.13757801055908,0.6098366762357199,0.5153787700641693
Optim.jl SAMIN,334,205.66180396080017,0.6065038075701944,0.5153787700641693
Optim.jl SAMIN,335,206.1921260356903,0.6011391947442074,0.5153787700641693
Optim.jl SAMIN,336,206.70086407661438,0.6040109145051455,0.5153787700641693
Optim.jl SAMIN,337,207.2071418762207,0.6027486441794122,0.5153787700641693
Optim.jl SAMIN,338,207.80029392242432,0.5724915738156963,0.5153787700641693
Optim.jl SAMIN,339,208.39633989334106,0.5724915738156963,0.5153787700641693
Optim.jl SAMIN,340,209.02915000915527,0.5656207365649654,0.5153787700641693
Optim.jl SAMIN,341,209.69079899787903,0.5639759220923559,0.5153787700641693
Optim.jl SAMIN,342,210.34792590141296,0.5644839678179763,0.5153787700641693
Optim.jl SAMIN,343,210.9716420173645,0.5642291540132945,0.5153787700641693
Optim.jl SAMIN,344,211.54420590400696,0.581720707645924,0.5153787700641693
Optim.jl SAMIN,345,212.128014087677,0.581720707645924,0.5153787700641693
Optim.jl SAMIN,346,212.79095196723938,0.5707955649606848,0.5153787700641693
Optim.jl SAMIN,347,213.4602279663086,0.5717323854313913,0.5153787700641693
Optim.jl SAMIN,348,214.12072587013245,0.5714865451358383,0.5153787700641693
Optim.jl SAMIN,349,214.73113298416138,0.5891586423712494,0.5153787700641693
Optim.jl SAMIN,350,215.4240939617157,0.5589391479340955,0.5153787700641693
Optim.jl SAMIN,351,216.11943101882935,0.5589391479340955,0.5153787700641693
Optim.jl SAMIN,352,216.82206106185913,0.5632344548170348,0.5153787700641693
Optim.jl SAMIN,353,217.53303909301758,0.5624849944061392,0.5153787700641693
Optim.jl SAMIN,354,218.27028799057007,0.5617729216750846,0.5153787700641693
Optim.jl SAMIN,355,218.98910188674927,0.558330023097171,0.5153787700641693
Optim.jl SAMIN,356,219.6070430278778,0.5903713008720483,0.5153787700641693
Optim.jl SAMIN,357,220.18992400169373,0.5903713008720483,0.5153787700641693
Optim.jl SAMIN,358,220.7872610092163,0.5894417020929971,0.5153787700641693
Optim.jl SAMIN,359,221.37206602096558,0.5878872786195836,0.5153787700641693
Optim.jl SAMIN,360,221.94200205802917,0.5869164644075799,0.5153787700641693
Optim.jl SAMIN,361,222.47947907447815,0.5970010435277779,0.5153787700641693
Optim.jl SAMIN,362,223.07589888572693,0.5792226042497571,0.5153787700641693
Optim.jl SAMIN,363,223.69576692581177,0.5792226042497571,0.5153787700641693
Optim.jl SAMIN,364,224.2964060306549,0.5754592989507415,0.5153787700641693
Optim.jl SAMIN,365,224.94021105766296,0.5787592837765559,0.5153787700641693
Optim.jl SAMIN,366,225.58105897903442,0.5789124366639192,0.5153787700641693
Optim.jl SAMIN,367,226.33212900161743,0.5470914215262626,0.5153787700641693
Optim.jl SAMIN,368,227.1539740562439,0.5808027571741478,0.5153787700641693
Optim.jl SAMIN,369,227.97451901435852,0.5808027571741478,0.5153787700641693
Optim.jl SAMIN,370,228.5087330341339,0.6005066942886705,0.5153787700641693
Optim.jl SAMIN,371,228.99356389045715,0.6024176919086609,0.5153787700641693
Optim.jl SAMIN,372,229.49052906036377,0.6003075137320689,0.5153787700641693
Optim.jl SAMIN,373,230.04305386543274,0.5918099230871108,0.5153787700641693
Optim.jl SAMIN,374,230.60373497009277,0.5882325072775139,0.5153787700641693
Optim.jl SAMIN,375,231.169193983078,0.5882325072775139,0.5153787700641693
Optim.jl SAMIN,376,231.9398820400238,0.5657254145303043,0.5153787700641693
Optim.jl SAMIN,377,232.81746792793274,0.5664416233641523,0.5153787700641693
Optim.jl SAMIN,378,233.5443160533905,0.5637145427662266,0.5153787700641693
Optim.jl SAMIN,379,234.2410969734192,0.5645007723655864,0.5153787700641693
Optim.jl SAMIN,380,234.81204891204834,0.6369180317000533,0.5153787700641693
Optim.jl SAMIN,381,235.38973903656006,0.6369180317000533,0.5153787700641693
Optim.jl SAMIN,382,235.89689898490906,0.6373511234631208,0.5153787700641693
Optim.jl SAMIN,383,236.3906590938568,0.6346572853151395,0.5153787700641693
Optim.jl SAMIN,384,236.90886807441711,0.6347140412499216,0.5153787700641693
Optim.jl SAMIN,385,237.42257809638977,0.6324777477685222,0.5153787700641693
Optim.jl SAMIN,386,238.20606088638306,0.5358650884895948,0.5153787700641693
Optim.jl SAMIN,387,238.99627709388733,0.5358650884895948,0.5153787700641693
Optim.jl SAMIN,388,239.82427287101746,0.5344381568213402,0.5153787700641693
Optim.jl SAMIN,389,240.64458394050598,0.535620968553624,0.5153787700641693
Optim.jl SAMIN,390,241.472265958786,0.5367243522975982,0.5153787700641693
Optim.jl SAMIN,391,242.2088589668274,0.5506165015479851,0.5153787700641693
Optim.jl SAMIN,392,242.8370978832245,0.5732917504881911,0.5153787700641693
Optim.jl SAMIN,393,243.46937799453735,0.5732917504881911,0.5153787700641693
Optim.jl SAMIN,394,244.07294702529907,0.5805157873064387,0.5153787700641693
Optim.jl SAMIN,395,244.65233206748962,0.5814798724932786,0.5153787700641693
Optim.jl SAMIN,396,245.25452589988708,0.5829915080271675,0.5153787700641693
Optim.jl SAMIN,397,245.93621301651,0.5696031335360114,0.5153787700641693
Optim.jl SAMIN,398,246.78922200202942,0.5223784092019602,0.5153787700641693
Optim.jl SAMIN,399,247.60092401504517,0.5223784092019602,0.5153787700641693
Optim.jl SAMIN,400,248.3634810447693,0.5292760484354182,0.5153787700641693
Optim.jl SAMIN,401,249.1457359790802,0.524643769627446,0.5153787700641693
Optim.jl SAMIN,402,249.926167011261,0.5221745107582609,0.5153787700641693
Optim.jl SAMIN,403,250.60476899147034,0.5486770300546097,0.5153787700641693
Optim.jl SAMIN,404,251.04085206985474,0.6454927321998238,0.5153787700641693
Optim.jl SAMIN,405,251.49967408180237,0.6454927321998238,0.5153787700641693
Optim.jl SAMIN,406,252.01984906196594,0.6365446448656482,0.5153787700641693
Optim.jl SAMIN,407,252.53430008888245,0.6287181746492125,0.5153787700641693
Optim.jl SAMIN,408,253.04878401756287,0.6261329723801138,0.5153787700641693
Optim.jl SAMIN,409,253.5055000782013,0.632851423977796,0.5153787700641693
Optim.jl SAMIN,410,254.1963129043579,0.5566678259055775,0.5153787700641693
Optim.jl SAMIN,411,254.8905758857727,0.5566678259055775,0.5153787700641693
Optim.jl SAMIN,412,255.46778392791748,0.5930165639482818,0.5153787700641693
Optim.jl SAMIN,413,256.04188895225525,0.5838172157261654,0.5153787700641693
Optim.jl SAMIN,414,256.6463088989258,0.5825643761067791,0.5153787700641693
Optim.jl SAMIN,415,257.38313603401184,0.5319743144919418,0.5153787700641693
Optim.jl SAMIN,416,257.81058502197266,0.6537346188217291,0.5153787700641693
Optim.jl SAMIN,417,258.2394940853119,0.6537346188217291,0.5153787700641693
Optim.jl SAMIN,418,258.72510504722595,0.6450981803130023,0.5153787700641693
Optim.jl SAMIN,419,259.2147419452667,0.6383491892045333,0.5153787700641693
Optim.jl SAMIN,420,259.65327191352844,0.6380564860706842,0.5153787700641693
Optim.jl SAMIN,421,260.0908479690552,0.6380279564350351,0.5153787700641693
Optim.jl SAMIN,422,260.74267387390137,0.565070188326222,0.5153787700641693
Optim.jl SAMIN,423,261.40201902389526,0.565070188326222,0.5153787700641693
Optim.jl SAMIN,424,261.92003297805786,0.6052837728559131,0.5153787700641693
Optim.jl SAMIN,425,262.47561597824097,0.5865715292196874,0.5153787700641693
Optim.jl SAMIN,426,263.08785700798035,0.5726452237137091,0.5153787700641693
Optim.jl SAMIN,427,263.6626088619232,0.573006785650207,0.5153787700641693
Optim.jl SAMIN,428,264.20395493507385,0.594155816745475,0.5153787700641693
Optim.jl SAMIN,429,264.7454900741577,0.594155816745475,0.5153787700641693
Optim.jl SAMIN,430,265.43602299690247,0.5710254811209725,0.5153787700641693
Optim.jl SAMIN,431,266.2242820262909,0.574115523738557,0.5153787700641693
Optim.jl SAMIN,432,267.0482270717621,0.5738604199028231,0.5153787700641693
Optim.jl SAMIN,433,267.6247160434723,0.6084483457260311,0.5153787700641693
Optim.jl SAMIN,434,268.3578419685364,0.5794253822551114,0.5153787700641693
Optim.jl SAMIN,435,269.11190390586853,0.5794253822551114,0.5153787700641693
Optim.jl SAMIN,436,269.622554063797,0.6123453472179814,0.5153787700641693
Optim.jl SAMIN,437,270.1106240749359,0.610374087408605,0.5153787700641693
Optim.jl SAMIN,438,270.5877010822296,0.6151304569942677,0.5153787700641693
Optim.jl SAMIN,439,271.06475806236267,0.6144347927404178,0.5153787700641693
Optim.jl SAMIN,440,271.44616508483887,0.6505619916870296,0.5153787700641693
Optim.jl SAMIN,441,271.794282913208,0.6505619916870296,0.5153787700641693
Optim.jl SAMIN,442,272.1718099117279,0.6390490225447736,0.5153787700641693
Optim.jl SAMIN,443,272.5875470638275,0.6395066202621718,0.5153787700641693
Optim.jl SAMIN,444,272.97778487205505,0.6392952693516908,0.5153787700641693
Optim.jl SAMIN,445,273.4341559410095,0.6269509177747611,0.5153787700641693
Optim.jl SAMIN,446,274.0396099090576,0.5704712359476929,0.5153787700641693
Optim.jl SAMIN,447,274.66218090057373,0.5704712359476929,0.5153787700641693
Optim.jl SAMIN,448,275.24162697792053,0.5714009244477164,0.5153787700641693
Optim.jl SAMIN,449,275.86819791793823,0.569436466530385,0.5153787700641693
Optim.jl SAMIN,450,276.5017750263214,0.5636166068246306,0.5153787700641693
Optim.jl SAMIN,451,277.1023449897766,0.5772632076192806,0.5153787700641693
Optim.jl SAMIN,452,277.8430058956146,0.572364280624288,0.5153787700641693
Optim.jl SAMIN,453,278.57897686958313,0.572364280624288,0.5153787700641693
Optim.jl SAMIN,454,279.22820591926575,0.5807002289088535,0.5153787700641693
Optim.jl SAMIN,455,279.82659792900085,0.5810371717210201,0.5153787700641693
Optim.jl SAMIN,456,280.46050000190735,0.5777312976200194,0.5153787700641693
Optim.jl SAMIN,457,281.1080460548401,0.5773983939909955,0.5153787700641693
Optim.jl SAMIN,458,281.4416859149933,0.7148255472489329,0.5153787700641693
Optim.jl SAMIN,459,281.78178691864014,0.7148255472489329,0.5153787700641693
Optim.jl SAMIN,460,282.12245988845825,0.7146864085349067,0.5153787700641693
Optim.jl SAMIN,461,282.4886140823364,0.7173952142797204,0.5153787700641693
Optim.jl SAMIN,462,282.8199520111084,0.7173948983192702,0.5153787700641693
Optim.jl SAMIN,463,283.1495499610901,0.7182871201651602,0.5153787700641693
Optim.jl SAMIN,464,283.6460859775543,0.6379401480034916,0.5153787700641693
Optim.jl SAMIN,465,284.14181208610535,0.6379401480034916,0.5153787700641693
Optim.jl SAMIN,466,284.74419689178467,0.6331776515646226,0.5153787700641693
Optim.jl SAMIN,467,285.27744793891907,0.6297551186978816,0.5153787700641693
Optim.jl SAMIN,468,285.8959610462189,0.6288710930010851,0.5153787700641693
Optim.jl SAMIN,469,286.48057198524475,0.6288544244968013,0.5153787700641693
Optim.jl SAMIN,470,287.20135402679443,0.5656560114152662,0.5153787700641693
Optim.jl SAMIN,471,287.9291009902954,0.5656560114152662,0.5153787700641693
Optim.jl SAMIN,472,288.5396740436554,0.5794180694273315,0.5153787700641693
Optim.jl SAMIN,473,289.1506679058075,0.5822227163184167,0.5153787700641693
Optim.jl SAMIN,474,289.77317786216736,0.5793504373378436,0.5153787700641693
Optim.jl SAMIN,475,290.4191710948944,0.5798844728551461,0.5153787700641693
Optim.jl SAMIN,476,290.83590388298035,0.6610151159605273,0.5153787700641693
Optim.jl SAMIN,477,291.2551670074463,0.6610151159605273,0.5153787700641693
Optim.jl SAMIN,478,291.75290298461914,0.6543168815588066,0.5153787700641693
Optim.jl SAMIN,479,292.2898030281067,0.654993440366511,0.5153787700641693
Optim.jl SAMIN,480,292.7647190093994,0.6546098833054257,0.5153787700641693
Optim.jl SAMIN,481,293.27551007270813,0.6561031964726839,0.5153787700641693
Optim.jl SAMIN,482,293.6843070983887,0.7088371259162939,0.5153787700641693
Optim.jl SAMIN,483,294.05318808555603,0.7088371259162939,0.5153787700641693
Optim.jl SAMIN,484,294.3939890861511,0.7085488570491216,0.5153787700641693
Optim.jl SAMIN,485,294.7408878803253,0.7130234802066185,0.5153787700641693
Optim.jl SAMIN,486,295.08423590660095,0.7129982701263199,0.5153787700641693
Optim.jl SAMIN,487,295.4477779865265,0.7130392814511423,0.5153787700641693
Optim.jl SAMIN,488,296.4130210876465,0.5329672688062504,0.5153787700641693
Optim.jl SAMIN,489,297.3766899108887,0.5329672688062504,0.5153787700641693
Optim.jl SAMIN,490,298.025673866272,0.5465885720000984,0.5153787700641693
Optim.jl SAMIN,491,298.6714630126953,0.5479095055223576,0.5153787700641693
Optim.jl SAMIN,492,299.34730100631714,0.5477786732172384,0.5153787700641693
Optim.jl SAMIN,493,299.97664499282837,0.5605958620932388,0.5153787700641693
Optim.jl SAMIN,494,300.396959066391,0.6482302739716128,0.5153787700641693
Optim.jl SAMIN,495,300.8353519439697,0.6482302739716128,0.5153787700641693
Optim.jl SAMIN,496,301.37472105026245,0.6389044906980714,0.5153787700641693
Optim.jl SAMIN,497,301.87683606147766,0.6275561367108229,0.5153787700641693
Optim.jl SAMIN,498,302.34107398986816,0.6283101625272685,0.5153787700641693
Optim.jl SAMIN,499,302.8137619495392,0.6319685760605428,0.5153787700641693
Optim.jl SAMIN,500,303.536700963974,0.547970266477783,0.5153787700641693
Optim.jl SAMIN,501,304.24699807167053,0.547970266477783,0.5153787700641693
Optim.jl SAMIN,502,304.99016094207764,0.5492679947875615,0.5153787700641693
Optim.jl SAMIN,503,305.7530698776245,0.5500194072538526,0.5153787700641693
Optim.jl SAMIN,504,306.66335797309875,0.545338347201076,0.5153787700641693
Optim.jl SAMIN,505,307.6322169303894,0.5090435305013428,0.5090435305013428
Optim.jl SAMIN,506,308.53980898857117,0.5216752641461727,0.5090435305013428
Optim.jl SAMIN,507,309.458123922348,0.5216752641461727,0.5090435305013428
Optim.jl SAMIN,508,310.3521189689636,0.5245200548238709,0.5090435305013428
Optim.jl SAMIN,509,311.23659896850586,0.5249685684920962,0.5090435305013428
Optim.jl SAMIN,510,312.0937020778656,0.5275420764838974,0.5090435305013428
Optim.jl SAMIN,511,312.9386649131775,0.5292286614831445,0.5090435305013428
Optim.jl SAMIN,512,313.3920650482178,0.6725662973510438,0.5090435305013428
Optim.jl SAMIN,513,313.8530020713806,0.6725662973510438,0.5090435305013428
Optim.jl SAMIN,514,314.3333320617676,0.6726546330114329,0.5090435305013428
Optim.jl SAMIN,515,314.81003189086914,0.6744519122371612,0.5090435305013428
Optim.jl SAMIN,516,315.2639989852905,0.6782288390610702,0.5090435305013428
Optim.jl SAMIN,517,315.73579502105713,0.6811949459455611,0.5090435305013428
Optim.jl SAMIN,518,316.38784193992615,0.5941544098323692,0.5090435305013428
Optim.jl SAMIN,519,317.0843229293823,0.5941544098323692,0.5090435305013428
Optim.jl SAMIN,520,317.6598219871521,0.6017666209217526,0.5090435305013428
Optim.jl SAMIN,521,318.254891872406,0.6017720102346839,0.5090435305013428
Optim.jl SAMIN,522,318.8323109149933,0.5969379299024675,0.5090435305013428
Optim.jl SAMIN,523,319.2992310523987,0.6267752764806401,0.5090435305013428
Optim.jl SAMIN,524,319.8989040851593,0.5878502872700017,0.5090435305013428
Optim.jl SAMIN,525,320.45842599868774,0.5878502872700017,0.5090435305013428
Optim.jl SAMIN,526,321.24534797668457,0.5657012519979708,0.5090435305013428
Optim.jl SAMIN,527,322.01000595092773,0.5661369929805379,0.5090435305013428
Optim.jl SAMIN,528,322.9047009944916,0.5660755624840124,0.5090435305013428
Optim.jl SAMIN,529,323.93868494033813,0.5346517660285255,0.5090435305013428
Optim.jl SAMIN,530,324.4715840816498,0.6300385615102879,0.5090435305013428
Optim.jl SAMIN,531,325.0740399360657,0.6300385615102879,0.5090435305013428
Optim.jl SAMIN,532,325.58028197288513,0.6372268441769106,0.5090435305013428
Optim.jl SAMIN,533,326.07901096343994,0.6366692151311074,0.5090435305013428
Optim.jl SAMIN,534,326.56682896614075,0.6359824428989055,0.5090435305013428
Optim.jl SAMIN,535,327.0845980644226,0.6349914348967508,0.5090435305013428
Optim.jl SAMIN,536,327.8444359302521,0.5604598368127127,0.5090435305013428
Optim.jl SAMIN,537,328.555792093277,0.5604598368127127,0.5090435305013428
Optim.jl SAMIN,538,329.2653138637543,0.5615700958860376,0.5090435305013428
Optim.jl SAMIN,539,329.96042799949646,0.5556270692859823,0.5090435305013428
Optim.jl SAMIN,540,330.6879210472107,0.554110682916122,0.5090435305013428
Optim.jl SAMIN,541,331.3961570262909,0.552951747202274,0.5090435305013428
Optim.jl SAMIN,542,331.99445605278015,0.5905658147098473,0.5090435305013428
Optim.jl SAMIN,543,332.59510493278503,0.5905658147098473,0.5090435305013428
Optim.jl SAMIN,544,333.1279149055481,0.5975123199942884,0.5090435305013428
Optim.jl SAMIN,545,333.65815901756287,0.6047308569583373,0.5090435305013428
Optim.jl SAMIN,546,334.15645694732666,0.6025448382809846,0.5090435305013428
Optim.jl SAMIN,547,334.63008093833923,0.6141634786073679,0.5090435305013428
Optim.jl SAMIN,548,334.9412999153137,0.7027670173309357,0.5090435305013428
Optim.jl SAMIN,549,335.25261187553406,0.7027670173309357,0.5090435305013428
Optim.jl SAMIN,550,335.6336860656738,0.7045034798615575,0.5090435305013428
Optim.jl SAMIN,551,336.0098400115967,0.7026385748316409,0.5090435305013428
Optim.jl SAMIN,552,336.37293791770935,0.7046835268256494,0.5090435305013428
Optim.jl SAMIN,553,336.72363686561584,0.7039533632513203,0.5090435305013428
Optim.jl SAMIN,554,337.40787291526794,0.5792968655906656,0.5090435305013428
Optim.jl SAMIN,555,338.1127998828888,0.5792968655906656,0.5090435305013428
Optim.jl SAMIN,556,338.8231508731842,0.5788682484654151,0.5090435305013428
Optim.jl SAMIN,557,339.5457799434662,0.576826298570002,0.5090435305013428
Optim.jl SAMIN,558,340.2400109767914,0.5705010660050076,0.5090435305013428
Optim.jl SAMIN,559,340.93111300468445,0.5745539239568598,0.5090435305013428
Optim.jl SAMIN,560,341.6294438838959,0.56104966046744,0.5090435305013428
Optim.jl SAMIN,561,342.323853969574,0.56104966046744,0.5090435305013428
Optim.jl SAMIN,562,343.0399250984192,0.5603512657416903,0.5090435305013428
Optim.jl SAMIN,563,343.7834348678589,0.559567081241152,0.5090435305013428
Optim.jl SAMIN,564,344.56514406204224,0.5605531067464382,0.5090435305013428
Optim.jl SAMIN,565,345.369441986084,0.584296352897695,0.5090435305013428
Optim.jl SAMIN,566,345.82403206825256,0.675949769132454,0.5090435305013428
Optim.jl SAMIN,567,346.252249956131,0.675949769132454,0.5090435305013428
Optim.jl SAMIN,568,346.6835310459137,0.6759180458112074,0.5090435305013428
Optim.jl SAMIN,569,347.1122989654541,0.6732229455844809,0.5090435305013428
Optim.jl SAMIN,570,347.5386018753052,0.6779987750133633,0.5090435305013428
Optim.jl SAMIN,571,348.055762052536,0.6712458463253068,0.5090435305013428
Optim.jl SAMIN,572,348.84236001968384,0.5742304193427047,0.5090435305013428
Optim.jl SAMIN,573,349.6396629810333,0.5742304193427047,0.5090435305013428
Optim.jl SAMIN,574,350.4283699989319,0.5737072602677823,0.5090435305013428
Optim.jl SAMIN,575,351.26136589050293,0.5743465172876427,0.5090435305013428
Optim.jl SAMIN,576,352.0440330505371,0.5740501903377709,0.5090435305013428
Optim.jl SAMIN,577,352.8360390663147,0.568729142082732,0.5090435305013428
Optim.jl SAMIN,578,353.5652189254761,0.5788947433725692,0.5090435305013428
Optim.jl SAMIN,579,354.2962760925293,0.5788947433725692,0.5090435305013428
Optim.jl SAMIN,580,355.0765130519867,0.5789637874764061,0.5090435305013428
Optim.jl SAMIN,581,355.79792189598083,0.5745189751715418,0.5090435305013428
Optim.jl SAMIN,582,356.50199699401855,0.5748877303319184,0.5090435305013428
Optim.jl SAMIN,583,357.2689709663391,0.5728926367989613,0.5090435305013428
Optim.jl SAMIN,584,358.05277705192566,0.553478676048599,0.5090435305013428
Optim.jl SAMIN,585,358.83907103538513,0.553478676048599,0.5090435305013428
Optim.jl SAMIN,586,359.4970519542694,0.5778875949218203,0.5090435305013428
Optim.jl SAMIN,587,360.2115149497986,0.5668839160048486,0.5090435305013428
Optim.jl SAMIN,588,360.9195098876953,0.5671343231062302,0.5090435305013428
Optim.jl SAMIN,589,361.61475706100464,0.5722598835930381,0.5090435305013428
Optim.jl SAMIN,590,362.0218858718872,0.6862074229766079,0.5090435305013428
Optim.jl SAMIN,591,362.42773389816284,0.6862074229766079,0.5090435305013428
Optim.jl SAMIN,592,362.91930103302,0.6864672712418939,0.5090435305013428
Optim.jl SAMIN,593,363.4573550224304,0.6775482525202866,0.5090435305013428
Optim.jl SAMIN,594,363.95248889923096,0.6761448349081515,0.5090435305013428
Optim.jl SAMIN,595,364.41811990737915,0.679982636687075,0.5090435305013428
Optim.jl SAMIN,596,365.1460130214691,0.5565320065388235,0.5090435305013428
Optim.jl SAMIN,597,365.8692500591278,0.5565320065388235,0.5090435305013428
Optim.jl SAMIN,598,366.55236887931824,0.5659065854144383,0.5090435305013428
Optim.jl SAMIN,599,367.2716040611267,0.5648383724214029,0.5090435305013428
Optim.jl SAMIN,600,367.9963779449463,0.5669321199124487,0.5090435305013428
Optim.jl SAMIN,601,368.63742995262146,0.5948327343499505,0.5090435305013428
Optim.jl SAMIN,602,369.5902030467987,0.5377608235376701,0.5090435305013428
Optim.jl SAMIN,603,370.5414650440216,0.5377608235376701,0.5090435305013428
Optim.jl SAMIN,604,371.315376996994,0.5440282453738792,0.5090435305013428
Optim.jl SAMIN,605,372.0248658657074,0.5597580557235576,0.5090435305013428
Optim.jl SAMIN,606,372.73796486854553,0.5584286541111574,0.5090435305013428
Optim.jl SAMIN,607,373.4520320892334,0.558511621543154,0.5090435305013428
Optim.jl SAMIN,608,374.05464601516724,0.6090547362309539,0.5090435305013428
Optim.jl SAMIN,609,374.62815594673157,0.6090547362309539,0.5090435305013428
Optim.jl SAMIN,610,375.1926510334015,0.6099192238676606,0.5090435305013428
Optim.jl SAMIN,611,375.79205203056335,0.6016790559145411,0.5090435305013428
Optim.jl SAMIN,612,376.38101291656494,0.6015939493872926,0.5090435305013428
Optim.jl SAMIN,613,376.86688590049744,0.6326145939860266,0.5090435305013428
Optim.jl SAMIN,614,377.2907700538635,0.659702988969066,0.5090435305013428
Optim.jl SAMIN,615,377.7383279800415,0.659702988969066,0.5090435305013428
Optim.jl SAMIN,616,378.12994599342346,0.6620166751236523,0.5090435305013428
Optim.jl SAMIN,617,378.52015805244446,0.653628964033158,0.5090435305013428
Optim.jl SAMIN,618,378.9238109588623,0.6545178606549655,0.5090435305013428
Optim.jl SAMIN,619,379.35659193992615,0.6542527280940332,0.5090435305013428
Optim.jl SAMIN,620,379.88615703582764,0.6076310309981762,0.5090435305013428
Optim.jl SAMIN,621,380.4190390110016,0.6076310309981762,0.5090435305013428
Optim.jl SAMIN,622,380.99465894699097,0.6020161381178328,0.5090435305013428
Optim.jl SAMIN,623,381.55467987060547,0.5971489607845464,0.5090435305013428
Optim.jl SAMIN,624,382.1151719093323,0.5972965818194433,0.5090435305013428
Optim.jl SAMIN,625,382.6587200164795,0.6048683373457672,0.5090435305013428
Optim.jl SAMIN,626,383.034854888916,0.6820114633168682,0.5090435305013428
Optim.jl SAMIN,627,383.4133360385895,0.6820114633168682,0.5090435305013428
Optim.jl SAMIN,628,383.8268070220947,0.6786564471142947,0.5090435305013428
Optim.jl SAMIN,629,384.2583589553833,0.669940105997158,0.5090435305013428
Optim.jl SAMIN,630,384.6946380138397,0.6749698649289845,0.5090435305013428
Optim.jl SAMIN,631,385.1123580932617,0.6739273719220082,0.5090435305013428
Optim.jl SAMIN,632,385.62707591056824,0.6463974503810163,0.5090435305013428
Optim.jl SAMIN,633,386.14192295074463,0.6463974503810163,0.5090435305013428
Optim.jl SAMIN,634,386.6714200973511,0.6457752249427724,0.5090435305013428
Optim.jl SAMIN,635,387.1766119003296,0.6495822628524359,0.5090435305013428
Optim.jl SAMIN,636,387.74648094177246,0.6504940162735183,0.5090435305013428
Optim.jl SAMIN,637,388.26111793518066,0.6468479037484666,0.5090435305013428
Optim.jl SAMIN,638,388.97134590148926,0.5854631302188595,0.5090435305013428
Optim.jl SAMIN,639,389.6847469806671,0.5854631302188595,0.5090435305013428
Optim.jl SAMIN,640,390.27852487564087,0.5950657994185382,0.5090435305013428
Optim.jl SAMIN,641,390.86479687690735,0.5956186945030398,0.5090435305013428
Optim.jl SAMIN,642,391.4637598991394,0.596793320686841,0.5090435305013428
Optim.jl SAMIN,643,392.08163189888,0.5966786014064485,0.5090435305013428
Optim.jl SAMIN,644,392.66033697128296,0.5978959996935034,0.5090435305013428
Optim.jl SAMIN,645,393.24648094177246,0.5978959996935034,0.5090435305013428
Optim.jl SAMIN,646,393.8500108718872,0.5950809953502372,0.5090435305013428
Optim.jl SAMIN,647,394.43974590301514,0.5979922390167273,0.5090435305013428
Optim.jl SAMIN,648,395.0147969722748,0.6063800925312955,0.5090435305013428
Optim.jl SAMIN,649,395.5977530479431,0.6073564937103914,0.5090435305013428
Optim.jl SAMIN,650,396.21850204467773,0.6061382260625253,0.5090435305013428
Optim.jl SAMIN,651,396.8057498931885,0.6061382260625253,0.5090435305013428
Optim.jl SAMIN,652,397.38922905921936,0.6055525366515252,0.5090435305013428
Optim.jl SAMIN,653,398.04859590530396,0.5881132461340631,0.5090435305013428
Optim.jl SAMIN,654,398.706111907959,0.5907637939298829,0.5090435305013428
Optim.jl SAMIN,655,399.2498359680176,0.6236279228527939,0.5090435305013428
Optim.jl SAMIN,656,399.79820108413696,0.6258347275578635,0.5090435305013428
Optim.jl SAMIN,657,400.36501598358154,0.6258347275578635,0.5090435305013428
Optim.jl SAMIN,658,401.02397203445435,0.6136684888001837,0.5090435305013428
Optim.jl SAMIN,659,401.69439005851746,0.6106203335165651,0.5090435305013428
Optim.jl SAMIN,660,402.2971930503845,0.6071243522354918,0.5090435305013428
Optim.jl SAMIN,661,402.9734570980072,0.5858051831476468,0.5090435305013428
Optim.jl SAMIN,662,403.7984368801117,0.5627495399686802,0.5090435305013428
Optim.jl SAMIN,663,404.62979388237,0.5627495399686802,0.5090435305013428
Optim.jl SAMIN,664,405.29325008392334,0.5770079214314785,0.5090435305013428
Optim.jl SAMIN,665,405.95166087150574,0.5715103979806396,0.5090435305013428
Optim.jl SAMIN,666,406.6095480918884,0.5811379812874845,0.5090435305013428
Optim.jl SAMIN,667,407.1338300704956,0.6238206069612686,0.5090435305013428
Optim.jl SAMIN,668,407.7502179145813,0.5956804886040428,0.5090435305013428
Optim.jl SAMIN,669,408.3664939403534,0.5956804886040428,0.5090435305013428
Optim.jl SAMIN,670,409.2342760562897,0.574732182500824,0.5090435305013428
Optim.jl SAMIN,671,410.0688750743866,0.5657860929836072,0.5090435305013428
Optim.jl SAMIN,672,410.9424910545349,0.5654475987425384,0.5090435305013428
Optim.jl SAMIN,673,411.82328391075134,0.5270006897317189,0.5090435305013428
Optim.jl SAMIN,674,412.6165699958801,0.5600577157617478,0.5090435305013428
Optim.jl SAMIN,675,413.41199707984924,0.5600577157617478,0.5090435305013428
Optim.jl SAMIN,676,413.95731806755066,0.5928551507272668,0.5090435305013428
Optim.jl SAMIN,677,414.4845380783081,0.5934326507851995,0.5090435305013428
Optim.jl SAMIN,678,414.9900040626526,0.605391395134323,0.5090435305013428
Optim.jl SAMIN,679,415.4510610103607,0.600447703114025,0.5090435305013428
Optim.jl SAMIN,680,415.99244689941406,0.570529816114211,0.5090435305013428
Optim.jl SAMIN,681,416.5278079509735,0.570529816114211,0.5090435305013428
Optim.jl SAMIN,682,417.2879090309143,0.5329068819091837,0.5090435305013428
Optim.jl SAMIN,683,418.12681698799133,0.5229799679174518,0.5090435305013428
Optim.jl SAMIN,684,418.97521805763245,0.5207626292972782,0.5090435305013428
Optim.jl SAMIN,685,419.8515498638153,0.5220179978748153,0.5090435305013428
Optim.jl SAMIN,686,420.6301040649414,0.5367087891016974,0.5090435305013428
Optim.jl SAMIN,687,421.42047691345215,0.5367087891016974,0.5090435305013428
Optim.jl SAMIN,688,422.00355887413025,0.5593181831338422,0.5090435305013428
Optim.jl SAMIN,689,422.6165690422058,0.5456962014874851,0.5090435305013428
Optim.jl SAMIN,690,423.23657488822937,0.5471116054711525,0.5090435305013428
Optim.jl SAMIN,691,423.8890759944916,0.542190852966328,0.5090435305013428
Optim.jl SAMIN,692,424.56883907318115,0.5371430363781626,0.5090435305013428
Optim.jl SAMIN,693,425.202996969223,0.5371430363781626,0.5090435305013428
Optim.jl SAMIN,694,425.8557479381561,0.5363908652592334,0.5090435305013428
Optim.jl SAMIN,695,426.48564100265503,0.5482571652297445,0.5090435305013428
Optim.jl SAMIN,696,427.1336450576782,0.544450712283865,0.5090435305013428
Optim.jl SAMIN,697,427.742418050766,0.5524959193584995,0.5090435305013428
Optim.jl SAMIN,698,428.3808228969574,0.5441325550854614,0.5090435305013428
Optim.jl SAMIN,699,429.03024101257324,0.5441325550854614,0.5090435305013428
Optim.jl SAMIN,700,429.8337309360504,0.527136015257105,0.5090435305013428
Optim.jl SAMIN,701,430.6279308795929,0.5273647244272094,0.5090435305013428
Optim.jl SAMIN,702,431.4611659049988,0.5433248561380619,0.5090435305013428
Optim.jl SAMIN,703,432.3033239841461,0.54320363390268,0.5090435305013428
Optim.jl SAMIN,704,433.00591588020325,0.5653625909117712,0.5090435305013428
Optim.jl SAMIN,705,433.71276688575745,0.5653625909117712,0.5090435305013428
Optim.jl SAMIN,706,434.35710096359253,0.5691027629220033,0.5090435305013428
Optim.jl SAMIN,707,434.9702250957489,0.57057507449703,0.5090435305013428
Optim.jl SAMIN,708,435.60441303253174,0.5637453965141611,0.5090435305013428
Optim.jl SAMIN,709,436.27069187164307,0.5575455258449131,0.5090435305013428
Optim.jl SAMIN,710,436.84441900253296,0.5904134287189934,0.5090435305013428
Optim.jl SAMIN,711,437.42815589904785,0.5904134287189934,0.5090435305013428
Optim.jl SAMIN,712,437.9590039253235,0.5940648128142556,0.5090435305013428
Optim.jl SAMIN,713,438.5197069644928,0.5926078490384711,0.5090435305013428
Optim.jl SAMIN,714,439.0351378917694,0.5880246987735335,0.5090435305013428
Optim.jl SAMIN,715,439.52714705467224,0.6038821985889735,0.5090435305013428
Optim.jl SAMIN,716,440.07533407211304,0.5827602882443295,0.5090435305013428
Optim.jl SAMIN,717,440.62436604499817,0.5827602882443295,0.5090435305013428
Optim.jl SAMIN,718,441.1802589893341,0.582417603059685,0.5090435305013428
Optim.jl SAMIN,719,441.7169830799103,0.5920855563315316,0.5090435305013428
Optim.jl SAMIN,720,442.26107907295227,0.5939800180886514,0.5090435305013428
Optim.jl SAMIN,721,442.7648570537567,0.5947042054376445,0.5090435305013428
Optim.jl SAMIN,722,443.33032393455505,0.5742979279059851,0.5090435305013428
Optim.jl SAMIN,723,443.90062189102173,0.5742979279059851,0.5090435305013428
Optim.jl SAMIN,724,444.65215492248535,0.5486732059355216,0.5090435305013428
Optim.jl SAMIN,725,445.3072259426117,0.5566465913136445,0.5090435305013428
Optim.jl SAMIN,726,445.98314094543457,0.5519947350908255,0.5090435305013428
Optim.jl SAMIN,727,446.6914758682251,0.5464981233479888,0.5090435305013428
Optim.jl SAMIN,728,447.4946939945221,0.5318719012332708,0.5090435305013428
Optim.jl SAMIN,729,448.3040590286255,0.5318719012332708,0.5090435305013428
Optim.jl SAMIN,730,449.07108306884766,0.5279719755012715,0.5090435305013428
Optim.jl SAMIN,731,449.87515807151794,0.5245305863029519,0.5090435305013428
Optim.jl SAMIN,732,450.6725389957428,0.5221885850448129,0.5090435305013428
Optim.jl SAMIN,733,451.51108288764954,0.5166015081777869,0.5090435305013428
Optim.jl SAMIN,734,452.2910439968109,0.5523703050668751,0.5090435305013428
Optim.jl SAMIN,735,453.0233209133148,0.5523703050668751,0.5090435305013428
Optim.jl SAMIN,736,453.52008390426636,0.5979444332824989,0.5090435305013428
Optim.jl SAMIN,737,454.0597929954529,0.5796008501089819,0.5090435305013428
Optim.jl SAMIN,738,454.63381004333496,0.5709052372981129,0.5090435305013428
Optim.jl SAMIN,739,455.11728405952454,0.6135352686633281,0.5090435305013428
Optim.jl SAMIN,740,455.5731818675995,0.6230590681704107,0.5090435305013428
Optim.jl SAMIN,741,456.0585689544678,0.6230590681704107,0.5090435305013428
Optim.jl SAMIN,742,456.6742389202118,0.6060539740772504,0.5090435305013428
Optim.jl SAMIN,743,457.27956199645996,0.6061118750178163,0.5090435305013428
Optim.jl SAMIN,744,457.87274408340454,0.6049922538733495,0.5090435305013428
Optim.jl SAMIN,745,458.62466406822205,0.5671362082035419,0.5090435305013428
Optim.jl SAMIN,746,459.32072401046753,0.5886901719014855,0.5090435305013428
Optim.jl SAMIN,747,460.02181601524353,0.5886901719014855,0.5090435305013428
Optim.jl SAMIN,748,460.6711699962616,0.5928843910495739,0.5090435305013428
Optim.jl SAMIN,749,461.2621428966522,0.5936857855229475,0.5090435305013428
Optim.jl SAMIN,750,461.8664960861206,0.5944517978483466,0.5090435305013428
Optim.jl SAMIN,751,462.4717049598694,0.5947391925865322,0.5090435305013428
Optim.jl SAMIN,752,463.1668219566345,0.5905776082360111,0.5090435305013428
Optim.jl SAMIN,753,463.8578190803528,0.5905776082360111,0.5090435305013428
Optim.jl SAMIN,754,464.4343330860138,0.5955515499312403,0.5090435305013428
Optim.jl SAMIN,755,464.9851679801941,0.6072397919620729,0.5090435305013428
Optim.jl SAMIN,756,465.5005829334259,0.6050474965918148,0.5090435305013428
Optim.jl SAMIN,757,466.0173590183258,0.6051920968127282,0.5090435305013428
Optim.jl SAMIN,758,466.56437492370605,0.59880214670333,0.5090435305013428
Optim.jl SAMIN,759,467.119078874588,0.59880214670333,0.5090435305013428
Optim.jl SAMIN,760,467.76792907714844,0.5780378124737187,0.5090435305013428
Optim.jl SAMIN,761,468.53243494033813,0.5815561226525081,0.5090435305013428
Optim.jl SAMIN,762,469.2955560684204,0.5815053529093115,0.5090435305013428
Optim.jl SAMIN,763,469.97371006011963,0.58706017993907,0.5090435305013428
Optim.jl SAMIN,764,470.74305486679077,0.5432661645763383,0.5090435305013428
Optim.jl SAMIN,765,471.5243320465088,0.5432661645763383,0.5090435305013428
Optim.jl SAMIN,766,472.0867919921875,0.5612412555553153,0.5090435305013428
Optim.jl SAMIN,767,472.6607029438019,0.558385615866929,0.5090435305013428
Optim.jl SAMIN,768,473.2129318714142,0.5724104233844707,0.5090435305013428
Optim.jl SAMIN,769,473.7107210159302,0.616867181951629,0.5090435305013428
Optim.jl SAMIN,770,474.11160707473755,0.6374544240883367,0.5090435305013428
Optim.jl SAMIN,771,474.51792097091675,0.6374544240883367,0.5090435305013428
Optim.jl SAMIN,772,475.09161901474,0.6173883692113071,0.5090435305013428
Optim.jl SAMIN,773,475.6703550815582,0.6174096033737979,0.5090435305013428
Optim.jl SAMIN,774,476.24227499961853,0.6094527130705973,0.5090435305013428
Optim.jl SAMIN,775,476.86670899391174,0.5904820316353059,0.5090435305013428
Optim.jl SAMIN,776,477.6125750541687,0.5649071364633056,0.5090435305013428
Optim.jl SAMIN,777,478.31717109680176,0.5649071364633056,0.5090435305013428
Optim.jl SAMIN,778,479.1707088947296,0.56179035291094,0.5090435305013428
Optim.jl SAMIN,779,479.92651891708374,0.5610385256039838,0.5090435305013428
Optim.jl SAMIN,780,480.67267990112305,0.5616465049542528,0.5090435305013428
Optim.jl SAMIN,781,481.43682193756104,0.5617099206927119,0.5090435305013428
Optim.jl SAMIN,782,482.1021800041199,0.5739630218413754,0.5090435305013428
Optim.jl SAMIN,783,482.83422207832336,0.5739630218413754,0.5090435305013428
Optim.jl SAMIN,784,483.3252558708191,0.602634891702106,0.5090435305013428
Optim.jl SAMIN,785,483.8341820240021,0.5992795825149108,0.5090435305013428
Optim.jl SAMIN,786,484.35182905197144,0.598976122915366,0.5090435305013428
Optim.jl SAMIN,787,484.8682999610901,0.6006459297436737,0.5090435305013428
Optim.jl SAMIN,788,485.38086795806885,0.6034477353083132,0.5090435305013428
Optim.jl SAMIN,789,485.89119005203247,0.6034477353083132,0.5090435305013428
Optim.jl SAMIN,790,486.65397095680237,0.5764194294191136,0.5090435305013428
Optim.jl SAMIN,791,487.3657069206238,0.5756641155607513,0.5090435305013428
Optim.jl SAMIN,792,487.98299503326416,0.5758439965560466,0.5090435305013428
Optim.jl SAMIN,793,488.60932993888855,0.5677470848399415,0.5090435305013428
Optim.jl SAMIN,794,489.098571062088,0.6264086649654224,0.5090435305013428
Optim.jl SAMIN,795,489.5904839038849,0.6264086649654224,0.5090435305013428
Optim.jl SAMIN,796,490.0789089202881,0.6280889312522508,0.5090435305013428
Optim.jl SAMIN,797,490.6090569496155,0.6308251475477431,0.5090435305013428
Optim.jl SAMIN,798,491.0729389190674,0.6293370315714586,0.5090435305013428
Optim.jl SAMIN,799,491.5612299442291,0.6321107236673379,0.5090435305013428
Optim.jl SAMIN,800,492.0710370540619,0.620084288240219,0.5090435305013428
Optim.jl SAMIN,801,492.58222103118896,0.620084288240219,0.5090435305013428
Optim.jl SAMIN,802,493.078458070755,0.6239227289111217,0.5090435305013428
Optim.jl SAMIN,803,493.5741798877716,0.6291780467707262,0.5090435305013428
Optim.jl SAMIN,804,494.1017220020294,0.6297680784356777,0.5090435305013428
Optim.jl SAMIN,805,494.62978196144104,0.6230167433356372,0.5090435305013428
Optim.jl SAMIN,806,495.28679490089417,0.5670239993926652,0.5090435305013428
Optim.jl SAMIN,807,495.9613709449768,0.5670239993926652,0.5090435305013428
Optim.jl SAMIN,808,496.6432728767395,0.5672541707440085,0.5090435305013428
Optim.jl SAMIN,809,497.3200399875641,0.56791564338887,0.5090435305013428
Optim.jl SAMIN,810,497.96286487579346,0.5773777262701089,0.5090435305013428
Optim.jl SAMIN,811,498.6933798789978,0.572488294964028,0.5090435305013428
Optim.jl SAMIN,812,499.4977638721466,0.5394924377409729,0.5090435305013428
Optim.jl SAMIN,813,500.33805298805237,0.5394924377409729,0.5090435305013428
Optim.jl SAMIN,814,501.3281219005585,0.532216139233934,0.5090435305013428
Optim.jl SAMIN,815,502.2948899269104,0.5315446329643293,0.5090435305013428
Optim.jl SAMIN,816,503.2676320075989,0.5122689249736045,0.5090435305013428
Optim.jl SAMIN,817,504.0899450778961,0.5273218865182369,0.5090435305013428
Optim.jl SAMIN,818,504.8762319087982,0.5418858031893112,0.5090435305013428
Optim.jl SAMIN,819,505.6240670681,0.5418858031893112,0.5090435305013428
Optim.jl SAMIN,820,506.40270805358887,0.5411402164538662,0.5090435305013428
Optim.jl SAMIN,821,507.1690368652344,0.5418689271674307,0.5090435305013428
Optim.jl SAMIN,822,507.9077980518341,0.5433404852612124,0.5090435305013428
Optim.jl SAMIN,823,508.73983788490295,0.5317599088720678,0.5090435305013428
Optim.jl SAMIN,824,509.43896102905273,0.5710292416946994,0.5090435305013428
Optim.jl SAMIN,825,510.1545078754425,0.5710292416946994,0.5090435305013428
Optim.jl SAMIN,826,510.75222992897034,0.5780434527966922,0.5090435305013428
Optim.jl SAMIN,827,511.34320306777954,0.5789469675280373,0.5090435305013428
Optim.jl SAMIN,828,511.9711060523987,0.5789957656090903,0.5090435305013428
Optim.jl SAMIN,829,512.6065080165863,0.5790260195211415,0.5090435305013428
Optim.jl SAMIN,830,512.998409986496,0.6702182122303493,0.5090435305013428
Optim.jl SAMIN,831,513.635822057724,0.5790260195211415,0.5090435305013428
Optim.jl SAMIN,832,514.3172850608826,0.5716444290678573,0.5090435305013428
Optim.jl SAMIN,833,515.0276689529419,0.5751336567714331,0.5090435305013428
Optim.jl SAMIN,834,515.7220900058746,0.5799080919293943,0.5090435305013428
Optim.jl SAMIN,835,516.476450920105,0.5840456540168177,0.5090435305013428
Optim.jl SAMIN,836,517.1079969406128,0.6168460934315235,0.5090435305013428
Optim.jl SAMIN,837,517.7474479675293,0.6168460934315235,0.5090435305013428
Optim.jl SAMIN,838,518.4342758655548,0.6145196880364155,0.5090435305013428
Optim.jl SAMIN,839,519.1141519546509,0.6117001123364756,0.5090435305013428
Optim.jl SAMIN,840,519.7316579818726,0.6140815015740961,0.5090435305013428
Optim.jl SAMIN,841,520.3028259277344,0.6092655238915462,0.5090435305013428
Optim.jl SAMIN,842,521.204756975174,0.525799439818697,0.5090435305013428
Optim.jl SAMIN,843,522.1055710315704,0.525799439818697,0.5090435305013428
Optim.jl SAMIN,844,522.8219659328461,0.5469898852126737,0.5090435305013428
Optim.jl SAMIN,845,523.5144820213318,0.5551785825864337,0.5090435305013428
Optim.jl SAMIN,846,524.1942250728607,0.553777200823499,0.5090435305013428
Optim.jl SAMIN,847,524.8378388881683,0.5515654624659599,0.5090435305013428
Optim.jl SAMIN,848,525.3014960289001,0.6190870672948655,0.5090435305013428
Optim.jl SAMIN,849,525.7959640026093,0.6190870672948655,0.5090435305013428
Optim.jl SAMIN,850,526.3940238952637,0.5903307528018498,0.5090435305013428
Optim.jl SAMIN,851,527.0116500854492,0.5928900615460092,0.5090435305013428
Optim.jl SAMIN,852,527.6744289398193,0.5908721957943865,0.5090435305013428
Optim.jl SAMIN,853,528.254879951477,0.6161635042942368,0.5090435305013428
Optim.jl SAMIN,854,528.5644409656525,0.7072805948297987,0.5090435305013428
Optim.jl SAMIN,855,528.8731660842896,0.7072805948297987,0.5090435305013428
Optim.jl SAMIN,856,529.1741530895233,0.7059723841074271,0.5090435305013428
Optim.jl SAMIN,857,529.468024969101,0.6850184370206214,0.5090435305013428
Optim.jl SAMIN,858,529.7791628837585,0.6858633021818936,0.5090435305013428
Optim.jl SAMIN,859,530.0742559432983,0.6863686680932236,0.5090435305013428
Optim.jl SAMIN,860,530.5034370422363,0.6485304083784196,0.5090435305013428
Optim.jl SAMIN,861,530.8941469192505,0.6485304083784196,0.5090435305013428
Optim.jl SAMIN,862,531.2267010211945,0.6567277367872827,0.5090435305013428
Optim.jl SAMIN,863,531.5682709217072,0.6642557565900069,0.5090435305013428
Optim.jl SAMIN,864,531.9059588909149,0.6624447649734918,0.5090435305013428
Optim.jl SAMIN,865,532.2515599727631,0.6623934818203261,0.5090435305013428
Optim.jl SAMIN,866,532.7559530735016,0.6048824868456101,0.5090435305013428
Optim.jl SAMIN,867,533.2882108688354,0.6048824868456101,0.5090435305013428
Optim.jl SAMIN,868,533.8600220680237,0.5819201856643793,0.5090435305013428
Optim.jl SAMIN,869,534.4525620937347,0.5815324552981298,0.5090435305013428
Optim.jl SAMIN,870,535.2068328857422,0.586067889260891,0.5090435305013428
Optim.jl SAMIN,871,536.1312808990479,0.551821970088303,0.5090435305013428
Optim.jl SAMIN,872,536.6300129890442,0.6753991598677498,0.5090435305013428
Optim.jl SAMIN,873,537.1023330688477,0.6753991598677498,0.5090435305013428
Optim.jl SAMIN,874,537.5283060073853,0.6782177980234624,0.5090435305013428
Optim.jl SAMIN,875,537.9151229858398,0.6826032590852069,0.5090435305013428
Optim.jl SAMIN,876,538.3064749240875,0.6814576682880328,0.5090435305013428
Optim.jl SAMIN,877,538.6688358783722,0.6856272245698799,0.5090435305013428
Optim.jl SAMIN,878,539.1169149875641,0.6445784389068111,0.5090435305013428
Optim.jl SAMIN,879,539.5610740184784,0.6445784389068111,0.5090435305013428
Optim.jl SAMIN,880,540.0828189849854,0.6295440421361379,0.5090435305013428
Optim.jl SAMIN,881,540.6252329349518,0.6267971564337826,0.5090435305013428
Optim.jl SAMIN,882,541.2039289474487,0.6287404619250839,0.5090435305013428
Optim.jl SAMIN,883,541.827782869339,0.6215607872732973,0.5090435305013428
Optim.jl SAMIN,884,542.6699199676514,0.5509885478100247,0.5090435305013428
Optim.jl SAMIN,885,543.5159649848938,0.5509885478100247,0.5090435305013428
Optim.jl SAMIN,886,544.1485679149628,0.5662957739227205,0.5090435305013428
Optim.jl SAMIN,887,544.7570939064026,0.5700425481253008,0.5090435305013428
Optim.jl SAMIN,888,545.3930599689484,0.5671745401692659,0.5090435305013428
Optim.jl SAMIN,889,546.0370850563049,0.5651841993326813,0.5090435305013428
Optim.jl SAMIN,890,546.5550050735474,0.6040344532618442,0.5090435305013428
Optim.jl SAMIN,891,547.0830790996552,0.6040344532618442,0.5090435305013428
Optim.jl SAMIN,892,547.6547420024872,0.596677638467907,0.5090435305013428
Optim.jl SAMIN,893,548.2519490718842,0.602503495885775,0.5090435305013428
Optim.jl SAMIN,894,548.8433809280396,0.6038829975601396,0.5090435305013428
Optim.jl SAMIN,895,549.41685795784,0.6291911082427206,0.5090435305013428
Optim.jl SAMIN,896,549.7866449356079,0.673145099321371,0.5090435305013428
Optim.jl SAMIN,897,550.1613869667053,0.673145099321371,0.5090435305013428
Optim.jl SAMIN,898,550.5783910751343,0.6725769449970432,0.5090435305013428
Optim.jl SAMIN,899,550.9974119663239,0.6672123254637035,0.5090435305013428
Optim.jl SAMIN,900,551.3959300518036,0.6647527816797907,0.5090435305013428
Optim.jl SAMIN,901,551.8901009559631,0.658579296516079,0.5090435305013428
Optim.jl SAMIN,902,552.7009689807892,0.5766776473939993,0.5090435305013428
Optim.jl SAMIN,903,553.4921078681946,0.5766776473939993,0.5090435305013428
Optim.jl SAMIN,904,554.254152059555,0.5772326499655811,0.5090435305013428
Optim.jl SAMIN,905,554.9710359573364,0.574590931930253,0.5090435305013428
Optim.jl SAMIN,906,555.7283310890198,0.5745453205274307,0.5090435305013428
Optim.jl SAMIN,907,556.3005158901215,0.5937579885325636,0.5090435305013428
Optim.jl SAMIN,908,556.9712839126587,0.5628448910471664,0.5090435305013428
Optim.jl SAMIN,909,557.6565608978271,0.5628448910471664,0.5090435305013428
Optim.jl SAMIN,910,558.3464210033417,0.5567374674308047,0.5090435305013428
Optim.jl SAMIN,911,559.0845530033112,0.55750716243836,0.5090435305013428
Optim.jl SAMIN,912,559.7657570838928,0.5580928022221404,0.5090435305013428
Optim.jl SAMIN,913,560.4534850120544,0.5601475244090466,0.5090435305013428
Optim.jl SAMIN,914,561.2339580059052,0.5745289197579363,0.5090435305013428
Optim.jl SAMIN,915,562.0159258842468,0.5745289197579363,0.5090435305013428
Optim.jl SAMIN,916,562.6335289478302,0.5862757596757467,0.5090435305013428
Optim.jl SAMIN,917,563.1874339580536,0.5857788556022042,0.5090435305013428
Optim.jl SAMIN,918,563.8372318744659,0.5867050304950325,0.5090435305013428
Optim.jl SAMIN,919,564.5471510887146,0.568374522625859,0.5090435305013428
Optim.jl SAMIN,920,564.9393179416656,0.6798392384068511,0.5090435305013428
Optim.jl SAMIN,921,565.3377549648285,0.6798392384068511,0.5090435305013428
Optim.jl SAMIN,922,565.6796438694,0.6809955097278068,0.5090435305013428
Optim.jl SAMIN,923,566.0634698867798,0.6908795937607614,0.5090435305013428
Optim.jl SAMIN,924,566.407063961029,0.6892984661454167,0.5090435305013428
Optim.jl SAMIN,925,566.7407279014587,0.6916167662273488,0.5090435305013428
Optim.jl SAMIN,926,567.3760988712311,0.5447378842459015,0.5090435305013428
Optim.jl SAMIN,927,568.0074000358582,0.5447378842459015,0.5090435305013428
Optim.jl SAMIN,928,568.8013908863068,0.5368520219893167,0.5090435305013428
Optim.jl SAMIN,929,569.5597050189972,0.536237518503095,0.5090435305013428
Optim.jl SAMIN,930,570.3272349834442,0.5368993037306119,0.5090435305013428
Optim.jl SAMIN,931,571.0120840072632,0.5630035559135615,0.5090435305013428
Optim.jl SAMIN,932,571.4036068916321,0.6640622721376774,0.5090435305013428
Optim.jl SAMIN,933,571.7991170883179,0.6640622721376774,0.5090435305013428
Optim.jl SAMIN,934,572.247878074646,0.6598177021182272,0.5090435305013428
Optim.jl SAMIN,935,572.6557319164276,0.6395256004277764,0.5090435305013428
Optim.jl SAMIN,936,573.1012160778046,0.644303775910905,0.5090435305013428
Optim.jl SAMIN,937,573.5813679695129,0.6452584108482541,0.5090435305013428
Optim.jl SAMIN,938,574.1553239822388,0.5944661825794199,0.5090435305013428
Optim.jl SAMIN,939,574.7233588695526,0.5944661825794199,0.5090435305013428
Optim.jl SAMIN,940,575.2523729801178,0.5972718402073975,0.5090435305013428
Optim.jl SAMIN,941,575.8248698711395,0.6060856176408714,0.5090435305013428
Optim.jl SAMIN,942,576.4102408885956,0.6057429486581777,0.5090435305013428
Optim.jl SAMIN,943,577.099858045578,0.583035291034923,0.5090435305013428
Optim.jl SAMIN,944,577.9021909236908,0.5441943935520782,0.5090435305013428
Optim.jl SAMIN,945,578.6655950546265,0.5441943935520782,0.5090435305013428
Optim.jl SAMIN,946,579.2424330711365,0.5521254811436336,0.5090435305013428
Optim.jl SAMIN,947,579.8329169750214,0.5553868844940246,0.5090435305013428
Optim.jl SAMIN,948,580.4189028739929,0.5651117699910765,0.5090435305013428
Optim.jl SAMIN,949,580.9976630210876,0.5686482541124196,0.5090435305013428
Optim.jl SAMIN,950,581.3515920639038,0.68003135556611,0.5090435305013428
Optim.jl SAMIN,951,581.7317700386047,0.68003135556611,0.5090435305013428
Optim.jl SAMIN,952,582.1698620319366,0.6795721169766628,0.5090435305013428
Optim.jl SAMIN,953,582.596461057663,0.6621333842860605,0.5090435305013428
Optim.jl SAMIN,954,583.026104927063,0.661728608962629,0.5090435305013428
Optim.jl SAMIN,955,583.4354500770569,0.6582818700250495,0.5090435305013428
Optim.jl SAMIN,956,584.0790610313416,0.5740682347841463,0.5090435305013428
Optim.jl SAMIN,957,584.7282240390778,0.5740682347841463,0.5090435305013428
Optim.jl SAMIN,958,585.301558971405,0.5938997737787948,0.5090435305013428
Optim.jl SAMIN,959,585.867390871048,0.5857552574467447,0.5090435305013428
Optim.jl SAMIN,960,586.4176869392395,0.5889958800432827,0.5090435305013428
Optim.jl SAMIN,961,586.9033138751984,0.6113900537376641,0.5090435305013428
Optim.jl SAMIN,962,587.2089030742645,0.6944697080404254,0.5090435305013428
Optim.jl SAMIN,963,587.5116400718689,0.6944697080404254,0.5090435305013428
Optim.jl SAMIN,964,587.910649061203,0.6977828355577305,0.5090435305013428
Optim.jl SAMIN,965,588.3386189937592,0.6828259508659656,0.5090435305013428
Optim.jl SAMIN,966,588.6744000911713,0.6852760434074915,0.5090435305013428
Optim.jl SAMIN,967,589.0379428863525,0.6801312320370576,0.5090435305013428
Optim.jl SAMIN,968,589.3425889015198,0.7085263520129064,0.5090435305013428
Optim.jl SAMIN,969,589.6408829689026,0.7085263520129064,0.5090435305013428
Optim.jl SAMIN,970,589.9017598628998,0.7123467792866989,0.5090435305013428
Optim.jl SAMIN,971,590.1650688648224,0.7286331163302581,0.5090435305013428
Optim.jl SAMIN,972,590.4373760223389,0.7265353101021433,0.5090435305013428
Optim.jl SAMIN,973,590.7332608699799,0.7267170510327545,0.5090435305013428
Optim.jl SAMIN,974,591.2599639892578,0.5983669451960221,0.5090435305013428
Optim.jl SAMIN,975,591.7855200767517,0.5983669451960221,0.5090435305013428
Optim.jl SAMIN,976,592.5359370708466,0.5569787497825586,0.5090435305013428
Optim.jl SAMIN,977,593.3298099040985,0.5576751926883488,0.5090435305013428
Optim.jl SAMIN,978,594.2148220539093,0.5556977054998704,0.5090435305013428
Optim.jl SAMIN,979,595.2291309833527,0.5207062538457832,0.5090435305013428
Optim.jl SAMIN,980,595.6338798999786,0.6794325376905387,0.5090435305013428
Optim.jl SAMIN,981,596.0466830730438,0.6794325376905387,0.5090435305013428
Optim.jl SAMIN,982,596.4237408638,0.6807372596432641,0.5090435305013428
Optim.jl SAMIN,983,596.8020489215851,0.6781996342898764,0.5090435305013428
Optim.jl SAMIN,984,597.1839909553528,0.67998022125728,0.5090435305013428
Optim.jl SAMIN,985,597.5827898979187,0.677711095907398,0.5090435305013428
Optim.jl SAMIN,986,598.3446629047394,0.5354076888636443,0.5090435305013428
Optim.jl SAMIN,987,599.0669219493866,0.5354076888636443,0.5090435305013428
Optim.jl SAMIN,988,599.7069780826569,0.5432726664744844,0.5090435305013428
Optim.jl SAMIN,989,600.3767139911652,0.5382509965347179,0.5090435305013428
Optim.jl SAMIN,990,601.0483720302582,0.5396962386326296,0.5090435305013428
Optim.jl SAMIN,991,601.7404448986053,0.5376485131960715,0.5090435305013428
Optim.jl SAMIN,992,602.1336090564728,0.6742181132261034,0.5090435305013428
Optim.jl SAMIN,993,602.5518629550934,0.6742181132261034,0.5090435305013428
Optim.jl SAMIN,994,602.9444870948792,0.6728050958960275,0.5090435305013428
Optim.jl SAMIN,995,603.3400568962097,0.6720205574838842,0.5090435305013428
Optim.jl SAMIN,996,603.7285249233246,0.6708165470261688,0.5090435305013428
Optim.jl SAMIN,997,604.1113278865814,0.6748246577806563,0.5090435305013428
Optim.jl SAMIN,998,604.7970280647278,0.5496156096535147,0.5090435305013428
Optim.jl SAMIN,999,605.483090877533,0.5496156096535147,0.5090435305013428
Optim.jl SAMIN,1000,606.4429700374603,0.5357590648947058,0.5090435305013428
Optim.jl SAMIN,1001,607.4146280288696,0.5367328020416511,0.5090435305013428
Optim.jl SAMIN,1002,608.2366609573364,0.5263851260362289,0.5090435305013428
Optim.jl SAMIN,1003,609.1553978919983,0.5201231494395684,0.5090435305013428
Optim.jl SAMIN,1004,609.8088710308075,0.6036338702212359,0.5090435305013428
Optim.jl SAMIN,1005,610.4568929672241,0.6036338702212359,0.5090435305013428
Optim.jl SAMIN,1006,611.0260450839996,0.6085729703731091,0.5090435305013428
Optim.jl SAMIN,1007,611.6008839607239,0.6066706291541009,0.5090435305013428
Optim.jl SAMIN,1008,612.1293480396271,0.6078047070144859,0.5090435305013428
Optim.jl SAMIN,1009,612.6299948692322,0.6116076229524884,0.5090435305013428
Optim.jl SAMIN,1010,613.3858749866486,0.5346910740794985,0.5090435305013428
Optim.jl SAMIN,1011,614.1440100669861,0.5346910740794985,0.5090435305013428
Optim.jl SAMIN,1012,614.8956248760223,0.5394540821197904,0.5090435305013428
Optim.jl SAMIN,1013,615.6893420219421,0.537122922577276,0.5090435305013428
Optim.jl SAMIN,1014,616.4744939804077,0.5300232519608785,0.5090435305013428
Optim.jl SAMIN,1015,617.2453260421753,0.5256383766050062,0.5090435305013428
Optim.jl SAMIN,1016,617.8064630031586,0.5929716522155284,0.5090435305013428
Optim.jl SAMIN,1017,618.3781449794769,0.5929716522155284,0.5090435305013428
Optim.jl SAMIN,1018,619.0646030902863,0.5873035666750304,0.5090435305013428
Optim.jl SAMIN,1019,619.7267279624939,0.585322066527262,0.5090435305013428
Optim.jl SAMIN,1020,620.3508670330048,0.5872547205209411,0.5090435305013428
Optim.jl SAMIN,1021,620.9986460208893,0.5846301759440582,0.5090435305013428
Optim.jl SAMIN,1022,621.8571698665619,0.5246519787169256,0.5090435305013428
Optim.jl SAMIN,1023,622.7410578727722,0.5246519787169256,0.5090435305013428
Optim.jl SAMIN,1024,623.4594888687134,0.5446107370304846,0.5090435305013428
Optim.jl SAMIN,1025,624.1979970932007,0.5358051052819356,0.5090435305013428
Optim.jl SAMIN,1026,624.8982510566711,0.539506310206266,0.5090435305013428
Optim.jl SAMIN,1027,625.5549449920654,0.5519842874206929,0.5090435305013428
Optim.jl SAMIN,1028,625.9426429271698,0.6828573908365344,0.5090435305013428
Optim.jl SAMIN,1029,626.2865309715271,0.6828573908365344,0.5090435305013428
Optim.jl SAMIN,1030,626.6447069644928,0.6799064619445764,0.5090435305013428
Optim.jl SAMIN,1031,627.0177090167999,0.6879790787181459,0.5090435305013428
Optim.jl SAMIN,1032,627.3914768695831,0.6918719054012795,0.5090435305013428
Optim.jl SAMIN,1033,627.7873029708862,0.6861191428042469,0.5090435305013428
Optim.jl SAMIN,1034,628.382129907608,0.6104572052698732,0.5090435305013428
Optim.jl SAMIN,1035,628.9927980899811,0.6104572052698732,0.5090435305013428
Optim.jl SAMIN,1036,629.591108083725,0.6074578606178795,0.5090435305013428
Optim.jl SAMIN,1037,630.2179040908813,0.6044169889941089,0.5090435305013428
Optim.jl SAMIN,1038,630.7933299541473,0.5995770068432142,0.5090435305013428
Optim.jl SAMIN,1039,631.3123018741608,0.6135424938505224,0.5090435305013428
Optim.jl SAMIN,1040,631.8982779979706,0.6108572320810747,0.5090435305013428
Optim.jl SAMIN,1041,632.4928588867188,0.6108572320810747,0.5090435305013428
Optim.jl SAMIN,1042,633.0102279186249,0.6180636523243457,0.5090435305013428
Optim.jl SAMIN,1043,633.4977290630341,0.6210081241070325,0.5090435305013428
Optim.jl SAMIN,1044,633.9702570438385,0.6208810770155347,0.5090435305013428
Optim.jl SAMIN,1045,634.4081990718842,0.635076068038919,0.5090435305013428
Optim.jl SAMIN,1046,634.9983150959015,0.5854649911557124,0.5090435305013428
Optim.jl SAMIN,1047,635.5852780342102,0.5854649911557124,0.5090435305013428
Optim.jl SAMIN,1048,636.146831035614,0.5925815878255101,0.5090435305013428
Optim.jl SAMIN,1049,636.746052980423,0.5937568138399519,0.5090435305013428
Optim.jl SAMIN,1050,637.2936189174652,0.5937816870994475,0.5090435305013428
Optim.jl SAMIN,1051,637.951418876648,0.5519793509573151,0.5090435305013428
Optim.jl SAMIN,1052,638.7354629039764,0.5662362144642775,0.5090435305013428
Optim.jl SAMIN,1053,639.7035598754883,0.5090435305013428,0.5090435305013428
Optim.jl SAMIN,1054,640.6542310714722,0.5095038791962465,0.5090435305013428
Optim.jl SAMIN,1055,641.5753500461578,0.5084257762737425,0.5084257762737425
Optim.jl SAMIN,1056,642.609894990921,0.5092780451926081,0.5084257762737425
Optim.jl SAMIN,1057,643.4018778800964,0.5571395782279838,0.5084257762737425
Optim.jl SAMIN,1058,643.7352540493011,0.6997556381311237,0.5084257762737425
Optim.jl SAMIN,1059,644.071760892868,0.6997556381311237,0.5084257762737425
Optim.jl SAMIN,1060,644.3602609634399,0.7007383867716368,0.5084257762737425
Optim.jl SAMIN,1061,644.6541600227356,0.6904891601403045,0.5084257762737425
Optim.jl SAMIN,1062,644.9482500553131,0.6896601296051181,0.5084257762737425
Optim.jl SAMIN,1063,645.2696650028229,0.6924531229440413,0.5084257762737425
Optim.jl SAMIN,1064,645.5879850387573,0.6740755622092595,0.5084257762737425
Optim.jl SAMIN,1065,645.906131029129,0.6740755622092595,0.5084257762737425
Optim.jl SAMIN,1066,646.2269749641418,0.6734256744740037,0.5084257762737425
Optim.jl SAMIN,1067,646.5710780620575,0.6720133947552606,0.5084257762737425
Optim.jl SAMIN,1068,646.919173002243,0.6677344873055562,0.5084257762737425
Optim.jl SAMIN,1069,647.2729570865631,0.6676744855604577,0.5084257762737425
Optim.jl SAMIN,1070,647.7780148983002,0.6103616057512993,0.5084257762737425
Optim.jl SAMIN,1071,648.2329120635986,0.6103616057512993,0.5084257762737425
Optim.jl SAMIN,1072,648.7143640518188,0.6055490749767425,0.5084257762737425
Optim.jl SAMIN,1073,649.1986830234528,0.6055522162251677,0.5084257762737425
Optim.jl SAMIN,1074,649.6596820354462,0.6187971007653879,0.5084257762737425
Optim.jl SAMIN,1075,650.1414070129395,0.6182940330262253,0.5084257762737425
Optim.jl SAMIN,1076,650.6848828792572,0.5893843331651143,0.5084257762737425
Optim.jl SAMIN,1077,651.2479939460754,0.5893843331651143,0.5084257762737425
Optim.jl SAMIN,1078,651.7686400413513,0.5888908708908671,0.5084257762737425
Optim.jl SAMIN,1079,652.3867530822754,0.5538141693169716,0.5084257762737425
Optim.jl SAMIN,1080,653.0185160636902,0.5489956876274292,0.5084257762737425
Optim.jl SAMIN,1081,653.5864450931549,0.5798463845367283,0.5084257762737425
Optim.jl SAMIN,1082,654.0455749034882,0.6257044567254114,0.5084257762737425
Optim.jl SAMIN,1083,654.5040838718414,0.6257044567254114,0.5084257762737425
Optim.jl SAMIN,1084,655.1173288822174,0.6097413483663888,0.5084257762737425
Optim.jl SAMIN,1085,655.6809539794922,0.6095929416628406,0.5084257762737425
Optim.jl SAMIN,1086,656.2745389938354,0.6135272444804389,0.5084257762737425
Optim.jl SAMIN,1087,656.9181890487671,0.6020554662003875,0.5084257762737425
Optim.jl SAMIN,1088,657.6315560340881,0.5683881860261529,0.5084257762737425
Optim.jl SAMIN,1089,658.3484869003296,0.5683881860261529,0.5084257762737425
Optim.jl SAMIN,1090,659.1367900371552,0.5645730272948631,0.5084257762737425
Optim.jl SAMIN,1091,660.0032699108124,0.5646004244999032,0.5084257762737425
Optim.jl SAMIN,1092,660.6867859363556,0.5605774103090516,0.5084257762737425
Optim.jl SAMIN,1093,661.3209230899811,0.5844627435642545,0.5084257762737425
Optim.jl SAMIN,1094,661.8908259868622,0.6346268789410009,0.5084257762737425
Optim.jl SAMIN,1095,662.4627480506897,0.6346268789410009,0.5084257762737425
Optim.jl SAMIN,1096,662.8800349235535,0.6459497918681095,0.5084257762737425
Optim.jl SAMIN,1097,663.2690780162811,0.6398482025795362,0.5084257762737425
Optim.jl SAMIN,1098,663.6871869564056,0.6398338685481986,0.5084257762737425
Optim.jl SAMIN,1099,664.0503339767456,0.6416267519588709,0.5084257762737425
Optim.jl SAMIN,1100,664.5698108673096,0.5948466382917622,0.5084257762737425
Optim.jl SAMIN,1101,665.0949048995972,0.5948466382917622,0.5084257762737425
Optim.jl SAMIN,1102,665.6415939331055,0.5919826482809284,0.5084257762737425
Optim.jl SAMIN,1103,666.1948909759521,0.5912346189911357,0.5084257762737425
Optim.jl SAMIN,1104,666.750904083252,0.5886358705168644,0.5084257762737425
Optim.jl SAMIN,1105,667.4903290271759,0.546761936073857,0.5084257762737425
Optim.jl SAMIN,1106,667.9761319160461,0.6119800994027942,0.5084257762737425
Optim.jl SAMIN,1107,668.4660799503326,0.6119800994027942,0.5084257762737425
Optim.jl SAMIN,1108,669.0716009140015,0.6025077352491124,0.5084257762737425
Optim.jl SAMIN,1109,669.6799628734589,0.6019464404594137,0.5084257762737425
Optim.jl SAMIN,1110,670.2739520072937,0.5963917221648326,0.5084257762737425
Optim.jl SAMIN,1111,670.9203028678894,0.6043297445447888,0.5084257762737425
Optim.jl SAMIN,1112,671.4343340396881,0.6663066177814919,0.5084257762737425
Optim.jl SAMIN,1113,671.9074580669403,0.6663066177814919,0.5084257762737425
Optim.jl SAMIN,1114,672.4284949302673,0.6659572693170802,0.5084257762737425
Optim.jl SAMIN,1115,672.9225449562073,0.6659581819838087,0.5084257762737425
Optim.jl SAMIN,1116,673.3454320430756,0.6630766383221708,0.5084257762737425
Optim.jl SAMIN,1117,673.7581889629364,0.6641815678876218,0.5084257762737425
Optim.jl SAMIN,1118,674.4536459445953,0.5548893384658855,0.5084257762737425
Optim.jl SAMIN,1119,675.1668999195099,0.5548893384658855,0.5084257762737425
Optim.jl SAMIN,1120,675.922779083252,0.5535329359145494,0.5084257762737425
Optim.jl SAMIN,1121,676.6879169940948,0.5526437177034642,0.5084257762737425
Optim.jl SAMIN,1122,677.6348578929901,0.5549762158301531,0.5084257762737425
Optim.jl SAMIN,1123,678.4332010746002,0.5844682186621676,0.5084257762737425
Optim.jl SAMIN,1124,678.7527220249176,0.7118411080178872,0.5084257762737425
Optim.jl SAMIN,1125,679.078113079071,0.7118411080178872,0.5084257762737425
Optim.jl SAMIN,1126,679.4002850055695,0.7122705722237721,0.5084257762737425
Optim.jl SAMIN,1127,679.6780459880829,0.6892552313541775,0.5084257762737425
Optim.jl SAMIN,1128,679.9605560302734,0.6850082392451958,0.5084257762737425
Optim.jl SAMIN,1129,680.2816410064697,0.6892586011476171,0.5084257762737425
Optim.jl SAMIN,1130,680.730376958847,0.6473257104298458,0.5084257762737425
Optim.jl SAMIN,1131,681.1799569129944,0.6473257104298458,0.5084257762737425
Optim.jl SAMIN,1132,681.6687529087067,0.6315308747566425,0.5084257762737425
Optim.jl SAMIN,1133,682.2424540519714,0.6260867341301273,0.5084257762737425
Optim.jl SAMIN,1134,682.796679019928,0.6269578255366604,0.5084257762737425
Optim.jl SAMIN,1135,683.3055520057678,0.6326543479526275,0.5084257762737425
Optim.jl SAMIN,1136,684.0408520698547,0.5375094221325905,0.5084257762737425
Optim.jl SAMIN,1137,684.7812139987946,0.5375094221325905,0.5084257762737425
Optim.jl SAMIN,1138,685.615571975708,0.5352392841327723,0.5084257762737425
Optim.jl SAMIN,1139,686.3673899173737,0.5369977571285843,0.5084257762737425
Optim.jl SAMIN,1140,687.1448149681091,0.5376912381927941,0.5084257762737425
Optim.jl SAMIN,1141,687.9405720233917,0.5271698771291414,0.5084257762737425
Optim.jl SAMIN,1142,688.6879420280457,0.5489360501302933,0.5084257762737425
Optim.jl SAMIN,1143,689.4513289928436,0.5489360501302933,0.5084257762737425
Optim.jl SAMIN,1144,690.2764270305634,0.5429018623545708,0.5084257762737425
Optim.jl SAMIN,1145,691.0284268856049,0.5467539083449933,0.5084257762737425
Optim.jl SAMIN,1146,691.7456550598145,0.5495301757941963,0.5084257762737425
Optim.jl SAMIN,1147,692.4008800983429,0.5724731830478017,0.5084257762737425
Optim.jl SAMIN,1148,692.9965450763702,0.5720108282436364,0.5084257762737425
Optim.jl SAMIN,1149,693.6032950878143,0.5720108282436364,0.5084257762737425
Optim.jl SAMIN,1150,694.0816068649292,0.6038810828723863,0.5084257762737425
Optim.jl SAMIN,1151,694.5660610198975,0.6031768074041337,0.5084257762737425
Optim.jl SAMIN,1152,695.0309798717499,0.6152207313268203,0.5084257762737425
Optim.jl SAMIN,1153,695.5193068981171,0.6030069569817103,0.5084257762737425
Optim.jl SAMIN,1154,696.0231800079346,0.6062589000262704,0.5084257762737425
Optim.jl SAMIN,1155,696.4837009906769,0.6062589000262704,0.5084257762737425
Optim.jl SAMIN,1156,697.0277390480042,0.5851142076642422,0.5084257762737425
Optim.jl SAMIN,1157,697.5987019538879,0.5770553320411573,0.5084257762737425
Optim.jl SAMIN,1158,698.2035739421844,0.5711639537947025,0.5084257762737425
Optim.jl SAMIN,1159,698.7805609703064,0.5762117434161992,0.5084257762737425
Optim.jl SAMIN,1160,699.4308309555054,0.5581110133581826,0.5084257762737425
Optim.jl SAMIN,1161,700.0996758937836,0.5581110133581826,0.5084257762737425
Optim.jl SAMIN,1162,700.7182738780975,0.5582868553988232,0.5084257762737425
Optim.jl SAMIN,1163,701.3634679317474,0.5559005973739248,0.5084257762737425
Optim.jl SAMIN,1164,702.0132179260254,0.5551146874870382,0.5084257762737425
Optim.jl SAMIN,1165,702.7577590942383,0.5384492300202761,0.5084257762737425
Optim.jl SAMIN,1166,703.0203080177307,0.7271037448501614,0.5084257762737425
Optim.jl SAMIN,1167,703.7667419910431,0.5384492300202761,0.5084257762737425
Optim.jl SAMIN,1168,704.6402249336243,0.5277349595663865,0.5084257762737425
Optim.jl SAMIN,1169,705.4456188678741,0.5311867223303054,0.5084257762737425
Optim.jl SAMIN,1170,706.256737947464,0.539016364205134,0.5084257762737425
Optim.jl SAMIN,1171,707.0549910068512,0.538565711273433,0.5084257762737425
Optim.jl SAMIN,1172,707.7092890739441,0.575919468111671,0.5084257762737425
Optim.jl SAMIN,1173,708.3679060935974,0.575919468111671,0.5084257762737425
Optim.jl SAMIN,1174,709.0219540596008,0.5759083272196043,0.5084257762737425
Optim.jl SAMIN,1175,709.7444338798523,0.5766522485556949,0.5084257762737425
Optim.jl SAMIN,1176,710.4044659137726,0.5698728611635091,0.5084257762737425
Optim.jl SAMIN,1177,711.0604190826416,0.5707751823553112,0.5084257762737425
Optim.jl SAMIN,1178,711.9417178630829,0.5172851278116862,0.5084257762737425
Optim.jl SAMIN,1179,712.8276739120483,0.5172851278116862,0.5084257762737425
Optim.jl SAMIN,1180,713.5804419517517,0.5295219809689714,0.5084257762737425
Optim.jl SAMIN,1181,714.3456079959869,0.5278650991502928,0.5084257762737425
Optim.jl SAMIN,1182,715.1409170627594,0.524392416112203,0.5084257762737425
Optim.jl SAMIN,1183,715.7418949604034,0.5733467107312278,0.5084257762737425
Optim.jl SAMIN,1184,716.3294160366058,0.5753749206642241,0.5084257762737425
Optim.jl SAMIN,1185,716.9211399555206,0.5753749206642241,0.5084257762737425
Optim.jl SAMIN,1186,717.5940160751343,0.5668369146696519,0.5084257762737425
Optim.jl SAMIN,1187,718.2380468845367,0.5660592538463233,0.5084257762737425
Optim.jl SAMIN,1188,718.8703589439392,0.5697772193572751,0.5084257762737425
Optim.jl SAMIN,1189,719.6945250034332,0.5299129598426278,0.5084257762737425
Optim.jl SAMIN,1190,720.308436870575,0.5800719051798929,0.5084257762737425
Optim.jl SAMIN,1191,720.9227910041809,0.5800719051798929,0.5084257762737425
Optim.jl SAMIN,1192,721.6518518924713,0.5691356019178246,0.5084257762737425
Optim.jl SAMIN,1193,722.3501250743866,0.5693324450955943,0.5084257762737425
Optim.jl SAMIN,1194,723.036169052124,0.5743141636885224,0.5084257762737425
Optim.jl SAMIN,1195,723.7145719528198,0.574481567023512,0.5084257762737425
Optim.jl SAMIN,1196,724.2317140102386,0.66062528461828,0.5084257762737425
Optim.jl SAMIN,1197,724.704174041748,0.66062528461828,0.5084257762737425
Optim.jl SAMIN,1198,725.065948009491,0.669052331506095,0.5084257762737425
Optim.jl SAMIN,1199,725.4415040016174,0.6696202526023539,0.5084257762737425
Optim.jl SAMIN,1200,725.8182709217072,0.6753786907978905,0.5084257762737425
Optim.jl SAMIN,1201,726.1744389533997,0.6781825535607637,0.5084257762737425
Optim.jl SAMIN,1202,726.8228840827942,0.5847936329828716,0.5084257762737425
Optim.jl SAMIN,1203,727.4829390048981,0.5847936329828716,0.5084257762737425
Optim.jl SAMIN,1204,728.1095490455627,0.5872809285061846,0.5084257762737425
Optim.jl SAMIN,1205,728.6898169517517,0.5901734632835038,0.5084257762737425
Optim.jl SAMIN,1206,729.2705500125885,0.5886497247139673,0.5084257762737425
Optim.jl SAMIN,1207,729.8379418849945,0.5887331308189949,0.5084257762737425
Optim.jl SAMIN,1208,730.5302920341492,0.5590065290255539,0.5084257762737425
Optim.jl SAMIN,1209,731.2264580726624,0.5590065290255539,0.5084257762737425
Optim.jl SAMIN,1210,732.0247189998627,0.5546121796055774,0.5084257762737425
Optim.jl SAMIN,1211,732.8285870552063,0.5547438194330263,0.5084257762737425
Optim.jl SAMIN,1212,733.613872051239,0.553365977992241,0.5084257762737425
Optim.jl SAMIN,1213,734.4486999511719,0.553970433468611,0.5084257762737425
Optim.jl SAMIN,1214,735.3018629550934,0.5488728128434937,0.5084257762737425
Optim.jl SAMIN,1215,736.1563220024109,0.5488728128434937,0.5084257762737425
Optim.jl SAMIN,1216,736.8717970848083,0.5563276942531288,0.5084257762737425
Optim.jl SAMIN,1217,737.5860929489136,0.5569824114052347,0.5084257762737425
Optim.jl SAMIN,1218,738.2457880973816,0.5592724554122459,0.5084257762737425
Optim.jl SAMIN,1219,738.911073923111,0.5595290977007065,0.5084257762737425
Optim.jl SAMIN,1220,739.320070028305,0.6641493090863029,0.5084257762737425
Optim.jl SAMIN,1221,739.7329080104828,0.6641493090863029,0.5084257762737425
Optim.jl SAMIN,1222,740.1759209632874,0.6644966731396718,0.5084257762737425
Optim.jl SAMIN,1223,740.6077239513397,0.6642629727401789,0.5084257762737425
Optim.jl SAMIN,1224,741.1204259395599,0.662495612902712,0.5084257762737425
Optim.jl SAMIN,1225,741.5394229888916,0.6720001432569457,0.5084257762737425
Optim.jl SAMIN,1226,742.1962769031525,0.5695814458667563,0.5084257762737425
Optim.jl SAMIN,1227,742.8632810115814,0.5695814458667563,0.5084257762737425
Optim.jl SAMIN,1228,743.3818380832672,0.5939293265751894,0.5084257762737425
Optim.jl SAMIN,1229,743.8990139961243,0.5940206763722471,0.5084257762737425
Optim.jl SAMIN,1230,744.4150810241699,0.5967971419305711,0.5084257762737425
Optim.jl SAMIN,1231,744.9660279750824,0.5920615712717923,0.5084257762737425
Optim.jl SAMIN,1232,745.3296890258789,0.6569174315218466,0.5084257762737425
Optim.jl SAMIN,1233,745.694442987442,0.6569174315218466,0.5084257762737425
Optim.jl SAMIN,1234,746.1326720714569,0.6470668852885955,0.5084257762737425
Optim.jl SAMIN,1235,746.547935962677,0.6431867127160821,0.5084257762737425
Optim.jl SAMIN,1236,746.9734179973602,0.6429767659302864,0.5084257762737425
Optim.jl SAMIN,1237,747.4559140205383,0.6340784990168781,0.5084257762737425
Optim.jl SAMIN,1238,748.0231778621674,0.6062444693435088,0.5084257762737425
Optim.jl SAMIN,1239,748.5467329025269,0.6062444693435088,0.5084257762737425
Optim.jl SAMIN,1240,749.0347518920898,0.6142336130790316,0.5084257762737425
Optim.jl SAMIN,1241,749.5037360191345,0.620814462670392,0.5084257762737425
Optim.jl SAMIN,1242,749.9765379428864,0.6229026759343397,0.5084257762737425
Optim.jl SAMIN,1243,750.4395380020142,0.6218854096216995,0.5084257762737425
Optim.jl SAMIN,1244,751.1060020923615,0.5550816389704973,0.5084257762737425
Optim.jl SAMIN,1245,751.7883639335632,0.5550816389704973,0.5084257762737425
Optim.jl SAMIN,1246,752.4610660076141,0.5506629970519298,0.5084257762737425
Optim.jl SAMIN,1247,753.1597580909729,0.5364276625316113,0.5084257762737425
Optim.jl SAMIN,1248,753.8764660358429,0.5366300759771971,0.5084257762737425
Optim.jl SAMIN,1249,754.5220639705658,0.5577095275651565,0.5084257762737425
Optim.jl SAMIN,1250,754.8482348918915,0.6857072336845165,0.5084257762737425
Optim.jl SAMIN,1251,755.179673910141,0.6857072336845165,0.5084257762737425
Optim.jl SAMIN,1252,755.5326778888702,0.6878039911013654,0.5084257762737425
Optim.jl SAMIN,1253,755.8557648658752,0.7010070538040947,0.5084257762737425
Optim.jl SAMIN,1254,756.1809260845184,0.6996297083591024,0.5084257762737425
Optim.jl SAMIN,1255,756.5221419334412,0.6964715736128652,0.5084257762737425
Optim.jl SAMIN,1256,757.1093759536743,0.5743042224432762,0.5084257762737425
Optim.jl SAMIN,1257,757.7059669494629,0.5743042224432762,0.5084257762737425
Optim.jl SAMIN,1258,758.4354009628296,0.5649927958351573,0.5084257762737425
Optim.jl SAMIN,1259,759.1410479545593,0.5666307177755299,0.5084257762737425
Optim.jl SAMIN,1260,759.8126540184021,0.5688573048287209,0.5084257762737425
Optim.jl SAMIN,1261,760.4604270458221,0.5710078365522262,0.5084257762737425
Optim.jl SAMIN,1262,760.8297438621521,0.6855054157196256,0.5084257762737425
Optim.jl SAMIN,1263,761.1966509819031,0.6855054157196256,0.5084257762737425
Optim.jl SAMIN,1264,761.6364989280701,0.6883149145741889,0.5084257762737425
Optim.jl SAMIN,1265,762.0357029438019,0.6970316235202275,0.5084257762737425
Optim.jl SAMIN,1266,762.4907460212708,0.6969807958870081,0.5084257762737425
Optim.jl SAMIN,1267,762.87202501297,0.6958918453336337,0.5084257762737425
Optim.jl SAMIN,1268,763.7988228797913,0.5134478795547373,0.5084257762737425
Optim.jl SAMIN,1269,764.7377600669861,0.5134478795547373,0.5084257762737425
Optim.jl SAMIN,1270,765.5603330135345,0.5211770522258418,0.5084257762737425
Optim.jl SAMIN,1271,766.3467590808868,0.5308171365879605,0.5084257762737425
Optim.jl SAMIN,1272,767.1204040050507,0.5294402731456894,0.5084257762737425
Optim.jl SAMIN,1273,767.866152048111,0.5336845949556284,0.5084257762737425
Optim.jl SAMIN,1274,768.376039981842,0.6121532153030451,0.5084257762737425
Optim.jl SAMIN,1275,768.8843019008636,0.6121532153030451,0.5084257762737425
Optim.jl SAMIN,1276,769.4894740581512,0.5994459721871345,0.5084257762737425
Optim.jl SAMIN,1277,770.0648539066315,0.5957854640667783,0.5084257762737425
Optim.jl SAMIN,1278,770.7607400417328,0.6003842353486998,0.5084257762737425
Optim.jl SAMIN,1279,771.4065539836884,0.5973090656564044,0.5084257762737425
Optim.jl SAMIN,1280,772.2759149074554,0.5302984384511645,0.5084257762737425
Optim.jl SAMIN,1281,773.1024980545044,0.5302984384511645,0.5084257762737425
Optim.jl SAMIN,1282,773.7596509456635,0.5578927004738714,0.5084257762737425
Optim.jl SAMIN,1283,774.435399055481,0.5529134366363437,0.5084257762737425
Optim.jl SAMIN,1284,775.049791097641,0.5630541216474035,0.5084257762737425
Optim.jl SAMIN,1285,775.6824009418488,0.5660877351802162,0.5084257762737425
Optim.jl SAMIN,1286,776.0692670345306,0.6728124426527102,0.5084257762737425
Optim.jl SAMIN,1287,776.7158689498901,0.5660877351802162,0.5084257762737425
Optim.jl SAMIN,1288,777.3988409042358,0.5531633525129328,0.5084257762737425
Optim.jl SAMIN,1289,778.1819310188293,0.5343338136846499,0.5084257762737425
Optim.jl SAMIN,1290,778.9648170471191,0.5359632260484717,0.5084257762737425
Optim.jl SAMIN,1291,779.5496490001678,0.5804738286571826,0.5084257762737425
Optim.jl SAMIN,1292,779.9174489974976,0.672039899661056,0.5084257762737425
Optim.jl SAMIN,1293,780.2868840694427,0.672039899661056,0.5084257762737425
Optim.jl SAMIN,1294,780.7467050552368,0.6676813826633273,0.5084257762737425
Optim.jl SAMIN,1295,781.1878960132599,0.6616123354637219,0.5084257762737425
Optim.jl SAMIN,1296,781.6264779567719,0.6622880877250701,0.5084257762737425
Optim.jl SAMIN,1297,782.1120800971985,0.6524333740661818,0.5084257762737425
Optim.jl SAMIN,1298,782.6931419372559,0.6027260913859855,0.5084257762737425
Optim.jl SAMIN,1299,783.2753369808197,0.6027260913859855,0.5084257762737425
Optim.jl SAMIN,1300,783.7571880817413,0.6220923047607523,0.5084257762737425
Optim.jl SAMIN,1301,784.2711958885193,0.6181444336978144,0.5084257762737425
Optim.jl SAMIN,1302,784.7387850284576,0.6170010754000089,0.5084257762737425
Optim.jl SAMIN,1303,785.195188999176,0.6231191235107938,0.5084257762737425
Optim.jl SAMIN,1304,785.8400700092316,0.5553985939359182,0.5084257762737425
Optim.jl SAMIN,1305,786.4813010692596,0.5553985939359182,0.5084257762737425
Optim.jl SAMIN,1306,787.3435099124908,0.5390667058719232,0.5084257762737425
Optim.jl SAMIN,1307,788.1164638996124,0.5396342795292784,0.5084257762737425
Optim.jl SAMIN,1308,788.9016780853271,0.5299125407850482,0.5084257762737425
Optim.jl SAMIN,1309,789.8007280826569,0.5179908094084823,0.5084257762737425
Optim.jl SAMIN,1310,790.438127040863,0.5825620422752714,0.5084257762737425
Optim.jl SAMIN,1311,791.0885350704193,0.5825620422752714,0.5084257762737425
Optim.jl SAMIN,1312,791.7291440963745,0.5824082245148732,0.5084257762737425
Optim.jl SAMIN,1313,792.3895509243011,0.5846016090303103,0.5084257762737425
Optim.jl SAMIN,1314,793.1276679039001,0.5868128653493121,0.5084257762737425
Optim.jl SAMIN,1315,793.7677960395813,0.5954852192051006,0.5084257762737425
Optim.jl SAMIN,1316,794.6136960983276,0.5571155140957066,0.5084257762737425
Optim.jl SAMIN,1317,795.4877898693085,0.5571155140957066,0.5084257762737425
Optim.jl SAMIN,1318,796.363851070404,0.5618382861183773,0.5084257762737425
Optim.jl SAMIN,1319,797.1298050880432,0.5610958326861736,0.5084257762737425
Optim.jl SAMIN,1320,797.9389140605927,0.5603637571605264,0.5084257762737425
Optim.jl SAMIN,1321,798.7090599536896,0.5481815051373001,0.5084257762737425
Optim.jl SAMIN,1322,799.4903960227966,0.548125479266407,0.5084257762737425
Optim.jl SAMIN,1323,800.2286839485168,0.548125479266407,0.5084257762737425
Optim.jl SAMIN,1324,800.8457660675049,0.5573836640517058,0.5084257762737425
Optim.jl SAMIN,1325,801.4314620494843,0.570245354185575,0.5084257762737425
Optim.jl SAMIN,1326,801.9937019348145,0.579489132175228,0.5084257762737425
Optim.jl SAMIN,1327,802.5276350975037,0.5914054652233163,0.5084257762737425
Optim.jl SAMIN,1328,803.0565090179443,0.594021568140923,0.5084257762737425
Optim.jl SAMIN,1329,803.6109058856964,0.594021568140923,0.5084257762737425
Optim.jl SAMIN,1330,804.2360010147095,0.5721137160146754,0.5084257762737425
Optim.jl SAMIN,1331,804.8165280818939,0.5766978266260834,0.5084257762737425
Optim.jl SAMIN,1332,805.4645719528198,0.5710222977371789,0.5084257762737425
Optim.jl SAMIN,1333,806.1421890258789,0.557660347922603,0.5084257762737425
Optim.jl SAMIN,1334,806.775043964386,0.5716428257717168,0.5084257762737425
Optim.jl SAMIN,1335,807.4098029136658,0.5716428257717168,0.5084257762737425
Optim.jl SAMIN,1336,807.9865210056305,0.5857440575940865,0.5084257762737425
Optim.jl SAMIN,1337,808.5448870658875,0.5801891648762096,0.5084257762737425
Optim.jl SAMIN,1338,809.1019420623779,0.5801229209192922,0.5084257762737425
Optim.jl SAMIN,1339,809.7124938964844,0.5699333031510508,0.5084257762737425
Optim.jl SAMIN,1340,810.230465888977,0.6126520404987625,0.5084257762737425
Optim.jl SAMIN,1341,810.7547988891602,0.6126520404987625,0.5084257762737425
Optim.jl SAMIN,1342,811.4288239479065,0.6042310647276526,0.5084257762737425
Optim.jl SAMIN,1343,812.0466239452362,0.6043639120437422,0.5084257762737425
Optim.jl SAMIN,1344,812.7139959335327,0.602438555021108,0.5084257762737425
Optim.jl SAMIN,1345,813.2415459156036,0.6180072313325714,0.5084257762737425
Optim.jl SAMIN,1346,813.810308933258,0.5988670406282509,0.5084257762737425
Optim.jl SAMIN,1347,814.385833978653,0.5988670406282509,0.5084257762737425
Optim.jl SAMIN,1348,814.9562609195709,0.5983741316728062,0.5084257762737425
Optim.jl SAMIN,1349,815.5130169391632,0.5980308328170236,0.5084257762737425
Optim.jl SAMIN,1350,816.1257479190826,0.604137273749797,0.5084257762737425
Optim.jl SAMIN,1351,816.7741479873657,0.5912942980957483,0.5084257762737425
Optim.jl SAMIN,1352,817.6120009422302,0.5318059598904794,0.5084257762737425
Optim.jl SAMIN,1353,818.4599349498749,0.5318059598904794,0.5084257762737425
Optim.jl SAMIN,1354,819.4172940254211,0.5299399647581176,0.5084257762737425
Optim.jl SAMIN,1355,820.231479883194,0.5301491300488463,0.5084257762737425
Optim.jl SAMIN,1356,821.0521380901337,0.531471499593254,0.5084257762737425
Optim.jl SAMIN,1357,821.914901971817,0.5379999928371073,0.5084257762737425
Optim.jl SAMIN,1358,822.270665884018,0.7010660474517797,0.5084257762737425
Optim.jl SAMIN,1359,822.6322329044342,0.7010660474517797,0.5084257762737425
Optim.jl SAMIN,1360,822.9591569900513,0.6950703358286314,0.5084257762737425
Optim.jl SAMIN,1361,823.3075489997864,0.7071446173455525,0.5084257762737425
Optim.jl SAMIN,1362,823.6418180465698,0.7009383658026166,0.5084257762737425
Optim.jl SAMIN,1363,823.9446458816528,0.7049583869441443,0.5084257762737425
Optim.jl SAMIN,1364,824.4248368740082,0.6302531840564156,0.5084257762737425
Optim.jl SAMIN,1365,824.8616330623627,0.6302531840564156,0.5084257762737425
Optim.jl SAMIN,1366,825.326581954956,0.623957804247678,0.5084257762737425
Optim.jl SAMIN,1367,825.7898008823395,0.6166357209321072,0.5084257762737425
Optim.jl SAMIN,1368,826.3025040626526,0.6176431864775482,0.5084257762737425
Optim.jl SAMIN,1369,826.8783230781555,0.6002728201368682,0.5084257762737425
Optim.jl SAMIN,1370,827.6614239215851,0.5352308540503724,0.5084257762737425
Optim.jl SAMIN,1371,828.4573650360107,0.5352308540503724,0.5084257762737425
Optim.jl SAMIN,1372,829.2732310295105,0.5322267467077517,0.5084257762737425
Optim.jl SAMIN,1373,830.1432220935822,0.5315239568269371,0.5084257762737425
Optim.jl SAMIN,1374,831.0248079299927,0.5303062991903305,0.5084257762737425
Optim.jl SAMIN,1375,831.8038148880005,0.5614676940329234,0.5084257762737425
Optim.jl SAMIN,1376,832.481164932251,0.620419949995218,0.5084257762737425
Optim.jl SAMIN,1377,833.1609039306641,0.620419949995218,0.5084257762737425
Optim.jl SAMIN,1378,833.8014888763428,0.6173411348780894,0.5084257762737425
Optim.jl SAMIN,1379,834.368213891983,0.6175025443219008,0.5084257762737425
Optim.jl SAMIN,1380,835.0073430538177,0.61715675569945,0.5084257762737425
Optim.jl SAMIN,1381,835.5759520530701,0.6058682465158051,0.5084257762737425
Optim.jl SAMIN,1382,836.1309170722961,0.616018642562659,0.5084257762737425
Optim.jl SAMIN,1383,836.6917939186096,0.616018642562659,0.5084257762737425
Optim.jl SAMIN,1384,837.1442999839783,0.6316249308646378,0.5084257762737425
Optim.jl SAMIN,1385,837.5781950950623,0.6478296505915802,0.5084257762737425
Optim.jl SAMIN,1386,837.988744020462,0.6333875396051698,0.5084257762737425
Optim.jl SAMIN,1387,838.4232749938965,0.6339799671656289,0.5084257762737425
Optim.jl SAMIN,1388,838.9531998634338,0.5927084190045606,0.5084257762737425
Optim.jl SAMIN,1389,839.4880509376526,0.5927084190045606,0.5084257762737425
Optim.jl SAMIN,1390,840.146959066391,0.5708161885266362,0.5084257762737425
Optim.jl SAMIN,1391,840.8304369449615,0.5687476872096701,0.5084257762737425
Optim.jl SAMIN,1392,841.5098679065704,0.5721931135358249,0.5084257762737425
Optim.jl SAMIN,1393,842.1374728679657,0.5724615773465853,0.5084257762737425
Optim.jl SAMIN,1394,842.9019038677216,0.5418681276267749,0.5084257762737425
Optim.jl SAMIN,1395,843.6642940044403,0.5418681276267749,0.5084257762737425
Optim.jl SAMIN,1396,844.2169098854065,0.5797257628448623,0.5084257762737425
Optim.jl SAMIN,1397,844.8952550888062,0.5418437282438772,0.5084257762737425
Optim.jl SAMIN,1398,845.5853230953217,0.5343893147329043,0.5084257762737425
Optim.jl SAMIN,1399,846.2452540397644,0.5443870521886429,0.5084257762737425
Optim.jl SAMIN,1400,846.900899887085,0.5333835283631537,0.5084257762737425
Optim.jl SAMIN,1401,847.5643708705902,0.5333835283631537,0.5084257762737425
Optim.jl SAMIN,1402,848.4242339134216,0.5178400581531584,0.5084257762737425
Optim.jl SAMIN,1403,849.2718288898468,0.5179861222237094,0.5084257762737425
Optim.jl SAMIN,1404,850.3091850280762,0.5341148730472427,0.5084257762737425
Optim.jl SAMIN,1405,851.1855449676514,0.5313517480532859,0.5084257762737425
Optim.jl SAMIN,1406,851.8275370597839,0.5929927289456255,0.5084257762737425
Optim.jl SAMIN,1407,852.6696670055389,0.5313517480532859,0.5084257762737425
Optim.jl SAMIN,1408,853.3142960071564,0.5467190691553024,0.5084257762737425
Optim.jl SAMIN,1409,853.9854869842529,0.5469066576347862,0.5084257762737425
Optim.jl SAMIN,1410,854.6103019714355,0.5464459274977342,0.5084257762737425
Optim.jl SAMIN,1411,855.2601280212402,0.5479422078474687,0.5084257762737425
Optim.jl SAMIN,1412,855.6731660366058,0.6553597033632905,0.5084257762737425
Optim.jl SAMIN,1413,856.1147210597992,0.6553597033632905,0.5084257762737425
Optim.jl SAMIN,1414,856.6306009292603,0.629278827653692,0.5084257762737425
Optim.jl SAMIN,1415,857.1478269100189,0.620615072859948,0.5084257762737425
Optim.jl SAMIN,1416,857.6579060554504,0.6219248825037611,0.5084257762737425
Optim.jl SAMIN,1417,858.2194938659668,0.6226779681952402,0.5084257762737425
Optim.jl SAMIN,1418,858.7113449573517,0.6644122908390406,0.5084257762737425
Optim.jl SAMIN,1419,859.2083480358124,0.6644122908390406,0.5084257762737425
Optim.jl SAMIN,1420,859.6151139736176,0.6756803060076298,0.5084257762737425
Optim.jl SAMIN,1421,859.9900300502777,0.6763520170738856,0.5084257762737425
Optim.jl SAMIN,1422,860.3686079978943,0.672743473377638,0.5084257762737425
Optim.jl SAMIN,1423,860.7458229064941,0.6732890766101657,0.5084257762737425
Optim.jl SAMIN,1424,861.3790459632874,0.568405364577706,0.5084257762737425
Optim.jl SAMIN,1425,862.01611495018,0.568405364577706,0.5084257762737425
Optim.jl SAMIN,1426,862.6268789768219,0.5729450511837295,0.5084257762737425
Optim.jl SAMIN,1427,863.269140958786,0.5684671951889214,0.5084257762737425
Optim.jl SAMIN,1428,863.8564889431,0.5693234496366606,0.5084257762737425
Optim.jl SAMIN,1429,864.4618229866028,0.5699608311307389,0.5084257762737425
Optim.jl SAMIN,1430,864.9506869316101,0.6225174423629697,0.5084257762737425
Optim.jl SAMIN,1431,865.5705878734589,0.5699608311307389,0.5084257762737425
Optim.jl SAMIN,1432,866.3240880966187,0.5539330434319018,0.5084257762737425
Optim.jl SAMIN,1433,867.0971059799194,0.5544719022202564,0.5084257762737425
Optim.jl SAMIN,1434,867.8974370956421,0.5571696268319999,0.5084257762737425
Optim.jl SAMIN,1435,868.6324739456177,0.5544570533661735,0.5084257762737425
Optim.jl SAMIN,1436,869.3798189163208,0.5630242877735429,0.5084257762737425
Optim.jl SAMIN,1437,870.136106967926,0.5630242877735429,0.5084257762737425
Optim.jl SAMIN,1438,870.6884610652924,0.5938103501900935,0.5084257762737425
Optim.jl SAMIN,1439,871.2694890499115,0.5832404311963888,0.5084257762737425
Optim.jl SAMIN,1440,871.8324630260468,0.5857052985858366,0.5084257762737425
Optim.jl SAMIN,1441,872.3440430164337,0.6138784001866381,0.5084257762737425
Optim.jl SAMIN,1442,872.7959599494934,0.6214477013300198,0.5084257762737425
Optim.jl SAMIN,1443,873.2494349479675,0.6214477013300198,0.5084257762737425
Optim.jl SAMIN,1444,873.8277230262756,0.5976489873460452,0.5084257762737425
Optim.jl SAMIN,1445,874.3865048885345,0.5962656613698528,0.5084257762737425
Optim.jl SAMIN,1446,875.0128309726715,0.5973076973467989,0.5084257762737425
Optim.jl SAMIN,1447,875.6955878734589,0.5949875192675722,0.5084257762737425
Optim.jl SAMIN,1448,876.4556069374084,0.5479623967642127,0.5084257762737425
Optim.jl SAMIN,1449,877.1709010601044,0.5479623967642127,0.5084257762737425
Optim.jl SAMIN,1450,877.7752060890198,0.5700993130578168,0.5084257762737425
Optim.jl SAMIN,1451,878.4265530109406,0.5646104164708949,0.5084257762737425
Optim.jl SAMIN,1452,879.0654830932617,0.5638941885100643,0.5084257762737425
Optim.jl SAMIN,1453,879.8157920837402,0.5291557472665476,0.5084257762737425
Optim.jl SAMIN,1454,880.4153759479523,0.5751881721358391,0.5084257762737425
Optim.jl SAMIN,1455,881.037250995636,0.5751881721358391,0.5084257762737425
Optim.jl SAMIN,1456,881.6315650939941,0.5746034736867744,0.5084257762737425
Optim.jl SAMIN,1457,882.2268760204315,0.5746031387790089,0.5084257762737425
Optim.jl SAMIN,1458,882.8446600437164,0.5743648937416651,0.5084257762737425
Optim.jl SAMIN,1459,883.494530916214,0.5660476796209948,0.5084257762737425
Optim.jl SAMIN,1460,884.0193150043488,0.6184690436432994,0.5084257762737425
Optim.jl SAMIN,1461,884.5480968952179,0.6184690436432994,0.5084257762737425
Optim.jl SAMIN,1462,885.1029078960419,0.6183666318032385,0.5084257762737425
Optim.jl SAMIN,1463,885.5672478675842,0.6289228075716427,0.5084257762737425
Optim.jl SAMIN,1464,886.0445320606232,0.6250205506455373,0.5084257762737425
Optim.jl SAMIN,1465,886.5231108665466,0.6245514986852138,0.5084257762737425
Optim.jl SAMIN,1466,887.1148700714111,0.5843805095472064,0.5084257762737425
Optim.jl SAMIN,1467,887.7080640792847,0.5843805095472064,0.5084257762737425
Optim.jl SAMIN,1468,888.4028968811035,0.5621258893177333,0.5084257762737425
Optim.jl SAMIN,1469,889.2508780956268,0.5629543852156735,0.5084257762737425
Optim.jl SAMIN,1470,890.0098080635071,0.5627544030032685,0.5084257762737425
Optim.jl SAMIN,1471,890.741751909256,0.5623462293175255,0.5084257762737425
Optim.jl SAMIN,1472,891.6669628620148,0.5315937841455576,0.5084257762737425
Optim.jl SAMIN,1473,892.6010489463806,0.5315937841455576,0.5084257762737425
Optim.jl SAMIN,1474,893.4558339118958,0.535476857795926,0.5084257762737425
Optim.jl SAMIN,1475,894.2280759811401,0.5454339248085844,0.5084257762737425
Optim.jl SAMIN,1476,895.0295400619507,0.5410412119638248,0.5084257762737425
Optim.jl SAMIN,1477,895.7230079174042,0.5452678911519974,0.5084257762737425
Optim.jl SAMIN,1478,896.3295660018921,0.5804179227409325,0.5084257762737425
Optim.jl SAMIN,1479,896.9332239627838,0.5804179227409325,0.5084257762737425
Optim.jl SAMIN,1480,897.5856840610504,0.5772709570374649,0.5084257762737425
Optim.jl SAMIN,1481,898.2538499832153,0.5783827052984234,0.5084257762737425
Optim.jl SAMIN,1482,898.9162108898163,0.5762510706928353,0.5084257762737425
Optim.jl SAMIN,1483,899.5253069400787,0.5917524677513331,0.5084257762737425
Optim.jl SAMIN,1484,900.1128928661346,0.6084939896581321,0.5084257762737425
Optim.jl Particle Swarm,1,0.4001650810241699,0.6448499027459642,0.6448499027459642
Optim.jl Particle Swarm,2,0.681577205657959,0.7203916848766698,0.6448499027459642
Optim.jl Particle Swarm,3,1.2879931926727295,0.5642639164807258,0.5642639164807258
Optim.jl Particle Swarm,4,1.9842422008514404,0.5662313813979615,0.5642639164807258
Optim.jl Particle Swarm,5,2.788478136062622,0.552329669751454,0.552329669751454
Optim.jl Particle Swarm,6,3.5597360134124756,0.5714298507489257,0.552329669751454
Optim.jl Particle Swarm,7,4.389184236526489,0.5422536339413642,0.5422536339413642
Optim.jl Particle Swarm,8,5.278365135192871,0.572601524458753,0.5422536339413642
Optim.jl Particle Swarm,9,6.0416481494903564,0.5647391340890331,0.5422536339413642
Optim.jl Particle Swarm,10,6.501338005065918,0.617476282768611,0.5422536339413642
Optim.jl Particle Swarm,11,7.320057153701782,0.5687663461631727,0.5422536339413642
Optim.jl Particle Swarm,12,7.738314151763916,0.6459732217600345,0.5422536339413642
Optim.jl Particle Swarm,13,8.762522220611572,0.513335833330443,0.513335833330443
Optim.jl Particle Swarm,14,9.554063081741333,0.556538432027415,0.513335833330443
Optim.jl Particle Swarm,15,10.470332145690918,0.5106873719205465,0.5106873719205465
Optim.jl Particle Swarm,16,11.287803173065186,0.5246189403395154,0.5106873719205465
Optim.jl Particle Swarm,17,12.209095001220703,0.5285772068551772,0.5106873719205465
Optim.jl Particle Swarm,18,13.173375129699707,0.5209330120976676,0.5106873719205465
Optim.jl Particle Swarm,19,14.089245080947876,0.5206965603203382,0.5106873719205465
Optim.jl Particle Swarm,20,15.020960092544556,0.5227472293396569,0.5106873719205465
Optim.jl Particle Swarm,21,15.848390102386475,0.5363893509509983,0.5106873719205465
Optim.jl Particle Swarm,22,16.698933124542236,0.5406726938636794,0.5106873719205465
Optim.jl Particle Swarm,23,17.338869094848633,0.5695083526386044,0.5106873719205465
Optim.jl Particle Swarm,24,18.23832416534424,0.5136814535137718,0.5106873719205465
Optim.jl Particle Swarm,25,18.841689109802246,0.5803985823708574,0.5106873719205465
Optim.jl Particle Swarm,26,19.749240159988403,0.5120821263432936,0.5106873719205465
Optim.jl Particle Swarm,27,20.726975202560425,0.514024157016837,0.5106873719205465
Optim.jl Particle Swarm,28,21.616470098495483,0.5101608206867325,0.5101608206867325
Optim.jl Particle Swarm,29,22.581172227859497,0.5127299312030946,0.5101608206867325
Optim.jl Particle Swarm,30,23.537951231002808,0.5111403978477822,0.5101608206867325
Optim.jl Particle Swarm,31,24.457512140274048,0.5154966379407089,0.5101608206867325
Optim.jl Particle Swarm,32,25.328402042388916,0.5180115375347705,0.5101608206867325
Optim.jl Particle Swarm,33,26.26333212852478,0.5103216712443065,0.5101608206867325
Optim.jl Particle Swarm,34,27.227267026901245,0.519478157232387,0.5101608206867325
Optim.jl Particle Swarm,35,28.181828022003174,0.5122417826444094,0.5101608206867325
Optim.jl Particle Swarm,36,29.05935502052307,0.5301357184575365,0.5101608206867325
Optim.jl Particle Swarm,37,30.083978176116943,0.5172937753598068,0.5101608206867325
Optim.jl Particle Swarm,38,31.16838502883911,0.5146613868940708,0.5101608206867325
Optim.jl Particle Swarm,39,32.09430408477783,0.5106873719205465,0.5101608206867325
Optim.jl Particle Swarm,40,33.013264179229736,0.5101608206867325,0.5101608206867325
Optim.jl Particle Swarm,41,34.11012005805969,0.5097586134797274,0.5097586134797274
Optim.jl Particle Swarm,42,35.01102614402771,0.5100584712303667,0.5097586134797274
Optim.jl Particle Swarm,43,35.99427008628845,0.5126285999575843,0.5097586134797274
Optim.jl Particle Swarm,44,37.14346504211426,0.5068955518513714,0.5068955518513714
Optim.jl Particle Swarm,45,38.04663300514221,0.5169668365797332,0.5068955518513714
Optim.jl Particle Swarm,46,38.97109603881836,0.5098054517460646,0.5068955518513714
Optim.jl Particle Swarm,47,39.93218803405762,0.509597360070632,0.5068955518513714
Optim.jl Particle Swarm,48,40.889841079711914,0.5138837399005133,0.5068955518513714
Optim.jl Particle Swarm,49,41.77070903778076,0.5139702786501377,0.5068955518513714
Optim.jl Particle Swarm,50,42.76943922042847,0.5147247476827457,0.5068955518513714
Optim.jl Particle Swarm,51,43.5495240688324,0.5293587800845467,0.5068955518513714
Optim.jl Particle Swarm,52,44.62365508079529,0.5092919124076933,0.5068955518513714
Optim.jl Particle Swarm,53,45.58796811103821,0.505463372754423,0.505463372754423
Optim.jl Particle Swarm,54,46.672274112701416,0.5070627392896223,0.505463372754423
Optim.jl Particle Swarm,55,47.717836141586304,0.506541000776534,0.505463372754423
Optim.jl Particle Swarm,56,48.61757016181946,0.5104310365164378,0.505463372754423
Optim.jl Particle Swarm,57,49.654099225997925,0.5058093212206507,0.505463372754423
Optim.jl Particle Swarm,58,50.52867817878723,0.5092217005251372,0.505463372754423
Optim.jl Particle Swarm,59,51.50515413284302,0.5080945730113471,0.505463372754423
Optim.jl Particle Swarm,60,52.42258310317993,0.50631725689077,0.505463372754423
Optim.jl Particle Swarm,61,53.327757120132446,0.5125531762212405,0.505463372754423
Optim.jl Particle Swarm,62,54.28310704231262,0.5053196355604188,0.5053196355604188
Optim.jl Particle Swarm,63,55.30602502822876,0.5068055453077775,0.5053196355604188
Optim.jl Particle Swarm,64,56.03868508338928,0.5334326815931011,0.5053196355604188
Optim.jl Particle Swarm,65,57.09684109687805,0.5074252305194293,0.5053196355604188
Optim.jl Particle Swarm,66,58.0342481136322,0.5070423343980397,0.5053196355604188
Optim.jl Particle Swarm,67,58.975348234176636,0.5052792340053364,0.5052792340053364
Optim.jl Particle Swarm,68,59.91061019897461,0.5051195226491595,0.5051195226491595
Optim.jl Particle Swarm,69,60.871854066848755,0.5071673045158848,0.5051195226491595
Optim.jl Particle Swarm,70,61.762129068374634,0.5050245315391612,0.5050245315391612
Optim.jl Particle Swarm,71,62.662962198257446,0.5075812763093506,0.5050245315391612
Optim.jl Particle Swarm,72,63.583800077438354,0.5048598253842556,0.5048598253842556
Optim.jl Particle Swarm,73,64.57040119171143,0.5058864422127981,0.5048598253842556
Optim.jl Particle Swarm,74,65.5728600025177,0.5115780163723728,0.5048598253842556
Optim.jl Particle Swarm,75,66.50196814537048,0.504625555006286,0.504625555006286
Optim.jl Particle Swarm,76,67.54562211036682,0.5043747060491057,0.5043747060491057
Optim.jl Particle Swarm,77,68.57527923583984,0.5073134958179725,0.5043747060491057
Optim.jl Particle Swarm,78,69.44533109664917,0.5061112227393997,0.5043747060491057
Optim.jl Particle Swarm,79,70.37964415550232,0.5053196355604188,0.5043747060491057
Optim.jl Particle Swarm,80,71.42139101028442,0.5043747060491057,0.5043747060491057
Optim.jl Particle Swarm,81,72.36201405525208,0.5049623718484524,0.5043747060491057
Optim.jl Particle Swarm,82,73.2589521408081,0.5043269768854612,0.5043269768854612
Optim.jl Particle Swarm,83,74.17971301078796,0.507069747993349,0.5043269768854612
Optim.jl Particle Swarm,84,75.17320418357849,0.5039938920881014,0.5039938920881014
Optim.jl Particle Swarm,85,76.11019515991211,0.5049492735124342,0.5039938920881014
Optim.jl Particle Swarm,86,76.98504304885864,0.5079417623072594,0.5039938920881014
Optim.jl Particle Swarm,87,77.99298810958862,0.5034527375712305,0.5034527375712305
Optim.jl Particle Swarm,88,78.85846614837646,0.512415244019395,0.5034527375712305
Optim.jl Particle Swarm,89,79.73581314086914,0.5060206114053093,0.5034527375712305
Optim.jl Particle Swarm,90,80.67582416534424,0.5050975266918417,0.5034527375712305
Optim.jl Particle Swarm,91,81.54652309417725,0.5052495407605258,0.5034527375712305
Optim.jl Particle Swarm,92,82.48393511772156,0.5048185118671505,0.5034527375712305
Optim.jl Particle Swarm,93,83.52259802818298,0.5043747060491057,0.5034527375712305
Optim.jl Particle Swarm,94,84.50524306297302,0.5088012942773994,0.5034527375712305
Optim.jl Particle Swarm,95,85.50690817832947,0.5059650805165208,0.5034527375712305
Optim.jl Particle Swarm,96,86.49309706687927,0.5045352069305289,0.5034527375712305
Optim.jl Particle Swarm,97,87.44760823249817,0.5071656178542113,0.5034527375712305
Optim.jl Particle Swarm,98,88.40652012825012,0.503542603587383,0.5034527375712305
Optim.jl Particle Swarm,99,89.35417413711548,0.5098150873761885,0.5034527375712305
Optim.jl Particle Swarm,100,90.45377111434937,0.503634489282289,0.5034527375712305
Optim.jl Particle Swarm,101,91.39007019996643,0.5036879753366112,0.5034527375712305
Optim.jl Particle Swarm,102,92.2810571193695,0.508828979196178,0.5034527375712305
Optim.jl Particle Swarm,103,93.17174220085144,0.5053850784086483,0.5034527375712305
Optim.jl Particle Swarm,104,94.07874417304993,0.5045872456003848,0.5034527375712305
Optim.jl Particle Swarm,105,95.00816702842712,0.5057822751128112,0.5034527375712305
Optim.jl Particle Swarm,106,95.86914610862732,0.5048255500014781,0.5034527375712305
Optim.jl Particle Swarm,107,96.88003301620483,0.5034527375712305,0.5034527375712305
Optim.jl Particle Swarm,108,97.75438809394836,0.5083604120375544,0.5034527375712305
Optim.jl Particle Swarm,109,98.7527642250061,0.5057221059218904,0.5034527375712305
Optim.jl Particle Swarm,110,99.70506715774536,0.5048493572185704,0.5034527375712305
Optim.jl Particle Swarm,111,100.70367121696472,0.5039975013553754,0.5034527375712305
Optim.jl Particle Swarm,112,101.65691208839417,0.504767726390278,0.5034527375712305
Optim.jl Particle Swarm,113,102.57386302947998,0.5043731764917794,0.5034527375712305
Optim.jl Particle Swarm,114,103.54391622543335,0.5047854966965489,0.5034527375712305
Optim.jl Particle Swarm,115,104.59089016914368,0.5036233044573533,0.5034527375712305
Optim.jl Particle Swarm,116,105.54282402992249,0.5057015080242273,0.5034527375712305
Optim.jl Particle Swarm,117,106.53929805755615,0.5064194994529327,0.5034527375712305
Optim.jl Particle Swarm,118,107.44173216819763,0.5048102193441926,0.5034527375712305
Optim.jl Particle Swarm,119,108.32026314735413,0.5048409717410187,0.5034527375712305
Optim.jl Particle Swarm,120,109.26704001426697,0.5041531846330343,0.5034527375712305
Optim.jl Particle Swarm,121,110.27399706840515,0.5034527375712305,0.5034527375712305
Optim.jl Particle Swarm,122,111.14660716056824,0.5060892873226677,0.5034527375712305
Optim.jl Particle Swarm,123,112.10300016403198,0.5030116119110871,0.5030116119110871
Optim.jl Particle Swarm,124,113.05391716957092,0.5036423460689753,0.5030116119110871
Optim.jl Particle Swarm,125,114.04976415634155,0.50497776522626,0.5030116119110871
Optim.jl Particle Swarm,126,115.08260202407837,0.5037357177327066,0.5030116119110871
Optim.jl Particle Swarm,127,116.00288105010986,0.5041728898542647,0.5030116119110871
Optim.jl Particle Swarm,128,116.9712221622467,0.5037937015887851,0.5030116119110871
Optim.jl Particle Swarm,129,117.9780900478363,0.5040255273181443,0.5030116119110871
Optim.jl Particle Swarm,130,118.92390513420105,0.5054876486033174,0.5030116119110871
Optim.jl Particle Swarm,131,119.88927507400513,0.5040336770188695,0.5030116119110871
Optim.jl Particle Swarm,132,120.75160121917725,0.5068845304112295,0.5030116119110871
Optim.jl Particle Swarm,133,121.70112705230713,0.5047660388231292,0.5030116119110871
Optim.jl Particle Swarm,134,122.66183400154114,0.5048059502651591,0.5030116119110871
Optim.jl Particle Swarm,135,123.67061305046082,0.5034527375712305,0.5030116119110871
Optim.jl Particle Swarm,136,124.59802913665771,0.5194428329298569,0.5030116119110871
Optim.jl Particle Swarm,137,125.61531615257263,0.5039737121394094,0.5030116119110871
Optim.jl Particle Swarm,138,126.67971920967102,0.5033961507574617,0.5030116119110871
Optim.jl Particle Swarm,139,127.63704419136047,0.5039403488518106,0.5030116119110871
Optim.jl Particle Swarm,140,128.71646308898926,0.5036293188823132,0.5030116119110871
Optim.jl Particle Swarm,141,129.6519980430603,0.5039511091882027,0.5030116119110871
Optim.jl Particle Swarm,142,130.63292622566223,0.5054935160927975,0.5030116119110871
Optim.jl Particle Swarm,143,131.58497023582458,0.5031783411340586,0.5030116119110871
Optim.jl Particle Swarm,144,132.53881406784058,0.5064940370059335,0.5030116119110871
Optim.jl Particle Swarm,145,133.56705021858215,0.5034470106727754,0.5030116119110871
Optim.jl Particle Swarm,146,134.5172381401062,0.5049726597093122,0.5030116119110871
Optim.jl Particle Swarm,147,135.43090319633484,0.5049741647416239,0.5030116119110871
Optim.jl Particle Swarm,148,136.38195705413818,0.503531969505605,0.5030116119110871
Optim.jl Particle Swarm,149,137.33791303634644,0.5030116119110871,0.5030116119110871
Optim.jl Particle Swarm,150,138.34856820106506,0.5053829915190402,0.5030116119110871
Optim.jl Particle Swarm,151,139.35310411453247,0.5032525221950093,0.5030116119110871
Optim.jl Particle Swarm,152,140.2858350276947,0.503450950190949,0.5030116119110871
Optim.jl Particle Swarm,153,141.19286608695984,0.5036190006864482,0.5030116119110871
Optim.jl Particle Swarm,154,142.0924060344696,0.5036311451240445,0.5030116119110871
Optim.jl Particle Swarm,155,143.01877808570862,0.5034203702924385,0.5030116119110871
Optim.jl Particle Swarm,156,143.93763422966003,0.504947044277976,0.5030116119110871
Optim.jl Particle Swarm,157,144.8871521949768,0.5034358097765447,0.5030116119110871
Optim.jl Particle Swarm,158,145.8480679988861,0.504159080513533,0.5030116119110871
Optim.jl Particle Swarm,159,146.95024704933167,0.5036070472151402,0.5030116119110871
Optim.jl Particle Swarm,160,147.9329571723938,0.5061681610974678,0.5030116119110871
Optim.jl Particle Swarm,161,148.87488913536072,0.5046552631677754,0.5030116119110871
Optim.jl Particle Swarm,162,149.82576417922974,0.5038648676428329,0.5030116119110871
Optim.jl Particle Swarm,163,150.78060603141785,0.5030116119110871,0.5030116119110871
Optim.jl Particle Swarm,164,151.77785205841064,0.5036283630053292,0.5030116119110871
Optim.jl Particle Swarm,165,152.81220316886902,0.5033392440991816,0.5030116119110871
Optim.jl Particle Swarm,166,153.76885414123535,0.5034958676211636,0.5030116119110871
Optim.jl Particle Swarm,167,154.79502201080322,0.5049243927202807,0.5030116119110871
Optim.jl Particle Swarm,168,155.7074680328369,0.5042874399738078,0.5030116119110871
Optim.jl Particle Swarm,169,156.79253506660461,0.5038456097387538,0.5030116119110871
Optim.jl Particle Swarm,170,157.8405270576477,0.5041077323456346,0.5030116119110871
Optim.jl Particle Swarm,171,158.8571321964264,0.5033329379538249,0.5030116119110871
Optim.jl Particle Swarm,172,159.82148122787476,0.5036332844520052,0.5030116119110871
Optim.jl Particle Swarm,173,160.77849221229553,0.5049303700976691,0.5030116119110871
Optim.jl Particle Swarm,174,161.820317029953,0.5035586623410535,0.5030116119110871
Optim.jl Particle Swarm,175,162.73963117599487,0.5038298401139892,0.5030116119110871
Optim.jl Particle Swarm,176,163.625746011734,0.5068892100373511,0.5030116119110871
Optim.jl Particle Swarm,177,164.63582110404968,0.5037177053458014,0.5030116119110871
Optim.jl Particle Swarm,178,165.65656900405884,0.5031600825414088,0.5030116119110871
Optim.jl Particle Swarm,179,166.65659999847412,0.5034226957695438,0.5030116119110871
Optim.jl Particle Swarm,180,167.72449707984924,0.5042548960612959,0.5030116119110871
Optim.jl Particle Swarm,181,168.70692420005798,0.503396898389978,0.5030116119110871
Optim.jl Particle Swarm,182,169.64989399909973,0.5035962685185579,0.5030116119110871
Optim.jl Particle Swarm,183,170.63290309906006,0.5035810493946821,0.5030116119110871
Optim.jl Particle Swarm,184,171.7059941291809,0.5035018979446397,0.5030116119110871
Optim.jl Particle Swarm,185,172.68480610847473,0.5040043547514812,0.5030116119110871
Optim.jl Particle Swarm,186,173.5589292049408,0.5048574910535615,0.5030116119110871
Optim.jl Particle Swarm,187,174.552255153656,0.5034808495843682,0.5030116119110871
Optim.jl Particle Swarm,188,175.51714420318604,0.5038004297881505,0.5030116119110871
Optim.jl Particle Swarm,189,176.46050310134888,0.5030116119110871,0.5030116119110871
Optim.jl Particle Swarm,190,177.41798520088196,0.5030116119110871,0.5030116119110871
Optim.jl Particle Swarm,191,178.39664220809937,0.502996525706641,0.502996525706641
Optim.jl Particle Swarm,192,179.3740861415863,0.5031319276036219,0.502996525706641
Optim.jl Particle Swarm,193,180.40481615066528,0.5030704548500146,0.502996525706641
Optim.jl Particle Swarm,194,181.38807010650635,0.5036139264469015,0.502996525706641
Optim.jl Particle Swarm,195,182.33223819732666,0.5035592800649058,0.502996525706641
Optim.jl Particle Swarm,196,183.27770614624023,0.5032400089629844,0.502996525706641
Optim.jl Particle Swarm,197,184.232027053833,0.5036058102481366,0.502996525706641
Optim.jl Particle Swarm,198,185.22129201889038,0.50375246595913,0.502996525706641
Optim.jl Particle Swarm,199,186.26705503463745,0.5033224965750767,0.502996525706641
Optim.jl Particle Swarm,200,187.24080300331116,0.5038923515841298,0.502996525706641
Optim.jl Particle Swarm,201,188.19532704353333,0.5034765579323552,0.502996525706641
Optim.jl Particle Swarm,202,189.18815422058105,0.50303950878885,0.502996525706641
Optim.jl Particle Swarm,203,190.12566709518433,0.5030116119110871,0.502996525706641
Optim.jl Particle Swarm,204,190.99535703659058,0.5077302619937039,0.502996525706641
Optim.jl Particle Swarm,205,191.95871019363403,0.5031226627141145,0.502996525706641
Optim.jl Particle Swarm,206,192.94452619552612,0.5031379560601241,0.502996525706641
Optim.jl Particle Swarm,207,193.96250820159912,0.5030640065972364,0.502996525706641
Optim.jl Particle Swarm,208,194.98032903671265,0.5047088045067901,0.502996525706641
Optim.jl Particle Swarm,209,195.9441921710968,0.5030641278723095,0.502996525706641
Optim.jl Particle Swarm,210,196.8853530883789,0.5033632979481464,0.502996525706641
Optim.jl Particle Swarm,211,197.84551119804382,0.5031145043287635,0.502996525706641
Optim.jl Particle Swarm,212,198.8490571975708,0.5034623927847599,0.502996525706641
Optim.jl Particle Swarm,213,199.920392036438,0.5036291827678574,0.502996525706641
Optim.jl Particle Swarm,214,200.85439610481262,0.5033598797013406,0.502996525706641
Optim.jl Particle Swarm,215,201.82375311851501,0.503585202429663,0.502996525706641
Optim.jl Particle Swarm,216,202.8498890399933,0.503306709687561,0.502996525706641
Optim.jl Particle Swarm,217,203.81232500076294,0.502996525706641,0.502996525706641
Optim.jl Particle Swarm,218,204.75519013404846,0.5079857488979691,0.502996525706641
Optim.jl Particle Swarm,219,205.77219915390015,0.503368655388015,0.502996525706641
Optim.jl Particle Swarm,220,206.75306916236877,0.5031022666033081,0.502996525706641
Optim.jl Particle Swarm,221,207.7568941116333,0.5031403666731228,0.502996525706641
Optim.jl Particle Swarm,222,208.74557518959045,0.5033769492840553,0.502996525706641
Optim.jl Particle Swarm,223,209.7987380027771,0.503223602902971,0.502996525706641
Optim.jl Particle Swarm,224,210.82066822052002,0.5031636638666905,0.502996525706641
Optim.jl Particle Swarm,225,211.82658314704895,0.5032940394264136,0.502996525706641
Optim.jl Particle Swarm,226,212.85346817970276,0.503511454486677,0.502996525706641
Optim.jl Particle Swarm,227,213.8319230079651,0.5036636375926395,0.502996525706641
Optim.jl Particle Swarm,228,214.80908918380737,0.5031415435887392,0.502996525706641
Optim.jl Particle Swarm,229,215.76228022575378,0.5032038440464007,0.502996525706641
Optim.jl Particle Swarm,230,216.75634908676147,0.5033016785734479,0.502996525706641
Optim.jl Particle Swarm,231,217.7290301322937,0.502996525706641,0.502996525706641
Optim.jl Particle Swarm,232,218.65517020225525,0.5047914007431075,0.502996525706641
Optim.jl Particle Swarm,233,219.6426911354065,0.5038910533706608,0.502996525706641
Optim.jl Particle Swarm,234,220.5920262336731,0.503079256397892,0.502996525706641
Optim.jl Particle Swarm,235,221.59746313095093,0.5030193539230878,0.502996525706641
Optim.jl Particle Swarm,236,222.57766604423523,0.5034798473345568,0.502996525706641
Optim.jl Particle Swarm,237,223.5395381450653,0.5032673064314492,0.502996525706641
Optim.jl Particle Swarm,238,224.54493713378906,0.5033647309060313,0.502996525706641
Optim.jl Particle Swarm,239,225.5119650363922,0.5032421288421003,0.502996525706641
Optim.jl Particle Swarm,240,226.5033872127533,0.5032407288827243,0.502996525706641
Optim.jl Particle Swarm,241,227.5098261833191,0.5036292067736405,0.502996525706641
Optim.jl Particle Swarm,242,228.49395418167114,0.5030470817267026,0.502996525706641
Optim.jl Particle Swarm,243,229.5051610469818,0.5031667307369216,0.502996525706641
Optim.jl Particle Swarm,244,230.49814820289612,0.5031542014746039,0.502996525706641
Optim.jl Particle Swarm,245,231.46651911735535,0.502996525706641,0.502996525706641
Optim.jl Particle Swarm,246,232.44207119941711,0.502996525706641,0.502996525706641
Optim.jl Particle Swarm,247,233.49042916297913,0.5040314098202997,0.502996525706641
Optim.jl Particle Swarm,248,234.4954710006714,0.5030674180344143,0.502996525706641
Optim.jl Particle Swarm,249,235.46374106407166,0.503012554912742,0.502996525706641
Optim.jl Particle Swarm,250,236.5295000076294,0.5038786235354633,0.502996525706641
Optim.jl Particle Swarm,251,237.56624603271484,0.5031804018760826,0.502996525706641
Optim.jl Particle Swarm,252,238.53016114234924,0.5031459521175256,0.502996525706641
Optim.jl Particle Swarm,253,239.48359203338623,0.5029993401650857,0.502996525706641
Optim.jl Particle Swarm,254,240.4854691028595,0.5032773432209547,0.502996525706641
Optim.jl Particle Swarm,255,241.53037810325623,0.5036290500217108,0.502996525706641
Optim.jl Particle Swarm,256,242.54020619392395,0.5031283625359764,0.502996525706641
Optim.jl Particle Swarm,257,243.57886719703674,0.5030535493116562,0.502996525706641
Optim.jl Particle Swarm,258,244.5717430114746,0.5030238282210097,0.502996525706641
Optim.jl Particle Swarm,259,245.52391600608826,0.502996525706641,0.502996525706641
Optim.jl Particle Swarm,260,246.43345403671265,0.5043394295976026,0.502996525706641
Optim.jl Particle Swarm,261,247.4779350757599,0.503382099911278,0.502996525706641
Optim.jl Particle Swarm,262,248.49917817115784,0.5030540754796878,0.502996525706641
Optim.jl Particle Swarm,263,249.49821305274963,0.5030102038661691,0.502996525706641
Optim.jl Particle Swarm,264,250.43173623085022,0.504026732101958,0.502996525706641
Optim.jl Particle Swarm,265,251.40149521827698,0.503399774004509,0.502996525706641
Optim.jl Particle Swarm,266,252.3218491077423,0.5030515377993774,0.502996525706641
Optim.jl Particle Swarm,267,253.2727792263031,0.5031432496352486,0.502996525706641
Optim.jl Particle Swarm,268,254.23861408233643,0.5031599951404728,0.502996525706641
Optim.jl Particle Swarm,269,255.21321415901184,0.5038284867147732,0.502996525706641
Optim.jl Particle Swarm,270,256.2288930416107,0.5031548216741751,0.502996525706641
Optim.jl Particle Swarm,271,257.2031922340393,0.5030754192681156,0.502996525706641
Optim.jl Particle Swarm,272,258.2530460357666,0.5031901822412583,0.502996525706641
Optim.jl Particle Swarm,273,259.21932911872864,0.502996525706641,0.502996525706641
Optim.jl Particle Swarm,274,260.1974232196808,0.502996525706641,0.502996525706641
Optim.jl Particle Swarm,275,261.1681971549988,0.5033520449195072,0.502996525706641
Optim.jl Particle Swarm,276,262.16745018959045,0.5030236355556958,0.502996525706641
Optim.jl Particle Swarm,277,263.12832403182983,0.5029857458651344,0.5029857458651344
Optim.jl Particle Swarm,278,264.1177270412445,0.5034641425768738,0.5029857458651344
Optim.jl Particle Swarm,279,265.05751514434814,0.5031567713833933,0.5029857458651344
Optim.jl Particle Swarm,280,265.98882603645325,0.5031388703502141,0.5029857458651344
Optim.jl Particle Swarm,281,266.9525001049042,0.5030668189129622,0.5029857458651344
Optim.jl Particle Swarm,282,267.97174620628357,0.5031451030005091,0.5029857458651344
Optim.jl Particle Swarm,283,268.9847640991211,0.503769350238571,0.5029857458651344
Optim.jl Particle Swarm,284,269.992094039917,0.5030693966424901,0.5029857458651344
Optim.jl Particle Swarm,285,271.01968121528625,0.503151287818844,0.5029857458651344
Optim.jl Particle Swarm,286,272.0431270599365,0.5031417598789479,0.5029857458651344
Optim.jl Particle Swarm,287,273.0177390575409,0.502996525706641,0.5029857458651344
Optim.jl Particle Swarm,288,273.9843120574951,0.5042593682474212,0.5029857458651344
Optim.jl Particle Swarm,289,274.97200202941895,0.5032798837336813,0.5029857458651344
Optim.jl Particle Swarm,290,275.97122502326965,0.5030806467259928,0.5029857458651344
Optim.jl Particle Swarm,291,276.97904109954834,0.5029760229709903,0.5029760229709903
Optim.jl Particle Swarm,292,277.9536361694336,0.5031245145738862,0.5029760229709903
Optim.jl Particle Swarm,293,278.9469621181488,0.5030105567603234,0.5029760229709903
Optim.jl Particle Swarm,294,279.87750720977783,0.5031997421575803,0.5029760229709903
Optim.jl Particle Swarm,295,280.878897190094,0.5031355956275227,0.5029760229709903
Optim.jl Particle Swarm,296,281.89553809165955,0.503182939094111,0.5029760229709903
Optim.jl Particle Swarm,297,282.92043709754944,0.5034542480498087,0.5029760229709903
Optim.jl Particle Swarm,298,283.92292404174805,0.503149597249999,0.5029760229709903
Optim.jl Particle Swarm,299,284.9081771373749,0.5031612448424543,0.5029760229709903
Optim.jl Particle Swarm,300,285.91035318374634,0.5030451727830219,0.5029760229709903
Optim.jl Particle Swarm,301,286.83685302734375,0.5029857458651344,0.5029760229709903
Optim.jl Particle Swarm,302,287.8300042152405,0.503575224074964,0.5029760229709903
Optim.jl Particle Swarm,303,288.861310005188,0.5040344834583083,0.5029760229709903
Optim.jl Particle Swarm,304,289.84775018692017,0.503036959845781,0.5029760229709903
Optim.jl Particle Swarm,305,290.81926918029785,0.5029758350957535,0.5029758350957535
Optim.jl Particle Swarm,306,291.7869222164154,0.5031319812290239,0.5029758350957535
Optim.jl Particle Swarm,307,292.7876880168915,0.5031224959014009,0.5029758350957535
Optim.jl Particle Swarm,308,293.7009131908417,0.5032939876144938,0.5029758350957535
Optim.jl Particle Swarm,309,294.64388823509216,0.5030456194626696,0.5029758350957535
Optim.jl Particle Swarm,310,295.6244080066681,0.5030074826922396,0.5029758350957535
Optim.jl Particle Swarm,311,296.6537392139435,0.5031735398348361,0.5029758350957535
Optim.jl Particle Swarm,312,297.63906621932983,0.5030505423483482,0.5029758350957535
Optim.jl Particle Swarm,313,298.6166422367096,0.5030052683821948,0.5029758350957535
Optim.jl Particle Swarm,314,299.6451041698456,0.5033273423683873,0.5029758350957535
Optim.jl Particle Swarm,315,300.64402318000793,0.5029760229709903,0.5029758350957535
Optim.jl Particle Swarm,316,301.6735050678253,0.50407525457415,0.5029758350957535
Optim.jl Particle Swarm,317,302.64852714538574,0.5032976994764579,0.5029758350957535
Optim.jl Particle Swarm,318,303.65993905067444,0.5029893312199545,0.5029758350957535
Optim.jl Particle Swarm,319,304.657014131546,0.5029767098755633,0.5029758350957535
Optim.jl Particle Swarm,320,305.6847560405731,0.5031455622894101,0.5029758350957535
Optim.jl Particle Swarm,321,306.7131071090698,0.5030086868916176,0.5029758350957535
Optim.jl Particle Swarm,322,307.65559911727905,0.5030717176357962,0.5029758350957535
Optim.jl Particle Swarm,323,308.6032860279083,0.5031401289597895,0.5029758350957535
Optim.jl Particle Swarm,324,309.58135318756104,0.5030480184322621,0.5029758350957535
Optim.jl Particle Swarm,325,310.61189103126526,0.5035895661651916,0.5029758350957535
Optim.jl Particle Swarm,326,311.6091752052307,0.5030950405273646,0.5029758350957535
Optim.jl Particle Swarm,327,312.5835790634155,0.503029245256971,0.5029758350957535
Optim.jl Particle Swarm,328,313.5801901817322,0.503680952541222,0.5029758350957535
Optim.jl Particle Swarm,329,314.52252316474915,0.5029758350957535,0.5029758350957535
Optim.jl Particle Swarm,330,315.4778370857239,0.5031065875248171,0.5029758350957535
Optim.jl Particle Swarm,331,316.4705970287323,0.5030207545422886,0.5029758350957535
Optim.jl Particle Swarm,332,317.470486164093,0.502976293104317,0.5029758350957535
Optim.jl Particle Swarm,333,318.44734501838684,0.5032001599099966,0.5029758350957535
Optim.jl Particle Swarm,334,319.42135310173035,0.5030062761073206,0.5029758350957535
Optim.jl Particle Swarm,335,320.35667514801025,0.5031626614640677,0.5029758350957535
Optim.jl Particle Swarm,336,321.3229410648346,0.502974917390451,0.502974917390451
Optim.jl Particle Swarm,337,322.3011062145233,0.5031231942859774,0.502974917390451
Optim.jl Particle Swarm,338,323.2357521057129,0.5037221063182802,0.502974917390451
Optim.jl Particle Swarm,339,324.25009202957153,0.5030707513676662,0.502974917390451
Optim.jl Particle Swarm,340,325.24666714668274,0.5029794847467163,0.502974917390451
Optim.jl Particle Swarm,341,326.2999300956726,0.5040328822296904,0.502974917390451
Optim.jl Particle Swarm,342,327.3174262046814,0.5062770178676461,0.502974917390451
Optim.jl Particle Swarm,343,328.30097007751465,0.5034588598308462,0.502974917390451
Optim.jl Particle Swarm,344,329.29913115501404,0.5030161670994769,0.502974917390451
Optim.jl Particle Swarm,345,330.2679262161255,0.5029749738748314,0.502974917390451
Optim.jl Particle Swarm,346,331.2957730293274,0.5031939683558058,0.502974917390451
Optim.jl Particle Swarm,347,332.23138904571533,0.5030183721338287,0.502974917390451
Optim.jl Particle Swarm,348,333.19471311569214,0.5031659541927718,0.502974917390451
Optim.jl Particle Swarm,349,334.1952180862427,0.5031081485248191,0.502974917390451
Optim.jl Particle Swarm,350,335.16611409187317,0.5030435989894118,0.502974917390451
Optim.jl Particle Swarm,351,336.1129882335663,0.5040937883581941,0.502974917390451
Optim.jl Particle Swarm,352,337.0848321914673,0.5031745113852326,0.502974917390451
Optim.jl Particle Swarm,353,338.10569405555725,0.5030087997501107,0.502974917390451
Optim.jl Particle Swarm,354,339.1481912136078,0.5039440724461954,0.502974917390451
Optim.jl Particle Swarm,355,340.15585803985596,0.502974917390451,0.502974917390451
Optim.jl Particle Swarm,356,341.07657623291016,0.5044600595748112,0.502974917390451
Optim.jl Particle Swarm,357,342.0099492073059,0.5030373871713621,0.502974917390451
Optim.jl Particle Swarm,358,343.01011300086975,0.5030264767079358,0.502974917390451
Optim.jl Particle Swarm,359,343.99809217453003,0.502975761368875,0.502974917390451
Optim.jl Particle Swarm,360,344.97291111946106,0.5031395551001413,0.502974917390451
Optim.jl Particle Swarm,361,345.9465470314026,0.5030216904964657,0.502974917390451
Optim.jl Particle Swarm,362,346.9319281578064,0.5031481502271024,0.502974917390451
Optim.jl Particle Swarm,363,347.9523570537567,0.5030064786454944,0.502974917390451
Optim.jl Particle Swarm,364,348.9099221229553,0.5030346941747807,0.502974917390451
Optim.jl Particle Swarm,365,349.934876203537,0.504787165772187,0.502974917390451
Optim.jl Particle Swarm,366,350.93681502342224,0.5030591527500735,0.502974917390451
Optim.jl Particle Swarm,367,351.9052050113678,0.5029856035005247,0.502974917390451
Optim.jl Particle Swarm,368,352.9347801208496,0.5038437991372321,0.502974917390451
Optim.jl Particle Swarm,369,353.9370291233063,0.502974917390451,0.502974917390451
Optim.jl Particle Swarm,370,354.9403190612793,0.502974917390451,0.502974917390451
Optim.jl Particle Swarm,371,355.8939881324768,0.5030506196860327,0.502974917390451
Optim.jl Particle Swarm,372,356.86543321609497,0.5030636746001346,0.502974917390451
Optim.jl Particle Swarm,373,357.8570411205292,0.5029748732317714,0.5029748732317714
Optim.jl Particle Swarm,374,358.87406611442566,0.5032739035727521,0.5029748732317714
Optim.jl Particle Swarm,375,359.8381950855255,0.5029817324977139,0.5029748732317714
Optim.jl Particle Swarm,376,360.78512620925903,0.5033118586602463,0.5029748732317714
Optim.jl Particle Swarm,377,361.80186700820923,0.5029778173506974,0.5029748732317714
Optim.jl Particle Swarm,378,362.8066940307617,0.5030597504719636,0.5029748732317714
Optim.jl Particle Swarm,379,363.73877811431885,0.5038291143313898,0.5029748732317714
Optim.jl Particle Swarm,380,364.75983023643494,0.5031084247730045,0.5029748732317714
Optim.jl Particle Swarm,381,365.75762915611267,0.5029852139232871,0.5029748732317714
Optim.jl Particle Swarm,382,366.84411120414734,0.5032586934150256,0.5029748732317714
Optim.jl Particle Swarm,383,367.8483281135559,0.502974917390451,0.5029748732317714
Optim.jl Particle Swarm,384,368.6544542312622,0.5288076202679466,0.5029748732317714
Optim.jl Particle Swarm,385,369.62405014038086,0.5030327253464364,0.5029748732317714
Optim.jl Particle Swarm,386,370.60911107063293,0.5029780547337819,0.5029748732317714
Optim.jl Particle Swarm,387,371.5958170890808,0.5029752288471524,0.5029748732317714
Optim.jl Particle Swarm,388,372.63890504837036,0.503879709976984,0.5029748732317714
Optim.jl Particle Swarm,389,373.64083909988403,0.503044098013329,0.5029748732317714
Optim.jl Particle Swarm,390,374.5851891040802,0.503174579491066,0.5029748732317714
Optim.jl Particle Swarm,391,375.6005930900574,0.5030206038155313,0.5029748732317714
Optim.jl Particle Swarm,392,376.5315771102905,0.5030439099964379,0.5029748732317714
Optim.jl Particle Swarm,393,377.5457420349121,0.5030551774206603,0.5029748732317714
Optim.jl Particle Swarm,394,378.56265020370483,0.5030066389279679,0.5029748732317714
Optim.jl Particle Swarm,395,379.5323441028595,0.5029826702398318,0.5029748732317714
Optim.jl Particle Swarm,396,380.62228202819824,0.5035270847401334,0.5029748732317714
Optim.jl Particle Swarm,397,381.61229705810547,0.5029748732317714,0.5029748732317714
Optim.jl Particle Swarm,398,382.5698471069336,0.5041912495061687,0.5029748732317714
Optim.jl Particle Swarm,399,383.4998061656952,0.5030194630963324,0.5029748732317714
Optim.jl Particle Swarm,400,384.4813492298126,0.503000398848354,0.5029748732317714
Optim.jl Particle Swarm,401,385.46883821487427,0.5029751834523454,0.5029748732317714
Optim.jl Particle Swarm,402,386.4356482028961,0.5032316327676588,0.5029748732317714
Optim.jl Particle Swarm,403,387.3884470462799,0.5029754722475115,0.5029748732317714
Optim.jl Particle Swarm,404,388.38457012176514,0.5030173413037533,0.5029748732317714
Optim.jl Particle Swarm,405,389.373615026474,0.5030078199355422,0.5029748732317714
Optim.jl Particle Swarm,406,390.329617023468,0.5030031013299803,0.5029748732317714
Optim.jl Particle Swarm,407,391.39103412628174,0.5032821216698631,0.5029748732317714
Optim.jl Particle Swarm,408,392.3798232078552,0.5029783606211973,0.5029748732317714
Optim.jl Particle Swarm,409,393.36245608329773,0.5029897109758613,0.5029748732317714
Optim.jl Particle Swarm,410,394.36790919303894,0.5033903982646897,0.5029748732317714
Optim.jl Particle Swarm,411,395.36828112602234,0.5029748732317714,0.5029748732317714
Optim.jl Particle Swarm,412,396.4443061351776,0.503055127661879,0.5029748732317714
Optim.jl Particle Swarm,413,397.470988035202,0.5029825466444043,0.5029748732317714
Optim.jl Particle Swarm,414,398.47351002693176,0.5029757054182846,0.5029748732317714
Optim.jl Particle Swarm,415,399.4391710758209,0.5030238152638886,0.5029748732317714
Optim.jl Particle Swarm,416,400.41313099861145,0.5029923672465174,0.5029748732317714
Optim.jl Particle Swarm,417,401.4219491481781,0.5031685058543357,0.5029748732317714
Optim.jl Particle Swarm,418,402.39793705940247,0.5029821233260755,0.5029748732317714
Optim.jl Particle Swarm,419,403.43403005599976,0.5030614230599659,0.5029748732317714
Optim.jl Particle Swarm,420,404.46745800971985,0.5034403636623769,0.5029748732317714
Optim.jl Particle Swarm,421,405.4261751174927,0.5029903873129888,0.5029748732317714
Optim.jl Particle Swarm,422,406.4473350048065,0.5029761552191876,0.5029748732317714
Optim.jl Particle Swarm,423,407.5149462223053,0.5032106558324304,0.5029748732317714
Optim.jl Particle Swarm,424,408.5289480686188,0.506262741099475,0.5029748732317714
Optim.jl Particle Swarm,425,409.5128312110901,0.5030132688838055,0.5029748732317714
Optim.jl Particle Swarm,426,410.51859307289124,0.502980602352086,0.5029748732317714
Optim.jl Particle Swarm,427,411.497031211853,0.5029757740443069,0.5029748732317714
Optim.jl Particle Swarm,428,412.45829606056213,0.5030376512600662,0.5029748732317714
Optim.jl Particle Swarm,429,413.44048023223877,0.5030226339288477,0.5029748732317714
Optim.jl Particle Swarm,430,414.4429430961609,0.5030971048460066,0.5029748732317714
Optim.jl Particle Swarm,431,415.4365210533142,0.5029788988990973,0.5029748732317714
Optim.jl Particle Swarm,432,416.4765610694885,0.5029873784005289,0.5029748732317714
Optim.jl Particle Swarm,433,417.50294613838196,0.5034338911506985,0.5029748732317714
Optim.jl Particle Swarm,434,418.49887800216675,0.503169915505048,0.5029748732317714
Optim.jl Particle Swarm,435,419.470694065094,0.5029775948095714,0.5029748732317714
Optim.jl Particle Swarm,436,420.44979310035706,0.5030434895877188,0.5029748732317714
Optim.jl Particle Swarm,437,421.44596910476685,0.5029748732317714,0.5029748732317714
Optim.jl Particle Swarm,438,422.4668040275574,0.5083828858956385,0.5029748732317714
Optim.jl Particle Swarm,439,423.4660711288452,0.5029834787069455,0.5029748732317714
Optim.jl Particle Swarm,440,424.4416060447693,0.5029773772482957,0.5029748732317714
Optim.jl Particle Swarm,441,425.4225552082062,0.5029773336310783,0.5029748732317714
Optim.jl Particle Swarm,442,426.3833131790161,0.5031316899051256,0.5029748732317714
Optim.jl Particle Swarm,443,427.4127562046051,0.5030390301297256,0.5029748732317714
Optim.jl Particle Swarm,444,428.41080117225647,0.5031542237044307,0.5029748732317714
Optim.jl Particle Swarm,445,429.41933703422546,0.5030221459371161,0.5029748732317714
Optim.jl Particle Swarm,446,430.4274380207062,0.5030039884434115,0.5029748732317714
Optim.jl Particle Swarm,447,431.3988001346588,0.5030311684424329,0.5029748732317714
Optim.jl Particle Swarm,448,432.3367922306061,0.5029909457676207,0.5029748732317714
Optim.jl Particle Swarm,449,433.30917716026306,0.5029863892049912,0.5029748732317714
Optim.jl Particle Swarm,450,434.32479214668274,0.5031831543828569,0.5029748732317714
Optim.jl Particle Swarm,451,435.31462001800537,0.5029748732317714,0.5029748732317714
Optim.jl Particle Swarm,452,436.3066301345825,0.5029748732317714,0.5029748732317714
Optim.jl Particle Swarm,453,437.29752707481384,0.5030281767367194,0.5029748732317714
Optim.jl Particle Swarm,454,438.28568601608276,0.5029782516517144,0.5029748732317714
Optim.jl Particle Swarm,455,439.24949407577515,0.5029749482532299,0.5029748732317714
Optim.jl Particle Swarm,456,440.20820903778076,0.5031992279548276,0.5029748732317714
Optim.jl Particle Swarm,457,441.2043950557709,0.5029905091550039,0.5029748732317714
Optim.jl Particle Swarm,458,442.2209641933441,0.5030857222563857,0.5029748732317714
Optim.jl Particle Swarm,459,443.23369121551514,0.5030091338578903,0.5029748732317714
Optim.jl Particle Swarm,460,444.2186200618744,0.5030797969279612,0.5029748732317714
Optim.jl Particle Swarm,461,445.19747018814087,0.5031594200375328,0.5029748732317714
Optim.jl Particle Swarm,462,446.1293330192566,0.5030750852407789,0.5029748732317714
Optim.jl Particle Swarm,463,447.11361813545227,0.502977659753571,0.5029748732317714
Optim.jl Particle Swarm,464,448.0906641483307,0.503170376331293,0.5029748732317714
Optim.jl Particle Swarm,465,449.07855105400085,0.5029748732317714,0.5029748732317714
Optim.jl Particle Swarm,466,450.06539821624756,0.5029748732317714,0.5029748732317714
Optim.jl Particle Swarm,467,451.02598309516907,0.5029964987485328,0.5029748732317714
Optim.jl Particle Swarm,468,452.0151062011719,0.5029757716698047,0.5029748732317714
Optim.jl Particle Swarm,469,452.9910910129547,0.5029756761283137,0.5029748732317714
Optim.jl Particle Swarm,470,453.92602920532227,0.5031894254905761,0.5029748732317714
Optim.jl Particle Swarm,471,454.91133522987366,0.5030018528424127,0.5029748732317714
Optim.jl Particle Swarm,472,455.82966208457947,0.5031891572821634,0.5029748732317714
Optim.jl Particle Swarm,473,456.7935302257538,0.502998231420814,0.5029748732317714
Optim.jl Particle Swarm,474,457.783319234848,0.5029909840032302,0.5029748732317714
Optim.jl Particle Swarm,475,458.800998210907,0.5031147870981374,0.5029748732317714
Optim.jl Particle Swarm,476,459.8187952041626,0.5031845960496867,0.5029748732317714
Optim.jl Particle Swarm,477,460.8071222305298,0.5029754008201625,0.5029748732317714
Optim.jl Particle Swarm,478,461.8490631580353,0.5031965655367933,0.5029748732317714
Optim.jl Particle Swarm,479,462.8377890586853,0.5029748732317714,0.5029748732317714
Optim.jl Particle Swarm,480,463.83208417892456,0.5029748732317714,0.5029748732317714
Optim.jl Particle Swarm,481,464.8002460002899,0.5029832053020173,0.5029748732317714
Optim.jl Particle Swarm,482,465.8095541000366,0.502976882577875,0.5029748732317714
Optim.jl Particle Swarm,483,466.75855112075806,0.5029759262763447,0.5029748732317714
Optim.jl Particle Swarm,484,467.7944231033325,0.5029900555397216,0.5029748732317714
Optim.jl Particle Swarm,485,468.8486201763153,0.502988550504127,0.5029748732317714
Optim.jl Particle Swarm,486,469.8636112213135,0.5030936999150529,0.5029748732317714
Optim.jl Particle Swarm,487,470.9490370750427,0.5029991896362042,0.5029748732317714
Optim.jl Particle Swarm,488,472.00990319252014,0.5030759501284479,0.5029748732317714
Optim.jl Particle Swarm,489,473.0847451686859,0.5030208388839797,0.5029748732317714
Optim.jl Particle Swarm,490,474.105975151062,0.5030086203754757,0.5029748732317714
Optim.jl Particle Swarm,491,475.15623211860657,0.5029780202147496,0.5029748732317714
Optim.jl Particle Swarm,492,476.15721106529236,0.5030130507075037,0.5029748732317714
Optim.jl Particle Swarm,493,477.21221804618835,0.5029748732317714,0.5029748732317714
Optim.jl Particle Swarm,494,478.22884821891785,0.5084899509505328,0.5029748732317714
Optim.jl Particle Swarm,495,479.27998518943787,0.5029818333273229,0.5029748732317714
Optim.jl Particle Swarm,496,480.3765161037445,0.5029767664379717,0.5029748732317714
Optim.jl Particle Swarm,497,481.46400904655457,0.5029755763474939,0.5029748732317714
Optim.jl Particle Swarm,498,482.52002000808716,0.5031275546600942,0.5029748732317714
Optim.jl Particle Swarm,499,483.5754780769348,0.5029778591201173,0.5029748732317714
Optim.jl Particle Swarm,500,484.6248381137848,0.5030884744992821,0.5029748732317714
Optim.jl Particle Swarm,501,485.7263250350952,0.5030035786828408,0.5029748732317714
Optim.jl Particle Swarm,502,486.81620621681213,0.5030090981424072,0.5029748732317714
Optim.jl Particle Swarm,503,487.8389880657196,0.5029629272690135,0.5029629272690135
Optim.jl Particle Swarm,504,488.9021940231323,0.5030745711474017,0.5029629272690135
Optim.jl Particle Swarm,505,489.9895272254944,0.5029749270143857,0.5029629272690135
Optim.jl Particle Swarm,506,490.999311208725,0.5031395944065399,0.5029629272690135
Optim.jl Particle Swarm,507,492.05999517440796,0.5029748732317714,0.5029629272690135
Optim.jl Particle Swarm,508,492.96896600723267,0.5271261423289866,0.5029629272690135
Optim.jl Particle Swarm,509,493.9694550037384,0.5030090621215833,0.5029629272690135
Optim.jl Particle Swarm,510,494.99519300460815,0.5030183192959241,0.5029629272690135
Optim.jl Particle Swarm,511,496.0449900627136,0.5030272164665113,0.5029629272690135
Optim.jl Particle Swarm,512,497.05634117126465,0.5030231710262201,0.5029629272690135
Optim.jl Particle Swarm,513,498.1312460899353,0.5030828514517348,0.5029629272690135
Optim.jl Particle Swarm,514,499.2024040222168,0.5030880588938383,0.5029629272690135
Optim.jl Particle Swarm,515,500.22945404052734,0.5030279314131939,0.5029629272690135
Optim.jl Particle Swarm,516,501.2299120426178,0.5029882380409415,0.5029629272690135
Optim.jl Particle Swarm,517,502.26285004615784,0.5031596164590874,0.5029629272690135
Optim.jl Particle Swarm,518,503.276052236557,0.5031687024532914,0.5029629272690135
Optim.jl Particle Swarm,519,504.28187704086304,0.5030342906332836,0.5029629272690135
Optim.jl Particle Swarm,520,505.3411741256714,0.502997818901652,0.5029629272690135
Optim.jl Particle Swarm,521,506.3327281475067,0.5029629272690135,0.5029629272690135
Optim.jl Particle Swarm,522,507.31266808509827,0.5130074811655958,0.5029629272690135
Optim.jl Particle Swarm,523,508.4278872013092,0.5031741409107746,0.5029629272690135
Optim.jl Particle Swarm,524,509.4791100025177,0.5029900294121168,0.5029629272690135
Optim.jl Particle Swarm,525,510.51304817199707,0.503002464573188,0.5029629272690135
Optim.jl Particle Swarm,526,511.6054410934448,0.5031186881355068,0.5029629272690135
Optim.jl Particle Swarm,527,512.634565114975,0.5029982017925826,0.5029629272690135
Optim.jl Particle Swarm,528,513.7240331172943,0.5030305854241273,0.5029629272690135
Optim.jl Particle Swarm,529,514.8118200302124,0.5031059650407818,0.5029629272690135
Optim.jl Particle Swarm,530,515.8663501739502,0.5030002792696746,0.5029629272690135
Optim.jl Particle Swarm,531,516.9461832046509,0.5031783215977436,0.5029629272690135
Optim.jl Particle Swarm,532,517.9563620090485,0.5029763854092724,0.5029629272690135
Optim.jl Particle Swarm,533,518.9880690574646,0.5029770535327246,0.5029629272690135
Optim.jl Particle Swarm,534,520.0327110290527,0.5031267457277105,0.5029629272690135
Optim.jl Particle Swarm,535,521.04261302948,0.5029629272690135,0.5029629272690135
Optim.jl Particle Swarm,536,522.0738492012024,0.5031006134351634,0.5029629272690135
Optim.jl Particle Swarm,537,523.0995011329651,0.5031065038534733,0.5029629272690135
Optim.jl Particle Swarm,538,524.149491071701,0.5029813687699034,0.5029629272690135
Optim.jl Particle Swarm,539,525.1845121383667,0.5030097371019211,0.5029629272690135
Optim.jl Particle Swarm,540,526.2606890201569,0.5031639865142566,0.5029629272690135
Optim.jl Particle Swarm,541,527.327959060669,0.5029848305470157,0.5029629272690135
Optim.jl Particle Swarm,542,528.3682041168213,0.5030886314640628,0.5029629272690135
Optim.jl Particle Swarm,543,529.3693192005157,0.502998811815864,0.5029629272690135
Optim.jl Particle Swarm,544,530.4602270126343,0.5030224895829103,0.5029629272690135
Optim.jl Particle Swarm,545,531.537112236023,0.5033758267957464,0.5029629272690135
Optim.jl Particle Swarm,546,532.5868232250214,0.5030345680229831,0.5029629272690135
Optim.jl Particle Swarm,547,533.6577432155609,0.5031295014604327,0.5029629272690135
Optim.jl Particle Swarm,548,534.7094340324402,0.5030239372034186,0.5029629272690135
Optim.jl Particle Swarm,549,535.7051692008972,0.5029629272690135,0.5029629272690135
Optim.jl Particle Swarm,550,536.7432851791382,0.5195637077197687,0.5029629272690135
Optim.jl Particle Swarm,551,537.7660520076752,0.5030753313571199,0.5029629272690135
Optim.jl Particle Swarm,552,538.8938450813293,0.5030883168805601,0.5029629272690135
Optim.jl Particle Swarm,553,539.9843850135803,0.5030310873295901,0.5029629272690135
Optim.jl Particle Swarm,554,541.0168681144714,0.5032041660334134,0.5029629272690135
Optim.jl Particle Swarm,555,542.0233631134033,0.5030225675688145,0.5029629272690135
Optim.jl Particle Swarm,556,543.0955572128296,0.5030754435494771,0.5029629272690135
Optim.jl Particle Swarm,557,544.1737630367279,0.5031071411314034,0.5029629272690135
Optim.jl Particle Swarm,558,545.2292380332947,0.5029569967430523,0.5029569967430523
Optim.jl Particle Swarm,559,546.315924167633,0.5032484364205163,0.5029569967430523
Optim.jl Particle Swarm,560,547.3819370269775,0.5030268632215683,0.5029569967430523
Optim.jl Particle Swarm,561,548.4403741359711,0.5030055047456173,0.5029569967430523
Optim.jl Particle Swarm,562,549.553759098053,0.5031316764084484,0.5029569967430523
Optim.jl Particle Swarm,563,550.5541141033173,0.5029629272690135,0.5029569967430523
Optim.jl Particle Swarm,564,551.3869581222534,0.5394308936310073,0.5029569967430523
Optim.jl Particle Swarm,565,552.4908661842346,0.5031001280254189,0.5029569967430523
Optim.jl Particle Swarm,566,553.5634360313416,0.503029484489259,0.5029569967430523
Optim.jl Particle Swarm,567,554.6583271026611,0.5030152103722195,0.5029569967430523
Optim.jl Particle Swarm,568,555.7046871185303,0.5030497207384852,0.5029569967430523
Optim.jl Particle Swarm,569,556.7161641120911,0.5029923908990307,0.5029569967430523
Optim.jl Particle Swarm,570,557.8238260746002,0.503183187796644,0.5029569967430523
Optim.jl Particle Swarm,571,558.8697760105133,0.5031894725859787,0.5029569967430523
Optim.jl Particle Swarm,572,559.933886051178,0.5029931063071884,0.5029569967430523
Optim.jl Particle Swarm,573,561.0128800868988,0.5030271828287998,0.5029569967430523
Optim.jl Particle Swarm,574,562.0376582145691,0.5029942379438395,0.5029569967430523
Optim.jl Particle Swarm,575,563.0446500778198,0.5030753542267543,0.5029569967430523
Optim.jl Particle Swarm,576,564.0748250484467,0.5029961271731258,0.5029569967430523
Optim.jl Particle Swarm,577,565.1281192302704,0.5029569967430523,0.5029569967430523
Optim.jl Particle Swarm,578,566.1836152076721,0.5033985860766617,0.5029569967430523
Optim.jl Particle Swarm,579,567.2628710269928,0.5030679947907619,0.5029569967430523
Optim.jl Particle Swarm,580,568.2464411258698,0.5031028212413786,0.5029569967430523
Optim.jl Particle Swarm,581,569.1722891330719,0.5030160479432076,0.5029569967430523
Optim.jl Particle Swarm,582,570.2291860580444,0.5031829364369363,0.5029569967430523
Optim.jl Particle Swarm,583,571.2469501495361,0.5031119530517247,0.5029569967430523
Optim.jl Particle Swarm,584,572.2059290409088,0.5030070080681325,0.5029569967430523
Optim.jl Particle Swarm,585,573.1417720317841,0.5029989324701157,0.5029569967430523
Optim.jl Particle Swarm,586,574.1037690639496,0.5029681099658256,0.5029569967430523
Optim.jl Particle Swarm,587,575.1625590324402,0.5031384412366924,0.5029569967430523
Optim.jl Particle Swarm,588,576.0918991565704,0.503058827401952,0.5029569967430523
Optim.jl Particle Swarm,589,577.0278940200806,0.5030126417848876,0.5029569967430523
Optim.jl Particle Swarm,590,577.996689081192,0.5030394560116019,0.5029569967430523
Optim.jl Particle Swarm,591,578.9700620174408,0.5029569967430523,0.5029569967430523
Optim.jl Particle Swarm,592,580.05046916008,0.50602684446026,0.5029569967430523
Optim.jl Particle Swarm,593,581.0088782310486,0.5030454805247143,0.5029569967430523
Optim.jl Particle Swarm,594,581.9916741847992,0.503073675312918,0.5029569967430523
Optim.jl Particle Swarm,595,582.9375641345978,0.5030613992900425,0.5029569967430523
Optim.jl Particle Swarm,596,583.8771951198578,0.503228934222516,0.5029569967430523
Optim.jl Particle Swarm,597,584.8199331760406,0.5031732774698544,0.5029569967430523
Optim.jl Particle Swarm,598,585.7499442100525,0.5030722849067271,0.5029569967430523
Optim.jl Particle Swarm,599,586.7379260063171,0.5031300944151345,0.5029569967430523
Optim.jl Particle Swarm,600,587.701553106308,0.5030805651595599,0.5029569967430523
Optim.jl Particle Swarm,601,588.6627111434937,0.5032585745737062,0.5029569967430523
Optim.jl Particle Swarm,602,589.5969171524048,0.503000460009672,0.5029569967430523
Optim.jl Particle Swarm,603,590.6225440502167,0.5031542242877133,0.5029569967430523
Optim.jl Particle Swarm,604,591.6086890697479,0.5030600644023931,0.5029569967430523
Optim.jl Particle Swarm,605,592.5766491889954,0.5029569967430523,0.5029569967430523
Optim.jl Particle Swarm,606,593.5464570522308,0.5029569967430523,0.5029569967430523
Optim.jl Particle Swarm,607,594.488988161087,0.5030428745898722,0.5029569967430523
Optim.jl Particle Swarm,608,595.4528090953827,0.5030428826729462,0.5029569967430523
Optim.jl Particle Swarm,609,596.3878381252289,0.503006750668394,0.5029569967430523
Optim.jl Particle Swarm,610,597.4004280567169,0.5030733819395116,0.5029569967430523
Optim.jl Particle Swarm,611,598.3255240917206,0.5031754950637016,0.5029569967430523
Optim.jl Particle Swarm,612,599.2705690860748,0.5029612142262454,0.5029569967430523
Optim.jl Particle Swarm,613,600.2470750808716,0.5029974723299568,0.5029569967430523
Optim.jl Particle Swarm,614,601.177903175354,0.5031104795153124,0.5029569967430523
Optim.jl Particle Swarm,615,602.163763999939,0.5030443362414656,0.5029569967430523
Optim.jl Particle Swarm,616,603.1187682151794,0.5030458948208231,0.5029569967430523
Optim.jl Particle Swarm,617,604.0860800743103,0.5029751548092827,0.5029569967430523
Optim.jl Particle Swarm,618,605.0357911586761,0.502968082217003,0.5029569967430523
Optim.jl Particle Swarm,619,606.0051081180573,0.5029569967430523,0.5029569967430523
Optim.jl Particle Swarm,620,607.0142061710358,0.5046160028987822,0.5029569967430523
Optim.jl Particle Swarm,621,607.9632210731506,0.5029837580799532,0.5029569967430523
Optim.jl Particle Swarm,622,608.9556682109833,0.5030777271187744,0.5029569967430523
Optim.jl Particle Swarm,623,609.9546980857849,0.503034991289767,0.5029569967430523
Optim.jl Particle Swarm,624,610.9210381507874,0.5031073624900301,0.5029569967430523
Optim.jl Particle Swarm,625,611.9028811454773,0.5031496094283322,0.5029569967430523
Optim.jl Particle Swarm,626,612.8889751434326,0.5030201997180028,0.5029569967430523
Optim.jl Particle Swarm,627,613.8811161518097,0.5029785269486207,0.5029569967430523
Optim.jl Particle Swarm,628,614.8174600601196,0.5029564994660487,0.5029564994660487
Optim.jl Particle Swarm,629,615.8307590484619,0.503115810050383,0.5029564994660487
Optim.jl Particle Swarm,630,616.7718930244446,0.5030379344178871,0.5029564994660487
Optim.jl Particle Swarm,631,617.7227721214294,0.5030176288906573,0.5029564994660487
Optim.jl Particle Swarm,632,618.6757712364197,0.5029678579438193,0.5029564994660487
Optim.jl Particle Swarm,633,619.6400392055511,0.5029569967430523,0.5029564994660487
Optim.jl Particle Swarm,634,620.5758950710297,0.5029564994660487,0.5029564994660487
Optim.jl Particle Swarm,635,621.5400462150574,0.5029594619966604,0.5029564994660487
Optim.jl Particle Swarm,636,622.5023391246796,0.503027170162206,0.5029564994660487
Optim.jl Particle Swarm,637,623.4521381855011,0.5031050754683535,0.5029564994660487
Optim.jl Particle Swarm,638,624.456796169281,0.5031622267108286,0.5029564994660487
Optim.jl Particle Swarm,639,625.409508228302,0.5031891818843998,0.5029564994660487
Optim.jl Particle Swarm,640,626.3477280139923,0.5030745381804651,0.5029564994660487
Optim.jl Particle Swarm,641,627.3111832141876,0.5030239852406831,0.5029564994660487
Optim.jl Particle Swarm,642,628.2640681266785,0.5029987637168435,0.5029564994660487
Optim.jl Particle Swarm,643,629.2156050205231,0.5032107507946784,0.5029564994660487
Optim.jl Particle Swarm,644,630.1570792198181,0.502967575935308,0.5029564994660487
Optim.jl Particle Swarm,645,631.1622161865234,0.503141441780386,0.5029564994660487
Optim.jl Particle Swarm,646,632.1084530353546,0.5029574025745388,0.5029564994660487
Optim.jl Particle Swarm,647,633.0517492294312,0.5029564994660487,0.5029564994660487
Optim.jl Particle Swarm,648,634.0084600448608,0.5030530618218723,0.5029564994660487
Optim.jl Particle Swarm,649,634.9736201763153,0.503036204946369,0.5029564994660487
Optim.jl Particle Swarm,650,635.921581029892,0.5031480347560914,0.5029564994660487
Optim.jl Particle Swarm,651,636.9915220737457,0.5035655048823728,0.5029564994660487
Optim.jl Particle Swarm,652,637.9891571998596,0.5031932891460127,0.5029564994660487
Optim.jl Particle Swarm,653,638.9218010902405,0.5029691531668061,0.5029564994660487
Optim.jl Particle Swarm,654,639.9080410003662,0.5031699626657764,0.5029564994660487
Optim.jl Particle Swarm,655,640.8613522052765,0.5029915575576285,0.5029564994660487
Optim.jl Particle Swarm,656,641.821090221405,0.5029839778120897,0.5029564994660487
Optim.jl Particle Swarm,657,642.7987480163574,0.5029851698664378,0.5029564994660487
Optim.jl Particle Swarm,658,643.7865521907806,0.5031170076129298,0.5029564994660487
Optim.jl Particle Swarm,659,644.7414810657501,0.5029517834336199,0.5029517834336199
Optim.jl Particle Swarm,660,645.6775810718536,0.5029564994660487,0.5029517834336199
Optim.jl Particle Swarm,661,646.5003042221069,0.5297569545954204,0.5029517834336199
Optim.jl Particle Swarm,662,647.4371280670166,0.5029739642577857,0.5029517834336199
Optim.jl Particle Swarm,663,648.4055321216583,0.5030594460503183,0.5029517834336199
Optim.jl Particle Swarm,664,649.4215891361237,0.5032178869618401,0.5029517834336199
Optim.jl Particle Swarm,665,650.4397780895233,0.5031578011762974,0.5029517834336199
Optim.jl Particle Swarm,666,651.3839311599731,0.503312487387783,0.5029517834336199
Optim.jl Particle Swarm,667,652.3826801776886,0.5030126280325502,0.5029517834336199
Optim.jl Particle Swarm,668,653.3258411884308,0.5030100030428434,0.5029517834336199
Optim.jl Particle Swarm,669,654.2759840488434,0.5029761176462275,0.5029517834336199
Optim.jl Particle Swarm,670,655.2303612232208,0.5029761085290124,0.5029517834336199
Optim.jl Particle Swarm,671,656.197995185852,0.5030157647615298,0.5029517834336199
Optim.jl Particle Swarm,672,657.0924122333527,0.503146321265882,0.5029517834336199
Optim.jl Particle Swarm,673,658.0575330257416,0.5029494235201865,0.5029494235201865
Optim.jl Particle Swarm,674,659.0087070465088,0.5029517834336199,0.5029494235201865
Optim.jl Particle Swarm,675,659.9594390392303,0.5029494235201865,0.5029494235201865
Optim.jl Particle Swarm,676,660.9011511802673,0.5029981205023115,0.5029494235201865
Optim.jl Particle Swarm,677,661.8517100811005,0.5029821703488314,0.5029494235201865
Optim.jl Particle Swarm,678,662.824371099472,0.5029863936049209,0.5029494235201865
Optim.jl Particle Swarm,679,663.7631950378418,0.5030870579413846,0.5029494235201865
Optim.jl Particle Swarm,680,664.7101850509644,0.5031748223853422,0.5029494235201865
Optim.jl Particle Swarm,681,665.6679770946503,0.5029682095523572,0.5029494235201865
Optim.jl Particle Swarm,682,666.6322731971741,0.5031105971742463,0.5029494235201865
Optim.jl Particle Swarm,683,667.5948021411896,0.5029816245922807,0.5029494235201865
Optim.jl Particle Swarm,684,668.539911031723,0.503010250867225,0.5029494235201865
Optim.jl Particle Swarm,685,669.5108442306519,0.5030451285378381,0.5029494235201865
Optim.jl Particle Swarm,686,670.4552421569824,0.503009831423894,0.5029494235201865
Optim.jl Particle Swarm,687,671.407341003418,0.5029507266917848,0.5029494235201865
Optim.jl Particle Swarm,688,672.3629891872406,0.5029494235201865,0.5029494235201865
Optim.jl Particle Swarm,689,673.312557220459,0.5029575462873481,0.5029494235201865
Optim.jl Particle Swarm,690,674.2602481842041,0.5029999380255288,0.5029494235201865
Optim.jl Particle Swarm,691,675.1987540721893,0.5031087819892479,0.5029494235201865
Optim.jl Particle Swarm,692,676.1736290454865,0.5030717765988035,0.5029494235201865
Optim.jl Particle Swarm,693,677.1498560905457,0.5031023978299038,0.5029494235201865
Optim.jl Particle Swarm,694,678.0917110443115,0.5029687377738363,0.5029494235201865
Optim.jl Particle Swarm,695,679.093729019165,0.5031190524327857,0.5029494235201865
Optim.jl Particle Swarm,696,680.0514590740204,0.5029554134803396,0.5029494235201865
Optim.jl Particle Swarm,697,681.0299201011658,0.5030391974724071,0.5029494235201865
Optim.jl Particle Swarm,698,681.9895150661469,0.5030136258678264,0.5029494235201865
Optim.jl Particle Swarm,699,682.963781118393,0.5030123743844119,0.5029494235201865
Optim.jl Particle Swarm,700,683.886969089508,0.5029499681841486,0.5029494235201865
Optim.jl Particle Swarm,701,684.8535330295563,0.5029494235201865,0.5029494235201865
Optim.jl Particle Swarm,702,685.5950951576233,0.5410465552726689,0.5029494235201865
Optim.jl Particle Swarm,703,686.5556252002716,0.5029561785755602,0.5029494235201865
Optim.jl Particle Swarm,704,687.51123213768,0.5030757304212086,0.5029494235201865
Optim.jl Particle Swarm,705,688.5026390552521,0.5030777289894843,0.5029494235201865
Optim.jl Particle Swarm,706,689.5214381217957,0.5030947290986618,0.5029494235201865
Optim.jl Particle Swarm,707,690.4754490852356,0.5030477898165149,0.5029494235201865
Optim.jl Particle Swarm,708,691.4601910114288,0.5030638464042957,0.5029494235201865
Optim.jl Particle Swarm,709,692.4650871753693,0.5031174954655904,0.5029494235201865
Optim.jl Particle Swarm,710,693.4267082214355,0.502992511299649,0.5029494235201865
Optim.jl Particle Swarm,711,694.3765571117401,0.5029980069209272,0.5029494235201865
Optim.jl Particle Swarm,712,695.3070991039276,0.5029839258982348,0.5029494235201865
Optim.jl Particle Swarm,713,696.2807881832123,0.5030383365248324,0.5029494235201865
Optim.jl Particle Swarm,714,697.1927931308746,0.5029492571763787,0.5029492571763787
Optim.jl Particle Swarm,715,698.1323990821838,0.5029494235201865,0.5029492571763787
Optim.jl Particle Swarm,716,699.0878970623016,0.5128134268216434,0.5029492571763787
Optim.jl Particle Swarm,717,700.0263662338257,0.5029693022773013,0.5029492571763787
Optim.jl Particle Swarm,718,700.9865610599518,0.5030620826575692,0.5029492571763787
Optim.jl Particle Swarm,719,701.9284551143646,0.5030313661524184,0.5029492571763787
Optim.jl Particle Swarm,720,702.9226171970367,0.5029743434342421,0.5029492571763787
Optim.jl Particle Swarm,721,703.8442761898041,0.5029850346603079,0.5029492571763787
Optim.jl Particle Swarm,722,704.782133102417,0.5030238241808183,0.5029492571763787
Optim.jl Particle Swarm,723,705.7190132141113,0.5032770394478302,0.5029492571763787
Optim.jl Particle Swarm,724,706.6628241539001,0.5030054452398973,0.5029492571763787
Optim.jl Particle Swarm,725,707.6290152072906,0.5030066816371138,0.5029492571763787
Optim.jl Particle Swarm,726,708.6110951900482,0.5030573806060258,0.5029492571763787
Optim.jl Particle Swarm,727,709.567113161087,0.5030284684539194,0.5029492571763787
Optim.jl Particle Swarm,728,710.503799200058,0.5029493912059122,0.5029492571763787
Optim.jl Particle Swarm,729,711.4378499984741,0.5029492571763787,0.5029492571763787
Optim.jl Particle Swarm,730,712.4450080394745,0.5056116975981206,0.5029492571763787
Optim.jl Particle Swarm,731,713.4152891635895,0.5030173248853875,0.5029492571763787
Optim.jl Particle Swarm,732,714.416255235672,0.5029955177943122,0.5029492571763787
Optim.jl Particle Swarm,733,715.366583108902,0.5030946139749735,0.5029492571763787
Optim.jl Particle Swarm,734,716.3435401916504,0.5030377320160064,0.5029492571763787
Optim.jl Particle Swarm,735,717.3014152050018,0.503002630056003,0.5029492571763787
Optim.jl Particle Swarm,736,718.2783370018005,0.5029599612717548,0.5029492571763787
Optim.jl Particle Swarm,737,719.2212171554565,0.5030076976220956,0.5029492571763787
Optim.jl Particle Swarm,738,720.169976234436,0.5031816417382041,0.5029492571763787
Optim.jl Particle Swarm,739,721.132425069809,0.5029989555736347,0.5029492571763787
Optim.jl Particle Swarm,740,722.072026014328,0.502978731648786,0.5029492571763787
Optim.jl Particle Swarm,741,723.04754114151,0.5031365289159724,0.5029492571763787
Optim.jl Particle Swarm,742,723.9942440986633,0.5029496219625413,0.5029492571763787
Optim.jl Particle Swarm,743,724.9168710708618,0.5029492571763787,0.5029492571763787
Optim.jl Particle Swarm,744,725.8122482299805,0.5153169999685626,0.5029492571763787
Optim.jl Particle Swarm,745,726.7530040740967,0.5030634401215045,0.5029492571763787
Optim.jl Particle Swarm,746,727.7303190231323,0.5030892411381491,0.5029492571763787
Optim.jl Particle Swarm,747,728.7323870658875,0.5030634475560208,0.5029492571763787
Optim.jl Particle Swarm,748,729.6966271400452,0.5030117753983085,0.5029492571763787
Optim.jl Particle Swarm,749,730.636824131012,0.5031296709057911,0.5029492571763787
Optim.jl Particle Swarm,750,731.5879490375519,0.5029905028743192,0.5029492571763787
Optim.jl Particle Swarm,751,732.5555191040039,0.5029895878126192,0.5029492571763787
Optim.jl Particle Swarm,752,733.4930400848389,0.5029854918262389,0.5029492571763787
Optim.jl Particle Swarm,753,734.463846206665,0.5030205747085914,0.5029492571763787
Optim.jl Particle Swarm,754,735.3894000053406,0.5029802616227615,0.5029492571763787
Optim.jl Particle Swarm,755,736.4156401157379,0.5031407490920952,0.5029492571763787
Optim.jl Particle Swarm,756,737.3613321781158,0.5029496532938021,0.5029492571763787
Optim.jl Particle Swarm,757,738.290176153183,0.5029492571763787,0.5029492571763787
Optim.jl Particle Swarm,758,739.2398610115051,0.5029492571763787,0.5029492571763787
Optim.jl Particle Swarm,759,740.1815881729126,0.5031625336458379,0.5029492571763787
Optim.jl Particle Swarm,760,741.1560270786285,0.5029845083615171,0.5029492571763787
Optim.jl Particle Swarm,761,742.1190462112427,0.5029534210960293,0.5029492571763787
Optim.jl Particle Swarm,762,743.0657482147217,0.502991713011591,0.5029492571763787
Optim.jl Particle Swarm,763,744.0552551746368,0.503077179424108,0.5029492571763787
Optim.jl Particle Swarm,764,744.9922330379486,0.5030053991405192,0.5029492571763787
Optim.jl Particle Swarm,765,745.9657671451569,0.5029889733145988,0.5029492571763787
Optim.jl Particle Swarm,766,746.9301002025604,0.503090222832024,0.5029492571763787
Optim.jl Particle Swarm,767,747.9017200469971,0.5029917109182516,0.5029492571763787
Optim.jl Particle Swarm,768,748.9054670333862,0.5030183178161702,0.5029492571763787
Optim.jl Particle Swarm,769,749.859030008316,0.5029883647220286,0.5029492571763787
Optim.jl Particle Swarm,770,750.7849411964417,0.502950361725413,0.5029492571763787
Optim.jl Particle Swarm,771,751.7201361656189,0.5029492571763787,0.5029492571763787
Optim.jl Particle Swarm,772,752.6071090698242,0.5073003568733513,0.5029492571763787
Optim.jl Particle Swarm,773,753.5718200206757,0.5030417903786861,0.5029492571763787
Optim.jl Particle Swarm,774,754.5256960391998,0.5030104548970239,0.5029492571763787
Optim.jl Particle Swarm,775,755.439150094986,0.5030738397819027,0.5029492571763787
Optim.jl Particle Swarm,776,756.4081110954285,0.5030355468302271,0.5029492571763787
Optim.jl Particle Swarm,777,757.3452851772308,0.5030385386245391,0.5029492571763787
Optim.jl Particle Swarm,778,758.3160960674286,0.5031489476148082,0.5029492571763787
Optim.jl Particle Swarm,779,759.2715280056,0.5029960755876606,0.5029492571763787
Optim.jl Particle Swarm,780,760.2466070652008,0.5030760678699234,0.5029492571763787
Optim.jl Particle Swarm,781,761.1839971542358,0.5030266042194638,0.5029492571763787
Optim.jl Particle Swarm,782,762.1377820968628,0.5030250828615002,0.5029492571763787
Optim.jl Particle Swarm,783,763.1226041316986,0.5029852109409944,0.5029492571763787
Optim.jl Particle Swarm,784,764.1012351512909,0.5029507211914857,0.5029492571763787
Optim.jl Particle Swarm,785,765.0890991687775,0.5029492571763787,0.5029492571763787
Optim.jl Particle Swarm,786,766.2008512020111,0.5053331301634654,0.5029492571763787
Optim.jl Particle Swarm,787,767.2165081501007,0.5029485952441257,0.5029485952441257
Optim.jl Particle Swarm,788,768.274631023407,0.5030377037260365,0.5029485952441257
Optim.jl Particle Swarm,789,769.3064131736755,0.5029530949886972,0.5029485952441257
Optim.jl Particle Swarm,790,770.3686912059784,0.5030445471625945,0.5029485952441257
Optim.jl Particle Swarm,791,771.3921060562134,0.5030135004034677,0.5029485952441257
Optim.jl Particle Swarm,792,772.40314412117,0.5031780278576862,0.5029485952441257
Optim.jl Particle Swarm,793,773.4936761856079,0.5030371573672542,0.5029485952441257
Optim.jl Particle Swarm,794,774.4936032295227,0.50295326229002,0.5029485952441257
Optim.jl Particle Swarm,795,775.5111482143402,0.5030224359537127,0.5029485952441257
Optim.jl Particle Swarm,796,776.5301430225372,0.503009911641077,0.5029485952441257
Optim.jl Particle Swarm,797,777.6229410171509,0.5030018084912327,0.5029485952441257
Optim.jl Particle Swarm,798,778.6298570632935,0.5029504235883757,0.5029485952441257
Optim.jl Particle Swarm,799,779.6318731307983,0.5029492571763787,0.5029485952441257
Optim.jl Particle Swarm,800,780.4900841712952,0.530744669187098,0.5029485952441257
Optim.jl Particle Swarm,801,781.4859220981598,0.5030646619390081,0.5029485952441257
Optim.jl Particle Swarm,802,782.5139031410217,0.5030024600016889,0.5029485952441257
Optim.jl Particle Swarm,803,783.5196900367737,0.5029818855997555,0.5029485952441257
Optim.jl Particle Swarm,804,784.5891292095184,0.5030906133644584,0.5029485952441257
Optim.jl Particle Swarm,805,785.6421120166779,0.5030858852163823,0.5029485952441257
Optim.jl Particle Swarm,806,786.6680021286011,0.502987370567301,0.5029485952441257
Optim.jl Particle Swarm,807,787.7309901714325,0.5031048876559938,0.5029485952441257
Optim.jl Particle Swarm,808,788.7598431110382,0.5029796992056225,0.5029485952441257
Optim.jl Particle Swarm,809,789.7866492271423,0.503001184006832,0.5029485952441257
Optim.jl Particle Swarm,810,790.8567700386047,0.5030647513131802,0.5029485952441257
Optim.jl Particle Swarm,811,791.9713740348816,0.5031520346123359,0.5029485952441257
Optim.jl Particle Swarm,812,792.9705111980438,0.5029603154570251,0.5029485952441257
Optim.jl Particle Swarm,813,793.9838931560516,0.5029485952441257,0.5029485952441257
Optim.jl Particle Swarm,814,795.015340089798,0.5032844162864473,0.5029485952441257
Optim.jl Particle Swarm,815,796.0319781303406,0.5029592008894733,0.5029485952441257
Optim.jl Particle Swarm,816,797.0848801136017,0.5029947567415614,0.5029485952441257
Optim.jl Particle Swarm,817,798.1288321018219,0.5029838978928268,0.5029485952441257
Optim.jl Particle Swarm,818,799.2381272315979,0.5029948024062448,0.5029485952441257
Optim.jl Particle Swarm,819,800.2950530052185,0.5029949538749143,0.5029485952441257
Optim.jl Particle Swarm,820,801.3186941146851,0.503086388733913,0.5029485952441257
Optim.jl Particle Swarm,821,802.3589351177216,0.5029753016383434,0.5029485952441257
Optim.jl Particle Swarm,822,803.3977720737457,0.5029573223874131,0.5029485952441257
Optim.jl Particle Swarm,823,804.4329290390015,0.5029808504563553,0.5029485952441257
Optim.jl Particle Swarm,824,805.4596350193024,0.5029686481239796,0.5029485952441257
Optim.jl Particle Swarm,825,806.5112481117249,0.5029785459206768,0.5029485952441257
Optim.jl Particle Swarm,826,807.5295901298523,0.5029569674334711,0.5029485952441257
Optim.jl Particle Swarm,827,808.5381162166595,0.5029485952441257,0.5029485952441257
Optim.jl Particle Swarm,828,809.5005230903625,0.5077552245758147,0.5029485952441257
Optim.jl Particle Swarm,829,810.5285921096802,0.5029700616629927,0.5029485952441257
Optim.jl Particle Swarm,830,811.562910079956,0.5029752727341703,0.5029485952441257
Optim.jl Particle Swarm,831,812.6340250968933,0.5029640321339645,0.5029485952441257
Optim.jl Particle Swarm,832,813.6741361618042,0.5030007802111276,0.5029485952441257
Optim.jl Particle Swarm,833,814.7258050441742,0.502967505126031,0.5029485952441257
Optim.jl Particle Swarm,834,815.7657911777496,0.5029709432711469,0.5029485952441257
Optim.jl Particle Swarm,835,816.7948541641235,0.5029678192480503,0.5029485952441257
Optim.jl Particle Swarm,836,817.8336300849915,0.5030083670430463,0.5029485952441257
Optim.jl Particle Swarm,837,818.8693931102753,0.5030139636961201,0.5029485952441257
Optim.jl Particle Swarm,838,819.9173650741577,0.5029846866596581,0.5029485952441257
Optim.jl Particle Swarm,839,821.0020070075989,0.5030103718144852,0.5029485952441257
Optim.jl Particle Swarm,840,822.0207600593567,0.502958488063204,0.5029485952441257
Optim.jl Particle Swarm,841,823.0472671985626,0.5029485952441257,0.5029485952441257
Optim.jl Particle Swarm,842,824.0773661136627,0.5048196179548398,0.5029485952441257
Optim.jl Particle Swarm,843,825.0842571258545,0.5030436964154982,0.5029485952441257
Optim.jl Particle Swarm,844,826.1280200481415,0.503041438614047,0.5029485952441257
Optim.jl Particle Swarm,845,827.1725881099701,0.5029555205635299,0.5029485952441257
Optim.jl Particle Swarm,846,828.2328400611877,0.5030039275566524,0.5029485952441257
Optim.jl Particle Swarm,847,829.2604460716248,0.5030205690038511,0.5029485952441257
Optim.jl Particle Swarm,848,830.3189740180969,0.5030774521632251,0.5029485952441257
Optim.jl Particle Swarm,849,831.3807420730591,0.5030322173612845,0.5029485952441257
Optim.jl Particle Swarm,850,832.433265209198,0.5029940436952591,0.5029485952441257
Optim.jl Particle Swarm,851,833.4480261802673,0.5029699597691787,0.5029485952441257
Optim.jl Particle Swarm,852,834.5021710395813,0.5029896670726729,0.5029485952441257
Optim.jl Particle Swarm,853,835.628965139389,0.5031386562733123,0.5029485952441257
Optim.jl Particle Swarm,854,836.674220085144,0.5029510672175372,0.5029485952441257
Optim.jl Particle Swarm,855,837.7001340389252,0.5029485952441257,0.5029485952441257
Optim.jl Particle Swarm,856,838.7422461509705,0.5029485952441257,0.5029485952441257
Optim.jl Particle Swarm,857,839.8123440742493,0.5030785145450337,0.5029485952441257
Optim.jl Particle Swarm,858,840.8550071716309,0.5029935752594674,0.5029485952441257
Optim.jl Particle Swarm,859,841.9227840900421,0.5029661309248368,0.5029485952441257
Optim.jl Particle Swarm,860,843.056880235672,0.5030176887934541,0.5029485952441257
Optim.jl Particle Swarm,861,844.1052811145782,0.5030004455967959,0.5029485952441257
Optim.jl Particle Swarm,862,845.1636040210724,0.5031164771810421,0.5029485952441257
Optim.jl Particle Swarm,863,846.2054870128632,0.5030479349365549,0.5029485952441257
Optim.jl Particle Swarm,864,847.2535300254822,0.5029852014944747,0.5029485952441257
Optim.jl Particle Swarm,865,848.2819921970367,0.503039976541878,0.5029485952441257
Optim.jl Particle Swarm,866,849.3626251220703,0.5030064605335468,0.5029485952441257
Optim.jl Particle Swarm,867,850.4511451721191,0.5030023826971326,0.5029485952441257
Optim.jl Particle Swarm,868,851.4874942302704,0.5029562464324316,0.5029485952441257
Optim.jl Particle Swarm,869,852.5112080574036,0.5029485952441257,0.5029485952441257
Optim.jl Particle Swarm,870,853.6381731033325,0.505336339975829,0.5029485952441257
Optim.jl Particle Swarm,871,854.659618139267,0.5029647477890798,0.5029485952441257
Optim.jl Particle Swarm,872,855.7027671337128,0.5030107648870902,0.5029485952441257
Optim.jl Particle Swarm,873,856.7789950370789,0.5029771142995929,0.5029485952441257
Optim.jl Particle Swarm,874,857.8483850955963,0.5031069622256513,0.5029485952441257
Optim.jl Particle Swarm,875,858.8998010158539,0.5030012098761555,0.5029485952441257
Optim.jl Particle Swarm,876,859.9257290363312,0.5029867902283629,0.5029485952441257
Optim.jl Particle Swarm,877,860.9910430908203,0.5029630803868295,0.5029485952441257
Optim.jl Particle Swarm,878,862.0507161617279,0.5029603058260588,0.5029485952441257
Optim.jl Particle Swarm,879,863.1515221595764,0.5030830656094997,0.5029485952441257
Optim.jl Particle Swarm,880,864.2269902229309,0.5030801640746497,0.5029485952441257
Optim.jl Particle Swarm,881,865.3542442321777,0.503011633964204,0.5029485952441257
Optim.jl Particle Swarm,882,866.3992772102356,0.5029486166027447,0.5029485952441257
Optim.jl Particle Swarm,883,867.4375810623169,0.5029485952441257,0.5029485952441257
Optim.jl Particle Swarm,884,868.4177072048187,0.5077552245758147,0.5029485952441257
Optim.jl Particle Swarm,885,869.4703950881958,0.5030024811569107,0.5029485952441257
Optim.jl Particle Swarm,886,870.531081199646,0.5030159944828065,0.5029485952441257
Optim.jl Particle Swarm,887,871.5771059989929,0.5029556489939633,0.5029485952441257
Optim.jl Particle Swarm,888,872.6604940891266,0.503065730393994,0.5029485952441257
Optim.jl Particle Swarm,889,873.7118110656738,0.5029808486583475,0.5029485952441257
Optim.jl Particle Swarm,890,874.7532992362976,0.5031343470409754,0.5029485952441257
Optim.jl Particle Swarm,891,875.8144791126251,0.5029924465551223,0.5029485952441257
Optim.jl Particle Swarm,892,876.8295800685883,0.5029908787017346,0.5029485952441257
Optim.jl Particle Swarm,893,877.9535231590271,0.5030051981082758,0.5029485952441257
Optim.jl Particle Swarm,894,879.0194330215454,0.5030061192112371,0.5029485952441257
Optim.jl Particle Swarm,895,880.1781921386719,0.5030374691845612,0.5029485952441257
Optim.jl Particle Swarm,896,881.230318069458,0.5029592118704329,0.5029485952441257
Optim.jl Particle Swarm,897,882.1726701259613,0.5029485952441257,0.5029485952441257
Optim.jl Particle Swarm,898,883.1119341850281,0.5029485952441257,0.5029485952441257
Optim.jl Particle Swarm,899,884.046953201294,0.5029532625149984,0.5029485952441257
Optim.jl Particle Swarm,900,884.9915261268616,0.5030728943332949,0.5029485952441257
Optim.jl Particle Swarm,901,885.9630122184753,0.50297298063854,0.5029485952441257
Optim.jl Particle Swarm,902,886.9521181583405,0.5030477916068506,0.5029485952441257
Optim.jl Particle Swarm,903,887.8746581077576,0.5029871459272156,0.5029485952441257
Optim.jl Particle Swarm,904,888.8167791366577,0.5029624627772642,0.5029485952441257
Optim.jl Particle Swarm,905,889.8030550479889,0.5030081321551705,0.5029485952441257
Optim.jl Particle Swarm,906,890.7840571403503,0.5031345865078022,0.5029485952441257
Optim.jl Particle Swarm,907,891.744665145874,0.5030237606191174,0.5029485952441257
Optim.jl Particle Swarm,908,892.7300601005554,0.5031095237064673,0.5029485952441257
Optim.jl Particle Swarm,909,893.6976552009583,0.5030468147262417,0.5029485952441257
Optim.jl Particle Swarm,910,894.6300201416016,0.5029617860943328,0.5029485952441257
Optim.jl Particle Swarm,911,895.5725030899048,0.5029485952441257,0.5029485952441257
Optim.jl Particle Swarm,912,896.5157821178436,0.5029485952441257,0.5029485952441257
Optim.jl Particle Swarm,913,897.4566600322723,0.5030122218068043,0.5029485952441257
Optim.jl Particle Swarm,914,898.4131400585175,0.5030761845891359,0.5029485952441257
Optim.jl Particle Swarm,915,899.3823990821838,0.502965759736672,0.5029485952441257
Optim.jl Particle Swarm,916,900.4074392318726,0.5031744210213905,0.5029485952441257
Optim.jl Particle Swarm,917,901.3421292304993,0.503022736498948,0.5029485952441257
Optim.jl Particle Swarm,918,902.307028055191,0.503025144397538,0.5029485952441257
Optim.jl Particle Swarm,919,903.2567210197449,0.5030528732674237,0.5029485952441257
Optim.jl Particle Swarm,920,904.2154021263123,0.5030219011098512,0.5029485952441257
Optim.jl Particle Swarm,921,905.1698501110077,0.5030699024410803,0.5029485952441257
Optim.jl Particle Swarm,922,906.1457421779633,0.5029816428359639,0.5029485952441257
Optim.jl Particle Swarm,923,907.0989601612091,0.502970238095151,0.5029485952441257
Optim.jl Particle Swarm,924,908.0294241905212,0.5029534523879732,0.5029485952441257
Optim.jl Particle Swarm,925,908.9604651927948,0.5029485952441257,0.5029485952441257
BlackBoxOptim Adaptive DE,1,1.1060631275177002,0.5291169051349538,0.5291169051349538
BlackBoxOptim Adaptive DE,2,2.447144031524658,0.5900658694329274,0.5291169051349538
BlackBoxOptim Adaptive DE,3,3.130121946334839,0.5639821305770096,0.5291169051349538
BlackBoxOptim Adaptive DE,4,3.5264999866485596,0.6952274511615252,0.5291169051349538
BlackBoxOptim Adaptive DE,5,4.077176094055176,0.6906232833191565,0.5291169051349538
BlackBoxOptim Adaptive DE,6,4.878549098968506,0.5481805823865596,0.5291169051349538
BlackBoxOptim Adaptive DE,7,5.53177809715271,0.5639821305770096,0.5291169051349538
BlackBoxOptim Adaptive DE,8,5.887051105499268,0.6900294554266184,0.5291169051349538
BlackBoxOptim Adaptive DE,9,6.302196979522705,0.6906232833191565,0.5291169051349538
BlackBoxOptim Adaptive DE,10,6.660865068435669,0.6927293537581016,0.5291169051349538
BlackBoxOptim Adaptive DE,11,7.364887952804565,0.5476651090896041,0.5291169051349538
BlackBoxOptim Adaptive DE,12,7.760596990585327,0.6884788159715626,0.5291169051349538
BlackBoxOptim Adaptive DE,13,8.508820056915283,0.5725491167901228,0.5291169051349538
BlackBoxOptim Adaptive DE,14,9.334779024124146,0.5784406654700314,0.5291169051349538
BlackBoxOptim Adaptive DE,15,10.043030023574829,0.5888100637963587,0.5291169051349538
BlackBoxOptim Adaptive DE,16,10.603764057159424,0.6670347819024484,0.5291169051349538
BlackBoxOptim Adaptive DE,17,11.49370002746582,0.5421253890416006,0.5291169051349538
BlackBoxOptim Adaptive DE,18,12.08722710609436,0.6050044970775752,0.5291169051349538
BlackBoxOptim Adaptive DE,19,12.807585000991821,0.5475547903407774,0.5291169051349538
BlackBoxOptim Adaptive DE,20,13.541970014572144,0.5456520003996821,0.5291169051349538
BlackBoxOptim Adaptive DE,21,13.94943118095398,0.6750799388034937,0.5291169051349538
BlackBoxOptim Adaptive DE,22,14.592381954193115,0.5809758043173813,0.5291169051349538
BlackBoxOptim Adaptive DE,23,15.506976127624512,0.5311302287853733,0.5291169051349538
BlackBoxOptim Adaptive DE,24,16.434887170791626,0.5282460618932451,0.5282460618932451
BlackBoxOptim Adaptive DE,25,17.040146112442017,0.580659077765135,0.5282460618932451
BlackBoxOptim Adaptive DE,26,17.574471950531006,0.634823744091862,0.5282460618932451
BlackBoxOptim Adaptive DE,27,17.979565143585205,0.6853299869076032,0.5282460618932451
BlackBoxOptim Adaptive DE,28,18.430794954299927,0.6734125950555944,0.5282460618932451
BlackBoxOptim Adaptive DE,29,19.04969811439514,0.5930694422857741,0.5282460618932451
BlackBoxOptim Adaptive DE,30,19.623350143432617,0.5967958300290255,0.5282460618932451
BlackBoxOptim Adaptive DE,31,20.164286136627197,0.5947316319315825,0.5282460618932451
BlackBoxOptim Adaptive DE,32,20.78206205368042,0.5630805727340845,0.5282460618932451
BlackBoxOptim Adaptive DE,33,21.73265814781189,0.5127475777763839,0.5127475777763839
BlackBoxOptim Adaptive DE,34,22.379167079925537,0.5809758043173813,0.5127475777763839
BlackBoxOptim Adaptive DE,35,22.969417095184326,0.5955546843987668,0.5127475777763839
BlackBoxOptim Adaptive DE,36,23.574275016784668,0.5930694422857741,0.5127475777763839
BlackBoxOptim Adaptive DE,37,24.58084201812744,0.5200476677621434,0.5127475777763839
BlackBoxOptim Adaptive DE,38,25.393131017684937,0.5575456693043902,0.5127475777763839
BlackBoxOptim Adaptive DE,39,26.049684047698975,0.5930694422857741,0.5127475777763839
BlackBoxOptim Adaptive DE,40,26.658102989196777,0.6252593322494534,0.5127475777763839
BlackBoxOptim Adaptive DE,41,27.13448405265808,0.668688162452926,0.5127475777763839
BlackBoxOptim Adaptive DE,42,28.03103995323181,0.5429372910153727,0.5127475777763839
BlackBoxOptim Adaptive DE,43,28.57750105857849,0.5947316319315825,0.5127475777763839
BlackBoxOptim Adaptive DE,44,29.337208032608032,0.548248830684031,0.5127475777763839
BlackBoxOptim Adaptive DE,45,30.07162594795227,0.5456520003996821,0.5127475777763839
BlackBoxOptim Adaptive DE,46,30.92595911026001,0.5507933891819246,0.5127475777763839
BlackBoxOptim Adaptive DE,47,31.892820119857788,0.5272352429662424,0.5127475777763839
BlackBoxOptim Adaptive DE,48,32.66996908187866,0.526957861893711,0.5127475777763839
BlackBoxOptim Adaptive DE,49,33.51467704772949,0.5477877824679709,0.5127475777763839
BlackBoxOptim Adaptive DE,50,34.2801730632782,0.5652758870769854,0.5127475777763839
BlackBoxOptim Adaptive DE,51,34.89380717277527,0.6089583464230561,0.5127475777763839
BlackBoxOptim Adaptive DE,52,35.63206505775452,0.575839604411848,0.5127475777763839
BlackBoxOptim Adaptive DE,53,36.1823091506958,0.6302452130633321,0.5127475777763839
BlackBoxOptim Adaptive DE,54,36.56313514709473,0.6789959559505291,0.5127475777763839
BlackBoxOptim Adaptive DE,55,36.97340202331543,0.696971061419203,0.5127475777763839
BlackBoxOptim Adaptive DE,56,37.878945112228394,0.5442799557904081,0.5127475777763839
BlackBoxOptim Adaptive DE,57,38.701688051223755,0.5536291691199047,0.5127475777763839
BlackBoxOptim Adaptive DE,58,39.43699097633362,0.5456520003996821,0.5127475777763839
BlackBoxOptim Adaptive DE,59,40.36605215072632,0.5353593238291204,0.5127475777763839
BlackBoxOptim Adaptive DE,60,41.10390496253967,0.5245060977212945,0.5127475777763839
BlackBoxOptim Adaptive DE,61,42.00145196914673,0.5318695531474508,0.5127475777763839
BlackBoxOptim Adaptive DE,62,43.001224994659424,0.5115407723497961,0.5115407723497961
BlackBoxOptim Adaptive DE,63,43.72844409942627,0.5416504393669962,0.5115407723497961
BlackBoxOptim Adaptive DE,64,44.455952167510986,0.5479140513627134,0.5115407723497961
BlackBoxOptim Adaptive DE,65,45.237598180770874,0.5473325717107769,0.5115407723497961
BlackBoxOptim Adaptive DE,66,46.28869414329529,0.5137148312040717,0.5115407723497961
BlackBoxOptim Adaptive DE,67,47.10828113555908,0.5478174584182821,0.5115407723497961
BlackBoxOptim Adaptive DE,68,48.05049705505371,0.5378885718852026,0.5115407723497961
BlackBoxOptim Adaptive DE,69,48.815152168273926,0.5430375000332306,0.5115407723497961
BlackBoxOptim Adaptive DE,70,49.72689604759216,0.5371246517187256,0.5115407723497961
BlackBoxOptim Adaptive DE,71,50.42549514770508,0.5902049374914982,0.5115407723497961
BlackBoxOptim Adaptive DE,72,51.35843300819397,0.5173030119915665,0.5115407723497961
BlackBoxOptim Adaptive DE,73,52.18356704711914,0.5522515647249736,0.5115407723497961
BlackBoxOptim Adaptive DE,74,53.099507093429565,0.5327698115229897,0.5115407723497961
BlackBoxOptim Adaptive DE,75,53.81353211402893,0.5813046915900877,0.5115407723497961
BlackBoxOptim Adaptive DE,76,54.447901010513306,0.5929778868275801,0.5115407723497961
BlackBoxOptim Adaptive DE,77,55.11492395401001,0.5550721937791891,0.5115407723497961
BlackBoxOptim Adaptive DE,78,55.90103197097778,0.5395884784623556,0.5115407723497961
BlackBoxOptim Adaptive DE,79,56.667099952697754,0.5435309269105707,0.5115407723497961
BlackBoxOptim Adaptive DE,80,57.52386403083801,0.5325197166571365,0.5115407723497961
BlackBoxOptim Adaptive DE,81,58.53506898880005,0.512609773187279,0.5115407723497961
BlackBoxOptim Adaptive DE,82,59.061251163482666,0.6657590080881226,0.5115407723497961
BlackBoxOptim Adaptive DE,83,59.922670125961304,0.5198359638518674,0.5115407723497961
BlackBoxOptim Adaptive DE,84,60.92192506790161,0.5210282637468298,0.5115407723497961
BlackBoxOptim Adaptive DE,85,61.858741998672485,0.5282460618932451,0.5115407723497961
BlackBoxOptim Adaptive DE,86,62.669219970703125,0.5461051344534061,0.5115407723497961
BlackBoxOptim Adaptive DE,87,63.41075897216797,0.5456520003996821,0.5115407723497961
BlackBoxOptim Adaptive DE,88,64.19489002227783,0.5358933909220646,0.5115407723497961
BlackBoxOptim Adaptive DE,89,64.93566513061523,0.5456520003996821,0.5115407723497961
BlackBoxOptim Adaptive DE,90,65.99659705162048,0.5121976910797699,0.5115407723497961
BlackBoxOptim Adaptive DE,91,66.86655712127686,0.5458837533661648,0.5115407723497961
BlackBoxOptim Adaptive DE,92,67.95508313179016,0.5336186429125163,0.5115407723497961
BlackBoxOptim Adaptive DE,93,68.83683609962463,0.5378205820260996,0.5115407723497961
BlackBoxOptim Adaptive DE,94,69.63863611221313,0.57574899691591,0.5115407723497961
BlackBoxOptim Adaptive DE,95,70.40102005004883,0.5445697476171948,0.5115407723497961
BlackBoxOptim Adaptive DE,96,71.34181714057922,0.5397768424495598,0.5115407723497961
BlackBoxOptim Adaptive DE,97,72.19175004959106,0.5471251159948509,0.5115407723497961
BlackBoxOptim Adaptive DE,98,73.04107904434204,0.5367802884632816,0.5115407723497961
BlackBoxOptim Adaptive DE,99,73.69673013687134,0.5566298329869481,0.5115407723497961
BlackBoxOptim Adaptive DE,100,74.63960003852844,0.5169596827278904,0.5115407723497961
BlackBoxOptim Adaptive DE,101,75.59239411354065,0.5200467014661958,0.5115407723497961
BlackBoxOptim Adaptive DE,102,76.54236102104187,0.5403374288750881,0.5115407723497961
BlackBoxOptim Adaptive DE,103,77.52267098426819,0.5113666608855948,0.5113666608855948
BlackBoxOptim Adaptive DE,104,78.4417781829834,0.5252492623278142,0.5113666608855948
BlackBoxOptim Adaptive DE,105,79.44472312927246,0.529154520462098,0.5113666608855948
BlackBoxOptim Adaptive DE,106,80.28491806983948,0.5322096196383241,0.5113666608855948
BlackBoxOptim Adaptive DE,107,81.22470712661743,0.5205325006413182,0.5113666608855948
BlackBoxOptim Adaptive DE,108,82.07834315299988,0.5197855559416412,0.5113666608855948
BlackBoxOptim Adaptive DE,109,82.9341790676117,0.5302515889977766,0.5113666608855948
BlackBoxOptim Adaptive DE,110,83.92007517814636,0.5325616496706232,0.5113666608855948
BlackBoxOptim Adaptive DE,111,84.66764712333679,0.5386770194480606,0.5113666608855948
BlackBoxOptim Adaptive DE,112,85.47565507888794,0.5321626510174318,0.5113666608855948
BlackBoxOptim Adaptive DE,113,86.19272994995117,0.5470372462402798,0.5113666608855948
BlackBoxOptim Adaptive DE,114,87.17582297325134,0.5143027532607525,0.5113666608855948
BlackBoxOptim Adaptive DE,115,88.29680013656616,0.508421217599023,0.508421217599023
BlackBoxOptim Adaptive DE,116,89.20303416252136,0.5316943567331422,0.508421217599023
BlackBoxOptim Adaptive DE,117,90.34460210800171,0.51062825428403,0.508421217599023
BlackBoxOptim Adaptive DE,118,91.47713899612427,0.5106064599104568,0.508421217599023
BlackBoxOptim Adaptive DE,119,92.50568294525146,0.5193990221860277,0.508421217599023
BlackBoxOptim Adaptive DE,120,93.3432970046997,0.5379387447869414,0.508421217599023
BlackBoxOptim Adaptive DE,121,94.47758102416992,0.5164883401659984,0.508421217599023
BlackBoxOptim Adaptive DE,122,95.23408818244934,0.5355109320714335,0.508421217599023
BlackBoxOptim Adaptive DE,123,96.30993413925171,0.5065278226499434,0.5065278226499434
BlackBoxOptim Adaptive DE,124,97.34388899803162,0.5207859114301095,0.5065278226499434
BlackBoxOptim Adaptive DE,125,98.15792798995972,0.5292758127056248,0.5065278226499434
BlackBoxOptim Adaptive DE,126,99.21872901916504,0.5101375911625818,0.5065278226499434
BlackBoxOptim Adaptive DE,127,100.03699898719788,0.5318142221846457,0.5065278226499434
BlackBoxOptim Adaptive DE,128,101.07881212234497,0.5099439266276484,0.5065278226499434
BlackBoxOptim Adaptive DE,129,102.12338900566101,0.5092320136584837,0.5065278226499434
BlackBoxOptim Adaptive DE,130,102.89081501960754,0.5382184853087921,0.5065278226499434
BlackBoxOptim Adaptive DE,131,103.95681095123291,0.5071576053419862,0.5065278226499434
BlackBoxOptim Adaptive DE,132,104.96127605438232,0.5127357566384575,0.5065278226499434
BlackBoxOptim Adaptive DE,133,105.90486097335815,0.5196605211909626,0.5065278226499434
BlackBoxOptim Adaptive DE,134,106.93018198013306,0.5098443797978465,0.5065278226499434
BlackBoxOptim Adaptive DE,135,107.97587203979492,0.5148061254206482,0.5065278226499434
BlackBoxOptim Adaptive DE,136,108.89726209640503,0.5209110550820113,0.5065278226499434
BlackBoxOptim Adaptive DE,137,109.81014394760132,0.5274154831205075,0.5065278226499434
BlackBoxOptim Adaptive DE,138,110.82014203071594,0.5129891297478895,0.5065278226499434
BlackBoxOptim Adaptive DE,139,111.65351700782776,0.5364227863623066,0.5065278226499434
BlackBoxOptim Adaptive DE,140,112.56306099891663,0.5236356091857312,0.5065278226499434
BlackBoxOptim Adaptive DE,141,113.53441405296326,0.5256831399589614,0.5065278226499434
BlackBoxOptim Adaptive DE,142,114.56829905509949,0.5110315537452895,0.5065278226499434
BlackBoxOptim Adaptive DE,143,115.65233016014099,0.51181316108292,0.5065278226499434
BlackBoxOptim Adaptive DE,144,116.64123511314392,0.5221137822117851,0.5065278226499434
BlackBoxOptim Adaptive DE,145,117.64404106140137,0.5177695508172726,0.5065278226499434
BlackBoxOptim Adaptive DE,146,118.64629101753235,0.5161424814010801,0.5065278226499434
BlackBoxOptim Adaptive DE,147,119.60608100891113,0.5189038740306393,0.5065278226499434
BlackBoxOptim Adaptive DE,148,120.58148407936096,0.5216865454850144,0.5065278226499434
BlackBoxOptim Adaptive DE,149,121.60523104667664,0.5101154163553835,0.5065278226499434
BlackBoxOptim Adaptive DE,150,122.3667380809784,0.5360114913514975,0.5065278226499434
BlackBoxOptim Adaptive DE,151,123.34837007522583,0.5099198371709335,0.5065278226499434
BlackBoxOptim Adaptive DE,152,124.3521900177002,0.5154752135582847,0.5065278226499434
BlackBoxOptim Adaptive DE,153,124.93332409858704,0.5694073707575983,0.5065278226499434
BlackBoxOptim Adaptive DE,154,125.96119809150696,0.5089312433568228,0.5065278226499434
BlackBoxOptim Adaptive DE,155,126.82949900627136,0.5331429059215093,0.5065278226499434
BlackBoxOptim Adaptive DE,156,127.91215896606445,0.5126982430434395,0.5065278226499434
BlackBoxOptim Adaptive DE,157,128.77200317382812,0.539046632783553,0.5065278226499434
BlackBoxOptim Adaptive DE,158,129.78311014175415,0.512024363848863,0.5065278226499434
BlackBoxOptim Adaptive DE,159,130.79664397239685,0.5136747401240983,0.5065278226499434
BlackBoxOptim Adaptive DE,160,131.94183802604675,0.5063192523875291,0.5063192523875291
BlackBoxOptim Adaptive DE,161,132.89890694618225,0.5194615700508511,0.5063192523875291
BlackBoxOptim Adaptive DE,162,133.88560509681702,0.5109905109511421,0.5063192523875291
BlackBoxOptim Adaptive DE,163,134.86088109016418,0.5283075769465193,0.5063192523875291
BlackBoxOptim Adaptive DE,164,135.81254816055298,0.5235632665489054,0.5063192523875291
BlackBoxOptim Adaptive DE,165,136.7986660003662,0.5110717144791627,0.5063192523875291
BlackBoxOptim Adaptive DE,166,137.80692505836487,0.5095501360393992,0.5063192523875291
BlackBoxOptim Adaptive DE,167,138.91936016082764,0.512774813740884,0.5063192523875291
BlackBoxOptim Adaptive DE,168,139.95822596549988,0.5175190104378102,0.5063192523875291
BlackBoxOptim Adaptive DE,169,141.02191305160522,0.5138455180507164,0.5063192523875291
BlackBoxOptim Adaptive DE,170,142.04189801216125,0.5138455180507164,0.5063192523875291
BlackBoxOptim Adaptive DE,171,143.12533497810364,0.5061390106770284,0.5061390106770284
BlackBoxOptim Adaptive DE,172,144.18208718299866,0.5112934094208598,0.5061390106770284
BlackBoxOptim Adaptive DE,173,145.25343298912048,0.5101375621674449,0.5061390106770284
BlackBoxOptim Adaptive DE,174,146.24226903915405,0.5209976546385074,0.5061390106770284
BlackBoxOptim Adaptive DE,175,147.33235597610474,0.5196132048168252,0.5061390106770284
BlackBoxOptim Adaptive DE,176,148.3515510559082,0.5093129802837395,0.5061390106770284
BlackBoxOptim Adaptive DE,177,149.35601615905762,0.5185180335933917,0.5061390106770284
BlackBoxOptim Adaptive DE,178,150.37531399726868,0.5204527741649172,0.5061390106770284
BlackBoxOptim Adaptive DE,179,151.35391998291016,0.5141328485092004,0.5061390106770284
BlackBoxOptim Adaptive DE,180,152.34216499328613,0.5136950565833579,0.5061390106770284
BlackBoxOptim Adaptive DE,181,153.4849979877472,0.5115973433717848,0.5061390106770284
BlackBoxOptim Adaptive DE,182,154.64805603027344,0.5065227724377134,0.5061390106770284
BlackBoxOptim Adaptive DE,183,155.69559502601624,0.5164128194844282,0.5061390106770284
BlackBoxOptim Adaptive DE,184,156.77798008918762,0.514352997686972,0.5061390106770284
BlackBoxOptim Adaptive DE,185,157.83998012542725,0.509110442828436,0.5061390106770284
BlackBoxOptim Adaptive DE,186,158.8469681739807,0.5148069237261169,0.5061390106770284
BlackBoxOptim Adaptive DE,187,159.7698380947113,0.5141315735548815,0.5061390106770284
BlackBoxOptim Adaptive DE,188,160.88805603981018,0.5072390820658901,0.5061390106770284
BlackBoxOptim Adaptive DE,189,161.84173798561096,0.5218627185257962,0.5061390106770284
BlackBoxOptim Adaptive DE,190,162.67175316810608,0.5186330317989089,0.5061390106770284
BlackBoxOptim Adaptive DE,191,163.66892194747925,0.5124432061949583,0.5061390106770284
BlackBoxOptim Adaptive DE,192,164.68354415893555,0.5058255889257364,0.5058255889257364
BlackBoxOptim Adaptive DE,193,165.67173314094543,0.5183119836319047,0.5058255889257364
BlackBoxOptim Adaptive DE,194,166.62760615348816,0.5142370401375737,0.5058255889257364
BlackBoxOptim Adaptive DE,195,167.71045804023743,0.5055528216762153,0.5055528216762153
BlackBoxOptim Adaptive DE,196,168.7143280506134,0.5136944309614605,0.5055528216762153
BlackBoxOptim Adaptive DE,197,169.8127670288086,0.5102076228824937,0.5055528216762153
BlackBoxOptim Adaptive DE,198,170.75920414924622,0.520791700364097,0.5055528216762153
BlackBoxOptim Adaptive DE,199,171.64292907714844,0.5213811769494898,0.5055528216762153
BlackBoxOptim Adaptive DE,200,172.77635717391968,0.5098689874693788,0.5055528216762153
BlackBoxOptim Adaptive DE,201,173.82071018218994,0.5055665223941223,0.5055528216762153
BlackBoxOptim Adaptive DE,202,174.91372203826904,0.5067929365033641,0.5055528216762153
BlackBoxOptim Adaptive DE,203,175.9644169807434,0.5057081444002792,0.5055528216762153
BlackBoxOptim Adaptive DE,204,176.9212441444397,0.5130352511974517,0.5055528216762153
BlackBoxOptim Adaptive DE,205,178.0433111190796,0.5114580787138608,0.5055528216762153
BlackBoxOptim Adaptive DE,206,179.00617694854736,0.5167407714477892,0.5055528216762153
BlackBoxOptim Adaptive DE,207,179.99107599258423,0.5128893278175275,0.5055528216762153
BlackBoxOptim Adaptive DE,208,181.05674600601196,0.5128767754034507,0.5055528216762153
BlackBoxOptim Adaptive DE,209,182.1458671092987,0.5063633691716476,0.5055528216762153
BlackBoxOptim Adaptive DE,210,183.27192902565002,0.5086869232500351,0.5055528216762153
BlackBoxOptim Adaptive DE,211,184.23769402503967,0.5146288972714486,0.5055528216762153
BlackBoxOptim Adaptive DE,212,185.30737209320068,0.5120879351022395,0.5055528216762153
BlackBoxOptim Adaptive DE,213,186.30946898460388,0.5159052855004331,0.5055528216762153
BlackBoxOptim Adaptive DE,214,187.3190050125122,0.5100027692258392,0.5055528216762153
BlackBoxOptim Adaptive DE,215,188.2677571773529,0.5126846202117035,0.5055528216762153
BlackBoxOptim Adaptive DE,216,189.24860000610352,0.5169114023180362,0.5055528216762153
BlackBoxOptim Adaptive DE,217,190.26332998275757,0.5103071673318222,0.5055528216762153
BlackBoxOptim Adaptive DE,218,191.31485509872437,0.5069539333708093,0.5055528216762153
BlackBoxOptim Adaptive DE,219,192.32247400283813,0.5071833988621496,0.5055528216762153
BlackBoxOptim Adaptive DE,220,193.2746160030365,0.5183160595668161,0.5055528216762153
BlackBoxOptim Adaptive DE,221,194.30294108390808,0.5178139022214672,0.5055528216762153
BlackBoxOptim Adaptive DE,222,195.36860704421997,0.5078035717030317,0.5055528216762153
BlackBoxOptim Adaptive DE,223,196.36364006996155,0.5116903196824697,0.5055528216762153
BlackBoxOptim Adaptive DE,224,197.41052508354187,0.5128687951924881,0.5055528216762153
BlackBoxOptim Adaptive DE,225,198.45925402641296,0.5169467482964524,0.5055528216762153
BlackBoxOptim Adaptive DE,226,199.59360098838806,0.5082528441192559,0.5055528216762153
BlackBoxOptim Adaptive DE,227,200.65757417678833,0.508790525249886,0.5055528216762153
BlackBoxOptim Adaptive DE,228,201.71415901184082,0.5159607532203137,0.5055528216762153
BlackBoxOptim Adaptive DE,229,202.78838515281677,0.5108897529655556,0.5055528216762153
BlackBoxOptim Adaptive DE,230,203.7909049987793,0.514881343762704,0.5055528216762153
BlackBoxOptim Adaptive DE,231,204.88605213165283,0.5090927807150651,0.5055528216762153
BlackBoxOptim Adaptive DE,232,205.9463119506836,0.5086382082994185,0.5055528216762153
BlackBoxOptim Adaptive DE,233,206.97040009498596,0.5079923929925927,0.5055528216762153
BlackBoxOptim Adaptive DE,234,208.23592805862427,0.5125813595401681,0.5055528216762153
BlackBoxOptim Adaptive DE,235,209.340252161026,0.511446945640612,0.5055528216762153
BlackBoxOptim Adaptive DE,236,210.3828489780426,0.5173718999075826,0.5055528216762153
BlackBoxOptim Adaptive DE,237,211.46585607528687,0.513548457972801,0.5055528216762153
BlackBoxOptim Adaptive DE,238,212.590106010437,0.508442769352424,0.5055528216762153
BlackBoxOptim Adaptive DE,239,213.58992505073547,0.5101498066936003,0.5055528216762153
BlackBoxOptim Adaptive DE,240,214.56938910484314,0.5104058882852184,0.5055528216762153
BlackBoxOptim Adaptive DE,241,215.59835195541382,0.5073590815999023,0.5055528216762153
BlackBoxOptim Adaptive DE,242,216.5752990245819,0.5081329482106424,0.5055528216762153
BlackBoxOptim Adaptive DE,243,217.64657711982727,0.5093632874746934,0.5055528216762153
BlackBoxOptim Adaptive DE,244,218.67432808876038,0.5057732539147288,0.5055528216762153
BlackBoxOptim Adaptive DE,245,219.75208616256714,0.5103342943273994,0.5055528216762153
BlackBoxOptim Adaptive DE,246,220.77964210510254,0.5060359138083947,0.5055528216762153
BlackBoxOptim Adaptive DE,247,221.75719904899597,0.5211397560716018,0.5055528216762153
BlackBoxOptim Adaptive DE,248,222.86079907417297,0.5078104953347015,0.5055528216762153
BlackBoxOptim Adaptive DE,249,224.01395797729492,0.505047612245034,0.505047612245034
BlackBoxOptim Adaptive DE,250,225.0468020439148,0.5061386303042315,0.505047612245034
BlackBoxOptim Adaptive DE,251,226.13245701789856,0.5051859095056959,0.505047612245034
BlackBoxOptim Adaptive DE,252,227.17572808265686,0.5069471494420369,0.505047612245034
BlackBoxOptim Adaptive DE,253,228.23359203338623,0.5059195518244263,0.505047612245034
BlackBoxOptim Adaptive DE,254,229.32120394706726,0.5059196741695818,0.505047612245034
BlackBoxOptim Adaptive DE,255,230.3639039993286,0.507266275332321,0.505047612245034
BlackBoxOptim Adaptive DE,256,231.4106090068817,0.511862596618372,0.505047612245034
BlackBoxOptim Adaptive DE,257,232.50012803077698,0.505807671514756,0.505047612245034
BlackBoxOptim Adaptive DE,258,233.53688216209412,0.5054763910304838,0.505047612245034
BlackBoxOptim Adaptive DE,259,234.6680691242218,0.5086160171876427,0.505047612245034
BlackBoxOptim Adaptive DE,260,235.81026101112366,0.5097431976944997,0.505047612245034
BlackBoxOptim Adaptive DE,261,236.90202617645264,0.5051859095056959,0.505047612245034
BlackBoxOptim Adaptive DE,262,237.98531913757324,0.5080610477069419,0.505047612245034
BlackBoxOptim Adaptive DE,263,239.03768110275269,0.5062148202907218,0.505047612245034
BlackBoxOptim Adaptive DE,264,240.05152797698975,0.5051077401554109,0.505047612245034
BlackBoxOptim Adaptive DE,265,241.08220911026,0.5052614206332025,0.505047612245034
BlackBoxOptim Adaptive DE,266,242.2340681552887,0.5075315496283945,0.505047612245034
BlackBoxOptim Adaptive DE,267,243.27160811424255,0.5053161892818265,0.505047612245034
BlackBoxOptim Adaptive DE,268,244.3481011390686,0.5058968932005192,0.505047612245034
BlackBoxOptim Adaptive DE,269,245.475821018219,0.5101308236321684,0.505047612245034
BlackBoxOptim Adaptive DE,270,246.61061096191406,0.5098445684365704,0.505047612245034
BlackBoxOptim Adaptive DE,271,247.7583131790161,0.5056186443174061,0.505047612245034
BlackBoxOptim Adaptive DE,272,248.83068895339966,0.5080773320968428,0.505047612245034
BlackBoxOptim Adaptive DE,273,249.98158311843872,0.5088695739212096,0.505047612245034
BlackBoxOptim Adaptive DE,274,251.04668307304382,0.5053161892818265,0.505047612245034
BlackBoxOptim Adaptive DE,275,252.1303939819336,0.5054755561291483,0.505047612245034
BlackBoxOptim Adaptive DE,276,253.14881110191345,0.5051077401554109,0.505047612245034
BlackBoxOptim Adaptive DE,277,254.16401195526123,0.5051852450653556,0.505047612245034
BlackBoxOptim Adaptive DE,278,255.1988401412964,0.5047680682186727,0.5047680682186727
BlackBoxOptim Adaptive DE,279,256.3370351791382,0.5093091591972113,0.5047680682186727
BlackBoxOptim Adaptive DE,280,257.3847200870514,0.5054515026488676,0.5047680682186727
BlackBoxOptim Adaptive DE,281,258.3751051425934,0.5062359738382032,0.5047680682186727
BlackBoxOptim Adaptive DE,282,259.46004009246826,0.5061289205977371,0.5047680682186727
BlackBoxOptim Adaptive DE,283,260.4925971031189,0.5047722014031838,0.5047680682186727
BlackBoxOptim Adaptive DE,284,261.62796115875244,0.5066995302105739,0.5047680682186727
BlackBoxOptim Adaptive DE,285,262.77736711502075,0.5080323348530571,0.5047680682186727
BlackBoxOptim Adaptive DE,286,263.8669400215149,0.5082677282535774,0.5047680682186727
BlackBoxOptim Adaptive DE,287,264.8699209690094,0.5070144695556985,0.5047680682186727
BlackBoxOptim Adaptive DE,288,266.03183698654175,0.5077594137021689,0.5047680682186727
BlackBoxOptim Adaptive DE,289,267.07433795928955,0.5062520550668893,0.5047680682186727
BlackBoxOptim Adaptive DE,290,268.18138909339905,0.5089044768761636,0.5047680682186727
BlackBoxOptim Adaptive DE,291,269.2003581523895,0.506205057198233,0.5047680682186727
BlackBoxOptim Adaptive DE,292,270.2574110031128,0.5088241915498587,0.5047680682186727
BlackBoxOptim Adaptive DE,293,271.32733702659607,0.5059195518244263,0.5047680682186727
BlackBoxOptim Adaptive DE,294,272.47345900535583,0.5079979776882677,0.5047680682186727
BlackBoxOptim Adaptive DE,295,273.623300075531,0.5059721423897953,0.5047680682186727
BlackBoxOptim Adaptive DE,296,274.739315032959,0.5058787613515662,0.5047680682186727
BlackBoxOptim Adaptive DE,297,275.88623809814453,0.5063037313988732,0.5047680682186727
BlackBoxOptim Adaptive DE,298,277.03279209136963,0.5078497044703755,0.5047680682186727
BlackBoxOptim Adaptive DE,299,278.1830270290375,0.5057835068833835,0.5047680682186727
BlackBoxOptim Adaptive DE,300,279.2389621734619,0.5059217441651978,0.5047680682186727
BlackBoxOptim Adaptive DE,301,280.32172417640686,0.505700867685445,0.5047680682186727
BlackBoxOptim Adaptive DE,302,281.5386040210724,0.5058913814552821,0.5047680682186727
BlackBoxOptim Adaptive DE,303,282.60434913635254,0.5047637628371497,0.5047637628371497
BlackBoxOptim Adaptive DE,304,283.6626920700073,0.5045090120450606,0.5045090120450606
BlackBoxOptim Adaptive DE,305,284.7925851345062,0.5070370388170767,0.5045090120450606
BlackBoxOptim Adaptive DE,306,285.84803795814514,0.5058617194866586,0.5045090120450606
BlackBoxOptim Adaptive DE,307,286.94868516921997,0.5058060565925911,0.5045090120450606
BlackBoxOptim Adaptive DE,308,287.98664903640747,0.5073047804079658,0.5045090120450606
BlackBoxOptim Adaptive DE,309,289.0094790458679,0.5063853195604314,0.5045090120450606
BlackBoxOptim Adaptive DE,310,290.03062915802,0.5061164834625805,0.5045090120450606
BlackBoxOptim Adaptive DE,311,291.15383315086365,0.5070427667216855,0.5045090120450606
BlackBoxOptim Adaptive DE,312,292.27513313293457,0.5062149087046832,0.5045090120450606
BlackBoxOptim Adaptive DE,313,293.5453841686249,0.5065225342233164,0.5045090120450606
BlackBoxOptim Adaptive DE,314,294.63088512420654,0.5070450181420418,0.5045090120450606
BlackBoxOptim Adaptive DE,315,295.73309803009033,0.5068052078810368,0.5045090120450606
BlackBoxOptim Adaptive DE,316,296.8774321079254,0.505774360122849,0.5045090120450606
BlackBoxOptim Adaptive DE,317,297.90637612342834,0.5054380390982975,0.5045090120450606
BlackBoxOptim Adaptive DE,318,298.97086906433105,0.5059179127751418,0.5045090120450606
BlackBoxOptim Adaptive DE,319,300.0578351020813,0.5063837759539065,0.5045090120450606
BlackBoxOptim Adaptive DE,320,301.07687306404114,0.5058806066698264,0.5045090120450606
BlackBoxOptim Adaptive DE,321,302.18989515304565,0.5048490598524387,0.5045090120450606
BlackBoxOptim Adaptive DE,322,303.3324329853058,0.5066041811875025,0.5045090120450606
BlackBoxOptim Adaptive DE,323,304.38734197616577,0.505017166733207,0.5045090120450606
BlackBoxOptim Adaptive DE,324,305.4355001449585,0.5050599856397086,0.5045090120450606
BlackBoxOptim Adaptive DE,325,306.5599579811096,0.5060912180168504,0.5045090120450606
BlackBoxOptim Adaptive DE,326,307.69563007354736,0.5046752905400262,0.5045090120450606
BlackBoxOptim Adaptive DE,327,308.87114810943604,0.5066421825142776,0.5045090120450606
BlackBoxOptim Adaptive DE,328,310.01311802864075,0.5050858003604998,0.5045090120450606
BlackBoxOptim Adaptive DE,329,311.07011318206787,0.5058902848847647,0.5045090120450606
BlackBoxOptim Adaptive DE,330,312.10782504081726,0.5056254841554116,0.5045090120450606
BlackBoxOptim Adaptive DE,331,313.117968082428,0.5060551562750807,0.5045090120450606
BlackBoxOptim Adaptive DE,332,314.12771010398865,0.5062627344652457,0.5045090120450606
BlackBoxOptim Adaptive DE,333,315.2255599498749,0.5061777048096405,0.5045090120450606
BlackBoxOptim Adaptive DE,334,316.2820019721985,0.5062364397223325,0.5045090120450606
BlackBoxOptim Adaptive DE,335,317.32553911209106,0.5073717457747547,0.5045090120450606
BlackBoxOptim Adaptive DE,336,318.41348600387573,0.5057710192217917,0.5045090120450606
BlackBoxOptim Adaptive DE,337,319.4402000904083,0.5054706951069737,0.5045090120450606
BlackBoxOptim Adaptive DE,338,320.5664150714874,0.5065138672661956,0.5045090120450606
BlackBoxOptim Adaptive DE,339,321.6412150859833,0.5045090120450606,0.5045090120450606
BlackBoxOptim Adaptive DE,340,322.70145416259766,0.5057732539147288,0.5045090120450606
BlackBoxOptim Adaptive DE,341,323.81574511528015,0.5053957018451447,0.5045090120450606
BlackBoxOptim Adaptive DE,342,324.96561908721924,0.5061195961380232,0.5045090120450606
BlackBoxOptim Adaptive DE,343,326.04603004455566,0.5046580130585938,0.5045090120450606
BlackBoxOptim Adaptive DE,344,327.10168194770813,0.5070875320337416,0.5045090120450606
BlackBoxOptim Adaptive DE,345,328.23315501213074,0.5048674829804275,0.5045090120450606
BlackBoxOptim Adaptive DE,346,329.28182196617126,0.507561191011214,0.5045090120450606
BlackBoxOptim Adaptive DE,347,330.38862109184265,0.5048490598524387,0.5045090120450606
BlackBoxOptim Adaptive DE,348,331.39049196243286,0.5075478927343896,0.5045090120450606
BlackBoxOptim Adaptive DE,349,332.4547281265259,0.5076783284647108,0.5045090120450606
BlackBoxOptim Adaptive DE,350,333.54692816734314,0.5052136331823234,0.5045090120450606
BlackBoxOptim Adaptive DE,351,334.7491569519043,0.5051029494962129,0.5045090120450606
BlackBoxOptim Adaptive DE,352,335.92265796661377,0.5068496599634844,0.5045090120450606
BlackBoxOptim Adaptive DE,353,336.99079513549805,0.5088592756161464,0.5045090120450606
BlackBoxOptim Adaptive DE,354,338.07365107536316,0.5039226213927583,0.5039226213927583
BlackBoxOptim Adaptive DE,355,339.14715600013733,0.5046580130585938,0.5039226213927583
BlackBoxOptim Adaptive DE,356,340.22654914855957,0.5082861121661034,0.5039226213927583
BlackBoxOptim Adaptive DE,357,341.22296500205994,0.5055116952469363,0.5039226213927583
BlackBoxOptim Adaptive DE,358,342.25422501564026,0.5045679986979457,0.5039226213927583
BlackBoxOptim Adaptive DE,359,343.311527967453,0.5068926155071733,0.5039226213927583
BlackBoxOptim Adaptive DE,360,344.38035917282104,0.5081579779731896,0.5039226213927583
BlackBoxOptim Adaptive DE,361,345.4521131515503,0.5048958349351129,0.5039226213927583
BlackBoxOptim Adaptive DE,362,346.56584310531616,0.5060983137888843,0.5039226213927583
BlackBoxOptim Adaptive DE,363,347.62058305740356,0.5046212442475143,0.5039226213927583
BlackBoxOptim Adaptive DE,364,348.79677510261536,0.5045745805538547,0.5039226213927583
BlackBoxOptim Adaptive DE,365,349.89423298835754,0.5063097981765529,0.5039226213927583
BlackBoxOptim Adaptive DE,366,351.06566309928894,0.5054929289828586,0.5039226213927583
BlackBoxOptim Adaptive DE,367,352.18728709220886,0.5057952623427447,0.5039226213927583
BlackBoxOptim Adaptive DE,368,353.3285529613495,0.5045745805538547,0.5039226213927583
BlackBoxOptim Adaptive DE,369,354.3360061645508,0.506890062763554,0.5039226213927583
BlackBoxOptim Adaptive DE,370,355.3526871204376,0.5063786313751862,0.5039226213927583
BlackBoxOptim Adaptive DE,371,356.40508699417114,0.5060528954208433,0.5039226213927583
BlackBoxOptim Adaptive DE,372,357.4669461250305,0.5049182307152852,0.5039226213927583
BlackBoxOptim Adaptive DE,373,358.59727001190186,0.5070781807190899,0.5039226213927583
BlackBoxOptim Adaptive DE,374,359.71597814559937,0.5058054136554971,0.5039226213927583
BlackBoxOptim Adaptive DE,375,360.8097140789032,0.5070875804215071,0.5039226213927583
BlackBoxOptim Adaptive DE,376,361.96720695495605,0.5045321186003737,0.5039226213927583
BlackBoxOptim Adaptive DE,377,363.0873701572418,0.505787600950073,0.5039226213927583
BlackBoxOptim Adaptive DE,378,364.25930309295654,0.5060199719371792,0.5039226213927583
BlackBoxOptim Adaptive DE,379,365.36373114585876,0.5060541834785086,0.5039226213927583
BlackBoxOptim Adaptive DE,380,366.4043700695038,0.5059166578516923,0.5039226213927583
BlackBoxOptim Adaptive DE,381,367.64500617980957,0.5048092764247113,0.5039226213927583
BlackBoxOptim Adaptive DE,382,368.7501411437988,0.5065412961887736,0.5039226213927583
BlackBoxOptim Adaptive DE,383,369.7583451271057,0.5065232684626526,0.5039226213927583
BlackBoxOptim Adaptive DE,384,370.7742450237274,0.505523713466388,0.5039226213927583
BlackBoxOptim Adaptive DE,385,371.9233651161194,0.5072104371850349,0.5039226213927583
BlackBoxOptim Adaptive DE,386,372.99339413642883,0.5059435905638001,0.5039226213927583
BlackBoxOptim Adaptive DE,387,374.1050159931183,0.5046698752172436,0.5039226213927583
BlackBoxOptim Adaptive DE,388,375.27878308296204,0.5048448722686554,0.5039226213927583
BlackBoxOptim Adaptive DE,389,376.33104610443115,0.5070659794613723,0.5039226213927583
BlackBoxOptim Adaptive DE,390,377.3665521144867,0.5075006693129125,0.5039226213927583
BlackBoxOptim Adaptive DE,391,378.51123309135437,0.5053243228640939,0.5039226213927583
BlackBoxOptim Adaptive DE,392,379.5293400287628,0.5063760852585395,0.5039226213927583
BlackBoxOptim Adaptive DE,393,380.70814514160156,0.504031222015413,0.5039226213927583
BlackBoxOptim Adaptive DE,394,381.8560531139374,0.5041880559117785,0.5039226213927583
BlackBoxOptim Adaptive DE,395,382.9140281677246,0.5064050580003079,0.5039226213927583
BlackBoxOptim Adaptive DE,396,384.0781979560852,0.505796612888621,0.5039226213927583
BlackBoxOptim Adaptive DE,397,385.1627559661865,0.504497431500419,0.5039226213927583
BlackBoxOptim Adaptive DE,398,386.17237305641174,0.5050681653700582,0.5039226213927583
BlackBoxOptim Adaptive DE,399,387.30261301994324,0.5048982460306396,0.5039226213927583
BlackBoxOptim Adaptive DE,400,388.4076211452484,0.50396131734963,0.5039226213927583
BlackBoxOptim Adaptive DE,401,389.49152302742004,0.5044544976161323,0.5039226213927583
BlackBoxOptim Adaptive DE,402,390.6158881187439,0.5054929289828586,0.5039226213927583
BlackBoxOptim Adaptive DE,403,391.82217597961426,0.5049313365342494,0.5039226213927583
BlackBoxOptim Adaptive DE,404,392.9898359775543,0.5054527207868659,0.5039226213927583
BlackBoxOptim Adaptive DE,405,394.0507221221924,0.5049614786407135,0.5039226213927583
BlackBoxOptim Adaptive DE,406,395.14421105384827,0.5044544976161323,0.5039226213927583
BlackBoxOptim Adaptive DE,407,396.22770714759827,0.5063208327540097,0.5039226213927583
BlackBoxOptim Adaptive DE,408,397.3633511066437,0.5058111777822898,0.5039226213927583
BlackBoxOptim Adaptive DE,409,398.41533613204956,0.5068606366809324,0.5039226213927583
BlackBoxOptim Adaptive DE,410,399.4160621166229,0.5059354792552335,0.5039226213927583
BlackBoxOptim Adaptive DE,411,400.4905159473419,0.5047330542848678,0.5039226213927583
BlackBoxOptim Adaptive DE,412,401.69732999801636,0.5054227445918983,0.5039226213927583
BlackBoxOptim Adaptive DE,413,402.72887110710144,0.50551085795615,0.5039226213927583
BlackBoxOptim Adaptive DE,414,403.76338505744934,0.5049627144273273,0.5039226213927583
BlackBoxOptim Adaptive DE,415,404.86579608917236,0.5038655286471521,0.5038655286471521
BlackBoxOptim Adaptive DE,416,406.0164370536804,0.5042534428376967,0.5038655286471521
BlackBoxOptim Adaptive DE,417,407.19709300994873,0.5041911547531457,0.5038655286471521
BlackBoxOptim Adaptive DE,418,408.32015895843506,0.5055582609450381,0.5038655286471521
BlackBoxOptim Adaptive DE,419,409.42001509666443,0.5055272956021689,0.5038655286471521
BlackBoxOptim Adaptive DE,420,410.4909119606018,0.5049729241251634,0.5038655286471521
BlackBoxOptim Adaptive DE,421,411.5609450340271,0.5044869119955798,0.5038655286471521
BlackBoxOptim Adaptive DE,422,412.6690921783447,0.5058028416478,0.5038655286471521
BlackBoxOptim Adaptive DE,423,413.68132615089417,0.5051299589890694,0.5038655286471521
BlackBoxOptim Adaptive DE,424,414.71202397346497,0.5055540629071608,0.5038655286471521
BlackBoxOptim Adaptive DE,425,415.78348207473755,0.5053258662118668,0.5038655286471521
BlackBoxOptim Adaptive DE,426,416.86026310920715,0.5039747433138508,0.5038655286471521
BlackBoxOptim Adaptive DE,427,417.9100151062012,0.5037789376643311,0.5037789376643311
BlackBoxOptim Adaptive DE,428,419.0073461532593,0.5048591110212407,0.5037789376643311
BlackBoxOptim Adaptive DE,429,420.0947861671448,0.5046534206033972,0.5037789376643311
BlackBoxOptim Adaptive DE,430,421.11762404441833,0.5048479047311208,0.5037789376643311
BlackBoxOptim Adaptive DE,431,422.1636199951172,0.5059111723729595,0.5037789376643311
BlackBoxOptim Adaptive DE,432,423.3413989543915,0.5038135927075352,0.5037789376643311
BlackBoxOptim Adaptive DE,433,424.4338459968567,0.5045154776859151,0.5037789376643311
BlackBoxOptim Adaptive DE,434,425.5269601345062,0.5058385890404384,0.5037789376643311
BlackBoxOptim Adaptive DE,435,426.69802713394165,0.504214705105964,0.5037789376643311
BlackBoxOptim Adaptive DE,436,427.73331117630005,0.5049614786407135,0.5037789376643311
BlackBoxOptim Adaptive DE,437,428.8421151638031,0.5039945805934489,0.5037789376643311
BlackBoxOptim Adaptive DE,438,429.89130306243896,0.5049202391425478,0.5037789376643311
BlackBoxOptim Adaptive DE,439,430.90014910697937,0.5044056761161442,0.5037789376643311
BlackBoxOptim Adaptive DE,440,432.0120041370392,0.5037789376643311,0.5037789376643311
BlackBoxOptim Adaptive DE,441,433.23656606674194,0.5057120881814117,0.5037789376643311
BlackBoxOptim Adaptive DE,442,434.45809412002563,0.503894422125148,0.5037789376643311
BlackBoxOptim Adaptive DE,443,435.9055850505829,0.5048077702415223,0.5037789376643311
BlackBoxOptim Adaptive DE,444,437.14775013923645,0.5051436318837734,0.5037789376643311
BlackBoxOptim Adaptive DE,445,438.29504203796387,0.5043756546960516,0.5037789376643311
BlackBoxOptim Adaptive DE,446,439.48894214630127,0.5040100900660629,0.5037789376643311
BlackBoxOptim Adaptive DE,447,440.8910629749298,0.5062143316726985,0.5037789376643311
BlackBoxOptim Adaptive DE,448,442.1071090698242,0.5048398600356311,0.5037789376643311
BlackBoxOptim Adaptive DE,449,443.236093044281,0.5049690115112802,0.5037789376643311
BlackBoxOptim Adaptive DE,450,444.519739151001,0.5042657796998615,0.5037789376643311
BlackBoxOptim Adaptive DE,451,445.65292596817017,0.5044148988114109,0.5037789376643311
BlackBoxOptim Adaptive DE,452,446.8815860748291,0.5055824760040145,0.5037789376643311
BlackBoxOptim Adaptive DE,453,448.05637216567993,0.5041968830264612,0.5037789376643311
BlackBoxOptim Adaptive DE,454,449.32225799560547,0.5041214459571015,0.5037789376643311
BlackBoxOptim Adaptive DE,455,450.6543951034546,0.5037947709534579,0.5037789376643311
BlackBoxOptim Adaptive DE,456,451.93683910369873,0.5037812508428178,0.5037789376643311
BlackBoxOptim Adaptive DE,457,453.1777460575104,0.5054423212016144,0.5037789376643311
BlackBoxOptim Adaptive DE,458,454.36409616470337,0.5054889046597922,0.5037789376643311
BlackBoxOptim Adaptive DE,459,455.5796880722046,0.5044530657368048,0.5037789376643311
BlackBoxOptim Adaptive DE,460,456.6514620780945,0.5045202308009736,0.5037789376643311
BlackBoxOptim Adaptive DE,461,457.9212820529938,0.5038201256078183,0.5037789376643311
BlackBoxOptim Adaptive DE,462,459.1202709674835,0.5045141076650178,0.5037789376643311
BlackBoxOptim Adaptive DE,463,460.2361640930176,0.5049484210147744,0.5037789376643311
BlackBoxOptim Adaptive DE,464,461.5315041542053,0.5046625859014237,0.5037789376643311
BlackBoxOptim Adaptive DE,465,462.658949136734,0.5043521831169989,0.5037789376643311
BlackBoxOptim Adaptive DE,466,463.8255469799042,0.5045855284156944,0.5037789376643311
BlackBoxOptim Adaptive DE,467,465.0183310508728,0.5059025918620264,0.5037789376643311
BlackBoxOptim Adaptive DE,468,466.2384600639343,0.504907540181138,0.5037789376643311
BlackBoxOptim Adaptive DE,469,467.46677708625793,0.5037605901324637,0.5037605901324637
BlackBoxOptim Adaptive DE,470,468.6226041316986,0.5049265988810907,0.5037605901324637
BlackBoxOptim Adaptive DE,471,469.7278039455414,0.5050283956920517,0.5037605901324637
BlackBoxOptim Adaptive DE,472,470.85996413230896,0.5051840341657434,0.5037605901324637
BlackBoxOptim Adaptive DE,473,472.0022089481354,0.5050753670636201,0.5037605901324637
BlackBoxOptim Adaptive DE,474,473.1294720172882,0.5040787015845302,0.5037605901324637
BlackBoxOptim Adaptive DE,475,474.37218713760376,0.5044681012512797,0.5037605901324637
BlackBoxOptim Adaptive DE,476,475.63126397132874,0.5044048140402667,0.5037605901324637
BlackBoxOptim Adaptive DE,477,476.79966402053833,0.5045026929725113,0.5037605901324637
BlackBoxOptim Adaptive DE,478,478.0129840373993,0.5038661739514227,0.5037605901324637
BlackBoxOptim Adaptive DE,479,479.30515813827515,0.5038321721643183,0.5037605901324637
BlackBoxOptim Adaptive DE,480,480.4925911426544,0.5048016860900643,0.5037605901324637
BlackBoxOptim Adaptive DE,481,481.7051570415497,0.5056891667283403,0.5037605901324637
BlackBoxOptim Adaptive DE,482,482.9070680141449,0.5043232790993556,0.5037605901324637
BlackBoxOptim Adaptive DE,483,484.1378769874573,0.5043569656428676,0.5037605901324637
BlackBoxOptim Adaptive DE,484,485.349552154541,0.5038996987559956,0.5037605901324637
BlackBoxOptim Adaptive DE,485,486.49778294563293,0.5042506677809833,0.5037605901324637
BlackBoxOptim Adaptive DE,486,487.73489809036255,0.5047559818000393,0.5037605901324637
BlackBoxOptim Adaptive DE,487,488.84162998199463,0.5044056761161442,0.5037605901324637
BlackBoxOptim Adaptive DE,488,490.06432008743286,0.504185365252646,0.5037605901324637
BlackBoxOptim Adaptive DE,489,491.2568521499634,0.5045668772896009,0.5037605901324637
BlackBoxOptim Adaptive DE,490,492.4859480857849,0.5044901312307716,0.5037605901324637
BlackBoxOptim Adaptive DE,491,493.71347212791443,0.5050949803291186,0.5037605901324637
BlackBoxOptim Adaptive DE,492,494.9518530368805,0.5040258445937711,0.5037605901324637
BlackBoxOptim Adaptive DE,493,496.12156105041504,0.5053715623597613,0.5037605901324637
BlackBoxOptim Adaptive DE,494,497.4600760936737,0.5037639570606276,0.5037605901324637
BlackBoxOptim Adaptive DE,495,498.6644699573517,0.5045326125735883,0.5037605901324637
BlackBoxOptim Adaptive DE,496,499.7750561237335,0.5061135640172031,0.5037605901324637
BlackBoxOptim Adaptive DE,497,500.9014070034027,0.5044056761161442,0.5037605901324637
BlackBoxOptim Adaptive DE,498,502.0310101509094,0.5044346825861283,0.5037605901324637
BlackBoxOptim Adaptive DE,499,503.2177081108093,0.5038312420991153,0.5037605901324637
BlackBoxOptim Adaptive DE,500,504.39177203178406,0.5049883736213069,0.5037605901324637
BlackBoxOptim Adaptive DE,501,505.6027090549469,0.5038661739514227,0.5037605901324637
BlackBoxOptim Adaptive DE,502,506.7131881713867,0.5044344700307936,0.5037605901324637
BlackBoxOptim Adaptive DE,503,507.9212691783905,0.5041314571964111,0.5037605901324637
BlackBoxOptim Adaptive DE,504,509.1439871788025,0.5040433035360986,0.5037605901324637
BlackBoxOptim Adaptive DE,505,510.3790099620819,0.5047665810616032,0.5037605901324637
BlackBoxOptim Adaptive DE,506,511.5848801136017,0.5041569668363297,0.5037605901324637
BlackBoxOptim Adaptive DE,507,512.808336019516,0.5042588723394075,0.5037605901324637
BlackBoxOptim Adaptive DE,508,514.0491871833801,0.5063753082092138,0.5037605901324637
BlackBoxOptim Adaptive DE,509,515.214161157608,0.5044085696216138,0.5037605901324637
BlackBoxOptim Adaptive DE,510,516.4170410633087,0.5038008539620992,0.5037605901324637
BlackBoxOptim Adaptive DE,511,517.6358699798584,0.5039538314017641,0.5037605901324637
BlackBoxOptim Adaptive DE,512,518.8260910511017,0.5051408757024118,0.5037605901324637
BlackBoxOptim Adaptive DE,513,519.9416310787201,0.5041162217410144,0.5037605901324637
BlackBoxOptim Adaptive DE,514,521.1907320022583,0.5039431454817933,0.5037605901324637
BlackBoxOptim Adaptive DE,515,522.3372640609741,0.5048484786465128,0.5037605901324637
BlackBoxOptim Adaptive DE,516,523.5303030014038,0.5036966962038636,0.5036966962038636
BlackBoxOptim Adaptive DE,517,524.6439969539642,0.5045377071740434,0.5036966962038636
BlackBoxOptim Adaptive DE,518,525.8821270465851,0.5042603779399412,0.5036966962038636
BlackBoxOptim Adaptive DE,519,527.1049060821533,0.5045567340265904,0.5036966962038636
BlackBoxOptim Adaptive DE,520,528.3676450252533,0.5036126081143559,0.5036126081143559
BlackBoxOptim Adaptive DE,521,529.5553760528564,0.5052382488759467,0.5036126081143559
BlackBoxOptim Adaptive DE,522,530.6990401744843,0.504317264016955,0.5036126081143559
BlackBoxOptim Adaptive DE,523,531.9689471721649,0.5039986599233091,0.5036126081143559
BlackBoxOptim Adaptive DE,524,533.2604031562805,0.504192543979847,0.5036126081143559
BlackBoxOptim Adaptive DE,525,534.5347511768341,0.5038763784028839,0.5036126081143559
BlackBoxOptim Adaptive DE,526,535.7664520740509,0.5043810628600336,0.5036126081143559
BlackBoxOptim Adaptive DE,527,536.9581961631775,0.5039997718904963,0.5036126081143559
BlackBoxOptim Adaptive DE,528,538.084498167038,0.5041123514235059,0.5036126081143559
BlackBoxOptim Adaptive DE,529,539.2831621170044,0.5039116982613917,0.5036126081143559
BlackBoxOptim Adaptive DE,530,540.5449869632721,0.5038365278622796,0.5036126081143559
BlackBoxOptim Adaptive DE,531,541.7861640453339,0.5035059338186506,0.5035059338186506
BlackBoxOptim Adaptive DE,532,542.9288740158081,0.504782050917954,0.5035059338186506
BlackBoxOptim Adaptive DE,533,544.2732989788055,0.5040961749777861,0.5035059338186506
BlackBoxOptim Adaptive DE,534,545.567291021347,0.5055726048158113,0.5035059338186506
BlackBoxOptim Adaptive DE,535,546.8100171089172,0.5046866674289459,0.5035059338186506
BlackBoxOptim Adaptive DE,536,548.0286359786987,0.504437558630329,0.5035059338186506
BlackBoxOptim Adaptive DE,537,549.2949001789093,0.5040046083869261,0.5035059338186506
BlackBoxOptim Adaptive DE,538,550.3596539497375,0.5045430441590663,0.5035059338186506
BlackBoxOptim Adaptive DE,539,551.5311720371246,0.5038917369542931,0.5035059338186506
BlackBoxOptim Adaptive DE,540,552.5466680526733,0.5040665139724919,0.5035059338186506
BlackBoxOptim Adaptive DE,541,553.6673941612244,0.5053317022944932,0.5035059338186506
BlackBoxOptim Adaptive DE,542,554.7930300235748,0.5038775731410629,0.5035059338186506
BlackBoxOptim Adaptive DE,543,555.8679490089417,0.5035967246410673,0.5035059338186506
BlackBoxOptim Adaptive DE,544,556.9343900680542,0.5035354288343983,0.5035059338186506
BlackBoxOptim Adaptive DE,545,558.0254821777344,0.5040678997971477,0.5035059338186506
BlackBoxOptim Adaptive DE,546,559.2093341350555,0.5050369479352983,0.5035059338186506
BlackBoxOptim Adaptive DE,547,560.3290009498596,0.5042764774876599,0.5035059338186506
BlackBoxOptim Adaptive DE,548,561.4432020187378,0.5056966873158525,0.5035059338186506
BlackBoxOptim Adaptive DE,549,562.5788300037384,0.503467450994862,0.503467450994862
BlackBoxOptim Adaptive DE,550,563.6194760799408,0.5049700911565357,0.503467450994862
BlackBoxOptim Adaptive DE,551,564.7456259727478,0.5038060277285806,0.503467450994862
BlackBoxOptim Adaptive DE,552,565.8892760276794,0.505604783464329,0.503467450994862
BlackBoxOptim Adaptive DE,553,566.9550609588623,0.5041106018539568,0.503467450994862
BlackBoxOptim Adaptive DE,554,568.0182919502258,0.5049801657544202,0.503467450994862
BlackBoxOptim Adaptive DE,555,569.0713210105896,0.5041578710809789,0.503467450994862
BlackBoxOptim Adaptive DE,556,570.091803073883,0.5044789800403621,0.503467450994862
BlackBoxOptim Adaptive DE,557,571.1338770389557,0.5047192077069865,0.503467450994862
BlackBoxOptim Adaptive DE,558,572.1947500705719,0.5040867266623086,0.503467450994862
BlackBoxOptim Adaptive DE,559,573.2616140842438,0.5040926189971986,0.503467450994862
BlackBoxOptim Adaptive DE,560,574.3872020244598,0.5045967345950942,0.503467450994862
BlackBoxOptim Adaptive DE,561,575.4785900115967,0.5046084639441435,0.503467450994862
BlackBoxOptim Adaptive DE,562,576.6033279895782,0.5039500849080265,0.503467450994862
BlackBoxOptim Adaptive DE,563,577.6838850975037,0.5038334971051904,0.503467450994862
BlackBoxOptim Adaptive DE,564,578.8042199611664,0.5031878319056742,0.5031878319056742
BlackBoxOptim Adaptive DE,565,579.8757231235504,0.5053872058270523,0.5031878319056742
BlackBoxOptim Adaptive DE,566,581.0496201515198,0.504806125880544,0.5031878319056742
BlackBoxOptim Adaptive DE,567,582.1483731269836,0.5042975574291935,0.5031878319056742
BlackBoxOptim Adaptive DE,568,583.2108900547028,0.5047386692203208,0.5031878319056742
BlackBoxOptim Adaptive DE,569,584.2634320259094,0.5046070237297431,0.5031878319056742
BlackBoxOptim Adaptive DE,570,585.3939061164856,0.5036005546268599,0.5031878319056742
BlackBoxOptim Adaptive DE,571,586.5329439640045,0.5038473135130995,0.5031878319056742
BlackBoxOptim Adaptive DE,572,587.7344131469727,0.503599794216137,0.5031878319056742
BlackBoxOptim Adaptive DE,573,588.8241751194,0.5039470147791373,0.5031878319056742
BlackBoxOptim Adaptive DE,574,589.9726099967957,0.5046941728531062,0.5031878319056742
BlackBoxOptim Adaptive DE,575,591.0471639633179,0.5046642312575809,0.5031878319056742
BlackBoxOptim Adaptive DE,576,592.1527631282806,0.504175454645844,0.5031878319056742
BlackBoxOptim Adaptive DE,577,593.2884039878845,0.5036805219611387,0.5031878319056742
BlackBoxOptim Adaptive DE,578,594.3997311592102,0.5034185766658474,0.5031878319056742
BlackBoxOptim Adaptive DE,579,595.5616080760956,0.5038007764865878,0.5031878319056742
BlackBoxOptim Adaptive DE,580,596.7414059638977,0.5036682267095947,0.5031878319056742
BlackBoxOptim Adaptive DE,581,597.8329911231995,0.5038264622363527,0.5031878319056742
BlackBoxOptim Adaptive DE,582,599.0021460056305,0.5039791788698816,0.5031878319056742
BlackBoxOptim Adaptive DE,583,600.0956830978394,0.5039101038595231,0.5031878319056742
BlackBoxOptim Adaptive DE,584,601.163980960846,0.5040945919316935,0.5031878319056742
BlackBoxOptim Adaptive DE,585,602.4774091243744,0.5038122546752571,0.5031878319056742
BlackBoxOptim Adaptive DE,586,603.6471350193024,0.5040254607074389,0.5031878319056742
BlackBoxOptim Adaptive DE,587,604.7783191204071,0.5036496189986235,0.5031878319056742
BlackBoxOptim Adaptive DE,588,605.9593200683594,0.5036393637789153,0.5031878319056742
BlackBoxOptim Adaptive DE,589,607.246994972229,0.503712732405959,0.5031878319056742
BlackBoxOptim Adaptive DE,590,608.3903591632843,0.5038224571084009,0.5031878319056742
BlackBoxOptim Adaptive DE,591,609.5283169746399,0.5045964024273556,0.5031878319056742
BlackBoxOptim Adaptive DE,592,610.6458361148834,0.5036388670651966,0.5031878319056742
BlackBoxOptim Adaptive DE,593,611.7903170585632,0.5036325941438228,0.5031878319056742
BlackBoxOptim Adaptive DE,594,612.9418110847473,0.5046227404800804,0.5031878319056742
BlackBoxOptim Adaptive DE,595,614.085963010788,0.5037696383365601,0.5031878319056742
BlackBoxOptim Adaptive DE,596,615.2006821632385,0.5041607169404285,0.5031878319056742
BlackBoxOptim Adaptive DE,597,616.2362570762634,0.5043805756820517,0.5031878319056742
BlackBoxOptim Adaptive DE,598,617.4474260807037,0.5034543663650788,0.5031878319056742
BlackBoxOptim Adaptive DE,599,618.6132559776306,0.5034543663650788,0.5031878319056742
BlackBoxOptim Adaptive DE,600,619.8454060554504,0.5034212296763498,0.5031878319056742
BlackBoxOptim Adaptive DE,601,620.9117920398712,0.5044508292157635,0.5031878319056742
BlackBoxOptim Adaptive DE,602,622.0519270896912,0.5043421646199593,0.5031878319056742
BlackBoxOptim Adaptive DE,603,623.181969165802,0.503877858034844,0.5031878319056742
BlackBoxOptim Adaptive DE,604,624.293338060379,0.5033511519192708,0.5031878319056742
BlackBoxOptim Adaptive DE,605,625.4695491790771,0.5035185080754467,0.5031878319056742
BlackBoxOptim Adaptive DE,606,626.6277339458466,0.5040597819044361,0.5031878319056742
BlackBoxOptim Adaptive DE,607,627.7219660282135,0.5041681472087416,0.5031878319056742
BlackBoxOptim Adaptive DE,608,628.9054090976715,0.5037491212087488,0.5031878319056742
BlackBoxOptim Adaptive DE,609,630.0782730579376,0.503626094730951,0.5031878319056742
BlackBoxOptim Adaptive DE,610,631.2482759952545,0.5041051960797508,0.5031878319056742
BlackBoxOptim Adaptive DE,611,632.431890964508,0.5037305617990993,0.5031878319056742
BlackBoxOptim Adaptive DE,612,633.5400910377502,0.503685330793097,0.5031878319056742
BlackBoxOptim Adaptive DE,613,634.668820142746,0.5032350481296651,0.5031878319056742
BlackBoxOptim Adaptive DE,614,635.7915380001068,0.5034757461346954,0.5031878319056742
BlackBoxOptim Adaptive DE,615,636.934296131134,0.5034481941486254,0.5031878319056742
BlackBoxOptim Adaptive DE,616,638.0665991306305,0.5034558775513445,0.5031878319056742
BlackBoxOptim Adaptive DE,617,639.1602790355682,0.5038404968632703,0.5031878319056742
BlackBoxOptim Adaptive DE,618,640.3439421653748,0.503876627754654,0.5031878319056742
BlackBoxOptim Adaptive DE,619,641.4538340568542,0.503606131459668,0.5031878319056742
BlackBoxOptim Adaptive DE,620,642.5294091701508,0.503617437352972,0.5031878319056742
BlackBoxOptim Adaptive DE,621,643.6106381416321,0.5039039331016172,0.5031878319056742
BlackBoxOptim Adaptive DE,622,644.7049331665039,0.5039215812018893,0.5031878319056742
BlackBoxOptim Adaptive DE,623,645.8131611347198,0.5037721181469527,0.5031878319056742
BlackBoxOptim Adaptive DE,624,646.9669110774994,0.5036366794934732,0.5031878319056742
BlackBoxOptim Adaptive DE,625,648.0820050239563,0.5041933745044506,0.5031878319056742
BlackBoxOptim Adaptive DE,626,649.2066140174866,0.504870627690293,0.5031878319056742
BlackBoxOptim Adaptive DE,627,650.3527090549469,0.5050609852344763,0.5031878319056742
BlackBoxOptim Adaptive DE,628,651.5064899921417,0.5036210676639801,0.5031878319056742
BlackBoxOptim Adaptive DE,629,652.6242451667786,0.5036707745524995,0.5031878319056742
BlackBoxOptim Adaptive DE,630,653.6829719543457,0.5041628721640193,0.5031878319056742
BlackBoxOptim Adaptive DE,631,654.7708749771118,0.5038908782566688,0.5031878319056742
BlackBoxOptim Adaptive DE,632,655.847198009491,0.5034772586096484,0.5031878319056742
BlackBoxOptim Adaptive DE,633,656.9700419902802,0.5037255381833416,0.5031878319056742
BlackBoxOptim Adaptive DE,634,658.0641930103302,0.5036881060500549,0.5031878319056742
BlackBoxOptim Adaptive DE,635,659.169862985611,0.5034622081593846,0.5031878319056742
BlackBoxOptim Adaptive DE,636,660.2688879966736,0.5036116871059928,0.5031878319056742
BlackBoxOptim Adaptive DE,637,661.5251250267029,0.5036108781697677,0.5031878319056742
BlackBoxOptim Adaptive DE,638,662.6621601581573,0.5034331621730165,0.5031878319056742
BlackBoxOptim Adaptive DE,639,663.9224281311035,0.5036797199315692,0.5031878319056742
BlackBoxOptim Adaptive DE,640,665.0303211212158,0.5039582894328182,0.5031878319056742
BlackBoxOptim Adaptive DE,641,666.1580209732056,0.5044857586956537,0.5031878319056742
BlackBoxOptim Adaptive DE,642,667.3159849643707,0.5036197377861282,0.5031878319056742
BlackBoxOptim Adaptive DE,643,668.3886740207672,0.5035939667542587,0.5031878319056742
BlackBoxOptim Adaptive DE,644,669.5335700511932,0.5037804975930944,0.5031878319056742
BlackBoxOptim Adaptive DE,645,670.5810070037842,0.5037676399444554,0.5031878319056742
BlackBoxOptim Adaptive DE,646,671.6843070983887,0.5038418302394388,0.5031878319056742
BlackBoxOptim Adaptive DE,647,672.7279500961304,0.5035902494471597,0.5031878319056742
BlackBoxOptim Adaptive DE,648,673.8206701278687,0.5037159890203634,0.5031878319056742
BlackBoxOptim Adaptive DE,649,674.9801571369171,0.5036582302328745,0.5031878319056742
BlackBoxOptim Adaptive DE,650,676.2104630470276,0.5036148267531557,0.5031878319056742
BlackBoxOptim Adaptive DE,651,677.2970221042633,0.503471196015876,0.5031878319056742
BlackBoxOptim Adaptive DE,652,678.4258971214294,0.5039149490990079,0.5031878319056742
BlackBoxOptim Adaptive DE,653,679.5230360031128,0.5033901269596488,0.5031878319056742
BlackBoxOptim Adaptive DE,654,680.6129269599915,0.503294909991003,0.5031878319056742
BlackBoxOptim Adaptive DE,655,681.7378499507904,0.5034185766658474,0.5031878319056742
BlackBoxOptim Adaptive DE,656,682.8268930912018,0.5035425360098582,0.5031878319056742
BlackBoxOptim Adaptive DE,657,683.9415950775146,0.5037067678372501,0.5031878319056742
BlackBoxOptim Adaptive DE,658,685.1143209934235,0.5034582587780498,0.5031878319056742
BlackBoxOptim Adaptive DE,659,686.2591259479523,0.5032418915499,0.5031878319056742
BlackBoxOptim Adaptive DE,660,687.3570201396942,0.5035335434541844,0.5031878319056742
BlackBoxOptim Adaptive DE,661,688.4487380981445,0.5034994340927661,0.5031878319056742
BlackBoxOptim Adaptive DE,662,689.5279259681702,0.503893000149805,0.5031878319056742
BlackBoxOptim Adaptive DE,663,690.775866985321,0.5033039041815555,0.5031878319056742
BlackBoxOptim Adaptive DE,664,691.8756890296936,0.5032730701056031,0.5031878319056742
BlackBoxOptim Adaptive DE,665,693.1070501804352,0.5038113422909628,0.5031878319056742
BlackBoxOptim Adaptive DE,666,694.2159850597382,0.5036877923379735,0.5031878319056742
BlackBoxOptim Adaptive DE,667,695.3363351821899,0.5031318783838042,0.5031318783838042
BlackBoxOptim Adaptive DE,668,696.4951219558716,0.5040326204953528,0.5031318783838042
BlackBoxOptim Adaptive DE,669,697.6073060035706,0.5034079406628718,0.5031318783838042
BlackBoxOptim Adaptive DE,670,698.7998859882355,0.5037781340800748,0.5031318783838042
BlackBoxOptim Adaptive DE,671,699.9404110908508,0.5034157316391743,0.5031318783838042
BlackBoxOptim Adaptive DE,672,701.1408100128174,0.5038081111186411,0.5031318783838042
BlackBoxOptim Adaptive DE,673,702.2604110240936,0.5035939162250683,0.5031318783838042
BlackBoxOptim Adaptive DE,674,703.3246459960938,0.5032378418219625,0.5031318783838042
BlackBoxOptim Adaptive DE,675,704.3507871627808,0.5042066809975329,0.5031318783838042
BlackBoxOptim Adaptive DE,676,705.5491890907288,0.5038791952948897,0.5031318783838042
BlackBoxOptim Adaptive DE,677,706.710077047348,0.5035399099027029,0.5031318783838042
BlackBoxOptim Adaptive DE,678,707.8446719646454,0.5037074653903086,0.5031318783838042
BlackBoxOptim Adaptive DE,679,709.01442694664,0.503372143257592,0.5031318783838042
BlackBoxOptim Adaptive DE,680,710.1559641361237,0.5035791961723066,0.5031318783838042
BlackBoxOptim Adaptive DE,681,711.261509180069,0.5031712557758381,0.5031318783838042
BlackBoxOptim Adaptive DE,682,712.3096930980682,0.5038024185480583,0.5031318783838042
BlackBoxOptim Adaptive DE,683,713.4745931625366,0.5034390067758261,0.5031318783838042
BlackBoxOptim Adaptive DE,684,714.5476231575012,0.5034788873760326,0.5031318783838042
BlackBoxOptim Adaptive DE,685,715.6106331348419,0.5032190714482339,0.5031318783838042
BlackBoxOptim Adaptive DE,686,716.6942629814148,0.503508242606944,0.5031318783838042
BlackBoxOptim Adaptive DE,687,717.7736370563507,0.5033101034909286,0.5031318783838042
BlackBoxOptim Adaptive DE,688,718.8948249816895,0.5036577598453125,0.5031318783838042
BlackBoxOptim Adaptive DE,689,720.1002459526062,0.504395639934091,0.5031318783838042
BlackBoxOptim Adaptive DE,690,721.211168050766,0.5040982916903981,0.5031318783838042
BlackBoxOptim Adaptive DE,691,722.3690330982208,0.5037789423563006,0.5031318783838042
BlackBoxOptim Adaptive DE,692,723.5121819972992,0.5036264580499431,0.5031318783838042
BlackBoxOptim Adaptive DE,693,724.6513381004333,0.5041894131135123,0.5031318783838042
BlackBoxOptim Adaptive DE,694,725.7647500038147,0.5035975719367639,0.5031318783838042
BlackBoxOptim Adaptive DE,695,726.8970069885254,0.5031052756971905,0.5031052756971905
BlackBoxOptim Adaptive DE,696,728.1403579711914,0.5036488526238578,0.5031052756971905
BlackBoxOptim Adaptive DE,697,729.224543094635,0.5034916774354481,0.5031052756971905
BlackBoxOptim Adaptive DE,698,730.2981760501862,0.503555403237584,0.5031052756971905
BlackBoxOptim Adaptive DE,699,731.3830111026764,0.5032089690513554,0.5031052756971905
BlackBoxOptim Adaptive DE,700,732.4889800548553,0.5034338011209087,0.5031052756971905
BlackBoxOptim Adaptive DE,701,733.552227973938,0.5032750415576479,0.5031052756971905
BlackBoxOptim Adaptive DE,702,734.7701599597931,0.5036005546268599,0.5031052756971905
BlackBoxOptim Adaptive DE,703,735.8681321144104,0.503459990063188,0.5031052756971905
BlackBoxOptim Adaptive DE,704,736.9371411800385,0.5036296201391006,0.5031052756971905
BlackBoxOptim Adaptive DE,705,738.0912780761719,0.5036208778597527,0.5031052756971905
BlackBoxOptim Adaptive DE,706,739.3026371002197,0.5034765920974499,0.5031052756971905
BlackBoxOptim Adaptive DE,707,740.4544820785522,0.5035599608350825,0.5031052756971905
BlackBoxOptim Adaptive DE,708,741.5486071109772,0.5032089690513554,0.5031052756971905
BlackBoxOptim Adaptive DE,709,742.6430470943451,0.5035972683879907,0.5031052756971905
BlackBoxOptim Adaptive DE,710,743.7218351364136,0.5034223263038567,0.5031052756971905
BlackBoxOptim Adaptive DE,711,744.852872133255,0.5032596380276989,0.5031052756971905
BlackBoxOptim Adaptive DE,712,746.0027780532837,0.5036198537969752,0.5031052756971905
BlackBoxOptim Adaptive DE,713,747.1037311553955,0.5032378420995745,0.5031052756971905
BlackBoxOptim Adaptive DE,714,748.1489951610565,0.503967098121487,0.5031052756971905
BlackBoxOptim Adaptive DE,715,749.3201780319214,0.5036117848597162,0.5031052756971905
BlackBoxOptim Adaptive DE,716,750.4275579452515,0.5031522216067099,0.5031052756971905
BlackBoxOptim Adaptive DE,717,751.647075176239,0.5036969597490053,0.5031052756971905
BlackBoxOptim Adaptive DE,718,752.8214559555054,0.5031852417646535,0.5031052756971905
BlackBoxOptim Adaptive DE,719,753.9786431789398,0.5034836290383713,0.5031052756971905
BlackBoxOptim Adaptive DE,720,755.1971151828766,0.5035039493064812,0.5031052756971905
BlackBoxOptim Adaptive DE,721,756.388111114502,0.5036284693218778,0.5031052756971905
BlackBoxOptim Adaptive DE,722,757.5302221775055,0.5033226511657524,0.5031052756971905
BlackBoxOptim Adaptive DE,723,758.6234230995178,0.503243981423631,0.5031052756971905
BlackBoxOptim Adaptive DE,724,759.7547471523285,0.5035593178452961,0.5031052756971905
BlackBoxOptim Adaptive DE,725,760.8783891201019,0.5031658543985417,0.5031052756971905
BlackBoxOptim Adaptive DE,726,762.0337569713593,0.5033992242466476,0.5031052756971905
BlackBoxOptim Adaptive DE,727,763.1106040477753,0.5035136779923611,0.5031052756971905
BlackBoxOptim Adaptive DE,728,764.3048920631409,0.5033263849413379,0.5031052756971905
BlackBoxOptim Adaptive DE,729,765.4249370098114,0.5032724738379004,0.5031052756971905
BlackBoxOptim Adaptive DE,730,766.6781721115112,0.5034130048036319,0.5031052756971905
BlackBoxOptim Adaptive DE,731,767.7891020774841,0.5033773163233012,0.5031052756971905
BlackBoxOptim Adaptive DE,732,768.9555370807648,0.5034532762387063,0.5031052756971905
BlackBoxOptim Adaptive DE,733,770.1745281219482,0.5034276187423128,0.5031052756971905
BlackBoxOptim Adaptive DE,734,771.2859590053558,0.5034349612914224,0.5031052756971905
BlackBoxOptim Adaptive DE,735,772.3338911533356,0.5031930865573235,0.5031052756971905
BlackBoxOptim Adaptive DE,736,773.4174561500549,0.5036295874928515,0.5031052756971905
BlackBoxOptim Adaptive DE,737,774.5082659721375,0.5034734228563088,0.5031052756971905
BlackBoxOptim Adaptive DE,738,775.6966271400452,0.5033163524137323,0.5031052756971905
BlackBoxOptim Adaptive DE,739,776.8161120414734,0.5035592448905988,0.5031052756971905
BlackBoxOptim Adaptive DE,740,777.9200911521912,0.5033506280018045,0.5031052756971905
BlackBoxOptim Adaptive DE,741,779.1478431224823,0.5031459979365391,0.5031052756971905
BlackBoxOptim Adaptive DE,742,780.3478569984436,0.5035474879961401,0.5031052756971905
BlackBoxOptim Adaptive DE,743,781.4809260368347,0.503243981423631,0.5031052756971905
BlackBoxOptim Adaptive DE,744,782.7453200817108,0.5037583469438707,0.5031052756971905
BlackBoxOptim Adaptive DE,745,783.8527309894562,0.5031431658234727,0.5031052756971905
BlackBoxOptim Adaptive DE,746,784.9694759845734,0.5032213640416086,0.5031052756971905
BlackBoxOptim Adaptive DE,747,786.0977880954742,0.5031416163839514,0.5031052756971905
BlackBoxOptim Adaptive DE,748,787.3015060424805,0.5033706056909557,0.5031052756971905
BlackBoxOptim Adaptive DE,749,788.3873369693756,0.5033818288814689,0.5031052756971905
BlackBoxOptim Adaptive DE,750,789.5034990310669,0.5033390907330912,0.5031052756971905
BlackBoxOptim Adaptive DE,751,790.6435849666595,0.5038724747924397,0.5031052756971905
BlackBoxOptim Adaptive DE,752,791.7706820964813,0.5032762967849633,0.5031052756971905
BlackBoxOptim Adaptive DE,753,792.9298069477081,0.5034509477457243,0.5031052756971905
BlackBoxOptim Adaptive DE,754,794.2164850234985,0.503401326057229,0.5031052756971905
BlackBoxOptim Adaptive DE,755,795.3583309650421,0.5032089109600665,0.5031052756971905
BlackBoxOptim Adaptive DE,756,796.5470750331879,0.5032580062006213,0.5031052756971905
BlackBoxOptim Adaptive DE,757,797.6393661499023,0.5032223554635942,0.5031052756971905
BlackBoxOptim Adaptive DE,758,798.8493151664734,0.5034717440810564,0.5031052756971905
BlackBoxOptim Adaptive DE,759,799.9352231025696,0.5031664368395844,0.5031052756971905
BlackBoxOptim Adaptive DE,760,801.0517909526825,0.5030956983588019,0.5030956983588019
BlackBoxOptim Adaptive DE,761,802.1786179542542,0.5031225666373395,0.5030956983588019
BlackBoxOptim Adaptive DE,762,803.2893240451813,0.5035226777166061,0.5030956983588019
BlackBoxOptim Adaptive DE,763,804.4156441688538,0.5031386032458414,0.5030956983588019
BlackBoxOptim Adaptive DE,764,805.4814310073853,0.503378011472621,0.5030956983588019
BlackBoxOptim Adaptive DE,765,806.7270271778107,0.5035859021223728,0.5030956983588019
BlackBoxOptim Adaptive DE,766,807.8842430114746,0.5032856167692457,0.5030956983588019
BlackBoxOptim Adaptive DE,767,809.1312961578369,0.5033872121600684,0.5030956983588019
BlackBoxOptim Adaptive DE,768,810.3705229759216,0.5036063549219408,0.5030956983588019
BlackBoxOptim Adaptive DE,769,811.5206589698792,0.5033406555036107,0.5030956983588019
BlackBoxOptim Adaptive DE,770,812.7017631530762,0.5032431885813052,0.5030956983588019
BlackBoxOptim Adaptive DE,771,813.8682341575623,0.5031816422772525,0.5030956983588019
BlackBoxOptim Adaptive DE,772,814.9551241397858,0.5034530504864441,0.5030956983588019
BlackBoxOptim Adaptive DE,773,816.0718910694122,0.5031627468728341,0.5030956983588019
BlackBoxOptim Adaptive DE,774,817.1355810165405,0.5032250040757223,0.5030956983588019
BlackBoxOptim Adaptive DE,775,818.2715699672699,0.5031130912182836,0.5030956983588019
BlackBoxOptim Adaptive DE,776,819.3558859825134,0.5030978987215033,0.5030956983588019
BlackBoxOptim Adaptive DE,777,820.4174001216888,0.5033467674293566,0.5030956983588019
BlackBoxOptim Adaptive DE,778,821.509546995163,0.5035637583049453,0.5030956983588019
BlackBoxOptim Adaptive DE,779,822.5910789966583,0.5032705756539531,0.5030956983588019
BlackBoxOptim Adaptive DE,780,823.765328168869,0.5031997876124265,0.5030956983588019
BlackBoxOptim Adaptive DE,781,824.9622321128845,0.5033812387784153,0.5030956983588019
BlackBoxOptim Adaptive DE,782,826.0871381759644,0.5032055558127877,0.5030956983588019
BlackBoxOptim Adaptive DE,783,827.2482221126556,0.5033144734098927,0.5030956983588019
BlackBoxOptim Adaptive DE,784,828.3561701774597,0.5031919191201024,0.5030956983588019
BlackBoxOptim Adaptive DE,785,829.4903349876404,0.5034968941271796,0.5030956983588019
BlackBoxOptim Adaptive DE,786,830.5787801742554,0.50316988357486,0.5030956983588019
BlackBoxOptim Adaptive DE,787,831.7741801738739,0.5031592527139119,0.5030956983588019
BlackBoxOptim Adaptive DE,788,832.9754350185394,0.5033015904422821,0.5030956983588019
BlackBoxOptim Adaptive DE,789,834.1917440891266,0.5033375710541398,0.5030956983588019
BlackBoxOptim Adaptive DE,790,835.4557671546936,0.5031580808206992,0.5030956983588019
BlackBoxOptim Adaptive DE,791,836.7055771350861,0.5033231231157826,0.5030956983588019
BlackBoxOptim Adaptive DE,792,837.9582390785217,0.5032585722593446,0.5030956983588019
BlackBoxOptim Adaptive DE,793,839.3816211223602,0.503625989128811,0.5030956983588019
BlackBoxOptim Adaptive DE,794,840.6164779663086,0.5032486921729338,0.5030956983588019
BlackBoxOptim Adaptive DE,795,841.877848148346,0.5032307838929678,0.5030956983588019
BlackBoxOptim Adaptive DE,796,843.0779371261597,0.5031121946492656,0.5030956983588019
BlackBoxOptim Adaptive DE,797,844.3594679832458,0.5032966321987072,0.5030956983588019
BlackBoxOptim Adaptive DE,798,845.552314043045,0.5031092699238692,0.5030956983588019
BlackBoxOptim Adaptive DE,799,846.7229399681091,0.5034292659502646,0.5030956983588019
BlackBoxOptim Adaptive DE,800,847.9183011054993,0.5032349685531337,0.5030956983588019
BlackBoxOptim Adaptive DE,801,849.0884931087494,0.5031195133898508,0.5030956983588019
BlackBoxOptim Adaptive DE,802,850.3240020275116,0.5036707094681363,0.5030956983588019
BlackBoxOptim Adaptive DE,803,851.5081090927124,0.5035319462319399,0.5030956983588019
BlackBoxOptim Adaptive DE,804,852.737692117691,0.5031732753821532,0.5030956983588019
BlackBoxOptim Adaptive DE,805,853.9733719825745,0.5031751152814932,0.5030956983588019
BlackBoxOptim Adaptive DE,806,855.2391259670258,0.5031208705852291,0.5030956983588019
BlackBoxOptim Adaptive DE,807,856.4646430015564,0.5031700321535187,0.5030956983588019
BlackBoxOptim Adaptive DE,808,857.6664979457855,0.5030726468835339,0.5030726468835339
BlackBoxOptim Adaptive DE,809,858.9246020317078,0.5032158513996492,0.5030726468835339
BlackBoxOptim Adaptive DE,810,860.1005790233612,0.5031720308776869,0.5030726468835339
BlackBoxOptim Adaptive DE,811,861.2954151630402,0.5032658842458009,0.5030726468835339
BlackBoxOptim Adaptive DE,812,862.498831987381,0.5030532562755352,0.5030532562755352
BlackBoxOptim Adaptive DE,813,863.7118360996246,0.503178919950725,0.5030532562755352
BlackBoxOptim Adaptive DE,814,864.9405331611633,0.5032055467352298,0.5030532562755352
BlackBoxOptim Adaptive DE,815,866.1741831302643,0.5034104072136455,0.5030532562755352
BlackBoxOptim Adaptive DE,816,867.3998770713806,0.5032130858492414,0.5030532562755352
BlackBoxOptim Adaptive DE,817,868.5812339782715,0.5033254914559397,0.5030532562755352
BlackBoxOptim Adaptive DE,818,869.8122279644012,0.5032328199088014,0.5030532562755352
BlackBoxOptim Adaptive DE,819,871.0621621608734,0.5030726468835339,0.5030532562755352
BlackBoxOptim Adaptive DE,820,872.3047430515289,0.5031061038353613,0.5030532562755352
BlackBoxOptim Adaptive DE,821,873.564043045044,0.5031222682491734,0.5030532562755352
BlackBoxOptim Adaptive DE,822,874.8029279708862,0.5032050435726174,0.5030532562755352
BlackBoxOptim Adaptive DE,823,876.0240981578827,0.503308829265545,0.5030532562755352
BlackBoxOptim Adaptive DE,824,877.3057479858398,0.5031266582904858,0.5030532562755352
BlackBoxOptim Adaptive DE,825,878.5271451473236,0.5033477173304419,0.5030532562755352
BlackBoxOptim Adaptive DE,826,879.6852869987488,0.5031744324988291,0.5030532562755352
BlackBoxOptim Adaptive DE,827,880.899188041687,0.5030717137868241,0.5030532562755352
BlackBoxOptim Adaptive DE,828,882.0987710952759,0.5032627535472075,0.5030532562755352
BlackBoxOptim Adaptive DE,829,883.2727379798889,0.5031490167308355,0.5030532562755352
BlackBoxOptim Adaptive DE,830,884.5721571445465,0.5033720462660867,0.5030532562755352
BlackBoxOptim Adaptive DE,831,885.8200240135193,0.5031694521802608,0.5030532562755352
BlackBoxOptim Adaptive DE,832,887.0703771114349,0.5030692467705697,0.5030532562755352
BlackBoxOptim Adaptive DE,833,888.3741240501404,0.5032513535464357,0.5030532562755352
BlackBoxOptim Adaptive DE,834,889.6633541584015,0.503155104026873,0.5030532562755352
BlackBoxOptim Adaptive DE,835,890.930547952652,0.5031929889645408,0.5030532562755352
BlackBoxOptim Adaptive DE,836,892.1724419593811,0.5033188018457313,0.5030532562755352
BlackBoxOptim Adaptive DE,837,893.3719930648804,0.5030906697952368,0.5030532562755352
BlackBoxOptim Adaptive DE,838,894.6035511493683,0.5030931616865205,0.5030532562755352
BlackBoxOptim Adaptive DE,839,895.8027319908142,0.5030446336686828,0.5030446336686828
BlackBoxOptim Adaptive DE,840,897.0440399646759,0.5033958899333876,0.5030446336686828
BlackBoxOptim Adaptive DE,841,898.2429950237274,0.5032505376984592,0.5030446336686828
BlackBoxOptim Adaptive DE,842,899.4886491298676,0.503233649868588,0.5030446336686828
BlackBoxOptim Adaptive DE,843,900.7020840644836,0.5030987115271923,0.5030446336686828
BlackBoxOptim Adaptive DE,844,901.9360539913177,0.5035106241755485,0.5030446336686828
BlackBoxOptim DX-NES (threaded),1,1.1342380046844482,0.5291169051349538,0.5291169051349538
BlackBoxOptim DX-NES (threaded),2,3.8070640563964844,0.5803851817835629,0.5291169051349538
BlackBoxOptim DX-NES (threaded),3,3.818629026412964,0.5810182736751046,0.5291169051349538
BlackBoxOptim DX-NES (threaded),4,3.9913711547851562,0.5579823191167351,0.5291169051349538
BlackBoxOptim DX-NES (threaded),5,4.845117092132568,0.559269498987432,0.5291169051349538
BlackBoxOptim DX-NES (threaded),6,5.263857126235962,0.5671236534002541,0.5291169051349538
BlackBoxOptim DX-NES (threaded),7,5.290678024291992,0.5174657675919271,0.5174657675919271
BlackBoxOptim DX-NES (threaded),8,5.830540180206299,0.6880280430803418,0.5174657675919271
BlackBoxOptim DX-NES (threaded),9,5.858251094818115,0.5851367829898483,0.5174657675919271
BlackBoxOptim DX-NES (threaded),10,6.895395040512085,0.5271033214239276,0.5174657675919271
BlackBoxOptim DX-NES (threaded),11,6.9500250816345215,0.5206426522237861,0.5174657675919271
BlackBoxOptim DX-NES (threaded),12,7.025803089141846,0.5161785678412727,0.5161785678412727
BlackBoxOptim DX-NES (threaded),13,7.991000175476074,0.530633830998009,0.5161785678412727
BlackBoxOptim DX-NES (threaded),14,8.100767135620117,0.5253311547417171,0.5161785678412727
BlackBoxOptim DX-NES (threaded),15,8.148904085159302,0.5367818210602884,0.5161785678412727
BlackBoxOptim DX-NES (threaded),16,9.118012189865112,0.5185174480293419,0.5161785678412727
BlackBoxOptim DX-NES (threaded),17,9.156656980514526,0.5225714221902362,0.5161785678412727
BlackBoxOptim DX-NES (threaded),18,10.333455085754395,0.5128586309153894,0.5128586309153894
BlackBoxOptim DX-NES (threaded),19,10.477504014968872,0.5136519491432501,0.5128586309153894
BlackBoxOptim DX-NES (threaded),20,10.485943078994751,0.5114663022232384,0.5114663022232384
BlackBoxOptim DX-NES (threaded),21,11.562361001968384,0.5161650645802373,0.5114663022232384
BlackBoxOptim DX-NES (threaded),22,11.601086139678955,0.5225315766503188,0.5114663022232384
BlackBoxOptim DX-NES (threaded),23,11.610812187194824,0.5269929054863751,0.5114663022232384
BlackBoxOptim DX-NES (threaded),24,12.611474990844727,0.5225853619272242,0.5114663022232384
BlackBoxOptim DX-NES (threaded),25,12.710807085037231,0.5189178998932676,0.5114663022232384
BlackBoxOptim DX-NES (threaded),26,13.639925003051758,0.550797453823375,0.5114663022232384
BlackBoxOptim DX-NES (threaded),27,13.932768106460571,0.5309545083175679,0.5114663022232384
BlackBoxOptim DX-NES (threaded),28,13.952438116073608,0.5076095756930586,0.5076095756930586
BlackBoxOptim DX-NES (threaded),29,14.791226148605347,0.5196135258867783,0.5076095756930586
BlackBoxOptim DX-NES (threaded),30,14.869033098220825,0.5613095965963453,0.5076095756930586
BlackBoxOptim DX-NES (threaded),31,15.163082122802734,0.5192452936526492,0.5076095756930586
BlackBoxOptim DX-NES (threaded),32,15.982748985290527,0.5125015426513556,0.5076095756930586
BlackBoxOptim DX-NES (threaded),33,16.035475969314575,0.5124616169642621,0.5076095756930586
BlackBoxOptim DX-NES (threaded),34,17.1200110912323,0.5250475929595892,0.5076095756930586
BlackBoxOptim DX-NES (threaded),35,17.17728614807129,0.5306386548579511,0.5076095756930586
BlackBoxOptim DX-NES (threaded),36,17.268457174301147,0.5182082409632343,0.5076095756930586
BlackBoxOptim DX-NES (threaded),37,18.233532190322876,0.5275769331280757,0.5076095756930586
BlackBoxOptim DX-NES (threaded),38,18.49622106552124,0.5142586537136976,0.5076095756930586
BlackBoxOptim DX-NES (threaded),39,18.531286001205444,0.5155908491674869,0.5076095756930586
BlackBoxOptim DX-NES (threaded),40,19.47704815864563,0.5058733729711168,0.5058733729711168
BlackBoxOptim DX-NES (threaded),41,19.745854139328003,0.5080034090396742,0.5058733729711168
BlackBoxOptim DX-NES (threaded),42,20.852485179901123,0.528384888587706,0.5058733729711168
BlackBoxOptim DX-NES (threaded),43,20.9763081073761,0.5100979968322679,0.5058733729711168
BlackBoxOptim DX-NES (threaded),44,21.032166004180908,0.5070122919060835,0.5058733729711168
BlackBoxOptim DX-NES (threaded),45,22.111819982528687,0.5116919818767438,0.5058733729711168
BlackBoxOptim DX-NES (threaded),46,22.22560405731201,0.5144671167131075,0.5058733729711168
BlackBoxOptim DX-NES (threaded),47,22.41979217529297,0.5060216777561921,0.5058733729711168
BlackBoxOptim DX-NES (threaded),48,23.458608150482178,0.5125631869797869,0.5058733729711168
BlackBoxOptim DX-NES (threaded),49,23.55099606513977,0.5114600904473403,0.5058733729711168
BlackBoxOptim DX-NES (threaded),50,24.801863193511963,0.5177059035623357,0.5058733729711168
BlackBoxOptim DX-NES (threaded),51,24.841451168060303,0.5117445730658476,0.5058733729711168
BlackBoxOptim DX-NES (threaded),52,24.910067081451416,0.5090319376117556,0.5058733729711168
BlackBoxOptim DX-NES (threaded),53,25.882673978805542,0.5428153775668022,0.5058733729711168
BlackBoxOptim DX-NES (threaded),54,25.92584800720215,0.5224419751546768,0.5058733729711168
BlackBoxOptim DX-NES (threaded),55,26.15821409225464,0.5097154794880651,0.5058733729711168
BlackBoxOptim DX-NES (threaded),56,26.93668818473816,0.536308204990838,0.5058733729711168
BlackBoxOptim DX-NES (threaded),57,27.07234215736389,0.5092117596143991,0.5058733729711168
BlackBoxOptim DX-NES (threaded),58,28.21540117263794,0.5180986008051003,0.5058733729711168
BlackBoxOptim DX-NES (threaded),59,28.239098072052002,0.5129163950221786,0.5058733729711168
BlackBoxOptim DX-NES (threaded),60,28.335453987121582,0.5043807656860944,0.5043807656860944
BlackBoxOptim DX-NES (threaded),61,29.434977054595947,0.5220354956875018,0.5043807656860944
BlackBoxOptim DX-NES (threaded),62,29.620135068893433,0.5116287742560908,0.5043807656860944
BlackBoxOptim DX-NES (threaded),63,29.66025710105896,0.5134844678495323,0.5043807656860944
BlackBoxOptim DX-NES (threaded),64,30.53570318222046,0.544451709440492,0.5043807656860944
BlackBoxOptim DX-NES (threaded),65,30.584434032440186,0.5298885445523861,0.5043807656860944
BlackBoxOptim DX-NES (threaded),66,31.707446098327637,0.5396050555070246,0.5043807656860944
BlackBoxOptim DX-NES (threaded),67,31.94110918045044,0.5035411460180682,0.5035411460180682
BlackBoxOptim DX-NES (threaded),68,32.03278708457947,0.5101888934466292,0.5035411460180682
BlackBoxOptim DX-NES (threaded),69,32.73237419128418,0.5413658238466782,0.5035411460180682
BlackBoxOptim DX-NES (threaded),70,32.988840103149414,0.5565213509723038,0.5035411460180682
BlackBoxOptim DX-NES (threaded),71,33.245315074920654,0.5055880661184879,0.5035411460180682
BlackBoxOptim DX-NES (threaded),72,34.01214814186096,0.511269950028216,0.5035411460180682
BlackBoxOptim DX-NES (threaded),73,34.27660608291626,0.5101029012657907,0.5035411460180682
BlackBoxOptim DX-NES (threaded),74,35.435906171798706,0.5327685161517763,0.5035411460180682
BlackBoxOptim DX-NES (threaded),75,35.57364511489868,0.5131386879050006,0.5035411460180682
BlackBoxOptim DX-NES (threaded),76,35.75394797325134,0.5040393825662327,0.5035411460180682
BlackBoxOptim DX-NES (threaded),77,36.70978307723999,0.5111493936505178,0.5035411460180682
BlackBoxOptim DX-NES (threaded),78,37.057589054107666,0.5048115029210092,0.5035411460180682
BlackBoxOptim DX-NES (threaded),79,37.36484408378601,0.5119260493833124,0.5035411460180682
BlackBoxOptim DX-NES (threaded),80,38.166529178619385,0.5083313376339775,0.5035411460180682
BlackBoxOptim DX-NES (threaded),81,38.489567041397095,0.508303880903,0.5035411460180682
BlackBoxOptim DX-NES (threaded),82,39.88560700416565,0.5046323590073207,0.5035411460180682
BlackBoxOptim DX-NES (threaded),83,39.939494132995605,0.5085891557487469,0.5035411460180682
BlackBoxOptim DX-NES (threaded),84,39.98112916946411,0.5045180537857994,0.5035411460180682
BlackBoxOptim DX-NES (threaded),85,41.23520016670227,0.5093780466281365,0.5035411460180682
BlackBoxOptim DX-NES (threaded),86,41.25751304626465,0.5076403295679124,0.5035411460180682
BlackBoxOptim DX-NES (threaded),87,41.35727000236511,0.5055552851795782,0.5035411460180682
BlackBoxOptim DX-NES (threaded),88,42.51784896850586,0.5127226035805437,0.5035411460180682
BlackBoxOptim DX-NES (threaded),89,42.53090810775757,0.5119644578315607,0.5035411460180682
BlackBoxOptim DX-NES (threaded),90,43.85623216629028,0.5111138995052471,0.5035411460180682
BlackBoxOptim DX-NES (threaded),91,44.010794162750244,0.5057811253592176,0.5035411460180682
BlackBoxOptim DX-NES (threaded),92,44.032384157180786,0.5038931387231007,0.5035411460180682
BlackBoxOptim DX-NES (threaded),93,45.25379204750061,0.5048132717529599,0.5035411460180682
BlackBoxOptim DX-NES (threaded),94,45.46972107887268,0.5064434125628506,0.5035411460180682
BlackBoxOptim DX-NES (threaded),95,45.53768301010132,0.5072809028404509,0.5035411460180682
BlackBoxOptim DX-NES (threaded),96,46.5540189743042,0.5079227092331937,0.5035411460180682
BlackBoxOptim DX-NES (threaded),97,46.63260006904602,0.5145489105811021,0.5035411460180682
BlackBoxOptim DX-NES (threaded),98,48.08009600639343,0.5049261906698064,0.5035411460180682
BlackBoxOptim DX-NES (threaded),99,48.14664912223816,0.507623123240892,0.5035411460180682
BlackBoxOptim DX-NES (threaded),100,48.16762709617615,0.5051047567288952,0.5035411460180682
BlackBoxOptim DX-NES (threaded),101,49.56169605255127,0.5067993946389353,0.5035411460180682
BlackBoxOptim DX-NES (threaded),102,49.60655999183655,0.5132327601829147,0.5035411460180682
BlackBoxOptim DX-NES (threaded),103,49.618391036987305,0.5084404542768792,0.5035411460180682
BlackBoxOptim DX-NES (threaded),104,50.97540211677551,0.503758583726647,0.5035411460180682
BlackBoxOptim DX-NES (threaded),105,51.00044918060303,0.5051179709481729,0.5035411460180682
BlackBoxOptim DX-NES (threaded),106,52.2662091255188,0.5265098450077806,0.5035411460180682
BlackBoxOptim DX-NES (threaded),107,52.30212211608887,0.5219980249403844,0.5035411460180682
BlackBoxOptim DX-NES (threaded),108,52.48318910598755,0.5182962577422229,0.5035411460180682
BlackBoxOptim DX-NES (threaded),109,53.680222034454346,0.5124807730572396,0.5035411460180682
BlackBoxOptim DX-NES (threaded),110,53.92297911643982,0.5061383794240892,0.5035411460180682
BlackBoxOptim DX-NES (threaded),111,54.00480508804321,0.5034004078593528,0.5034004078593528
BlackBoxOptim DX-NES (threaded),112,55.209479093551636,0.506478129058483,0.5034004078593528
BlackBoxOptim DX-NES (threaded),113,55.46687412261963,0.5047432959350301,0.5034004078593528
BlackBoxOptim DX-NES (threaded),114,56.87423300743103,0.5077974694477518,0.5034004078593528
BlackBoxOptim DX-NES (threaded),115,56.95303797721863,0.5134853169330936,0.5034004078593528
BlackBoxOptim DX-NES (threaded),116,56.99400305747986,0.5105808517464187,0.5034004078593528
BlackBoxOptim DX-NES (threaded),117,58.305360078811646,0.5062587091141387,0.5034004078593528
BlackBoxOptim DX-NES (threaded),118,58.40615797042847,0.5052720157291307,0.5034004078593528
BlackBoxOptim DX-NES (threaded),119,58.474388122558594,0.5049131994377323,0.5034004078593528
BlackBoxOptim DX-NES (threaded),120,59.68212914466858,0.5053760838918504,0.5034004078593528
BlackBoxOptim DX-NES (threaded),121,59.774123191833496,0.509748337830199,0.5034004078593528
BlackBoxOptim DX-NES (threaded),122,61.13028597831726,0.5202650092397216,0.5034004078593528
BlackBoxOptim DX-NES (threaded),123,61.1818630695343,0.5043475005985828,0.5034004078593528
BlackBoxOptim DX-NES (threaded),124,61.212382078170776,0.5060200899150185,0.5034004078593528
BlackBoxOptim DX-NES (threaded),125,62.54746413230896,0.5057402320120407,0.5034004078593528
BlackBoxOptim DX-NES (threaded),126,62.621989011764526,0.5041624382543555,0.5034004078593528
BlackBoxOptim DX-NES (threaded),127,62.71151804924011,0.5114622059574986,0.5034004078593528
BlackBoxOptim DX-NES (threaded),128,63.83303618431091,0.5243554111139949,0.5034004078593528
BlackBoxOptim DX-NES (threaded),129,63.93603301048279,0.5073442715110977,0.5034004078593528
BlackBoxOptim DX-NES (threaded),130,65.3774139881134,0.5061409891506246,0.5034004078593528
BlackBoxOptim DX-NES (threaded),131,65.38905501365662,0.5108662940702421,0.5034004078593528
BlackBoxOptim DX-NES (threaded),132,65.4693660736084,0.5051445055036994,0.5034004078593528
BlackBoxOptim DX-NES (threaded),133,66.69590497016907,0.5346365556624993,0.5034004078593528
BlackBoxOptim DX-NES (threaded),134,66.79565811157227,0.5051218202643492,0.5034004078593528
BlackBoxOptim DX-NES (threaded),135,66.9115719795227,0.5074536856270488,0.5034004078593528
BlackBoxOptim DX-NES (threaded),136,67.95048117637634,0.5178692739040484,0.5034004078593528
BlackBoxOptim DX-NES (threaded),137,68.16145515441895,0.5094546655138519,0.5034004078593528
BlackBoxOptim DX-NES (threaded),138,69.51580810546875,0.5074174673778784,0.5034004078593528
BlackBoxOptim DX-NES (threaded),139,69.51659512519836,0.5146737555822383,0.5034004078593528
BlackBoxOptim DX-NES (threaded),140,69.59997701644897,0.5047538117497143,0.5034004078593528
BlackBoxOptim DX-NES (threaded),141,70.88432097434998,0.5134485550281125,0.5034004078593528
BlackBoxOptim DX-NES (threaded),142,70.95066499710083,0.5171534353488936,0.5034004078593528
BlackBoxOptim DX-NES (threaded),143,70.95193910598755,0.5076725669055152,0.5034004078593528
BlackBoxOptim DX-NES (threaded),144,72.19869709014893,0.5062461783513995,0.5034004078593528
BlackBoxOptim DX-NES (threaded),145,72.23424315452576,0.5052219978728812,0.5034004078593528
BlackBoxOptim DX-NES (threaded),146,73.64706802368164,0.5078448248182654,0.5034004078593528
BlackBoxOptim DX-NES (threaded),147,73.78365707397461,0.5142008898446563,0.5034004078593528
BlackBoxOptim DX-NES (threaded),148,73.7956030368805,0.5074935447245956,0.5034004078593528
BlackBoxOptim DX-NES (threaded),149,75.04685497283936,0.5100143728880924,0.5034004078593528
BlackBoxOptim DX-NES (threaded),150,75.21793508529663,0.5191694091088264,0.5034004078593528
BlackBoxOptim DX-NES (threaded),151,75.23700714111328,0.5042283841526406,0.5034004078593528
BlackBoxOptim DX-NES (threaded),152,76.41070318222046,0.5067406769186991,0.5034004078593528
BlackBoxOptim DX-NES (threaded),153,76.41773700714111,0.5247454024163436,0.5034004078593528
BlackBoxOptim DX-NES (threaded),154,77.92063117027283,0.5044895398973641,0.5034004078593528
BlackBoxOptim DX-NES (threaded),155,77.9350311756134,0.5070158913691952,0.5034004078593528
BlackBoxOptim DX-NES (threaded),156,78.01656913757324,0.5037631465978669,0.5034004078593528
BlackBoxOptim DX-NES (threaded),157,79.27699899673462,0.5170560598500615,0.5034004078593528
BlackBoxOptim DX-NES (threaded),158,79.38066506385803,0.5137883112347008,0.5034004078593528
BlackBoxOptim DX-NES (threaded),159,79.4793930053711,0.5111192539647248,0.5034004078593528
BlackBoxOptim DX-NES (threaded),160,80.76799201965332,0.5041265103243308,0.5034004078593528
BlackBoxOptim DX-NES (threaded),161,80.83526110649109,0.5041855894312453,0.5034004078593528
BlackBoxOptim DX-NES (threaded),162,82.26008701324463,0.5086944851936839,0.5034004078593528
BlackBoxOptim DX-NES (threaded),163,82.26386404037476,0.5068701451295577,0.5034004078593528
BlackBoxOptim DX-NES (threaded),164,82.39591407775879,0.5033501742814855,0.5033501742814855
BlackBoxOptim DX-NES (threaded),165,83.83698296546936,0.5042794019733045,0.5033501742814855
BlackBoxOptim DX-NES (threaded),166,83.86220908164978,0.5065348104095635,0.5033501742814855
BlackBoxOptim DX-NES (threaded),167,84.05446195602417,0.506978645385865,0.5033501742814855
BlackBoxOptim DX-NES (threaded),168,85.04043912887573,0.5328813954236303,0.5033501742814855
BlackBoxOptim DX-NES (threaded),169,85.14532017707825,0.5104902110737368,0.5033501742814855
BlackBoxOptim DX-NES (threaded),170,86.58556199073792,0.504580536943123,0.5033501742814855
BlackBoxOptim DX-NES (threaded),171,86.62231516838074,0.5053012813547162,0.5033501742814855
BlackBoxOptim DX-NES (threaded),172,86.76007008552551,0.5057309842709288,0.5033501742814855
BlackBoxOptim DX-NES (threaded),173,88.06918501853943,0.5111631894349963,0.5033501742814855
BlackBoxOptim DX-NES (threaded),174,88.19423198699951,0.5215390536815724,0.5033501742814855
BlackBoxOptim DX-NES (threaded),175,88.19616413116455,0.5059779718174336,0.5033501742814855
BlackBoxOptim DX-NES (threaded),176,89.52594208717346,0.5046724952545782,0.5033501742814855
BlackBoxOptim DX-NES (threaded),177,89.56312108039856,0.5143295560637928,0.5033501742814855
BlackBoxOptim DX-NES (threaded),178,90.99767804145813,0.5045165964336071,0.5033501742814855
BlackBoxOptim DX-NES (threaded),179,91.04672813415527,0.5055628920987089,0.5033501742814855
BlackBoxOptim DX-NES (threaded),180,91.05525803565979,0.5073638801608735,0.5033501742814855
BlackBoxOptim DX-NES (threaded),181,92.52685618400574,0.5118848129071862,0.5033501742814855
BlackBoxOptim DX-NES (threaded),182,92.52758502960205,0.5045066288279253,0.5033501742814855
BlackBoxOptim DX-NES (threaded),183,92.53290796279907,0.5048030919585647,0.5033501742814855
BlackBoxOptim DX-NES (threaded),184,93.80440998077393,0.5133340906351731,0.5033501742814855
BlackBoxOptim DX-NES (threaded),185,93.85982608795166,0.5107532430875872,0.5033501742814855
BlackBoxOptim DX-NES (threaded),186,95.2052800655365,0.5136657398783535,0.5033501742814855
BlackBoxOptim DX-NES (threaded),187,95.31215310096741,0.5090704943869011,0.5033501742814855
BlackBoxOptim DX-NES (threaded),188,95.34778618812561,0.5049157829792743,0.5033501742814855
BlackBoxOptim DX-NES (threaded),189,96.70195198059082,0.5050332224759414,0.5033501742814855
BlackBoxOptim DX-NES (threaded),190,96.79675316810608,0.5060744779939453,0.5033501742814855
BlackBoxOptim DX-NES (threaded),191,96.96924114227295,0.5038668513221399,0.5033501742814855
BlackBoxOptim DX-NES (threaded),192,98.12246799468994,0.5059558897626071,0.5033501742814855
BlackBoxOptim DX-NES (threaded),193,98.24225115776062,0.5089994778891516,0.5033501742814855
BlackBoxOptim DX-NES (threaded),194,99.62449407577515,0.5222052542122051,0.5033501742814855
BlackBoxOptim DX-NES (threaded),195,99.7398750782013,0.5087659707378391,0.5033501742814855
BlackBoxOptim DX-NES (threaded),196,99.7400770187378,0.5047794122540087,0.5033501742814855
BlackBoxOptim DX-NES (threaded),197,101.24812698364258,0.5096432631167102,0.5033501742814855
BlackBoxOptim DX-NES (threaded),198,101.26621913909912,0.5094317554815128,0.5033501742814855
BlackBoxOptim DX-NES (threaded),199,101.34817600250244,0.503979594729745,0.5033501742814855
BlackBoxOptim DX-NES (threaded),200,102.68413496017456,0.5049943348727989,0.5033501742814855
BlackBoxOptim DX-NES (threaded),201,102.74503016471863,0.5037203578745584,0.5033501742814855
BlackBoxOptim DX-NES (threaded),202,104.1646101474762,0.5057464244154257,0.5033501742814855
BlackBoxOptim DX-NES (threaded),203,104.21426010131836,0.5052470189282351,0.5033501742814855
BlackBoxOptim DX-NES (threaded),204,104.33137798309326,0.505233667465821,0.5033501742814855
BlackBoxOptim DX-NES (threaded),205,105.56594109535217,0.5280694536530591,0.5033501742814855
BlackBoxOptim DX-NES (threaded),206,105.71923303604126,0.5044374507532737,0.5033501742814855
BlackBoxOptim DX-NES (threaded),207,105.89607214927673,0.5160494851879224,0.5033501742814855
BlackBoxOptim DX-NES (threaded),208,107.01851797103882,0.5049805935662255,0.5033501742814855
BlackBoxOptim DX-NES (threaded),209,107.15403008460999,0.5076310623353053,0.5033501742814855
BlackBoxOptim DX-NES (threaded),210,108.61957502365112,0.5080407153953996,0.5033501742814855
BlackBoxOptim DX-NES (threaded),211,108.6748731136322,0.5059100343181531,0.5033501742814855
BlackBoxOptim DX-NES (threaded),212,108.70333504676819,0.5038384133970941,0.5033501742814855
BlackBoxOptim DX-NES (threaded),213,110.24043917655945,0.5053072523275823,0.5033501742814855
BlackBoxOptim DX-NES (threaded),214,110.26822900772095,0.5061306610842041,0.5033501742814855
BlackBoxOptim DX-NES (threaded),215,110.35289406776428,0.5051960036341749,0.5033501742814855
BlackBoxOptim DX-NES (threaded),216,111.56141400337219,0.5085529664286977,0.5033501742814855
BlackBoxOptim DX-NES (threaded),217,111.6989209651947,0.505950343785114,0.5033501742814855
BlackBoxOptim DX-NES (threaded),218,113.17654204368591,0.5087901485489047,0.5033501742814855
BlackBoxOptim DX-NES (threaded),219,113.20914316177368,0.5089171391758319,0.5033501742814855
BlackBoxOptim DX-NES (threaded),220,113.2506251335144,0.5050530823955609,0.5033501742814855
BlackBoxOptim DX-NES (threaded),221,114.85305619239807,0.5039980592020454,0.5033501742814855
BlackBoxOptim DX-NES (threaded),222,114.93478298187256,0.5049529634308733,0.5033501742814855
BlackBoxOptim DX-NES (threaded),223,114.93538403511047,0.5050267044340421,0.5033501742814855
BlackBoxOptim DX-NES (threaded),224,116.42726802825928,0.5043699163188748,0.5033501742814855
BlackBoxOptim DX-NES (threaded),225,116.44955611228943,0.5073529924313659,0.5033501742814855
BlackBoxOptim DX-NES (threaded),226,117.9729700088501,0.5137244490505634,0.5033501742814855
BlackBoxOptim DX-NES (threaded),227,118.08349299430847,0.5049851642752545,0.5033501742814855
BlackBoxOptim DX-NES (threaded),228,118.13905096054077,0.5050322495093356,0.5033501742814855
BlackBoxOptim DX-NES (threaded),229,119.63221907615662,0.5047560868477905,0.5033501742814855
BlackBoxOptim DX-NES (threaded),230,119.71492099761963,0.5048914530647517,0.5033501742814855
BlackBoxOptim DX-NES (threaded),231,119.82890796661377,0.5053712529655028,0.5033501742814855
BlackBoxOptim DX-NES (threaded),232,121.08261609077454,0.5054780172877473,0.5033501742814855
BlackBoxOptim DX-NES (threaded),233,121.19424510002136,0.50492361629533,0.5033501742814855
BlackBoxOptim DX-NES (threaded),234,122.73941898345947,0.5060500885738057,0.5033501742814855
BlackBoxOptim DX-NES (threaded),235,122.7757511138916,0.5046038046822819,0.5033501742814855
BlackBoxOptim DX-NES (threaded),236,122.82857513427734,0.5045056904277302,0.5033501742814855
BlackBoxOptim DX-NES (threaded),237,124.36365914344788,0.5043524969932446,0.5033501742814855
BlackBoxOptim DX-NES (threaded),238,124.37765002250671,0.5049879803826994,0.5033501742814855
BlackBoxOptim DX-NES (threaded),239,124.51150798797607,0.5056399041451645,0.5033501742814855
BlackBoxOptim DX-NES (threaded),240,125.84534311294556,0.5045959207449163,0.5033501742814855
BlackBoxOptim DX-NES (threaded),241,125.86827802658081,0.5084064510311338,0.5033501742814855
BlackBoxOptim DX-NES (threaded),242,127.41742610931396,0.504411302743066,0.5033501742814855
BlackBoxOptim DX-NES (threaded),243,127.48090815544128,0.5046885957688686,0.5033501742814855
BlackBoxOptim DX-NES (threaded),244,127.56038904190063,0.5066257717568168,0.5033501742814855
BlackBoxOptim DX-NES (threaded),245,129.0790090560913,0.5045721763199799,0.5033501742814855
BlackBoxOptim DX-NES (threaded),246,129.09535002708435,0.5046404762453852,0.5033501742814855
BlackBoxOptim DX-NES (threaded),247,129.19716501235962,0.5050621110837819,0.5033501742814855
BlackBoxOptim DX-NES (threaded),248,130.54577612876892,0.5048839347813118,0.5033501742814855
BlackBoxOptim DX-NES (threaded),249,130.56550097465515,0.5044291507810063,0.5033501742814855
BlackBoxOptim DX-NES (threaded),250,132.15646815299988,0.504710565235527,0.5033501742814855
BlackBoxOptim DX-NES (threaded),251,132.15966415405273,0.50574232904599,0.5033501742814855
BlackBoxOptim DX-NES (threaded),252,132.19933605194092,0.5040783783155096,0.5033501742814855
BlackBoxOptim DX-NES (threaded),253,133.76819705963135,0.5043072742060665,0.5033501742814855
BlackBoxOptim DX-NES (threaded),254,133.80787897109985,0.5047588533789188,0.5033501742814855
BlackBoxOptim DX-NES (threaded),255,133.83054614067078,0.5049414260596943,0.5033501742814855
BlackBoxOptim DX-NES (threaded),256,135.20400714874268,0.5057409158549739,0.5033501742814855
BlackBoxOptim DX-NES (threaded),257,135.2079679965973,0.5047999858539559,0.5033501742814855
BlackBoxOptim DX-NES (threaded),258,136.80436396598816,0.5038623947972363,0.5033501742814855
BlackBoxOptim DX-NES (threaded),259,136.86440706253052,0.50433309233408,0.5033501742814855
BlackBoxOptim DX-NES (threaded),260,136.9161250591278,0.5040440466342445,0.5033501742814855
BlackBoxOptim DX-NES (threaded),261,138.45721817016602,0.5040897867013704,0.5033501742814855
BlackBoxOptim DX-NES (threaded),262,138.46282601356506,0.5057045999620313,0.5033501742814855
BlackBoxOptim DX-NES (threaded),263,138.55071902275085,0.5044532334685247,0.5033501742814855
BlackBoxOptim DX-NES (threaded),264,139.9019260406494,0.5041675984980934,0.5033501742814855
BlackBoxOptim DX-NES (threaded),265,139.90780115127563,0.5041870042216352,0.5033501742814855
BlackBoxOptim DX-NES (threaded),266,141.47762417793274,0.5065592088640583,0.5033501742814855
BlackBoxOptim DX-NES (threaded),267,141.47763109207153,0.5040133617757986,0.5033501742814855
BlackBoxOptim DX-NES (threaded),268,141.5093011856079,0.5040154634348015,0.5033501742814855
BlackBoxOptim DX-NES (threaded),269,143.09066700935364,0.5039244888741484,0.5033501742814855
BlackBoxOptim DX-NES (threaded),270,143.12244296073914,0.5040261263613289,0.5033501742814855
BlackBoxOptim DX-NES (threaded),271,143.13458704948425,0.5051646577794503,0.5033501742814855
BlackBoxOptim DX-NES (threaded),272,144.49720907211304,0.5066470789325749,0.5033501742814855
BlackBoxOptim DX-NES (threaded),273,144.52164316177368,0.5042296852871638,0.5033501742814855
BlackBoxOptim DX-NES (threaded),274,146.04789209365845,0.5061426768149011,0.5033501742814855
BlackBoxOptim DX-NES (threaded),275,146.11268305778503,0.5050128157379528,0.5033501742814855
BlackBoxOptim DX-NES (threaded),276,146.12856912612915,0.5040668331705143,0.5033501742814855
BlackBoxOptim DX-NES (threaded),277,147.6561381816864,0.5043317192743583,0.5033501742814855
BlackBoxOptim DX-NES (threaded),278,147.67178916931152,0.5048829074124799,0.5033501742814855
BlackBoxOptim DX-NES (threaded),279,147.76368308067322,0.5039215522629092,0.5033501742814855
BlackBoxOptim DX-NES (threaded),280,149.04272603988647,0.5044703768407983,0.5033501742814855
BlackBoxOptim DX-NES (threaded),281,149.11477398872375,0.503881090495253,0.5033501742814855
BlackBoxOptim DX-NES (threaded),282,150.68722200393677,0.5042656432605819,0.5033501742814855
BlackBoxOptim DX-NES (threaded),283,150.68900799751282,0.5036604239743343,0.5033501742814855
BlackBoxOptim DX-NES (threaded),284,150.69342613220215,0.5044784516553639,0.5033501742814855
BlackBoxOptim DX-NES (threaded),285,152.24106812477112,0.5044354918693761,0.5033501742814855
BlackBoxOptim DX-NES (threaded),286,152.24512910842896,0.5043723044791153,0.5033501742814855
BlackBoxOptim DX-NES (threaded),287,152.25401306152344,0.5055023964827448,0.5033501742814855
BlackBoxOptim DX-NES (threaded),288,153.64932012557983,0.5040326887193664,0.5033501742814855
BlackBoxOptim DX-NES (threaded),289,153.7463710308075,0.5049255504702967,0.5033501742814855
BlackBoxOptim DX-NES (threaded),290,155.29093408584595,0.5048146572457273,0.5033501742814855
BlackBoxOptim DX-NES (threaded),291,155.30618596076965,0.5041275435946934,0.5033501742814855
BlackBoxOptim DX-NES (threaded),292,155.3393120765686,0.5040271065417525,0.5033501742814855
BlackBoxOptim DX-NES (threaded),293,156.90053915977478,0.5040626390522139,0.5033501742814855
BlackBoxOptim DX-NES (threaded),294,156.93287801742554,0.5039405980375482,0.5033501742814855
BlackBoxOptim DX-NES (threaded),295,156.99328899383545,0.5046563789741061,0.5033501742814855
BlackBoxOptim DX-NES (threaded),296,158.34513306617737,0.5039444236476869,0.5033501742814855
BlackBoxOptim DX-NES (threaded),297,158.35724711418152,0.5051127497395619,0.5033501742814855
BlackBoxOptim DX-NES (threaded),298,159.85355710983276,0.504100406633899,0.5033501742814855
BlackBoxOptim DX-NES (threaded),299,159.89951395988464,0.5051908142993553,0.5033501742814855
BlackBoxOptim DX-NES (threaded),300,159.96447801589966,0.5036593051535557,0.5033501742814855
BlackBoxOptim DX-NES (threaded),301,161.376540184021,0.5037326704843665,0.5033501742814855
BlackBoxOptim DX-NES (threaded),302,161.47532606124878,0.5035321749728722,0.5033501742814855
BlackBoxOptim DX-NES (threaded),303,161.50073504447937,0.5035608058836218,0.5033501742814855
BlackBoxOptim DX-NES (threaded),304,162.70796918869019,0.5048319983416252,0.5033501742814855
BlackBoxOptim DX-NES (threaded),305,162.8790991306305,0.5060383344772039,0.5033501742814855
BlackBoxOptim DX-NES (threaded),306,164.3849401473999,0.5043679166349982,0.5033501742814855
BlackBoxOptim DX-NES (threaded),307,164.3892421722412,0.5037969590596844,0.5033501742814855
BlackBoxOptim DX-NES (threaded),308,164.3981761932373,0.5047985623744026,0.5033501742814855
BlackBoxOptim DX-NES (threaded),309,166.0129749774933,0.5053265801750526,0.5033501742814855
BlackBoxOptim DX-NES (threaded),310,166.04488110542297,0.5032632360575218,0.5032632360575218
BlackBoxOptim DX-NES (threaded),311,166.0683991909027,0.5038016224788584,0.5032632360575218
BlackBoxOptim DX-NES (threaded),312,167.43331813812256,0.5034208857891246,0.5032632360575218
BlackBoxOptim DX-NES (threaded),313,167.46198916435242,0.5043508542699341,0.5032632360575218
BlackBoxOptim DX-NES (threaded),314,169.0464050769806,0.5042978658293416,0.5032632360575218
BlackBoxOptim DX-NES (threaded),315,169.04901719093323,0.5031736725338445,0.5031736725338445
BlackBoxOptim DX-NES (threaded),316,169.05748915672302,0.5042847355069914,0.5031736725338445
BlackBoxOptim DX-NES (threaded),317,170.59975910186768,0.5035814093602848,0.5031736725338445
BlackBoxOptim DX-NES (threaded),318,170.60626697540283,0.5037081167887142,0.5031736725338445
BlackBoxOptim DX-NES (threaded),319,170.61205911636353,0.503667345540304,0.5031736725338445
BlackBoxOptim DX-NES (threaded),320,171.96131801605225,0.5040789474202375,0.5031736725338445
BlackBoxOptim DX-NES (threaded),321,171.98942112922668,0.5037612250208241,0.5031736725338445
BlackBoxOptim DX-NES (threaded),322,173.49333500862122,0.5047244244631248,0.5031736725338445
BlackBoxOptim DX-NES (threaded),323,173.55272316932678,0.5038163589480663,0.5031736725338445
BlackBoxOptim DX-NES (threaded),324,173.56073212623596,0.5036678172311008,0.5031736725338445
BlackBoxOptim DX-NES (threaded),325,175.08307099342346,0.5035404997743702,0.5031736725338445
BlackBoxOptim DX-NES (threaded),326,175.2000629901886,0.5034459397614871,0.5031736725338445
BlackBoxOptim DX-NES (threaded),327,175.20823407173157,0.5034205304841406,0.5031736725338445
BlackBoxOptim DX-NES (threaded),328,176.5797770023346,0.5033371666312169,0.5031736725338445
BlackBoxOptim DX-NES (threaded),329,176.6312780380249,0.5039286019497425,0.5031736725338445
BlackBoxOptim DX-NES (threaded),330,178.20699501037598,0.5031445484491877,0.5031445484491877
BlackBoxOptim DX-NES (threaded),331,178.25526404380798,0.5031355441976025,0.5031355441976025
BlackBoxOptim DX-NES (threaded),332,178.2653570175171,0.5033592380124451,0.5031355441976025
BlackBoxOptim DX-NES (threaded),333,179.77834296226501,0.5030211746504245,0.5030211746504245
BlackBoxOptim DX-NES (threaded),334,179.81161999702454,0.504562531242562,0.5030211746504245
BlackBoxOptim DX-NES (threaded),335,179.8205840587616,0.503623299554929,0.5030211746504245
BlackBoxOptim DX-NES (threaded),336,181.14703702926636,0.5045511635087804,0.5030211746504245
BlackBoxOptim DX-NES (threaded),337,181.1815881729126,0.5043915067873206,0.5030211746504245
BlackBoxOptim DX-NES (threaded),338,182.69903802871704,0.504086991262829,0.5030211746504245
BlackBoxOptim DX-NES (threaded),339,182.70798206329346,0.5032748301297162,0.5030211746504245
BlackBoxOptim DX-NES (threaded),340,182.7944860458374,0.5032531308813097,0.5030211746504245
BlackBoxOptim DX-NES (threaded),341,184.2339141368866,0.5036654260370886,0.5030211746504245
BlackBoxOptim DX-NES (threaded),342,184.241436958313,0.503271820258729,0.5030211746504245
BlackBoxOptim DX-NES (threaded),343,184.43509101867676,0.5031020450002901,0.5030211746504245
BlackBoxOptim DX-NES (threaded),344,185.7731511592865,0.5036268487574102,0.5030211746504245
BlackBoxOptim DX-NES (threaded),345,185.78251814842224,0.5034869899847446,0.5030211746504245
BlackBoxOptim DX-NES (threaded),346,187.37989711761475,0.503321594486585,0.5030211746504245
BlackBoxOptim DX-NES (threaded),347,187.3847460746765,0.5030773852765447,0.5030211746504245
BlackBoxOptim DX-NES (threaded),348,187.38623309135437,0.5040627104316285,0.5030211746504245
BlackBoxOptim DX-NES (threaded),349,188.95797395706177,0.5043845118591118,0.5030211746504245
BlackBoxOptim DX-NES (threaded),350,188.99891996383667,0.503137101158399,0.5030211746504245
BlackBoxOptim DX-NES (threaded),351,189.02373218536377,0.5032872238875237,0.5030211746504245
BlackBoxOptim DX-NES (threaded),352,190.35074305534363,0.5034169947107031,0.5030211746504245
BlackBoxOptim DX-NES (threaded),353,190.44874596595764,0.5035872294336226,0.5030211746504245
BlackBoxOptim DX-NES (threaded),354,191.97035002708435,0.5037999544747601,0.5030211746504245
BlackBoxOptim DX-NES (threaded),355,191.98092412948608,0.5031935082015829,0.5030211746504245
BlackBoxOptim DX-NES (threaded),356,191.99637603759766,0.5034139047559666,0.5030211746504245
BlackBoxOptim DX-NES (threaded),357,193.5528290271759,0.5039023077030834,0.5030211746504245
BlackBoxOptim DX-NES (threaded),358,193.62060117721558,0.5034582313990639,0.5030211746504245
BlackBoxOptim DX-NES (threaded),359,193.6257860660553,0.5034452657115902,0.5030211746504245
BlackBoxOptim DX-NES (threaded),360,195.10231399536133,0.5037781285537086,0.5030211746504245
BlackBoxOptim DX-NES (threaded),361,195.13207817077637,0.5034216012864421,0.5030211746504245
BlackBoxOptim DX-NES (threaded),362,196.6431441307068,0.5034079251842131,0.5030211746504245
BlackBoxOptim DX-NES (threaded),363,196.69860100746155,0.5043628913091162,0.5030211746504245
BlackBoxOptim DX-NES (threaded),364,196.70420098304749,0.5034997236281847,0.5030211746504245
BlackBoxOptim DX-NES (threaded),365,198.21431803703308,0.5033022774326936,0.5030211746504245
BlackBoxOptim DX-NES (threaded),366,198.26419115066528,0.503790065097682,0.5030211746504245
BlackBoxOptim DX-NES (threaded),367,198.28813314437866,0.5031504465462793,0.5030211746504245
BlackBoxOptim DX-NES (threaded),368,199.59005904197693,0.5031899802248265,0.5030211746504245
BlackBoxOptim DX-NES (threaded),369,199.69983100891113,0.5032356451126934,0.5030211746504245
BlackBoxOptim DX-NES (threaded),370,201.19731497764587,0.5031108329859512,0.5030211746504245
BlackBoxOptim DX-NES (threaded),371,201.213858127594,0.503525403293944,0.5030211746504245
BlackBoxOptim DX-NES (threaded),372,201.2298641204834,0.5036599762687484,0.5030211746504245
BlackBoxOptim DX-NES (threaded),373,202.7427670955658,0.5031133269808074,0.5030211746504245
BlackBoxOptim DX-NES (threaded),374,202.7654161453247,0.5048842366076516,0.5030211746504245
BlackBoxOptim DX-NES (threaded),375,202.77444505691528,0.5031154120077016,0.5030211746504245
BlackBoxOptim DX-NES (threaded),376,204.17300295829773,0.5033528311562114,0.5030211746504245
BlackBoxOptim DX-NES (threaded),377,204.24733018875122,0.5033163318748702,0.5030211746504245
BlackBoxOptim DX-NES (threaded),378,205.79308700561523,0.5035969102600609,0.5030211746504245
BlackBoxOptim DX-NES (threaded),379,205.79917812347412,0.5029731876207167,0.5029731876207167
BlackBoxOptim DX-NES (threaded),380,205.8086850643158,0.5031787025724422,0.5029731876207167
BlackBoxOptim DX-NES (threaded),381,207.34588313102722,0.5032831840128771,0.5029731876207167
BlackBoxOptim DX-NES (threaded),382,207.3626880645752,0.5032092136975181,0.5029731876207167
BlackBoxOptim DX-NES (threaded),383,207.38174319267273,0.5030987933980631,0.5029731876207167
BlackBoxOptim DX-NES (threaded),384,208.7063021659851,0.5032721782471744,0.5029731876207167
BlackBoxOptim DX-NES (threaded),385,208.71141695976257,0.5032988572582823,0.5029731876207167
BlackBoxOptim DX-NES (threaded),386,210.23462104797363,0.5030860605924752,0.5029731876207167
BlackBoxOptim DX-NES (threaded),387,210.26250219345093,0.5031424985293069,0.5029731876207167
BlackBoxOptim DX-NES (threaded),388,210.27300906181335,0.5030684443830855,0.5029731876207167
BlackBoxOptim DX-NES (threaded),389,211.78437399864197,0.5029926062215151,0.5029731876207167
BlackBoxOptim DX-NES (threaded),390,211.78827595710754,0.5031309282386364,0.5029731876207167
BlackBoxOptim DX-NES (threaded),391,211.7991499900818,0.5029852516671861,0.5029731876207167
BlackBoxOptim DX-NES (threaded),392,213.12335801124573,0.5033936740190166,0.5029731876207167
BlackBoxOptim DX-NES (threaded),393,213.13427805900574,0.5030817702056514,0.5029731876207167
BlackBoxOptim DX-NES (threaded),394,214.69400596618652,0.5031122409598386,0.5029731876207167
BlackBoxOptim DX-NES (threaded),395,214.70743608474731,0.503113118141118,0.5029731876207167
BlackBoxOptim DX-NES (threaded),396,214.70912098884583,0.5037582442294207,0.5029731876207167
BlackBoxOptim DX-NES (threaded),397,216.2455141544342,0.5031331076839232,0.5029731876207167
BlackBoxOptim DX-NES (threaded),398,216.26997017860413,0.5031082795386889,0.5029731876207167
BlackBoxOptim DX-NES (threaded),399,216.3286371231079,0.5030623062438061,0.5029731876207167
BlackBoxOptim DX-NES (threaded),400,217.64300513267517,0.5033304251642028,0.5029731876207167
BlackBoxOptim DX-NES (threaded),401,217.65014004707336,0.503741241531321,0.5029731876207167
BlackBoxOptim DX-NES (threaded),402,219.16619610786438,0.5032905655010389,0.5029731876207167
BlackBoxOptim DX-NES (threaded),403,219.297021150589,0.5031094928239478,0.5029731876207167
BlackBoxOptim DX-NES (threaded),404,219.300302028656,0.5031462289558513,0.5029731876207167
BlackBoxOptim DX-NES (threaded),405,220.68313813209534,0.5037593205111922,0.5029731876207167
BlackBoxOptim DX-NES (threaded),406,220.84129905700684,0.5034405080545604,0.5029731876207167
BlackBoxOptim DX-NES (threaded),407,220.88721203804016,0.5030343058787103,0.5029731876207167
BlackBoxOptim DX-NES (threaded),408,222.1151421070099,0.504215386022143,0.5029731876207167
BlackBoxOptim DX-NES (threaded),409,222.32287096977234,0.5031334770985763,0.5029731876207167
BlackBoxOptim DX-NES (threaded),410,223.93518710136414,0.5030650179575927,0.5029731876207167
BlackBoxOptim DX-NES (threaded),411,224.00384306907654,0.5031460434092581,0.5029731876207167
BlackBoxOptim DX-NES (threaded),412,224.00535416603088,0.5031594147744163,0.5029731876207167
BlackBoxOptim DX-NES (threaded),413,225.53732895851135,0.5030510167391311,0.5029731876207167
BlackBoxOptim DX-NES (threaded),414,225.6192171573639,0.503088351045171,0.5029731876207167
BlackBoxOptim DX-NES (threaded),415,225.65373516082764,0.5033286744919327,0.5029731876207167
BlackBoxOptim DX-NES (threaded),416,226.9933099746704,0.503127979652885,0.5029731876207167
BlackBoxOptim DX-NES (threaded),417,227.1274859905243,0.5032197326483313,0.5029731876207167
BlackBoxOptim DX-NES (threaded),418,228.66147112846375,0.5032622630790589,0.5029731876207167
BlackBoxOptim DX-NES (threaded),419,228.6966950893402,0.5037805423785521,0.5029731876207167
BlackBoxOptim DX-NES (threaded),420,228.74489307403564,0.5031152031183084,0.5029731876207167
BlackBoxOptim DX-NES (threaded),421,230.2005181312561,0.5035285057974761,0.5029731876207167
BlackBoxOptim DX-NES (threaded),422,230.25501418113708,0.5029944684827969,0.5029731876207167
BlackBoxOptim DX-NES (threaded),423,230.39274716377258,0.5032099980562035,0.5029731876207167
BlackBoxOptim DX-NES (threaded),424,231.62955617904663,0.5031048916561532,0.5029731876207167
BlackBoxOptim DX-NES (threaded),425,231.70701098442078,0.5031079690859112,0.5029731876207167
BlackBoxOptim DX-NES (threaded),426,233.28254103660583,0.5031982628767125,0.5029731876207167
BlackBoxOptim DX-NES (threaded),427,233.32690715789795,0.5031430115063525,0.5029731876207167
BlackBoxOptim DX-NES (threaded),428,233.3608021736145,0.5031771418834197,0.5029731876207167
BlackBoxOptim DX-NES (threaded),429,234.9227910041809,0.5030760587674087,0.5029731876207167
BlackBoxOptim DX-NES (threaded),430,234.94772696495056,0.5032606579085861,0.5029731876207167
BlackBoxOptim DX-NES (threaded),431,235.01523613929749,0.5030427093416846,0.5029731876207167
BlackBoxOptim DX-NES (threaded),432,236.3418881893158,0.5035436375718237,0.5029731876207167
BlackBoxOptim DX-NES (threaded),433,236.39402604103088,0.5031964618745941,0.5029731876207167
BlackBoxOptim DX-NES (threaded),434,237.9788830280304,0.5030025413954152,0.5029731876207167
BlackBoxOptim DX-NES (threaded),435,237.99763798713684,0.5031311391209141,0.5029731876207167
BlackBoxOptim DX-NES (threaded),436,238.01723098754883,0.5033082458867298,0.5029731876207167
BlackBoxOptim DX-NES (threaded),437,239.58834600448608,0.5030540581409263,0.5029731876207167
BlackBoxOptim DX-NES (threaded),438,239.59169507026672,0.5032964784671847,0.5029731876207167
BlackBoxOptim DX-NES (threaded),439,239.61738514900208,0.50311047176807,0.5029731876207167
BlackBoxOptim DX-NES (threaded),440,240.99763798713684,0.5031940809356189,0.5029731876207167
BlackBoxOptim DX-NES (threaded),441,241.0304310321808,0.5031872065598165,0.5029731876207167
BlackBoxOptim DX-NES (threaded),442,242.60040807724,0.5034453159847819,0.5029731876207167
BlackBoxOptim DX-NES (threaded),443,242.6416380405426,0.5031590473550336,0.5029731876207167
BlackBoxOptim DX-NES (threaded),444,242.689768075943,0.5032596086027757,0.5029731876207167
BlackBoxOptim DX-NES (threaded),445,244.21550107002258,0.5030672699639569,0.5029731876207167
BlackBoxOptim DX-NES (threaded),446,244.2731351852417,0.5031553843485227,0.5029731876207167
BlackBoxOptim DX-NES (threaded),447,244.34430599212646,0.5030975346658958,0.5029731876207167
BlackBoxOptim DX-NES (threaded),448,245.65082216262817,0.5030397164661807,0.5029731876207167
BlackBoxOptim DX-NES (threaded),449,245.6901559829712,0.5032264526134266,0.5029731876207167
BlackBoxOptim DX-NES (threaded),450,247.29039216041565,0.5033105435743255,0.5029731876207167
BlackBoxOptim DX-NES (threaded),451,247.3210530281067,0.5031086415945878,0.5029731876207167
BlackBoxOptim DX-NES (threaded),452,247.3331160545349,0.5030427161604487,0.5029731876207167
BlackBoxOptim DX-NES (threaded),453,248.96865010261536,0.5030574269845036,0.5029731876207167
BlackBoxOptim DX-NES (threaded),454,248.97142004966736,0.5031746628414874,0.5029731876207167
BlackBoxOptim DX-NES (threaded),455,249.00997018814087,0.5030905767001668,0.5029731876207167
BlackBoxOptim DX-NES (threaded),456,250.40450310707092,0.5030971258557416,0.5029731876207167
BlackBoxOptim DX-NES (threaded),457,250.42752718925476,0.5030888776164026,0.5029731876207167
BlackBoxOptim DX-NES (threaded),458,252.00969219207764,0.5035849140718567,0.5029731876207167
BlackBoxOptim DX-NES (threaded),459,252.01336812973022,0.5030601832215612,0.5029731876207167
BlackBoxOptim DX-NES (threaded),460,252.04656195640564,0.5030990308817206,0.5029731876207167
BlackBoxOptim DX-NES (threaded),461,253.70303010940552,0.5032084011074184,0.5029731876207167
BlackBoxOptim DX-NES (threaded),462,253.70618414878845,0.5030825105797367,0.5029731876207167
BlackBoxOptim DX-NES (threaded),463,253.74452209472656,0.5030549230299045,0.5029731876207167
BlackBoxOptim DX-NES (threaded),464,255.12868404388428,0.5032860073863394,0.5029731876207167
BlackBoxOptim DX-NES (threaded),465,255.14757108688354,0.5031234396709879,0.5029731876207167
BlackBoxOptim DX-NES (threaded),466,256.7428719997406,0.5030582426149367,0.5029731876207167
BlackBoxOptim DX-NES (threaded),467,256.75916600227356,0.5030605740643173,0.5029731876207167
BlackBoxOptim DX-NES (threaded),468,256.79523515701294,0.5031194487602613,0.5029731876207167
BlackBoxOptim DX-NES (threaded),469,258.60450410842896,0.5030365794786116,0.5029731876207167
BlackBoxOptim DX-NES (threaded),470,258.65104508399963,0.5032469552825041,0.5029731876207167
BlackBoxOptim DX-NES (threaded),471,258.6902551651001,0.5031756722698026,0.5029731876207167
BlackBoxOptim DX-NES (threaded),472,260.371787071228,0.5030933117016166,0.5029731876207167
BlackBoxOptim DX-NES (threaded),473,260.44240498542786,0.5032359262509296,0.5029731876207167
BlackBoxOptim DX-NES (threaded),474,262.4263331890106,0.5031883099283881,0.5029731876207167
BlackBoxOptim DX-NES (threaded),475,262.43523502349854,0.5030674249955235,0.5029731876207167
BlackBoxOptim DX-NES (threaded),476,262.450070142746,0.5031124147641192,0.5029731876207167
BlackBoxOptim DX-NES (threaded),477,264.48098611831665,0.5031027334234031,0.5029731876207167
BlackBoxOptim DX-NES (threaded),478,264.4854211807251,0.5030938216236561,0.5029731876207167
BlackBoxOptim DX-NES (threaded),479,264.5057179927826,0.5031143978608562,0.5029731876207167
BlackBoxOptim DX-NES (threaded),480,266.2962260246277,0.50305623355576,0.5029731876207167
BlackBoxOptim DX-NES (threaded),481,266.3260409832001,0.503034137252667,0.5029731876207167
BlackBoxOptim DX-NES (threaded),482,268.2592351436615,0.5030652107313868,0.5029731876207167
BlackBoxOptim DX-NES (threaded),483,268.30164909362793,0.5031057091400755,0.5029731876207167
BlackBoxOptim DX-NES (threaded),484,268.31427907943726,0.5031357037663521,0.5029731876207167
BlackBoxOptim DX-NES (threaded),485,270.238126039505,0.5032080567928706,0.5029731876207167
BlackBoxOptim DX-NES (threaded),486,270.29534697532654,0.5031537028076344,0.5029731876207167
BlackBoxOptim DX-NES (threaded),487,270.30505895614624,0.5033304489398315,0.5029731876207167
BlackBoxOptim DX-NES (threaded),488,271.98558807373047,0.5030231227446365,0.5029731876207167
BlackBoxOptim DX-NES (threaded),489,272.09100317955017,0.5030970994969635,0.5029731876207167
BlackBoxOptim DX-NES (threaded),490,274.0397481918335,0.5030573663184273,0.5029731876207167
BlackBoxOptim DX-NES (threaded),491,274.06488013267517,0.5034955903293655,0.5029731876207167
BlackBoxOptim DX-NES (threaded),492,274.07801818847656,0.5030461227609171,0.5029731876207167
BlackBoxOptim DX-NES (threaded),493,276.038311958313,0.5033887199563936,0.5029731876207167
BlackBoxOptim DX-NES (threaded),494,276.0551121234894,0.5031072795575814,0.5029731876207167
BlackBoxOptim DX-NES (threaded),495,276.06387209892273,0.5031932056076811,0.5029731876207167
BlackBoxOptim DX-NES (threaded),496,277.8575131893158,0.5030196043729364,0.5029731876207167
BlackBoxOptim DX-NES (threaded),497,277.8928949832916,0.5030216469391972,0.5029731876207167
BlackBoxOptim DX-NES (threaded),498,279.85026717185974,0.5031183534827988,0.5029731876207167
BlackBoxOptim DX-NES (threaded),499,279.8797070980072,0.5033837248191134,0.5029731876207167
BlackBoxOptim DX-NES (threaded),500,279.8962869644165,0.5032245089022302,0.5029731876207167
BlackBoxOptim DX-NES (threaded),501,281.8225371837616,0.5031445022321195,0.5029731876207167
BlackBoxOptim DX-NES (threaded),502,281.8918831348419,0.5030629507926557,0.5029731876207167
BlackBoxOptim DX-NES (threaded),503,281.9265820980072,0.5031618682070133,0.5029731876207167
BlackBoxOptim DX-NES (threaded),504,283.6249029636383,0.503220181262241,0.5029731876207167
BlackBoxOptim DX-NES (threaded),505,283.69554710388184,0.5030637894114018,0.5029731876207167
BlackBoxOptim DX-NES (threaded),506,285.63615012168884,0.503312240088015,0.5029731876207167
BlackBoxOptim DX-NES (threaded),507,285.63640117645264,0.5030336241067007,0.5029731876207167
BlackBoxOptim DX-NES (threaded),508,285.6580340862274,0.5031680465272598,0.5029731876207167
BlackBoxOptim DX-NES (threaded),509,287.6217141151428,0.5030356694718051,0.5029731876207167
BlackBoxOptim DX-NES (threaded),510,287.66854906082153,0.5030699869380147,0.5029731876207167
BlackBoxOptim DX-NES (threaded),511,287.6721661090851,0.5031325141955378,0.5029731876207167
BlackBoxOptim DX-NES (threaded),512,289.4530601501465,0.5031430584713372,0.5029731876207167
BlackBoxOptim DX-NES (threaded),513,289.4545931816101,0.5031181325854674,0.5029731876207167
BlackBoxOptim DX-NES (threaded),514,291.46276807785034,0.5032194433296422,0.5029731876207167
BlackBoxOptim DX-NES (threaded),515,291.48789405822754,0.503095464100025,0.5029731876207167
BlackBoxOptim DX-NES (threaded),516,291.50132417678833,0.5030800182759791,0.5029731876207167
BlackBoxOptim DX-NES (threaded),517,293.47679901123047,0.5033872111011002,0.5029731876207167
BlackBoxOptim DX-NES (threaded),518,293.483314037323,0.5030640145462396,0.5029731876207167
BlackBoxOptim DX-NES (threaded),519,293.5597641468048,0.5030619388333586,0.5029731876207167
BlackBoxOptim DX-NES (threaded),520,295.29625415802,0.503050451815277,0.5029731876207167
BlackBoxOptim DX-NES (threaded),521,295.3032560348511,0.5030732354292008,0.5029731876207167
BlackBoxOptim DX-NES (threaded),522,297.29483103752136,0.5030947803807322,0.5029731876207167
BlackBoxOptim DX-NES (threaded),523,297.29803800582886,0.5030793659443417,0.5029731876207167
BlackBoxOptim DX-NES (threaded),524,297.32650113105774,0.5031280247191526,0.5029731876207167
BlackBoxOptim DX-NES (threaded),525,299.270339012146,0.5030365731271232,0.5029731876207167
BlackBoxOptim DX-NES (threaded),526,299.2931020259857,0.5030411922342702,0.5029731876207167
BlackBoxOptim DX-NES (threaded),527,299.3542230129242,0.5030448146214161,0.5029731876207167
BlackBoxOptim DX-NES (threaded),528,301.09336018562317,0.5030600109493526,0.5029731876207167
BlackBoxOptim DX-NES (threaded),529,301.11612200737,0.5032459292408797,0.5029731876207167
BlackBoxOptim DX-NES (threaded),530,303.11238408088684,0.5030591837898124,0.5029731876207167
BlackBoxOptim DX-NES (threaded),531,303.1290371417999,0.5031766866027696,0.5029731876207167
BlackBoxOptim DX-NES (threaded),532,303.1375970840454,0.5030682666207478,0.5029731876207167
BlackBoxOptim DX-NES (threaded),533,305.08837604522705,0.5031127127989163,0.5029731876207167
BlackBoxOptim DX-NES (threaded),534,305.1279661655426,0.5030200312035789,0.5029731876207167
BlackBoxOptim DX-NES (threaded),535,305.13397312164307,0.503158031136151,0.5029731876207167
BlackBoxOptim DX-NES (threaded),536,306.8548879623413,0.5030534205058435,0.5029731876207167
BlackBoxOptim DX-NES (threaded),537,306.93510603904724,0.5030812294035011,0.5029731876207167
BlackBoxOptim DX-NES (threaded),538,308.8949341773987,0.5030226147483794,0.5029731876207167
BlackBoxOptim DX-NES (threaded),539,308.91120314598083,0.5030570138558468,0.5029731876207167
BlackBoxOptim DX-NES (threaded),540,308.9427261352539,0.5030257133452758,0.5029731876207167
BlackBoxOptim DX-NES (threaded),541,310.9091160297394,0.5030212855716486,0.5029731876207167
BlackBoxOptim DX-NES (threaded),542,310.9372441768646,0.5030491818426016,0.5029731876207167
BlackBoxOptim DX-NES (threaded),543,310.9878430366516,0.5031080746052585,0.5029731876207167
BlackBoxOptim DX-NES (threaded),544,312.73850417137146,0.5030634430040567,0.5029731876207167
BlackBoxOptim DX-NES (threaded),545,312.758896112442,0.5032167531577706,0.5029731876207167
BlackBoxOptim DX-NES (threaded),546,314.7113289833069,0.5030182714470658,0.5029731876207167
BlackBoxOptim DX-NES (threaded),547,314.7301330566406,0.503098923592205,0.5029731876207167
BlackBoxOptim DX-NES (threaded),548,314.75220799446106,0.5032126470724472,0.5029731876207167
BlackBoxOptim DX-NES (threaded),549,316.71614718437195,0.5030677958767048,0.5029731876207167
BlackBoxOptim DX-NES (threaded),550,316.75999116897583,0.5033676437841572,0.5029731876207167
BlackBoxOptim DX-NES (threaded),551,316.7976779937744,0.5030710561322586,0.5029731876207167
BlackBoxOptim DX-NES (threaded),552,318.53108501434326,0.5030763257366685,0.5029731876207167
BlackBoxOptim DX-NES (threaded),553,318.5902090072632,0.5030574346701234,0.5029731876207167
BlackBoxOptim DX-NES (threaded),554,320.60635805130005,0.5030319901293686,0.5029731876207167
BlackBoxOptim DX-NES (threaded),555,320.6154570579529,0.5030458660320467,0.5029731876207167
BlackBoxOptim DX-NES (threaded),556,320.62106800079346,0.5031135637946491,0.5029731876207167
BlackBoxOptim DX-NES (threaded),557,322.576984167099,0.5031143550292945,0.5029731876207167
BlackBoxOptim DX-NES (threaded),558,322.5857870578766,0.5030221514382479,0.5029731876207167
BlackBoxOptim DX-NES (threaded),559,322.6186499595642,0.5030411661868617,0.5029731876207167
BlackBoxOptim DX-NES (threaded),560,324.3878300189972,0.5030275736347289,0.5029731876207167
BlackBoxOptim DX-NES (threaded),561,324.45420718193054,0.5031011068994151,0.5029731876207167
BlackBoxOptim DX-NES (threaded),562,326.4754321575165,0.5030277836982862,0.5029731876207167
BlackBoxOptim DX-NES (threaded),563,326.49505710601807,0.5030486591099745,0.5029731876207167
BlackBoxOptim DX-NES (threaded),564,326.5320200920105,0.5030361989486067,0.5029731876207167
BlackBoxOptim DX-NES (threaded),565,328.46895718574524,0.5030378909344916,0.5029731876207167
BlackBoxOptim DX-NES (threaded),566,328.5266041755676,0.5030335727556526,0.5029731876207167
BlackBoxOptim DX-NES (threaded),567,328.53988814353943,0.5030947376540512,0.5029731876207167
BlackBoxOptim DX-NES (threaded),568,330.2659909725189,0.5030515868061486,0.5029731876207167
BlackBoxOptim DX-NES (threaded),569,330.3253381252289,0.5030459964635274,0.5029731876207167
BlackBoxOptim DX-NES (threaded),570,332.29684805870056,0.5031200073314293,0.5029731876207167
BlackBoxOptim DX-NES (threaded),571,332.30475902557373,0.5030217667238508,0.5029731876207167
BlackBoxOptim DX-NES (threaded),572,332.33367800712585,0.5030699219143968,0.5029731876207167
BlackBoxOptim DX-NES (threaded),573,334.32322907447815,0.5030452536620186,0.5029731876207167
BlackBoxOptim DX-NES (threaded),574,334.3241651058197,0.5030981211817968,0.5029731876207167
BlackBoxOptim DX-NES (threaded),575,334.3542380332947,0.5030501863376782,0.5029731876207167
BlackBoxOptim DX-NES (threaded),576,336.0466911792755,0.5030232360585611,0.5029731876207167
BlackBoxOptim DX-NES (threaded),577,336.1490161418915,0.5030229729628009,0.5029731876207167
BlackBoxOptim DX-NES (threaded),578,338.16627311706543,0.5030485675438803,0.5029731876207167
BlackBoxOptim DX-NES (threaded),579,338.1683540344238,0.5030517664901455,0.5029731876207167
BlackBoxOptim DX-NES (threaded),580,338.17208909988403,0.50303700225678,0.5029731876207167
BlackBoxOptim DX-NES (threaded),581,340.2741780281067,0.5030382527507172,0.5029731876207167
BlackBoxOptim DX-NES (threaded),582,340.2836229801178,0.5030297588956967,0.5029731876207167
BlackBoxOptim DX-NES (threaded),583,340.2867510318756,0.503028698118714,0.5029731876207167
BlackBoxOptim DX-NES (threaded),584,342.12438201904297,0.5030279505719214,0.5029731876207167
BlackBoxOptim DX-NES (threaded),585,342.1271209716797,0.5030532969356218,0.5029731876207167
BlackBoxOptim DX-NES (threaded),586,344.1271450519562,0.5030375017161905,0.5029731876207167
BlackBoxOptim DX-NES (threaded),587,344.12953305244446,0.5030388951002355,0.5029731876207167
BlackBoxOptim DX-NES (threaded),588,344.1576189994812,0.5030206165556805,0.5029731876207167
BlackBoxOptim DX-NES (threaded),589,346.09368896484375,0.5030159531024416,0.5029731876207167
BlackBoxOptim DX-NES (threaded),590,346.13098216056824,0.5030491209032911,0.5029731876207167
BlackBoxOptim DX-NES (threaded),591,346.21022295951843,0.5030275225683639,0.5029731876207167
BlackBoxOptim DX-NES (threaded),592,347.96911811828613,0.5030623419195359,0.5029731876207167
BlackBoxOptim DX-NES (threaded),593,347.9742181301117,0.503028547933035,0.5029731876207167
BlackBoxOptim DX-NES (threaded),594,349.99610805511475,0.5030174321580058,0.5029731876207167
BlackBoxOptim DX-NES (threaded),595,350.01104712486267,0.5030642069595915,0.5029731876207167
BlackBoxOptim DX-NES (threaded),596,350.11330819129944,0.5030402415099523,0.5029731876207167
BlackBoxOptim DX-NES (threaded),597,352.0834729671478,0.5030184643877958,0.5029731876207167
BlackBoxOptim DX-NES (threaded),598,352.1023530960083,0.503095025730216,0.5029731876207167
BlackBoxOptim DX-NES (threaded),599,352.18978810310364,0.5030625950009249,0.5029731876207167
BlackBoxOptim DX-NES (threaded),600,353.8806149959564,0.5030296013628052,0.5029731876207167
BlackBoxOptim DX-NES (threaded),601,353.94536209106445,0.503035384190333,0.5029731876207167
BlackBoxOptim DX-NES (threaded),602,355.97617506980896,0.5030212882950038,0.5029731876207167
BlackBoxOptim DX-NES (threaded),603,355.97657012939453,0.503035472221703,0.5029731876207167
BlackBoxOptim DX-NES (threaded),604,356.0211730003357,0.5030577681393763,0.5029731876207167
BlackBoxOptim DX-NES (threaded),605,357.9885210990906,0.5030210275728009,0.5029731876207167
BlackBoxOptim DX-NES (threaded),606,358.01809000968933,0.5030192248240692,0.5029731876207167
BlackBoxOptim DX-NES (threaded),607,358.1197040081024,0.5030274700776851,0.5029731876207167
BlackBoxOptim DX-NES (threaded),608,359.84839510917664,0.5030239838688341,0.5029731876207167
BlackBoxOptim DX-NES (threaded),609,359.8648850917816,0.503036828562728,0.5029731876207167
BlackBoxOptim DX-NES (threaded),610,361.76631903648376,0.5030261629637022,0.5029731876207167
BlackBoxOptim DX-NES (threaded),611,361.79593110084534,0.5030279981318384,0.5029731876207167
BlackBoxOptim DX-NES (threaded),612,361.8006410598755,0.5030225012788406,0.5029731876207167
BlackBoxOptim DX-NES (threaded),613,363.4737751483917,0.5030256108627786,0.5029731876207167
BlackBoxOptim DX-NES (threaded),614,363.50061297416687,0.5030373290194178,0.5029731876207167
BlackBoxOptim DX-NES (threaded),615,363.50706005096436,0.5030761765595394,0.5029731876207167
BlackBoxOptim DX-NES (threaded),616,364.909775018692,0.5030700341838966,0.5029731876207167
BlackBoxOptim DX-NES (threaded),617,364.96571016311646,0.5030253553938783,0.5029731876207167
BlackBoxOptim DX-NES (threaded),618,366.5682489871979,0.5030263374065433,0.5029731876207167
BlackBoxOptim DX-NES (threaded),619,366.59596014022827,0.5030646212279426,0.5029731876207167
BlackBoxOptim DX-NES (threaded),620,366.6111190319061,0.5030239608299056,0.5029731876207167
BlackBoxOptim DX-NES (threaded),621,368.22593903541565,0.5030325067514975,0.5029731876207167
BlackBoxOptim DX-NES (threaded),622,368.2315821647644,0.503024749723346,0.5029731876207167
BlackBoxOptim DX-NES (threaded),623,368.26469898223877,0.5030810282995636,0.5029731876207167
BlackBoxOptim DX-NES (threaded),624,369.65524101257324,0.5030242199720417,0.5029731876207167
BlackBoxOptim DX-NES (threaded),625,369.67044615745544,0.5030630378830969,0.5029731876207167
BlackBoxOptim DX-NES (threaded),626,371.1860320568085,0.5030335613004093,0.5029731876207167
BlackBoxOptim DX-NES (threaded),627,371.28294706344604,0.5030717626399295,0.5029731876207167
BlackBoxOptim DX-NES (threaded),628,371.30250811576843,0.5030260086051236,0.5029731876207167
BlackBoxOptim DX-NES (threaded),629,372.90378403663635,0.503054040954665,0.5029731876207167
BlackBoxOptim DX-NES (threaded),630,372.9767601490021,0.5030195720320703,0.5029731876207167
BlackBoxOptim DX-NES (threaded),631,373.0172829627991,0.5030256200357426,0.5029731876207167
BlackBoxOptim DX-NES (threaded),632,374.3429560661316,0.5030316063310726,0.5029731876207167
BlackBoxOptim DX-NES (threaded),633,374.38354897499084,0.5030238892381269,0.5029731876207167
BlackBoxOptim DX-NES (threaded),634,375.97345304489136,0.5031135126455344,0.5029731876207167
BlackBoxOptim DX-NES (threaded),635,375.9915759563446,0.5030331189224939,0.5029731876207167
BlackBoxOptim DX-NES (threaded),636,375.99671602249146,0.5030686574071161,0.5029731876207167
BlackBoxOptim DX-NES (threaded),637,377.6156849861145,0.5030215331876047,0.5029731876207167
BlackBoxOptim DX-NES (threaded),638,377.691917181015,0.5030451689147215,0.5029731876207167
BlackBoxOptim DX-NES (threaded),639,377.73032903671265,0.5030484357984497,0.5029731876207167
BlackBoxOptim DX-NES (threaded),640,379.1587631702423,0.5030325406177217,0.5029731876207167
BlackBoxOptim DX-NES (threaded),641,379.27525806427,0.5030168417762554,0.5029731876207167
BlackBoxOptim DX-NES (threaded),642,380.80666613578796,0.5030234663197914,0.5029731876207167
BlackBoxOptim DX-NES (threaded),643,380.862193107605,0.5030371298597821,0.5029731876207167
BlackBoxOptim DX-NES (threaded),644,380.9135811328888,0.5030257010674085,0.5029731876207167
BlackBoxOptim DX-NES (threaded),645,382.4398319721222,0.5030206749251624,0.5029731876207167
BlackBoxOptim DX-NES (threaded),646,382.5623371601105,0.5030308479758258,0.5029731876207167
BlackBoxOptim DX-NES (threaded),647,382.5659899711609,0.5030225976302449,0.5029731876207167
BlackBoxOptim DX-NES (threaded),648,383.93569111824036,0.5030341977052379,0.5029731876207167
BlackBoxOptim DX-NES (threaded),649,384.0627291202545,0.503029015699069,0.5029731876207167
BlackBoxOptim DX-NES (threaded),650,385.6710321903229,0.5030345521352466,0.5029731876207167
BlackBoxOptim DX-NES (threaded),651,385.6714861392975,0.503054675124176,0.5029731876207167
BlackBoxOptim DX-NES (threaded),652,385.69226813316345,0.5030714020175046,0.5029731876207167
BlackBoxOptim DX-NES (threaded),653,387.24063515663147,0.5030266012533008,0.5029731876207167
BlackBoxOptim DX-NES (threaded),654,387.25829696655273,0.5030239760994417,0.5029731876207167
BlackBoxOptim DX-NES (threaded),655,387.28518319129944,0.5030279510339414,0.5029731876207167
BlackBoxOptim DX-NES (threaded),656,388.63910818099976,0.5030254282415428,0.5029731876207167
BlackBoxOptim DX-NES (threaded),657,388.7440609931946,0.5030368605822017,0.5029731876207167
BlackBoxOptim DX-NES (threaded),658,390.2526321411133,0.5030259725273347,0.5029731876207167
BlackBoxOptim DX-NES (threaded),659,390.3307330608368,0.5030296454703284,0.5029731876207167
BlackBoxOptim DX-NES (threaded),660,390.33290815353394,0.5030332637200037,0.5029731876207167
BlackBoxOptim DX-NES (threaded),661,391.9671251773834,0.5031056718943806,0.5029731876207167
BlackBoxOptim DX-NES (threaded),662,391.9679811000824,0.5030177818893811,0.5029731876207167
BlackBoxOptim DX-NES (threaded),663,392.05807399749756,0.503050220955067,0.5029731876207167
BlackBoxOptim DX-NES (threaded),664,393.37272214889526,0.5030237283667968,0.5029731876207167
BlackBoxOptim DX-NES (threaded),665,393.4090299606323,0.5030229134038612,0.5029731876207167
BlackBoxOptim DX-NES (threaded),666,394.9336380958557,0.503026458841462,0.5029731876207167
BlackBoxOptim DX-NES (threaded),667,395.0087580680847,0.5030699381919284,0.5029731876207167
BlackBoxOptim DX-NES (threaded),668,395.048091173172,0.5030623691850775,0.5029731876207167
BlackBoxOptim DX-NES (threaded),669,396.4936830997467,0.5030325727605289,0.5029731876207167
BlackBoxOptim DX-NES (threaded),670,396.61207604408264,0.5030182331801556,0.5029731876207167
BlackBoxOptim DX-NES (threaded),671,396.61905908584595,0.5030220678535076,0.5029731876207167
BlackBoxOptim DX-NES (threaded),672,397.9581341743469,0.5030253459461907,0.5029731876207167
BlackBoxOptim DX-NES (threaded),673,398.06784105300903,0.5030172439111362,0.5029731876207167
BlackBoxOptim DX-NES (threaded),674,399.57729506492615,0.5030287236018626,0.5029731876207167
BlackBoxOptim DX-NES (threaded),675,399.57941007614136,0.5030128245240546,0.5029731876207167
BlackBoxOptim DX-NES (threaded),676,399.70033717155457,0.5030426407959158,0.5029731876207167
BlackBoxOptim DX-NES (threaded),677,401.1865301132202,0.5030175820829855,0.5029731876207167
BlackBoxOptim DX-NES (threaded),678,401.28124809265137,0.503062018969054,0.5029731876207167
BlackBoxOptim DX-NES (threaded),679,401.3971221446991,0.5030181559757193,0.5029731876207167
BlackBoxOptim DX-NES (threaded),680,402.6332890987396,0.5030175187280307,0.5029731876207167
BlackBoxOptim DX-NES (threaded),681,402.8015820980072,0.5030292824348714,0.5029731876207167
BlackBoxOptim DX-NES (threaded),682,404.3304409980774,0.5030142635438957,0.5029731876207167
BlackBoxOptim DX-NES (threaded),683,404.41720700263977,0.5030198385582338,0.5029731876207167
BlackBoxOptim DX-NES (threaded),684,404.4237070083618,0.503036641453575,0.5029731876207167
BlackBoxOptim DX-NES (threaded),685,405.94013595581055,0.5030168500856426,0.5029731876207167
BlackBoxOptim DX-NES (threaded),686,405.95078802108765,0.5030406266094565,0.5029731876207167
BlackBoxOptim DX-NES (threaded),687,406.0005609989166,0.5030562437766959,0.5029731876207167
BlackBoxOptim DX-NES (threaded),688,407.39832401275635,0.5030255019072927,0.5029731876207167
BlackBoxOptim DX-NES (threaded),689,407.4030010700226,0.5030241594686926,0.5029731876207167
BlackBoxOptim DX-NES (threaded),690,408.9461901187897,0.5030157708450095,0.5029731876207167
BlackBoxOptim DX-NES (threaded),691,409.05591201782227,0.5030350180915806,0.5029731876207167
BlackBoxOptim DX-NES (threaded),692,409.06930899620056,0.5030192368755806,0.5029731876207167
BlackBoxOptim DX-NES (threaded),693,410.4936110973358,0.5030372028710196,0.5029731876207167
BlackBoxOptim DX-NES (threaded),694,410.6636919975281,0.5030123480946747,0.5029731876207167
BlackBoxOptim DX-NES (threaded),695,410.7628080844879,0.5030523779264853,0.5029731876207167
BlackBoxOptim DX-NES (threaded),696,411.96669816970825,0.5030186386794111,0.5029731876207167
BlackBoxOptim DX-NES (threaded),697,412.13872504234314,0.5030176933984755,0.5029731876207167
BlackBoxOptim DX-NES (threaded),698,413.62907695770264,0.5030141595025519,0.5029731876207167
BlackBoxOptim DX-NES (threaded),699,413.7776770591736,0.5030495540898697,0.5029731876207167
BlackBoxOptim DX-NES (threaded),700,413.7811870574951,0.5030760634663989,0.5029731876207167
BlackBoxOptim DX-NES (threaded),701,415.12774109840393,0.5030189468246994,0.5029731876207167
BlackBoxOptim DX-NES (threaded),702,415.2601959705353,0.5030177253621576,0.5029731876207167
BlackBoxOptim DX-NES (threaded),703,415.40758419036865,0.503092145870577,0.5029731876207167
BlackBoxOptim DX-NES (threaded),704,416.52553510665894,0.5030141150968142,0.5029731876207167
BlackBoxOptim DX-NES (threaded),705,416.73595809936523,0.5030421758184809,0.5029731876207167
BlackBoxOptim DX-NES (threaded),706,418.2388560771942,0.5030197852235313,0.5029731876207167
BlackBoxOptim DX-NES (threaded),707,418.27895307540894,0.5030204042926116,0.5029731876207167
BlackBoxOptim DX-NES (threaded),708,418.349769115448,0.5030792775942117,0.5029731876207167
BlackBoxOptim DX-NES (threaded),709,419.7227749824524,0.5030152156567659,0.5029731876207167
BlackBoxOptim DX-NES (threaded),710,419.95873403549194,0.5030127262577246,0.5029731876207167
BlackBoxOptim DX-NES (threaded),711,419.96109414100647,0.5030406573851703,0.5029731876207167
BlackBoxOptim DX-NES (threaded),712,421.2518150806427,0.5030284042999406,0.5029731876207167
BlackBoxOptim DX-NES (threaded),713,421.402302980423,0.5030307632430768,0.5029731876207167
BlackBoxOptim DX-NES (threaded),714,422.94015407562256,0.5030167004906614,0.5029731876207167
BlackBoxOptim DX-NES (threaded),715,422.95026206970215,0.5030129742384551,0.5029731876207167
BlackBoxOptim DX-NES (threaded),716,422.9748191833496,0.5030164787983978,0.5029731876207167
BlackBoxOptim DX-NES (threaded),717,424.5559389591217,0.5030443406631934,0.5029731876207167
BlackBoxOptim DX-NES (threaded),718,424.556627035141,0.5030310541562568,0.5029731876207167
BlackBoxOptim DX-NES (threaded),719,424.5589301586151,0.503038248749936,0.5029731876207167
BlackBoxOptim DX-NES (threaded),720,425.9294810295105,0.5030158600195479,0.5029731876207167
BlackBoxOptim DX-NES (threaded),721,426.0011670589447,0.5030805179196386,0.5029731876207167
BlackBoxOptim DX-NES (threaded),722,427.4878730773926,0.5030248937215691,0.5029731876207167
BlackBoxOptim DX-NES (threaded),723,427.5473711490631,0.5030139057346771,0.5029731876207167
BlackBoxOptim DX-NES (threaded),724,427.5535671710968,0.5030169689499546,0.5029731876207167
BlackBoxOptim DX-NES (threaded),725,429.016489982605,0.5030204073675208,0.5029731876207167
BlackBoxOptim DX-NES (threaded),726,429.2519190311432,0.5030548629499799,0.5029731876207167
BlackBoxOptim DX-NES (threaded),727,429.2565641403198,0.5030423171958953,0.5029731876207167
BlackBoxOptim DX-NES (threaded),728,430.54393315315247,0.5030132585450919,0.5029731876207167
BlackBoxOptim DX-NES (threaded),729,430.6946711540222,0.5030455344401926,0.5029731876207167
BlackBoxOptim DX-NES (threaded),730,432.281121969223,0.5030113006938923,0.5029731876207167
BlackBoxOptim DX-NES (threaded),731,432.2857229709625,0.503067498756741,0.5029731876207167
BlackBoxOptim DX-NES (threaded),732,432.31891107559204,0.5030505884956535,0.5029731876207167
BlackBoxOptim DX-NES (threaded),733,433.85758113861084,0.5030089615115142,0.5029731876207167
BlackBoxOptim DX-NES (threaded),734,433.8972849845886,0.5030073320183198,0.5029731876207167
BlackBoxOptim DX-NES (threaded),735,433.9427809715271,0.5030448580148654,0.5029731876207167
BlackBoxOptim DX-NES (threaded),736,435.30724596977234,0.503019189409974,0.5029731876207167
BlackBoxOptim DX-NES (threaded),737,435.34441804885864,0.5030118080045732,0.5029731876207167
BlackBoxOptim DX-NES (threaded),738,436.82102513313293,0.5030165905523395,0.5029731876207167
BlackBoxOptim DX-NES (threaded),739,436.95074009895325,0.5030248786188337,0.5029731876207167
BlackBoxOptim DX-NES (threaded),740,436.9546899795532,0.5030564563086954,0.5029731876207167
BlackBoxOptim DX-NES (threaded),741,438.42062997817993,0.5030185137168284,0.5029731876207167
BlackBoxOptim DX-NES (threaded),742,438.523236989975,0.5030155223382337,0.5029731876207167
BlackBoxOptim DX-NES (threaded),743,438.59125304222107,0.5030066653747642,0.5029731876207167
BlackBoxOptim DX-NES (threaded),744,439.96683406829834,0.5030238367576788,0.5029731876207167
BlackBoxOptim DX-NES (threaded),745,440.0012950897217,0.5030841416259627,0.5029731876207167
BlackBoxOptim DX-NES (threaded),746,441.5421841144562,0.5030131746030764,0.5029731876207167
BlackBoxOptim DX-NES (threaded),747,441.635617017746,0.5030198586073082,0.5029731876207167
BlackBoxOptim DX-NES (threaded),748,441.63864612579346,0.5030283507775342,0.5029731876207167
BlackBoxOptim DX-NES (threaded),749,443.10485100746155,0.5030089253481704,0.5029731876207167
BlackBoxOptim DX-NES (threaded),750,443.20298314094543,0.5030075542649376,0.5029731876207167
BlackBoxOptim DX-NES (threaded),751,443.20331716537476,0.5030096605388008,0.5029731876207167
BlackBoxOptim DX-NES (threaded),752,444.54961800575256,0.5030145240315264,0.5029731876207167
BlackBoxOptim DX-NES (threaded),753,444.62885212898254,0.5030174260005565,0.5029731876207167
BlackBoxOptim DX-NES (threaded),754,446.13242197036743,0.5030084820617495,0.5029731876207167
BlackBoxOptim DX-NES (threaded),755,446.18092107772827,0.5030123347446983,0.5029731876207167
BlackBoxOptim DX-NES (threaded),756,446.2478129863739,0.5030172579500446,0.5029731876207167
BlackBoxOptim DX-NES (threaded),757,447.7023320198059,0.5030065953236232,0.5029731876207167
BlackBoxOptim DX-NES (threaded),758,447.7284851074219,0.5030106081027801,0.5029731876207167
BlackBoxOptim DX-NES (threaded),759,447.9951660633087,0.5030215183483728,0.5029731876207167
BlackBoxOptim DX-NES (threaded),760,449.1659560203552,0.5030086379234461,0.5029731876207167
BlackBoxOptim DX-NES (threaded),761,449.29044914245605,0.5030317510067942,0.5029731876207167
BlackBoxOptim DX-NES (threaded),762,450.8195011615753,0.503010824261054,0.5029731876207167
BlackBoxOptim DX-NES (threaded),763,450.89428901672363,0.5030235491411555,0.5029731876207167
BlackBoxOptim DX-NES (threaded),764,450.90203619003296,0.5030136569879186,0.5029731876207167
BlackBoxOptim DX-NES (threaded),765,452.4033751487732,0.5030083596629322,0.5029731876207167
BlackBoxOptim DX-NES (threaded),766,452.4574861526489,0.5030110884765259,0.5029731876207167
BlackBoxOptim DX-NES (threaded),767,452.4750511646271,0.503018822852591,0.5029731876207167
BlackBoxOptim DX-NES (threaded),768,453.8582510948181,0.5030297125097513,0.5029731876207167
BlackBoxOptim DX-NES (threaded),769,453.89434719085693,0.5030196498170646,0.5029731876207167
BlackBoxOptim DX-NES (threaded),770,455.40296506881714,0.5030097384417911,0.5029731876207167
BlackBoxOptim DX-NES (threaded),771,455.47236704826355,0.5030862919750886,0.5029731876207167
BlackBoxOptim DX-NES (threaded),772,455.47328901290894,0.503082880517234,0.5029731876207167
BlackBoxOptim DX-NES (threaded),773,456.9408030509949,0.503012073298068,0.5029731876207167
BlackBoxOptim DX-NES (threaded),774,457.0384020805359,0.5030116855097406,0.5029731876207167
BlackBoxOptim DX-NES (threaded),775,457.14021611213684,0.5030340292022351,0.5029731876207167
BlackBoxOptim DX-NES (threaded),776,458.41235613822937,0.5030063327917266,0.5029731876207167
BlackBoxOptim DX-NES (threaded),777,458.59397411346436,0.503035229177047,0.5029731876207167
BlackBoxOptim DX-NES (threaded),778,460.1194341182709,0.5030179751890134,0.5029731876207167
BlackBoxOptim DX-NES (threaded),779,460.13052916526794,0.5030062314574231,0.5029731876207167
BlackBoxOptim DX-NES (threaded),780,460.2541341781616,0.5030366853726078,0.5029731876207167
BlackBoxOptim DX-NES (threaded),781,461.75875210762024,0.5030649132473395,0.5029731876207167
BlackBoxOptim DX-NES (threaded),782,461.77752709388733,0.503042526987584,0.5029731876207167
BlackBoxOptim DX-NES (threaded),783,461.8257520198822,0.5030103815229714,0.5029731876207167
BlackBoxOptim DX-NES (threaded),784,463.21238803863525,0.5030111866649661,0.5029731876207167
BlackBoxOptim DX-NES (threaded),785,463.2559449672699,0.503016126789763,0.5029731876207167
BlackBoxOptim DX-NES (threaded),786,464.75986099243164,0.5030057209159844,0.5029731876207167
BlackBoxOptim DX-NES (threaded),787,464.865198135376,0.5030187797298562,0.5029731876207167
BlackBoxOptim DX-NES (threaded),788,464.8749680519104,0.5030178382435704,0.5029731876207167
BlackBoxOptim DX-NES (threaded),789,466.3319880962372,0.5030091088190639,0.5029731876207167
BlackBoxOptim DX-NES (threaded),790,466.4680919647217,0.5030192782701713,0.5029731876207167
BlackBoxOptim DX-NES (threaded),791,466.5425090789795,0.5030486176624438,0.5029731876207167
BlackBoxOptim DX-NES (threaded),792,467.8544499874115,0.5030065418013927,0.5029731876207167
BlackBoxOptim DX-NES (threaded),793,468.03294610977173,0.5030243549725968,0.5029731876207167
BlackBoxOptim DX-NES (threaded),794,469.59703516960144,0.5030077375543195,0.5029731876207167
BlackBoxOptim DX-NES (threaded),795,469.61442399024963,0.5030117337017564,0.5029731876207167
BlackBoxOptim DX-NES (threaded),796,469.692831993103,0.5030211554263966,0.5029731876207167
BlackBoxOptim DX-NES (threaded),797,471.2281801700592,0.5030278600307009,0.5029731876207167
BlackBoxOptim DX-NES (threaded),798,471.2736370563507,0.5030311795743173,0.5029731876207167
BlackBoxOptim DX-NES (threaded),799,471.27752804756165,0.5030056512839011,0.5029731876207167
BlackBoxOptim DX-NES (threaded),800,472.6560490131378,0.5030361139923101,0.5029731876207167
BlackBoxOptim DX-NES (threaded),801,472.68656516075134,0.5030045779311922,0.5029731876207167
BlackBoxOptim DX-NES (threaded),802,474.2518470287323,0.5030026149712516,0.5029731876207167
BlackBoxOptim DX-NES (threaded),803,474.3649821281433,0.503049422654779,0.5029731876207167
BlackBoxOptim DX-NES (threaded),804,474.39830112457275,0.5030313511952104,0.5029731876207167
BlackBoxOptim DX-NES (threaded),805,475.92727518081665,0.5030406781163953,0.5029731876207167
BlackBoxOptim DX-NES (threaded),806,476.008581161499,0.5030063493340212,0.5029731876207167
BlackBoxOptim DX-NES (threaded),807,476.12778306007385,0.5030571584526338,0.5029731876207167
BlackBoxOptim DX-NES (threaded),808,477.427325963974,0.5030094193031049,0.5029731876207167
BlackBoxOptim DX-NES (threaded),809,477.4666180610657,0.5030091181027329,0.5029731876207167
BlackBoxOptim DX-NES (threaded),810,479.00513195991516,0.5030033696488787,0.5029731876207167
BlackBoxOptim DX-NES (threaded),811,479.0449740886688,0.5030073382442865,0.5029731876207167
BlackBoxOptim DX-NES (threaded),812,479.0897150039673,0.5030337427379854,0.5029731876207167
BlackBoxOptim DX-NES (threaded),813,480.5820269584656,0.5030037320693471,0.5029731876207167
BlackBoxOptim DX-NES (threaded),814,480.617210149765,0.5030194618118784,0.5029731876207167
BlackBoxOptim DX-NES (threaded),815,480.74424505233765,0.5030339740274443,0.5029731876207167
BlackBoxOptim DX-NES (threaded),816,482.07253909111023,0.5030166618089241,0.5029731876207167
BlackBoxOptim DX-NES (threaded),817,482.07466316223145,0.5030173843660878,0.5029731876207167
BlackBoxOptim DX-NES (threaded),818,483.65079402923584,0.503003642610513,0.5029731876207167
BlackBoxOptim DX-NES (threaded),819,483.71468210220337,0.5030199883541715,0.5029731876207167
BlackBoxOptim DX-NES (threaded),820,483.73948216438293,0.5030208034878663,0.5029731876207167
BlackBoxOptim DX-NES (threaded),821,485.24712800979614,0.5030024420671921,0.5029731876207167
BlackBoxOptim DX-NES (threaded),822,485.3277871608734,0.5030062308454208,0.5029731876207167
BlackBoxOptim DX-NES (threaded),823,485.4508090019226,0.5030054057950542,0.5029731876207167
BlackBoxOptim DX-NES (threaded),824,486.67060899734497,0.5030033150613883,0.5029731876207167
BlackBoxOptim DX-NES (threaded),825,486.8088870048523,0.5030235071518891,0.5029731876207167
BlackBoxOptim DX-NES (threaded),826,488.44523310661316,0.502990307835769,0.5029731876207167
BlackBoxOptim DX-NES (threaded),827,488.49779295921326,0.5030368267855562,0.5029731876207167
BlackBoxOptim DX-NES (threaded),828,488.5534839630127,0.5030220560268022,0.5029731876207167
BlackBoxOptim DX-NES (threaded),829,490.1211750507355,0.503056972862253,0.5029731876207167
BlackBoxOptim DX-NES (threaded),830,490.14170813560486,0.503016125645763,0.5029731876207167
BlackBoxOptim DX-NES (threaded),831,490.2601900100708,0.5030204158578636,0.5029731876207167
BlackBoxOptim DX-NES (threaded),832,491.59049105644226,0.5030055181710058,0.5029731876207167
BlackBoxOptim DX-NES (threaded),833,491.633553981781,0.5029863491760805,0.5029731876207167
BlackBoxOptim DX-NES (threaded),834,493.2380599975586,0.5030474210575078,0.5029731876207167
BlackBoxOptim DX-NES (threaded),835,493.25923109054565,0.5030202619339437,0.5029731876207167
BlackBoxOptim DX-NES (threaded),836,493.29250597953796,0.5029945738756917,0.5029731876207167
BlackBoxOptim DX-NES (threaded),837,494.82852005958557,0.5029911109007507,0.5029731876207167
BlackBoxOptim DX-NES (threaded),838,494.8830671310425,0.5029875157193296,0.5029731876207167
BlackBoxOptim DX-NES (threaded),839,494.93630814552307,0.5029909120214734,0.5029731876207167
BlackBoxOptim DX-NES (threaded),840,496.31060814857483,0.5029939809881001,0.5029731876207167
BlackBoxOptim DX-NES (threaded),841,496.45454597473145,0.5030807191280138,0.5029731876207167
BlackBoxOptim DX-NES (threaded),842,498.16572618484497,0.5030129829159624,0.5029731876207167
BlackBoxOptim DX-NES (threaded),843,498.16782808303833,0.50300228101498,0.5029731876207167
BlackBoxOptim DX-NES (threaded),844,498.21206498146057,0.5030072891597042,0.5029731876207167
BlackBoxOptim DX-NES (threaded),845,499.7576220035553,0.5029863766509126,0.5029731876207167
BlackBoxOptim DX-NES (threaded),846,499.7747850418091,0.5029884158768164,0.5029731876207167
BlackBoxOptim DX-NES (threaded),847,499.9143841266632,0.5029993122753742,0.5029731876207167
BlackBoxOptim DX-NES (threaded),848,501.23363614082336,0.5029853029010888,0.5029731876207167
BlackBoxOptim DX-NES (threaded),849,501.23626708984375,0.5029850891631196,0.5029731876207167
BlackBoxOptim DX-NES (threaded),850,502.79590916633606,0.5029860097023007,0.5029731876207167
BlackBoxOptim DX-NES (threaded),851,502.8548171520233,0.5029951814897525,0.5029731876207167
BlackBoxOptim DX-NES (threaded),852,502.8604290485382,0.502985499433292,0.5029731876207167
BlackBoxOptim DX-NES (threaded),853,504.45094418525696,0.5029923667073093,0.5029731876207167
BlackBoxOptim DX-NES (threaded),854,504.496248960495,0.5029868510971991,0.5029731876207167
BlackBoxOptim DX-NES (threaded),855,504.53136801719666,0.5030090035478351,0.5029731876207167
BlackBoxOptim DX-NES (threaded),856,505.8905761241913,0.5029830462000583,0.5029731876207167
BlackBoxOptim DX-NES (threaded),857,505.94738006591797,0.5030022756096575,0.5029731876207167
BlackBoxOptim DX-NES (threaded),858,507.544713973999,0.502989194509686,0.5029731876207167
BlackBoxOptim DX-NES (threaded),859,507.58379197120667,0.5029856140127517,0.5029731876207167
BlackBoxOptim DX-NES (threaded),860,507.6311581134796,0.50299883028672,0.5029731876207167
BlackBoxOptim DX-NES (threaded),861,509.1479799747467,0.5029956817522533,0.5029731876207167
BlackBoxOptim DX-NES (threaded),862,509.2938210964203,0.5029939326633426,0.5029731876207167
BlackBoxOptim DX-NES (threaded),863,509.34037613868713,0.5030359761867295,0.5029731876207167
BlackBoxOptim DX-NES (threaded),864,510.5866651535034,0.5029828647585819,0.5029731876207167
BlackBoxOptim DX-NES (threaded),865,510.76644802093506,0.502985928323149,0.5029731876207167
BlackBoxOptim DX-NES (threaded),866,512.3843250274658,0.502985516481965,0.5029731876207167
BlackBoxOptim DX-NES (threaded),867,512.3870670795441,0.5029884118817723,0.5029731876207167
BlackBoxOptim DX-NES (threaded),868,512.3952941894531,0.5029891185459009,0.5029731876207167
BlackBoxOptim DX-NES (threaded),869,513.9780111312866,0.5029926186857696,0.5029731876207167
BlackBoxOptim DX-NES (threaded),870,514.0519461631775,0.5029929916301792,0.5029731876207167
BlackBoxOptim DX-NES (threaded),871,514.0962469577789,0.5029873647652823,0.5029731876207167
BlackBoxOptim DX-NES (threaded),872,515.3904960155487,0.5029830948053178,0.5029731876207167
BlackBoxOptim DX-NES (threaded),873,515.4746179580688,0.5029949367621098,0.5029731876207167
BlackBoxOptim DX-NES (threaded),874,517.0257461071014,0.502984966520041,0.5029731876207167
BlackBoxOptim DX-NES (threaded),875,517.0672180652618,0.502986065083304,0.5029731876207167
BlackBoxOptim DX-NES (threaded),876,517.27610206604,0.502986219282486,0.5029731876207167
BlackBoxOptim DX-NES (threaded),877,518.6935660839081,0.5029855081690594,0.5029731876207167
BlackBoxOptim DX-NES (threaded),878,518.7112810611725,0.5029833660206392,0.5029731876207167
BlackBoxOptim DX-NES (threaded),879,519.0151081085205,0.5030377058457601,0.5029731876207167
BlackBoxOptim DX-NES (threaded),880,520.2203030586243,0.5030058938616747,0.5029731876207167
BlackBoxOptim DX-NES (threaded),881,520.2211880683899,0.5030011015573436,0.5029731876207167
BlackBoxOptim DX-NES (threaded),882,521.7330451011658,0.5029853655745489,0.5029731876207167
BlackBoxOptim DX-NES (threaded),883,521.7484540939331,0.5029836904131768,0.5029731876207167
BlackBoxOptim DX-NES (threaded),884,521.8331911563873,0.502993360324591,0.5029731876207167
BlackBoxOptim DX-NES (threaded),885,523.3225121498108,0.5029879766910876,0.5029731876207167
BlackBoxOptim DX-NES (threaded),886,523.4141690731049,0.5029830906269258,0.5029731876207167
BlackBoxOptim DX-NES (threaded),887,523.4359591007233,0.503003867398982,0.5029731876207167
BlackBoxOptim DX-NES (threaded),888,524.759742975235,0.5029997886070592,0.5029731876207167
BlackBoxOptim DX-NES (threaded),889,524.8190941810608,0.5029874251687967,0.5029731876207167
BlackBoxOptim DX-NES (threaded),890,526.4257049560547,0.5029853173268568,0.5029731876207167
BlackBoxOptim DX-NES (threaded),891,526.4799990653992,0.5029932891363583,0.5029731876207167
BlackBoxOptim DX-NES (threaded),892,526.4858989715576,0.5030142123673708,0.5029731876207167
BlackBoxOptim DX-NES (threaded),893,528.0486581325531,0.5029859736801693,0.5029731876207167
BlackBoxOptim DX-NES (threaded),894,528.0636851787567,0.5029842695624447,0.5029731876207167
BlackBoxOptim DX-NES (threaded),895,528.1052441596985,0.5030031086945836,0.5029731876207167
BlackBoxOptim DX-NES (threaded),896,529.4332330226898,0.502985923924888,0.5029731876207167
BlackBoxOptim DX-NES (threaded),897,529.4909160137177,0.5029834546236495,0.5029731876207167
BlackBoxOptim DX-NES (threaded),898,531.0431959629059,0.5029828147123406,0.5029731876207167
BlackBoxOptim DX-NES (threaded),899,531.048287153244,0.502983598850854,0.5029731876207167
BlackBoxOptim DX-NES (threaded),900,531.1393930912018,0.5029937446848234,0.5029731876207167
BlackBoxOptim DX-NES (threaded),901,532.6545560359955,0.5029882056830157,0.5029731876207167
BlackBoxOptim DX-NES (threaded),902,532.6686420440674,0.502990474705749,0.5029731876207167
BlackBoxOptim DX-NES (threaded),903,532.7942080497742,0.5029925902706383,0.5029731876207167
BlackBoxOptim DX-NES (threaded),904,534.0433511734009,0.5029818876124502,0.5029731876207167
BlackBoxOptim DX-NES (threaded),905,534.0915551185608,0.5029833442256435,0.5029731876207167
BlackBoxOptim DX-NES (threaded),906,535.6229569911957,0.502980977500176,0.5029731876207167
BlackBoxOptim DX-NES (threaded),907,535.7663431167603,0.5029879748883982,0.5029731876207167
BlackBoxOptim DX-NES (threaded),908,535.7884531021118,0.5029890518188576,0.5029731876207167
BlackBoxOptim DX-NES (threaded),909,537.1127421855927,0.5029797426323612,0.5029731876207167
BlackBoxOptim DX-NES (threaded),910,537.3175551891327,0.5029815412626077,0.5029731876207167
BlackBoxOptim DX-NES (threaded),911,537.4282381534576,0.5029899475226477,0.5029731876207167
BlackBoxOptim DX-NES (threaded),912,538.5578870773315,0.5029810519903013,0.5029731876207167
BlackBoxOptim DX-NES (threaded),913,538.8228530883789,0.5030027031430048,0.5029731876207167
BlackBoxOptim DX-NES (threaded),914,540.3779101371765,0.502988205777274,0.5029731876207167
BlackBoxOptim DX-NES (threaded),915,540.3885760307312,0.5029811283345287,0.5029731876207167
BlackBoxOptim DX-NES (threaded),916,540.3994960784912,0.5029836194477506,0.5029731876207167
BlackBoxOptim DX-NES (threaded),917,541.8887870311737,0.5029800691410912,0.5029731876207167
BlackBoxOptim DX-NES (threaded),918,541.9463820457458,0.5029801664371045,0.5029731876207167
BlackBoxOptim DX-NES (threaded),919,541.9542560577393,0.5029858739872393,0.5029731876207167
BlackBoxOptim DX-NES (threaded),920,543.2648351192474,0.5029801125297558,0.5029731876207167
BlackBoxOptim DX-NES (threaded),921,543.3801391124725,0.5029844022837185,0.5029731876207167
BlackBoxOptim DX-NES (threaded),922,544.9574000835419,0.5029802579285,0.5029731876207167
BlackBoxOptim DX-NES (threaded),923,545.0047791004181,0.5029801755588159,0.5029731876207167
BlackBoxOptim DX-NES (threaded),924,545.0984721183777,0.5029810963568914,0.5029731876207167
BlackBoxOptim DX-NES (threaded),925,546.5825510025024,0.5029840044799333,0.5029731876207167
BlackBoxOptim DX-NES (threaded),926,546.6029241085052,0.5029836121503278,0.5029731876207167
BlackBoxOptim DX-NES (threaded),927,546.7352249622345,0.502982661101383,0.5029731876207167
BlackBoxOptim DX-NES (threaded),928,548.0137910842896,0.5029806512537693,0.5029731876207167
BlackBoxOptim DX-NES (threaded),929,548.0174791812897,0.5029807602614788,0.5029731876207167
BlackBoxOptim DX-NES (threaded),930,549.5359761714935,0.502980636941174,0.5029731876207167
BlackBoxOptim DX-NES (threaded),931,549.5552561283112,0.5029802405037672,0.5029731876207167
BlackBoxOptim DX-NES (threaded),932,549.5707230567932,0.5029799053257018,0.5029731876207167
BlackBoxOptim DX-NES (threaded),933,551.1205611228943,0.502986791047612,0.5029731876207167
BlackBoxOptim DX-NES (threaded),934,551.1492040157318,0.5029841422166981,0.5029731876207167
BlackBoxOptim DX-NES (threaded),935,551.1739599704742,0.5029884480569068,0.5029731876207167
BlackBoxOptim DX-NES (threaded),936,552.4994690418243,0.5029808138667673,0.5029731876207167
BlackBoxOptim DX-NES (threaded),937,552.5748860836029,0.5029900976552247,0.5029731876207167
BlackBoxOptim DX-NES (threaded),938,553.9977149963379,0.5029791760393897,0.5029731876207167
BlackBoxOptim DX-NES (threaded),939,554.2063620090485,0.5029834757959738,0.5029731876207167
BlackBoxOptim DX-NES (threaded),940,554.2252140045166,0.502985872926345,0.5029731876207167
BlackBoxOptim DX-NES (threaded),941,555.6915819644928,0.5029827868228249,0.5029731876207167
BlackBoxOptim DX-NES (threaded),942,555.7995550632477,0.5029792528628548,0.5029731876207167
BlackBoxOptim DX-NES (threaded),943,555.885421037674,0.5029822153008998,0.5029731876207167
BlackBoxOptim DX-NES (threaded),944,557.0935051441193,0.5029793177140787,0.5029731876207167
BlackBoxOptim DX-NES (threaded),945,557.1992859840393,0.5029789247269326,0.5029731876207167
BlackBoxOptim DX-NES (threaded),946,558.6751899719238,0.5029785367130051,0.5029731876207167
BlackBoxOptim DX-NES (threaded),947,558.76247215271,0.502979827035613,0.5029731876207167
BlackBoxOptim DX-NES (threaded),948,558.7693481445312,0.5029819540251741,0.5029731876207167
BlackBoxOptim DX-NES (threaded),949,560.2124090194702,0.5029788976607098,0.5029731876207167
BlackBoxOptim DX-NES (threaded),950,560.2925410270691,0.5029821550342146,0.5029731876207167
BlackBoxOptim DX-NES (threaded),951,560.3201470375061,0.502979796144513,0.5029731876207167
BlackBoxOptim DX-NES (threaded),952,561.658979177475,0.5029868796136886,0.5029731876207167
BlackBoxOptim DX-NES (threaded),953,561.7138340473175,0.5029819624824917,0.5029731876207167
BlackBoxOptim DX-NES (threaded),954,563.1993579864502,0.5029782463435237,0.5029731876207167
BlackBoxOptim DX-NES (threaded),955,563.3192551136017,0.5029798024974538,0.5029731876207167
BlackBoxOptim DX-NES (threaded),956,563.3448491096497,0.5029800451734676,0.5029731876207167
BlackBoxOptim DX-NES (threaded),957,564.9086639881134,0.502981036979326,0.5029731876207167
BlackBoxOptim DX-NES (threaded),958,564.9237191677094,0.5029791467045954,0.5029731876207167
BlackBoxOptim DX-NES (threaded),959,565.0017290115356,0.5029881228893711,0.5029731876207167
BlackBoxOptim DX-NES (threaded),960,566.3254671096802,0.502978748948492,0.5029731876207167
BlackBoxOptim DX-NES (threaded),961,566.3447411060333,0.5029793076101163,0.5029731876207167
BlackBoxOptim DX-NES (threaded),962,567.8807699680328,0.502978561087241,0.5029731876207167
BlackBoxOptim DX-NES (threaded),963,567.8847069740295,0.5029792303681582,0.5029731876207167
BlackBoxOptim DX-NES (threaded),964,567.9353070259094,0.5029824501938294,0.5029731876207167
BlackBoxOptim DX-NES (threaded),965,569.4181571006775,0.5029781973360112,0.5029731876207167
BlackBoxOptim DX-NES (threaded),966,569.504322052002,0.5029828521367352,0.5029731876207167
BlackBoxOptim DX-NES (threaded),967,569.5591490268707,0.5029800247409645,0.5029731876207167
BlackBoxOptim DX-NES (threaded),968,570.8502581119537,0.5029787967676005,0.5029731876207167
BlackBoxOptim DX-NES (threaded),969,570.8663921356201,0.5029803802058149,0.5029731876207167
BlackBoxOptim DX-NES (threaded),970,572.3434460163116,0.5029783990431521,0.5029731876207167
BlackBoxOptim DX-NES (threaded),971,572.3656229972839,0.5029786017007051,0.5029731876207167
BlackBoxOptim DX-NES (threaded),972,572.3972811698914,0.5029855105769577,0.5029731876207167
BlackBoxOptim DX-NES (threaded),973,573.9035301208496,0.5029781800251043,0.5029731876207167
BlackBoxOptim DX-NES (threaded),974,574.013020992279,0.5029843688410223,0.5029731876207167
BlackBoxOptim DX-NES (threaded),975,574.0598390102386,0.5029823846452143,0.5029731876207167
BlackBoxOptim DX-NES (threaded),976,575.3399231433868,0.5029783598471985,0.5029731876207167
BlackBoxOptim DX-NES (threaded),977,575.5855250358582,0.5029785770089813,0.5029731876207167
BlackBoxOptim DX-NES (threaded),978,577.0401611328125,0.5029780047511078,0.5029731876207167
BlackBoxOptim DX-NES (threaded),979,577.1476221084595,0.502980664531987,0.5029731876207167
BlackBoxOptim DX-NES (threaded),980,577.1769590377808,0.5029802757490187,0.5029731876207167
BlackBoxOptim DX-NES (threaded),981,578.6987450122833,0.5029785756633842,0.5029731876207167
BlackBoxOptim DX-NES (threaded),982,578.699923992157,0.5029780752958539,0.5029731876207167
BlackBoxOptim DX-NES (threaded),983,578.7796211242676,0.5029807388263978,0.5029731876207167
BlackBoxOptim DX-NES (threaded),984,580.1154410839081,0.5029781532068073,0.5029731876207167
BlackBoxOptim DX-NES (threaded),985,580.1330621242523,0.5029778414107048,0.5029731876207167
BlackBoxOptim DX-NES (threaded),986,581.619264125824,0.5029777514774503,0.5029731876207167
BlackBoxOptim DX-NES (threaded),987,581.6422121524811,0.5029779104163205,0.5029731876207167
BlackBoxOptim DX-NES (threaded),988,581.7816359996796,0.5029797639709783,0.5029731876207167
BlackBoxOptim DX-NES (threaded),989,583.2991399765015,0.5029778311435068,0.5029731876207167
BlackBoxOptim DX-NES (threaded),990,583.3435211181641,0.5029796984573408,0.5029731876207167
BlackBoxOptim DX-NES (threaded),991,583.4654791355133,0.5029791204154992,0.5029731876207167
BlackBoxOptim DX-NES (threaded),992,584.716539144516,0.5029777018962963,0.5029731876207167
BlackBoxOptim DX-NES (threaded),993,584.7941889762878,0.5029799108594829,0.5029731876207167
BlackBoxOptim DX-NES (threaded),994,586.2975170612335,0.5029779201056342,0.5029731876207167
BlackBoxOptim DX-NES (threaded),995,586.3249800205231,0.5029779026638939,0.5029731876207167
BlackBoxOptim DX-NES (threaded),996,586.3270981311798,0.5029781537702295,0.5029731876207167
BlackBoxOptim DX-NES (threaded),997,587.8544070720673,0.5029777804412101,0.5029731876207167
BlackBoxOptim DX-NES (threaded),998,587.919811964035,0.502978162968588,0.5029731876207167
BlackBoxOptim DX-NES (threaded),999,587.9661900997162,0.5029783205229204,0.5029731876207167
BlackBoxOptim DX-NES (threaded),1000,589.2817571163177,0.5029782331863283,0.5029731876207167
BlackBoxOptim DX-NES (threaded),1001,589.2857539653778,0.5029783028343066,0.5029731876207167
BlackBoxOptim DX-NES (threaded),1002,590.7496540546417,0.5029780755788401,0.5029731876207167
BlackBoxOptim DX-NES (threaded),1003,590.7637531757355,0.5029777955966863,0.5029731876207167
BlackBoxOptim DX-NES (threaded),1004,590.8403761386871,0.5029794427147507,0.5029731876207167
BlackBoxOptim DX-NES (threaded),1005,592.3987281322479,0.502978960178321,0.5029731876207167
BlackBoxOptim DX-NES (threaded),1006,592.4017140865326,0.5029779215083595,0.5029731876207167
BlackBoxOptim DX-NES (threaded),1007,592.5117270946503,0.5029791426261058,0.5029731876207167
BlackBoxOptim DX-NES (threaded),1008,593.752482175827,0.5029778804157553,0.5029731876207167
BlackBoxOptim DX-NES (threaded),1009,593.787180185318,0.5029778610076608,0.5029731876207167
BlackBoxOptim DX-NES (threaded),1010,595.3077490329742,0.5029781213737732,0.5029731876207167
BlackBoxOptim DX-NES (threaded),1011,595.3116021156311,0.502977666418508,0.5029731876207167
BlackBoxOptim DX-NES (threaded),1012,595.441486120224,0.5029814724213134,0.5029731876207167
BlackBoxOptim DX-NES (threaded),1013,596.8280761241913,0.5029779477678544,0.5029731876207167
BlackBoxOptim DX-NES (threaded),1014,596.9318041801453,0.5029792190664866,0.5029731876207167
BlackBoxOptim DX-NES (threaded),1015,597.0493550300598,0.5029776738068958,0.5029731876207167
BlackBoxOptim DX-NES (threaded),1016,598.2420229911804,0.5029777692931936,0.5029731876207167
BlackBoxOptim DX-NES (threaded),1017,598.4318630695343,0.5029800132089665,0.5029731876207167
BlackBoxOptim DX-NES (threaded),1018,599.895131111145,0.5029781115794643,0.5029731876207167
BlackBoxOptim DX-NES (threaded),1019,599.9752721786499,0.5029791027947828,0.5029731876207167
BlackBoxOptim DX-NES (threaded),1020,599.9788839817047,0.5029783020214332,0.5029731876207167
BlackBoxOptim DX-NES (threaded),1021,601.545814037323,0.5029780410552199,0.5029731876207167
BlackBoxOptim DX-NES (threaded),1022,601.5860960483551,0.5029789753989612,0.5029731876207167
BlackBoxOptim DX-NES (threaded),1023,601.6653201580048,0.5029790380996274,0.5029731876207167
BlackBoxOptim DX-NES (threaded),1024,602.943932056427,0.5029777160186696,0.5029731876207167
BlackBoxOptim DX-NES (threaded),1025,602.9826431274414,0.5029775977213372,0.5029731876207167
BlackBoxOptim DX-NES (threaded),1026,604.4929740428925,0.5029774207670977,0.5029731876207167
BlackBoxOptim DX-NES (threaded),1027,604.5997431278229,0.5029781655118936,0.5029731876207167
BlackBoxOptim DX-NES (threaded),1028,604.6166779994965,0.5029777054034983,0.5029731876207167
BlackBoxOptim DX-NES (threaded),1029,606.089907169342,0.50297863459668,0.5029731876207167
BlackBoxOptim DX-NES (threaded),1030,606.114226102829,0.5029775764705434,0.5029731876207167
BlackBoxOptim DX-NES (threaded),1031,606.2307200431824,0.5029791614949534,0.5029731876207167
BlackBoxOptim DX-NES (threaded),1032,607.4720840454102,0.5029777342167078,0.5029731876207167
BlackBoxOptim DX-NES (threaded),1033,607.4996240139008,0.5029774871523897,0.5029731876207167
BlackBoxOptim DX-NES (threaded),1034,609.069589138031,0.5029786649202543,0.5029731876207167
BlackBoxOptim DX-NES (threaded),1035,609.0825619697571,0.502978202674563,0.5029731876207167
BlackBoxOptim DX-NES (threaded),1036,609.0917801856995,0.5029789712500727,0.5029731876207167
BlackBoxOptim DX-NES (threaded),1037,610.6588261127472,0.5029775112893411,0.5029731876207167
BlackBoxOptim DX-NES (threaded),1038,610.7068591117859,0.5029774047107556,0.5029731876207167
BlackBoxOptim DX-NES (threaded),1039,610.7296631336212,0.5029788024252646,0.5029731876207167
BlackBoxOptim DX-NES (threaded),1040,612.0708861351013,0.5029773881465979,0.5029731876207167
BlackBoxOptim DX-NES (threaded),1041,612.1148581504822,0.5029774460673281,0.5029731876207167
BlackBoxOptim DX-NES (threaded),1042,613.6209201812744,0.5029773052114835,0.5029731876207167
BlackBoxOptim DX-NES (threaded),1043,613.647294998169,0.502977536613681,0.5029731876207167
BlackBoxOptim DX-NES (threaded),1044,613.7459280490875,0.5029793391568895,0.5029731876207167
BlackBoxOptim DX-NES (threaded),1045,615.142340183258,0.5029773584394944,0.5029731876207167
BlackBoxOptim DX-NES (threaded),1046,615.2751660346985,0.5029780629399735,0.5029731876207167
BlackBoxOptim DX-NES (threaded),1047,615.379566192627,0.5029775533268999,0.5029731876207167
BlackBoxOptim DX-NES (threaded),1048,616.5255401134491,0.5029773348988285,0.5029731876207167
BlackBoxOptim DX-NES (threaded),1049,616.7344770431519,0.5029784427373707,0.5029731876207167
BlackBoxOptim DX-NES (threaded),1050,618.225937128067,0.5029772767092788,0.5029731876207167
BlackBoxOptim DX-NES (threaded),1051,618.3151750564575,0.5029796752815466,0.5029731876207167
BlackBoxOptim DX-NES (threaded),1052,618.336284160614,0.5029780888059769,0.5029731876207167
BlackBoxOptim DX-NES (threaded),1053,619.8319351673126,0.5029772386407703,0.5029731876207167
BlackBoxOptim DX-NES (threaded),1054,619.9406759738922,0.5029771793892261,0.5029731876207167
BlackBoxOptim DX-NES (threaded),1055,620.0173900127411,0.5029781357863333,0.5029731876207167
BlackBoxOptim DX-NES (threaded),1056,621.235239982605,0.5029772522923466,0.5029731876207167
BlackBoxOptim DX-NES (threaded),1057,621.4046850204468,0.502978448003558,0.5029731876207167
BlackBoxOptim DX-NES (threaded),1058,622.9145030975342,0.502977254883724,0.5029731876207167
BlackBoxOptim DX-NES (threaded),1059,622.9776110649109,0.5029780481155044,0.5029731876207167
BlackBoxOptim DX-NES (threaded),1060,622.9884450435638,0.5029780072708374,0.5029731876207167
BlackBoxOptim DX-NES (threaded),1061,624.4601471424103,0.5029772428893374,0.5029731876207167
BlackBoxOptim DX-NES (threaded),1062,624.5651960372925,0.5029772496413437,0.5029731876207167
BlackBoxOptim DX-NES (threaded),1063,624.6554660797119,0.5029791614273674,0.5029731876207167
BlackBoxOptim DX-NES (threaded),1064,625.834221124649,0.5029772878336929,0.5029731876207167
BlackBoxOptim DX-NES (threaded),1065,626.0063581466675,0.5029784274231597,0.5029731876207167
BlackBoxOptim DX-NES (threaded),1066,627.4511580467224,0.5029779447307323,0.5029731876207167
BlackBoxOptim DX-NES (threaded),1067,627.6287701129913,0.5029795061443781,0.5029731876207167
BlackBoxOptim DX-NES (threaded),1068,627.6426041126251,0.5029784521379107,0.5029731876207167
BlackBoxOptim DX-NES (threaded),1069,629.0438940525055,0.5029773315519411,0.5029731876207167
BlackBoxOptim DX-NES (threaded),1070,629.2035109996796,0.5029771412750159,0.5029731876207167
BlackBoxOptim DX-NES (threaded),1071,629.2870941162109,0.5029773672068979,0.5029731876207167
BlackBoxOptim DX-NES (threaded),1072,630.4155950546265,0.5029771813921123,0.5029731876207167
BlackBoxOptim DX-NES (threaded),1073,630.6592581272125,0.5029781028789211,0.5029731876207167
BlackBoxOptim DX-NES (threaded),1074,632.1603691577911,0.502977295392843,0.5029731876207167
BlackBoxOptim DX-NES (threaded),1075,632.2626330852509,0.5029781181880655,0.5029731876207167
BlackBoxOptim DX-NES (threaded),1076,632.2678451538086,0.5029784045134442,0.5029731876207167
BlackBoxOptim DX-NES (threaded),1077,633.7060780525208,0.5029770031817598,0.5029731876207167
BlackBoxOptim DX-NES (threaded),1078,633.7927370071411,0.5029770772849635,0.5029731876207167
BlackBoxOptim DX-NES (threaded),1079,633.8603551387787,0.5029779904588335,0.5029731876207167
BlackBoxOptim DX-NES (threaded),1080,635.0957210063934,0.5029770905609914,0.5029731876207167
BlackBoxOptim DX-NES (threaded),1081,635.2289769649506,0.5029783896625635,0.5029731876207167
BlackBoxOptim DX-NES (threaded),1082,636.6776301860809,0.5029770746223501,0.5029731876207167
BlackBoxOptim DX-NES (threaded),1083,636.7723581790924,0.5029772875222964,0.5029731876207167
BlackBoxOptim DX-NES (threaded),1084,636.9036521911621,0.5029782004930343,0.5029731876207167
BlackBoxOptim DX-NES (threaded),1085,638.2682950496674,0.5029769031872161,0.5029731876207167
BlackBoxOptim DX-NES (threaded),1086,638.4352309703827,0.5029807358586256,0.5029731876207167
BlackBoxOptim DX-NES (threaded),1087,638.4501330852509,0.5029769514510485,0.5029731876207167
BlackBoxOptim DX-NES (threaded),1088,639.7600500583649,0.5029775850957255,0.5029731876207167
BlackBoxOptim DX-NES (threaded),1089,639.8736581802368,0.5029795673022543,0.5029731876207167
BlackBoxOptim DX-NES (threaded),1090,641.3615491390228,0.5029769111458485,0.5029731876207167
BlackBoxOptim DX-NES (threaded),1091,641.3760039806366,0.5029768453803192,0.5029731876207167
BlackBoxOptim DX-NES (threaded),1092,641.441174030304,0.5029776596294564,0.5029731876207167
BlackBoxOptim DX-NES (threaded),1093,642.8820190429688,0.5029769422544568,0.5029731876207167
BlackBoxOptim DX-NES (threaded),1094,642.9641749858856,0.5029777761651175,0.5029731876207167
BlackBoxOptim DX-NES (threaded),1095,643.0720770359039,0.5029834376884676,0.5029731876207167
BlackBoxOptim DX-NES (threaded),1096,644.300920009613,0.5029770838604103,0.5029731876207167
BlackBoxOptim DX-NES (threaded),1097,644.4064190387726,0.5029785470566682,0.5029731876207167
BlackBoxOptim DX-NES (threaded),1098,645.866317987442,0.5029766477411524,0.5029731876207167
BlackBoxOptim DX-NES (threaded),1099,645.9003131389618,0.5029770074534187,0.5029731876207167
BlackBoxOptim DX-NES (threaded),1100,646.0493631362915,0.5029792670556704,0.5029731876207167
BlackBoxOptim DX-NES (threaded),1101,647.5306119918823,0.5029783792323967,0.5029731876207167
BlackBoxOptim DX-NES (threaded),1102,647.5407299995422,0.5029780886771669,0.5029731876207167
BlackBoxOptim DX-NES (threaded),1103,647.6072771549225,0.5029767707138695,0.5029731876207167
BlackBoxOptim DX-NES (threaded),1104,648.9228639602661,0.5029769025057713,0.5029731876207167
BlackBoxOptim DX-NES (threaded),1105,648.9862580299377,0.5029777382376116,0.5029731876207167
BlackBoxOptim DX-NES (threaded),1106,650.5212981700897,0.5029766198236303,0.5029731876207167
BlackBoxOptim DX-NES (threaded),1107,650.5308361053467,0.5029766311027296,0.5029731876207167
BlackBoxOptim DX-NES (threaded),1108,650.6753439903259,0.5029800904028653,0.5029731876207167
BlackBoxOptim DX-NES (threaded),1109,652.0631201267242,0.5029765373953831,0.5029731876207167
BlackBoxOptim DX-NES (threaded),1110,652.1772701740265,0.5029789019954338,0.5029731876207167
BlackBoxOptim DX-NES (threaded),1111,652.2935380935669,0.5029795775066854,0.5029731876207167
BlackBoxOptim DX-NES (threaded),1112,653.504683971405,0.5029784336720861,0.5029731876207167
BlackBoxOptim DX-NES (threaded),1113,653.5452380180359,0.502976697083434,0.5029731876207167
BlackBoxOptim DX-NES (threaded),1114,655.009425163269,0.5029762999118774,0.5029731876207167
BlackBoxOptim DX-NES (threaded),1115,655.0860891342163,0.5029766210101718,0.5029731876207167
BlackBoxOptim DX-NES (threaded),1116,655.1558780670166,0.502976764190708,0.5029731876207167
BlackBoxOptim DX-NES (threaded),1117,656.6153500080109,0.5029767179847937,0.5029731876207167
BlackBoxOptim DX-NES (threaded),1118,656.6753861904144,0.5029765480886499,0.5029731876207167
BlackBoxOptim DX-NES (threaded),1119,656.7808091640472,0.5029768660852884,0.5029731876207167
BlackBoxOptim DX-NES (threaded),1120,658.0741691589355,0.5029794498798034,0.5029731876207167
BlackBoxOptim DX-NES (threaded),1121,658.1024119853973,0.5029775843536994,0.5029731876207167
BlackBoxOptim DX-NES (threaded),1122,659.551952123642,0.5029762800064914,0.5029731876207167
BlackBoxOptim DX-NES (threaded),1123,659.6975011825562,0.5029775185834269,0.5029731876207167
BlackBoxOptim DX-NES (threaded),1124,659.7108290195465,0.5029773140871046,0.5029731876207167
BlackBoxOptim DX-NES (threaded),1125,661.106043100357,0.5029765227231799,0.5029731876207167
BlackBoxOptim DX-NES (threaded),1126,661.2529900074005,0.5029765418889182,0.5029731876207167
BlackBoxOptim DX-NES (threaded),1127,661.2697451114655,0.5029764188678483,0.5029731876207167
BlackBoxOptim DX-NES (threaded),1128,662.5807271003723,0.5029782248673794,0.5029731876207167
BlackBoxOptim DX-NES (threaded),1129,662.6999180316925,0.5029770219392353,0.5029731876207167
BlackBoxOptim DX-NES (threaded),1130,664.1597001552582,0.5029764589385457,0.5029731876207167
BlackBoxOptim DX-NES (threaded),1131,664.2295579910278,0.5029759921182003,0.5029731876207167
BlackBoxOptim DX-NES (threaded),1132,664.3471140861511,0.5029778246009899,0.5029731876207167
BlackBoxOptim DX-NES (threaded),1133,665.7964789867401,0.5029763606962904,0.5029731876207167
BlackBoxOptim DX-NES (threaded),1134,666.0071890354156,0.5029799228107614,0.5029731876207167
BlackBoxOptim DX-NES (threaded),1135,666.0078041553497,0.5029762227939858,0.5029731876207167
BlackBoxOptim DX-NES (threaded),1136,667.3159019947052,0.5029765209896654,0.5029731876207167
BlackBoxOptim DX-NES (threaded),1137,667.4419000148773,0.5029772195365578,0.5029731876207167
BlackBoxOptim DX-NES (threaded),1138,668.9092891216278,0.5029761158335646,0.5029731876207167
BlackBoxOptim DX-NES (threaded),1139,669.0024070739746,0.5029778214292797,0.5029731876207167
BlackBoxOptim DX-NES (threaded),1140,669.0321781635284,0.5029789078800354,0.5029731876207167
BlackBoxOptim DX-NES (threaded),1141,670.549506187439,0.502977762168542,0.5029731876207167
BlackBoxOptim DX-NES (threaded),1142,670.5574131011963,0.5029760741453332,0.5029731876207167
BlackBoxOptim DX-NES (threaded),1143,670.6680381298065,0.5029761869508111,0.5029731876207167
BlackBoxOptim DX-NES (threaded),1144,671.9126110076904,0.5029759474928827,0.5029731876207167
BlackBoxOptim DX-NES (threaded),1145,671.9193601608276,0.5029759435464725,0.5029731876207167
BlackBoxOptim DX-NES (threaded),1146,673.3775911331177,0.5029759172802059,0.5029731876207167
BlackBoxOptim DX-NES (threaded),1147,673.3918840885162,0.502975788520708,0.5029731876207167
BlackBoxOptim DX-NES (threaded),1148,673.4785621166229,0.5029779006532613,0.5029731876207167
BlackBoxOptim DX-NES (threaded),1149,675.0091071128845,0.5029758218913188,0.5029731876207167
BlackBoxOptim DX-NES (threaded),1150,675.0485460758209,0.5029759223434392,0.5029731876207167
BlackBoxOptim DX-NES (threaded),1151,675.2197821140289,0.5029775156158945,0.5029731876207167
BlackBoxOptim DX-NES (threaded),1152,676.4489440917969,0.5029782635870693,0.5029731876207167
BlackBoxOptim DX-NES (threaded),1153,676.4913740158081,0.5029774486942622,0.5029731876207167
BlackBoxOptim DX-NES (threaded),1154,678.0093121528625,0.5029758577589957,0.5029731876207167
BlackBoxOptim DX-NES (threaded),1155,678.0677690505981,0.5029768428549625,0.5029731876207167
BlackBoxOptim DX-NES (threaded),1156,678.1230940818787,0.5029772315159465,0.5029731876207167
BlackBoxOptim DX-NES (threaded),1157,679.5985159873962,0.5029771189527751,0.5029731876207167
BlackBoxOptim DX-NES (threaded),1158,679.6542460918427,0.5029758000358857,0.5029731876207167
BlackBoxOptim DX-NES (threaded),1159,679.6807379722595,0.5029773788805189,0.5029731876207167
BlackBoxOptim DX-NES (threaded),1160,680.9757959842682,0.5029758581492421,0.5029731876207167
BlackBoxOptim DX-NES (threaded),1161,680.9908080101013,0.5029756984144943,0.5029731876207167
BlackBoxOptim DX-NES (threaded),1162,682.5193991661072,0.5029775488252832,0.5029731876207167
BlackBoxOptim DX-NES (threaded),1163,682.5575470924377,0.5029762089800909,0.5029731876207167
BlackBoxOptim DX-NES (threaded),1164,682.5587379932404,0.5029777408574537,0.5029731876207167
BlackBoxOptim DX-NES (threaded),1165,684.1677250862122,0.5029756873464234,0.5029731876207167
BlackBoxOptim DX-NES (threaded),1166,684.1907761096954,0.5029770863251168,0.5029731876207167
BlackBoxOptim DX-NES (threaded),1167,684.2124021053314,0.5029757096430912,0.5029731876207167
BlackBoxOptim DX-NES (threaded),1168,685.5796000957489,0.502975615884536,0.5029731876207167
BlackBoxOptim DX-NES (threaded),1169,685.5975821018219,0.5029756799508555,0.5029731876207167
BlackBoxOptim DX-NES (threaded),1170,687.0816280841827,0.5029754547544264,0.5029731876207167
BlackBoxOptim DX-NES (threaded),1171,687.1158039569855,0.502975946638522,0.5029731876207167
BlackBoxOptim DX-NES (threaded),1172,687.1871151924133,0.5029794008974001,0.5029731876207167
BlackBoxOptim DX-NES (threaded),1173,688.5722780227661,0.5029755687426195,0.5029731876207167
BlackBoxOptim DX-NES (threaded),1174,688.7420670986176,0.5029759490831248,0.5029731876207167
BlackBoxOptim DX-NES (threaded),1175,688.8227400779724,0.502975955501887,0.5029731876207167
BlackBoxOptim DX-NES (threaded),1176,689.9743280410767,0.5029757157700604,0.5029731876207167
BlackBoxOptim DX-NES (threaded),1177,690.1719319820404,0.502978397854393,0.5029731876207167
BlackBoxOptim DX-NES (threaded),1178,691.6604790687561,0.5029754449771496,0.5029731876207167
BlackBoxOptim DX-NES (threaded),1179,691.6978139877319,0.5029753261532023,0.5029731876207167
BlackBoxOptim DX-NES (threaded),1180,691.8079130649567,0.5029756197763974,0.5029731876207167
BlackBoxOptim DX-NES (threaded),1181,693.1773459911346,0.5029756526687389,0.5029731876207167
BlackBoxOptim DX-NES (threaded),1182,693.3531291484833,0.5029760842783487,0.5029731876207167
BlackBoxOptim DX-NES (threaded),1183,693.4129071235657,0.5029779807940836,0.5029731876207167
BlackBoxOptim DX-NES (threaded),1184,694.5850169658661,0.5029757398646509,0.5029731876207167
BlackBoxOptim DX-NES (threaded),1185,694.8316171169281,0.5029756588876485,0.5029731876207167
BlackBoxOptim DX-NES (threaded),1186,696.3583359718323,0.5029752593495199,0.5029731876207167
BlackBoxOptim DX-NES (threaded),1187,696.3616571426392,0.502975531294402,0.5029731876207167
BlackBoxOptim DX-NES (threaded),1188,696.3672389984131,0.5029753124405756,0.5029731876207167
BlackBoxOptim DX-NES (threaded),1189,697.9470291137695,0.5029756301686861,0.5029731876207167
BlackBoxOptim DX-NES (threaded),1190,697.9643931388855,0.5029775831445265,0.5029731876207167
BlackBoxOptim DX-NES (threaded),1191,697.9644460678101,0.5029781453671699,0.5029731876207167
BlackBoxOptim DX-NES (threaded),1192,699.3327810764313,0.5029752106812393,0.5029731876207167
BlackBoxOptim DX-NES (threaded),1193,699.3635900020599,0.5029761095579753,0.5029731876207167
BlackBoxOptim DX-NES (threaded),1194,700.8250570297241,0.5029750979369755,0.5029731876207167
BlackBoxOptim DX-NES (threaded),1195,700.8395640850067,0.5029748265726615,0.5029731876207167
BlackBoxOptim DX-NES (threaded),1196,700.9664051532745,0.5029771688995192,0.5029731876207167
BlackBoxOptim DX-NES (threaded),1197,702.3074810504913,0.5029748813523117,0.5029731876207167
BlackBoxOptim DX-NES (threaded),1198,702.3915250301361,0.5029752338456833,0.5029731876207167
BlackBoxOptim DX-NES (threaded),1199,702.6357781887054,0.5029774724880061,0.5029731876207167
BlackBoxOptim DX-NES (threaded),1200,703.8477690219879,0.5029753807687221,0.5029731876207167
BlackBoxOptim DX-NES (threaded),1201,703.8518040180206,0.5029783785584894,0.5029731876207167
BlackBoxOptim DX-NES (threaded),1202,705.423376083374,0.5029746406205557,0.5029731876207167
BlackBoxOptim DX-NES (threaded),1203,705.555340051651,0.5029769460333813,0.5029731876207167
BlackBoxOptim DX-NES (threaded),1204,705.5704700946808,0.5029791305543254,0.5029731876207167
BlackBoxOptim DX-NES (threaded),1205,707.0901460647583,0.502974565128341,0.5029731876207167
BlackBoxOptim DX-NES (threaded),1206,707.0966191291809,0.5029757295735234,0.5029731876207167
BlackBoxOptim DX-NES (threaded),1207,707.1725771427155,0.502974620617383,0.5029731876207167
BlackBoxOptim DX-NES (threaded),1208,708.4707190990448,0.5029748850587863,0.5029731876207167
BlackBoxOptim DX-NES (threaded),1209,708.5567631721497,0.5029787091776614,0.5029731876207167
BlackBoxOptim DX-NES (threaded),1210,710.0264091491699,0.5029744331106689,0.5029731876207167
BlackBoxOptim DX-NES (threaded),1211,710.0445380210876,0.5029747691624299,0.5029731876207167
BlackBoxOptim DX-NES (threaded),1212,710.0714790821075,0.5029746951687483,0.5029731876207167
BlackBoxOptim DX-NES (threaded),1213,711.6008169651031,0.5029755915597833,0.5029731876207167
BlackBoxOptim DX-NES (threaded),1214,711.6361019611359,0.5029748366026302,0.5029731876207167
BlackBoxOptim DX-NES (threaded),1215,711.6485230922699,0.5029766514803153,0.5029731876207167
BlackBoxOptim DX-NES (threaded),1216,713.009495973587,0.5029747685781709,0.5029731876207167
BlackBoxOptim DX-NES (threaded),1217,713.042827129364,0.502975900279965,0.5029731876207167
BlackBoxOptim DX-NES (threaded),1218,714.6774611473083,0.5029753527531784,0.5029731876207167
BlackBoxOptim DX-NES (threaded),1219,714.6831810474396,0.5029753555436423,0.5029731876207167
BlackBoxOptim DX-NES (threaded),1220,714.6841821670532,0.5029764225803173,0.5029731876207167
BlackBoxOptim DX-NES (threaded),1221,716.2232329845428,0.5029743918128566,0.5029731876207167
BlackBoxOptim DX-NES (threaded),1222,716.2379970550537,0.5029747934308111,0.5029731876207167
BlackBoxOptim DX-NES (threaded),1223,716.2539231777191,0.5029744538790069,0.5029731876207167
BlackBoxOptim DX-NES (threaded),1224,717.6009361743927,0.5029745189837459,0.5029731876207167
BlackBoxOptim DX-NES (threaded),1225,717.6661560535431,0.5029752942237229,0.5029731876207167
BlackBoxOptim DX-NES (threaded),1226,719.152724981308,0.5029745169797959,0.5029731876207167
BlackBoxOptim DX-NES (threaded),1227,719.1751329898834,0.502974107644276,0.5029731876207167
BlackBoxOptim DX-NES (threaded),1228,719.2086040973663,0.5029743369594628,0.5029731876207167
BlackBoxOptim DX-NES (threaded),1229,720.7594101428986,0.502974581285431,0.5029731876207167
BlackBoxOptim DX-NES (threaded),1230,720.7729120254517,0.5029764905885554,0.5029731876207167
BlackBoxOptim DX-NES (threaded),1231,720.7911510467529,0.5029752765857951,0.5029731876207167
BlackBoxOptim DX-NES (threaded),1232,722.1139540672302,0.5029743770183078,0.5029731876207167
BlackBoxOptim DX-NES (threaded),1233,722.1765341758728,0.5029749215859955,0.5029731876207167
BlackBoxOptim DX-NES (threaded),1234,723.6443290710449,0.5029746243528309,0.5029731876207167
BlackBoxOptim DX-NES (threaded),1235,723.7554459571838,0.502975107068667,0.5029731876207167
BlackBoxOptim DX-NES (threaded),1236,723.7675380706787,0.5029746792041003,0.5029731876207167
BlackBoxOptim DX-NES (threaded),1237,725.2350959777832,0.5029740070797515,0.5029731876207167
BlackBoxOptim DX-NES (threaded),1238,725.384241104126,0.5029743509610274,0.5029731876207167
BlackBoxOptim DX-NES (threaded),1239,725.4551839828491,0.5029742410012497,0.5029731876207167
BlackBoxOptim DX-NES (threaded),1240,726.5905811786652,0.5029741770611015,0.5029731876207167
BlackBoxOptim DX-NES (threaded),1241,726.8430790901184,0.5029758964842972,0.5029731876207167
BlackBoxOptim DX-NES (threaded),1242,728.34197306633,0.502974926295367,0.5029731876207167
BlackBoxOptim DX-NES (threaded),1243,728.3985371589661,0.5029759308102328,0.5029731876207167
BlackBoxOptim DX-NES (threaded),1244,728.445198059082,0.5029742792089776,0.5029731876207167
BlackBoxOptim DX-NES (threaded),1245,729.8843340873718,0.5029743608815872,0.5029731876207167
BlackBoxOptim DX-NES (threaded),1246,729.9271020889282,0.5029741829911306,0.5029731876207167
BlackBoxOptim DX-NES (threaded),1247,729.9503791332245,0.5029740479021481,0.5029731876207167
BlackBoxOptim DX-NES (threaded),1248,731.3237960338593,0.5029744273287418,0.5029731876207167
BlackBoxOptim DX-NES (threaded),1249,731.339485168457,0.5029746496448456,0.5029731876207167
BlackBoxOptim DX-NES (threaded),1250,732.784481048584,0.5029738541602256,0.5029731876207167
BlackBoxOptim DX-NES (threaded),1251,732.8231711387634,0.5029737422510977,0.5029731876207167
BlackBoxOptim DX-NES (threaded),1252,732.906888961792,0.5029759720131545,0.5029731876207167
BlackBoxOptim DX-NES (threaded),1253,734.3830490112305,0.5029739768741691,0.5029731876207167
BlackBoxOptim DX-NES (threaded),1254,734.4099950790405,0.5029742791894624,0.5029731876207167
BlackBoxOptim DX-NES (threaded),1255,734.5684971809387,0.5029767896705677,0.5029731876207167
BlackBoxOptim DX-NES (threaded),1256,735.8343501091003,0.5029758751155765,0.5029731876207167
BlackBoxOptim DX-NES (threaded),1257,735.871335029602,0.5029744046924015,0.5029731876207167
BlackBoxOptim DX-NES (threaded),1258,737.3508241176605,0.5029738554503964,0.5029731876207167
BlackBoxOptim DX-NES (threaded),1259,737.3517110347748,0.5029737623890468,0.5029731876207167
BlackBoxOptim DX-NES (threaded),1260,737.4566431045532,0.5029763214109652,0.5029731876207167
BlackBoxOptim DX-NES (threaded),1261,738.8790941238403,0.5029735788461723,0.5029731876207167
BlackBoxOptim DX-NES (threaded),1262,738.9912979602814,0.502974094105707,0.5029731876207167
BlackBoxOptim DX-NES (threaded),1263,739.122670173645,0.5029742948355997,0.5029731876207167
BlackBoxOptim DX-NES (threaded),1264,740.3508141040802,0.5029743944332323,0.5029731876207167
BlackBoxOptim DX-NES (threaded),1265,740.3585410118103,0.5029737567260485,0.5029731876207167
BlackBoxOptim DX-NES (threaded),1266,741.8270661830902,0.5029735081361911,0.5029731876207167
BlackBoxOptim DX-NES (threaded),1267,741.9377601146698,0.5029742514954951,0.5029731876207167
BlackBoxOptim DX-NES (threaded),1268,741.9641180038452,0.5029742495953538,0.5029731876207167
BlackBoxOptim DX-NES (threaded),1269,743.4769699573517,0.5029742739648143,0.5029731876207167
BlackBoxOptim DX-NES (threaded),1270,743.4824161529541,0.5029736288004787,0.5029731876207167
BlackBoxOptim DX-NES (threaded),1271,743.4956331253052,0.502973928797443,0.5029731876207167
BlackBoxOptim DX-NES (threaded),1272,744.8841390609741,0.5029736058057691,0.5029731876207167
BlackBoxOptim DX-NES (threaded),1273,744.9581789970398,0.5029752257464931,0.5029731876207167
BlackBoxOptim DX-NES (threaded),1274,746.4826140403748,0.502974460621474,0.5029731876207167
BlackBoxOptim DX-NES (threaded),1275,746.4989500045776,0.502972964192862,0.502972964192862
BlackBoxOptim DX-NES (threaded),1276,746.5781831741333,0.5029746031024851,0.502972964192862
BlackBoxOptim DX-NES (threaded),1277,747.9999840259552,0.5029735076521431,0.502972964192862
BlackBoxOptim DX-NES (threaded),1278,748.0981760025024,0.5029739615679529,0.502972964192862
BlackBoxOptim DX-NES (threaded),1279,748.1707971096039,0.5029778836640649,0.502972964192862
BlackBoxOptim DX-NES (threaded),1280,749.4196181297302,0.5029737855511486,0.502972964192862
BlackBoxOptim DX-NES (threaded),1281,749.4534780979156,0.5029735515119427,0.502972964192862
BlackBoxOptim DX-NES (threaded),1282,750.9423720836639,0.5029728788132329,0.5029728788132329
BlackBoxOptim DX-NES (threaded),1283,751.0477759838104,0.5029733244042099,0.5029728788132329
BlackBoxOptim DX-NES (threaded),1284,751.0712280273438,0.5029734654616577,0.5029728788132329
BlackBoxOptim DX-NES (threaded),1285,752.4837341308594,0.5029732308227222,0.5029728788132329
BlackBoxOptim DX-NES (threaded),1286,752.5633301734924,0.5029733175094757,0.5029728788132329
BlackBoxOptim DX-NES (threaded),1287,752.6141669750214,0.5029736550752302,0.5029728788132329
BlackBoxOptim DX-NES (threaded),1288,753.9998021125793,0.5029758627593522,0.5029728788132329
BlackBoxOptim DX-NES (threaded),1289,754.0636661052704,0.5029752702989934,0.5029728788132329
BlackBoxOptim DX-NES (threaded),1290,755.5052289962769,0.5029730696281747,0.5029728788132329
BlackBoxOptim DX-NES (threaded),1291,755.6489269733429,0.5029733564538496,0.5029728788132329
BlackBoxOptim DX-NES (threaded),1292,755.6785321235657,0.5029755563115068,0.5029728788132329
BlackBoxOptim DX-NES (threaded),1293,757.0370280742645,0.5029730547608146,0.5029728788132329
BlackBoxOptim DX-NES (threaded),1294,757.2102980613708,0.5029730669069905,0.5029728788132329
BlackBoxOptim DX-NES (threaded),1295,757.2460081577301,0.5029731856941562,0.5029728788132329
BlackBoxOptim DX-NES (threaded),1296,758.4120361804962,0.5029729088327725,0.5029728788132329
BlackBoxOptim DX-NES (threaded),1297,758.6389760971069,0.5029740791345189,0.5029728788132329
BlackBoxOptim DX-NES (threaded),1298,760.0976459980011,0.5029727074786412,0.5029727074786412
BlackBoxOptim DX-NES (threaded),1299,760.2034001350403,0.502980183661272,0.5029727074786412
BlackBoxOptim DX-NES (threaded),1300,760.216765165329,0.5029772519012299,0.5029727074786412
BlackBoxOptim DX-NES (threaded),1301,761.5912001132965,0.5029728311526918,0.5029727074786412
BlackBoxOptim DX-NES (threaded),1302,761.7114481925964,0.5029726316026495,0.5029726316026495
BlackBoxOptim DX-NES (threaded),1303,761.8454351425171,0.5029751350658032,0.5029726316026495
BlackBoxOptim DX-NES (threaded),1304,763.0347671508789,0.5029726715271536,0.5029726316026495
BlackBoxOptim DX-NES (threaded),1305,763.1871211528778,0.5029743651094533,0.5029726316026495
BlackBoxOptim DX-NES (threaded),1306,764.6834440231323,0.5029726235468123,0.5029726235468123
BlackBoxOptim DX-NES (threaded),1307,764.7284970283508,0.5029725861519039,0.5029725861519039
BlackBoxOptim DX-NES (threaded),1308,764.8379421234131,0.5029752352398394,0.5029725861519039
BlackBoxOptim DX-NES (threaded),1309,766.3055090904236,0.5029740975956426,0.5029725861519039
BlackBoxOptim DX-NES (threaded),1310,766.3363881111145,0.5029728627188734,0.5029725861519039
BlackBoxOptim DX-NES (threaded),1311,766.3801741600037,0.5029742454701842,0.5029725861519039
BlackBoxOptim DX-NES (threaded),1312,767.6773431301117,0.5029728234430874,0.5029725861519039
BlackBoxOptim DX-NES (threaded),1313,767.7430701255798,0.502976004623882,0.5029725861519039
BlackBoxOptim DX-NES (threaded),1314,769.2308511734009,0.5029726037036713,0.5029725861519039
BlackBoxOptim DX-NES (threaded),1315,769.2391741275787,0.5029728591721546,0.5029725861519039
BlackBoxOptim DX-NES (threaded),1316,769.3228180408478,0.5029737304705502,0.5029725861519039
BlackBoxOptim DX-NES (threaded),1317,770.788458108902,0.502974884522868,0.5029725861519039
BlackBoxOptim DX-NES (threaded),1318,770.8611660003662,0.5029775811972949,0.5029725861519039
BlackBoxOptim DX-NES (threaded),1319,770.8997740745544,0.5029755582187784,0.5029725861519039
BlackBoxOptim DX-NES (threaded),1320,772.1863210201263,0.502972547167914,0.502972547167914
BlackBoxOptim DX-NES (threaded),1321,772.2706320285797,0.5029724488771051,0.5029724488771051
BlackBoxOptim DX-NES (threaded),1322,773.7540130615234,0.5029722396494876,0.5029722396494876
BlackBoxOptim DX-NES (threaded),1323,773.7974171638489,0.5029723674971839,0.5029722396494876
BlackBoxOptim DX-NES (threaded),1324,773.8591690063477,0.5029747420891569,0.5029722396494876
BlackBoxOptim DX-NES (threaded),1325,775.2762060165405,0.5029724228550015,0.5029722396494876
BlackBoxOptim DX-NES (threaded),1326,775.4434311389923,0.5029736687041472,0.5029722396494876
BlackBoxOptim DX-NES (threaded),1327,775.5031011104584,0.50297575144655,0.5029722396494876
BlackBoxOptim DX-NES (threaded),1328,776.6354310512543,0.5029728061650732,0.5029722396494876
BlackBoxOptim DX-NES (threaded),1329,776.9033830165863,0.502975016274926,0.5029722396494876
BlackBoxOptim DX-NES (threaded),1330,778.3642530441284,0.5029723466684446,0.5029722396494876
BlackBoxOptim DX-NES (threaded),1331,778.3887741565704,0.5029723423103899,0.5029722396494876
BlackBoxOptim DX-NES (threaded),1332,778.4159719944,0.5029723523163179,0.5029722396494876
BlackBoxOptim DX-NES (threaded),1333,779.8438680171967,0.5029725122295309,0.5029722396494876
BlackBoxOptim DX-NES (threaded),1334,779.9684090614319,0.5029757925579487,0.5029722396494876
BlackBoxOptim DX-NES (threaded),1335,779.9701311588287,0.5029767695912906,0.5029722396494876
BlackBoxOptim DX-NES (threaded),1336,781.3424451351166,0.5029746416162842,0.5029722396494876
BlackBoxOptim DX-NES (threaded),1337,781.4322490692139,0.5029729163685119,0.5029722396494876
BlackBoxOptim DX-NES (threaded),1338,782.8971819877625,0.5029720430305485,0.5029720430305485
BlackBoxOptim DX-NES (threaded),1339,782.9516179561615,0.5029725215770967,0.5029720430305485
BlackBoxOptim DX-NES (threaded),1340,783.0003039836884,0.502974733445178,0.5029720430305485
BlackBoxOptim DX-NES (threaded),1341,784.4943850040436,0.5029791654103888,0.5029720430305485
BlackBoxOptim DX-NES (threaded),1342,784.579076051712,0.502976893596875,0.5029720430305485
BlackBoxOptim DX-NES (threaded),1343,784.6140451431274,0.5029779508402876,0.5029720430305485
BlackBoxOptim DX-NES (threaded),1344,785.8641171455383,0.5029722410794162,0.5029720430305485
BlackBoxOptim DX-NES (threaded),1345,785.930997133255,0.5029720162960348,0.5029720162960348
BlackBoxOptim DX-NES (threaded),1346,787.4066309928894,0.502971689172857,0.502971689172857
BlackBoxOptim DX-NES (threaded),1347,787.5020430088043,0.5029798607042358,0.502971689172857
BlackBoxOptim DX-NES (threaded),1348,787.5043551921844,0.5029739897471095,0.502971689172857
BlackBoxOptim DX-NES (threaded),1349,789.0097169876099,0.5029817932730665,0.502971689172857
BlackBoxOptim DX-NES (threaded),1350,789.0286190509796,0.5029717251763037,0.502971689172857
BlackBoxOptim DX-NES (threaded),1351,789.0317730903625,0.5029715569529554,0.5029715569529554
BlackBoxOptim DX-NES (threaded),1352,790.4596061706543,0.5029714684639044,0.5029714684639044
BlackBoxOptim DX-NES (threaded),1353,790.5058710575104,0.5029783330526779,0.5029714684639044
BlackBoxOptim DX-NES (threaded),1354,792.040990114212,0.5029713304236317,0.5029713304236317
BlackBoxOptim DX-NES (threaded),1355,792.1252570152283,0.5029743430830901,0.5029713304236317
BlackBoxOptim DX-NES (threaded),1356,792.133807182312,0.5029722417799974,0.5029713304236317
BlackBoxOptim DX-NES (threaded),1357,793.561359167099,0.5029705145815234,0.5029705145815234
BlackBoxOptim DX-NES (threaded),1358,793.7101330757141,0.5029714738581222,0.5029705145815234
BlackBoxOptim DX-NES (threaded),1359,793.7786881923676,0.5029726494183797,0.5029705145815234
BlackBoxOptim DX-NES (threaded),1360,795.014034986496,0.5029722481252257,0.5029705145815234
BlackBoxOptim DX-NES (threaded),1361,795.1434690952301,0.5029827663376226,0.5029705145815234
BlackBoxOptim DX-NES (threaded),1362,796.620197057724,0.5029702540085387,0.5029702540085387
BlackBoxOptim DX-NES (threaded),1363,796.6340961456299,0.502970186608154,0.502970186608154
BlackBoxOptim DX-NES (threaded),1364,796.7142531871796,0.5029740239317823,0.502970186608154
BlackBoxOptim DX-NES (threaded),1365,798.1146371364594,0.5029704465670579,0.502970186608154
BlackBoxOptim DX-NES (threaded),1366,798.1221141815186,0.5029704113645214,0.502970186608154
BlackBoxOptim DX-NES (threaded),1367,798.3762631416321,0.5029743696452154,0.502970186608154
BlackBoxOptim DX-NES (threaded),1368,799.5981080532074,0.5029795062463772,0.502970186608154
BlackBoxOptim DX-NES (threaded),1369,799.6255049705505,0.5029735197851765,0.502970186608154
BlackBoxOptim DX-NES (threaded),1370,801.114609003067,0.5029694316136916,0.5029694316136916
BlackBoxOptim DX-NES (threaded),1371,801.1213920116425,0.5029697792304927,0.5029694316136916
BlackBoxOptim DX-NES (threaded),1372,801.1471130847931,0.5029701572423312,0.5029694316136916
BlackBoxOptim DX-NES (threaded),1373,802.6492531299591,0.5029819690933076,0.5029694316136916
BlackBoxOptim DX-NES (threaded),1374,802.711834192276,0.5029730138442431,0.5029694316136916
BlackBoxOptim DX-NES (threaded),1375,802.7250051498413,0.5029844987120834,0.5029694316136916
BlackBoxOptim DX-NES (threaded),1376,804.047690153122,0.502969531880587,0.5029694316136916
BlackBoxOptim DX-NES (threaded),1377,804.0853590965271,0.5029708116615974,0.5029694316136916
BlackBoxOptim DX-NES (threaded),1378,805.5089700222015,0.502969441132805,0.5029694316136916
BlackBoxOptim DX-NES (threaded),1379,805.5934970378876,0.5029763718206183,0.5029694316136916
BlackBoxOptim DX-NES (threaded),1380,805.6302700042725,0.5029702955989177,0.5029694316136916
BlackBoxOptim DX-NES (threaded),1381,807.0486190319061,0.502968781936864,0.502968781936864
BlackBoxOptim DX-NES (threaded),1382,807.1111071109772,0.5029690794676055,0.502968781936864
BlackBoxOptim DX-NES (threaded),1383,807.144091129303,0.5029698053694732,0.502968781936864
BlackBoxOptim DX-NES (threaded),1384,808.4421591758728,0.5029744649024619,0.502968781936864
BlackBoxOptim DX-NES (threaded),1385,808.5104281902313,0.5029779364300491,0.502968781936864
BlackBoxOptim DX-NES (threaded),1386,810.0699801445007,0.5029685400519888,0.5029685400519888
BlackBoxOptim DX-NES (threaded),1387,810.0717301368713,0.502969091640984,0.5029685400519888
BlackBoxOptim DX-NES (threaded),1388,810.1560070514679,0.5029709487257497,0.5029685400519888
BlackBoxOptim DX-NES (threaded),1389,811.6730630397797,0.5029724343388351,0.5029685400519888
BlackBoxOptim DX-NES (threaded),1390,811.690819978714,0.5029692299064242,0.5029685400519888
BlackBoxOptim DX-NES (threaded),1391,811.6940779685974,0.502972288894076,0.5029685400519888
BlackBoxOptim DX-NES (threaded),1392,813.0182161331177,0.5029686228687792,0.5029685400519888
BlackBoxOptim DX-NES (threaded),1393,813.0618829727173,0.5029768447382751,0.5029685400519888
BlackBoxOptim DX-NES (threaded),1394,814.5376000404358,0.5029690877234992,0.5029685400519888
BlackBoxOptim DX-NES (threaded),1395,814.5559279918671,0.5029684120993788,0.5029684120993788
BlackBoxOptim DX-NES (threaded),1396,814.6256611347198,0.5029694209148725,0.5029684120993788
BlackBoxOptim DX-NES (threaded),1397,816.075709104538,0.5029678260399062,0.5029678260399062
BlackBoxOptim DX-NES (threaded),1398,816.0845739841461,0.5029688575294395,0.5029678260399062
BlackBoxOptim DX-NES (threaded),1399,816.2789001464844,0.5029689491831637,0.5029678260399062
BlackBoxOptim DX-NES (threaded),1400,817.5022010803223,0.5029792212881785,0.5029678260399062
BlackBoxOptim DX-NES (threaded),1401,817.5074579715729,0.5029704633193836,0.5029678260399062
BlackBoxOptim DX-NES (threaded),1402,819.0847120285034,0.5029673627520553,0.5029673627520553
BlackBoxOptim DX-NES (threaded),1403,819.1481959819794,0.5029785014234085,0.5029673627520553
BlackBoxOptim DX-NES (threaded),1404,819.1501090526581,0.5029922983470804,0.5029673627520553
BlackBoxOptim DX-NES (threaded),1405,820.6753301620483,0.5029669732803463,0.5029669732803463
BlackBoxOptim DX-NES (threaded),1406,820.7098970413208,0.5029689654510494,0.5029669732803463
BlackBoxOptim DX-NES (threaded),1407,820.7694571018219,0.5029771287334386,0.5029669732803463
BlackBoxOptim DX-NES (threaded),1408,822.0399241447449,0.5029680520954455,0.5029669732803463
BlackBoxOptim DX-NES (threaded),1409,822.101804971695,0.5029683114709995,0.5029669732803463
BlackBoxOptim DX-NES (threaded),1410,823.5549631118774,0.5029680060501097,0.5029669732803463
BlackBoxOptim DX-NES (threaded),1411,823.5861120223999,0.5029672830740779,0.5029669732803463
BlackBoxOptim DX-NES (threaded),1412,823.6634271144867,0.5029716131490893,0.5029669732803463
BlackBoxOptim DX-NES (threaded),1413,825.1344950199127,0.502966996397265,0.5029669732803463
BlackBoxOptim DX-NES (threaded),1414,825.134740114212,0.5029717098198432,0.5029669732803463
BlackBoxOptim DX-NES (threaded),1415,825.1712951660156,0.5029815204019878,0.5029669732803463
BlackBoxOptim DX-NES (threaded),1416,826.4832670688629,0.5029674030288962,0.5029669732803463
BlackBoxOptim DX-NES (threaded),1417,826.534502029419,0.5029838302812998,0.5029669732803463
BlackBoxOptim DX-NES (threaded),1418,828.0753271579742,0.5029747409000276,0.5029669732803463
BlackBoxOptim DX-NES (threaded),1419,828.0781891345978,0.5029749540238889,0.5029669732803463
BlackBoxOptim DX-NES (threaded),1420,828.0868310928345,0.5029805915912995,0.5029669732803463
BlackBoxOptim DX-NES (threaded),1421,829.6548781394958,0.5029692214859929,0.5029669732803463
BlackBoxOptim DX-NES (threaded),1422,829.6566560268402,0.5029666286665093,0.5029666286665093
BlackBoxOptim DX-NES (threaded),1423,829.6680750846863,0.502966787980731,0.5029666286665093
BlackBoxOptim DX-NES (threaded),1424,830.9607381820679,0.5029667037786267,0.5029666286665093
BlackBoxOptim DX-NES (threaded),1425,831.0264711380005,0.5029671562790647,0.5029666286665093
BlackBoxOptim DX-NES (threaded),1426,832.5215971469879,0.5029659405164301,0.5029659405164301
BlackBoxOptim DX-NES (threaded),1427,832.5720109939575,0.5029763243454397,0.5029659405164301
BlackBoxOptim DX-NES (threaded),1428,832.5870771408081,0.5029701758448523,0.5029659405164301
BlackBoxOptim DX-NES (threaded),1429,834.0175051689148,0.502967006014211,0.5029659405164301
BlackBoxOptim DX-NES (threaded),1430,834.0728681087494,0.502966057155227,0.5029659405164301
BlackBoxOptim DX-NES (threaded),1431,834.1556460857391,0.502981724330535,0.5029659405164301
BlackBoxOptim DX-NES (threaded),1432,835.4083781242371,0.502965593098261,0.502965593098261
BlackBoxOptim DX-NES (threaded),1433,835.5352590084076,0.5029688103385394,0.502965593098261
BlackBoxOptim DX-NES (threaded),1434,837.0653700828552,0.50297169521755,0.502965593098261
BlackBoxOptim DX-NES (threaded),1435,837.0857040882111,0.5029688632562288,0.502965593098261
BlackBoxOptim DX-NES (threaded),1436,837.1082580089569,0.5029739096465629,0.502965593098261
BlackBoxOptim DX-NES (threaded),1437,838.5793521404266,0.5029649744351008,0.5029649744351008
BlackBoxOptim DX-NES (threaded),1438,838.6418941020966,0.5029649445346472,0.5029649445346472
BlackBoxOptim DX-NES (threaded),1439,838.7519910335541,0.5029881555677177,0.5029649445346472
BlackBoxOptim DX-NES (threaded),1440,840.0103311538696,0.5029658013237506,0.5029649445346472
BlackBoxOptim DX-NES (threaded),1441,840.0146400928497,0.5029633776869595,0.5029633776869595
BlackBoxOptim DX-NES (threaded),1442,841.5131959915161,0.5029632505937316,0.5029632505937316
BlackBoxOptim DX-NES (threaded),1443,841.5169501304626,0.5029648592807358,0.5029632505937316
BlackBoxOptim DX-NES (threaded),1444,841.5253441333771,0.5029632599944246,0.5029632505937316
BlackBoxOptim DX-NES (threaded),1445,843.0966191291809,0.5029683350185449,0.5029632505937316
BlackBoxOptim DX-NES (threaded),1446,843.0994780063629,0.502965369855256,0.5029632505937316
BlackBoxOptim DX-NES (threaded),1447,843.1046240329742,0.5029795161415733,0.5029632505937316
BlackBoxOptim DX-NES (threaded),1448,844.4051330089569,0.5029627803481131,0.5029627803481131
BlackBoxOptim DX-NES (threaded),1449,844.485992193222,0.5029737094325514,0.5029627803481131
BlackBoxOptim DX-NES (threaded),1450,845.9604279994965,0.5029619181033139,0.5029619181033139
BlackBoxOptim DX-NES (threaded),1451,845.9755811691284,0.5029609365933055,0.5029609365933055
BlackBoxOptim DX-NES (threaded),1452,845.9945590496063,0.5029628810417925,0.5029609365933055
BlackBoxOptim DX-NES (threaded),1453,847.4390320777893,0.5029641795706423,0.5029609365933055
BlackBoxOptim DX-NES (threaded),1454,847.5516481399536,0.5029718882046552,0.5029609365933055
BlackBoxOptim DX-NES (threaded),1455,847.6433761119843,0.5029651498466774,0.5029609365933055
BlackBoxOptim DX-NES (threaded),1456,848.9128060340881,0.502970377522034,0.5029609365933055
BlackBoxOptim DX-NES (threaded),1457,849.0384821891785,0.5029976451579181,0.5029609365933055
BlackBoxOptim DX-NES (threaded),1458,850.5626490116119,0.5029651635395983,0.5029609365933055
BlackBoxOptim DX-NES (threaded),1459,850.5924351215363,0.5029657753636245,0.5029609365933055
BlackBoxOptim DX-NES (threaded),1460,850.5968170166016,0.5029792040156555,0.5029609365933055
BlackBoxOptim DX-NES (threaded),1461,852.1032819747925,0.502958832952219,0.502958832952219
BlackBoxOptim DX-NES (threaded),1462,852.1068861484528,0.5029595225683251,0.502958832952219
BlackBoxOptim DX-NES (threaded),1463,852.1095311641693,0.5029608374892085,0.502958832952219
BlackBoxOptim DX-NES (threaded),1464,853.3979070186615,0.5029605041149369,0.502958832952219
BlackBoxOptim DX-NES (threaded),1465,853.4916381835938,0.5029807569444404,0.502958832952219
BlackBoxOptim DX-NES (threaded),1466,855.0190010070801,0.5029752560091515,0.502958832952219
BlackBoxOptim DX-NES (threaded),1467,855.0424571037292,0.5029710995753187,0.502958832952219
BlackBoxOptim DX-NES (threaded),1468,855.0511341094971,0.5029598642357631,0.502958832952219
BlackBoxOptim DX-NES (threaded),1469,856.5643441677094,0.5029579218520149,0.5029579218520149
BlackBoxOptim DX-NES (threaded),1470,856.5866591930389,0.5029576025757595,0.5029576025757595
BlackBoxOptim DX-NES (threaded),1471,856.621680021286,0.5029742103073048,0.5029576025757595
BlackBoxOptim DX-NES (threaded),1472,857.9837861061096,0.5029573807816049,0.5029573807816049
BlackBoxOptim DX-NES (threaded),1473,858.0070950984955,0.5029591932587169,0.5029573807816049
BlackBoxOptim DX-NES (threaded),1474,859.509418964386,0.5029589945156631,0.5029573807816049
BlackBoxOptim DX-NES (threaded),1475,859.5139570236206,0.5029612819491415,0.5029573807816049
BlackBoxOptim DX-NES (threaded),1476,859.6128280162811,0.5029725541272866,0.5029573807816049
BlackBoxOptim DX-NES (threaded),1477,861.081463098526,0.5029677263709118,0.5029573807816049
BlackBoxOptim DX-NES (threaded),1478,861.1583671569824,0.5029595176393449,0.5029573807816049
BlackBoxOptim DX-NES (threaded),1479,861.1627390384674,0.5029640297467163,0.5029573807816049
BlackBoxOptim DX-NES (threaded),1480,862.4818170070648,0.5029716244816702,0.5029573807816049
BlackBoxOptim DX-NES (threaded),1481,862.5726091861725,0.5029857547355875,0.5029573807816049
BlackBoxOptim DX-NES (threaded),1482,864.0899720191956,0.5029670443994535,0.5029573807816049
BlackBoxOptim DX-NES (threaded),1483,864.1704070568085,0.5029595720870425,0.5029573807816049
BlackBoxOptim DX-NES (threaded),1484,864.1855480670929,0.502976650895195,0.5029573807816049
BlackBoxOptim DX-NES (threaded),1485,865.6442110538483,0.5029669087132185,0.5029573807816049
BlackBoxOptim DX-NES (threaded),1486,865.7413790225983,0.5029712591830692,0.5029573807816049
BlackBoxOptim DX-NES (threaded),1487,865.7528011798859,0.502959928320799,0.5029573807816049
BlackBoxOptim DX-NES (threaded),1488,867.1386849880219,0.5029703003395396,0.5029573807816049
BlackBoxOptim DX-NES (threaded),1489,867.238557100296,0.5029692667426119,0.5029573807816049
BlackBoxOptim DX-NES (threaded),1490,868.7120320796967,0.5029714583890539,0.5029573807816049
BlackBoxOptim DX-NES (threaded),1491,868.783262014389,0.5029643501062108,0.5029573807816049
BlackBoxOptim DX-NES (threaded),1492,868.8314700126648,0.5029745655496662,0.5029573807816049
BlackBoxOptim DX-NES (threaded),1493,870.2148461341858,0.5029606411128448,0.5029573807816049
BlackBoxOptim DX-NES (threaded),1494,870.386244058609,0.5029628736076996,0.5029573807816049
BlackBoxOptim DX-NES (threaded),1495,870.4454901218414,0.5029739612175995,0.5029573807816049
BlackBoxOptim DX-NES (threaded),1496,871.5789370536804,0.5029715542569234,0.5029573807816049
BlackBoxOptim DX-NES (threaded),1497,871.8098890781403,0.5029613303454141,0.5029573807816049
BlackBoxOptim DX-NES (threaded),1498,873.2726130485535,0.5029649037692874,0.5029573807816049
BlackBoxOptim DX-NES (threaded),1499,873.2907199859619,0.5029672047287672,0.5029573807816049
BlackBoxOptim DX-NES (threaded),1500,873.3660399913788,0.5029625935954116,0.5029573807816049
BlackBoxOptim DX-NES (threaded),1501,874.7442469596863,0.5029658691958672,0.5029573807816049
BlackBoxOptim DX-NES (threaded),1502,874.9298679828644,0.5029631762214445,0.5029573807816049
BlackBoxOptim DX-NES (threaded),1503,874.9351279735565,0.5029616177599812,0.5029573807816049
BlackBoxOptim DX-NES (threaded),1504,876.2545599937439,0.502966394839807,0.5029573807816049
BlackBoxOptim DX-NES (threaded),1505,876.3330051898956,0.5029681720616115,0.5029573807816049
BlackBoxOptim DX-NES (threaded),1506,877.904018163681,0.502973552561883,0.5029573807816049
BlackBoxOptim DX-NES (threaded),1507,877.9123861789703,0.502961112089146,0.5029573807816049
BlackBoxOptim DX-NES (threaded),1508,877.9346890449524,0.5029606373850157,0.5029573807816049
BlackBoxOptim DX-NES (threaded),1509,879.4876849651337,0.5029700036380977,0.5029573807816049
BlackBoxOptim DX-NES (threaded),1510,879.5009791851044,0.5029631804884398,0.5029573807816049
BlackBoxOptim DX-NES (threaded),1511,879.5327689647675,0.5029606494744103,0.5029573807816049
BlackBoxOptim DX-NES (threaded),1512,880.9077270030975,0.5029606740976064,0.5029573807816049
BlackBoxOptim DX-NES (threaded),1513,880.9130311012268,0.5029587529601904,0.5029573807816049
BlackBoxOptim DX-NES (threaded),1514,882.4587540626526,0.502959015572635,0.5029573807816049
BlackBoxOptim DX-NES (threaded),1515,882.4656820297241,0.5029642201146372,0.5029573807816049
BlackBoxOptim DX-NES (threaded),1516,882.4774191379547,0.5029685746057163,0.5029573807816049
BlackBoxOptim DX-NES (threaded),1517,884.0146880149841,0.5029608472841508,0.5029573807816049
BlackBoxOptim DX-NES (threaded),1518,884.0428450107574,0.502964944291828,0.5029573807816049
BlackBoxOptim DX-NES (threaded),1519,884.0460641384125,0.5029632116533246,0.5029573807816049
BlackBoxOptim DX-NES (threaded),1520,885.4975919723511,0.5029598840664516,0.5029573807816049
BlackBoxOptim DX-NES (threaded),1521,885.5101280212402,0.5029634478637939,0.5029573807816049
BlackBoxOptim DX-NES (threaded),1522,887.0430359840393,0.5029606558455932,0.5029573807816049
BlackBoxOptim DX-NES (threaded),1523,887.054437160492,0.5029592378925142,0.5029573807816049
BlackBoxOptim DX-NES (threaded),1524,887.0905680656433,0.5029623517668175,0.5029573807816049
BlackBoxOptim DX-NES (threaded),1525,888.7038481235504,0.5029622697838346,0.5029573807816049
BlackBoxOptim DX-NES (threaded),1526,888.71093916893,0.5029595317922776,0.5029573807816049
BlackBoxOptim DX-NES (threaded),1527,888.7211821079254,0.5029611498558879,0.5029573807816049
BlackBoxOptim DX-NES (threaded),1528,890.1235949993134,0.5029608419710471,0.5029573807816049
BlackBoxOptim DX-NES (threaded),1529,890.1244640350342,0.5029597878765067,0.5029573807816049
BlackBoxOptim DX-NES (threaded),1530,891.6494669914246,0.5029645628464354,0.5029573807816049
BlackBoxOptim DX-NES (threaded),1531,891.6547060012817,0.5029646771950935,0.5029573807816049
BlackBoxOptim DX-NES (threaded),1532,891.6566481590271,0.5029635691479049,0.5029573807816049
BlackBoxOptim DX-NES (threaded),1533,893.2285189628601,0.5029668545025786,0.5029573807816049
BlackBoxOptim DX-NES (threaded),1534,893.2607531547546,0.5029623423025716,0.5029573807816049
BlackBoxOptim DX-NES (threaded),1535,893.273894071579,0.502968084556382,0.5029573807816049
BlackBoxOptim DX-NES (threaded),1536,894.6774640083313,0.5029630791646221,0.5029573807816049
BlackBoxOptim DX-NES (threaded),1537,894.7086780071259,0.502964803634698,0.5029573807816049
BlackBoxOptim DX-NES (threaded),1538,896.273341178894,0.5029680716367171,0.5029573807816049
BlackBoxOptim DX-NES (threaded),1539,896.2764711380005,0.5029637633743418,0.5029573807816049
BlackBoxOptim DX-NES (threaded),1540,896.297285079956,0.5029661929085867,0.5029573807816049
BlackBoxOptim DX-NES (threaded),1541,897.8650870323181,0.5029658494512717,0.5029573807816049
BlackBoxOptim DX-NES (threaded),1542,897.8834600448608,0.5029632360620079,0.5029573807816049
BlackBoxOptim DX-NES (threaded),1543,897.9139170646667,0.5029632217548577,0.5029573807816049
BlackBoxOptim DX-NES (threaded),1544,899.2835819721222,0.5029621792367074,0.5029573807816049
BlackBoxOptim DX-NES (threaded),1545,899.3042919635773,0.5029651604735512,0.5029573807816049
BlackBoxOptim DX-NES (threaded),1546,900.8339831829071,0.5029625823156414,0.5029573807816049
BlackBoxOptim DX-NES (threaded),1547,900.8546860218048,0.5029652543303338,0.5029573807816049
BlackBoxOptim DX-NES (threaded),1548,900.9070470333099,0.502963164700197,0.5029573807816049
BlackBoxOptim DX-NES (threaded),1549,902.4331409931183,0.50296451072286,0.5029573807816049
BlackBoxOptim DX-NES (threaded),1550,902.4607970714569,0.5029654231810936,0.5029573807816049
BlackBoxOptim DX-NES (threaded),1551,902.5378150939941,0.5029643425071662,0.5029573807816049
BlackBoxOptim DX-NES (threaded),1552,903.9139630794525,0.5029622584012654,0.5029573807816049
BlackBoxOptim DX-NES (threaded),1553,903.9371249675751,0.5029643240763608,0.5029573807816049
