scenario_family,scenario,parameter_value,period,hc,parent_h,c_policy,l_policy,e_policy,perceived_hc_next_policy,true_expected_hc_next_policy,value_policy
parent_human_capital_complements,low h,0.8,1,0.5,0.8,0.5901707168675812,0.3852388187779012,0.31457318217259667,0.48962731059796394,0.4920815777056686,-18.933466490349538
parent_human_capital_complements,low h,0.8,1,0.5000203210855501,0.8,0.5901691304052938,0.3852404770139833,0.3145771564948421,0.4896368014181331,0.4920911160987719,-18.93340322402533
parent_human_capital_complements,low h,0.8,1,0.5000812892976928,0.8,0.5901643569366875,0.3852454440136166,0.31458908244292044,0.48966527641467805,0.492119733826831,-18.93321342091964
parent_human_capital_complements,low h,0.8,1,0.5001829195049198,0.8,0.5901563969109085,0.3852537345564334,0.3146089808503557,0.48971275092783206,0.49216744630697246,-18.93289706863443
parent_human_capital_complements,low h,0.8,1,0.5003252364947652,0.8,0.5901452491684285,0.3852653355320427,0.31463683399771303,0.48977921642403316,0.4922342449628597,-18.93245414650533
parent_human_capital_complements,low h,0.8,1,0.5005082749838822,0.8,0.590131974206019,0.3852791719594556,0.3146700334155971,0.48986298056544275,0.4923184289737754,-18.93188462557188
parent_human_capital_complements,low h,0.8,1,0.500732079632158,0.8,0.5901144777410381,0.3852974008716693,0.3147137795141658,0.48996743084460576,0.49242340281214153,-18.931188468722016
parent_human_capital_complements,low h,0.8,1,0.5009967050608752,0.8,0.5901076606658366,0.38530451076226124,0.31473083483181963,0.4900683489291415,0.49252482675068104,-18.930365675970233
parent_human_capital_complements,low h,0.8,1,0.5013022158749305,0.8,0.5900836882701316,0.38532947495155656,0.31479075566010994,0.49021099053958966,0.49266818335517704,-18.92941632571102
parent_human_capital_complements,low h,0.8,1,0.5016486866891229,0.8,0.5900566396250146,0.3853576482725388,0.31485837388744126,0.49037248810873113,0.4928304904342526,-18.928340208243693
parent_human_capital_complements,low h,0.8,1,0.502036202158526,0.8,0.5900264191394503,0.38538913909733297,0.31493394116070916,0.49055301550686525,0.49301192272973554,-18.92713725341928
parent_human_capital_complements,low h,0.8,1,0.502464857012963,0.8,0.5899930149601706,0.38542392351199195,0.3150174348970978,0.49075256937277023,0.49321247686355596,-18.925807382874726
parent_human_capital_complements,low h,0.8,1,0.5029347560956027,0.8,0.5899564201509264,0.3854620395725014,0.31510891683347564,0.4909712024305882,0.4934322058241368,-18.924350510033236
parent_human_capital_complements,low h,0.8,1,0.5034460144056994,0.8,0.5899534625906719,0.385465114748875,0.3151163026477081,0.4911489436049177,0.49361083792981014,-18.92276666778856
parent_human_capital_complements,low h,0.8,1,0.5039987571454999,0.8,0.5899948783272172,0.3854219701128536,0.3150127586352921,0.4912682238969785,0.493730716116823,-18.92105837526431
parent_human_capital_complements,low h,0.8,1,0.5045931197713469,0.8,0.589947685347387,0.38547115132771925,0.3151307725645288,0.4915458021707382,0.49400968575747006,-18.919223685599636
parent_human_capital_complements,low h,0.8,1,0.5052292480490046,0.8,0.5898994783578101,0.3855213715308836,0.3152512966466624,0.4918389452417579,0.49430429821424804,-18.917261828061815
parent_human_capital_complements,low h,0.8,1,0.5059072981132409,0.8,0.5898473775432631,0.3855756324876379,0.3153815332389355,0.4921523684813084,0.4946192924943247,-18.915172677970347
parent_human_capital_complements,low h,0.8,1,0.5066274365316988,0.8,0.5897917389767593,0.38563357578980584,0.3155206101605612,0.49248552322999234,0.49495411718813576,-18.912956108854587
parent_human_capital_complements,low h,0.8,1,0.507389840373095,0.8,0.589732938115145,0.3856948338948967,0.31566762269350623,0.49283784009150905,0.49530820004527,-18.910611966796527
parent_human_capital_complements,low h,0.8,1,0.5081946972797818,0.8,0.5897201077080194,0.3857081971085827,0.3156996961283397,0.4931290582284342,0.4956008779191811,-18.90814067613035
parent_human_capital_complements,low h,0.8,1,0.5090422055447187,0.8,0.589766516563052,0.3856598485472678,0.3155836653450137,0.4933373357023598,0.49581019938828924,-18.90554687810591
parent_human_capital_complements,low h,0.8,1,0.5099325741928927,0.8,0.5896979222648444,0.3857313119007344,0.3157551668722132,0.4937476155968459,0.49622253581930464,-18.90282651342175
parent_human_capital_complements,low h,0.8,1,0.5108660230672385,0.8,0.5896264802101916,0.3858057164752614,0.3159337515141849,0.49417658990818086,0.4966536603733233,-18.899978270908022
parent_human_capital_complements,low h,0.8,1,0.5118427829191048,0.8,0.5895518733966636,0.3858834499947499,0.31612029459577623,0.4946248579892936,0.49710417540754326,-18.89700196741386
parent_human_capital_complements,low h,0.8,1,0.5128630955033207,0.8,0.5894740864934349,0.38596446836384257,0.31631474795049835,0.49509241616607685,0.49757407722944064,-18.8938974118769
parent_human_capital_complements,low h,0.8,1,0.5139272136779165,0.8,0.5894813910838975,0.3859568623772245,0.31629649073930577,0.49543460292277236,0.49791797920439185,-18.89066792386585
parent_human_capital_complements,low h,0.8,1,0.5150354015085564,0.8,0.5893988946837776,0.3860427895085544,0.3165027222085408,0.4959381039823321,0.4984240040735154,-18.88731136143559
parent_human_capital_complements,low h,0.8,1,0.5161879343777439,0.8,0.5893359512950955,0.38610835023849016,0.3166600730483304,0.496423682787307,0.498912016852379,-18.88382741796723
parent_human_capital_complements,low h,0.8,1,0.5173850990988615,0.8,0.5892455685637157,0.38620250800599965,0.31688604296492384,0.4969685206399041,0.49945958571607735,-18.88021480273874
parent_human_capital_complements,low h,0.8,1,0.5186271940351138,0.8,0.5892469514286869,0.3862010665141675,0.31688258435171435,0.4973767003454607,0.4998698114309224,-18.876475470208415
parent_human_capital_complements,low h,0.8,1,0.5199145292234401,0.8,0.589150208222364,0.38630186095854196,0.31712447155793655,0.4979604332765047,0.5004564703354596,-18.87261069685237
parent_human_capital_complements,low h,0.8,1,0.5212474265034702,0.8,0.5890503655590971,0.3864058557943428,0.31737406678475655,0.4985635439841072,0.5010626041480645,-18.868616573232405
parent_human_capital_complements,low h,0.8,1,0.5226262196515982,0.8,0.5889638015253121,0.3864960158719719,0.3175904613303274,0.49915910553423554,0.5016611509628859,-18.864493101634018
parent_human_capital_complements,low h,0.8,1,0.5240512545202515,0.8,0.5889583410890397,0.3865017185941806,0.31760413368658047,0.49963523698048734,0.5021396690279438,-18.86024477214501
parent_human_capital_complements,low h,0.8,1,0.5255228891824385,0.8,0.5888644770235374,0.38659948465842786,0.31783878088459877,0.5002714362582756,0.5027790572678827,-18.855870097406587
parent_human_capital_complements,low h,0.8,1,0.5270414940816569,0.8,0.5887873211826438,0.38667983865273214,0.3180316464772905,0.5008944131025712,0.5034051567966054,-18.851367582567235
parent_human_capital_complements,low h,0.8,1,0.5286074521872524,0.8,0.5887069211667381,0.38676360875106475,0.31823267543479516,0.5015371676919009,0.5040511332067215,-18.846737561552608
parent_human_capital_complements,low h,0.8,1,0.5302211591553182,0.8,0.5887711025430674,0.3866967404846102,0.3180722037547713,0.5019547970566502,0.5044708559473732,-18.841989568397786
parent_human_capital_complements,low h,0.8,1,0.5318830234952302,0.8,0.5887255690120176,0.3867441736034378,0.3181860409769329,0.5025682977131309,0.5050874317886916,-18.83711759943453
parent_human_capital_complements,low h,0.8,1,0.5335934667419154,0.8,0.5887374192443886,0.3867318483464028,0.3181564423744314,0.503100781359509,0.5056225845204545,-18.832122526895674
parent_human_capital_complements,low h,0.8,1,0.5353529236339561,0.8,0.5886891483405148,0.386782118684296,0.3182771025648715,0.5037473621184289,0.5062724062789158,-18.827007396944396
parent_human_capital_complements,low h,0.8,1,0.537161842297634,0.8,0.5887560359475681,0.3867124475222248,0.3181098884844356,0.50421636934135,0.5067437644103249,-18.821776615141555
parent_human_capital_complements,low h,0.8,1,0.5390206844370244,0.8,0.5886577857806399,0.3868147814210544,0.3183554994656786,0.5049748870210031,0.5075060841756696,-18.81642305350494
parent_human_capital_complements,low h,0.8,1,0.5409299255302531,0.8,0.5885886290486514,0.3868868236594839,0.31852839702100544,0.5056994026757616,0.5082342314802605,-18.81094390360034
parent_human_capital_complements,low h,0.8,1,0.5428900550320312,0.8,0.5885716220041968,0.38690453526261337,0.31857090877396654,0.506351144534559,0.5088892402087201,-18.805342576448552
parent_human_capital_complements,low h,0.8,1,0.5449015765825912,0.8,0.5884737455767243,0.3870064955795805,0.3188156080578717,0.5071527411454736,0.5096948548393677,-18.799618439448196
parent_human_capital_complements,low h,0.8,1,0.5469650082231464,0.8,0.5883849884618233,0.38709895101565056,0.3190375010007136,0.5079537160520792,0.5104998446494006,-18.79376838178521
parent_human_capital_complements,low h,0.8,1,0.5490808826180046,0.8,0.5884233443656195,0.3870590013692774,0.31894161760614004,0.5085557233805218,0.5111048695521345,-18.78779719489396
parent_human_capital_complements,low h,0.8,1,0.5512497472834679,0.8,0.5884459549147892,0.38703544164747616,0.3188850810575765,0.5091982231630436,0.5117505898782183,-18.781711008145155
parent_human_capital_complements,low h,0.8,1,0.5534721648236569,0.8,0.5883476230400619,0.3871378697763921,0.31913090943794276,0.5100589280078889,0.5126156090240521,-18.775506135547463
parent_human_capital_complements,low h,0.8,1,0.5557487131734017,0.8,0.5883569765730804,0.38712812796983487,0.31910752770348183,0.5107524574136794,0.5133126147604558,-18.769177065938383
parent_human_capital_complements,low h,0.8,1,0.5580799858483445,0.8,0.5884331979014265,0.3870487449545249,0.31891699483308944,0.5113469144186494,0.5139100514935633,-18.76274984162469
parent_human_capital_complements,low h,0.8,1,0.5604665922024078,0.8,0.58836551041265,0.3871192373289972,0.3190861913411061,0.5121994003255587,0.5147668105038633,-18.756203141780137
parent_human_capital_complements,low h,0.8,1,0.5629091576927818,0.8,0.5882569344167177,0.3872323368489965,0.31935763064583733,0.513136111529151,0.5157082169919027,-18.749532869734487
parent_human_capital_complements,low h,0.8,1,0.5654083241525933,0.8,0.5882426718851808,0.38724720686293,0.31939330599743854,0.5139272147561438,0.5165032856403228,-18.742744918315804
parent_human_capital_complements,low h,0.8,1,0.5679647500714233,0.8,0.5880996977417927,0.3873961200139786,0.3197507150783365,0.514952261383295,0.5175334703350745,-18.735836313406736
parent_human_capital_complements,low h,0.8,1,0.5705791108838415,0.8,0.5881363449030416,0.38735794404683177,0.3196590945243962,0.5156856626253604,0.5182705477661641,-18.728807900383345
parent_human_capital_complements,low h,0.8,1,0.5732520992661372,0.8,0.5880234091464197,0.3874756043303941,0.31994146108934785,0.5166893117852382,0.5192792277383914,-18.7216639375074
parent_human_capital_complements,low h,0.8,1,0.5759844254414287,0.8,0.5879305857763594,0.38757229271276333,0.32017351573001984,0.5176735488222857,0.5202683982841175,-18.71439482266577
parent_human_capital_complements,low h,0.8,1,0.578776817493336,0.8,0.5878885549498278,0.3876160646992352,0.3202785782170709,0.5185855449293237,0.5211849657906659,-18.70700779970933
parent_human_capital_complements,low h,0.8,1,0.5816300216884137,0.8,0.5879987649393761,0.3875012628477965,0.32000305356145103,0.5192500604704252,0.5218528122297785,-18.699526193949012
parent_human_capital_complements,low h,0.8,1,0.5845448028075416,0.8,0.5879614473161106,0.38754014458420005,0.32009636088513754,0.5201828434948269,0.5227902708485472,-18.69192798483836
parent_human_capital_complements,low h,0.8,1,0.5875219444864789,0.8,0.5879274454577439,0.3875755617510876,0.32018136346382237,0.5211245892740916,0.5237367371481747,-18.68421779288366
parent_human_capital_complements,low h,0.8,1,0.5905622495657936,0.8,0.5878563829328826,0.38764958567273267,0.3203590204358525,0.5221453095420259,0.5247625737977437,-18.676399409165082
parent_human_capital_complements,low h,0.8,1,0.5936665404503856,0.8,0.5877333022401269,0.38777778339206503,0.3206667058444468,0.5232713744766005,0.5258942831562919,-18.66845871071772
parent_human_capital_complements,low h,0.8,1,0.5968356594788269,0.8,0.5877390615102036,0.3877717925778194,0.3206523198018564,0.5241885779173993,0.5268160840984701,-18.660404088822705
parent_human_capital_complements,low h,0.8,1,0.600070469302753,0.8,0.5875335779967727,0.38798585482095543,0.3211660529454031,0.52548873028038,0.5281227535022907,-18.652229385630907
parent_human_capital_complements,low h,0.8,1,0.6033718532765401,0.8,0.5875954880637853,0.3879213374494487,0.32101123786342084,0.5263375713622244,0.528975849417764,-18.643943675621756
parent_human_capital_complements,low h,0.8,1,0.6067407158575169,0.8,0.587625047079102,0.38789056216581974,0.3209373624396784,0.5272571032128776,0.5298999904409994,-18.635550089538956
parent_human_capital_complements,low h,0.8,1,0.6101779830169621,0.8,0.5874174901447509,0.388106762929784,0.3214562484741381,0.5286074514429371,0.5312571073197297,-18.6270460804435
parent_human_capital_complements,low h,0.8,1,0.6136846026621482,0.8,0.5875498773060809,0.38796885605810205,0.32112527541758606,0.529375553978862,0.532029059985638,-18.618441091756
parent_human_capital_complements,low h,0.8,1,0.6172615450697004,0.8,0.5874616788218194,0.3880607211680596,0.3213457596601864,0.530546475595653,0.533205850871458,-18.609727069587407
parent_human_capital_complements,low h,0.8,1,0.6209098033305457,0.8,0.5873553674936234,0.388171469793111,0.3216115490084565,0.5317647866186032,0.5344302687038239,-18.60089370095029
parent_human_capital_complements,low h,0.8,1,0.6246303938067362,0.8,0.5873183205981731,0.38821006343747766,0.3217041707517947,0.5328757702132404,0.5355468211269037,-18.59196543422611
parent_human_capital_complements,low h,0.8,1,0.6284243566004422,0.8,0.5872182107967633,0.38831433929429593,0.32195443778702293,0.5341138082717353,0.5367910648769915,-18.58291780243435
parent_human_capital_complements,low h,0.8,1,0.6322927560354111,0.8,0.5871262136042921,0.3884101835819649,0.32218445075373736,0.5353529230913717,0.5380363907855086,-18.573756274699367
parent_human_capital_complements,low h,0.8,1,0.6362366811512086,0.8,0.5871125485395324,0.3884244121034093,0.3222186048893769,0.5364676007163781,0.5391566557553619,-18.564500840260475
parent_human_capital_complements,low h,0.8,1,0.6402572462105554,0.8,0.5871037457420506,0.38843357939513407,0.3222406085869425,0.5375883615233022,0.540283034399209,-18.55512885258138
parent_human_capital_complements,low h,0.8,1,0.6443555912200942,0.8,0.5869647623472574,0.3885783494598394,0.32258806087491143,0.5389576482820283,0.5416591847363758,-18.545659567834
parent_human_capital_complements,low h,0.8,1,0.6485328824649206,0.8,0.5869382874930089,0.3886059253836899,0.3226542450595046,0.5401404163212867,0.5428478814251027,-18.53608564098438
parent_human_capital_complements,low h,0.8,1,0.652790313057229,0.8,0.5870104879613954,0.38853071540804185,0.32247374222618486,0.541159978524897,0.5438725542055259,-18.526405347593354
parent_human_capital_complements,low h,0.8,1,0.6571291034994325,0.8,0.5867622157623738,0.38878933485736056,0.3230944264322255,0.5427736789908004,0.5454943433786758,-18.516619059731493
parent_human_capital_complements,low h,0.8,1,0.6615505022621248,0.8,0.5867901768202051,0.3887602063686639,0.323024520350671,0.5439032715296903,0.5466295980237293,-18.506723930972193
parent_human_capital_complements,low h,0.8,1,0.6660557863772645,0.8,0.5868609724356284,0.38868646179879507,0.3228475325546365,0.5449692860587144,0.5477009559728166,-18.496726577681354
parent_human_capital_complements,low h,0.8,1,0.6706462620469753,0.8,0.5866042183323124,0.3889539180216856,0.323489423618915,0.5466471986270611,0.5493872791129124,-18.486635896026737
parent_human_capital_complements,low h,0.8,1,0.6753232652683625,0.8,0.5866459782462602,0.388910422686101,0.3233850304217253,0.5477962582846478,0.5505420984560014,-18.47644668920334
parent_human_capital_complements,low h,0.8,1,0.6800881624747613,0.8,0.5865734983446905,0.3889859120135252,0.3235662149547859,0.5491692794656768,0.5519220019343408,-18.46614357029084
parent_human_capital_complements,low h,0.8,1,0.6849423511938463,0.8,0.5864738730935265,0.38908969884533673,0.32381529324375846,0.550607838522394,0.5533677717983374,-18.455744356816542
parent_human_capital_complements,low h,0.8,1,0.6898872607230374,0.8,0.586440331648969,0.3891246286564586,0.3238991336163314,0.5519403150745269,0.5547069274169824,-18.4452464275935
parent_human_capital_complements,low h,0.8,1,0.6949243528226603,0.8,0.586307270061694,0.3892632439982864,0.3242318012958384,0.5534721638408933,0.5562464546072436,-18.4346396203617
parent_human_capital_complements,low h,0.8,1,0.7000551224273222,0.8,0.5862961471775825,0.3892748106504468,0.32425958015906087,0.5547940005790577,0.5575749170796308,-18.423955452339136
parent_human_capital_complements,low h,0.8,1,0.7052810983759861,0.8,0.58619396384501,0.389381254981412,0.32451504332822334,0.5563003252606362,0.5590887922450967,-18.413154186949605
parent_human_capital_complements,low h,0.8,1,0.7106038441612367,0.8,0.5861175652861254,0.3894608449690634,0.32470605146932596,0.5577745323956338,0.5605703888741097,-18.402264317619604
parent_human_capital_complements,low h,0.8,1,0.7160249586982449,0.8,0.5860205394156496,0.38956192583623356,0.3249486337885268,0.5593030976753091,0.5621066161191344,-18.391272489274392
parent_human_capital_complements,low h,0.8,1,0.7215460771139571,0.8,0.586126432589291,0.3894516248417206,0.32468390718278667,0.5604665932203371,0.5632759437098515,-18.380177877897847
parent_human_capital_complements,low h,0.8,1,0.7271688715570458,0.8,0.5858937799755095,0.389693955667573,0.3252655161857956,0.5622815224279789,0.565099970288005,-18.369000934659578
parent_human_capital_complements,low h,0.8,1,0.7328950520291776,0.8,0.5860622180707754,0.3895185159904746,0.324844444955508,0.5633561207943869,0.5661799551011402,-18.357727238908573
parent_human_capital_complements,low h,0.8,1,0.7387263672381705,0.8,0.5859100283198485,0.3896770396936562,0.32522490883901645,0.5650515826517677,0.5678839154964472,-18.3463827154042
parent_human_capital_complements,low h,0.8,1,0.7446646054736273,0.8,0.5859589930665299,0.3896260309322984,0.32510249147597986,0.5663810538187294,0.5692200506653653,-18.334956947294884
parent_human_capital_complements,low h,0.8,1,0.7507115955056528,0.8,0.5858822926200915,0.38970591878389516,0.3252942304287175,0.5679647486826248,0.570811683832801,-18.323439017652547
parent_human_capital_complements,low h,0.8,1,0.7568692075072764,0.8,0.5857800096506255,0.3898124714869854,0.3255499492906335,0.5696133311654715,0.5724685298697313,-18.311832255751348
parent_human_capital_complements,low h,0.8,1,0.7631393540012239,0.8,0.5859451832461415,0.3896404348035245,0.32513704287093376,0.5707640119542782,0.5736249784699945,-18.300136133429927
parent_human_capital_complements,low h,0.8,1,0.7695239908317001,0.8,0.5857636274020559,0.38982952141621546,0.3255908834372944,0.572596340042758,0.5754664911412389,-18.288376880074686
parent_human_capital_complements,low h,0.8,1,0.7760251181618615,0.8,0.5859872760867371,0.38959656318518826,0.325031774899934,0.5736613349547384,0.5765368243624309,-18.27653833277609
parent_human_capital_complements,low h,0.8,1,0.7826447814976824,0.8,0.5858763559424844,0.3897121105311107,0.325309083222315,0.5753885780922244,0.5782727253421729,-18.264651055590207
parent_human_capital_complements,low h,0.8,1,0.7893850727389358,0.8,0.5858337693546203,0.3897564842848446,0.325415568015556,0.5769988995010689,0.5798911185206695,-18.252671337025912
parent_human_capital_complements,low h,0.8,1,0.7962481312580323,0.8,0.5857159147918244,0.389879231381315,0.32571017839726923,0.5787720119257289,0.5816731187083442,-18.24059966995696
parent_human_capital_complements,low h,0.8,1,0.8032361450074849,0.8,0.5856106743288331,0.3899888636309091,0.32597328929967606,0.5805368739164462,0.5834468271066039,-18.22845094691648
parent_human_capital_complements,low h,0.8,1,0.8103513516567865,0.8,0.5858544796421142,0.3897348991752398,0.3253637751702311,0.5816300221868694,0.5845454548055351,-18.21620696763349
parent_human_capital_complements,low h,0.8,1,0.8175960397595149,0.8,0.5857422890406352,0.38985176112870035,0.32564424698469346,0.5834391595305995,0.5863636604879382,-18.203937928894494
parent_human_capital_complements,low h,0.8,1,0.8249725499515008,0.8,0.585819273385692,0.38977157374391713,0.3254517928055488,0.5848888825090633,0.5878206502330717,-18.191584824907
parent_human_capital_complements,low h,0.8,1,0.8324832761809209,0.8,0.5857293340164061,0.389865265368719,0.3256766481145493,0.5866853755010109,0.5896261481836151,-18.17917424827626
parent_human_capital_complements,low h,0.8,1,0.8401306669712053,0.8,0.585719326524166,0.3898756927631229,0.325701671054731,0.588338043860692,0.591287100577923,-18.166679427807242
parent_human_capital_complements,low h,0.8,1,0.8479172267176741,0.8,0.5856271953803568,0.389971652493936,0.3259319842109111,0.5901707763765192,0.5931290197037155,-18.154105893986017
parent_human_capital_complements,low h,0.8,1,0.8558455170188431,0.8,0.5856247089886554,0.3899742359444138,0.3259381907713006,0.5918389916865814,0.5948055969778173,-18.141466652213513
parent_human_capital_complements,low h,0.8,1,0.8639181580433734,0.8,0.5856192256722311,0.38997995884803277,0.32595191506893606,0.5935282190507343,0.5965032916293692,-18.128743044623977
parent_human_capital_complements,low h,0.8,1,0.8721378299336601,0.8,0.5856773126302639,0.3899194576785754,0.32580670642688464,0.5951031437764732,0.5980861106981479,-18.115997196880915
parent_human_capital_complements,low h,0.8,1,0.8805072742470966,0.8,0.5856505474220108,0.3899473314663711,0.3258736098895636,0.5968652056033076,0.5998570048966451,-18.103157132930953
parent_human_capital_complements,low h,0.8,1,0.88902929543607,0.8,0.5856024751531648,0.38999740794231375,0.325993792283767,0.5986862276575965,0.6016871548619663,-18.090282729811673
parent_human_capital_complements,low h,0.8,1,0.8977067623677852,0.8,0.5855618023953892,0.3900397727604024,0.32609547037959036,0.6005076402186738,0.6035176972914996,-18.07732275583605
parent_human_capital_complements,low h,0.8,1,0.9065426098850453,0.8,0.5855292720707334,0.3900736488035934,0.3261767822064412,0.6023277292794528,0.6053469095866618,-18.064304527370354
parent_human_capital_complements,low h,0.8,1,0.9155398404091444,0.8,0.5855670491939469,0.39003429218422175,0.3260823315513325,0.604017398221873,0.6070450480299012,-18.051226104533328
parent_human_capital_complements,low h,0.8,1,0.9247015255860773,0.8,0.5854995031391537,0.39010466204453037,0.3262512102049702,0.6059405641070152,0.608977853824159,-18.038078705116884
parent_human_capital_complements,low h,0.8,1,0.9340308079772923,0.8,0.5855972769731326,0.3900028198715966,0.3260067836419666,0.6075340132895845,0.6105792902039943,-18.024892413994422
parent_human_capital_complements,low h,0.8,1,0.9435309027962627,0.8,0.5853301961995647,0.3902810127939858,0.3266744622237748,0.6099063517249368,0.6129635200352392,-18.011631111954816
parent_human_capital_complements,low h,0.8,1,0.9532050996921831,0.8,0.5854254955647985,0.3901817470005104,0.32643622011593654,0.6115345548884977,0.6145998846011208,-17.998322252522854
parent_human_capital_complements,low h,0.8,1,0.9630567645821445,0.8,0.5852802661628056,0.3903330382989364,0.3267993089876628,0.6136846026429795,0.6167607095148208,-17.98495116839651
parent_human_capital_complements,low h,0.8,1,0.9730893415331738,0.8,0.5854923613678791,0.3901121128627771,0.32626908115451986,0.6150929354629101,0.6181761016323882,-17.971542439058528
parent_human_capital_complements,low h,0.8,1,0.9833063546955787,0.8,0.5853532265723609,0.3902570239538151,0.32661688792113297,0.6172615445581271,0.6203555809259309,-17.958060852284866
parent_human_capital_complements,low h,0.8,1,0.9937114102890687,0.8,0.5853485822058793,0.39026188425056474,0.32662853111493395,0.6191592159383346,0.6222627644235159,-17.94453851602819
parent_human_capital_complements,low h,0.8,1,1.0043081986431819,0.8,0.5854091152242222,0.3901988154419095,0.3264771790121274,0.620931370446785,0.624043801893406,-17.930964503307752
parent_human_capital_complements,low h,0.8,1,1.0151004962935855,0.8,0.5852278008882039,0.3903876896804809,0.3269304722516886,0.6232396014337158,0.626363602936307,-17.91733963897971
parent_human_capital_complements,low h,0.8,1,1.0260921681358672,0.8,0.5854723096932619,0.39013301508542453,0.3263192320297494,0.6246418852007601,0.6277729156799844,-17.903653280281873
parent_human_capital_complements,low h,0.8,1,1.037287169638491,0.8,0.5852061151758657,0.39041027135226847,0.3269846755714009,0.6271671810071344,0.6303108695842644,-17.889932373964392
parent_human_capital_complements,low h,0.8,1,1.0486895491166357,0.8,0.585467859161461,0.390137638456514,0.32633034021591917,0.6285565585770884,0.6317072114382694,-17.876143289296866
parent_human_capital_complements,low h,0.8,1,1.0603034500686892,0.8,0.5852067099509897,0.3904096483719483,0.326983183704616,0.6311050529545763,0.6342684801969846,-17.86234872329517
parent_human_capital_complements,low h,0.8,1,1.0721331135772334,0.8,0.5852719324812268,0.39034172363667374,0.3268201495555835,0.6329525462341666,0.6361252340751764,-17.848481487284296
parent_human_capital_complements,low h,0.8,1,1.0841828807763967,0.8,0.5852463788337773,0.3903683285815299,0.3268840143236259,0.6350144886065889,0.6381975119767515,-17.834588802155057
parent_human_capital_complements,low h,0.8,1,1.0964571953875313,0.8,0.5851343278984711,0.39048504950865787,0.3271641433939963,0.6372839671705294,0.6404783663493335,-17.82063204662453
parent_human_capital_complements,low h,0.8,1,1.1089606063252093,0.8,0.5850323789802874,0.3905912427719243,0.3274190106112836,0.6395473964611562,0.6427531411264933,-17.80662858909254
parent_human_capital_complements,low h,0.8,1,1.1216977703756155,0.8,0.5852683256902174,0.3903454773298745,0.326829161664802,0.641068642473506,0.6442820124162125,-17.792593912931093
parent_human_capital_complements,low h,0.8,1,1.1346734549494641,0.8,0.5851585590152031,0.39045981303860566,0.32710357176038907,0.6433794119273548,0.6466043646501499,-17.77852204956585
parent_human_capital_complements,low h,0.8,1,1.147892540911644,0.8,0.5852986673848941,0.3903138639909167,0.326753296762026,0.645140346876834,0.6483741263227953,-17.764447335865658
parent_human_capital_complements,low h,0.8,1,1.1613600254898573,0.8,0.5850631374543698,0.39055921445663566,0.3273421313631856,0.647768002004777,0.6510149526268785,-17.750316391810482
parent_human_capital_complements,low h,0.8,1,1.1750810252645967,0.8,0.585178591715501,0.39043896365157615,0.3270535159427686,0.6496122253284824,0.6528684201584632,-17.736143645110374
parent_human_capital_complements,low h,0.8,1,1.189060779242872,0.8,0.5848315694602435,0.3908004376472913,0.32792106075185606,0.652529876388765,0.6558006960055461,-17.72190661671476
parent_human_capital_complements,low h,0.8,1,1.2033046520181812,0.8,0.5853057402178246,0.39030649866249567,0.3267356178561693,0.6535752499636799,0.6568513095373113,-17.707669084743713
parent_human_capital_complements,low h,0.8,1,1.217818137019287,0.8,0.5850995747758516,0.3905212650056471,0.3272510468322803,0.6562015627402401,0.6594907867614471,-17.69340387493935
parent_human_capital_complements,low h,0.8,1,1.2326068598504607,0.8,0.5851770494494528,0.3904405417996107,0.3270573307419866,0.658185652232251,0.6614848215434237,-17.679101447106973
parent_human_capital_complements,low h,0.8,1,1.247676581725918,0.8,0.5850612061313089,0.390561207581001,0.32734693278533267,0.660634421889249,0.6639458657094073,-17.664789276355556
parent_human_capital_complements,low h,0.8,1,1.2630332030012734,0.8,0.5850609830295667,0.39056145427856953,0.32734751113157345,0.6628280382343407,0.6661504776021862,-17.650424421394977
parent_human_capital_complements,low h,0.8,1,1.2786827668049243,0.8,0.5849066711208328,0.3907222036616463,0.32773330215193786,0.6653991870533441,0.6687345143582775,-17.63603264123987
parent_human_capital_complements,low h,0.8,1,1.294631462772364,0.8,0.5851300401659955,0.3904895133412457,0.32717485904539845,0.6670923139652082,0.6704361281041049,-17.62161664805966
parent_human_capital_complements,low h,0.8,1,1.31088563088653,0.8,0.5849729532882503,0.3906531396686152,0.32756756783455565,0.6697006859683375,0.673057574626309,-17.60717253255461
parent_human_capital_complements,low h,0.8,1,1.3274517654273796,0.8,0.5851007759553043,0.39052001467487657,0.32724804517651795,0.6716445200445652,0.675011152211391,-17.59272302300333
parent_human_capital_complements,low h,0.8,1,1.3443365190339982,0.8,0.584916168324983,0.3907123006473461,0.3277095446071954,0.6743504427530638,0.67773063841391,-17.578223157177987
parent_human_capital_complements,low h,0.8,1,1.3615467068826452,0.8,0.5850861730309412,0.39053520710429596,0.327284525199245,0.6762176913636715,0.6796072466471279,-17.563726892208408
parent_human_capital_complements,low h,0.8,1,1.3790893109842512,0.8,0.584863789516522,0.3907668550979153,0.3278404818244761,0.6790470058279265,0.6824507431091529,-17.549197014628227
parent_human_capital_complements,low h,0.8,1,1.3969714846049992,0.8,0.5850368103704979,0.39058661503070446,0.32740791527371665,0.6809310321207771,0.684344213123096,-17.534636544333285
parent_human_capital_complements,low h,0.8,1,1.4152005568137338,0.8,0.5848464325162614,0.3907849402829073,0.32788388149112513,0.6837147779921943,0.687141912578761,-17.520077357121416
parent_human_capital_complements,low h,0.8,1,1.4337840371600625,0.8,0.5850180741010308,0.39060614710930674,0.327454777736371,0.6856255195151723,0.6890622317334797,-17.50547133129729
parent_human_capital_complements,low h,0.8,1,1.4527296204871472,0.8,0.5848539752162156,0.39077709737062905,0.32786504499749025,0.6883759067548828,0.6918264053466009,-17.490881046625052
parent_human_capital_complements,low h,0.8,1,1.4720451918832933,0.8,0.5849863622413194,0.39063918779805795,0.32753406818788416,0.6904068952293928,0.6938675741932044,-17.476252071720463
parent_human_capital_complements,low h,0.8,1,1.4917388317766058,0.8,0.5849799944696026,0.39064583154594235,0.32755000295655445,0.6927944676001795,0.6962671143203031,-17.46162275064005
parent_human_capital_complements,low h,0.8,1,1.5118188211770927,0.8,0.5850762846722188,0.390545509283647,0.3273092486962329,0.694937732973995,0.6984211228565119,-17.446970797048138
parent_human_capital_complements,low h,0.8,1,1.5322936470707536,0.8,0.58496025442482,0.39066638306902657,0.32759933719457823,0.6976273695615828,0.7011242413035994,-17.43232059713406
parent_human_capital_complements,low h,0.8,1,1.5531720079703377,0.8,0.5849022786112189,0.3907267873075087,0.32774429511159364,0.7001857577578028,0.7036954534740193,-17.417629413847116
parent_human_capital_complements,low h,0.8,1,1.5744628196276003,0.8,0.5847411014855033,0.3908946677942355,0.32814722013819586,0.7030209989180076,0.7065449063396811,-17.402938012722014
parent_human_capital_complements,low h,0.8,1,1.5961752209120554,0.8,0.5848115924370273,0.3908212314978138,0.3279709809198246,0.705281097339144,0.7088163335512978,-17.388222405098123
parent_human_capital_complements,low h,0.8,1,1.618318579861377,0.8,0.584876670968664,0.3907534477888719,0.3278082938473116,0.7075662108526505,0.7111129012439568,-17.37355153588579
parent_human_capital_complements,low h,0.8,1,1.6409024999087747,0.8,0.5848388133892001,0.39079288552793895,0.3279029417710321,0.7101282418009022,0.7136877744257791,-17.358825941186165
parent_human_capital_complements,low h,0.8,1,1.6639368262928396,0.8,0.5848132420868611,0.3908195318672634,0.32796688380199823,0.7126721018319995,0.7162443856083456,-17.34412708321338
parent_human_capital_complements,low h,0.8,1,1.6874316526555453,0.8,0.584621460227348,0.39101928987103773,0.3284463171869464,0.7156621579004504,0.7192494293952105,-17.32937212124141
parent_human_capital_complements,low h,0.8,1,1.7113973278342638,0.8,0.5847774346518003,0.3908568213135938,0.32805638803977477,0.7177594843145927,0.7213572687017525,-17.31464656274734
parent_human_capital_complements,low h,0.8,1,1.7358444628538618,0.8,0.5846375813680793,0.3910024937103955,0.3284060095748903,0.7206434111170172,0.7242556512474312,-17.299900389632093
parent_human_capital_complements,low h,0.8,1,1.7607839381251333,0.8,0.5849735009310678,0.39065259073697106,0.3275662297301706,0.7222853400586504,0.7259058103921341,-17.285156049032803
parent_human_capital_complements,low h,0.8,1,1.7862269108560356,0.8,0.5847413894549636,0.3908943655601599,0.32814649695166676,0.7254406877881825,0.7290769743679789,-17.2704463592909
parent_human_capital_complements,low h,0.8,1,1.8121848226824113,0.8,0.5847795340967022,0.3908546326580366,0.3280511369308705,0.7278924103816891,0.731540986272127,-17.255685176000675
parent_human_capital_complements,low h,0.8,1,1.8386694075250942,0.8,0.5846595987916061,0.3909795657091751,0.328350975829606,0.7307794035020714,0.7344424505057462,-17.240950697698864
parent_human_capital_complements,low h,0.8,1,1.8656926996805347,0.8,0.5848313920379068,0.39080059718579296,0.32792146790963517,0.7328950541927771,0.7365687059396703,-17.226173298721662
parent_human_capital_complements,low h,0.8,1,1.8932670421523103,0.8,0.5847535096700973,0.39088174680930987,0.328116205735309,0.7356947789924101,0.739382464418262,-17.211444468424176
parent_human_capital_complements,low h,0.8,1,1.921405095231136,0.8,0.584595514699496,0.3910463185324853,0.32851118398728285,0.7387263671212706,0.7424292484458557,-17.19668840916869
parent_human_capital_complements,low h,0.8,1,1.9501198453312445,0.8,0.5846895397827243,0.3909483613071765,0.32827610049960987,0.74108461762916,0.7447993197336074,-17.181976344870876
parent_human_capital_complements,low h,0.8,1,1.979424614091259,0.8,0.5846539838635643,0.3909854023866971,0.3283649955732796,0.7438082410910246,0.7475365954148877,-17.167251086206743
parent_human_capital_complements,low h,0.8,1,2.009333067747975,0.8,0.5846141242644538,0.3910269160390661,0.32846463483180144,0.7465562829031426,0.7502984118439114,-17.15252836895002
parent_human_capital_complements,low h,0.8,1,2.0398592267917226,0.8,0.5846948802514387,0.3909428110524501,0.32826276766408946,0.7489821037571524,0.7527363921755531,-17.137796410882345
parent_human_capital_complements,low h,0.8,1,2.071017475912293,0.8,0.5846526386639829,0.39098682099622994,0.3283683835705883,0.7517602644601972,0.7555284784670728,-17.12308036631899
parent_human_capital_complements,low h,0.8,1,2.1028225742447084,0.8,0.5844711198359531,0.3911758776556023,0.32882214398811427,0.7549410913249405,0.7587252492928258,-17.108368029747048
parent_human_capital_complements,low h,0.8,1,2.135289665924415,0.8,0.584740103572775,0.39089570575088645,0.3281497127085016,0.7568692073360307,0.760663030025641,-17.093648494982027
parent_human_capital_complements,low h,0.8,1,2.168434290961828,0.8,0.5846463436271552,0.39099336074211966,0.32838409584149725,0.7598279479191797,0.7636366013576806,-17.0790000397848
parent_human_capital_complements,low h,0.8,1,2.2022723964464688,0.8,0.5844854542586131,0.3911609820584804,0.3287863599055987,0.7629911415729099,0.7668156505855823,-17.06430388251804
parent_human_capital_complements,low h,0.8,1,2.23682034809129,0.8,0.5846282165111356,0.3910122513282328,0.32842942540151965,0.7653015683965351,0.769137658471855,-17.049661992679695
parent_human_capital_complements,low h,0.8,1,2.2720949421281498,0.8,0.5843746396836962,0.3912764068902392,0.3290633862382483,0.7687572242570089,0.7726106358794124,-17.034972105482677
parent_human_capital_complements,low h,0.8,1,2.308113417565749,0.8,0.5847974143410382,0.3908359931396223,0.32800641578001793,0.7702778174251139,0.7741388510524913,-17.020337350217904
parent_human_capital_complements,low h,0.8,1,2.344893468821764,0.8,0.5843800976052691,0.3912707112390498,0.3290497265789626,0.7742350370440201,0.7781159063172823,-17.00571912383884
parent_human_capital_complements,low h,0.8,1,2.382453258741261,0.8,0.5846975963879145,0.3909399852745341,0.3282559824074146,0.7760716004698954,0.7799616755556396,-16.991086549728294
parent_human_capital_complements,low h,0.8,1,2.4208114320139376,0.8,0.5845420882097798,0.39110196210608217,0.32864473722297854,0.7792955957521659,0.783201831181513,-16.976522822655447
parent_human_capital_complements,low h,0.8,1,2.4599871290031343,0.8,0.5843723119719527,0.3912788133216941,0.32906917921128687,0.7825759119486227,0.78649859003133,-16.961941581718058
parent_human_capital_complements,low h,0.8,1,2.5,0.8,0.5845137464175267,0.3911315012009793,0.3287156153118834,0.7849505162909055,0.7888850971274114,-16.947375926722383
parent_human_capital_complements,low h,0.8,2,0.5,0.8,0.530705165924436,0.47350677377625516,0.5352370760252618,0.6193271900257288,0.6224315804845271,-17.560364999533896
parent_human_capital_complements,low h,0.8,2,0.5000203210855501,0.8,0.5307031373790794,0.4735087810426592,0.5352421395574214,0.6193389610362396,0.6224434104974736,-17.560157242558795
parent_human_capital_complements,low h,0.8,2,0.5000812892976928,0.8,0.5306970671035657,0.4735148088812428,0.5352573239248736,0.6193742721637083,0.6224788986227053,-17.55953395872846
parent_human_capital_complements,low h,0.8,2,0.5001829195049198,0.8,0.5306869427240174,0.4735248616621362,0.5352826481091325,0.6194331338690343,0.622538055373557,-17.55849510932665
parent_human_capital_complements,low h,0.8,2,0.5003252364947652,0.8,0.5306727414594166,0.47353891316455776,0.5353180952453949,0.6195155427631092,0.6226208773439323,-17.55704062983588
parent_human_capital_complements,low h,0.8,2,0.5005082749838822,0.8,0.5306545691227726,0.4735569683962312,0.5353635670923289,0.6196214620454485,0.6227273275488839,-17.555170429949996
parent_human_capital_complements,low h,0.8,2,0.500732079632158,0.8,0.5306305683906312,0.47358077481560096,0.5354235631305577,0.6197528313155564,0.6228593553101985,-17.552884393568036
parent_human_capital_complements,low h,0.8,2,0.5009967050608752,0.8,0.5306042517132573,0.47360689073545026,0.5354893670787436,0.6199059154232178,0.6230132067551429,-17.550182378806856
parent_human_capital_complements,low h,0.8,2,0.5013022158749305,0.8,0.5305738631603789,0.47363702285734893,0.5355653153999327,0.6200825867728805,0.623190763673631,-17.54706421807131
parent_human_capital_complements,low h,0.8,2,0.5016486866891229,0.8,0.5305394297978268,0.4736711799215574,0.5356513942435681,0.620282850964703,0.6233920316938923,-17.543529718023297
parent_human_capital_complements,low h,0.8,2,0.502036202158526,0.8,0.5305011363906267,0.4737091778380336,0.5357471405004801,0.6205065219945497,0.6236168238794418,-17.539578659590127
parent_human_capital_complements,low h,0.8,2,0.502464857012963,0.8,0.5304605355002161,0.4737494509315404,0.5358486343082731,0.6207519286825238,0.6238634606735585,-17.53521079825512
parent_human_capital_complements,low h,0.8,2,0.5029347560956027,0.8,0.5305192422781664,0.4736912195373355,0.5357018816622849,0.6209098034535077,0.624022126795125,-17.53042727544941
parent_human_capital_complements,low h,0.8,2,0.5034460144056994,0.8,0.5306768760347839,0.47353482291383253,0.5353077762109312,0.6209802932592937,0.624092969932533,-17.525241022403385
parent_human_capital_complements,low h,0.8,2,0.5039987571454999,0.8,0.5307143317039058,0.47349767616307603,0.5352141546546654,0.6211993228037004,0.6243130973670997,-17.519645227217822
parent_human_capital_complements,low h,0.8,2,0.5045931197713469,0.8,0.53067981308341,0.4735319116460909,0.5353004373254794,0.6215151711153027,0.6246305288749524,-17.51364112690654
parent_human_capital_complements,low h,0.8,2,0.5052292480490046,0.8,0.5306153342675404,0.47359588715697276,0.5354616471138025,0.6218826652177475,0.6249998650492514,-17.507221038783854
parent_human_capital_complements,low h,0.8,2,0.5059072981132409,0.8,0.5305486973071811,0.47366200992894353,0.5356282617053816,0.6222718486444148,0.625390999265963,-17.500384499874368
parent_human_capital_complements,low h,0.8,2,0.5066274365316988,0.8,0.530478028310162,0.47373208462619604,0.5358048836446465,0.6226847321039058,0.6258059523124072,-17.493131089188882
parent_human_capital_complements,low h,0.8,2,0.507389840373095,0.8,0.5304329615723815,0.4737768003392326,0.5359175605405384,0.6230893808614798,0.6262126293803192,-17.485460940245325
parent_human_capital_complements,low h,0.8,2,0.5081946972797818,0.8,0.5303561301803329,0.47385303683038194,0.5361096615072046,0.6235477681562285,0.6266733143509446,-17.4773755790346
parent_human_capital_complements,low h,0.8,2,0.5090422055447187,0.8,0.5305298385570467,0.4736807137241254,0.5356754005938311,0.6237544464314682,0.6268810286053501,-17.46888146886415
parent_human_capital_complements,low h,0.8,2,0.5099325741928927,0.8,0.5305033768496339,0.4737069450871191,0.5357415241220902,0.6241969897165263,0.6273257901478557,-17.459996134344884
parent_human_capital_complements,low h,0.8,2,0.5108660230672385,0.8,0.5305032424197029,0.4737070790424324,0.5357418610924549,0.6246303933144995,0.6277613661904045,-17.45069483037003
parent_human_capital_complements,low h,0.8,2,0.5118427829191048,0.8,0.5306381035578358,0.47357330548518517,0.5354047343357644,0.6249365450063671,0.6280690524740136,-17.441008614463822
parent_human_capital_complements,low h,0.8,2,0.5128630955033207,0.8,0.5305377351793423,0.4736728778828665,0.535655656179552,0.6255175372604087,0.6286529569638477,-17.430912065304188
parent_human_capital_complements,low h,0.8,2,0.5139272136779165,0.8,0.5304353154700905,0.4737744847993815,0.5359117055465743,0.6261203454157646,0.6292587867076566,-17.420398047006746
parent_human_capital_complements,low h,0.8,2,0.5150354015085564,0.8,0.5304488320269123,0.47376107749033813,0.5358779171384791,0.6266165213148652,0.6297574496988014,-17.409474466936786
parent_human_capital_complements,low h,0.8,2,0.5161879343777439,0.8,0.530338146312916,0.47387087801869443,0.5361546212513502,0.6272675039993774,0.6304116954475987,-17.39814150612009
parent_human_capital_complements,low h,0.8,2,0.5173850990988615,0.8,0.5302234482789719,0.4739846674966705,0.5364413689759938,0.627942556887966,0.6310901320528726,-17.386389746936477
parent_human_capital_complements,low h,0.8,2,0.5186271940351138,0.8,0.5303073201342153,0.47390145507024256,0.5362316799319914,0.6284204608778153,0.6315704315464399,-17.37422511344706
parent_human_capital_complements,low h,0.8,2,0.5199145292234401,0.8,0.5305390721218096,0.4736715420622703,0.5356522994763432,0.62875569659248,0.631907347637117,-17.361709152031054
parent_human_capital_complements,low h,0.8,2,0.5212474265034702,0.8,0.5305364738523937,0.47367411677248744,0.5356587907076074,0.6293666089198914,0.6325213221753129,-17.34880200080893
parent_human_capital_complements,low h,0.8,2,0.5226262196515982,0.8,0.53040418703097,0.47380537282526575,0.5359895366808317,0.6301394266362418,0.6332980136565869,-17.3354869582568
parent_human_capital_complements,low h,0.8,2,0.5240512545202515,0.8,0.5302697946271484,0.4739386829406944,0.5363254939791815,0.6309344056706186,0.6340969775399564,-17.32175307008609
parent_human_capital_complements,low h,0.8,2,0.5255228891824385,0.8,0.5301325723872834,0.47407480469200036,0.5366685323070213,0.6317524133142709,0.6349190854639857,-17.307599513632162
parent_human_capital_complements,low h,0.8,2,0.5270414940816569,0.8,0.530265656547845,0.473942796073719,0.5363358511156182,0.6322927563448342,0.6354621369752608,-17.293049137738638
parent_human_capital_complements,low h,0.8,2,0.5286074521872524,0.8,0.5302954041516842,0.47391326571908243,0.5362614536155684,0.6329662146810544,0.6361389710354394,-17.278138593854077
parent_human_capital_complements,low h,0.8,2,0.5302211591553182,0.8,0.5303533120514095,0.47385583535586834,0.5361167110066636,0.6336280818654249,0.6368041558428775,-17.26284064176724
parent_human_capital_complements,low h,0.8,2,0.5318830234952302,0.8,0.5302329874534248,0.4739752067111308,0.536417525093805,0.6345067195046689,0.6376871976716162,-17.247140492369486
parent_human_capital_complements,low h,0.8,2,0.5335934667419154,0.8,0.5302070133841946,0.4740009604902672,0.5364824388770896,0.6353008141418189,0.6384852727246993,-17.23104568802924
parent_human_capital_complements,low h,0.8,2,0.5353529236339561,0.8,0.5300711740613087,0.47413571646765823,0.5368220292377905,0.6362366807707851,0.6394258304046648,-17.214536285996196
parent_human_capital_complements,low h,0.8,2,0.537161842297634,0.8,0.5302210672890231,0.47398702276174876,0.5364473111267412,0.6368750014324501,0.6400673506619614,-17.197667746559862
parent_human_capital_complements,low h,0.8,2,0.5390206844370244,0.8,0.5301853963111534,0.47402240727442846,0.5365364834877826,0.6377392402855557,0.6409359215303456,-17.180401958414464
parent_human_capital_complements,low h,0.8,2,0.5409299255302531,0.8,0.5302236530336673,0.4739844638628115,0.5364408563269039,0.6385408516440769,0.6417415509825226,-17.162768133532694
parent_human_capital_complements,low h,0.8,2,0.5428900550320312,0.8,0.5300783630690192,0.47412858369476707,0.5368040554774686,0.6395673807319197,0.642773225568831,-17.14473083911258
parent_human_capital_complements,low h,0.8,2,0.5449015765825912,0.8,0.5302455617599787,0.47396271317533345,0.5363860605611256,0.6402641628455503,0.6434735003173406,-17.12629500550866
parent_human_capital_complements,low h,0.8,2,0.5469650082231464,0.8,0.5301981773817018,0.4740097356879605,0.5365045429784946,0.6412210343281572,0.6444351681382139,-17.107532549496703
parent_human_capital_complements,low h,0.8,2,0.5490808826180046,0.8,0.5300155390218795,0.4741909167808469,0.536961127150761,0.6423500974475124,0.6455698907100063,-17.088356829985713
parent_human_capital_complements,low h,0.8,2,0.5512497472834679,0.8,0.5300389240772209,0.47416772356988884,0.5369026739604511,0.6432676751918089,0.6464920678318863,-17.06878426982245
parent_human_capital_complements,low h,0.8,2,0.5534721648236569,0.8,0.5299851701711643,0.47422103476070676,0.5370370343870244,0.6442921605925211,0.6475216884870397,-17.04885031031418
parent_human_capital_complements,low h,0.8,2,0.5557487131734017,0.8,0.5301307101867659,0.47407665679003297,0.536673194879764,0.6451113224805024,0.6483449564410718,-17.02857321280953
parent_human_capital_complements,low h,0.8,2,0.5580799858483445,0.8,0.5299641389069951,0.4742419070300356,0.5370896245224188,0.6463037580825888,0.6495433691514871,-17.007902383645927
parent_human_capital_complements,low h,0.8,2,0.5604665922024078,0.8,0.5299002562941555,0.47430528951391604,0.5372493414508857,0.6474002738479958,0.6506453812250409,-16.98684255893026
parent_human_capital_complements,low h,0.8,2,0.5629091576927818,0.8,0.5299028946433193,0.4743026761101196,0.5372427516351816,0.6484414018678732,0.6516917279208353,-16.9654001166926
parent_human_capital_complements,low h,0.8,2,0.5654083241525933,0.8,0.5300398764905984,0.47416677547319386,0.5369002880248709,0.6493492145704642,0.6526040910535343,-16.943641638212696
parent_human_capital_complements,low h,0.8,2,0.5679647500714233,0.8,0.5299681150740486,0.4742379507346236,0.5370796664367022,0.6505152516074293,0.6537759728754702,-16.921515025770976
parent_human_capital_complements,low h,0.8,2,0.5705791108838415,0.8,0.5297839842013486,0.4744206315567382,0.5375400107124396,0.6518306096713975,0.6550979241991715,-16.898982953814276
parent_human_capital_complements,low h,0.8,2,0.5732520992661372,0.8,0.5299168748502909,0.4742887912172191,0.5372077774701445,0.6528027935723535,0.6560749811922102,-16.876049743522785
parent_human_capital_complements,low h,0.8,2,0.5759844254414287,0.8,0.5300429595874523,0.4741637329510279,0.5368926046345022,0.6538022031977129,0.6570794003791638,-16.85286800148935
parent_human_capital_complements,low h,0.8,2,0.578776817493336,0.8,0.5298196480962596,0.4743852487132997,0.5374508479582496,0.6552247354843286,0.6585090631385393,-16.829290675159776
parent_human_capital_complements,low h,0.8,2,0.5816300216884137,0.8,0.529733880154962,0.47447035296298734,0.537665293525075,0.6565094772517361,0.659800244700855,-16.805308554896687
parent_human_capital_complements,low h,0.8,2,0.5845448028075416,0.8,0.5298892565579081,0.47431621030345694,0.5372768534209189,0.6575351386958539,0.6608310472943562,-16.780986853863556
parent_human_capital_complements,low h,0.8,2,0.5875219444864789,0.8,0.5298718016202455,0.4743335113003859,0.537320467465938,0.6587812756914161,0.6620834305776022,-16.75634759957125
parent_human_capital_complements,low h,0.8,2,0.5905622495657936,0.8,0.5297683180942308,0.4744361703155905,0.5375791714229421,0.660148231548191,0.6634572383291231,-16.731349795340854
parent_human_capital_complements,low h,0.8,2,0.5936665404503856,0.8,0.5296525708797635,0.4745510135614974,0.5378685616252206,0.6615505013946972,0.6648665370824853,-16.70595529299001
parent_human_capital_complements,low h,0.8,2,0.5968356594788269,0.8,0.5296612202107434,0.4745424295248657,0.5378469332308535,0.6628280379079331,0.6661504772741426,-16.680250559135416
parent_human_capital_complements,low h,0.8,2,0.600070469302753,0.8,0.5297864217143382,0.4744182136841336,0.5375339173760718,0.6639889012189212,0.6673171594366919,-16.654217219155573
parent_human_capital_complements,low h,0.8,2,0.6033718532765401,0.8,0.529530353830128,0.47467225385772027,0.538174094002745,0.6656189124445184,0.6689553411275585,-16.62781365074627
parent_human_capital_complements,low h,0.8,2,0.6067407158575169,0.8,0.5297910448871345,0.4744136185971216,0.5375223464317135,0.6666602073959519,0.6700018555916568,-16.601079179446682
parent_human_capital_complements,low h,0.8,2,0.6101779830169621,0.8,0.5295314544386006,0.4746711674355817,0.538171350723999,0.6683371365906579,0.671687190428931,-16.574013166555144
parent_human_capital_complements,low h,0.8,2,0.6136846026621482,0.8,0.5295129052198878,0.47468957606770734,0.5382177337944857,0.669749780434718,0.6731069151797263,-16.546577998989815
parent_human_capital_complements,low h,0.8,2,0.6172615450697004,0.8,0.5297698236218261,0.47443469346866163,0.5375754329027903,0.6708546696519305,0.6742173426771875,-16.518842588607566
parent_human_capital_complements,low h,0.8,2,0.6209098033305457,0.8,0.5295006519973343,0.47470171453381116,0.5382483403777881,0.6726075662590777,0.6759790257151423,-16.490794100806582
parent_human_capital_complements,low h,0.8,2,0.6246303938067362,0.8,0.5293837465808764,0.47481770410849394,0.5385406220311666,0.6742003073313348,0.6775797504352478,-16.462350225521057
parent_human_capital_complements,low h,0.8,2,0.6284243566004422,0.8,0.5296753654662788,0.4745283877943525,0.5378115568787823,0.675323265991333,0.6787083379489535,-16.433603995033156
parent_human_capital_complements,low h,0.8,2,0.6322927560354111,0.8,0.5294492332048555,0.47475272059427975,0.5383768803336957,0.6770894977609275,0.6804834229921355,-16.404586295521874
parent_human_capital_complements,low h,0.8,2,0.6362366811512086,0.8,0.5293262358048805,0.4748747619214933,0.5386844042204175,0.6787532616899303,0.6821555265725376,-16.37520308374874
parent_human_capital_complements,low h,0.8,2,0.6402572462105554,0.8,0.5294921277713633,0.4747101646151295,0.5382696411267125,0.6800881624122926,0.6834971185126161,-16.34543926723602
parent_human_capital_complements,low h,0.8,2,0.6443555912200942,0.8,0.529505165098914,0.47469724363020394,0.5382370672699546,0.6816287119315316,0.6850453900684551,-16.315479047457643
parent_human_capital_complements,low h,0.8,2,0.6485328824649206,0.8,0.529247763136413,0.474952589671068,0.5388805524462419,0.6835202641528092,0.6869464237346985,-16.285151330701215
parent_human_capital_complements,low h,0.8,2,0.652790313057229,0.8,0.5293922963236026,0.47480920826257694,0.5385192265694139,0.6849423511122233,0.6883756389346606,-16.254432915118734
parent_human_capital_complements,low h,0.8,2,0.6571291034994325,0.8,0.5294164386212223,0.47478527932904346,0.5384589037242915,0.6865321553079414,0.689973412057072,-16.22353327426855
parent_human_capital_complements,low h,0.8,2,0.6615505022621248,0.8,0.5291480277019984,0.4750515276472796,0.5391298821006885,0.6885033817136913,0.6919545192762994,-16.192260251603464
parent_human_capital_complements,low h,0.8,2,0.6660557863772645,0.8,0.5293732176755797,0.47482815438519704,0.5385669517548384,0.6898872616818025,0.6933453359716175,-16.160652027666924
parent_human_capital_complements,low h,0.8,2,0.6706462620469753,0.8,0.5293102463219732,0.47489061165468177,0.5387243584999057,0.6916479258828178,0.6951148255386669,-16.128797816405026
parent_human_capital_complements,low h,0.8,2,0.6753232652683625,0.8,0.5291668496925613,0.47503285817554664,0.5390828318688653,0.693530301282681,0.6970066363844872,-16.09663161943711
parent_human_capital_complements,low h,0.8,2,0.6800881624747613,0.8,0.5292651233022893,0.474935378534095,0.5388371690412624,0.6951330039198363,0.6986173726020426,-16.06412841078475
parent_human_capital_complements,low h,0.8,2,0.6849423511938463,0.8,0.5291183756160116,0.4750809512990324,0.5392040227481254,0.6970631797111707,0.7005572234397933,-16.03135691892161
parent_human_capital_complements,low h,0.8,2,0.6898872607230374,0.8,0.5290351660910798,0.4751635124610628,0.5394120647500472,0.6989358152702457,0.7024392456236704,-15.998312261077794
parent_human_capital_complements,low h,0.8,2,0.6949243528226603,0.8,0.5290928710940492,0.4751062776290406,0.5392678206810602,0.7006525051405542,0.7041645404377629,-15.964933953436642
parent_human_capital_complements,low h,0.8,2,0.7000551224273222,0.8,0.5289752355428261,0.47522298274488856,0.5395619143674455,0.7026119709277612,0.7061338280881015,-15.931309089223737
parent_human_capital_complements,low h,0.8,2,0.7052810983759861,0.8,0.5288833531067343,0.47531412627430947,0.5397916058200216,0.704560960933297,0.7080925874466949,-15.897356422170759
parent_human_capital_complements,low h,0.8,2,0.7106038441612367,0.8,0.5291132422142637,0.47508604955309003,0.5392168647100084,0.7061216029740962,0.7096610522382777,-15.863161002941807
parent_human_capital_complements,low h,0.8,2,0.7160249586982449,0.8,0.5287798779086044,0.4754167983999049,0.540050321272052,0.7084225653767381,0.7119735482629596,-15.828672174864469
parent_human_capital_complements,low h,0.8,2,0.7215460771139571,0.8,0.5288924503755428,0.4753051016781586,0.5397688633618329,0.7101750174933185,0.7137347845823293,-15.793853243188613
parent_human_capital_complements,low h,0.8,2,0.7271688715570458,0.8,0.5289436429555613,0.47525432380308946,0.5396408946347101,0.7120268769667241,0.7155959265399741,-15.758867766096143
parent_human_capital_complements,low h,0.8,2,0.7328950520291776,0.8,0.5287818495556644,0.47541482378770866,0.5400453640113512,0.7141753060521522,0.7177551246710078,-15.723526111736982
parent_human_capital_complements,low h,0.8,2,0.7387263672381705,0.8,0.5288677268856281,0.47532963237895404,0.5398306772713504,0.7160249587461084,0.7196140487876751,-15.687888697649878
parent_human_capital_complements,low h,0.8,2,0.7446646054736273,0.8,0.5287563261780867,0.4754401484484756,0.5401091782760085,0.7181524714351551,0.7217522256784543,-15.652104762934727
parent_human_capital_complements,low h,0.8,2,0.7507115955056528,0.8,0.5285879391443391,0.4756072023210232,0.540530150765048,0.7203770721530866,0.7239879772538882,-15.615978495724196
parent_human_capital_complements,low h,0.8,2,0.7568692075072764,0.8,0.5288768722355874,0.47532055764807424,0.5398078109283009,0.7220240238824671,0.7256431843631667,-15.579549816288877
parent_human_capital_complements,low h,0.8,2,0.7631393540012239,0.8,0.5287380951298913,0.475458222192318,0.5401547368248937,0.7242537825021261,0.7278841196944181,-15.542982270088554
parent_human_capital_complements,low h,0.8,2,0.7695239908317001,0.8,0.5283788088079304,0.47581465347048246,0.5410529472394392,0.726798231616453,0.7304413229130061,-15.50605192886021
parent_human_capital_complements,low h,0.8,2,0.7760251181618615,0.8,0.5287055401309133,0.47549052985938284,0.5402361410164738,0.7284564445889015,0.7321078477125685,-15.468891791996253
parent_human_capital_complements,low h,0.8,2,0.7826447814976824,0.8,0.5285235559484562,0.4756710738299104,0.5406911076823684,0.7308115534241185,0.7344747615799482,-15.431554339977648
parent_human_capital_complements,low h,0.8,2,0.7893850727389358,0.8,0.5285618733270814,0.47563306884241485,0.54059532676265,0.7328950519153683,0.736568703650846,-15.393846938691574
parent_human_capital_complements,low h,0.8,2,0.7962481312580323,0.8,0.5285786554127512,0.4756164110072163,0.5405533580301598,0.7350287217838111,0.7387130685840114,-15.356002772750717
parent_human_capital_complements,low h,0.8,2,0.8032361450074849,0.8,0.5283313134171412,0.4758617756149739,0.5411716913126994,0.7375405306955112,0.7412374679902762,-15.317872523002091
parent_human_capital_complements,low h,0.8,2,0.8103513516567865,0.8,0.5285201963470196,0.4756744098458914,0.5406995113399682,0.7394853422344254,0.7431920279375969,-15.279523649112985
parent_human_capital_complements,low h,0.8,2,0.8175960397595149,0.8,0.528394420822327,0.4757991843901759,0.5410139459756189,0.7418781376346052,0.7455968172746323,-15.240915601307437
parent_human_capital_complements,low h,0.8,2,0.8249725499515008,0.8,0.5281890869769019,0.4760028801771932,0.5415272678510143,0.7444027108424035,0.7481340449582958,-15.202080386225784
parent_human_capital_complements,low h,0.8,2,0.8324832761809209,0.8,0.5282758556528471,0.4759168005783809,0.5413103468216649,0.7465505617752038,0.7502926620386997,-15.163054726218117
parent_human_capital_complements,low h,0.8,2,0.8401306669712053,0.8,0.528342545937414,0.4758506380811831,0.5411436188413348,0.7487468004940901,0.7524999094499766,-15.123748385545394
parent_human_capital_complements,low h,0.8,2,0.8479172267176741,0.8,0.5283725888729306,0.47582082670552905,0.5410685011058293,0.7510147470499098,0.7547792241352153,-15.084237270161701
parent_human_capital_complements,low h,0.8,2,0.8558455170188431,0.8,0.5282166987496957,0.4759754839732546,0.5414582330178654,0.7535626492700268,0.7573398977683584,-15.04454409927025
parent_human_capital_complements,low h,0.8,2,0.8639181580433734,0.8,0.5280585089301757,0.47613242682751267,0.5418537204330236,0.7561373308981165,0.7599274850418152,-15.004558714340876
parent_human_capital_complements,low h,0.8,2,0.8721378299336601,0.8,0.5283124278096699,0.4758805164344938,0.5412189130392849,0.7581580493414672,0.7619583323785142,-14.964428193404526
parent_human_capital_complements,low h,0.8,2,0.8805072742470966,0.8,0.5279481812407629,0.47624187228617554,0.5421295296559345,0.7610678393737249,0.764882707794005,-14.924076057071545
parent_human_capital_complements,low h,0.8,2,0.88902929543607,0.8,0.5281954554052095,0.4759965773569636,0.5415113695585194,0.7631393552267995,0.7669646071635039,-14.883416314440428
parent_human_capital_complements,low h,0.8,2,0.8977067623677852,0.8,0.5280376235525789,0.4761531520311373,0.5419059423185008,0.7658049467113535,0.7696435599809767,-14.842742028007752
parent_human_capital_complements,low h,0.8,2,0.9065426098850453,0.8,0.5276952847229945,0.4764927844477705,0.5427618053620344,0.7687572230854725,0.7726106347020036,-14.801683905870622
parent_human_capital_complements,low h,0.8,2,0.9155398404091444,0.8,0.5281629123263267,0.47602885236982084,0.5415927124568425,0.7705758359828477,0.7744383634344623,-14.760535651867134
parent_human_capital_complements,low h,0.8,2,0.9247015255860773,0.8,0.5277511550742298,0.47643734013790234,0.5426221032142786,0.7736755630385991,0.7775536279367389,-14.719187507418768
parent_human_capital_complements,low h,0.8,2,0.9340308079772923,0.8,0.5278773249676569,0.476312166428567,0.5423066706723363,0.776025119651564,0.7799149617512366,-14.677543182438825
parent_human_capital_complements,low h,0.8,2,0.9435309027962627,0.8,0.5278716408921383,0.47631780654324934,0.5423208826012548,0.7785862912121896,0.7824889712377344,-14.63585697136809
parent_human_capital_complements,low h,0.8,2,0.9532050996921831,0.8,0.5276456021540461,0.47654207506640883,0.5428860153463642,0.781490699304919,0.7854079377366129,-14.593903391286304
parent_human_capital_complements,low h,0.8,2,0.9630567645821445,0.8,0.5276889931109954,0.4764989990772854,0.5427774934938603,0.78402546116935,0.7879554051477629,-14.551746628222855
parent_human_capital_complements,low h,0.8,2,0.9730893415331738,0.8,0.5277634548586889,0.4764251434344025,0.5425913620141276,0.7865358675548594,0.7904783949976452,-14.50947813570289
parent_human_capital_complements,low h,0.8,2,0.9833063546955787,0.8,0.5276228108147197,0.47656464966717704,0.5429429394820521,0.7893850734597441,0.7933418826065609,-14.466948559220292
parent_human_capital_complements,low h,0.8,2,0.9937114102890687,0.8,0.5276004549101067,0.4765868550562131,0.5429988699348877,0.7920825377604286,0.7960528680033201,-14.424293332105577
parent_human_capital_complements,low h,0.8,2,1.0043081986431819,0.8,0.5274562100776687,0.47672994837266724,0.5433594718618042,0.7949839466593421,0.7989688202748612,-14.381505173939852
parent_human_capital_complements,low h,0.8,2,1.0151004962935855,0.8,0.5275459044392075,0.476640966246374,0.5431352365253099,0.7975588544404503,0.801556634834933,-14.338478278269989
parent_human_capital_complements,low h,0.8,2,1.0260921681358672,0.8,0.5275372956287416,0.47664947893521875,0.5431567165213091,0.8003023405246961,0.8043138727004036,-14.295340040325438
parent_human_capital_complements,low h,0.8,2,1.037287169638491,0.8,0.5274174474740425,0.47676840973096196,0.5434563880391721,0.8032361448659288,0.8072623827970942,-14.251967121045823
parent_human_capital_complements,low h,0.8,2,1.0486895491166357,0.8,0.5273809962638444,0.47680456262042487,0.5435475024182382,0.8060668076067835,0.8101072342939833,-14.208559679980839
parent_human_capital_complements,low h,0.8,2,1.0603034500686892,0.8,0.527216457428407,0.47696780122389315,0.5439588580221196,0.8091153611846779,0.8131710688102778,-14.164880512564842
parent_human_capital_complements,low h,0.8,2,1.0721331135772334,0.8,0.5275252825231507,0.47666141646835264,0.5431867791769986,0.8114622055795946,0.815529676811678,-14.1211242250448
parent_human_capital_complements,low h,0.8,2,1.0841828807763967,0.8,0.5270558608665443,0.4771271091151378,0.544360328115544,0.8150256862547038,0.8191110195080032,-14.077186642875478
parent_human_capital_complements,low h,0.8,2,1.0964571953875313,0.8,0.5272465798938002,0.47693791413032177,0.5438835462712464,0.8175960391360043,0.8216942563367373,-14.033052508457509
parent_human_capital_complements,low h,0.8,2,1.1089606063252093,0.8,0.5271736127690994,0.47701029562716474,0.5440659542191737,0.8205954741135055,0.8247087260446296,-13.988918284941244
parent_human_capital_complements,low h,0.8,2,1.1216977703756155,0.8,0.5269558940407638,0.4772262840170094,0.5446102473929545,0.8238439917280926,0.827973526921522,-13.944484609636682
parent_human_capital_complements,low h,0.8,2,1.1346734549494641,0.8,0.5272527466737436,0.4769317937308932,0.543868125447367,0.8263095681108252,0.8304514620573035,-13.900034937246545
parent_human_capital_complements,low h,0.8,2,1.147892540911644,0.8,0.5270751551728712,0.47710798057171666,0.5443121114515646,0.8295412453059268,0.8336993381017563,-13.855411762514867
parent_human_capital_complements,low h,0.8,2,1.1613600254898573,0.8,0.5270955822714511,0.4770877013293894,0.5442610221385857,0.8324832752471583,0.8366561150294372,-13.810574105984806
parent_human_capital_complements,low h,0.8,2,1.1750810252645967,0.8,0.5269199526626582,0.47726192499916614,0.5447000779360811,0.8357592142772995,0.8399484747723011,-13.765770404125837
parent_human_capital_complements,low h,0.8,2,1.189060779242872,0.8,0.5267387285188856,0.4774417446882679,0.5451531894497754,0.8390685103052757,0.8432743587156475,-13.720746061463515
parent_human_capital_complements,low h,0.8,2,1.2033046520181812,0.8,0.5270418760011892,0.47714099130714926,0.5443953028552204,0.841622955120849,0.8458416077391429,-13.675605083911291
parent_human_capital_complements,low h,0.8,2,1.217818137019287,0.8,0.5268208810049255,0.4773602285539078,0.5449477845685833,0.8450419829528074,0.849277773519428,-13.630420034444832
parent_human_capital_complements,low h,0.8,2,1.2326068598504607,0.8,0.5268789021184623,0.4773026544634721,0.5448027114303076,0.848032610331467,0.852283391480206,-13.584967701932174
parent_human_capital_complements,low h,0.8,2,1.247676581725918,0.8,0.5269462878495714,0.4772358047091865,0.5446342488707185,0.8510285567175683,0.855294355110061,-13.53958478129557
parent_human_capital_complements,low h,0.8,2,1.2630332030012734,0.8,0.5264518714784328,0.47772631177867375,0.5458703119309221,0.8549671659092526,0.8592527066624759,-13.4939817292624
parent_human_capital_complements,low h,0.8,2,1.2786827668049243,0.8,0.5267832659180647,0.4773975321422769,0.5450418026810582,0.857573327149629,0.8618719313404325,-13.448281104889508
parent_human_capital_complements,low h,0.8,2,1.294631462772364,0.8,0.5265773167960226,0.4776018482087253,0.54555667769557,0.8610862967806637,0.8654025098050212,-13.40256941423851
parent_human_capital_complements,low h,0.8,2,1.31088563088653,0.8,0.5267949551449642,0.47738593823768694,0.5450125834704185,0.8639181597070227,0.8682485675033694,-13.356600438308188
parent_human_capital_complements,low h,0.8,2,1.3274517654273796,0.8,0.5267063068463655,0.4774738998878505,0.5452342297840644,0.8672809280245994,0.8716281917672835,-13.310695778255008
parent_human_capital_complements,low h,0.8,2,1.3443365190339982,0.8,0.5264281158362532,0.4777498687995858,0.5459296857887206,0.8709855874237914,0.8753514208489909,-13.2646078626915
parent_human_capital_complements,low h,0.8,2,1.3615467068826452,0.8,0.5265093646945722,0.4776692637375828,0.5457265620766529,0.874108172350657,0.8784896577979376,-13.218489780746319
parent_human_capital_complements,low h,0.8,2,1.3790893109842512,0.8,0.5263621069251834,0.4778153598509759,0.5460947171694923,0.8776391949150101,0.8820383796865495,-13.172250434269316
parent_human_capital_complements,low h,0.8,2,1.3969714846049992,0.8,0.5266165442034016,0.4775629550311721,0.5454586438037308,0.8805072747682634,0.8849208358498938,-13.125907526698612
parent_human_capital_complements,low h,0.8,2,1.4152005568137338,0.8,0.5261593253226583,0.4780165435353023,0.5466016885027188,0.8846148799331361,0.8890490304713375,-13.079547905555291
parent_human_capital_complements,low h,0.8,2,1.4337840371600625,0.8,0.5262733506429764,0.4779034211330038,0.5463166221101254,0.8877652680272051,0.8922152099514432,-13.033064781105669
parent_human_capital_complements,low h,0.8,2,1.4527296204871472,0.8,0.5262978891535868,0.4778790701521202,0.546255264916419,0.8910899031589911,0.8955565098861772,-12.986564040329533
parent_human_capital_complements,low h,0.8,2,1.4720451918832933,0.8,0.5261063652739163,0.47806907927831793,0.5467340825949006,0.8948120389487685,0.8992973029592424,-12.939901156060792
parent_human_capital_complements,low h,0.8,2,1.4917388317766058,0.8,0.5264004834534273,0.47777728351569343,0.5459987692223014,0.8977067623802183,0.9022065362522746,-12.893226018740787
parent_human_capital_complements,low h,0.8,2,1.5118188211770927,0.8,0.5261789257985467,0.47799708987550643,0.546552674093219,0.9015263661489276,0.9060452858645492,-12.846528155330272
parent_human_capital_complements,low h,0.8,2,1.5322936470707536,0.8,0.5260032617356087,0.47817135056962123,0.5469918203256585,0.9052893026130593,0.9098270841262,-12.799695637733944
parent_human_capital_complements,low h,0.8,2,1.5531720079703377,0.8,0.526101185386213,0.4780742189268438,0.5467470336311748,0.908588930232834,0.9131432511982471,-12.752877730278627
parent_human_capital_complements,low h,0.8,2,1.5744628196276003,0.8,0.5258466687003241,0.47832672774864227,0.5473833436556229,0.9125383883094794,0.9171125060158851,-12.7059898738415
parent_human_capital_complements,low h,0.8,2,1.5961752209120554,0.8,0.526132931114646,0.478042735173069,0.5466676844670343,0.9155398406406041,0.9201290031894279,-12.658944369287262
parent_human_capital_complements,low h,0.8,2,1.618318579861377,0.8,0.5259996794458575,0.4781749120701126,0.5470007876041527,0.9193155576396732,0.9239236460487141,-12.612049281883678
parent_human_capital_complements,low h,0.8,2,1.6409024999087747,0.8,0.5255046850658067,0.4786659707721331,0.5482382627416584,0.923771728097051,0.9284021531534625,-12.564928479221738
parent_human_capital_complements,low h,0.8,2,1.6639368262928396,0.8,0.5261187908858289,0.4780567496511526,0.5467030145867138,0.9262303001922673,0.9308730488925904,-12.517852015495011
parent_human_capital_complements,low h,0.8,2,1.6874316526555453,0.8,0.5256642916163565,0.47850762511962214,0.5478392375645122,0.9306616350551689,0.9353265959139271,-12.47079658752019
parent_human_capital_complements,low h,0.8,2,1.7113973278342638,0.8,0.5256963195723542,0.478475862014071,0.5477591837929211,0.9342227352565401,0.9389055462043402,-12.423479512168864
parent_human_capital_complements,low h,0.8,2,1.7358444628538618,0.8,0.5257878827418223,0.47838503486076445,0.5475302899676537,0.9376926320234036,0.9423928359011275,-12.376440970254485
parent_human_capital_complements,low h,0.8,2,1.7607839381251333,0.8,0.5252992312549425,0.47886979074255526,0.5487518923478012,0.9422639032084819,0.9469870206783751,-12.329162046720075
parent_human_capital_complements,low h,0.8,2,1.7862269108560356,0.8,0.5259595621660291,0.4782147419032112,0.5471011275916262,0.9447080115296693,0.9494433801435052,-12.281895082364105
parent_human_capital_complements,low h,0.8,2,1.8121848226824113,0.8,0.5254272436875057,0.4787427948885058,0.5484318621839152,0.9494101137257456,0.9541690517249223,-12.23470672849947
parent_human_capital_complements,low h,0.8,2,1.8386694075250942,0.8,0.5253888305618865,0.4787809180200347,0.5485279174844061,0.9532050996593293,0.9579830601046591,-12.187311586101279
parent_human_capital_complements,low h,0.8,2,1.8656926996805347,0.8,0.5256045741356378,0.47856687595830893,0.5479885423133254,0.956535577730421,0.961330232266554,-12.140098748806299
parent_human_capital_complements,low h,0.8,2,1.8932670421523103,0.8,0.5253839894801853,0.47878571841014705,0.5485400167559573,0.9607180480647861,0.965533667320714,-12.092748597502547
parent_human_capital_complements,low h,0.8,2,1.921405095231136,0.8,0.5254667263458761,0.47870362506006536,0.5483331547449428,0.9643394736941433,0.9691732454215791,-12.045413909124974
parent_human_capital_complements,low h,0.8,2,1.9501198453312445,0.8,0.5252857733912324,0.47888315935801934,0.5487855635580929,0.9684896794268381,0.9733442541470797,-11.99811647341576
parent_human_capital_complements,low h,0.8,2,1.979424614091259,0.8,0.5250333920134254,0.47913352425721145,0.5494164966634785,0.9728017226089163,0.9776779115355547,-11.950728435380611
parent_human_capital_complements,low h,0.8,2,2.009333067747975,0.8,0.525153379929503,0.47901450090062325,0.5491165454322395,0.9764089491899255,0.981303219415046,-11.903408780936998
parent_human_capital_complements,low h,0.8,2,2.0398592267917226,0.8,0.5252267124571002,0.47894173438076815,0.5489331899266212,0.9801242770417511,0.9850371704252284,-11.856091846187372
parent_human_capital_complements,low h,0.8,2,2.071017475912293,0.8,0.5253088799438324,0.4788602269866686,0.5487277832600106,0.9838392716112683,0.9887707864825177,-11.808718076601597
parent_human_capital_complements,low h,0.8,2,2.1028225742447084,0.8,0.5251385335506843,0.47902923966013256,0.5491536768154363,0.9880741377213996,0.9930268799473629,-11.761376163950786
parent_human_capital_complements,low h,0.8,2,2.135289665924415,0.8,0.524922180636209,0.47924385790593205,0.5496945325175604,0.9924230957762967,0.9973976372452269,-11.714096718357888
parent_human_capital_complements,low h,0.8,2,2.168434290961828,0.8,0.5249735206616399,0.47919291882312004,0.5495661725989176,0.996256506414681,1.001250262934399,-11.666786530609055
parent_human_capital_complements,low h,0.8,2,2.2022723964464688,0.8,0.525098770567076,0.4790686676272912,0.5492530548853884,0.999957427167596,1.0049697346297866,-11.61949328506507
parent_human_capital_complements,low h,0.8,2,2.23682034809129,0.8,0.5249122127940391,0.479253738037933,0.5497194391193156,1.0043081995250924,1.0093423153244796,-11.572185269219734
parent_human_capital_complements,low h,0.8,2,2.2720949421281498,0.8,0.5249411281569525,0.47922508713309353,0.5496472035882849,1.008240310123938,1.0132941357097234,-11.524974487012056
parent_human_capital_complements,low h,0.8,2,2.308113417565749,0.8,0.5248093331759982,0.479355822538305,0.5499766705019189,1.0125201038090137,1.017595381949919,-11.477752847286801
parent_human_capital_complements,low h,0.8,2,2.344893468821764,0.8,0.5248669931057658,0.4792986132894711,0.5498325101879146,1.0164287922868345,1.021523662810268,-11.430528800680381
parent_human_capital_complements,low h,0.8,2,2.382453258741261,0.8,0.5246581720813575,0.4795057763468936,0.5503545617551457,1.020907747086149,1.0260250684639425,-11.383407194063082
parent_human_capital_complements,low h,0.8,2,2.4208114320139376,0.8,0.5244922931469858,0.4796703295579,0.5507692451445592,1.0253189249408934,1.0304583574396984,-11.336204960911871
parent_human_capital_complements,low h,0.8,2,2.4599871290031343,0.8,0.5248948366444219,0.4792709818291137,0.5497628878811982,1.0285567090136605,1.0337123709726683,-11.289155458540376
parent_human_capital_complements,low h,0.8,2,2.5,0.8,0.5243477197578461,0.47981375673098975,0.5511306804194105,1.0338089213796617,1.0389909101627122,-11.242088091968323
parent_human_capital_complements,low h,0.8,3,0.5,0.8,0.47759189372933375,0.5673986447373888,0.8120202619557821,0.7350844522155479,0.7387690783656998,-17.807911580786072
parent_human_capital_complements,low h,0.8,3,0.5000203210855501,0.8,0.4775912985726478,0.567399177857753,0.8120217399597909,0.7350971011663341,0.7387817907196157,-17.80729424160448
parent_human_capital_complements,low h,0.8,3,0.5000812892976928,0.8,0.4775895207847126,0.567400780557328,0.8120261718182223,0.7351350479944602,0.7388199277570092,-17.805442258779312
parent_human_capital_complements,low h,0.8,3,0.5001829195049198,0.8,0.47758656414552747,0.5674034636396701,0.8120335716417661,0.7351982988913404,0.7388834957003294,-17.802355736469984
parent_human_capital_complements,low h,0.8,3,0.5003252364947652,0.8,0.4775824265984898,0.5674072146319818,0.812043920832072,0.7352868513510535,0.738972492031094,-17.79803484826954
parent_human_capital_complements,low h,0.8,3,0.5005082749838822,0.8,0.4775770996571369,0.5674120335342631,0.8120572278756026,0.7354007123773412,0.739086923788151,-17.792479837204365
parent_human_capital_complements,low h,0.8,3,0.500732079632158,0.8,0.47757061466812956,0.5674179274175333,0.8120734731353054,0.7355398816678087,0.73922679066759,-17.785691015723803
parent_human_capital_complements,low h,0.8,3,0.5009967050608752,0.8,0.47756291119497696,0.5674248919116625,0.8120927098107359,0.7357043823740256,0.7393921159370282,-17.777668765699495
parent_human_capital_complements,low h,0.8,3,0.5013022158749305,0.8,0.4775540532066431,0.567432924315761,0.8121148694602569,0.7358942018390441,0.7395828868760745,-17.768413538401095
parent_human_capital_complements,low h,0.8,3,0.5016486866891229,0.8,0.4775440117493972,0.5674420246298292,0.8121399810376,0.7361093583419487,0.7397991218554382,-17.757925854500485
parent_human_capital_complements,low h,0.8,3,0.502036202158526,0.8,0.4775327743734331,0.5674521841136063,0.8121680425186989,0.7363498619778173,0.7400408310207982,-17.746206304048762
parent_human_capital_complements,low h,0.8,3,0.502464857012963,0.8,0.47752037501439903,0.5674634229485028,0.8121990533883217,0.7366157245554278,0.7403080262401247,-17.733255546463088
parent_human_capital_complements,low h,0.8,3,0.5029347560956027,0.8,0.47750679316111455,0.5674757323942577,0.8122330196837764,0.7369069611365604,0.7406007226506952,-17.71907431050969
parent_human_capital_complements,low h,0.8,3,0.5034460144056994,0.8,0.4774920190025016,0.5674891026789632,0.8122699350338616,0.7372235842449524,0.7409189328390225,-17.703663394283343
parent_human_capital_complements,low h,0.8,3,0.5039987571454999,0.8,0.4774760865176484,0.5675035435745273,0.8123097816417686,0.7375656041541816,0.7412626671301812,-17.687023665186267
parent_human_capital_complements,low h,0.8,3,0.5045931197713469,0.8,0.47745896457162673,0.5675190453090415,0.8123525744601461,0.7379330423886058,0.7416319471564199,-17.66915605990841
parent_human_capital_complements,low h,0.8,3,0.5052292480490046,0.8,0.47744068468290535,0.5675356132842841,0.8123982909158691,0.7383259102365519,0.742026784262649,-17.650061584397406
parent_human_capital_complements,low h,0.8,3,0.5059072981132409,0.8,0.4774212054767262,0.5675532508387375,0.812446977912223,0.7387442414907552,0.7424472124109902,-17.62974131383952
parent_human_capital_complements,low h,0.8,3,0.5066274365316988,0.8,0.47740057644204537,0.5675719502637893,0.8124985731947897,0.7391880377527501,0.7428932332110056,-17.60819639261799
parent_human_capital_complements,low h,0.8,3,0.507389840373095,0.8,0.4773787542601511,0.5675916947165112,0.8125530921903912,0.7396573256330558,0.7433648734066002,-17.585428034295838
parent_human_capital_complements,low h,0.8,3,0.5081946972797818,0.8,0.4773557666610132,0.5676125228904826,0.8126105712456259,0.740152139407449,0.7438621674453592,-17.561437521579062
parent_human_capital_complements,low h,0.8,3,0.5090422055447187,0.8,0.47733162453803324,0.567634391721994,0.8126709281535889,0.7406724781731544,0.7443851144199817,-17.53622620627191
parent_human_capital_complements,low h,0.8,3,0.5099325741928927,0.8,0.47730630507964067,0.5676573328336054,0.8127342380928098,0.7412183905754856,0.7449337632196168,-17.50979550926012
parent_human_capital_complements,low h,0.8,3,0.5108660230672385,0.8,0.47727981431934596,0.567681324374665,0.8128004588450992,0.7417898904063143,0.7455081277052689,-17.48214692045229
parent_human_capital_complements,low h,0.8,3,0.5118427829191048,0.8,0.4772521515493291,0.5677063696836557,0.8128695966468047,0.7423870075530605,0.7461082379141686,-17.45328199875121
parent_human_capital_complements,low h,0.8,3,0.5128630955033207,0.8,0.47722333493106195,0.5677324687605774,0.8129416333364541,0.7430097655853346,0.7467341175340698,-17.423202372005555
parent_human_capital_complements,low h,0.8,3,0.5139272136779165,0.8,0.47719336339211527,0.5677596226370776,0.8130165716948852,0.7436581957161686,0.7473857979344606,-17.391909736968323
parent_human_capital_complements,low h,0.8,3,0.5150354015085564,0.8,0.47716222339876035,0.5677878356832871,0.8130944324927628,0.7443323359178138,0.7480633172779285,-17.35940585924945
parent_human_capital_complements,low h,0.8,3,0.5161879343777439,0.8,0.4771299275533991,0.5678170883553886,0.8131751707631243,0.7450322050240099,0.7487666944926183,-17.325692573260444
parent_human_capital_complements,low h,0.8,3,0.5173850990988615,0.8,0.47709646765942904,0.5678473931261796,0.8132588153575243,0.7457578458675296,0.7494959726260028,-17.290771782173117
parent_human_capital_complements,low h,0.8,3,0.5186271940351138,0.8,0.47706185869208595,0.5678787385545108,0.8133453323541838,0.7465092830132609,0.7502511763661015,-17.25464545785592
parent_human_capital_complements,low h,0.8,3,0.5199145292234401,0.8,0.47702610225811604,0.567911140451662,0.8134347463298363,0.7472865603215568,0.7510323497931187,-17.217315640826754
parent_human_capital_complements,low h,0.8,3,0.5212474265034702,0.8,0.4769891746085473,0.5679445688643145,0.8135270314307577,0.7480897071573878,0.7518395224192176,-17.178784440186963
parent_human_capital_complements,low h,0.8,3,0.5226262196515982,0.8,0.4769511186689612,0.5679790510448979,0.8136221898613896,0.7489187627399333,0.7526727336601641,-17.13905403356639
parent_human_capital_complements,low h,0.8,3,0.5240512545202515,0.8,0.47691191429056823,0.5680145651427606,0.8137202055858432,0.7497737617443709,0.7535320183649463,-17.09812666705712
parent_human_capital_complements,low h,0.8,3,0.5255228891824385,0.8,0.47687155471755815,0.5680511101262551,0.8138210836515203,0.7506547465442621,0.7544174191195236,-17.056004655151156
parent_human_capital_complements,low h,0.8,3,0.5270414940816569,0.8,0.4768300667097133,0.5680887018066609,0.8139248234821171,0.7515617588912776,0.7553289778848483,-17.012690380670655
parent_human_capital_complements,low h,0.8,3,0.5286074521872524,0.8,0.4767874351626825,0.5681273227034573,0.8140314112342427,0.7524948374979652,0.7562667335675154,-16.968186294697283
parent_human_capital_complements,low h,0.8,3,0.5302211591553182,0.8,0.4767436497576243,0.568166972816644,0.8141408572267379,0.7534540297502291,0.757230733790952,-16.922494916502213
parent_human_capital_complements,low h,0.8,3,0.5318830234952302,0.8,0.4766987418460207,0.5682076538154622,0.8142531328723848,0.7544393719215666,0.758221015010477,-16.875618833466433
parent_human_capital_complements,low h,0.8,3,0.5335934667419154,0.8,0.47665271765663486,0.568249364030671,0.8143682291781562,0.7554509074948231,0.7592376209268945,-16.827560701007158
parent_human_capital_complements,low h,0.8,3,0.5353529236339561,0.8,0.4766055351313956,0.5682920839184531,0.8144861558375627,0.756488686915979,0.7602806022390464,-16.778323242497468
parent_human_capital_complements,low h,0.8,3,0.537161842297634,0.8,0.47655723643027903,0.5683358357235146,0.8146069075278612,0.7575527569799236,0.7613500059763824,-16.727909249180662
parent_human_capital_complements,low h,0.8,3,0.5390206844370244,0.8,0.47650780537502613,0.5683806042721692,0.8147304752996861,0.7586431643870999,0.7624458790734324,-16.676321580085563
parent_human_capital_complements,low h,0.8,3,0.5409299255302531,0.8,0.47645725445588283,0.5684263878951752,0.8148568438985272,0.7597599548725004,0.7635682674944364,-16.623563161937568
parent_human_capital_complements,low h,0.8,3,0.5428900550320312,0.8,0.47640560264648446,0.5684731795215137,0.8149859826411421,0.7609031702749732,0.7647172132879609,-16.569636989066904
parent_human_capital_complements,low h,0.8,3,0.5449015765825912,0.8,0.4763528198454654,0.5685209845529626,0.8151179305742406,0.7620728756034151,0.7658927817887611,-16.514546123320713
parent_human_capital_complements,low h,0.8,3,0.5469650082231464,0.8,0.476298926387161,0.5685698106981347,0.81525268012895,0.7632691221074628,0.7670950245033632,-16.458293693957458
parent_human_capital_complements,low h,0.8,3,0.5490808826180046,0.8,0.4762439210506073,0.5686196317362482,0.8153901891046196,0.7644919509552751,0.7683239828062827,-16.400882897547895
parent_human_capital_complements,low h,0.8,3,0.5512497472834679,0.8,0.47618782831692386,0.5686704624469352,0.8155304574952007,0.7657414177272964,0.7695797125565619,-16.342316997877916
parent_human_capital_complements,low h,0.8,3,0.5534721648236569,0.8,0.4761305963004534,0.5687222809795445,0.815673501001672,0.7670175840341431,0.7708622756736416,-16.282599325840504
parent_human_capital_complements,low h,0.8,3,0.5557487131734017,0.8,0.4760722838057344,0.5687750960743361,0.8158192752933661,0.768320493185244,0.7721717156840404,-16.22173327932129
parent_human_capital_complements,low h,0.8,3,0.5580799858483445,0.8,0.47601288461248437,0.5688289235425905,0.8159678127740456,0.7696502140773305,0.7735081018298356,-16.159722323096407
parent_human_capital_complements,low h,0.8,3,0.5604665922024078,0.8,0.47595236082857406,0.5688837203205979,0.8161190800223359,0.7710067953712081,0.7748714830157462,-16.09656998870671
parent_human_capital_complements,low h,0.8,3,0.5629091576927818,0.8,0.47589076559653154,0.5689395180309185,0.8162730762626694,0.7723902971436412,0.7762619196196727,-16.032279874346447
parent_human_capital_complements,low h,0.8,3,0.5654083241525933,0.8,0.47582808782916586,0.5689962981613828,0.816429781926084,0.7738007742889377,0.7776794668110817,-15.966855644737677
parent_human_capital_complements,low h,0.8,3,0.5679647500714233,0.8,0.47576431038647193,0.569054050302489,0.8165891969144496,0.7752382888872339,0.7791241869812875,-15.900301031007826
parent_human_capital_complements,low h,0.8,3,0.5705791108838415,0.8,0.47569947052636075,0.5691127936040002,0.8167513156818637,0.776702902134246,0.7805961416327513,-15.83261983055942
parent_human_capital_complements,low h,0.8,3,0.5732520992661372,0.8,0.4756335475555682,0.5691725035143751,0.816916118264237,0.7781946713725936,0.7820953883955234,-15.76381590693726
parent_human_capital_complements,low h,0.8,3,0.5759844254414287,0.8,0.47556655206254794,0.5692331898055225,0.8170836102553972,0.7797136631230299,0.7836219941237941,-15.693893189695865
parent_human_capital_complements,low h,0.8,3,0.578776817493336,0.8,0.47549849138304423,0.5692948400046449,0.8172537636646477,0.7812599337360869,0.7851760154505534,-15.62285567425604
parent_human_capital_complements,low h,0.8,3,0.5816300216884137,0.8,0.4754293727218766,0.569357449741612,0.8174265640502327,0.7828335447663008,0.7867575142388809,-15.550707421765633
parent_human_capital_complements,low h,0.8,3,0.5845448028075416,0.8,0.4753591783141282,0.5694210304575733,0.8176020481236133,0.7844345754300448,0.7883665701022233,-15.477452558955909
parent_human_capital_complements,low h,0.8,3,0.5875219444864789,0.8,0.4752879382061238,0.5694855549000993,0.8177801407084407,0.7860630688173844,0.7900032263466363,-15.403095277979242
parent_human_capital_complements,low h,0.8,3,0.5905622495657936,0.8,0.4752156378691754,0.5695510459514894,0.8179608942264911,0.7877191109061908,0.791667569380957,-15.327639836273061
parent_human_capital_complements,low h,0.8,3,0.5936665404503856,0.8,0.4751422900699689,0.5696174850995743,0.8181442652549262,0.7894027567160198,0.7933596545005276,-15.251090556385332
parent_human_capital_complements,low h,0.8,3,0.5968356594788269,0.8,0.4750679152757318,0.5696848609032048,0.8183302143799753,0.7911140631982182,0.7950795389421649,-15.173451825820226
parent_human_capital_complements,low h,0.8,3,0.600070469302753,0.8,0.4749924711533027,0.5697531891736605,0.818518810118279,0.7928531240165286,0.7968273168391028,-15.094728096880287
parent_human_capital_complements,low h,0.8,3,0.6033718532765401,0.8,0.47491600118574784,0.5698224540996615,0.8187099828032915,0.794619987415888,0.7986030366781072,-15.014923886478115
parent_human_capital_complements,low h,0.8,3,0.6067407158575169,0.8,0.474838518203462,0.5698926469409475,0.8189037051307471,0.7964147163332821,0.8004067617116367,-14.934043775975972
parent_human_capital_complements,low h,0.8,3,0.6101779830169621,0.8,0.4747599866088973,0.5699637754061306,0.819100025463655,0.7982373998166302,0.8022385814339653,-14.852092411010517
parent_human_capital_complements,low h,0.8,3,0.6136846026621482,0.8,0.47468043868071463,0.5700358274164685,0.8192988915209571,0.8000880936804138,0.8040985519393453,-14.769074501296792
parent_human_capital_complements,low h,0.8,3,0.6172615450697004,0.8,0.4745998790360213,0.5701087904991633,0.8195002780305929,0.801966863338703,0.8059867389697368,-14.68499482045156
parent_human_capital_complements,low h,0.8,3,0.6209098033305457,0.8,0.4745183036169369,0.5701826919066448,0.819704234180467,0.8038738000749557,0.8079032342661575,-14.59985820580583
parent_human_capital_complements,low h,0.8,3,0.6246303938067362,0.8,0.4744357215404085,0.5702574912760923,0.8199106840128003,0.8058089532154317,0.8098480874021161,-14.513669558194252
parent_human_capital_complements,low h,0.8,3,0.6284243566004422,0.8,0.4743521323546611,0.5703332060880271,0.8201196569271116,0.8077724084445098,0.8118213844914864,-14.426433841772806
parent_human_capital_complements,low h,0.8,3,0.6322927560354111,0.8,0.47426755809835086,0.5704098249012997,0.8203311119382013,0.8097642279269779,0.8138231880106587,-14.338156083800854
parent_human_capital_complements,low h,0.8,3,0.6362366811512086,0.8,0.4741819703599428,0.5704873416765383,0.8205450674564045,0.8117844946589831,0.8158535813717995,-14.248841374441987
parent_human_capital_complements,low h,0.8,3,0.6402572462105554,0.8,0.47409539710148785,0.5705657553820951,0.8207614938112615,0.8138332755913426,0.8179126318613189,-14.158494866541975
parent_human_capital_complements,low h,0.8,3,0.6443555912200942,0.8,0.4740078449233287,0.5706450643487291,0.8209803816381667,0.8159106450732896,0.8200004142011269,-14.067121775415366
parent_human_capital_complements,low h,0.8,3,0.6485328824649206,0.8,0.4739193139983009,0.570725250064271,0.8212017001081318,0.8180166703993932,0.8221169960231081,-13.974727378618953
parent_human_capital_complements,low h,0.8,3,0.652790313057229,0.8,0.4738298091613027,0.5708063283400009,0.8214254705697388,0.8201514373820133,0.8242624635697584,-13.88131701572896
parent_human_capital_complements,low h,0.8,3,0.6571291034994325,0.8,0.4737393260665551,0.570888286065528,0.8216516756579592,0.822315018776954,0.8264368899615722,-13.786896088100915
parent_human_capital_complements,low h,0.8,3,0.6615505022621248,0.8,0.47364788647740486,0.570971112437296,0.8218802757187574,0.8245074798111464,0.8286403407524321,-13.691470058632468
parent_human_capital_complements,low h,0.8,3,0.6660557863772645,0.8,0.4735554864668481,0.5710547953765618,0.8221112546767382,0.8267288942037416,0.8308728900310074,-13.595044451523473
parent_human_capital_complements,low h,0.8,3,0.6706462620469753,0.8,0.47346214742247295,0.5711393594348659,0.822344631801665,0.8289793484423142,0.8331346247183942,-13.497624852028327
parent_human_capital_complements,low h,0.8,3,0.6753232652683625,0.8,0.4733678430186352,0.5712247746588898,0.8225803838164862,0.8312589143056575,0.8354256169531777,-13.399216906196088
parent_human_capital_complements,low h,0.8,3,0.6800881624747613,0.8,0.4732725951467541,0.5713110383477442,0.8228184843571104,0.8335676626428853,0.8377459379396048,-13.299826320614184
parent_human_capital_complements,low h,0.8,3,0.6849423511938463,0.8,0.4731764181289244,0.5713981559032073,0.8230589280467868,0.8359056719355092,0.8400956665525776,-13.199458862145924
parent_human_capital_complements,low h,0.8,3,0.6898872607230374,0.8,0.4730793302163685,0.5714861158841298,0.8233016776877504,0.8382730094453499,0.8424748703910677,-13.098120357656143
parent_human_capital_complements,low h,0.8,3,0.6949243528226603,0.8,0.4729813006180318,0.5715749128887331,0.8235467551257102,0.8406697637146154,0.8448836384411026,-12.99581669374295
parent_human_capital_complements,low h,0.8,3,0.7000551224273222,0.8,0.4728823415645822,0.5716645381767569,0.823794133656127,0.8430960060191234,0.8473220423357719,-12.892553816448078
parent_human_capital_complements,low h,0.8,3,0.7052810983759861,0.8,0.47278247318711775,0.5717550004884615,0.8240438076217744,0.8455518152779574,0.8497901613897427,-12.788337730975499
parent_human_capital_complements,low h,0.8,3,0.7106038441612367,0.8,0.47268170953928135,0.5718462796424371,0.8242957295485943,0.8480372552674275,0.8522880596990048,-12.683174501394003
parent_human_capital_complements,low h,0.8,3,0.7160249586982449,0.8,0.47258002460659254,0.5719383756386833,0.8245499254510671,0.8505524164584807,0.8548158281879928,-12.577070250348001
parent_human_capital_complements,low h,0.8,3,0.7215460771139571,0.8,0.47247746128165446,0.5720312874455524,0.8248063507281802,0.8530973636094957,0.8573735319396883,-12.470031158741897
parent_human_capital_complements,low h,0.8,3,0.7271688715570458,0.8,0.4723740010645555,0.5721250029843014,0.8250650038774475,0.8556721771333233,0.8599612517700133,-12.362063465439007
parent_human_capital_complements,low h,0.8,3,0.7328950520291776,0.8,0.47226964883132116,0.5722195185223933,0.8253258738417621,0.8582769338965827,0.862579064930882,-12.253173466941256
parent_human_capital_complements,low h,0.8,3,0.7387263672381705,0.8,0.4721644247246397,0.572314829689698,0.8255889332415003,0.8609117046096867,0.8652270424871454,-12.143367517066457
parent_human_capital_complements,low h,0.8,3,0.7446646054736273,0.8,0.47205832282670523,0.5724109260767136,0.8258541707563325,0.8635765657419499,0.8679052612914213,-12.032652026622625
parent_human_capital_complements,low h,0.8,3,0.7507115955056528,0.8,0.4719513737240698,0.5725078153920528,0.8261215685651696,0.866271591164835,0.8706137955854554,-11.92103346307157
parent_human_capital_complements,low h,0.8,3,0.7568692075072764,0.8,0.4718435494074371,0.5726054774543055,0.8263911212568926,0.8689968591721757,0.8733527240555302,-11.808518350189726
parent_human_capital_complements,low h,0.8,3,0.7631393540012239,0.8,0.47173486343457594,0.5727039193344907,0.8266628269833407,0.8717524492027223,0.876122126538585,-11.695113267720318
parent_human_capital_complements,low h,0.8,3,0.7695239908317001,0.8,0.4716253525758729,0.57280312689057,0.8269366255549109,0.8745384184015785,0.878922060466164,-11.580824851014818
parent_human_capital_complements,low h,0.8,3,0.7760251181618615,0.8,0.4715149917749939,0.5729030886813937,0.827212523081394,0.8773548485117325,0.8817526079909942,-11.465659790683095
parent_human_capital_complements,low h,0.8,3,0.7826447814976824,0.8,0.47140378815449724,0.5730038101087402,0.8274905213855765,0.8802018194073935,0.8846138493876559,-11.349624832221217
parent_human_capital_complements,low h,0.8,3,0.7893850727389358,0.8,0.4712917719181603,0.5731052759989224,0.8277705651360551,0.8830793887709192,0.8875058426276405,-11.23272677563406
parent_human_capital_complements,low h,0.8,3,0.7962481312580323,0.8,0.47117893431065094,0.5732074873835885,0.8280526647965716,0.885987638912132,0.8904286704333505,-11.114972475065649
parent_human_capital_complements,low h,0.8,3,0.8032361450074849,0.8,0.4710652697610269,0.5733104301206997,0.8283368025188518,0.8889266408920794,0.8933824042220283,-10.99636883840499
parent_human_capital_complements,low h,0.8,3,0.8103513516567865,0.8,0.47095081027245145,0.5734141243916661,0.8286229797201475,0.8918964727199233,0.8963671223938582,-10.876922826896742
parent_human_capital_complements,low h,0.8,3,0.8175960397595149,0.8,0.4708355356960314,0.5735185271327784,0.8289111452358495,0.8948971914793764,0.8993828823186861,-10.756641454735487
parent_human_capital_complements,low h,0.8,3,0.8249725499515008,0.8,0.47071948678544184,0.5736236541553164,0.8292012844957619,0.8979288677501732,0.9024297549300294,-10.635531788665833
parent_human_capital_complements,low h,0.8,3,0.8324832761809209,0.8,0.4706026316139932,0.5737295010891499,0.829493422189639,0.9009915869167,0.905507826040265,-10.513600947569037
parent_human_capital_complements,low h,0.8,3,0.8401306669712053,0.8,0.47048500618758826,0.5738360396502012,0.8297874754731449,0.9040853915298075,0.9086171384135305,-10.390856102029847
parent_human_capital_complements,low h,0.8,3,0.8479172267176741,0.8,0.4703666082866327,0.573943277941138,0.8300834599838918,0.907210362009794,0.911757772873233,-10.267304473925696
parent_human_capital_complements,low h,0.8,3,0.8558455170188431,0.8,0.4702474366511531,0.5740512307415919,0.8303814014569231,0.9103665822613389,0.9149298137446255,-10.142953335984277
parent_human_capital_complements,low h,0.8,3,0.8639181580433734,0.8,0.47012751192058744,0.5741598549878538,0.8306812079392984,0.9135540886331925,0.9181332975586575,-10.017810011330834
parent_human_capital_complements,low h,0.8,3,0.8721378299336601,0.8,0.47000683242999974,0.5742691664912033,0.8309829072794328,0.9167729642219986,0.9213683078284963,-9.891881873058345
parent_human_capital_complements,low h,0.8,3,0.8805072742470966,0.8,0.4698854140315638,0.5743791494403607,0.8312864574416734,0.9200232633686697,0.9246348991674395,-9.765176343754995
parent_human_capital_complements,low h,0.8,3,0.88902929543607,0.8,0.4697632460588582,0.5744898038353258,0.8315918690924412,0.9233050606658999,0.9279331465420783,-9.637700895050543
parent_human_capital_complements,low h,0.8,3,0.8977067623677852,0.8,0.46964036464922154,0.5746011226050793,0.8318990943847897,0.9266184061237047,0.9312631002131047,-9.50946304713544
parent_human_capital_complements,low h,0.8,3,0.9065426098850453,0.8,0.46951673640631053,0.5747130916075827,0.8322081432958462,0.9299633721596767,0.9346248329611061,-9.380470368291892
parent_human_capital_complements,low h,0.8,3,0.9155398404091444,0.8,0.46939241140022636,0.5748257108428356,0.8325189657555092,0.9333400056738674,0.9380183919212212,-9.250730474397571
parent_human_capital_complements,low h,0.8,3,0.9247015255860773,0.8,0.4692673744091308,0.5749389699013366,0.8328315597474826,0.9367483720500298,0.9414438428049406,-9.12025102844099
parent_human_capital_complements,low h,0.8,3,0.9340308079772923,0.8,0.46914163319312985,0.5750528650505484,0.8331459113305782,0.9401885306992803,0.9449012453211801,-8.989039740015084
parent_human_capital_complements,low h,0.8,3,0.9435309027962627,0.8,0.4690151962811805,0.5751673946212302,0.8334620092115766,0.9436605409726824,0.9483906591185015,-8.857104364809462
parent_human_capital_complements,low h,0.8,3,0.9532050996921831,0.8,0.4688880759676688,0.5752825384319715,0.8337798076756759,0.9471644466326765,0.9519121281787059,-8.724452704090789
parent_human_capital_complements,low h,0.8,3,0.9630567645821445,0.8,0.46876027247336194,0.575398304191385,0.8340993192675716,0.9507003144307021,0.9554657195878253,-8.591092604186317
parent_human_capital_complements,low h,0.8,3,0.9730893415331738,0.8,0.4686318026275941,0.5755146700488196,0.834420490973251,0.9542681823392627,0.9590514715087008,-8.45703195594153
parent_human_capital_complements,low h,0.8,3,0.9833063546955787,0.8,0.46850266560325404,0.5756316430752942,0.8347433353294331,0.9578681144912988,0.9626694483957416,-8.322278694191473
parent_human_capital_complements,low h,0.8,3,0.9937114102890687,0.8,0.46837286653208676,0.5757492107980116,0.8350678265494202,0.9615001575005652,0.9663196970963542,-8.18684079720462
parent_human_capital_complements,low h,0.8,3,1.0043081986431819,0.8,0.4682424280862765,0.5758673574056916,0.8353939157775487,0.9651643465645791,0.9700022529844841,-8.050726286128784
parent_human_capital_complements,low h,0.8,3,1.0151004962935855,0.8,0.4681113449425165,0.5759860883001127,0.83572161728247,0.9688607422818809,0.9737171769624238,-7.913943224435444
parent_human_capital_complements,low h,0.8,3,1.0260921681358672,0.8,0.467979649207225,0.5761054024496269,0.8360508972493572,0.972589383151709,0.9774645077223889,-7.776499717339364
parent_human_capital_complements,low h,0.8,3,1.037287169638491,0.8,0.46784729427494764,0.5762252699009154,0.8363817526809683,0.9763503193221329,0.981244295663818,-7.638403911226423
parent_human_capital_complements,low h,0.8,3,1.0486895491166357,0.8,0.4677143400927175,0.5763457004258867,0.8367141398125508,0.980143581598548,0.9850565717465187,-7.499663993060785
parent_human_capital_complements,low h,0.8,3,1.0603034500686892,0.8,0.46758077959095723,0.576466678213261,0.8370480395302031,0.9839692096750868,0.9889013758635916,-7.3602881897959485
parent_human_capital_complements,low h,0.8,3,1.0721331135772334,0.8,0.4674466193415652,0.5765882066015207,0.8373834507905531,0.987827249444687,0.9927787541380133,-7.220284767771517
parent_human_capital_complements,low h,0.8,3,1.0841828807763967,0.8,0.46731186214720855,0.5767102724802748,0.8377203490801264,0.991717734733173,0.996688740565161,-7.079662032099097
parent_human_capital_complements,low h,0.8,3,1.0964571953875313,0.8,0.4671765086436772,0.5768328671092628,0.8380587192892621,0.9956407016392443,1.0006313714246797,-6.938428326046674
parent_human_capital_complements,low h,0.8,3,1.1089606063252093,0.8,0.46704059632888817,0.5769559807165763,0.838398507737762,0.9995961671097849,1.0046066637484004,-6.796592030407937
parent_human_capital_complements,low h,0.8,3,1.1216977703756155,0.8,0.4669041010124777,0.5770796133022152,0.8387397386159907,1.0035841808501869,1.0086146674908636,-6.654161562877899
parent_human_capital_complements,low h,0.8,3,1.1346734549494641,0.8,0.4667670506374306,0.577203750724141,0.8390823605617468,1.0076047567687918,1.0126553966301273,-6.5111453773971935
parent_human_capital_complements,low h,0.8,3,1.147892540911644,0.8,0.4666294441919092,0.5773283913131122,0.8394263718226045,1.0116579289581182,1.0167288854295993,-6.3675519635124065
parent_human_capital_complements,low h,0.8,3,1.1613600254898573,0.8,0.4664912946174935,0.5774535279981097,0.8397717477473761,1.0157437190871108,1.0208351556668405,-6.223389845711392
parent_human_capital_complements,low h,0.8,3,1.1750810252645967,0.8,0.4663526098443245,0.5775791466370948,0.8401184569867044,1.019862143525526,1.0249742237936612,-6.0786675827582055
parent_human_capital_complements,low h,0.8,3,1.189060779242872,0.8,0.4662134067238042,0.5777052499309561,0.840466487161859,1.0240132250589848,1.0291461127098958,-5.933393767020931
parent_human_capital_complements,low h,0.8,3,1.2033046520181812,0.8,0.46607366870407596,0.5778318139657468,0.8408158152232007,1.0281969793104042,1.0333508381167706,-5.7875770237867314
parent_human_capital_complements,low h,0.8,3,1.217818137019287,0.8,0.46593342840951446,0.5779588495450234,0.8411664264370442,1.0324134234151905,1.037588417235585,-5.6412260105730825
parent_human_capital_complements,low h,0.8,3,1.2326068598504607,0.8,0.46579267549824044,0.5780863344240796,0.8415182943080355,1.0366625666594338,1.0418588593989746,-5.494349416427715
parent_human_capital_complements,low h,0.8,3,1.247676581725918,0.8,0.46565144911156475,0.5782142783748242,0.8418713958771441,1.0409444174930629,1.046162173099224,-5.34695596122369
parent_human_capital_complements,low h,0.8,3,1.2630332030012734,0.8,0.46550970167644534,0.5783426443729187,0.842225717405108,1.0452589862115398,1.0504983686834017,-5.199054394945833
parent_human_capital_complements,low h,0.8,3,1.2786827668049243,0.8,0.46536750381048697,0.5784714465604024,0.8425812116935394,1.0496062647004616,1.054867437996431,-5.0506534969646255
parent_human_capital_complements,low h,0.8,3,1.294631462772364,0.8,0.46522483976641604,0.5786006893074049,0.8429379017266465,1.0539862755639913,1.0592694037557784,-4.901762075315821
parent_human_capital_complements,low h,0.8,3,1.31088563088653,0.8,0.4650816923824147,0.5787303355895889,0.8432957433539444,1.0583990068930065,1.063704253992627,-4.752388965950177
parent_human_capital_complements,low h,0.8,3,1.3274517654273796,0.8,0.46493811167964627,0.5788603995489926,0.8436547099734855,1.0628444523223943,1.0681719823099591,-4.602543031995564
parent_human_capital_complements,low h,0.8,3,1.3443365190339982,0.8,0.4647940869677025,0.5789908697444666,0.844014793329134,1.0673226115864902,1.072672588440778,-4.452233163003612
parent_human_capital_complements,low h,0.8,3,1.3615467068826452,0.8,0.46464961723252607,0.5791217178919335,0.8443759475965158,1.0718334633743363,1.0772060509673043,-4.301468274183627
parent_human_capital_complements,low h,0.8,3,1.3790893109842512,0.8,0.46450473974602224,0.5792529625035618,0.8447381661598761,1.0763770025161707,1.0817723646938628,-4.150257305640784
parent_human_capital_complements,low h,0.8,3,1.3969714846049992,0.8,0.46435941938317415,0.5793845817287009,0.8451014479595544,1.080953223817228,1.0863715243996486,-3.998609221596621
parent_human_capital_complements,low h,0.8,3,1.4152005568137338,0.8,0.4642137011870976,0.5795165762049435,0.8454657490082887,1.0855620980031613,1.0910035006635772,-3.8465330096006487
parent_human_capital_complements,low h,0.8,3,1.4337840371600625,0.8,0.46406758340294196,0.5796489355227883,0.8458310538227953,1.090203606766187,1.0956682750860969,-3.694037679745258
parent_human_capital_complements,low h,0.8,3,1.4527296204871472,0.8,0.4639210619457015,0.5797816340990464,0.8461973241223193,1.0948777173382214,1.1003658147348725,-3.541132263861948
parent_human_capital_complements,low h,0.8,3,1.4720451918832933,0.8,0.46377416761732615,0.5799146991861477,0.8465645742349344,1.099584420191061,1.1050961100339414,-3.3878258147219285
parent_human_capital_complements,low h,0.8,3,1.4917388317766058,0.8,0.46362690040408605,0.5800480964606434,0.8469327473347392,1.1043236668952676,1.1098591123111103,-3.2341274052106335
parent_human_capital_complements,low h,0.8,3,1.5118188211770927,0.8,0.4634792610241595,0.5801818188515138,0.8473018309939474,1.1090954280532659,1.1146547920214493,-3.080046127517564
parent_human_capital_complements,low h,0.8,3,1.5322936470707536,0.8,0.46333126305227346,0.5803158717605372,0.8476718205831761,1.1138996750820536,1.1194831204386824,-2.9255910923042228
parent_human_capital_complements,low h,0.8,3,1.5531720079703377,0.8,0.4631829343808198,0.580450240014027,0.8480426630824087,1.118736351290125,1.124344040587137,-2.7707714278634974
parent_human_capital_complements,low h,0.8,3,1.5744628196276003,0.8,0.4630342620770391,0.5805849105015924,0.8484143497135979,1.123605419190702,1.1292375147921314,-2.615596279285757
parent_human_capital_complements,low h,0.8,3,1.5961752209120554,0.8,0.4628852327998154,0.5807198815539922,0.8487868910535956,1.1285068480963005,1.1341635122123601,-2.4600748076068104
parent_human_capital_complements,low h,0.8,3,1.618318579861377,0.8,0.46273591822709004,0.5808551423676701,0.8491601975337717,1.1334405516867796,1.1391219460950006,-2.304216188940173
parent_human_capital_complements,low h,0.8,3,1.6409024999087747,0.8,0.46258626849145956,0.5809906896041437,0.8495343134930023,1.1384065099264264,1.1441127963039106,-2.1480296136358668
parent_human_capital_complements,low h,0.8,3,1.6639368262928396,0.8,0.462436319721944,0.5811265161923934,0.8499091910926594,1.143404651085655,1.1491359907499579,-1.9915242853888833
parent_human_capital_complements,low h,0.8,3,1.6874316526555453,0.8,0.4622860754402329,0.5812626123605109,0.850284810628773,1.1484349144937482,1.1541914684583123,-1.834709420373927
parent_human_capital_complements,low h,0.8,3,1.7113973278342638,0.8,0.46213555184318167,0.5813989649981056,0.8506611341936813,1.153497226060052,1.1592791549669395,-1.6775942463577556
parent_human_capital_complements,low h,0.8,3,1.7358444628538618,0.8,0.4619847403476641,0.5815355572622494,0.8510381424786208,1.1585915177941188,1.1643989819445872,-1.5201880018129517
parent_human_capital_complements,low h,0.8,3,1.7607839381251333,0.8,0.4618336575478714,0.5816723989248507,0.8514158350716812,1.1637177281957531,1.1695508875827894,-1.3624999350221012
parent_human_capital_complements,low h,0.8,3,1.7862269108560356,0.8,0.4616823342458163,0.5818094802140013,0.8517941649885696,1.1688757668076046,1.1747347809707764,-1.2045393031690574
parent_human_capital_complements,low h,0.8,3,1.8121848226824113,0.8,0.4615307487123288,0.5819467853184214,0.8521731277749769,1.1740655623047993,1.1799505904261565,-1.0463153714394844
parent_human_capital_complements,low h,0.8,3,1.8386694075250942,0.8,0.46137891619142324,0.5820843071670911,0.8525526964772796,1.1792870272514304,1.1851982280747493,-0.8878374121000672
parent_human_capital_complements,low h,0.8,3,1.8656926996805347,0.8,0.4612268552769325,0.5822220457600107,0.8529328525016451,1.1845400748168944,1.1904776066507106,-0.7291147035814722
parent_human_capital_complements,low h,0.8,3,1.8932670421523103,0.8,0.4610745722250673,0.5823599782148812,0.853313551698776,1.1898245999551194,1.195788620581423,-0.5701565295491253
parent_human_capital_complements,low h,0.8,3,1.921405095231136,0.8,0.46092207779558914,0.5824981116027215,0.8536947950185176,1.1951405185673367,1.2011311853465712,-0.41097217797865504
parent_human_capital_complements,low h,0.8,3,1.9501198453312445,0.8,0.4607693741252097,0.5826364274113627,0.854076549668007,1.2004877237211677,1.2065051934777753,-0.2515709402112307
parent_human_capital_complements,low h,0.8,3,1.979424614091259,0.8,0.4606164721835593,0.5827749316801765,0.854458814678813,1.205866122247295,1.2119105513387047,-0.09196211001775634
parent_human_capital_complements,low h,0.8,3,2.009333067747975,0.8,0.46046338223541605,0.5829135911173615,0.8548415246549346,1.2112755803301167,1.2173471244430045,0.06784501735799964
parent_human_capital_complements,low h,0.8,3,2.0398592267917226,0.8,0.4603101060332858,0.5830524259043284,0.855224711264282,1.2167160150229066,1.2228148294281762,0.22784114613606654
parent_human_capital_complements,low h,0.8,3,2.071017475912293,0.8,0.46015667931085635,0.5831914077569993,0.8556082919347344,1.2221872739374848,1.2283135131421912,0.38801698097827675
parent_human_capital_complements,low h,0.8,3,2.1028225742447084,0.8,0.46000307996751477,0.5833305447780415,0.8559923021849218,1.2276892680702143,1.2338430861352792,0.548363227927676
parent_human_capital_complements,low h,0.8,3,2.135289665924415,0.8,0.45984932265083023,0.5834698059824888,0.8563766760561711,1.233221845650374,1.2394033958759658,0.7088705953965322
parent_human_capital_complements,low h,0.8,3,2.168434290961828,0.8,0.45969543358405507,0.5836092098825099,0.8567614179813812,1.238784891231236,1.2449943263388434,0.8695297951206982
parent_human_capital_complements,low h,0.8,3,2.2022723964464688,0.8,0.45954140394494347,0.583748727556434,0.8571464888885112,1.2443782596400024,1.2506157316234332,1.0303315431460174
parent_human_capital_complements,low h,0.8,3,2.23682034809129,0.8,0.45938725443172135,0.5838883552717244,0.8575318618982543,1.2500018082561173,1.2562674683942903,1.1912665608022142
parent_human_capital_complements,low h,0.8,3,2.2720949421281498,0.8,0.4592329741743919,0.5840281011310481,0.8579175612986236,1.255655420430415,1.2619494194175422,1.3523255756822525
parent_human_capital_complements,low h,0.8,3,2.308113417565749,0.8,0.4590785995537986,0.5841679324801976,0.8583034966334085,1.2613389067786394,1.2676613943596415,1.5134993226459112
parent_human_capital_complements,low h,0.8,3,2.344893468821764,0.8,0.45892412409894945,0.5843078580594332,0.858689688847472,1.267052139649962,1.2734032649299065,1.6747785447876797
parent_human_capital_complements,low h,0.8,3,2.382453258741261,0.8,0.4587695460770731,0.5844478647583642,0.8590761179627779,1.272794962563511,1.2791748738631012,1.8361539944458833
parent_human_capital_complements,low h,0.8,3,2.4208114320139376,0.8,0.45861490784931935,0.5845879444743232,0.8594627282001597,1.2785671926031539,1.284976037326223,1.9976164341992568
parent_human_capital_complements,low h,0.8,3,2.4599871290031343,0.8,0.4584601899249734,0.5847280938688282,0.8598495335218062,1.2843686845477225,1.2908066093701793,2.1591566378563574
parent_human_capital_complements,low h,0.8,3,2.5,0.8,0.4583053953774592,0.5848682917288208,0.860236495725468,1.2901992568046816,1.296666407492199,2.3207653914705766
parent_human_capital_complements,baseline h,1.2,1,0.5,1.2,0.8060443292717219,0.44024696572785926,0.4948891167004543,0.5858487143348071,0.5887852932358636,-9.741841453667114
parent_human_capital_complements,baseline h,1.2,1,0.5000203210855501,1.2,0.8060419164048012,0.44024864954712967,0.4948951666169989,0.5858602747411911,0.5887969115890257,-9.741767835023094
parent_human_capital_complements,baseline h,1.2,1,0.5000812892976928,1.2,0.8060346783363417,0.44025369226468025,0.4949132969553678,0.5858949481305543,0.5888317587794764,-9.741546974069717
parent_human_capital_complements,baseline h,1.2,1,0.5001829195049198,1.2,0.8060198748900088,0.4402639813336405,0.4949503247906547,0.585955758817327,0.588892874281085,-9.741178855735251
parent_human_capital_complements,baseline h,1.2,1,0.5003252364947652,1.2,0.806002924866793,0.44027573914686235,0.4949926716904296,0.5860366916135523,0.5889742127546397,-9.740663454920034
parent_human_capital_complements,baseline h,1.2,1,0.5005082749838822,1.2,0.8059811446289495,0.4402908645986251,0.4950471229040807,0.586140759667471,0.5890788024518496,-9.740000736473231
parent_human_capital_complements,baseline h,1.2,1,0.500732079632158,1.2,0.8059545327705115,0.4403093402084074,0.4951136420796485,0.5862679538321509,0.589206634179933,-9.739190655210395
parent_human_capital_complements,baseline h,1.2,1,0.5009967050608752,1.2,0.8059236097885083,0.440330812575757,0.4951909453751268,0.5864177132615387,0.5893571442815845,-9.738233155875252
parent_human_capital_complements,baseline h,1.2,1,0.5013022158749305,1.2,0.8058984933886247,0.44034825459901866,0.49525373654525573,0.5865788272361107,0.5895190658433147,-9.73712817765444
parent_human_capital_complements,baseline h,1.2,1,0.5016486866891229,1.2,0.806012462509271,0.44026912098216636,0.49496883881220843,0.5866034264708383,0.5895437883822197,-9.735877030189485
parent_human_capital_complements,baseline h,1.2,1,0.502036202158526,1.2,0.8059669893454255,0.44030069189500803,0.49508250514779184,0.586822689300369,0.5897641502712568,-9.734479475971105
parent_human_capital_complements,baseline h,1.2,1,0.502464857012963,1.2,0.8059136767274981,0.44033771009222933,0.49521577707171743,0.5870684799288514,0.5900111729303916,-9.732934460198198
parent_human_capital_complements,baseline h,1.2,1,0.5029347560956027,1.2,0.8058584662243584,0.44037604456623,0.49535379003869845,0.5873342134142817,0.5902782384104608,-9.7312418777728
parent_human_capital_complements,baseline h,1.2,1,0.5034460144056994,1.2,0.805889524137878,0.44035447359866386,0.4952761388352359,0.5875219442492715,0.5904669102501768,-9.729401944521213
parent_human_capital_complements,baseline h,1.2,1,0.5039987571454999,1.2,0.8061052766046757,0.4402046379341085,0.4947367413329986,0.587521945107614,0.590466911112822,-9.727419110085004
parent_human_capital_complements,baseline h,1.2,1,0.5045931197713469,1.2,0.8061968424211735,0.4401410730294272,0.4945078753223894,0.5876776728666343,0.5906234194604825,-9.725294999100564
parent_human_capital_complements,baseline h,1.2,1,0.5052292480490046,1.2,0.8061488550039404,0.44017439036906564,0.4946278281932414,0.5880066165995981,0.5909540120307694,-9.723025351309381
parent_human_capital_complements,baseline h,1.2,1,0.5059072981132409,1.2,0.8062185145690699,0.44012601185443206,0.4944536710365033,0.5882222067245317,0.5911706828057014,-9.720609890652527
parent_human_capital_complements,baseline h,1.2,1,0.5066274365316988,1.2,0.8061347302574944,0.44018421059442925,0.49466316462647275,0.5886268398173251,0.5915773441303127,-9.71804993935306
parent_human_capital_complements,baseline h,1.2,1,0.507389840373095,1.2,0.8060428603490172,0.4402480063853993,0.49489283344344537,0.5890584300463589,0.5920110977143725,-9.71534260433776
parent_human_capital_complements,baseline h,1.2,1,0.5081946972797818,1.2,0.8060261576098513,0.44025958884883964,0.4949345543036425,0.5894239978302745,0.5923784979144304,-9.712487936089929
parent_human_capital_complements,baseline h,1.2,1,0.5090422055447187,1.2,0.8060623810571644,0.44023443953785424,0.49484400834460074,0.5897482823071895,0.5927044078740501,-9.709491794709097
parent_human_capital_complements,baseline h,1.2,1,0.5099325741928927,1.2,0.8060681132291656,0.4402304559900127,0.4948296717092619,0.5901244939177314,0.5930825052531375,-9.706351533628975
parent_human_capital_complements,baseline h,1.2,1,0.5108660230672385,1.2,0.8060348812261173,0.44025353812795676,0.49491276113026933,0.5905622485180092,0.5935224541074806,-9.70306497076609
parent_human_capital_complements,baseline h,1.2,1,0.5118427829191048,1.2,0.8063149448019403,0.4400590553972628,0.4942126148561473,0.5906663563824013,0.5936270838147145,-9.699642493988929
parent_human_capital_complements,baseline h,1.2,1,0.5128630955033207,1.2,0.8062002192320217,0.4401387292054987,0.4944994358518556,0.5912313268601131,0.594194886218731,-9.696078993855544
parent_human_capital_complements,baseline h,1.2,1,0.5139272136779165,1.2,0.8061565927138591,0.4401690225351402,0.4946084959620437,0.5917344601446246,0.5947005414693259,-9.692369359468518
parent_human_capital_complements,baseline h,1.2,1,0.5150354015085564,1.2,0.8060266015563382,0.44025928661476404,0.4949334575315522,0.5923528153446389,0.595321996187679,-9.688514044594836
parent_human_capital_complements,baseline h,1.2,1,0.5161879343777439,1.2,0.8059213959732205,0.4403323509985645,0.49519648218367873,0.5929614696550989,0.5959337013905662,-9.684511756412379
parent_human_capital_complements,baseline h,1.2,1,0.5173850990988615,1.2,0.8059494548047701,0.4403128603144305,0.49512632347439983,0.593438086915467,0.5964127077048937,-9.680363404545215
parent_human_capital_complements,baseline h,1.2,1,0.5186271940351138,1.2,0.8061374698284118,0.4401823073300199,0.49465631400443133,0.5937519524817048,0.5967281465288293,-9.676081130289575
parent_human_capital_complements,baseline h,1.2,1,0.5199145292234401,1.2,0.8059914097228947,0.44028372308547326,0.49502143214172756,0.5944610446812638,0.59744079306783,-9.671658856116219
parent_human_capital_complements,baseline h,1.2,1,0.5212474265034702,1.2,0.8059100524068569,0.44034022656505045,0.49522483697365216,0.5951152736944906,0.5980983014176324,-9.66708869939563
parent_human_capital_complements,baseline h,1.2,1,0.5226262196515982,1.2,0.8057542243535181,0.4404484560163916,0.49561444064188787,0.5958721012442326,0.5988589225812545,-9.66237374681507
parent_human_capital_complements,baseline h,1.2,1,0.5240512545202515,1.2,0.8055939417053404,0.4405597448328265,0.49601510713356506,0.5966523606056873,0.5996430930090342,-9.65751015197289
parent_human_capital_complements,baseline h,1.2,1,0.5255228891824385,1.2,0.805858922706015,0.4403757335918938,0.4953526618524756,0.596968366640926,0.5999606830311163,-9.652507343970623
parent_human_capital_complements,baseline h,1.2,1,0.5270414940816569,1.2,0.8059246693903852,0.44033006978216227,0.49518828133908527,0.5975280805630385,0.6005232025309387,-9.647375056685755
parent_human_capital_complements,baseline h,1.2,1,0.5286074521872524,1.2,0.8059027751695753,0.44034528779477,0.4952430464671278,0.5982055762336349,0.601204094162716,-9.642111918293791
parent_human_capital_complements,baseline h,1.2,1,0.5302211591553182,1.2,0.805855639454421,0.4403780218793154,0.4953608878049003,0.598930056960443,0.6019322063642796,-9.636702218586098
parent_human_capital_complements,baseline h,1.2,1,0.5318830234952302,1.2,0.805670151069798,0.44050683550794845,0.4958246136273706,0.599830920753426,0.6028375857558163,-9.63115089018955
parent_human_capital_complements,baseline h,1.2,1,0.5335934667419154,1.2,0.806040402191401,0.44024970871683866,0.4948989686369706,0.6001143093300768,0.603122394823619,-9.625464742542325
parent_human_capital_complements,baseline h,1.2,1,0.5353529236339561,1.2,0.8059551185173449,0.4403089437442456,0.4951121999702258,0.6009370535763366,0.6039492630925751,-9.619652972438848
parent_human_capital_complements,baseline h,1.2,1,0.537161842297634,1.2,0.8059421399293543,0.4403179585684881,0.4951446505785801,0.601695167675117,0.6047111772540894,-9.613700028955035
parent_human_capital_complements,baseline h,1.2,1,0.5390206844370244,1.2,0.8058096475203453,0.440409957633759,0.4954758609685741,0.602609104692532,0.6056296953998683,-9.607612843986892
parent_human_capital_complements,baseline h,1.2,1,0.5409299255302531,1.2,0.8058245383334972,0.44039961572918085,0.49543863164153334,0.6033718532741713,0.6063962672746835,-9.601384353593415
parent_human_capital_complements,baseline h,1.2,1,0.5428900550320312,1.2,0.8060024300773628,0.4402760985866862,0.4949939428698794,0.6039644323564242,0.606991816671947,-9.595038503647993
parent_human_capital_complements,baseline h,1.2,1,0.5449015765825912,1.2,0.8058305427886079,0.4403954497605383,0.4954236286941549,0.6049794466600164,0.6080119187559087,-9.588549954060529
parent_human_capital_complements,baseline h,1.2,1,0.5469650082231464,1.2,0.8057214785924425,0.44047118308464217,0.49569627687038476,0.6059405630430834,0.6089778527548941,-9.581919198086508
parent_human_capital_complements,baseline h,1.2,1,0.5490808826180046,1.2,0.8057671815506717,0.4404394411921492,0.4955820114243706,0.6067407152723661,0.6097820157639167,-9.575155140884174
parent_human_capital_complements,baseline h,1.2,1,0.5512497472834679,1.2,0.8058185105792769,0.4404037985407511,0.49545369426874564,0.6075524367003492,0.6105978059624896,-9.568265331459857
parent_human_capital_complements,baseline h,1.2,1,0.5534721648236569,1.2,0.8055810489827895,0.4405687095223401,0.4960473635854652,0.6087190176802467,0.6117702344538831,-9.561234278320072
parent_human_capital_complements,baseline h,1.2,1,0.5557487131734017,1.2,0.8055545861376645,0.4405870898703884,0.49611352798237457,0.6096585790859474,0.6127145054307286,-9.554060176968068
parent_human_capital_complements,baseline h,1.2,1,0.5580799858483445,1.2,0.8058280508822573,0.44039717330503575,0.49542984345662006,0.6102655159415505,0.6133244845699808,-9.546759659119237
parent_human_capital_complements,baseline h,1.2,1,0.5604665922024078,1.2,0.8057100506661145,0.4404791071166157,0.4957248207057755,0.611348883661577,0.6144132826933023,-9.539350248106881
parent_human_capital_complements,baseline h,1.2,1,0.5629091576927818,1.2,0.8055714222306343,0.44057538759367354,0.4960714149717005,0.6124755023816394,0.6155455486131994,-9.531798346564159
parent_human_capital_complements,baseline h,1.2,1,0.5654083241525933,1.2,0.8053789488532347,0.44070905277879563,0.4965526051489638,0.6136846019465574,0.6167607088149079,-9.524102741662519
parent_human_capital_complements,baseline h,1.2,1,0.5679647500714233,1.2,0.8057178518427632,0.44047369788822194,0.4957053355957964,0.6142859749612526,0.6173650962243835,-9.516296833113278
parent_human_capital_complements,baseline h,1.2,1,0.5705791108838415,1.2,0.8057235557261736,0.4404697459629403,0.49569109555377755,0.6152983136878855,0.6183825093200004,-9.508371734728755
parent_human_capital_complements,baseline h,1.2,1,0.5732520992661372,1.2,0.8056363839490115,0.44053027541647505,0.4959090109505746,0.6164393713879138,0.6195292865955518,-9.500310307672613
parent_human_capital_complements,baseline h,1.2,1,0.5759844254414287,1.2,0.8058332385734195,0.44039356500829796,0.49541686184450423,0.6172615463679243,0.6203555827447996,-9.492121294394147
parent_human_capital_complements,baseline h,1.2,1,0.578776817493336,1.2,0.8056020719088368,0.44055410034801384,0.49599478484287324,0.6186117158578703,0.6217125199874778,-9.483821228484414
parent_human_capital_complements,baseline h,1.2,1,0.5816300216884137,1.2,0.8056013612932408,0.440554593743151,0.49599656119196533,0.6197063008408803,0.6228125916005475,-9.475389277759641
parent_human_capital_complements,baseline h,1.2,1,0.5845448028075416,1.2,0.8055252847017575,0.4406074159089621,0.4961867336616006,0.6209098049607963,0.624022128309969,-9.466819094146336
parent_human_capital_complements,baseline h,1.2,1,0.5875219444864789,1.2,0.8055615901033452,0.4405822110614698,0.4960959857894297,0.6219974982382911,0.6251152736727059,-9.458141227519517
parent_human_capital_complements,baseline h,1.2,1,0.5905622495657936,1.2,0.8052884184524668,0.44077191358346157,0.49677891488781023,0.6234760811807678,0.6266012680430241,-9.449322500973054
parent_human_capital_complements,baseline h,1.2,1,0.5936665404503856,1.2,0.8054511425740895,0.4406589224355873,0.49637212988677926,0.6244492653021217,0.6275793302700863,-9.440385431101774
parent_human_capital_complements,baseline h,1.2,1,0.5968356594788269,1.2,0.8054910058488395,0.44063123376948155,0.4962724590932407,0.6255887130780591,0.6287244895517689,-9.43134112348486
parent_human_capital_complements,baseline h,1.2,1,0.600070469302753,1.2,0.8053069898268079,0.4407590252527437,0.49673250471911845,0.6270182284182932,0.6301611703674647,-9.422161361930094
parent_human_capital_complements,baseline h,1.2,1,0.6033718532765401,1.2,0.8051894507268816,0.4408406322787075,0.49702631499512673,0.6283868031380374,0.6315366050965392,-9.412839646215003
parent_human_capital_complements,baseline h,1.2,1,0.6067407158575169,1.2,0.8056667454496425,0.440509195143157,0.49583311605957675,0.62904964217479,0.6322027666277898,-9.403440263963372
parent_human_capital_complements,baseline h,1.2,1,0.6101779830169621,1.2,0.8054374457670433,0.4406684131744457,0.4964063266897595,0.6305924312604833,0.633753288975957,-9.393931908773906
parent_human_capital_complements,baseline h,1.2,1,0.6136846026621482,1.2,0.8052422546643843,0.44080398329321846,0.4968943492489677,0.6321136423084829,0.6352821251260662,-9.384276753203316
parent_human_capital_complements,baseline h,1.2,1,0.6172615450697004,1.2,0.8054747007073545,0.4406425510231843,0.4963132095027235,0.6331292284750117,0.6363028019394393,-9.374520904603552
parent_human_capital_complements,baseline h,1.2,1,0.6209098033305457,1.2,0.8053553070257833,0.4407254726566863,0.4966117139126592,0.634596082231877,0.6377770083313584,-9.364651430350575
parent_human_capital_complements,baseline h,1.2,1,0.6246303938067362,1.2,0.8052034079975889,0.4408309547489178,0.4969914542600737,0.6361228505604966,0.6393114296180727,-9.354660457754584
parent_human_capital_complements,baseline h,1.2,1,0.6284243566004422,1.2,0.8052332400943826,0.44081023931720165,0.4969168768307729,0.6374443418827095,0.6406395449431037,-9.344555091534051
parent_human_capital_complements,baseline h,1.2,1,0.6322927560354111,1.2,0.8053493363288352,0.4407296130421405,0.49662662784218836,0.6386772856088363,0.6418786688253764,-9.334343323706879
parent_human_capital_complements,baseline h,1.2,1,0.6362366811512086,1.2,0.8052019085342824,0.4408320139186268,0.49699524152995156,0.640257246626213,0.6434665494303097,-9.324003309673897
parent_human_capital_complements,baseline h,1.2,1,0.6402572462105554,1.2,0.805249274883532,0.44079910885443013,0.4968768002420372,0.6416135610621723,0.6448296624206711,-9.3135730940974
parent_human_capital_complements,baseline h,1.2,1,0.6443555912200942,1.2,0.8052508802374315,0.4407979924789729,0.4968727835171499,0.643046048129161,0.6462693298589639,-9.303009372506047
parent_human_capital_complements,baseline h,1.2,1,0.6485328824649206,1.2,0.8053652379334456,0.44071857514021406,0.4965868843694169,0.6443555916613214,0.6475854375053955,-9.292348599104596
parent_human_capital_complements,baseline h,1.2,1,0.652790313057229,1.2,0.8052251132674924,0.4408158750617537,0.49693717686589567,0.6460049398802232,0.649243053116649,-9.281598518338306
parent_human_capital_complements,baseline h,1.2,1,0.6571291034994325,1.2,0.8050988481779793,0.44090357420306875,0.49725287210064933,0.64765694905922,0.6509033430261154,-9.270723829141229
parent_human_capital_complements,baseline h,1.2,1,0.6615505022621248,1.2,0.8054936695399759,0.4406293746004295,0.49626577959695184,0.6486664501313824,0.6519179042434595,-9.259747015769815
parent_human_capital_complements,baseline h,1.2,1,0.6660557863772645,1.2,0.8053532772415982,0.4407268727540501,0.4966167679071499,0.6503749826576932,0.6536350008246976,-9.248690833420309
parent_human_capital_complements,baseline h,1.2,1,0.6706462620469753,1.2,0.805014299674769,0.4409622804802418,0.49746422616255337,0.6523578926352986,0.6556278501799281,-9.237504576202909
parent_human_capital_complements,baseline h,1.2,1,0.6753232652683625,1.2,0.8053216792278197,0.4407488270753872,0.49669578725501684,0.6535330112901209,0.6568088591415199,-9.226218155075449
parent_human_capital_complements,baseline h,1.2,1,0.6800881624747613,1.2,0.8049438546157399,0.4410112062572782,0.49764035089998093,0.6556074613616342,0.6588937074372883,-9.214823189287442
parent_human_capital_complements,baseline h,1.2,1,0.6849423511938463,1.2,0.8050112476125586,0.44096439611877075,0.49747184800398636,0.6571291028737434,0.6604229762092175,-9.203295350477442
parent_human_capital_complements,baseline h,1.2,1,0.6898872607230374,1.2,0.8053334329999106,0.440740653644956,0.49666637887319454,0.6583388672208728,0.6616388045253718,-9.191709179035316
parent_human_capital_complements,baseline h,1.2,1,0.6949243528226603,1.2,0.805231683239555,0.44081130285704095,0.4969207309316534,0.6601170211365127,0.6634258714746053,-9.180036470803367
parent_human_capital_complements,baseline h,1.2,1,0.7000551224273222,1.2,0.8052632345541559,0.4407894067730999,0.49684188407573987,0.6617412718469565,0.665058263775616,-9.168250679719598
parent_human_capital_complements,baseline h,1.2,1,0.7052810983759861,1.2,0.8052247485255356,0.4408161402714913,0.49693811446088565,0.6634764648689125,0.6668021544887897,-9.156378634040538
parent_human_capital_complements,baseline h,1.2,1,0.7106038441612367,1.2,0.8050136106037835,0.44096275369396865,0.4974659373751889,0.6654585130629986,0.6687941377407929,-9.144414269818345
parent_human_capital_complements,baseline h,1.2,1,0.7160249586982449,1.2,0.8051547965767296,0.4408647109788342,0.4971129791375521,0.6669968722003718,0.6703402079354315,-9.132344381333011
parent_human_capital_complements,baseline h,1.2,1,0.7215460771139571,1.2,0.804965043423095,0.44099648434069666,0.4975873627528098,0.6689917797729341,0.6723451150238138,-9.120163390171365
parent_human_capital_complements,baseline h,1.2,1,0.7271688715570458,1.2,0.8050473712506205,0.4409393181555723,0.4973815559654158,0.6706462620763395,0.6740078904542766,-9.107880590974947
parent_human_capital_complements,baseline h,1.2,1,0.7328950520291776,1.2,0.8048997845692751,0.441041797450865,0.49775049792459347,0.672626175384433,0.6759977281191267,-9.095534845489912
parent_human_capital_complements,baseline h,1.2,1,0.7387263672381705,1.2,0.804958797252141,0.4410008185881015,0.49760297089815825,0.674350444070344,0.6777306397377929,-9.083068896515393
parent_human_capital_complements,baseline h,1.2,1,0.7446646054736273,1.2,0.8052580105403307,0.4407930423222673,0.49685496087576675,0.6757705362678279,0.679157850177039,-9.070551838287566
parent_human_capital_complements,baseline h,1.2,1,0.7507115955056528,1.2,0.8051000846505411,0.44090270889531036,0.4972497665633294,0.677824373560796,0.68122198237228,-9.05795065375031
parent_human_capital_complements,baseline h,1.2,1,0.7568692075072764,1.2,0.8049143239727914,0.4410317163858941,0.49771418342073986,0.6799369786522744,0.6833451769408472,-9.045230394643575
parent_human_capital_complements,baseline h,1.2,1,0.7631393540012239,1.2,0.8050781155971167,0.4409179481209761,0.49730465234419174,0.6815956996813466,0.6850122123436775,-9.032456109984905
parent_human_capital_complements,baseline h,1.2,1,0.7695239908317001,1.2,0.8046733132345911,0.44119907519340634,0.49831668918316674,0.6840483384226078,0.6874771449877898,-9.019565604149259
parent_human_capital_complements,baseline h,1.2,1,0.7760251181618615,1.2,0.80503502933204,0.44094788368003507,0.4974123994168359,0.6854748930934543,0.6889108502936809,-9.006579621930952
parent_human_capital_complements,baseline h,1.2,1,0.7826447814976824,1.2,0.8047835289735245,0.44112253209805113,0.4980411403582662,0.68776057440787,0.6912079886333631,-8.993540812370712
parent_human_capital_complements,baseline h,1.2,1,0.7893850727389358,1.2,0.8046793895033324,0.4411948536882568,0.4983014944633024,0.6898650579723088,0.6933230209655669,-8.980386563253115
parent_human_capital_complements,baseline h,1.2,1,0.7962481312580323,1.2,0.804988316394299,0.4409803155305049,0.49752916515159157,0.6914178528510183,0.6948835992609963,-8.967179327545637
parent_human_capital_complements,baseline h,1.2,1,0.8032361450074849,1.2,0.8049987682108896,0.44097306294433913,0.497503047748883,0.6934022952535962,0.6968779887225115,-8.953908962265603
parent_human_capital_complements,baseline h,1.2,1,0.8103513516567865,1.2,0.8049048360960609,0.44103828878599155,0.49773786768168105,0.6955522476245249,0.6990387177745463,-8.940541484504415
parent_human_capital_complements,baseline h,1.2,1,0.8175960397595149,1.2,0.8049204505121287,0.44102743934423755,0.4976988184714245,0.6975691934237852,0.7010657735566975,-8.927087925991994
parent_human_capital_complements,baseline h,1.2,1,0.8249725499515008,1.2,0.8046170396771429,0.4412381736740598,0.49845741545882627,0.7000551218807034,0.703564162781861,-8.913541287378687
parent_human_capital_complements,baseline h,1.2,1,0.8324832761809209,1.2,0.804905401166401,0.44103791250324,0.4977364898405974,0.7017272526431466,0.7052446751346306,-8.899951227356407
parent_human_capital_complements,baseline h,1.2,1,0.8401306669712053,1.2,0.80464992556405,0.4412153153513851,0.4983751555949419,0.7041881896793803,0.7077179476690921,-8.886265929125166
parent_human_capital_complements,baseline h,1.2,1,0.8479172267176741,1.2,0.8050574301410676,0.4409323193379945,0.4973563796290006,0.7057260523802852,0.7092635189388642,-8.87251019211884
parent_human_capital_complements,baseline h,1.2,1,0.8558455170188431,1.2,0.8046040072976737,0.4412472070104713,0.4984899598449444,0.7085123768753296,0.712063809943561,-8.85869606688291
parent_human_capital_complements,baseline h,1.2,1,0.8639181580433734,1.2,0.8048556160079969,0.4410724714333884,0.49786092228812207,0.7103096423609163,0.7138700842598842,-8.844795009139249
parent_human_capital_complements,baseline h,1.2,1,0.8721378299336601,1.2,0.8047229147273323,0.4411646317064023,0.4981926897584968,0.7126787842978748,0.7162511015702205,-8.830858022611151
parent_human_capital_complements,baseline h,1.2,1,0.8805072742470966,1.2,0.8044298640260694,0.4413681494427488,0.4989253387702681,0.7153016663431707,0.7188871308664804,-8.816802563683606
parent_human_capital_complements,baseline h,1.2,1,0.88902929543607,1.2,0.804883138906608,0.44105338428443563,0.4977921711477731,0.7168610773121389,0.7204543584154587,-8.802704210682386
parent_human_capital_complements,baseline h,1.2,1,0.8977067623677852,1.2,0.8046080593307878,0.4412443970438353,0.4984798382838964,0.7195001978802604,0.7231067076304785,-8.788541405561157
parent_human_capital_complements,baseline h,1.2,1,0.9065426098850453,1.2,0.804752480584124,0.4411441074357476,0.49811879147709104,0.7215460783022081,0.725162843070717,-8.774276751170689
parent_human_capital_complements,baseline h,1.2,1,0.9155398404091444,1.2,0.8048782020962649,0.44105678020705386,0.4978044431509715,0.7236373478829932,0.7272645951838984,-8.760008508245324
parent_human_capital_complements,baseline h,1.2,1,0.9247015255860773,1.2,0.8043775824453474,0.44140444065765533,0.4990560093751881,0.7266753464678757,0.7303178218000584,-8.745645366882579
parent_human_capital_complements,baseline h,1.2,1,0.9340308079772923,1.2,0.8047389870381192,0.44115347129031207,0.4981525109489549,0.7284564443307816,0.7321078474531547,-8.731209654455553
parent_human_capital_complements,baseline h,1.2,1,0.9435309027962627,1.2,0.8045425944659673,0.44128986532237496,0.4986435146303626,0.7310866162358525,0.7347512031497636,-8.716750115721654
parent_human_capital_complements,baseline h,1.2,1,0.9532050996921831,1.2,0.8046687531775782,0.44120223045782747,0.4983280646113292,0.7332545961960836,0.7369300501547681,-8.702187110826852
parent_human_capital_complements,baseline h,1.2,1,0.9630567645821445,1.2,0.8044637521186331,0.44134459679196697,0.49884057695201567,0.7359403599458817,0.7396292763513856,-8.687579650213976
parent_human_capital_complements,baseline h,1.2,1,0.9730893415331738,1.2,0.8043450293382673,0.4414270435425009,0.49913738471353464,0.7385178258279925,0.7422196618349949,-8.672890193106943
parent_human_capital_complements,baseline h,1.2,1,0.9833063546955787,1.2,0.8046145271265343,0.4412398945176682,0.4984636450316292,0.7405258804521235,0.7442377818748162,-8.65819770622197
parent_human_capital_complements,baseline h,1.2,1,0.9937114102890687,1.2,0.8046405995606835,0.4412217951906375,0.4983984780510936,0.7429221326048047,0.7466460452913969,-8.643435803667328
parent_human_capital_complements,baseline h,1.2,1,1.0043081986431819,1.2,0.8046483154640837,0.4412164475381223,0.49837921121826045,0.7453659867701625,0.749102149326736,-8.628619735640802
parent_human_capital_complements,baseline h,1.2,1,1.0151004962935855,1.2,0.8043717649765209,0.4414085009550619,0.499070597086413,0.7482682347000821,0.7520189448349435,-8.613733680553267
parent_human_capital_complements,baseline h,1.2,1,1.0260921681358672,1.2,0.8044064227305603,0.4413844151839159,0.4989839140666981,0.7507115960353793,0.7544745535699009,-8.59879303395283
parent_human_capital_complements,baseline h,1.2,1,1.037287169638491,1.2,0.8044745911145527,0.4413370746259333,0.49881349007746334,0.7531219968741155,0.7568970365931209,-8.58380910876859
parent_human_capital_complements,baseline h,1.2,1,1.0486895491166357,1.2,0.8042422426837275,0.44149843991831084,0.4993943875398241,0.7560212833171079,0.759810855769886,-8.568750885638153
parent_human_capital_complements,baseline h,1.2,1,1.0603034500686892,1.2,0.8046349087468512,0.4412257417141411,0.49841269335569355,0.7579610721173349,0.761760367801937,-8.55367525491711
parent_human_capital_complements,baseline h,1.2,1,1.0721331135772334,1.2,0.8042959073435385,0.4414611706533908,0.49926022126778563,0.7610706463924861,0.7648855288830064,-8.53856685550247
parent_human_capital_complements,baseline h,1.2,1,1.0841828807763967,1.2,0.8046281517430456,0.44123044350403684,0.49842960622567417,0.7631393552892348,0.766964607226252,-8.52337346321381
parent_human_capital_complements,baseline h,1.2,1,1.0964571953875313,1.2,0.8043740032970415,0.4414069342481771,0.4990649746790212,0.766158070862826,0.7699984541746244,-8.508198743135255
parent_human_capital_complements,baseline h,1.2,1,1.1089606063252093,1.2,0.8041972765524851,0.4415296513913287,0.499506770452785,0.7690759159537439,0.7729309250249251,-8.492906603790761
parent_human_capital_complements,baseline h,1.2,1,1.1216977703756155,1.2,0.804365961938435,0.4414125242281306,0.499085090394327,0.7714602262200034,0.7753271866961294,-8.477617950953002
parent_human_capital_complements,baseline h,1.2,1,1.1346734549494641,1.2,0.8041199880261464,0.44158332639210085,0.4996999969807915,0.7745319477763989,0.7784143053209006,-8.462241174216928
parent_human_capital_complements,baseline h,1.2,1,1.147892540911644,1.2,0.8044265749206265,0.44137040610761047,0.49893350227181216,0.7767292192984225,0.7806225907122621,-8.446834941083099
parent_human_capital_complements,baseline h,1.2,1,1.1613600254898573,1.2,0.804255313763329,0.4414893554155227,0.4993616939342,0.7797215618453929,0.7836299324386677,-8.431443537229079
parent_human_capital_complements,baseline h,1.2,1,1.1750810252645967,1.2,0.8041396116732331,0.4415696979686773,0.4996509359391099,0.7826447816451497,0.7865678049386474,-8.415962790344516
parent_human_capital_complements,baseline h,1.2,1,1.189060779242872,1.2,0.8043355854648659,0.44143361054082025,0.499161013303306,0.7850754716593992,0.789010678837296,-8.400469724988309
parent_human_capital_complements,baseline h,1.2,1,1.2033046520181812,1.2,0.8041513416529515,0.4415615457513041,0.4996215971698652,0.788152383171119,0.7921030134321508,-8.384953341561769
parent_human_capital_complements,baseline h,1.2,1,1.217818137019287,1.2,0.8039956502048331,0.4416696809725591,0.5000108606958946,0.7912040138262675,0.7951699404496134,-8.369365841693588
parent_human_capital_complements,baseline h,1.2,1,1.2326068598504607,1.2,0.804099602665901,0.44159749063677767,0.49975097710953886,0.7938433434642068,0.797822499782418,-8.353759338651304
parent_human_capital_complements,baseline h,1.2,1,1.247676581725918,1.2,0.8043533993223846,0.44142124825944723,0.4991164969180215,0.7962481326592671,0.8002393430334809,-8.33808639836533
parent_human_capital_complements,baseline h,1.2,1,1.2630332030012734,1.2,0.8040306622664442,0.44164535994499415,0.49992331521474337,0.7996422783210246,0.8036505019211678,-8.32243546124587
parent_human_capital_complements,baseline h,1.2,1,1.2786827668049243,1.2,0.8039196864789451,0.44172244053084386,0.5002007850676777,0.8027013204113436,0.8067248775237743,-8.306733775845881
parent_human_capital_complements,baseline h,1.2,1,1.294631462772364,1.2,0.8042267310538671,0.4415092055394805,0.4994331529114109,0.8050682537097174,0.809103675124679,-8.291020627070138
parent_human_capital_complements,baseline h,1.2,1,1.31088563088653,1.2,0.8040494124261925,0.44163233058794354,0.49987642164376545,0.8082797224385305,0.8123312414074845,-8.27525586353419
parent_human_capital_complements,baseline h,1.2,1,1.3274517654273796,1.2,0.8043979362431175,0.44139031176807525,0.4990051371759252,0.810606626444775,0.8146698090685982,-8.259472024644413
parent_human_capital_complements,baseline h,1.2,1,1.3443365190339982,1.2,0.8038224238001217,0.44178997754221716,0.5004439276910675,0.8145476956888661,0.8186306330044836,-8.243676675565192
parent_human_capital_complements,baseline h,1.2,1,1.3615467068826452,1.2,0.8038171479144951,0.44179364304470314,0.5004571210620636,0.8175248611149382,0.8216227215343557,-8.227808696478867
parent_human_capital_complements,baseline h,1.2,1,1.3790893109842512,1.2,0.8040714934471234,0.4416170042032109,0.49982123563181236,0.82006693038815,0.8241775329828257,-8.211984251782965
parent_human_capital_complements,baseline h,1.2,1,1.3969714846049992,1.2,0.8037640620235831,0.4418305060735531,0.5005898310952916,0.8236109869472172,0.827739354199322,-8.196083534655175
parent_human_capital_complements,baseline h,1.2,1,1.4152005568137338,1.2,0.8041072641681017,0.44159217563847014,0.49973183521099385,0.8260296914929516,0.8301701825520446,-8.18018698226429
parent_human_capital_complements,baseline h,1.2,1,1.4337840371600625,1.2,0.8040328178345133,0.4416438531447466,0.4999179049581395,0.8292027982502381,0.8333591945731413,-8.164258597148748
parent_human_capital_complements,baseline h,1.2,1,1.4527296204871472,1.2,0.8039094801397927,0.44172952213735833,0.5002262876769014,0.8324832748920721,0.8366561146725711,-8.148296249940659
parent_human_capital_complements,baseline h,1.2,1,1.4720451918832933,1.2,0.8039302281721044,0.4417151068249827,0.5001744025698585,0.8355260064762481,0.8397140980122823,-8.132381874516476
parent_human_capital_complements,baseline h,1.2,1,1.4917388317766058,1.2,0.8036412152112551,0.44191580585443263,0.5008969254343194,0.8391454278807182,0.8433516618420415,-8.116405167931916
parent_human_capital_complements,baseline h,1.2,1,1.5118188211770927,1.2,0.8040578998461179,0.4416264622878616,0.49985525869566333,0.8415096644081018,0.845727749154335,-8.100412015552672
parent_human_capital_complements,baseline h,1.2,1,1.5322936470707536,1.2,0.8037142375779169,0.4418650949570202,0.5007143675292467,0.8452700365382994,0.8495069702282744,-8.08442096274538
parent_human_capital_complements,baseline h,1.2,1,1.5531720079703377,1.2,0.8038010281621149,0.44180483611500104,0.5004974178462875,0.8482668294220301,0.8525187845988461,-8.068357944929733
parent_human_capital_complements,baseline h,1.2,1,1.5744628196276003,1.2,0.8040420160054046,0.44163748437850814,0.4998949502521731,0.8509961117565683,0.8552617475180173,-8.052354141243535
parent_human_capital_complements,baseline h,1.2,1,1.5961752209120554,1.2,0.8034104454701491,0.44207606454326137,0.5014738539432956,0.8553536359583175,0.8596411139007231,-8.036299042570807
parent_human_capital_complements,baseline h,1.2,1,1.618318579861377,1.2,0.8039186934055542,0.4417231136458929,0.5002032320695746,0.8576218834382764,0.8619207310184895,-8.020247964218413
parent_human_capital_complements,baseline h,1.2,1,1.6409024999087747,1.2,0.8037501692556897,0.44184016509117385,0.5006245873412458,0.8611635356394776,0.8654801358252261,-8.004225879352983
parent_human_capital_complements,baseline h,1.2,1,1.6639368262928396,1.2,0.8040114445356438,0.44165871878854984,0.49997138804762387,0.8639181601366166,0.8682485679351168,-7.9881365422100625
parent_human_capital_complements,baseline h,1.2,1,1.6874316526555453,1.2,0.8037104834218587,0.4418677039906863,0.5007237571980236,0.8677484037160458,0.8720980106903845,-7.972073584773006
parent_human_capital_complements,baseline h,1.2,1,1.7113973278342638,1.2,0.8035845585186207,0.4419551608045631,0.5010385888192358,0.871269627741168,0.8756368849243832,-7.955956540435448
parent_human_capital_complements,baseline h,1.2,1,1.7358444628538618,1.2,0.8037288573228898,0.4418549496152817,0.5006778338461186,0.874295202264018,0.8786776252026408,-7.939881055417776
parent_human_capital_complements,baseline h,1.2,1,1.7607839381251333,1.2,0.8035857388171117,0.441954355403442,0.5010356688543232,0.877887122328753,0.8822875498416255,-7.923790220741619
parent_human_capital_complements,baseline h,1.2,1,1.7862269108560356,1.2,0.8039566811129516,0.4416967580994943,0.5001083163819563,0.8805072758831104,0.884920836970329,-7.907693622032976
parent_human_capital_complements,baseline h,1.2,1,1.8121848226824113,1.2,0.8034137212161756,0.4420737920671197,0.5014656696488031,0.8849103493800009,0.8893459809649682,-7.891617337837081
parent_human_capital_complements,baseline h,1.2,1,1.8386694075250942,1.2,0.8035707890480885,0.4419647245604497,0.501073016002483,0.8879769751745301,0.8924279782852602,-7.875524394227199
parent_human_capital_complements,baseline h,1.2,1,1.8656926996805347,1.2,0.8035409904861436,0.4419854012985867,0.5011474763188036,0.8914236521656447,0.8958919318166885,-7.859437970201974
parent_human_capital_complements,baseline h,1.2,1,1.8932670421523103,1.2,0.8035497980758564,0.4419792879701775,0.5011254639397271,0.8948120399742638,0.8992973039898782,-7.843318439803143
parent_human_capital_complements,baseline h,1.2,1,1.921405095231136,1.2,0.8038162020003221,0.4417943003484723,0.5004594867523782,0.8977067640111194,0.9022065378913507,-7.827217404801903
parent_human_capital_complements,baseline h,1.2,1,1.9501198453312445,1.2,0.8035544857512428,0.4419760445150416,0.501113770401247,0.9016649246213408,0.9061845388641955,-7.811135580808466
parent_human_capital_complements,baseline h,1.2,1,1.979424614091259,1.2,0.8034595190308091,0.4420419946381198,0.5013511893875298,0.9053113078646022,0.9098491996795253,-7.795029474516822
parent_human_capital_complements,baseline h,1.2,1,2.009333067747975,1.2,0.8037238446056088,0.4418584397679861,0.5006903852932414,0.9082531612590715,0.9128057991754996,-7.778976038060468
parent_human_capital_complements,baseline h,1.2,1,2.0398592267917226,1.2,0.8033596705079373,0.4421113379829271,0.5016008195351853,0.9124777720161792,0.9170515858821501,-7.7629242403038665
parent_human_capital_complements,baseline h,1.2,1,2.071017475912293,1.2,0.803578955122309,0.4419590686344874,0.5010526331281838,0.9155398419380725,0.9201290044934,-7.746830920518831
parent_human_capital_complements,baseline h,1.2,1,2.1028225742447084,1.2,0.8036338165279784,0.4419209411328282,0.5009154163189307,0.9189495210746061,0.9235557747177292,-7.730810793348478
parent_human_capital_complements,baseline h,1.2,1,2.135289665924415,1.2,0.8030114905593729,0.4423531313182849,0.5024712730881226,0.9237658363987499,0.9283962319229008,-7.714744893486171
parent_human_capital_complements,baseline h,1.2,1,2.168434290961828,1.2,0.8036908985410705,0.44188130516168034,0.5007727206081591,0.9259226061573289,0.9305638125348835,-7.698696938641598
parent_human_capital_complements,baseline h,1.2,1,2.2022723964464688,1.2,0.8031453486187596,0.4422601498328701,0.5021365750202398,0.9306250042267895,0.9352897814727564,-7.6826804642852915
parent_human_capital_complements,baseline h,1.2,1,2.23682034809129,1.2,0.8032339998524112,0.44219860800587263,0.5019149934402738,0.9340308090423542,0.9387126579560023,-7.666588227613255
parent_human_capital_complements,baseline h,1.2,1,2.2720949421281498,1.2,0.8037424987442923,0.44184549153063096,0.5006437629618707,0.936568016067886,0.9412625827846742,-7.650651315865316
parent_human_capital_complements,baseline h,1.2,1,2.308113417565749,1.2,0.8031383473031027,0.44226504445306863,0.5021541487155256,0.9414591388845789,0.9461782224565116,-7.634686118979191
parent_human_capital_complements,baseline h,1.2,1,2.344893468821764,1.2,0.8035582538857281,0.44197342404022577,0.5011043420411597,0.9442053605341517,0.9489382095993876,-7.618702946322335
parent_human_capital_complements,baseline h,1.2,1,2.382453258741261,1.2,0.8032002494581929,0.4422220408433799,0.5019993587635077,0.9486173986894619,0.9533723631879837,-7.60278181803742
parent_human_capital_complements,baseline h,1.2,1,2.4208114320139376,1.2,0.8029985510530095,0.4423621003779288,0.5025035857633167,0.952716916222584,0.9574924296382539,-7.586800379275033
parent_human_capital_complements,baseline h,1.2,1,2.4599871290031343,1.2,0.8035360795727968,0.44198883154465385,0.5011597965636556,0.9552422470846702,0.9600304187739633,-7.570882708855773
parent_human_capital_complements,baseline h,1.2,1,2.5,1.2,0.8029413299715762,0.44240184909133207,0.5026466640657012,0.9602246918859552,0.9650378381837454,-7.5549788985611155
parent_human_capital_complements,baseline h,1.2,2,0.5,1.2,0.7261570906154159,0.5197373596651667,0.802607241105182,0.7143787358086764,0.7179595741234299,-9.209093788989529
parent_human_capital_complements,baseline h,1.2,2,0.5000203210855501,1.2,0.7261541196623609,0.5197393255371023,0.8026146706557873,0.7143926655957482,0.7179735737338501,-9.208869187152986
parent_human_capital_complements,baseline h,1.2,2,0.5000812892976928,1.2,0.7261452129225152,0.5197452352316525,0.8026369805828726,0.7144344622500411,0.7180155798947445,-9.208195366757923
parent_human_capital_complements,baseline h,1.2,2,0.5001829195049198,1.2,0.7261303478263373,0.5197550625280355,0.8026741339872473,0.7145041176993085,0.7180855844934043,-9.207072283156279
parent_human_capital_complements,baseline h,1.2,2,0.5003252364947652,1.2,0.7261095333751227,0.5197688205366421,0.8027261516019816,0.714601642941644,0.7181835985830513,-9.205499861934848
parent_human_capital_complements,baseline h,1.2,2,0.5005082749838822,1.2,0.7260797623986915,0.5197885050827267,0.8028005671289328,0.7147292856604487,0.7183118811136466,-9.203477998929664
parent_human_capital_complements,baseline h,1.2,2,0.500732079632158,1.2,0.7260470588096191,0.5198101430279495,0.8028823455777705,0.7148825827158719,0.7184659465737577,-9.201006560232429
parent_human_capital_complements,baseline h,1.2,2,0.5009967050608752,1.2,0.7260084761116186,0.5198356517787587,0.8029787821226064,0.7150637143975639,0.7186479861817825,-9.198085382198975
parent_human_capital_complements,baseline h,1.2,2,0.5013022158749305,1.2,0.7259642858524612,0.5198648701274113,0.8030892395965078,0.7152725035968934,0.7188578219413289,-9.194714271458707
parent_human_capital_complements,baseline h,1.2,2,0.5016486866891229,1.2,0.7259453094017072,0.5198774404127736,0.8031367254544635,0.7154860436124392,0.719072432330657,-9.190893056256012
parent_human_capital_complements,baseline h,1.2,2,0.502036202158526,1.2,0.7260081271722993,0.5198358941061969,0.8029796806605554,0.7156621583425617,0.7192494298395378,-9.186623763730712
parent_human_capital_complements,baseline h,1.2,2,0.502464857012963,1.2,0.7261702524295615,0.519728672658188,0.8025743771592091,0.7157876985027878,0.7193755992724357,-9.181914837593382
parent_human_capital_complements,baseline h,1.2,2,0.5029347560956027,1.2,0.7262138752087055,0.519699809379229,0.8024652924633862,0.7160249586551135,0.7196140486962241,-9.176759928824499
parent_human_capital_complements,baseline h,1.2,2,0.5034460144056994,1.2,0.7265892827255065,0.5194515291335993,0.8015267853494967,0.7160379095637182,0.7196270645215282,-9.171172241857207
parent_human_capital_complements,baseline h,1.2,2,0.5039987571454999,1.2,0.7265296780968644,0.5194909412894781,0.8016757767476721,0.7163991052512835,0.7199900707100118,-9.165147814810645
parent_human_capital_complements,baseline h,1.2,2,0.5045931197713469,1.2,0.7264469234372748,0.5195456825309785,0.8018826845429845,0.7168011964451423,0.7203941773943672,-9.158676455183034
parent_human_capital_complements,baseline h,1.2,2,0.5052292480490046,1.2,0.7263550525261779,0.5196064445400432,0.8021123636906404,0.7172337096237608,0.7208288585543154,-9.151756512928166
parent_human_capital_complements,baseline h,1.2,2,0.5059072981132409,1.2,0.7262571665526532,0.5196711813566888,0.8023570727643172,0.7176943599425865,0.7212918178924732,-9.144387532460424
parent_human_capital_complements,baseline h,1.2,2,0.5066274365316988,1.2,0.7261503613157754,0.5197418191276242,0.8026240844656762,0.7181853578759481,0.7217852769632177,-9.13656902916243
parent_human_capital_complements,baseline h,1.2,2,0.507389840373095,1.2,0.7261715920264489,0.519727777397111,0.8025710071101988,0.7186041013027772,0.7222061193502085,-9.12830141329512
parent_human_capital_complements,baseline h,1.2,2,0.5081946972797818,1.2,0.7261774324971679,0.519723895150375,0.8025563617038827,0.719057959632761,0.7226622526545387,-9.119601469597349
parent_human_capital_complements,baseline h,1.2,2,0.5090422055447187,1.2,0.7260591866550278,0.5198021264351309,0.8028520360998493,0.719628637868831,0.723235791427171,-9.110452202497498
parent_human_capital_complements,baseline h,1.2,2,0.5099325741928927,1.2,0.7259492562959489,0.5198748199379579,0.8031268353233396,0.7202168344287974,0.7238269363346634,-9.100854269924742
parent_human_capital_complements,baseline h,1.2,2,0.5108660230672385,1.2,0.7258169627320948,0.5199623181463029,0.8034575748237202,0.7208456657204475,0.7244589196562802,-9.09080512592858
parent_human_capital_complements,baseline h,1.2,2,0.5118427829191048,1.2,0.7256811344878842,0.5200521416664077,0.8037971228115284,0.721501018153545,0.7251175570571187,-9.080304148111628
parent_human_capital_complements,baseline h,1.2,2,0.5128630955033207,1.2,0.7261000288857428,0.5197751065139438,0.8027499126878818,0.7217623930618996,0.7253802421126537,-9.069386091280734
parent_human_capital_complements,baseline h,1.2,2,0.5139272136779165,1.2,0.7262827134533969,0.5196542795248107,0.8022931925088737,0.7222248426676338,0.7258450097566829,-9.058055210988213
parent_human_capital_complements,baseline h,1.2,2,0.5150354015085564,1.2,0.7261730711732854,0.519726794976967,0.802567299834476,0.7229317124971564,0.7265554227859709,-9.046294158240734
parent_human_capital_complements,baseline h,1.2,2,0.5161879343777439,1.2,0.7262876669215238,0.5196509946752066,0.802280789001845,0.7234928146042924,0.7271193374291232,-9.03410162092901
parent_human_capital_complements,baseline h,1.2,2,0.5173850990988615,1.2,0.7261197484215185,0.5197620727867629,0.8027006326588599,0.7242916433459027,0.7279221703164639,-9.02147279446239
parent_human_capital_complements,baseline h,1.2,2,0.5186271940351138,1.2,0.7259424476705043,0.519879325165014,0.8031438618037476,0.7251216724816946,0.7287563599906128,-9.008392622020112
parent_human_capital_complements,baseline h,1.2,2,0.5199145292234401,1.2,0.7257626116592609,0.5199982586616463,0.8035934389853528,0.7259777924601408,0.7296167712883093,-8.994860258449435
parent_human_capital_complements,baseline h,1.2,2,0.5212474265034702,1.2,0.7256016688855458,0.5201047002917224,0.8039957913760807,0.7268437745681815,0.7304870941497302,-8.980876682251349
parent_human_capital_complements,baseline h,1.2,2,0.5226262196515982,1.2,0.7259831396790803,0.5198524109150628,0.8030421282762823,0.7273211552462363,0.7309668677083918,-8.966471151924534
parent_human_capital_complements,baseline h,1.2,2,0.5240512545202515,1.2,0.7260403329459355,0.5198145927184986,0.8028991633396196,0.7280688334421327,0.7317182936568412,-8.951668195600265
parent_human_capital_complements,baseline h,1.2,2,0.5255228891824385,1.2,0.7261772521865864,0.5197240307749296,0.8025568496109539,0.7287793929414637,0.7324324148504844,-8.93645965907053
parent_human_capital_complements,baseline h,1.2,2,0.5270414940816569,1.2,0.7259668351227835,0.5198632021194207,0.8030829072840628,0.729779528499459,0.7334375636088265,-8.920824441443447
parent_human_capital_complements,baseline h,1.2,2,0.5286074521872524,1.2,0.7258231928834724,0.5199581952413699,0.8034419939239545,0.7307529648825873,0.7344158793621306,-8.904746393840096
parent_human_capital_complements,baseline h,1.2,2,0.5302211591553182,1.2,0.7256029613214525,0.5201038676381717,0.803992610481921,0.7318095747180379,0.7354777854764215,-8.888215353931969
parent_human_capital_complements,baseline h,1.2,2,0.5318830234952302,1.2,0.7256370413288162,0.5200813229907222,0.8039073992141419,0.7326954120522835,0.7363680630887831,-8.871234291209156
parent_human_capital_complements,baseline h,1.2,2,0.5335934667419154,1.2,0.7260108954771312,0.5198340420081642,0.8029727117973855,0.7333435766058727,0.7370194765807174,-8.853891695416852
parent_human_capital_complements,baseline h,1.2,2,0.5353529236339561,1.2,0.7257712146032244,0.5199925902628865,0.8035719801130022,0.7344883782523995,0.7381700165693773,-8.836134778293621
parent_human_capital_complements,baseline h,1.2,2,0.537161842297634,1.2,0.7258702621037891,0.5199270719590667,0.8033243370993743,0.735396152253915,0.7390823408070111,-8.817947707281755
parent_human_capital_complements,baseline h,1.2,2,0.5390206844370244,1.2,0.725618887827983,0.5200933204304932,0.8039527629083758,0.7365992758254096,0.7402914950605042,-8.799339116617496
parent_human_capital_complements,baseline h,1.2,2,0.5409299255302531,1.2,0.7257043383471659,0.5200368055097665,0.8037391365489847,0.737566121185453,0.7412631867530824,-8.780287528364966
parent_human_capital_complements,baseline h,1.2,2,0.5428900550320312,1.2,0.7255719312012883,0.5201243750658986,0.8040701514481696,0.7387263673156245,0.7424292486411835,-8.760828483011206
parent_human_capital_complements,baseline h,1.2,2,0.5449015765825912,1.2,0.7257639020631068,0.5199974189370762,0.803590244086182,0.7396587627849709,0.7433663177622694,-8.741007575738134
parent_human_capital_complements,baseline h,1.2,2,0.5469650082231464,1.2,0.7255152819545267,0.5201618610750685,0.8042118189637286,0.7409588282336569,0.7446728998161355,-8.720744303614035
parent_human_capital_complements,baseline h,1.2,2,0.5490808826180046,1.2,0.7255814139081257,0.5201181190419154,0.8040464800789388,0.7420379931965907,0.7457574741159567,-8.700050259046535
parent_human_capital_complements,baseline h,1.2,2,0.5512497472834679,1.2,0.725564879458904,0.5201290371305674,0.8040877767532228,0.7432062008677857,0.7469315374524716,-8.678973731503053
parent_human_capital_complements,baseline h,1.2,2,0.5534721648236569,1.2,0.725306570841703,0.5202998790197646,0.8047335547751233,0.744588833417473,0.7483211004766552,-8.657463100559335
parent_human_capital_complements,baseline h,1.2,2,0.5557487131734017,1.2,0.7256532382205323,0.5200705916930015,0.8038668637391952,0.7455208594903214,0.7492577983496352,-8.635598939953033
parent_human_capital_complements,baseline h,1.2,2,0.5580799858483445,1.2,0.7253507598334006,0.5202706492299622,0.804623072620154,0.7469883416304787,0.7507326362746309,-8.613308069329829
parent_human_capital_complements,baseline h,1.2,2,0.5604665922024078,1.2,0.7253280722475988,0.5202856602702286,0.8046798052452799,0.7482603582447629,0.7520110288987277,-8.590590488365201
parent_human_capital_complements,baseline h,1.2,2,0.5629091576927818,1.2,0.7253784541664055,0.5202523287885514,0.8045538275260293,0.7494992718003244,0.7532561525343295,-8.56749951917251
parent_human_capital_complements,baseline h,1.2,2,0.5654083241525933,1.2,0.7254932425986451,0.5201764288549264,0.8042668980443282,0.7507115958304657,0.7544745533639602,-8.543981595808965
parent_human_capital_complements,baseline h,1.2,2,0.5679647500714233,1.2,0.7253395163647696,0.520278084236929,0.8046511786845856,0.7521620741582373,0.7559323022446058,-8.520124290589553
parent_human_capital_complements,baseline h,1.2,2,0.5705791108838415,1.2,0.7253648892044842,0.5202612995174365,0.8045877381010618,0.7534950432527611,0.757271952874521,-8.495859857312762
parent_human_capital_complements,baseline h,1.2,2,0.5732520992661372,1.2,0.7250308127721492,0.5204822619779339,0.805422957393805,0.7551403363278686,0.7589254930154872,-8.471166406827981
parent_human_capital_complements,baseline h,1.2,2,0.5759844254414287,1.2,0.725070189410302,0.5204562201067604,0.8053245177918307,0.7565124714635428,0.7603045060071508,-8.446072613367338
parent_human_capital_complements,baseline h,1.2,2,0.578776817493336,1.2,0.7253309684810985,0.5202837270525005,0.8046725244739728,0.7577313829762848,0.7615295273392763,-8.420638983973872
parent_human_capital_complements,baseline h,1.2,2,0.5816300216884137,1.2,0.725262886633894,0.5203287651810229,0.8048427527966658,0.7592393906475946,0.7630450939304946,-8.394849554418219
parent_human_capital_complements,baseline h,1.2,2,0.5845448028075416,1.2,0.7249826570441136,0.5205141105733107,0.8055433457361549,0.7609442207120325,0.7647584694911922,-8.36862295874386
parent_human_capital_complements,baseline h,1.2,2,0.5875219444864789,1.2,0.7248747561360698,0.5205854840668214,0.8058131217274813,0.7625357175873714,0.7663579437778165,-8.34195013859636
parent_human_capital_complements,baseline h,1.2,2,0.5905622495657936,1.2,0.7255063647228782,0.5201677277059094,0.8042340417141244,0.7635517644648329,0.7673790836114454,-8.314987047416103
parent_human_capital_complements,baseline h,1.2,2,0.5936665404503856,1.2,0.7251657062331794,0.5203930341857199,0.8050856953000333,0.7653829061866959,0.7692194039693857,-8.28770352189505
parent_human_capital_complements,baseline h,1.2,2,0.5968356594788269,1.2,0.7247872568158499,0.5206433321072552,0.8060318204034053,0.7672715139949067,0.7711174784636304,-8.25996453055464
parent_human_capital_complements,baseline h,1.2,2,0.600070469302753,1.2,0.7247702718665396,0.5206545780131709,0.8060743110673323,0.768891047005009,0.7727451294167283,-8.231783474213117
parent_human_capital_complements,baseline h,1.2,2,0.6033718532765401,1.2,0.7253590057245893,0.5202651959062112,0.8046024585906979,0.7700380694612344,0.7738979013469418,-8.203326047016404
parent_human_capital_complements,baseline h,1.2,2,0.6067407158575169,1.2,0.7249694586084934,0.5205228258643666,0.80557631045189,0.7720144243391992,0.7758841627449581,-8.17455480996242
parent_human_capital_complements,baseline h,1.2,2,0.6101779830169621,1.2,0.7245997720966322,0.5207673382747566,0.8065005511105159,0.7740014654589978,0.777881163949818,-8.145327201104623
parent_human_capital_complements,baseline h,1.2,2,0.6136846026621482,1.2,0.7244876882962955,0.5208414661983963,0.8067807570416673,0.7758023045408946,0.7796910297751772,-8.115704175461865
parent_human_capital_complements,baseline h,1.2,2,0.6172615450697004,1.2,0.7250702341409307,0.5204561857833115,0.8053243952156199,0.7770517376900296,0.7809467257340348,-8.085781037034788
parent_human_capital_complements,baseline h,1.2,2,0.6209098033305457,1.2,0.7247326345626364,0.5206794621144187,0.8061683855128654,0.779091484637088,0.7829966969552131,-8.055542713695546
parent_human_capital_complements,baseline h,1.2,2,0.6246303938067362,1.2,0.7246033977195019,0.5207649486862296,0.8064915059008668,0.7809842284802759,0.7848989282163965,-8.024889783985383
parent_human_capital_complements,baseline h,1.2,2,0.6284243566004422,1.2,0.724782286829565,0.5206466381699175,0.8060442885398078,0.7826447817951577,0.7865678050894075,-7.993835518258634
parent_human_capital_complements,baseline h,1.2,2,0.6322927560354111,1.2,0.7247491966753964,0.5206685184425786,0.8061270031523718,0.7845086912921552,0.7884410574716386,-7.962494002668827
parent_human_capital_complements,baseline h,1.2,2,0.6362366811512086,1.2,0.7246898171428026,0.5207077993440331,0.8062754717694646,0.7864208693915172,0.7903628204036105,-7.930834806130474
parent_human_capital_complements,baseline h,1.2,2,0.6402572462105554,1.2,0.724283231972519,0.5209766997596448,0.8072919230823554,0.7886534557886002,0.7926065976865794,-7.898776905507012
parent_human_capital_complements,baseline h,1.2,2,0.6443555912200942,1.2,0.7244783437196671,0.5208476508745926,0.8068041284639091,0.7904028297826282,0.7943647404542432,-7.86636448830618
parent_human_capital_complements,baseline h,1.2,2,0.6485328824649206,1.2,0.7247299513097281,0.5206812499356839,0.806175123544403,0.7921287921675019,0.7960993542615736,-7.833625508476143
parent_human_capital_complements,baseline h,1.2,2,0.652790313057229,1.2,0.7243246631716751,0.5209492904453152,0.8071883275583001,0.794441821288754,0.7984239774895444,-7.800594852488606
parent_human_capital_complements,baseline h,1.2,2,0.6571291034994325,1.2,0.724542428196608,0.5208052631742046,0.8066439086824881,0.7962481310412541,0.8002393414073576,-7.767130964082764
parent_human_capital_complements,baseline h,1.2,2,0.6615505022621248,1.2,0.7243852554145459,0.5209092226549086,0.8070368615667868,0.798402540787271,0.802404550177166,-7.733425587139365
parent_human_capital_complements,baseline h,1.2,2,0.6660557863772645,1.2,0.7242848941075991,0.520975594825337,0.807287754956265,0.8005349672859013,0.8045476655081019,-7.699355410128241
parent_human_capital_complements,baseline h,1.2,2,0.6706462620469753,1.2,0.7238963533430988,0.521232560408704,0.808259093663842,0.8029442373788794,0.8069690121176769,-7.664918052710178
parent_human_capital_complements,baseline h,1.2,2,0.6753232652683625,1.2,0.7243767960588403,0.5209148099339731,0.807057992871411,0.804625742101309,0.808658945417603,-7.630227817242959
parent_human_capital_complements,baseline h,1.2,2,0.6800881624747613,1.2,0.7239243696222813,0.5212140477745837,0.8081890907304744,0.8071458760898395,0.8111917116303194,-7.595182402864138
parent_human_capital_complements,baseline h,1.2,2,0.6849423511938463,1.2,0.7238120137400217,0.5212883439769858,0.8084699503997821,0.8093969988813591,0.8134541182217886,-7.559768395113906
parent_human_capital_complements,baseline h,1.2,2,0.6898872607230374,1.2,0.7243399449978609,0.520939183797156,0.8071501238540888,0.8111117782984383,0.8151774930064651,-7.524103214125416
parent_human_capital_complements,baseline h,1.2,2,0.6949243528226603,1.2,0.7238733393226102,0.5212477969334808,0.8083166641225241,0.8137285393081373,0.8178073705853093,-7.48814384711265
parent_human_capital_complements,baseline h,1.2,2,0.7000551224273222,1.2,0.7237491970237125,0.5213298902835625,0.8086269941394072,0.8160711476244477,0.8201617212746706,-7.451747404355299
parent_human_capital_complements,baseline h,1.2,2,0.7052810983759861,1.2,0.7242555672953315,0.5209949842083654,0.8073610568892415,0.8178799752399224,0.8219796156762988,-7.415143180730356
parent_human_capital_complements,baseline h,1.2,2,0.7106038441612367,1.2,0.723794282021164,0.5213000630966285,0.8085142610819895,0.8205769898755504,0.824690149154046,-7.378277896226868
parent_human_capital_complements,baseline h,1.2,2,0.7160249586982449,1.2,0.7236309160423567,0.5214081242692075,0.808922709800206,0.8230365593892482,0.8271620473112367,-7.340986816545012
parent_human_capital_complements,baseline h,1.2,2,0.7215460771139571,1.2,0.724080080371875,0.5211110522018547,0.8077997860219315,0.8249725503846757,0.8291077425019122,-7.3034261005983785
parent_human_capital_complements,baseline h,1.2,2,0.7271688715570458,1.2,0.7237076840627791,0.5213573393231189,0.8087307615220548,0.827675090727299,0.831823829384376,-7.2656674729137105
parent_human_capital_complements,baseline h,1.2,2,0.7328950520291776,1.2,0.723511987058449,0.5214867732311831,0.8092200146298745,0.8302467280490654,0.8344083570918608,-7.227525586443895
parent_human_capital_complements,baseline h,1.2,2,0.7387263672381705,1.2,0.7237153742928089,0.5213522666522497,0.8087115664744935,0.832483275669542,0.8366561154539381,-7.189028460454518
parent_human_capital_complements,baseline h,1.2,2,0.7446646054736273,1.2,0.7235363128282433,0.5214706926117061,0.8091592180151064,0.8350951875003425,0.8392811195472734,-7.150407874528531
parent_human_capital_complements,baseline h,1.2,2,0.7507115955056528,1.2,0.7233692109857068,0.5215812103504689,0.8095769740891565,0.8377245041656006,0.8419236157171622,-7.111423669513208
parent_human_capital_complements,baseline h,1.2,2,0.7568692075072764,1.2,0.723475006930066,0.5215112282140614,0.8093124586594254,0.8401306673198966,0.8443418398144601,-7.072057053645823
parent_human_capital_complements,baseline h,1.2,2,0.7631393540012239,1.2,0.7235686046688157,0.5214493286164814,0.8090784726333644,0.8425745042040893,0.8467979264820118,-7.032565264324372
parent_human_capital_complements,baseline h,1.2,2,0.7695239908317001,1.2,0.7231831030771227,0.521704301075483,0.8100422517620729,0.8454902611079688,0.8497282986781931,-6.9927735186767705
parent_human_capital_complements,baseline h,1.2,2,0.7760251181618615,1.2,0.7233537489610007,0.5215914297408833,0.8096156136913231,0.847917226640963,0.8521674294265463,-6.952570310298529
parent_human_capital_complements,baseline h,1.2,2,0.7826447814976824,1.2,0.7235627539677697,0.5214531994220677,0.8090931023214801,0.8503341351258569,0.8545964527156359,-6.912257899385139
parent_human_capital_complements,baseline h,1.2,2,0.7893850727389358,1.2,0.7229904628378017,0.5218317031656028,0.8105238399417858,0.8535123591021587,0.8577906076059151,-6.87165317403482
parent_human_capital_complements,baseline h,1.2,2,0.7962481312580323,1.2,0.7232058785077006,0.521689239900488,0.8099853175866064,0.8559780499639774,0.8602686577946113,-6.830638371837347
parent_human_capital_complements,baseline h,1.2,2,0.8032361450074849,1.2,0.7233584164548879,0.5215883431233601,0.8096039457488928,0.8585290508333009,0.8628324456090048,-6.789542418832899
parent_human_capital_complements,baseline h,1.2,2,0.8103513516567865,1.2,0.7228110324831662,0.521950364381478,0.8109723939340261,0.8617737070198336,0.866093365702354,-6.748137332666211
parent_human_capital_complements,baseline h,1.2,2,0.8175960397595149,1.2,0.7232679522874015,0.5216481782487878,0.8098301159808494,0.864088885382872,0.8684201489452302,-6.706378126631174
parent_human_capital_complements,baseline h,1.2,2,0.8249725499515008,1.2,0.7231299989307557,0.5217394089372756,0.8101749805389854,0.8670000045440251,0.8713458601519027,-6.664493743696321
parent_human_capital_complements,baseline h,1.2,2,0.8324832761809209,1.2,0.7225741334057403,0.5221070561680372,0.8115646699833683,0.8703434769169761,0.8747060917498661,-6.622318091638348
parent_human_capital_complements,baseline h,1.2,2,0.8401306669712053,1.2,0.7230271548093861,0.5218074306035254,0.8104320977994097,0.8727408515211942,0.8771154832442957,-6.57986834910787
parent_human_capital_complements,baseline h,1.2,2,0.8479172267176741,1.2,0.7225175759555704,0.5221444496163621,0.8117060357743389,0.8760999508078494,0.880491420086194,-6.537210346571255
parent_human_capital_complements,baseline h,1.2,2,0.8558455170188431,1.2,0.7226571566707065,0.5220521395767552,0.8113570958893743,0.8788560647685271,0.8832613491255904,-6.494292749708354
parent_human_capital_complements,baseline h,1.2,2,0.8639181580433734,1.2,0.7228038184101628,0.5219551391884021,0.810990437269133,0.8816317468564248,0.8860509443778528,-6.45116986467699
parent_human_capital_complements,baseline h,1.2,2,0.8721378299336601,1.2,0.722188012564427,0.5223624180201814,0.8125299515053442,0.8851868506052792,0.8896238681584058,-6.407766851198005
parent_human_capital_complements,baseline h,1.2,2,0.8805072742470966,1.2,0.7224136917769484,0.5222131699808494,0.8119657777396181,0.8879410213059576,0.8923918441971717,-6.36416225268534
parent_human_capital_complements,baseline h,1.2,2,0.88902929543607,1.2,0.722517293020364,0.5221446434783128,0.8117067583884496,0.8908425986795889,0.8953079657879134,-6.320367892470229
parent_human_capital_complements,baseline h,1.2,2,0.8977067623677852,1.2,0.7222843359063129,0.5222987235303169,0.8122891690604461,0.8941081763450505,0.8985899122295411,-6.276267138808578
parent_human_capital_complements,baseline h,1.2,2,0.9065426098850453,1.2,0.7221172734982508,0.52240919383524,0.8127067781200734,0.8973376222073447,0.9018355457565844,-6.231982926205495
parent_human_capital_complements,baseline h,1.2,2,0.9155398404091444,1.2,0.7222138702617857,0.5223453152553332,0.81246530473731,0.9003304414689548,0.9048433665871718,-6.187540593118012
parent_human_capital_complements,baseline h,1.2,2,0.9247015255860773,1.2,0.7219717235183429,0.5225054716114086,0.8130706860963319,0.9036942226927774,0.9082240088345453,-6.14281592413039
parent_human_capital_complements,baseline h,1.2,2,0.9340308079772923,1.2,0.7222648777670164,0.5223115819077162,0.8123377899996842,0.9065426099548787,0.9110866736972134,-6.097844082004678
parent_human_capital_complements,baseline h,1.2,2,0.9435309027962627,1.2,0.7222939439557031,0.5222923705753584,0.8122651525092096,0.909686904071737,0.9142467286539206,-6.0527990615765095
parent_human_capital_complements,baseline h,1.2,2,0.9532050996921831,1.2,0.7216450366516358,0.5227215411209484,0.813887418610675,0.9135570907601488,0.9181363147338377,-6.007451528772644
parent_human_capital_complements,baseline h,1.2,2,0.9630567645821445,1.2,0.722195781594849,0.5223572827417857,0.8125105356635212,0.9162210023172206,0.920813579203157,-5.961889800374671
parent_human_capital_complements,baseline h,1.2,2,0.9730893415331738,1.2,0.721958912060386,0.5225139516460456,0.8131027302728457,0.9197264591311859,0.9243366071925241,-5.916262796983263
parent_human_capital_complements,baseline h,1.2,2,0.9833063546955787,1.2,0.7213395008659311,0.5229236086252025,0.814651243496028,0.9236617458867818,0.9282916196550702,-5.87026982842603
parent_human_capital_complements,baseline h,1.2,2,0.9937114102890687,1.2,0.7222162723839245,0.5223437441783181,0.812459339412501,0.9260615442181057,0.9307034470255882,-5.824166827808446
parent_human_capital_complements,baseline h,1.2,2,1.0043081986431819,1.2,0.721645110257509,0.5227214768441808,0.8138871992250931,0.9300081786084602,0.9346698640031488,-5.777969030255045
parent_human_capital_complements,baseline h,1.2,2,1.0151004962935855,1.2,0.7210338235337851,0.5231257703595427,0.8154154236416579,0.9340308076998749,0.9387126566067937,-5.731350775226717
parent_human_capital_complements,baseline h,1.2,2,1.0260921681358672,1.2,0.7219007272589809,0.5225524315165091,0.8132481874204619,0.9365145301616942,0.941208828779262,-5.6848075902600215
parent_human_capital_complements,baseline h,1.2,2,1.037287169638491,1.2,0.7212778935776363,0.5229643609718077,0.8148052771064236,0.9406119508980162,0.9453267879224946,-5.638005749952498
parent_human_capital_complements,baseline h,1.2,2,1.0486895491166357,1.2,0.7217807803543637,0.5226317589953122,0.8135480490470046,0.943533163518836,0.9482626431825107,-5.590877820535468
parent_human_capital_complements,baseline h,1.2,2,1.0603034500686892,1.2,0.7215272059332011,0.5227994728725178,0.8141819985416695,0.9472955030048391,0.9520438414736678,-5.543846345360869
parent_human_capital_complements,baseline h,1.2,2,1.0721331135772334,1.2,0.7209395561888002,0.5231881306980519,0.8156511242343815,0.9514517137956167,0.9562208853577301,-5.496454156382769
parent_human_capital_complements,baseline h,1.2,2,1.0841828807763967,1.2,0.7213984125785291,0.5228846343279538,0.8145039380772705,0.9545002215413916,0.9592846738121709,-5.4489405942436715
parent_human_capital_complements,baseline h,1.2,2,1.0964571953875313,1.2,0.7211367117366205,0.5230577116689548,0.8151581783285688,0.9583629062098394,0.9631667202680927,-5.401359107852233
parent_human_capital_complements,baseline h,1.2,2,1.1089606063252093,1.2,0.7209253406912841,0.5231975174349158,0.8156866288511051,0.9622013681825238,0.9670244226114829,-5.353484107218437
parent_human_capital_complements,baseline h,1.2,2,1.1216977703756155,1.2,0.7210051623777065,0.5231447279233123,0.815487080552366,0.9657478687226224,0.9705887000595166,-5.30553765711213
parent_human_capital_complements,baseline h,1.2,2,1.1346734549494641,1.2,0.7208049910700305,0.5232771144935866,0.8159875046014242,0.9696339011260039,0.9744942112813805,-5.257445851657037
parent_human_capital_complements,baseline h,1.2,2,1.147892540911644,1.2,0.721016701061783,0.5231371034245251,0.8154582495050402,0.9730893416460898,0.9779669722691517,-5.209135261229713
parent_human_capital_complements,baseline h,1.2,2,1.1613600254898573,1.2,0.7209232948867623,0.5231988832088307,0.8156917722308659,0.97691435791993,0.981811161516852,-5.160771366955588
parent_human_capital_complements,baseline h,1.2,2,1.1750810252645967,1.2,0.720760582616151,0.5233064896798518,0.8160985359777533,0.980847355137728,0.9857638729652443,-5.112269919144589
parent_human_capital_complements,baseline h,1.2,2,1.189060779242872,1.2,0.7208839499631656,0.5232249065678349,0.8157901381326842,0.9844851578501368,0.9894199102396314,-5.063570450180938
parent_human_capital_complements,baseline h,1.2,2,1.2033046520181812,1.2,0.7209171822482772,0.5232029266633096,0.8157070554241093,0.988252991804674,0.9932066305404603,-5.01474843213964
parent_human_capital_complements,baseline h,1.2,2,1.217818137019287,1.2,0.7203886712034872,0.5235524560548714,0.8170282991289614,0.9926948676822528,0.9976707714135306,-4.965849754548694
parent_human_capital_complements,baseline h,1.2,2,1.2326068598504607,1.2,0.7204671958297835,0.5235005247800071,0.8168319943712727,0.9964698889363758,1.0014647150404343,-4.916795475453489
parent_human_capital_complements,baseline h,1.2,2,1.247676581725918,1.2,0.7206445419990303,0.5233832293380467,0.8163886221396596,1.000157403739917,1.0051707135888477,-4.867621013478354
parent_human_capital_complements,baseline h,1.2,2,1.2630332030012734,1.2,0.7204478263713314,0.5235133276208993,0.8168804006728685,1.0043081996598013,1.0093423154598637,-4.8182870236793365
parent_human_capital_complements,baseline h,1.2,2,1.2786827668049243,1.2,0.7204397051675788,0.5235187095968634,0.8169007281981076,1.008268244431623,1.0133222100387083,-4.76892120541121
parent_human_capital_complements,baseline h,1.2,2,1.294631462772364,1.2,0.7202603364648017,0.5236373294182706,0.8173491266558359,1.0124589374518065,1.0175339089950708,-4.719407685140201
parent_human_capital_complements,baseline h,1.2,2,1.31088563088653,1.2,0.7203436299432695,0.5235822489183565,0.8171409106035632,1.0163683604349367,1.021462928042452,-4.669755010440499
parent_human_capital_complements,baseline h,1.2,2,1.3274517654273796,1.2,0.7200549419576093,0.5237731718178003,0.8178626117251616,1.0207490040553575,1.0258655297303978,-4.620077739173681
parent_human_capital_complements,baseline h,1.2,2,1.3443365190339982,1.2,0.719826072789536,0.5239245442359217,0.8184347935375347,1.0250897384958262,1.0302280221927946,-4.57018211858955
parent_human_capital_complements,baseline h,1.2,2,1.3615467068826452,1.2,0.7203642650378912,0.5235685949117446,0.8170893082219455,1.028536178982941,1.0336917380347417,-4.5203026951520044
parent_human_capital_complements,baseline h,1.2,2,1.3790893109842512,1.2,0.7196164141861406,0.5240632167834975,0.8189589614788321,1.0335639583590988,1.0387447192598989,-4.4702858731075645
parent_human_capital_complements,baseline h,1.2,2,1.3969714846049992,1.2,0.7199694110474117,0.5238297493460534,0.8180764604694375,1.0372871696409345,1.0424865932159488,-4.420059410481181
parent_human_capital_complements,baseline h,1.2,2,1.4152005568137338,1.2,0.719927159819388,0.5238577032218967,0.8181821110878739,1.0415183523070197,1.0467389847734077,-4.370020876004828
parent_human_capital_complements,baseline h,1.2,2,1.4337840371600625,1.2,0.7192201684766606,0.5243252779200331,0.8199495618459745,1.046597395206753,1.051843486481622,-4.319639449730826
parent_human_capital_complements,baseline h,1.2,2,1.4527296204871472,1.2,0.7202417794124976,0.5236496062098179,0.8173955274713698,1.0495711392618743,1.05483213649085,-4.269279804937376
parent_human_capital_complements,baseline h,1.2,2,1.4720451918832933,1.2,0.7194833180382163,0.5241512437420767,0.8192917027688138,1.0547787071422423,1.0600658074138452,-4.21894175395072
parent_human_capital_complements,baseline h,1.2,2,1.4917388317766058,1.2,0.719205251791363,0.524335139539865,0.8199868446850509,1.0594217003741304,1.0647320737461579,-4.168260267491308
parent_human_capital_complements,baseline h,1.2,2,1.5118188211770927,1.2,0.7198032991587191,0.5239396168520664,0.8184917518617676,1.0629922233508584,1.0683204940437858,-4.117813986114098
parent_human_capital_complements,baseline h,1.2,2,1.5322936470707536,1.2,0.7190895520412395,0.5244116711940705,0.8202761182269127,1.0682449215136638,1.0735995214657004,-4.0671723213001885
parent_human_capital_complements,baseline h,1.2,2,1.5531720079703377,1.2,0.7194760840667345,0.5241560326910394,0.8193097980765429,1.0721331123680264,1.0775072019578258,-4.016308541658667
parent_human_capital_complements,baseline h,1.2,2,1.5744628196276003,1.2,0.7194125452283682,0.5241980495104539,0.8194686310613413,1.0766201916840823,1.0820167728525514,-3.965713783567975
parent_human_capital_complements,baseline h,1.2,2,1.5961752209120554,1.2,0.7190670669823667,0.524426536837874,0.8203323185659315,1.0814991570913421,1.0869201941756874,-3.914819218595107
parent_human_capital_complements,baseline h,1.2,2,1.618318579861377,1.2,0.719679640929905,0.5240214079680725,0.8188009123416834,1.085168436226578,1.0906078656491274,-3.863897084375237
parent_human_capital_complements,baseline h,1.2,2,1.6409024999087747,1.2,0.718968181819976,0.5244919309582886,0.8205795175934225,1.0905828846965142,1.096049454154961,-3.8130666171952896
parent_human_capital_complements,baseline h,1.2,2,1.6639368262928396,1.2,0.7186738697037072,0.5246865977790247,0.821315334059121,1.0954877378854493,1.1009788930228182,-3.762015213281985
parent_human_capital_complements,baseline h,1.2,2,1.6874316526555453,1.2,0.7192421474586217,0.5243107471645132,0.8198946271104943,1.0992873909254566,1.1047975919029471,-3.7110255158105083
parent_human_capital_complements,baseline h,1.2,2,1.7113973278342638,1.2,0.7189604365356623,0.5244970706068146,0.8205989196005934,1.1042326564960045,1.1097676457203227,-3.659988609369494
parent_human_capital_complements,baseline h,1.2,2,1.7358444628538618,1.2,0.7188651151945107,0.5245600996902426,0.8208371909029599,1.1089606066958708,1.114519294869188,-3.6088137613695346
parent_human_capital_complements,baseline h,1.2,2,1.7607839381251333,1.2,0.7188037913940221,0.5246006723169359,0.8209905334207886,1.113671458090713,1.1192537595049123,-3.557751926561371
parent_human_capital_complements,baseline h,1.2,2,1.7862269108560356,1.2,0.7185738731592568,0.5247527346930342,0.8215653291245448,1.1186374515544206,1.124244645114444,-3.506619333695626
parent_human_capital_complements,baseline h,1.2,2,1.8121848226824113,1.2,0.7186674571111105,0.5246908192841743,0.821331321025397,1.1231951292761582,1.1288251682908326,-3.455376253272117
parent_human_capital_complements,baseline h,1.2,2,1.8386694075250942,1.2,0.7188626452419615,0.5245617333747842,0.8208433660520489,1.1276393750652274,1.1332916909546238,-3.4042004823822687
parent_human_capital_complements,baseline h,1.2,2,1.8656926996805347,1.2,0.7181392944704761,0.5250401477427662,0.8226517606101178,1.1333671323379684,1.139048158730172,-3.3529722209662802
parent_human_capital_complements,baseline h,1.2,2,1.8932670421523103,1.2,0.7182910679963319,0.5249397726448528,0.8222723363621944,1.1379258109305421,1.1436296877942826,-3.3016923486526686
parent_human_capital_complements,baseline h,1.2,2,1.921405095231136,1.2,0.71843208705322,0.5248465118076617,0.8219198017265567,1.1425232599408,1.1482501816136041,-3.2505075550565437
parent_human_capital_complements,baseline h,1.2,2,1.9501198453312445,1.2,0.7180370476697846,0.5251077631729457,0.8229073592064562,1.147892540288587,1.1536463755911344,-3.1991392667113208
parent_human_capital_complements,baseline h,1.2,2,1.979424614091259,1.2,0.7183146737159843,0.5249241625382136,0.8222133269206843,1.1523506065460207,1.158126787998676,-3.147896116241359
parent_human_capital_complements,baseline h,1.2,2,2.009333067747975,1.2,0.7180110080418425,0.5251249813809382,0.8229724497301256,1.1576504859602958,1.1634532331690677,-3.096681629322407
parent_human_capital_complements,baseline h,1.2,2,2.0398592267917226,1.2,0.7182401671917927,0.524973431943794,0.8223995764567319,1.1622249205095851,1.1680505971669555,-3.045312854649681
parent_human_capital_complements,baseline h,1.2,2,2.071017475912293,1.2,0.7178960312039049,0.5252010283802673,0.8232599011625412,1.1676398563196397,1.17349267545571,-2.9940863267711433
parent_human_capital_complements,baseline h,1.2,2,2.1028225742447084,1.2,0.7176484294207631,0.5253647886629501,0.8238789112668078,1.172947336674703,1.1788267596667639,-2.9428171832669467
parent_human_capital_complements,baseline h,1.2,2,2.135289665924415,1.2,0.7182170044898686,0.5249887539583964,0.8224574894877748,1.1771058277081001,1.1830060952232095,-2.8915073388775916
parent_human_capital_complements,baseline h,1.2,2,2.168434290961828,1.2,0.7177914622346482,0.5252701876350323,0.8235213233216052,1.18272441011447,1.1886528408910917,-2.8402961685700534
parent_human_capital_complements,baseline h,1.2,2,2.2022723964464688,1.2,0.7172361844269176,0.5256374400708734,0.8249095296538232,1.1885642096353597,1.1945219125288946,-2.7890063754421637
parent_human_capital_complements,baseline h,1.2,2,2.23682034809129,1.2,0.7178177420039143,0.5252528125894274,0.8234556369489071,1.192768926697979,1.198747705823498,-2.737852826551883
parent_human_capital_complements,baseline h,1.2,2,2.2720949421281498,1.2,0.7176407468870402,0.5253698684048387,0.823898114655134,1.1981093315705764,1.2041148795869172,-2.686638241634831
parent_human_capital_complements,baseline h,1.2,2,2.308113417565749,1.2,0.7175800193984962,0.5254100304253315,0.8240499296061559,1.203304652649073,1.2093362423206908,-2.6353570101927835
parent_human_capital_complements,baseline h,1.2,2,2.344893468821764,1.2,0.7174813591412244,0.5254752976614522,0.8242966159549494,1.2085823492093135,1.2146403934450292,-2.5843590376969527
parent_human_capital_complements,baseline h,1.2,2,2.382453258741261,1.2,0.7172510363976261,0.5256276198455099,0.8248724054119905,1.2140840916668711,1.2201697135014182,-2.533172123805154
parent_human_capital_complements,baseline h,1.2,2,2.4208114320139376,1.2,0.7178497071406098,0.5252316838506217,0.8233757518326001,1.2183598662971369,1.2244669205412082,-2.4820611971198674
parent_human_capital_complements,baseline h,1.2,2,2.4599871290031343,1.2,0.7171000579510606,0.5257274759650977,0.8252498575377812,1.2247012769172583,1.2308401176143413,-2.4311189496640004
parent_human_capital_complements,baseline h,1.2,2,2.5,1.2,0.7168681002109187,0.5258808802011636,0.8258297360853206,1.2302870795464096,1.2364539191956874,-2.379976490804342
parent_human_capital_complements,baseline h,1.2,3,0.5,1.2,0.6544749771925158,0.6047856453934994,1.1978125659649366,0.8322243214249373,0.8363958631957807,-11.981657219376537
parent_human_capital_complements,baseline h,1.2,3,0.5000203210855501,1.2,0.6544740954053456,0.6047861714428442,1.197814754458679,0.832239295464054,0.8364109122925808,-11.981008457704709
parent_human_capital_complements,baseline h,1.2,3,0.5000812892976928,1.2,0.6544714735121762,0.6047877468899896,1.1978212897625578,0.8322842120775402,0.836456054051529,-11.979062207957659
parent_human_capital_complements,baseline h,1.2,3,0.5001829195049198,1.2,0.6544671458256657,0.604790381506844,1.1978321618373347,0.8323590716734927,0.8365312888827678,-11.975818575943613
parent_human_capital_complements,baseline h,1.2,3,0.5003252364947652,1.2,0.654461029101268,0.6047940540803494,1.1978474012343194,0.8324638848730459,0.8366366274606701,-11.97127773800948
parent_human_capital_complements,baseline h,1.2,3,0.5005082749838822,1.2,0.6544532090921855,0.6047987733507665,1.197866943911118,0.832598644083935,0.836772062154915,-11.965439941031164
parent_human_capital_complements,baseline h,1.2,3,0.500732079632158,1.2,0.654443650143762,0.6048045615628008,1.197890880778235,0.8327633759786374,0.8369376197716756,-11.958305502420075
parent_human_capital_complements,baseline h,1.2,3,0.5009967050608752,1.2,0.6544323457927192,0.6048113964717468,1.1979191630430992,0.8329580795258726,0.8371332992745028,-11.949874810103424
parent_human_capital_complements,baseline h,1.2,3,0.5013022158749305,1.2,0.6544192964430737,0.6048192676681025,1.1979517644444926,0.8331827601014092,0.8373591060661109,-11.94014832252376
parent_human_capital_complements,baseline h,1.2,3,0.5016486866891229,1.2,0.6544045050457925,0.6048281926323891,1.1979887254530615,0.8334374387996559,0.837615061346645,-11.929126568632194
parent_human_capital_complements,baseline h,1.2,3,0.502036202158526,1.2,0.6543879924509086,0.6048381696953653,1.1980300210723784,0.8337221246067412,0.8379011741472767,-11.916810147871452
parent_human_capital_complements,baseline h,1.2,3,0.502464857012963,1.2,0.6543697328518796,0.6048491917860117,1.1980756595445734,0.8340368351758245,0.8382174622096521,-11.903199730168716
parent_human_capital_complements,baseline h,1.2,3,0.5029347560956027,1.2,0.6543497463575516,0.6048612632744589,1.198125631616204,0.8343815861409957,0.8385639412462276,-11.888296055919685
parent_human_capital_complements,baseline h,1.2,3,0.5034460144056994,1.2,0.6543280368129532,0.6048743754204461,1.1981799117314345,0.8347563913570408,0.8389406251812365,-11.872099935973823
parent_human_capital_complements,baseline h,1.2,3,0.5039987571454999,1.2,0.6543045619655898,0.6048885396651229,1.1982385705625753,0.8351612866459889,0.8393475500162662,-11.854612251623273
parent_human_capital_complements,baseline h,1.2,3,0.5045931197713469,1.2,0.6542793828900308,0.6049037435356919,1.1983015160526274,0.8355962751443663,0.8397847189035654,-11.83583395457296
parent_human_capital_complements,baseline h,1.2,3,0.5052292480490046,1.2,0.6542524530881271,0.6049199978357094,1.1983688215357748,0.8360613965622743,0.8402521717522827,-11.815766066936554
parent_human_capital_complements,baseline h,1.2,3,0.5059072981132409,1.2,0.6542238188914853,0.6049373015335273,1.1984404381177964,0.836556666443716,0.840749924184336,-11.794409681202254
parent_human_capital_complements,baseline h,1.2,3,0.5066274365316988,1.2,0.6541934634323834,0.6049556431879963,1.1985163542465993,0.8370821098583541,0.8412780013950507,-11.771765960217879
parent_human_capital_complements,baseline h,1.2,3,0.507389840373095,1.2,0.6541613551165195,0.6049750227991162,1.1985966015164848,0.8376377626561881,0.8418364394141243,-11.747836137167187
parent_human_capital_complements,baseline h,1.2,3,0.5081946972797818,1.2,0.6541275461836131,0.6049954430677764,1.1986811343967434,0.8382236459903972,0.8424252595007673,-11.72262151553883
parent_human_capital_complements,baseline h,1.2,3,0.5090422055447187,1.2,0.6540920110095576,0.6050169056632175,1.1987699826578746,0.8388397986033862,0.8430445005915815,-11.69612346910644
parent_human_capital_complements,baseline h,1.2,3,0.5099325741928927,1.2,0.6540547529101368,0.605039397475049,1.1988631104178844,0.8394862469392617,0.843694189263225,-11.668343441893285
parent_human_capital_complements,baseline h,1.2,3,0.5108660230672385,1.2,0.6540157700813944,0.6050629386846813,1.1989605696113537,0.8401630377202375,0.844374372472108,-11.639282948149207
parent_human_capital_complements,baseline h,1.2,3,0.5118427829191048,1.2,0.653976213624575,0.6050868120817078,1.1990594275863868,0.8408695837192204,0.8450844600476489,-11.60894357229804
parent_human_capital_complements,baseline h,1.2,3,0.5128630955033207,1.2,0.653933828157391,0.6051124221336224,1.1991654284225266,0.8416071464588514,0.8458257198358973,-11.577326968957266
parent_human_capital_complements,baseline h,1.2,3,0.5139272136779165,1.2,0.6538897220287683,0.6051390597326862,1.199275702347224,0.8423751559350344,0.8465975789756001,-11.544434862831825
parent_human_capital_complements,baseline h,1.2,3,0.5150354015085564,1.2,0.6538438847355108,0.6051667228156037,1.1993902547384483,0.8431736554134001,0.8474000809492572,-11.510269048721508
parent_human_capital_complements,baseline h,1.2,3,0.5161879343777439,1.2,0.6537963685641017,0.6051954292569501,1.1995090777101622,0.844002686924065,0.8482332679976624,-11.47483139147206
parent_human_capital_complements,baseline h,1.2,3,0.5173850990988615,1.2,0.6537471413981595,0.6052251507726483,1.1996321331210984,0.8448622875974559,0.8490971774373595,-11.438123825935257
parent_human_capital_complements,baseline h,1.2,3,0.5186271940351138,1.2,0.6536962112224121,0.6052559075441082,1.1997594631171524,0.8457525133280132,0.8499918654429607,-11.400148356921989
parent_human_capital_complements,baseline h,1.2,3,0.5199145292234401,1.2,0.6536435885144782,0.6052876908310696,1.1998910355098982,0.8466734056660887,0.8509173737730901,-11.360907059164003
parent_human_capital_complements,baseline h,1.2,3,0.5212474265034702,1.2,0.6535892602103863,0.6053204918932715,1.2000268416525,0.8476250127573223,0.8518737508147185,-11.320402077263815
parent_human_capital_complements,baseline h,1.2,3,0.5226262196515982,1.2,0.6535332345812863,0.6053543151008447,1.2001668841292115,0.848607386716886,0.8528610489442462,-11.278635625646931
parent_human_capital_complements,baseline h,1.2,3,0.5240512545202515,1.2,0.653475541659704,0.6053891523511215,1.2003111127804815,0.8496205698358892,0.8538793106647679,-11.235609988514298
parent_human_capital_complements,baseline h,1.2,3,0.5255228891824385,1.2,0.6534161722834115,0.6054250171485476,1.2004595703135803,0.8506646259512547,0.8549286001331899,-11.191327519784341
parent_human_capital_complements,baseline h,1.2,3,0.5270414940816569,1.2,0.6533551012069339,0.605461891618547,1.2006122375735369,0.8517396071028622,0.8560089696502434,-11.14579064304483
parent_human_capital_complements,baseline h,1.2,3,0.5286074521872524,1.2,0.6532923552980039,0.6054997838637873,1.2007691078196436,0.8528455695223727,0.8571204757294514,-11.099001851493782
parent_human_capital_complements,baseline h,1.2,3,0.5302211591553182,1.2,0.6532279292805367,0.6055386841123599,1.200930162054565,0.8539825682876374,0.858263173724744,-11.050963707881898
parent_human_capital_complements,baseline h,1.2,3,0.5318830234952302,1.2,0.6531618249879467,0.605578596734395,1.2010954093002901,0.8551506660511936,0.859437126602706,-11.001678844450423
parent_human_capital_complements,baseline h,1.2,3,0.5335934667419154,1.2,0.6530940791678019,0.6056195156905213,1.2012647978074527,0.8563499137339783,0.8606423855395162,-10.951149962871952
parent_human_capital_complements,baseline h,1.2,3,0.5353529236339561,1.2,0.6530246492303617,0.6056614372482017,1.201438360894171,0.8575803822345478,0.8618790217891117,-10.899379834179467
parent_human_capital_complements,baseline h,1.2,3,0.537161842297634,1.2,0.652953562990831,0.6057043678408622,1.2016160867258705,0.8588421341049549,0.8631470982170885,-10.846371298704362
parent_human_capital_complements,baseline h,1.2,3,0.5390206844370244,1.2,0.6528808163010136,0.6057482895939275,1.201797935050302,0.8601352271172535,0.8644466728850844,-10.79212726600593
parent_human_capital_complements,baseline h,1.2,3,0.5409299255302531,1.2,0.652806428035714,0.6057932062399339,1.2019838962642817,0.8614597271594738,0.8657778120113946,-10.736650714797111
parent_human_capital_complements,baseline h,1.2,3,0.5428900550320312,1.2,0.6527303774681328,0.6058391308892727,1.2021740236608203,0.8628157153811554,0.8671405971523225,-10.679944692868556
parent_human_capital_complements,baseline h,1.2,3,0.5449015765825912,1.2,0.6526527142075915,0.6058860423288858,1.2023682149373602,0.8642032401582012,0.8685350769262562,-10.622012317020513
parent_human_capital_complements,baseline h,1.2,3,0.5469650082231464,1.2,0.6525733917204029,0.6059339415904209,1.2025665191902022,0.8656223845438533,0.869961334802744,-10.56285677297091
parent_human_capital_complements,baseline h,1.2,3,0.5490808826180046,1.2,0.6524924149049747,0.6059828259729891,1.2027689248119302,0.8670732196489137,0.871419442249032,-10.502481315281868
parent_human_capital_complements,baseline h,1.2,3,0.5512497472834679,1.2,0.6524098309116109,0.6060327042168507,1.202975406363046,0.868555814887433,0.8729094690271104,-10.440889267272995
parent_human_capital_complements,baseline h,1.2,3,0.5534721648236569,1.2,0.652325613697085,0.6060835632116153,1.2031859573205672,0.8700702452097492,0.8744314904630072,-10.37808402093267
parent_human_capital_complements,baseline h,1.2,3,0.5557487131734017,1.2,0.6522397672264169,0.6061353948546151,1.2034005535924468,0.8716165830041943,0.8759855793079028,-10.314069036829398
parent_human_capital_complements,baseline h,1.2,3,0.5580799858483445,1.2,0.6521523142687902,0.6061882055792768,1.203619188390133,0.8731949058262702,0.8775718135060473,-10.24884784401734
parent_human_capital_complements,baseline h,1.2,3,0.5604665922024078,1.2,0.6520632491691178,0.6062419960231931,1.2038418689524932,0.8748052956938625,0.8791902754864426,-10.182424039940578
parent_human_capital_complements,baseline h,1.2,3,0.5629091576927818,1.2,0.6519725926310527,0.606296748705843,1.2040685311542612,0.8764478199498216,0.8808410329294968,-10.114801290338049
parent_human_capital_complements,baseline h,1.2,3,0.5654083241525933,1.2,0.6518803093843428,0.6063524706982464,1.2042992278301008,0.878122573412239,0.8825241811285789,-10.0459833291339
parent_human_capital_complements,baseline h,1.2,3,0.5679647500714233,1.2,0.6517864269647542,0.6064091609687547,1.2045339288816321,0.8798296336058969,0.8842397979970658,-9.975973958341132
parent_human_capital_complements,baseline h,1.2,3,0.5705791108838415,1.2,0.6516909719485264,0.606466799335958,1.2047725576019932,0.8815690687300749,0.8859879520760873,-9.904777047952166
parent_human_capital_complements,baseline h,1.2,3,0.5732520992661372,1.2,0.6515939272281237,0.6065254113830449,1.2050151946473595,0.8833409837259917,0.8877687488328821,-9.83239653581948
parent_human_capital_complements,baseline h,1.2,3,0.5759844254414287,1.2,0.6514952858033238,0.606584960085677,1.2052617550494973,0.8851454473342415,0.8895822573526083,-9.758836427554812
parent_human_capital_complements,baseline h,1.2,3,0.578776817493336,1.2,0.651395086180431,0.6066454824681925,1.2055122922705588,0.886982560851584,0.8914285794397775,-9.684100796399022
parent_human_capital_complements,baseline h,1.2,3,0.5816300216884137,1.2,0.651293301297365,0.6067069273642145,1.2057667062753434,0.8888523918526511,0.8933077830077409,-9.608193783113538
parent_human_capital_complements,baseline h,1.2,3,0.5845448028075416,1.2,0.6511899719901242,0.60676934594012,1.2060250833251336,0.8907550515176468,0.8952199797939958,-9.53111959584188
parent_human_capital_complements,baseline h,1.2,3,0.5875219444864789,1.2,0.6510850802051322,0.6068326799585129,1.2062872968118132,0.8926906035293837,0.8971652338005661,-9.45288250999877
parent_human_capital_complements,baseline h,1.2,3,0.5905622495657936,1.2,0.6509786242074631,0.6068969577034702,1.2065534187279565,0.8946591581316788,0.8991436558238681,-9.373486868121688
parent_human_capital_complements,baseline h,1.2,3,0.5936665404503856,1.2,0.6508706338465773,0.6069621764741033,1.206823412515095,0.8966608018164057,0.9011553327893178,-9.29293707974893
parent_human_capital_complements,baseline h,1.2,3,0.5968356594788269,1.2,0.6507611114778644,0.6070283221283734,1.207097240689015,0.8986956218770791,0.9032003524279905,-9.211237621276721
parent_human_capital_complements,baseline h,1.2,3,0.600070469302753,1.2,0.6506500159036488,0.6070953869576676,1.2073749252991974,0.9007637204235247,0.9052788173615394,-9.128393035814412
parent_human_capital_complements,baseline h,1.2,3,0.6033718532765401,1.2,0.6505374358147225,0.6071633786705988,1.2076563968030447,0.9028651793597756,0.9073908099045435,-9.044407933044917
parent_human_capital_complements,baseline h,1.2,3,0.6067407158575169,1.2,0.650423315863085,0.6072322972671671,1.2079417105485577,0.9050001106231629,0.9095364425554218,-8.959286989065703
parent_human_capital_complements,baseline h,1.2,3,0.6101779830169621,1.2,0.6503076699944257,0.607302125266851,1.208230809168432,0.9071686009188195,0.9117158024539187,-8.873034946245127
parent_human_capital_complements,baseline h,1.2,3,0.6136846026621482,1.2,0.6501905349478654,0.607372852897742,1.2085236316501256,0.909370736936829,0.9139289767246538,-8.785656613059897
parent_human_capital_complements,baseline h,1.2,3,0.6172615450697004,1.2,0.650071898837812,0.60744450304214,1.2088202467188636,0.9116066367585877,0.9161760840409086,-8.697156863927658
parent_human_capital_complements,baseline h,1.2,3,0.6209098033305457,1.2,0.6499517642732187,0.607517048447615,1.2091205840706567,0.9138763867409588,0.918457211192412,-8.607540639052344
parent_human_capital_complements,baseline h,1.2,3,0.6246303938067362,1.2,0.6498301250850926,0.6075905005553166,1.2094246782943134,0.9161800988528229,0.9207724707092909,-8.516812944243544
parent_human_capital_complements,baseline h,1.2,3,0.6284243566004422,1.2,0.649707020146296,0.6076648425223172,1.2097324486791399,0.9185178586323421,0.9231219485584692,-8.424978850751344
parent_human_capital_complements,baseline h,1.2,3,0.6322927560354111,1.2,0.649582437881252,0.6077400683092451,1.2100438917989125,0.920889770709926,0.9255057498948186,-8.332043495079228
parent_human_capital_complements,baseline h,1.2,3,0.6362366811512086,1.2,0.6494563935366329,0.6078161893572502,1.2103590208267763,0.9232959445391125,0.9279239847205152,-8.238012078803294
parent_human_capital_complements,baseline h,1.2,3,0.6402572462105554,1.2,0.6493288790588949,0.6078931800831441,1.2106777802676347,0.9257364739405235,0.9303767473264588,-8.142889868387986
parent_human_capital_complements,baseline h,1.2,3,0.6443555912200942,1.2,0.6491999036521396,0.6079710633692258,1.2110002177570167,0.9282114782373612,0.9328641576339614,-8.046682194986271
parent_human_capital_complements,baseline h,1.2,3,0.6485328824649206,1.2,0.6490695197665981,0.6080498092621769,1.2113262064406491,0.9307210354575898,0.9353862940621043,-7.9493944542546
parent_human_capital_complements,baseline h,1.2,3,0.652790313057229,1.2,0.6489376549935526,0.6081294275339058,1.211655843000669,0.9332652782476102,0.9379432899221811,-7.851032106133513
parent_human_capital_complements,baseline h,1.2,3,0.6571291034994325,1.2,0.6488043798894667,0.6082099154835232,1.2119890501716046,0.9358442979093579,0.94053523697378,-7.751600674658496
parent_human_capital_complements,baseline h,1.2,3,0.6615505022621248,1.2,0.6486696813943256,0.6082912518979715,1.2123257883202354,0.9384581953816808,0.9431622366617074,-7.651105747739006
parent_human_capital_complements,baseline h,1.2,3,0.6660557863772645,1.2,0.6485335591137149,0.6083734492500477,1.2126660888234033,0.9411070895588054,0.9458244084761491,-7.549552976940384
parent_human_capital_complements,baseline h,1.2,3,0.6706462620469753,1.2,0.6483960433854561,0.6084564950669548,1.2130098903608593,0.9437910772476146,0.9485218497092348,-7.446948077269607
parent_human_capital_complements,baseline h,1.2,3,0.6753232652683625,1.2,0.6482571220124913,0.6085403876794511,1.213357200983265,0.9465102727919693,0.9512546752779764,-7.343296826941165
parent_human_capital_complements,baseline h,1.2,3,0.6800881624747613,1.2,0.6481167962817755,0.6086251200165174,1.2137080018392532,0.9492647844637783,0.9540229939969979,-7.238605067149512
parent_human_capital_complements,baseline h,1.2,3,0.6849423511938463,1.2,0.6479750854113153,0.6087106877080235,1.2140622628554147,0.9520547182150884,0.9568269123494327,-7.132878701831038
parent_human_capital_complements,baseline h,1.2,3,0.6898872607230374,1.2,0.6478319491925286,0.6087971294475488,1.2144201203551823,0.954880221991437,0.9596665790223986,-7.0261236974139445
parent_human_capital_complements,baseline h,1.2,3,0.6949243528226603,1.2,0.6476875164151705,0.6088843439339873,1.2147811939168536,0.9577413150756672,0.9625420133953941,-6.918346082599082
parent_human_capital_complements,baseline h,1.2,3,0.7000551224273222,1.2,0.647541727218772,0.6089723937748657,1.215145698917994,0.9606381658137068,0.9654533846581848,-6.8095519480594655
parent_human_capital_complements,baseline h,1.2,3,0.7052810983759861,1.2,0.647394539913289,0.6090612594263667,1.2155136285018058,0.9635708875942318,0.9684008067678095,-6.699747446215451
parent_human_capital_complements,baseline h,1.2,3,0.7106038441612367,1.2,0.6472460390033623,0.6091509288097479,1.215884868160051,0.9665395668345855,0.9713843665747803,-6.588938790965125
parent_human_capital_complements,baseline h,1.2,3,0.7160249586982449,1.2,0.6470962009760797,0.6092414140037516,1.2162594714092392,0.9695443326572595,0.974404193848818,-6.477132257402245
parent_human_capital_complements,baseline h,1.2,3,0.7215460771139571,1.2,0.6469450612808196,0.6093326931577272,1.2166373485229744,0.9725852780585809,0.9774603820523958,-6.36433418155268
parent_human_capital_complements,baseline h,1.2,3,0.7271688715570458,1.2,0.6467925780811337,0.6094247706418044,1.2170185521931085,0.9756625325202439,0.9805530613162378,-6.250550960080319
parent_human_capital_complements,baseline h,1.2,3,0.7328950520291776,1.2,0.6466387930962594,0.6095176393849641,1.2174030231359911,0.9787761970960294,0.9836823332006586,-6.13578905000913
parent_human_capital_complements,baseline h,1.2,3,0.7387263672381705,1.2,0.64648371102354,0.6096112923161867,1.2177907390898675,0.9819263823759078,0.9868483088499632,-6.020054968422758
parent_human_capital_complements,baseline h,1.2,3,0.7446646054736273,1.2,0.6463273192616703,0.6097057152934338,1.2181816775272187,0.9851131989438724,0.9900510994024498,-5.903355292165414
parent_human_capital_complements,baseline h,1.2,3,0.7507115955056528,1.2,0.6461696546613069,0.6098009278605219,1.2185758501442292,0.9883367663404192,0.9932908249978136,-5.785696657533719
parent_human_capital_complements,baseline h,1.2,3,0.7568692075072764,1.2,0.6460107300920925,0.6098968990324847,1.2189731671045991,0.9915971776197988,0.9965675791567413,-5.6670857599693125
parent_human_capital_complements,baseline h,1.2,3,0.7631393540012239,1.2,0.645850541285349,0.6099936358803415,1.2193736502414187,0.9948945548797471,0.9998814845889864,-5.5475293537304795
parent_human_capital_complements,baseline h,1.2,3,0.7695239908317001,1.2,0.6456890925552066,0.6100911296638318,1.2197772735297514,0.9982290076595562,1.003232651382909,-5.42703425157294
parent_human_capital_complements,baseline h,1.2,3,0.7760251181618615,1.2,0.6455263973584482,0.6101893733119363,1.2201840059484015,1.0016006440131815,1.006621188134087,-5.305607324415654
parent_human_capital_complements,baseline h,1.2,3,0.7826447814976824,1.2,0.645362454008815,0.6102883641237657,1.220593842474619,1.0050095787012774,1.0100472101784153,-5.183255501000473
parent_human_capital_complements,baseline h,1.2,3,0.7893850727389358,1.2,0.6451972970437063,0.6103880933590597,1.2210067268601976,1.008455912617143,1.013510818914923,-5.059985767549722
parent_human_capital_complements,baseline h,1.2,3,0.7962481312580323,1.2,0.6450309442737696,0.6104885653879483,1.2214226521498937,1.011939759480154,1.0170121286330056,-4.935805167409426
parent_human_capital_complements,baseline h,1.2,3,0.8032361450074849,1.2,0.6448633658227823,0.6105897616982627,1.2218416022357022,1.015461230289319,1.0205512508880572,-4.810720800692519
parent_human_capital_complements,baseline h,1.2,3,0.8103513516567865,1.2,0.6446945915498319,0.6106916795891137,1.2222635405495266,1.0190204301571324,1.024128291319451,-4.684739823913223
parent_human_capital_complements,baseline h,1.2,3,0.8175960397595149,1.2,0.6445246187361415,0.61079431302113,1.222688454808345,1.0226174703352298,1.027743361736473,-4.557869449611816
parent_human_capital_complements,baseline h,1.2,3,0.8249725499515008,1.2,0.64435346907411,0.6108976592934223,1.2231163166107506,1.0262524572532623,1.0313965691022562,-4.430116945976291
parent_human_capital_complements,baseline h,1.2,3,0.8324832761809209,1.2,0.6441811716232244,0.611001706964841,1.2235470684774403,1.0299254888093219,1.0350880118056074,-4.301489636455539
parent_human_capital_complements,baseline h,1.2,3,0.8401306669712053,1.2,0.6440076944328905,0.6111064577046275,1.2239807465054038,1.0336366880220325,1.0388178134817851,-4.1719948993594365
parent_human_capital_complements,baseline h,1.2,3,0.8479172267176741,1.2,0.6438330685356006,0.6112119011032797,1.224417293804946,1.0373861517952268,1.042586071520354,-4.041640167465282
parent_human_capital_complements,baseline h,1.2,3,0.8558455170188431,1.2,0.643657342647584,0.6113180361291499,1.224856659097224,1.0411739777702422,1.0463928840520813,-3.910432927604398
parent_human_capital_complements,baseline h,1.2,3,0.8639181580433734,1.2,0.6434804444129902,0.6114248540419778,1.2252988930272823,1.045000291283312,1.0502383770414498,-3.7783807202412762
parent_human_capital_complements,baseline h,1.2,3,0.8721378299336601,1.2,0.6433024488976065,0.6115323319594637,1.2257438636897011,1.0488651659279276,1.0541226244508404,-3.6454911390623357
parent_human_capital_complements,baseline h,1.2,3,0.8805072742470966,1.2,0.6431233309461228,0.6116404873621288,1.226191639661405,1.052768730596908,1.05804575581915,-3.511771830527324
parent_human_capital_complements,baseline h,1.2,3,0.88902929543607,1.2,0.6429431519385038,0.6117493081712304,1.2266421295588321,1.0567110683696725,1.0620078546422358,-3.3772304934463016
parent_human_capital_complements,baseline h,1.2,3,0.8977067623677852,1.2,0.6427618634028514,0.6118587835832119,1.2270953550178467,1.0606922933020548,1.0660090355476375,-3.241874878520846
parent_human_capital_complements,baseline h,1.2,3,0.9065426098850453,1.2,0.6425795020050931,0.6119689048578129,1.2275512576617138,1.0647124957789886,1.0700493893733456,-3.105712787898049
parent_human_capital_complements,baseline h,1.2,3,0.9155398404091444,1.2,0.6423960618142943,0.612079667624903,1.2280098325659643,1.0687717803731633,1.0741290212162231,-2.9687520747024605
parent_human_capital_complements,baseline h,1.2,3,0.9247015255860773,1.2,0.6422115840348273,0.6121910691835931,1.2284710318172176,1.0728702382339874,1.078248022682566,-2.831000642570358
parent_human_capital_complements,baseline h,1.2,3,0.9340308079772923,1.2,0.6420260588043338,0.6123030980927338,1.2289348368580164,1.0770079677815527,1.082406492685799,-2.6924664451683937
parent_human_capital_complements,baseline h,1.2,3,0.9435309027962627,1.2,0.6418395093325748,0.6124157526830835,1.2294012203322042,1.0811850637007276,1.0866045263854003,-2.553157485709639
parent_human_capital_complements,baseline h,1.2,3,0.9532050996921831,1.2,0.6416519295547096,0.612529020481845,1.229870157322193,1.0854016201240995,1.090842218385799,-2.413081816458976
parent_human_capital_complements,baseline h,1.2,3,0.9630567645821445,1.2,0.6414633531288998,0.6126429041899072,1.2303416208788294,1.089657729272375,1.0951196613699603,-2.2722475382314142
parent_human_capital_complements,baseline h,1.2,3,0.9730893415331738,1.2,0.6412737537066526,0.6127573879959904,1.2308155980753872,1.0939534861459197,1.0994369508144406,-2.1306627998813394
parent_human_capital_complements,baseline h,1.2,3,0.9833063546955787,1.2,0.6410831843627443,0.6128724708684465,1.2312920332744768,1.0982889716504058,1.1037941680304537,-1.988335797786807
parent_human_capital_complements,baseline h,1.2,3,0.9937114102890687,1.2,0.6408916395300697,0.6129881380276436,1.2317708953305968,1.1026642723626607,1.108191400028795,-1.8452747753200938
parent_human_capital_complements,baseline h,1.2,3,1.0043081986431819,1.2,0.6406991177254435,0.6131043911428229,1.2322521898733283,1.1070794843528378,1.1126287433611715,-1.7014880223124154
parent_human_capital_complements,baseline h,1.2,3,1.0151004962935855,1.2,0.6405056526135948,0.6132212302139843,1.2327358832379418,1.1115346903722785,1.1171062811937176,-1.5569838745143585
parent_human_capital_complements,baseline h,1.2,3,1.0260921681358672,1.2,0.6403112302287051,0.6133386198860309,1.2332219015681956,1.1160299592207281,1.1216240826710384,-1.411770713044798
parent_human_capital_complements,baseline h,1.2,3,1.037287169638491,1.2,0.6401158766090003,0.6134565867737991,1.2337102849371164,1.1205653925157248,1.126182249920033,-1.2658569638239037
parent_human_capital_complements,baseline h,1.2,3,1.0486895491166357,1.2,0.6399196195223018,0.6135751052941005,1.2342009420282438,1.1251410500922678,1.1307808430756237,-1.1192510970165195
parent_human_capital_complements,baseline h,1.2,3,1.0603034500686892,1.2,0.6397224468241443,0.6136941771161764,1.2346938891324375,1.1297570227714637,1.1354199534141607,-0.9719616264443465
parent_human_capital_complements,baseline h,1.2,3,1.0721331135772334,1.2,0.6395243750842814,0.6138137891296358,1.2351890771137335,1.1344133793949365,1.140099650122337,-0.8239971090090714
parent_human_capital_complements,baseline h,1.2,3,1.0841828807763967,1.2,0.6393254139076494,0.6139339244915509,1.2356864545293629,1.1391101859495798,1.1448199995178083,-0.6753661440958227
parent_human_capital_complements,baseline h,1.2,3,1.0964571953875313,1.2,0.6391255687821915,0.6140546017140909,1.23618606187561,1.1438475350702968,1.1495810946998113,-0.526077372966502
parent_human_capital_complements,baseline h,1.2,3,1.1089606063252093,1.2,0.6389248787179929,0.614175793544826,1.2366877924473547,1.1486254712585644,1.1543829803928873,-0.3761394781606082
parent_human_capital_complements,baseline h,1.2,3,1.1216977703756155,1.2,0.6387233283342941,0.6142975070547758,1.2371916791897686,1.1534440806105866,1.1592257431247999,-0.2255611828620614
parent_human_capital_complements,baseline h,1.2,3,1.1346734549494641,1.2,0.6385209721440179,0.6144197156291036,1.2376976014786751,1.1583033983895101,1.1641094183354526,-0.07435125028555145
parent_human_capital_complements,baseline h,1.2,3,1.147892540911644,1.2,0.6383177478345026,0.6145424300713662,1.2382056484627708,1.1632035241771028,1.1690341061057694,0.07748151697776073
parent_human_capital_complements,baseline h,1.2,3,1.1613600254898573,1.2,0.6381137100646304,0.6146656291685055,1.2387157127899373,1.1681444926146287,1.173999841250654,0.22992827758558487
parent_human_capital_complements,baseline h,1.2,3,1.1750810252645967,1.2,0.6379088798251531,0.6147893145897623,1.2392277776158163,1.173126364679322,1.1790066850529903,0.38298015211245495
parent_human_capital_complements,baseline h,1.2,3,1.189060779242872,1.2,0.6377032584558076,0.6149134846658958,1.2397418374542775,1.1781492026042384,1.1840547000577788,0.5366282237083819
parent_human_capital_complements,baseline h,1.2,3,1.2033046520181812,1.2,0.6374968725968055,0.6150381208847369,1.2402578196808807,1.1832130441925122,1.1891439242576427,0.6908635387663269
parent_human_capital_complements,baseline h,1.2,3,1.217818137019287,1.2,0.6372897049525774,0.6151632178445072,1.2407757281731782,1.1883179494771312,1.1942744179864861,0.8456771076091387
parent_human_capital_complements,baseline h,1.2,3,1.2326068598504607,1.2,0.6370817959705084,0.6152887695058353,1.2412955074819862,1.1934639563408982,1.1994462193170001,1.0010599051715792
parent_human_capital_complements,baseline h,1.2,3,1.247676581725918,1.2,0.6368731353849888,0.6154147687977023,1.2418171503085034,1.1986511157126,1.2046593794332539,1.1570028717030034
parent_human_capital_complements,baseline h,1.2,3,1.2630332030012734,1.2,0.6366637466493645,0.6155412157201076,1.2423406331993823,1.2038794703993834,1.209913941356965,1.3134969134701517
parent_human_capital_complements,baseline h,1.2,3,1.2786827668049243,1.2,0.636453632869669,0.6156680917608823,1.2428659070643624,1.2091490516784016,1.2152099365220648,1.4705329034714678
parent_human_capital_complements,baseline h,1.2,3,1.294631462772364,1.2,0.6362428281859798,0.6157953942191376,1.2433929310543579,1.2144598904617732,1.2205473959956188,1.628101682162188
parent_human_capital_complements,baseline h,1.2,3,1.31088563088653,1.2,0.6360313244590405,0.6159231099844826,1.2439216807424138,1.219812020087838,1.2259263532830766,1.78619405818685
parent_human_capital_complements,baseline h,1.2,3,1.3274517654273796,1.2,0.6358191367032955,0.6160512407261584,1.2444521452604818,1.2252054754257997,1.2313468434284238,1.9448008091199673
parent_human_capital_complements,baseline h,1.2,3,1.3443365190339982,1.2,0.6356062813325127,0.6161797733337739,1.2449842756285816,1.2306402751435852,1.2368088851931616,2.1039126822126244
parent_human_capital_complements,baseline h,1.2,3,1.3615467068826452,1.2,0.6353927773279096,0.6163087040747928,1.2455180435938753,1.23611644164813,1.24231250109654,2.2635203951536154
parent_human_capital_complements,baseline h,1.2,3,1.3790893109842512,1.2,0.6351786247256863,0.6164380165003411,1.246053408261161,1.2416339895936295,1.247857705866209,2.4236146368341576
parent_human_capital_complements,baseline h,1.2,3,1.3969714846049992,1.2,0.6349638668070563,0.616567718319032,1.246590345497419,1.2471929359856597,1.2534445165929855,2.5841860681246294
parent_human_capital_complements,baseline h,1.2,3,1.4152005568137338,1.2,0.6347484618054289,0.6166977910186964,1.2471288510850125,1.252793301386747,1.2590729539424659,2.7452253226583547
parent_human_capital_complements,baseline h,1.2,3,1.4337840371600625,1.2,0.6345324512857302,0.6168282198197019,1.247668846746409,1.258435076757852,1.2647430088303027,2.9067230076187984
parent_human_capital_complements,baseline h,1.2,3,1.4527296204871472,1.2,0.6343158717085831,0.6169590151315508,1.2482103218781888,1.2641182731370586,1.270454692349908,3.0686697045475606
parent_human_capital_complements,baseline h,1.2,3,1.4720451918832933,1.2,0.634098699415232,0.6170901584420736,1.2487532541548785,1.2698428938043738,1.2762080077977305,3.2310559701491552
parent_human_capital_complements,baseline h,1.2,3,1.4917388317766058,1.2,0.6338809513870962,0.6172216366408799,1.249297594028849,1.2756089285086685,1.2820029448712564,3.393872337107571
parent_human_capital_complements,baseline h,1.2,3,1.5118188211770927,1.2,0.633662658324404,0.6173534557673411,1.2498433258016712,1.281416375251042,1.2878395015615658,3.5571093149149986
parent_human_capital_complements,baseline h,1.2,3,1.5322936470707536,1.2,0.6334438387575836,0.6174856054119551,1.2503904050857124,1.287265217768657,1.2937176615243038,3.7207573907024845
parent_human_capital_complements,baseline h,1.2,3,1.5531720079703377,1.2,0.6332244787104875,0.6176180660309054,1.2509387973102815,1.293155439282713,1.2996374078965656,3.8848070300840076
parent_human_capital_complements,baseline h,1.2,3,1.5744628196276003,1.2,0.6330046182431432,0.6177508403250809,1.2514884691243575,1.2990870193604447,1.305598720143166,4.049248678006066
parent_human_capital_complements,baseline h,1.2,3,1.5961752209120554,1.2,0.6327842326968005,0.6178839151840907,1.2520394126204804,1.3050599428433085,1.3116015830295793,4.2140727596073795
parent_human_capital_complements,baseline h,1.2,3,1.618318579861377,1.2,0.6325633696242359,0.6180172825052674,1.252591560118848,1.3110741682595437,1.3176459548761665,4.379269681080334
parent_human_capital_complements,baseline h,1.2,3,1.6409024999087747,1.2,0.6323420297398115,0.6181509422886116,1.2531449109050992,1.3171296746680718,1.3237318146368817,4.54482983055209
parent_human_capital_complements,baseline h,1.2,3,1.6639368262928396,1.2,0.632120220049766,0.6182848841246209,1.2536994321157922,1.3232264249070154,1.3298591249635727,4.710743578961033
parent_human_capital_complements,baseline h,1.2,3,1.6874316526555453,1.2,0.6318979904990845,0.6184190868002376,1.2542550211127055,1.329364350888016,1.3360278174265865,4.877001280944338
parent_human_capital_complements,baseline h,1.2,3,1.7113973278342638,1.2,0.6316752873770177,0.6185535661267415,1.2548117708818078,1.3355434541106603,1.3422378935330266,5.043593275750181
parent_human_capital_complements,baseline h,1.2,3,1.7358444628538618,1.2,0.63145217579941,0.6186882965209444,1.2553695527586153,1.3417636474779453,1.3484892657493144,5.210509888119188
parent_human_capital_complements,baseline h,1.2,3,1.7607839381251333,1.2,0.6312286535774572,0.6188232790144936,1.2559283714945448,1.3480248899496488,1.3547818928295134,5.377741429216869
parent_human_capital_complements,baseline h,1.2,3,1.7862269108560356,1.2,0.6310047266759655,0.6189584869925535,1.2564881550135372,1.3543271062552393,1.361115699125796,5.54527819754142
parent_human_capital_complements,baseline h,1.2,3,1.8121848226824113,1.2,0.6307804366991288,0.6190939443690711,1.2570489211136435,1.3606702511359925,1.367490639152578,5.7131104798602195
parent_human_capital_complements,baseline h,1.2,3,1.8386694075250942,1.2,0.6305557403710051,0.6192296184898385,1.2576106319577534,1.3670542530774519,1.3739066410369356,5.881228552135666
parent_human_capital_complements,baseline h,1.2,3,1.8656926996805347,1.2,0.6303307153937523,0.6193655120557451,1.258173216552718,1.3734790224966864,1.380363614746901,6.049622680467775
parent_human_capital_complements,baseline h,1.2,3,1.8932670421523103,1.2,0.6301053342749323,0.6195016055229736,1.258736653844134,1.3799444843632391,1.3868614848759253,6.218283122046962
parent_human_capital_complements,baseline h,1.2,3,1.921405095231136,1.2,0.6298796268359719,0.6196379140652106,1.259300951702011,1.3864505703068142,1.3934001827110056,6.387200126107907
parent_human_capital_complements,baseline h,1.2,3,1.9501198453312445,1.2,0.6296535934329301,0.619774407729138,1.2598660353662483,1.3929971739627247,1.3999796013542998,6.556363934884567
parent_human_capital_complements,baseline h,1.2,3,1.979424614091259,1.2,0.6294272500234865,0.6199110827822184,1.2604318796075438,1.3995842034791666,1.406599648493594,6.72576478458615
parent_human_capital_complements,baseline h,1.2,3,2.009333067747975,1.2,0.6292006206014953,0.6200479358859694,1.2609984521392523,1.4062115589793291,1.413260223751444,6.8953929063683495
parent_human_capital_complements,baseline h,1.2,3,2.0398592267917226,1.2,0.628973693358279,0.6201849545675937,1.2615657337876236,1.4128791406879804,1.4199612268524915,7.065238527315379
parent_human_capital_complements,baseline h,1.2,3,2.071017475912293,1.2,0.6287465242475336,0.6203221327877195,1.2621336535971615,1.4195868222565318,1.4267025308148236,7.235291871423148
parent_human_capital_complements,baseline h,1.2,3,2.1028225742447084,1.2,0.6285190958480436,0.6204594776173666,1.262702246553495,1.4263345155337117,1.4334840470453083,7.405543160601634
parent_human_capital_complements,baseline h,1.2,3,2.135289665924415,1.2,0.6282914396464674,0.6205969580715682,1.263271404203308,1.4331220676837917,1.4403056219421246,7.575982615658743
parent_human_capital_complements,baseline h,1.2,3,2.168434290961828,1.2,0.6280635364769254,0.6207345812213435,1.2638411632768916,1.4399493805914478,1.4471671568981441,7.74660045732213
parent_human_capital_complements,baseline h,1.2,3,2.2022723964464688,1.2,0.6278340359877346,0.6208731666098526,1.2644149098711388,1.4468177669512141,1.4540699711878093,7.917386907232281
parent_human_capital_complements,baseline h,1.2,3,2.23682034809129,1.2,0.6276057224299878,0.6210110347879554,1.2649856879832932,1.4537241710560689,1.4610109937873028,8.088332188973693
parent_human_capital_complements,baseline h,1.2,3,2.2720949421281498,1.2,0.6273772192053246,0.6211490157083133,1.2655569358141254,1.4606699072409615,1.4679915456197061,8.259426529082422
parent_human_capital_complements,baseline h,1.2,3,2.308113417565749,1.2,0.6271485436311637,0.6212871093709265,1.2661286360462172,1.4676548324958656,1.4750114829581518,8.430660158077721
parent_human_capital_complements,baseline h,1.2,3,2.344893468821764,1.2,0.6269197042913539,0.6214252912242546,1.2667007191096944,1.4746787755590436,1.4820706336824496,8.602023311494936
parent_human_capital_complements,baseline h,1.2,3,2.382453258741261,1.2,0.626690724981454,0.6215635700085578,1.2672731829198032,1.4817415883447982,1.4891688489646182,8.773506230912972
parent_human_capital_complements,baseline h,1.2,3,2.4208114320139376,1.2,0.6264616004201664,0.6217019315817977,1.2678459976290188,1.4888431050347877,1.49630596215515,8.945099164999807
parent_human_capital_complements,baseline h,1.2,3,2.4599871290031343,1.2,0.6262323660548799,0.6218403601326942,1.268419088514732,1.4959831341195253,1.5034817807846115,9.11679237055724
parent_human_capital_complements,baseline h,1.2,3,2.5,1.2,0.6260030095108904,0.6219788556612473,1.2689924679516478,1.5031615162984937,1.5106961447539888,9.288576113560516
parent_human_capital_complements,high h,1.8,1,0.5,1.8,1.1231680340095893,0.4800147835777037,0.782079864782171,0.6886706196598785,0.6921225955061804,-0.7389827630749499
parent_human_capital_complements,high h,1.8,1,0.5000203210855501,1.8,1.1231643423368114,0.4800165071222011,0.7820891407391204,0.6886844710881312,0.6921365163650061,-0.7389023985457973
parent_human_capital_complements,high h,1.8,1,0.5000812892976928,1.8,1.1231532187865256,0.48002165821187665,0.7821169538199548,0.6887260220240188,0.6921782755758266,-0.7386612992209026
parent_human_capital_complements,high h,1.8,1,0.5001829195049198,1.8,1.123155785315125,0.48002047485876276,0.7821105532272665,0.6887798221408685,0.692232345366884,-0.7382594563455098
parent_human_capital_complements,high h,1.8,1,0.5003252364947652,1.8,1.123262163141314,0.47997121252420183,0.7818445654371,0.6887798221694844,0.6922323453956436,-0.7376972049903644
parent_human_capital_complements,high h,1.8,1,0.5005082749838822,1.8,1.1233504961960434,0.4799303164503748,0.7816237291031711,0.6888152819480847,0.6922679829171238,-0.7369750309147559
parent_human_capital_complements,high h,1.8,1,0.500732079632158,1.8,1.1233096107650509,0.4799492555019756,0.7817259770613503,0.6889677384284978,0.692421203588825,-0.7360925528091568
parent_human_capital_complements,high h,1.8,1,0.5009967050608752,1.8,1.1232615842728513,0.4799714750330503,0.7818459948342321,0.6891476991210546,0.6926020663381071,-0.7350494753139085
parent_human_capital_complements,high h,1.8,1,0.5013022158749305,1.8,1.1232059890822819,0.47999721467014805,0.781984986448998,0.6893555299114985,0.6928109388847233,-0.7338457240078088
parent_human_capital_complements,high h,1.8,1,0.5016486866891229,1.8,1.1231430575176355,0.4800263573008834,0.7821423401372265,0.6895910660971992,0.6930476557004681,-0.7324812130797878
parent_human_capital_complements,high h,1.8,1,0.502036202158526,1.8,1.123069507541996,0.4800604174341166,0.7823262449445418,0.6898567277282757,0.6933146489660118,-0.7309558452601579
parent_human_capital_complements,high h,1.8,1,0.502464857012963,1.8,1.1233465829108797,0.47993212985482825,0.7816335178187637,0.6898872612043785,0.6933453354918004,-0.7292715282849073
parent_human_capital_complements,high h,1.8,1,0.5029347560956027,1.8,1.123540103601459,0.4798425372210122,0.7811497169946209,0.6900012098858942,0.6934598553434592,-0.7274317012087175
parent_human_capital_complements,high h,1.8,1,0.5034460144056994,1.8,1.1234492058321295,0.4798846253882137,0.7813769804256833,0.6903465785841113,0.6938069552094803,-0.7254326776092314
parent_human_capital_complements,high h,1.8,1,0.5039987571454999,1.8,1.12339436472901,0.4799100116248592,0.7815140729355339,0.6906877930842455,0.6941498800544139,-0.723273669078251
parent_human_capital_complements,high h,1.8,1,0.5045931197713469,1.8,1.123287426845292,0.4799595347990274,0.7817814659035571,0.6910897738276861,0.6945538757347162,-0.7209541254557585
parent_human_capital_complements,high h,1.8,1,0.5052292480490046,1.8,1.1233112391825024,0.4799485039681203,0.7817219136742075,0.691417852871769,0.6948835992818511,-0.7184740489172579
parent_human_capital_complements,high h,1.8,1,0.5059072981132409,1.8,1.1234332149787392,0.4798920119296928,0.7814169036734655,0.6916958630150148,0.695163002956739,-0.7158393492981774
parent_human_capital_complements,high h,1.8,1,0.5066274365316988,1.8,1.1233038045498955,0.4799519342141874,0.7817404623040716,0.6921816956484697,0.6956512708364032,-0.7130448518586834
parent_human_capital_complements,high h,1.8,1,0.507389840373095,1.8,1.1231639024434101,0.4800166982832627,0.7820901999943612,0.6926977786336301,0.696169940698292,-0.7100894109392145
parent_human_capital_complements,high h,1.8,1,0.5081946972797818,1.8,1.1233997354043053,0.4799075207352264,0.7815006317778284,0.6929587520610916,0.6964322222605023,-0.7069778301482518
parent_human_capital_complements,high h,1.8,1,0.5090422055447187,1.8,1.1232680852897092,0.4799684880473914,0.781829815983839,0.6935137529599098,0.6969900051129029,-0.7037096620243678
parent_human_capital_complements,high h,1.8,1,0.5099325741928927,1.8,1.12310937504791,0.4800419515962427,0.7822265481239166,0.6941113514569167,0.6975905990848416,-0.700280433393227
parent_human_capital_complements,high h,1.8,1,0.5108660230672385,1.8,1.1229398308348184,0.4801204507916252,0.7826504297300474,0.6947396443644746,0.6982220413237044,-0.6966898439638544
parent_human_capital_complements,high h,1.8,1,0.5118427829191048,1.8,1.1232557909764267,0.47997415811539246,0.7818604813174448,0.6950306050504838,0.6985144604562215,-0.6929437095657156
parent_human_capital_complements,high h,1.8,1,0.5128630955033207,1.8,1.1230888008831952,0.48005146251651143,0.7822779376703017,0.6957022025685003,0.6991894243708062,-0.6890440804735081
parent_human_capital_complements,high h,1.8,1,0.5139272136779165,1.8,1.122903365842752,0.48013732974120404,0.7827415825187489,0.6964102776055667,0.699901048648766,-0.684983368132929
parent_human_capital_complements,high h,1.8,1,0.5150354015085564,1.8,1.1230566965159645,0.4800663254594255,0.7823581979725742,0.6968891551844967,0.7003823266115494,-0.6807628204418635
parent_human_capital_complements,high h,1.8,1,0.5161879343777439,1.8,1.1233099694076856,0.479949080152194,0.7817250502854233,0.6973157983696967,0.7008111083546148,-0.6763935510324446
parent_human_capital_complements,high h,1.8,1,0.5173850990988615,1.8,1.1231181234030068,0.48003788692870575,0.7822046302459998,0.6980967523587936,0.7015959768918723,-0.671874781403672
parent_human_capital_complements,high h,1.8,1,0.5186271940351138,1.8,1.1229170202120478,0.4801310067395642,0.7827074416241402,0.6989075579872456,0.7024108467004496,-0.6671946226668776
parent_human_capital_complements,high h,1.8,1,0.5199145292234401,1.8,1.122692422632686,0.48023498036230694,0.7832689137411886,0.6997588648325734,0.7032664207390976,-0.6623526718998537
parent_human_capital_complements,high h,1.8,1,0.5212474265034702,1.8,1.1232400090372188,0.4799814733090846,0.7818999644842155,0.7000551223187635,0.7035641632221168,-0.6573582013841911
parent_human_capital_complements,high h,1.8,1,0.5226262196515982,1.8,1.1230569225581486,0.4800662355994696,0.7823576807841328,0.7009209680958887,0.704434349069261,-0.6522237883708619
parent_human_capital_complements,high h,1.8,1,0.5240512545202515,1.8,1.123120853467149,0.4800366224558965,0.7821978032899559,0.7016242967101154,0.7051412031328376,-0.6469360383769073
parent_human_capital_complements,high h,1.8,1,0.5255228891824385,1.8,1.1229235196216494,0.4801280056118666,0.7826912185607987,0.7025468554486788,0.7060683862163218,-0.6414921945170036
parent_human_capital_complements,high h,1.8,1,0.5270414940816569,1.8,1.1229536413886958,0.48011404667029006,0.782615869823044,0.7033212194486406,0.7068466317319864,-0.6358875289380616
parent_human_capital_complements,high h,1.8,1,0.5286074521872524,1.8,1.1229310004921262,0.48012453397133115,0.7826724895749866,0.7041581577624166,0.7076877652165182,-0.6301395527688064
parent_human_capital_complements,high h,1.8,1,0.5302211591553182,1.8,1.1226568236894516,0.48025147158798454,0.7833579442556184,0.7052080421708821,0.7087429121924811,-0.6242317227917933
parent_human_capital_complements,high h,1.8,1,0.5318830234952302,1.8,1.1236476496386316,0.47979276027825607,0.7808808936629179,0.7053232479797887,0.708858695472908,-0.6181891394154397
parent_human_capital_complements,high h,1.8,1,0.5335934667419154,1.8,1.1234417449252265,0.4798880828867104,0.7813956436277155,0.706367245633074,0.7099079261862075,-0.6120189485678765
parent_human_capital_complements,high h,1.8,1,0.5353529236339561,1.8,1.1231805876654986,0.480008993696428,0.782048551910928,0.7074766490046368,0.7110228904653118,-0.6056873912943743
parent_human_capital_complements,high h,1.8,1,0.537161842297634,1.8,1.1229627121102808,0.48010984637819853,0.7825931901550828,0.7085766076354244,0.7121283626616807,-0.5991948604875882
parent_human_capital_complements,high h,1.8,1,0.5390206844370244,1.8,1.1230161289026008,0.48008511911456336,0.7824596570285847,0.7094931972066162,0.7130495466572175,-0.5925464710045923
parent_human_capital_complements,high h,1.8,1,0.5409299255302531,1.8,1.1230277635283665,0.4800797398394883,0.7824305935515758,0.710464597860152,0.7140258164767921,-0.5857631150299469
parent_human_capital_complements,high h,1.8,1,0.5428900550320312,1.8,1.1231738904786794,0.48001207761306225,0.7820652409876423,0.7113559672238228,0.7149216538479916,-0.5788398882456351
parent_human_capital_complements,high h,1.8,1,0.5449015765825912,1.8,1.1228425032357345,0.48016551013320563,0.7828937495958519,0.7126365033919476,0.7162086087303704,-0.5717602360658832
parent_human_capital_complements,high h,1.8,1,0.5469650082231464,1.8,1.1225223516360867,0.480313710443978,0.783694070202402,0.7139323046709686,0.7175109052403321,-0.5645180108544822
parent_human_capital_complements,high h,1.8,1,0.5490808826180046,1.8,1.1226361121600497,0.4802610451157796,0.7834096740150763,0.7149182848222346,0.7185018276376733,-0.5571319100680815
parent_human_capital_complements,high h,1.8,1,0.5512497472834679,1.8,1.1228011392496904,0.4801846544879067,0.7829971412911275,0.7158875212684142,0.719475922401757,-0.5495981978399544
parent_human_capital_complements,high h,1.8,1,0.5534721648236569,1.8,1.1231619581726227,0.4800176049854894,0.782095081980363,0.7167278063248677,0.7203204194045838,-0.5419499994725863
parent_human_capital_complements,high h,1.8,1,0.5557487131734017,1.8,1.1227958569601124,0.48018710398307113,0.783010359945038,0.7181539871034093,0.7217537489440272,-0.5341517104424887
parent_human_capital_complements,high h,1.8,1,0.5580799858483445,1.8,1.1227425273179965,0.480211789852238,0.7831436718032547,0.7193615725923563,0.722967387480427,-0.5262015737508499
parent_human_capital_complements,high h,1.8,1,0.5604665922024078,1.8,1.122412601494585,0.48036454115466515,0.7839685118465304,0.7208079733375166,0.7244210383394936,-0.5180977926880854
parent_human_capital_complements,high h,1.8,1,0.5629091576927818,1.8,1.1230218533014211,0.4800824659855399,0.7824453364917283,0.7215460776227184,0.7251628423878214,-0.5098465507084488
parent_human_capital_complements,high h,1.8,1,0.5654083241525933,1.8,1.1232615393064826,0.47997150061623867,0.7818461226901305,0.7225942546452139,0.7262162734195065,-0.5015003781723812
parent_human_capital_complements,high h,1.8,1,0.5679647500714233,1.8,1.1231481699957218,0.48002399059465556,0.7821295595309625,0.723942233102424,0.7275710086468513,-0.49301916872816165
parent_human_capital_complements,high h,1.8,1,0.5705791108838415,1.8,1.122740319200036,0.48021281636773927,0.7831492058314392,0.7255457598997083,0.7291825731556556,-0.4843826515400469
parent_human_capital_complements,high h,1.8,1,0.5732520992661372,1.8,1.1223550797201884,0.4803911689818206,0.7841123077809106,0.7271562564557124,0.7308011423592408,-0.4755831754875305
parent_human_capital_complements,high h,1.8,1,0.5759844254414287,1.8,1.1229191493673705,0.48013002868955057,0.7827021435867736,0.7280420323451839,0.731691358218835,-0.46666110986864784
parent_human_capital_complements,high h,1.8,1,0.578776817493336,1.8,1.1228757467483754,0.4801501167708163,0.7828106315890697,0.7294303183283567,0.7330866030144572,-0.45761850852972685
parent_human_capital_complements,high h,1.8,1,0.5816300216884137,1.8,1.122555175099866,0.4802985425660993,0.783612102814296,0.7310626321679639,0.7347270988612344,-0.44842672210812096
parent_human_capital_complements,high h,1.8,1,0.5845448028075416,1.8,1.1222961706412433,0.4804184541127452,0.7842596206840512,0.7326708116281213,0.7363433393544816,-0.43907298656641336
parent_human_capital_complements,high h,1.8,1,0.5875219444864789,1.8,1.1228948689875509,0.4801412560832974,0.7827628007223328,0.7336192085544461,0.7372964901401826,-0.42961743420566245
parent_human_capital_complements,high h,1.8,1,0.5905622495657936,1.8,1.122944054598142,0.48011850343185847,0.7826398965210798,0.7350287214429204,0.7387130682414119,-0.4200265507676242
parent_human_capital_complements,high h,1.8,1,0.5936665404503856,1.8,1.1225094724143743,0.480319687116185,0.7837263138420655,0.7368503833180561,0.7405438612346955,-0.41030597399232394
parent_human_capital_complements,high h,1.8,1,0.5968356594788269,1.8,1.122445230156554,0.4803494315141823,0.783886927949397,0.7383996227408981,0.7421008662524606,-0.40043878532397137
parent_human_capital_complements,high h,1.8,1,0.600070469302753,1.8,1.1229338996263074,0.4801231981507349,0.7826652623820737,0.7395265845585565,0.743233476989738,-0.3904647729011421
parent_human_capital_complements,high h,1.8,1,0.6033718532765401,1.8,1.1224840481510259,0.4803314361891463,0.7837898051018083,0.7414354437658033,0.7451519043935787,-0.38035488094135983
parent_human_capital_complements,high h,1.8,1,0.6067407158575169,1.8,1.1226553525728449,0.4802521430337924,0.7833615908566427,0.7428659220475649,0.7465895529775665,-0.3701116610842339
parent_human_capital_complements,high h,1.8,1,0.6101779830169621,1.8,1.122403135083434,0.48036891512729696,0.7839921499290085,0.7446646059104641,0.748397252780848,-0.35972629681602153
parent_human_capital_complements,high h,1.8,1,0.6136846026621482,1.8,1.1225855824618727,0.4802844550709875,0.7835360519681267,0.7461335820100521,0.749873592153777,-0.3492407083626672
parent_human_capital_complements,high h,1.8,1,0.6172615450697004,1.8,1.122516765650576,0.4803163009654752,0.7837080494775637,0.7478316909828711,0.7515802129332438,-0.33860562564395913
parent_human_capital_complements,high h,1.8,1,0.6209098033305457,1.8,1.1224589610523519,0.48034307418909356,0.7838525993203111,0.749545336479089,0.7533024481132572,-0.3278550368495021
parent_human_capital_complements,high h,1.8,1,0.6246303938067362,1.8,1.1226505962322526,0.4802543529024076,0.783373507171548,0.7510778355210025,0.7548426288385854,-0.316973264988925
parent_human_capital_complements,high h,1.8,1,0.6284243566004422,1.8,1.1227477499110157,0.4802093561683535,0.7831305640744495,0.7527117541498737,0.7564847375186663,-0.3059759129011692
parent_human_capital_complements,high h,1.8,1,0.6322927560354111,1.8,1.1222645588430868,0.4804330589169412,0.7843385520478026,0.7548511919749649,0.7586348993204832,-0.2948612970889095
parent_human_capital_complements,high h,1.8,1,0.6362366811512086,1.8,1.1223292291770504,0.4804031320981427,0.7841769188209322,0.7565615463507501,0.7603538268832539,-0.2836121891424821
parent_human_capital_complements,high h,1.8,1,0.6402572462105554,1.8,1.1227947046646158,0.4801876256622857,0.7830132024811901,0.7579610717476649,0.7617603674304141,-0.272271648347127
parent_human_capital_complements,high h,1.8,1,0.6443555912200942,1.8,1.122401893401193,0.4803694896421295,0.7839952530393068,0.7601020408364927,0.7639120681714588,-0.2608111010201639
parent_human_capital_complements,high h,1.8,1,0.6485328824649206,1.8,1.121884689251694,0.4806089277124091,0.7852882365365117,0.7623738191483346,0.766195233819477,-0.249192472358837
parent_human_capital_complements,high h,1.8,1,0.652790313057229,1.8,1.1227969777592384,0.4801865877056347,0.7830075664070184,0.7634677242067947,0.7672946220998605,-0.23746948299276438
parent_human_capital_complements,high h,1.8,1,0.6571291034994325,1.8,1.1222702621687262,0.4804304340719951,0.784324344224538,0.7657991383276378,0.7696377224826165,-0.22565449135381632
parent_human_capital_complements,high h,1.8,1,0.6615505022621248,1.8,1.1217618365202835,0.48066580477384874,0.7855953709469863,0.7681421388357178,0.7719924673296168,-0.21367645118720802
parent_human_capital_complements,high h,1.8,1,0.6660557863772645,1.8,1.122414641440431,0.48036357454580114,0.7839633400879648,0.7695239908550122,0.7733812459109827,-0.20158410979327313
parent_human_capital_complements,high h,1.8,1,0.6706462620469753,1.8,1.1226466901943724,0.4802561548657114,0.7833832515705325,0.7712860833925551,0.775152170974126,-0.18945593291477048
parent_human_capital_complements,high h,1.8,1,0.6753232652683625,1.8,1.122082112588614,0.48051752604426995,0.7847946717948207,0.7737555670795256,0.7776340329995896,-0.1771782254010108
parent_human_capital_complements,high h,1.8,1,0.6800881624747613,1.8,1.121824489758639,0.4806368031694461,0.7854387525103668,0.7759887050678437,0.779878364638656,-0.16476112888735805
parent_human_capital_complements,high h,1.8,1,0.6849423511938463,1.8,1.12270751453919,0.48022800442702834,0.783231219804382,0.7772624397292404,0.7811584839216122,-0.15226687697234165
parent_human_capital_complements,high h,1.8,1,0.6898872607230374,1.8,1.1221320685492562,0.4804944112521182,0.7846698239076071,0.7798213312060857,0.783730201895362,-0.13967307403526874
parent_human_capital_complements,high h,1.8,1,0.6949243528226603,1.8,1.1218075403905508,0.4806446487826134,0.7854811216651167,0.7821899332732879,0.7861106766298338,-0.12693645916325402
parent_human_capital_complements,high h,1.8,1,0.7000551224273222,1.8,1.1220836628682238,0.48051682464514356,0.7847908489820412,0.7840610604320652,0.7879911828525252,-0.11410125399398718
parent_human_capital_complements,high h,1.8,1,0.7052810983759861,1.8,1.1223140659055002,0.4804101591997981,0.784214849901846,0.7859954009282205,0.7899352192707666,-0.10116770705573641
parent_human_capital_complements,high h,1.8,1,0.7106038441612367,1.8,1.1217262374542387,0.4806822872592657,0.785684373265782,0.7886738068803109,0.7926270507885618,-0.08811900628463709
parent_human_capital_complements,high h,1.8,1,0.7160249586982449,1.8,1.1220627538738497,0.48052649947404424,0.7848431044220536,0.7905645897640129,0.794527311260909,-0.074963731418769
parent_human_capital_complements,high h,1.8,1,0.7215460771139571,1.8,1.1224850107121032,0.48033101414179613,0.7837874751073162,0.792401836788786,0.7963737675247176,-0.06172578584669397
parent_human_capital_complements,high h,1.8,1,0.7271688715570458,1.8,1.1219034968846904,0.4806002238625028,0.7852412284298186,0.7951560947764794,0.7991418312880265,-0.04839629552618985
parent_human_capital_complements,high h,1.8,1,0.7328950520291776,1.8,1.122012925726,0.4805495630998192,0.7849676587174144,0.7973216156656765,0.8013182068958522,-0.03494191053896345
parent_human_capital_complements,high h,1.8,1,0.7387263672381705,1.8,1.121764492002825,0.4806645843963968,0.7855887614415007,0.7998329788507188,0.803842158341245,-0.021386429203854362
parent_human_capital_complements,high h,1.8,1,0.7446646054736273,1.8,1.1217643840584581,0.4806646284917542,0.7855890122548256,0.8021477512407584,0.8061685335761745,-0.007742066186810614
parent_human_capital_complements,high h,1.8,1,0.7507115955056528,1.8,1.1224260118630256,0.48035832215502,0.7839349519192392,0.8038888218661586,0.8079183313544022,0.0059998073595426415
parent_human_capital_complements,high h,1.8,1,0.7568692075072764,1.8,1.121805357488555,0.4806456524158154,0.7854865563386874,0.8068163447785416,0.8108605285364497,0.019818471596976917
parent_human_capital_complements,high h,1.8,1,0.7631393540012239,1.8,1.1214413854139975,0.4808141848045332,0.7863965733526901,0.8095392906451866,0.8135971232260504,0.03377356457345204
parent_human_capital_complements,high h,1.8,1,0.7695239908317001,1.8,1.1223733254979877,0.4803827172312609,0.7840666783312974,0.8111033842809929,0.8151690569138322,0.04778480564359189
parent_human_capital_complements,high h,1.8,1,0.7760251181618615,1.8,1.121717186377745,0.4806864831812269,0.7857070191294304,0.8141474734215843,0.8182284046147387,0.06187877754657545
parent_human_capital_complements,high h,1.8,1,0.7826447814976824,1.8,1.121878928380084,0.48061159665271247,0.7853026447747044,0.8164663595632393,0.8205589142215495,0.07610826114049574
parent_human_capital_complements,high h,1.8,1,0.7893850727389358,1.8,1.1220105021336857,0.48055068654629585,0.7849737222763129,0.8188376291799828,0.82294206987671,0.09039137480330384
parent_human_capital_complements,high h,1.8,1,0.7962481312580323,1.8,1.1213384777674555,0.4808618144862004,0.7866538011678338,0.8219821596952905,0.8261023624168188,0.10479060770542192
parent_human_capital_complements,high h,1.8,1,0.8032361450074849,1.8,1.121718561591555,0.4806858443896268,0.7857035742308359,0.8241738464475732,0.8283050350446646,0.1193029227081861
parent_human_capital_complements,high h,1.8,1,0.8103513516567865,1.8,1.1220549952374292,0.4805300979988736,0.7848625222789214,0.8264289563030252,0.8305714486853071,0.13383317713756582
parent_human_capital_complements,high h,1.8,1,0.8175960397595149,1.8,1.121951378481992,0.48057806423806537,0.7851215496493398,0.8291226708812637,0.8332786655640584,0.14846434807186726
parent_human_capital_complements,high h,1.8,1,0.8249725499515008,1.8,1.1214746485314693,0.4807987685598445,0.7863133616024272,0.8321967442698817,0.8363681478096601,0.16319686159647295
parent_human_capital_complements,high h,1.8,1,0.8324832761809209,1.8,1.1217717580219138,0.48066121405696693,0.7855705755226594,0.8345640046098464,0.8387472740914586,0.17797900802776256
parent_human_capital_complements,high h,1.8,1,0.8401306669712053,1.8,1.1215436595252366,0.48076682303349244,0.7861408471032791,0.8374569432478984,0.841654713644779,0.19286627176952442
parent_human_capital_complements,high h,1.8,1,0.8479172267176741,1.8,1.1215728500656081,0.48075329591117455,0.7860678286865976,0.8401306677067769,0.8443418402032797,0.20787646595418496
parent_human_capital_complements,high h,1.8,1,0.8558455170188431,1.8,1.1218115811778533,0.4806427711013924,0.7854709971906584,0.8426279479453268,0.8468516381111171,0.22291436364376316
parent_human_capital_complements,high h,1.8,1,0.8639181580433734,1.8,1.1211074787259292,0.4809687680235827,0.7872313296704789,0.8460628440804451,0.8503037517347627,0.2380530749558043
parent_human_capital_complements,high h,1.8,1,0.8721378299336601,1.8,1.1215785321819691,0.48075065962507885,0.7860536050032865,0.8483863777069701,0.852638932122058,0.25330351089035563
parent_human_capital_complements,high h,1.8,1,0.8805072742470966,1.8,1.122083413923256,0.4805169286471382,0.7847914348934717,0.8506980997714101,0.8549622417415672,0.26853945702201254
parent_human_capital_complements,high h,1.8,1,0.88902929543607,1.8,1.1213030325450606,0.48087822292294136,0.7867424097252695,0.8542950258396279,0.8585771974767317,0.28386879795301834
parent_human_capital_complements,high h,1.8,1,0.8977067623677852,1.8,1.121884227616341,0.48060913738563965,0.7852893775131314,0.856580656424705,0.8608742848327933,0.2993071300517858
parent_human_capital_complements,high h,1.8,1,0.9065426098850453,1.8,1.1214365767280008,0.4808163946731484,0.7864085420130003,0.8599078502869538,0.8642181563236799,0.31477640514963756
parent_human_capital_complements,high h,1.8,1,0.9155398404091444,1.8,1.1206712922094932,0.48117069013137365,0.7883217438161573,0.8635807905181151,0.8679095072443653,0.3303862840928542
parent_human_capital_complements,high h,1.8,1,0.9247015255860773,1.8,1.1213407881000625,0.4808607509463611,0.7866480449661478,0.8658526264255608,0.8701927307766861,0.34603021977479465
parent_human_capital_complements,high h,1.8,1,0.9340308079772923,1.8,1.1212115582469342,0.48092056215784174,0.7869710631444731,0.8689468263963831,0.8733024404894054,0.3617387708065338
parent_human_capital_complements,high h,1.8,1,0.9435309027962627,1.8,1.121013706278355,0.48101216205806174,0.7874656987897652,0.8721378297025271,0.8765094387661838,0.3775517398851602
parent_human_capital_complements,high h,1.8,1,0.9532050996921831,1.8,1.1213421673234072,0.48086008657157264,0.7866445131684883,0.8748229764533603,0.8792080448711161,0.3933589141750935
parent_human_capital_complements,high h,1.8,1,0.9630567645821445,1.8,1.1212898158695566,0.4808843493617415,0.7867754760624861,0.8779196404433206,0.8823202309539206,0.40924680865458063
parent_human_capital_complements,high h,1.8,1,0.9730893415331738,1.8,1.1217118671024706,0.4806889397474107,0.7857202976791405,0.8805565334644024,0.8849703414562747,0.42519680526542625
parent_human_capital_complements,high h,1.8,1,0.9833063546955787,1.8,1.1208892902655825,0.4810697802438549,0.7877767977245076,0.8844980316940333,0.8889315965279988,0.4412130167220887
parent_human_capital_complements,high h,1.8,1,0.9937114102890687,1.8,1.1211225291222795,0.48096179478919315,0.7871936859947062,0.8873813524062513,0.8918293699454312,0.4573168337755875
parent_human_capital_complements,high h,1.8,1,1.0043081986431819,1.8,1.1212118031609273,0.48092045648660586,0.7869704758556759,0.8904382940748933,0.8949016345979531,0.4734657080856308
parent_human_capital_complements,high h,1.8,1,1.0151004962935855,1.8,1.1208527363531622,0.48108669351688266,0.7878681506415379,0.8939892104404115,0.8984703500058234,0.4897035447670681
parent_human_capital_complements,high h,1.8,1,1.0260921681358672,1.8,1.1206618945212228,0.4811750455918365,0.7883452531963278,0.8973934862779871,0.9018916898470462,0.5059910478830327
parent_human_capital_complements,high h,1.8,1,1.037287169638491,1.8,1.121241424954904,0.4809067371715784,0.7868964034810101,0.9000134441654629,0.9045247803280837,0.5222804114213728
parent_human_capital_complements,high h,1.8,1,1.0486895491166357,1.8,1.120961252329229,0.4810364389902693,0.7875968099992439,0.9035654947362403,0.9080946356264408,0.5386390123052236
parent_human_capital_complements,high h,1.8,1,1.0603034500686892,1.8,1.1212478742471654,0.4809037572569389,0.7868802992653168,0.906542610630759,0.9110866743764816,0.5550600409075275
parent_human_capital_complements,high h,1.8,1,1.0721331135772334,1.8,1.121233979671565,0.4809102044419836,0.7869150827204622,0.9098651384268275,0.9144258564124338,0.5715109476941949
parent_human_capital_complements,high h,1.8,1,1.0841828807763967,1.8,1.120368430370094,0.48131090213340494,0.7890788925421381,0.9141308954413147,0.9187129956229373,0.5880572381018605
parent_human_capital_complements,high h,1.8,1,1.0964571953875313,1.8,1.1210550145277496,0.48099304058566,0.7873624369697889,0.9167535499321269,0.9213487962240917,0.6046473543894386
parent_human_capital_complements,high h,1.8,1,1.1089606063252093,1.8,1.1206092152988174,0.48119942652603875,0.788476926645548,0.9206263504892731,0.9252410092748149,0.6212670599088361
parent_human_capital_complements,high h,1.8,1,1.1216977703756155,1.8,1.1203884675824058,0.4813016308396854,0.7890288163381749,0.9242843439841404,0.9289173385383788,0.6380139823658406
parent_human_capital_complements,high h,1.8,1,1.1346734549494641,1.8,1.1215935351834712,0.4807437321552879,0.7860161569996617,0.9264039243582104,0.9310475433532869,0.6546936383776352
parent_human_capital_complements,high h,1.8,1,1.147892540911644,1.8,1.1208203423750631,0.48110169748612946,0.7879491574799964,0.9307230626861971,0.9353883314522373,0.6714022664406798
parent_human_capital_complements,high h,1.8,1,1.1613600254898573,1.8,1.1206992401540001,0.4811577533351681,0.7882518806519447,0.9343524022772369,0.9390358631836829,0.6882425154072793
parent_human_capital_complements,high h,1.8,1,1.1750810252645967,1.8,1.120876248115492,0.48107580101141906,0.7878093471615057,0.9376767759025669,0.9423769003011546,0.7050371791955223
parent_human_capital_complements,high h,1.8,1,1.189060779242872,1.8,1.1200649750231317,0.48145138371530405,0.7898375082144535,0.9421337004431373,0.9468561652689532,0.7219522022883442
parent_human_capital_complements,high h,1.8,1,1.2033046520181812,1.8,1.1209607542831208,0.4810366698765579,0.7875980561169269,0.9447023274809219,0.9494376676033447,0.738906472096692
parent_human_capital_complements,high h,1.8,1,1.217818137019287,1.8,1.120344425426706,0.48132202552515707,0.789138937274803,0.9490005987862177,0.9537574840832177,0.7558546586463213
parent_human_capital_complements,high h,1.8,1,1.2326068598504607,1.8,1.1202117683487458,0.48138342632582176,0.7894705329469168,0.9527811213218618,0.9575569565669312,0.7729129477475039
parent_human_capital_complements,high h,1.8,1,1.247676581725918,1.8,1.121254709335419,0.48090058514958994,0.7868631865492526,0.9552422450339006,0.9600304167129142,0.7899170589274447
parent_human_capital_complements,high h,1.8,1,1.2630332030012734,1.8,1.1205224922803596,0.4812395771053819,0.7886937375410776,0.9597628799570869,0.9645737114129507,0.8069425679832944
parent_human_capital_complements,high h,1.8,1,1.2786827668049243,1.8,1.1207868019968192,0.48111722210294305,0.7880329976167164,0.963163907776858,0.9679917869556118,0.8240504399261739
parent_human_capital_complements,high h,1.8,1,1.294631462772364,1.8,1.1205623201251993,0.4812211358190485,0.7885941599285178,0.9671570937194243,0.9720049888260106,0.8411824128364067
parent_human_capital_complements,high h,1.8,1,1.31088563088653,1.8,1.120151823092163,0.4814111917414926,0.7896204381502729,0.9713967429546255,0.97626588939144,0.8583701274030227
parent_human_capital_complements,high h,1.8,1,1.3274517654273796,1.8,1.1204788781912436,0.4812597822990332,0.7888028164576242,0.9748000790353569,0.9796862847652676,0.8755830421727588
parent_human_capital_complements,high h,1.8,1,1.3443365190339982,1.8,1.1202698602915273,0.4813565403599481,0.7893253304747048,0.9788593952287697,0.9837659483657747,0.8928195347912262
parent_human_capital_complements,high h,1.8,1,1.3615467068826452,1.8,1.119894168681911,0.481530473236799,0.7902645646053177,0.9831453959221159,0.9880734327269997,0.9100795539504656
parent_human_capital_complements,high h,1.8,1,1.3790893109842512,1.8,1.1204623804707232,0.48126740846706156,0.7888440229625563,0.9863340955559954,0.9912781157843084,0.9273265958837538
parent_human_capital_complements,high h,1.8,1,1.3969714846049992,1.8,1.1205817342092597,0.48121214824723557,0.7885456261117838,0.9900806762335789,0.9950434762756897,0.9446011524306037
parent_human_capital_complements,high h,1.8,1,1.4152005568137338,1.8,1.1204710774139839,0.4812633949659013,0.7888223222755365,0.9941298782274917,0.9991129749790607,0.9619275758827421
parent_human_capital_complements,high h,1.8,1,1.4337840371600625,1.8,1.1201250209856002,0.4814235927164449,0.7896874194156817,0.998492483009755,1.0034974474087965,0.9792921797836707
parent_human_capital_complements,high h,1.8,1,1.4527296204871472,1.8,1.1199079338273847,0.48152409032852195,0.7902301188370265,1.0027277115997102,1.0077539051704034,0.9966684646184722
parent_human_capital_complements,high h,1.8,1,1.4720451918832933,1.8,1.1201594154235397,0.4814076918168797,0.7896015060631507,1.006416091692882,1.0114607733457295,1.0140713661858518
parent_human_capital_complements,high h,1.8,1,1.4917388317766058,1.8,1.120128354394841,0.4814220499235072,0.7896790873573225,1.0104757054052202,1.015540735956482,1.0314667623713936
parent_human_capital_complements,high h,1.8,1,1.5118188211770927,1.8,1.11966317861977,0.48163740659277104,0.7908420187408083,1.015100496281212,1.02018870869321,1.0489019067267904
parent_human_capital_complements,high h,1.8,1,1.5322936470707536,1.8,1.1204595090099145,0.4812687284763778,0.7888511712535498,1.0181814885428082,1.023285144492785,1.0663080432426901
parent_human_capital_complements,high h,1.8,1,1.5531720079703377,1.8,1.1200900168479355,0.4814398099921243,0.7897749675265475,1.0227418905173236,1.027868405577325,1.083769989361672
parent_human_capital_complements,high h,1.8,1,1.5744628196276003,1.8,1.1201896493183316,0.4813936712994246,0.7895258456918042,1.0267398441389375,1.0318863990248621,1.1012495334913193
parent_human_capital_complements,high h,1.8,1,1.5961752209120554,1.8,1.119810080531876,0.48156939906855994,0.7904747724502581,1.0313706158492277,1.0365403825749455,1.1187114364594533
parent_human_capital_complements,high h,1.8,1,1.618318579861377,1.8,1.119628632412647,0.48165339735229223,0.7909283750087799,1.035778808416027,1.040970671298938,1.136262715978349
parent_human_capital_complements,high h,1.8,1,1.6409024999087747,1.8,1.1207705036116373,0.4811247681829238,0.788073745301036,1.0385138627067103,1.0437194351063048,1.1537513003446374
parent_human_capital_complements,high h,1.8,1,1.6639368262928396,1.8,1.1198003862862342,0.481573885783447,0.7904990036521342,1.043988317456452,1.0492213306746734,1.1712165582526035
parent_human_capital_complements,high h,1.8,1,1.6874316526555453,1.8,1.1197343707837872,0.48160446283499514,0.790664088801597,1.0483260818431022,1.0535808381957947,1.1887786942389749
parent_human_capital_complements,high h,1.8,1,1.7113973278342638,1.8,1.120105353113081,0.4814326957314021,0.7897365810566621,1.0521186970092695,1.0573924639245944,1.2062488884008165
parent_human_capital_complements,high h,1.8,1,1.7358444628538618,1.8,1.1191920496826213,0.481855536204333,0.7920198876194176,1.0576177062990648,1.062919037113161,1.22380648491233
parent_human_capital_complements,high h,1.8,1,1.7607839381251333,1.8,1.1204372029695238,0.4812790720501972,0.7889069904731154,1.060303451815582,1.0656182449851028,1.2413807515157163
parent_human_capital_complements,high h,1.8,1,1.7862269108560356,1.8,1.1196960589637355,0.4816221771390137,0.7907597949666689,1.0656354868736035,1.0709770069800753,1.258875245326852
parent_human_capital_complements,high h,1.8,1,1.8121848226824113,1.8,1.1195143171397866,0.48170632081920883,0.7912141623144501,1.0702548761879802,1.0756195510797482,1.2764724017005253
parent_human_capital_complements,high h,1.8,1,1.8386694075250942,1.8,1.1203849759792832,0.48130323624014953,0.7890375094388015,1.0734863958865495,1.0788672688382142,1.293996507628692
parent_human_capital_complements,high h,1.8,1,1.8656926996805347,1.8,1.1195857152986983,0.4816732643191777,0.7910356610954373,1.0789876518150554,1.0843960999268145,1.311492899827905
parent_human_capital_complements,high h,1.8,1,1.8932670421523103,1.8,1.119037356607587,0.4819271291429827,0.792406541815677,1.0841828803172728,1.0896173696202687,1.3290793539645311
parent_human_capital_complements,high h,1.8,1,1.921405095231136,1.8,1.1198968507810472,0.4815292457883277,0.7902579055731347,1.0874873163612508,1.0929383692188457,1.3465829383576087
parent_human_capital_complements,high h,1.8,1,1.9501198453312445,1.8,1.1196103036664558,0.4816618888280789,0.7909742161365201,1.0923776002393668,1.0978531657469095,1.3641292807635566
parent_human_capital_complements,high h,1.8,1,1.979424614091259,1.8,1.1196940824411554,0.48162309965252037,0.7907647604330108,1.0967840342462012,1.1022816870961185,1.38169285952379
parent_human_capital_complements,high h,1.8,1,2.009333067747975,1.8,1.1194277797572805,0.48174638590872637,0.7914305105869932,1.1016998105417033,1.1072221038228418,1.3991996606437644
parent_human_capital_complements,high h,1.8,1,2.0398592267917226,1.8,1.1193773833004927,0.48176972181525834,0.7915565153809446,1.1063414639960618,1.1118870236619622,1.4167259137283406
parent_human_capital_complements,high h,1.8,1,2.071017475912293,1.8,1.1197082598305883,0.4816165528356113,0.7907293713567922,1.110471042837508,1.1160373021034917,1.434245690138244
parent_human_capital_complements,high h,1.8,1,2.1028225742447084,1.8,1.1195507894611578,0.48168944186963003,0.7911230021964435,1.1153096659478001,1.120900178913055,1.4517225669313425
parent_human_capital_complements,high h,1.8,1,2.135289665924415,1.8,1.1188509812060465,0.48201343692719445,0.7928725544380637,1.120945171126831,1.1265639321793492,1.4692291011729477
parent_human_capital_complements,high h,1.8,1,2.168434290961828,1.8,1.1191654749467312,0.48186784294919904,0.7920863362086739,1.1251646904883075,1.1308046019696418,1.4867226643240259
parent_human_capital_complements,high h,1.8,1,2.2022723964464688,1.8,1.119606027092705,0.48166388195244425,0.7909849504332142,1.1292200038831786,1.1348802427074962,1.5041599009956972
parent_human_capital_complements,high h,1.8,1,2.23682034809129,1.8,1.1190915054301,0.481902065321823,0.7922711862126066,1.134673455953843,1.1403610303204204,1.521638703491805
parent_human_capital_complements,high h,1.8,1,2.2720949421281498,1.8,1.1191852957633093,0.48185864840504466,0.7920367250690356,1.1392725235113323,1.1449831507999753,1.539099480311842
parent_human_capital_complements,high h,1.8,1,2.308113417565749,1.8,1.1191181142220612,0.48188974880504853,0.7922046719062961,1.1441281317319485,1.1498630978580826,1.556495108867363
parent_human_capital_complements,high h,1.8,1,2.344893468821764,1.8,1.1195985958494061,0.481667323639661,0.7910035327430958,1.1482004098890275,1.153955788394369,1.573942169794905
parent_human_capital_complements,high h,1.8,1,2.382453258741261,1.8,1.119272187789661,0.48181841940689524,0.7918194910886796,1.1534823880970266,1.1592642426283146,1.591320854185656
parent_human_capital_complements,high h,1.8,1,2.4208114320139376,1.8,1.1186934328800682,0.482086374426701,0.793266420262443,1.1591672890862335,1.1649776393023135,1.6086971437687554
parent_human_capital_complements,high h,1.8,1,2.4599871290031343,1.8,1.1192074221235542,0.4818484105024612,0.7919814279044202,1.1632472815586044,1.1690780828220584,1.626083815967267
parent_human_capital_complements,high h,1.8,1,2.5,1.8,1.1193068298815736,0.48180239162303606,0.7917329189770634,1.1679644224383419,1.1738188684688522,1.6434044117281221
parent_human_capital_complements,high h,1.8,2,0.5,1.8,1.0065739695915927,0.5561843092337863,1.2355650504217484,0.8184569114931401,0.8225594438345205,-1.1117304770715182
parent_human_capital_complements,high h,1.8,2,0.5000203210855501,1.8,1.0065695309108929,0.556186272404833,1.2355761678103492,0.8184732764991395,0.8225758908704537,-1.1114897607124101
parent_human_capital_complements,high h,1.8,2,0.5000812892976928,1.8,1.0065562445004859,0.5561921363347846,1.2356094033104514,0.8185223497760826,0.8226252101282212,-1.1107675947047009
parent_human_capital_complements,high h,1.8,2,0.5001829195049198,1.8,1.006534056625351,0.5562019107955496,1.2356648439011089,0.818604152024794,0.8227074224124107,-1.1095639282399594
parent_human_capital_complements,high h,1.8,2,0.5003252364947652,1.8,1.0065742925592494,0.5561841665382123,1.2355642420037491,0.8186836292411415,0.8227872980099629,-1.107878852780691
parent_human_capital_complements,high h,1.8,2,0.5005082749838822,1.8,1.0065339031071443,0.5562019865134669,1.23566525501167,0.8188311336133327,0.8229355417508966,-1.1057128838128987
parent_human_capital_complements,high h,1.8,2,0.500732079632158,1.8,1.006485194006907,0.556223447439667,1.2357869741828402,0.819011096204196,0.8231164064080007,-1.1030652781677608
parent_human_capital_complements,high h,1.8,2,0.5009967050608752,1.8,1.0064281696946553,0.5562485940497632,1.2359295472626393,0.8192235591283881,0.8233299343070318,-1.0999358583975378
parent_human_capital_complements,high h,1.8,2,0.5013022158749305,1.8,1.0063616880483943,0.556277909329391,1.236095759490194,0.8194690860673722,0.8235766919549193,-1.0963244005072443
parent_human_capital_complements,high h,1.8,2,0.5016486866891229,1.8,1.006286371714811,0.5563111395099627,1.2362841248980823,0.8197474026081678,0.8238564035631811,-1.092230647938735
parent_human_capital_complements,high h,1.8,2,0.502036202158526,1.8,1.0062021643099688,0.5563482448662507,1.236494564725016,0.8200585136090895,0.8241690740144846,-1.0876543132333107
parent_human_capital_complements,high h,1.8,2,0.502464857012963,1.8,1.006109122745325,0.5563892738637432,1.2367271869391292,0.8204024630923736,0.8245147475517282,-1.0825950751978288
parent_human_capital_complements,high h,1.8,2,0.5029347560956027,1.8,1.006007204057417,0.5564342090219188,1.2369819750351505,0.8207792729670105,0.8248934461937216,-1.0770525789406007
parent_human_capital_complements,high h,1.8,2,0.5034460144056994,1.8,1.0058964938431745,0.5564830351670909,1.2372587917952689,0.8211889437284932,0.8253051704384418,-1.0710264359041926
parent_human_capital_complements,high h,1.8,2,0.5039987571454999,1.8,1.00577693423817,0.5565357462598879,1.2375576745379688,0.8216315126458932,0.825749957741772,-1.0645162238953627
parent_human_capital_complements,high h,1.8,2,0.5045931197713469,1.8,1.0056957711842558,0.5565715326385077,1.2377605828519473,0.8220837166553187,0.8262044284332274,-1.057523174857633
parent_human_capital_complements,high h,1.8,2,0.5052292480490046,1.8,1.0055876894058464,0.5566191825015849,1.2380307694645456,0.8225777894051514,0.8267009777330246,-1.0500456738374588
parent_human_capital_complements,high h,1.8,2,0.5059072981132409,1.8,1.0058497032948936,0.5565036607388512,1.2373757505386782,0.822917618074202,0.8270425098003678,-1.0421009031459314
parent_human_capital_complements,high h,1.8,2,0.5066274365316988,1.8,1.0056948436191049,0.5565719334727997,1.2377628740553597,0.8234919928479895,0.8276197636396898,-1.0336753172546842
parent_human_capital_complements,high h,1.8,2,0.507389840373095,1.8,1.0059651278210406,0.5564527603496183,1.2370871628883608,0.8238845996478341,0.8280143383893083,-1.0247688640433112
parent_human_capital_complements,high h,1.8,2,0.5081946972797818,1.8,1.0058875907967373,0.5564869544381648,1.2372810282018993,0.8244779782224636,0.8286106912864206,-1.0154033543068568
parent_human_capital_complements,high h,1.8,2,0.5090422055447187,1.8,1.0060670316670894,0.5564078393334815,1.2368324377454145,0.8249725493748363,0.829107741487011,-1.005556184170671
parent_human_capital_complements,high h,1.8,2,0.5099325741928927,1.8,1.0064499351956022,0.5562390020097991,1.2358751496417346,0.8253944177017511,0.8295317244377144,-0.995273687134745
parent_human_capital_complements,high h,1.8,2,0.5108660230672385,1.8,1.0062504711352518,0.5563269592898323,1.236373844368758,0.8261343832422867,0.830275399070957,-0.984515223933176
parent_human_capital_complements,high h,1.8,2,0.5118427829191048,1.8,1.0060436389848382,0.5564181442137216,1.2368908876302427,0.8269069069367784,0.8310517950565819,-0.973272635260821
parent_human_capital_complements,high h,1.8,2,0.5128630955033207,1.8,1.0059036503113918,0.5564798815719108,1.2372409067962487,0.8276750901727903,0.831823828827088,-0.9615478655019978
parent_human_capital_complements,high h,1.8,2,0.5139272136779165,1.8,1.0057243286850484,0.5565589280296963,1.2376891444719784,0.8284918159024602,0.8326446484115144,-0.9493439669445047
parent_human_capital_complements,high h,1.8,2,0.5150354015085564,1.8,1.0059328129354776,0.5564670117533621,1.2371679610494604,0.8291438827570631,0.8332999837648277,-0.9366592573146026
parent_human_capital_complements,high h,1.8,2,0.5161879343777439,1.8,1.0056902482543035,0.556573963621503,1.23777437598605,0.8300501642451606,0.8342108080077889,-0.9235188041524263
parent_human_capital_complements,high h,1.8,2,0.5173850990988615,1.8,1.0054399007543808,0.5566843484366002,1.238400252626933,0.8309895170031664,0.8351548692910884,-0.9098917545231189
parent_human_capital_complements,high h,1.8,2,0.5186271940351138,1.8,1.0051801100134905,0.556798893818562,1.239049726757257,0.8319628361772412,0.8361330672478262,-0.8957771386144724
parent_human_capital_complements,high h,1.8,2,0.5199145292234401,1.8,1.0058809334387089,0.5564898771470561,1.237297628615576,0.8324832762030298,0.8366561159900999,-0.8812095126331405
parent_human_capital_complements,high h,1.8,2,0.5212474265034702,1.8,1.0061591419261,0.5563672296824502,1.236602173453596,0.8332440764800711,0.8374207297944,-0.8662536510487273
parent_human_capital_complements,high h,1.8,2,0.5226262196515982,1.8,1.0058727782918826,0.5564934941840545,1.2373180889222706,0.8343180920951686,0.8385001289351713,-0.850819409613677
parent_human_capital_complements,high h,1.8,2,0.5240512545202515,1.8,1.0055783774509077,0.5566232885635903,1.2380540502424267,0.8354256307553226,0.839613219155962,-0.8348982694597191
parent_human_capital_complements,high h,1.8,2,0.5255228891824385,1.8,1.0057225545520945,0.5565597165878897,1.2376936012799065,0.8363411409918393,0.8405333184066361,-0.8185161271652446
parent_human_capital_complements,high h,1.8,2,0.5270414940816569,1.8,1.0054855951114465,0.5566642048188275,1.2382860296822047,0.8374785477753727,0.8416764264653976,-0.8016698347244229
parent_human_capital_complements,high h,1.8,2,0.5286074521872524,1.8,1.0052151677253502,0.5567834361794051,1.238962082156986,0.838662508970692,0.8428663222909053,-0.7843404861220278
parent_human_capital_complements,high h,1.8,2,0.5302211591553182,1.8,1.0048863805408979,0.556928397405172,1.2397840274314973,0.8399057892467958,0.844115834535327,-0.7665247354018281
parent_human_capital_complements,high h,1.8,2,0.5318830234952302,1.8,1.0055762122347378,0.556624248101435,1.2380594798063438,0.8406610762617878,0.8448749074422366,-0.7482876636065043
parent_human_capital_complements,high h,1.8,2,0.5335934667419154,1.8,1.0056926241941246,0.5565729185938328,1.2377684448620947,0.8417365605762175,0.8459557826442262,-0.7296596497985062
parent_human_capital_complements,high h,1.8,2,0.5353529236339561,1.8,1.005790347637285,0.5565298294943184,1.2375241323023864,0.8428507946823047,0.8470756018720126,-0.7105636064626055
parent_human_capital_complements,high h,1.8,2,0.537161842297634,1.8,1.005477448369434,0.556667803343657,1.2383064186056871,0.8442045506108222,0.8484361435303603,-0.6910188428598387
parent_human_capital_complements,high h,1.8,2,0.5390206844370244,1.8,1.0051060083664871,0.5568315636263397,1.2392349710903203,0.8456183813560815,0.8498570611317218,-0.6709889980203949
parent_human_capital_complements,high h,1.8,2,0.5409299255302531,1.8,1.0048003859562527,0.5569663081625813,1.2399989944128489,0.8470286949324746,0.8512744439343348,-0.6504737107071603
parent_human_capital_complements,high h,1.8,2,0.5428900550320312,1.8,1.0053708228571532,0.5567148100450041,1.2385729609159508,0.848018613062381,0.8522693240495165,-0.6294998061756467
parent_human_capital_complements,high h,1.8,2,0.5449015765825912,1.8,1.0054688804137095,0.5566715570368577,1.2383277566256803,0.8492805309797251,0.8535375673567442,-0.6081374986970998
parent_human_capital_complements,high h,1.8,2,0.5469650082231464,1.8,1.0056218991947792,0.5566040913732713,1.2379452196570897,0.8505435717956089,0.8548069391910639,-0.586404667340302
parent_human_capital_complements,high h,1.8,2,0.5490808826180046,1.8,1.005209174628643,0.5567860751663898,1.2389770530874151,0.852129350085311,0.8564006662275215,-0.5641989451020726
parent_human_capital_complements,high h,1.8,2,0.5512497472834679,1.8,1.0047872083715306,0.5569721279971754,1.2400319710748602,0.8537506186201129,0.8580300614046729,-0.5415013656383469
parent_human_capital_complements,high h,1.8,2,0.5534721648236569,1.8,1.0043576142443356,0.5571615467972606,1.2411059679599452,0.855406658983616,0.8596944027050418,-0.5183104639278446
parent_human_capital_complements,high h,1.8,2,0.5557487131734017,1.8,1.005023150380322,0.5568680988379258,1.2394421218663014,0.8565230193961354,0.8608163588974157,-0.49471980246469527
parent_human_capital_complements,high h,1.8,2,0.5580799858483445,1.8,1.0050279732502077,0.5568659788292665,1.2394300867269568,0.8580130299963582,0.8623138382068528,-0.4707690142958689
parent_human_capital_complements,high h,1.8,2,0.5604665922024078,1.8,1.0051231212580636,0.5568240202472481,1.2391921956230745,0.8594858211434637,0.8637940117503048,-0.44640537811142056
parent_human_capital_complements,high h,1.8,2,0.5629091576927818,1.8,1.0046596363885785,0.5570283777081648,1.2403509045745982,0.861282075020847,0.8655992693877171,-0.4215578323708329
parent_human_capital_complements,high h,1.8,2,0.5654083241525933,1.8,1.0042395734832783,0.5572135935152693,1.2414010716556678,0.8630868023899382,0.8674130429903916,-0.39622197469628273
parent_human_capital_complements,high h,1.8,2,0.5679647500714233,1.8,1.0052038860035077,0.5567884004781494,1.2389902524231564,0.8641923366019614,0.8685241187157132,-0.3704835391472159
parent_human_capital_complements,high h,1.8,2,0.5705791108838415,1.8,1.0047909722855994,0.5569704785013541,1.240022595576007,0.8660547157576,0.8703958330857177,-0.3443988854623896
parent_human_capital_complements,high h,1.8,2,0.5732520992661372,1.8,1.004848341049108,0.5569451794237755,1.2398791593505765,0.8676990185853893,0.8720483780157305,-0.31786791771874334
parent_human_capital_complements,high h,1.8,2,0.5759844254414287,1.8,1.004398598627252,0.5571434616122688,1.2410034577776865,0.8696435512772581,0.874002657718279,-0.2909027200787371
parent_human_capital_complements,high h,1.8,2,0.578776817493336,1.8,1.0043567977109054,0.5571619018669542,1.2411079924404729,0.8714023851318827,0.8757703077642881,-0.26346404069329754
parent_human_capital_complements,high h,1.8,2,0.5816300216884137,1.8,1.0048250474902067,0.5569554429095473,1.2399373692880733,0.8729191458408947,0.8772946712679928,-0.2356768073332436
parent_human_capital_complements,high h,1.8,2,0.5845448028075416,1.8,1.004348882680921,0.5571653947205477,1.2411277901583824,0.8749720326710756,0.8793578482362319,-0.20748288419835248
parent_human_capital_complements,high h,1.8,2,0.5875219444864789,1.8,1.0044456319678177,0.557122736408644,1.2408859172943894,0.8767489447788991,0.8811436671530611,-0.17884739752980083
parent_human_capital_complements,high h,1.8,2,0.5905622495657936,1.8,1.0043787206329726,0.5571522297389426,1.2410531649389103,0.8786447803165749,0.8830490056059155,-0.14979438885388152
parent_human_capital_complements,high h,1.8,2,0.5936665404503856,1.8,1.004431117460917,0.5571291334589599,1.2409221945664644,0.8805072746326081,0.8849208357135585,-0.1203258214868268
parent_human_capital_complements,high h,1.8,2,0.5968356594788269,1.8,1.004316763807916,0.5571795491933162,1.2412080625477457,0.8824911856187558,0.8869146910949074,-0.09054331681524008
parent_human_capital_complements,high h,1.8,2,0.600070469302753,1.8,1.0037489654909972,0.5574299167933974,1.242627611440141,0.8847533517019722,0.8891881963328033,-0.060268053044129744
parent_human_capital_complements,high h,1.8,2,0.6033718532765401,1.8,1.0042932018420228,0.5571899510045317,1.241267011475394,0.88644166337291,0.8908849707012089,-0.029599145770529134
parent_human_capital_complements,high h,1.8,2,0.6067407158575169,1.8,1.0037608912044895,0.5574246415203169,1.2425977392476288,0.888748910312241,0.8932037827639512,0.0014483538380964944
parent_human_capital_complements,high h,1.8,2,0.6101779830169621,1.8,1.0041788388291022,0.5572403667388879,1.2415528888165945,0.8905674268722708,0.895031414676171,0.032839779920860845
parent_human_capital_complements,high h,1.8,2,0.6136846026621482,1.8,1.0035796349958295,0.5575045663962516,1.2430508998842185,0.89297641252238,0.8974524754171015,0.06468240155886162
parent_human_capital_complements,high h,1.8,2,0.6172615450697004,1.8,1.0040786523627787,0.5572845520324492,1.2418033936516135,0.8948120399621534,0.8992973039777069,0.09694567839407098
parent_human_capital_complements,high h,1.8,2,0.6209098033305457,1.8,1.0035416733402316,0.5575213070203868,1.2431458131431243,0.8972520270838779,0.9017495215857757,0.1295505489670572
parent_human_capital_complements,high h,1.8,2,0.6246303938067362,1.8,1.0039348266304509,0.5573479600995179,1.242162933628109,0.8992081743086157,0.9037154740392815,0.16250127549343807
parent_human_capital_complements,high h,1.8,2,0.6284243566004422,1.8,1.003733838072527,0.5574365790534507,1.2426654038673122,0.9015263663360689,0.9060452860526285,0.19587967953025354
parent_human_capital_complements,high h,1.8,2,0.6322927560354111,1.8,1.00321449366659,0.5576655581067667,1.2439637350126302,0.9040553997852999,0.9085869963347779,0.2296521770326656
parent_human_capital_complements,high h,1.8,2,0.6362366811512086,1.8,1.0032176566814888,0.5576641694505524,1.2439558477892907,0.9063248321718993,0.9108678042985542,0.2638247547386303
parent_human_capital_complements,high h,1.8,2,0.6402572462105554,1.8,1.0036452009647225,0.5574756590219352,1.2428869910279012,0.9083869977726888,0.9129403065474332,0.2982732261205747
parent_human_capital_complements,high h,1.8,2,0.6443555912200942,1.8,1.0034815265492392,0.5575478264754172,1.2432961791201302,0.9108141806995766,0.9153796557793715,0.3331143642830341
parent_human_capital_complements,high h,1.8,2,0.6485328824649206,1.8,1.0028142295730338,0.5578420444807766,1.2449644057505682,0.9135600653594974,0.9181393042434276,0.36840477249923564
parent_human_capital_complements,high h,1.8,2,0.652790313057229,1.8,1.0035530830366504,0.557516280114116,1.2431173019115722,0.9155398403170779,0.92012900286428,0.4040837834576263
parent_human_capital_complements,high h,1.8,2,0.6571291034994325,1.8,1.00370327210326,0.5574500560410398,1.2427418185483574,0.9178854745876389,0.9224863946755507,0.4399773457437992
parent_human_capital_complements,high h,1.8,2,0.6615505022621248,1.8,1.0030126137517694,0.5577545832967694,1.24446847862384,0.9207458517900814,0.9253611095783862,0.47626327437426585
parent_human_capital_complements,high h,1.8,2,0.6660557863772645,1.8,1.0023714696933026,0.5580372673041762,1.2460713136755048,0.9236127573528906,0.928242385565131,0.5130401930281496
parent_human_capital_complements,high h,1.8,2,0.6706462620469753,1.8,1.0032877399588376,0.5576332689518708,1.243780641015427,0.925614949599643,0.9302546138422847,0.5501154644112987
parent_human_capital_complements,high h,1.8,2,0.6753232652683625,1.8,1.0031656354085219,0.5576871061920335,1.2440858998567763,0.9282484250404794,0.932901289633701,0.5874069638864148
parent_human_capital_complements,high h,1.8,2,0.6800881624747613,1.8,1.0025033541506214,0.557979121399797,1.245741616851488,0.931229918815461,0.935897728208422,0.6251554306761116
parent_human_capital_complements,high h,1.8,2,0.6849423511938463,1.8,1.0022110359115852,0.558108006376217,1.2464724017803053,0.9340308076874816,0.9387126565943384,0.6634003184263282
parent_human_capital_complements,high h,1.8,2,0.6898872607230374,1.8,1.0032532901965339,0.5576484597120488,1.2438667697438563,0.9360826375113226,0.9407747712579713,0.7017270183855975
parent_human_capital_complements,high h,1.8,2,0.6949243528226603,1.8,1.0025915399256238,0.557940232592374,1.2455211313536327,0.9391672580343773,0.9438748535057412,0.7404399345723038
parent_human_capital_complements,high h,1.8,2,0.7000551224273222,1.8,1.0018424462164495,0.5582705206982596,1.2473938651990295,0.9423393202278536,0.9470628157271297,0.7796396911514876
parent_human_capital_complements,high h,1.8,2,0.7052810983759861,1.8,1.0027198526351446,0.5578836621351402,1.2452003659486022,0.9445825175846277,0.9493172571574464,0.8191244528923964
parent_human_capital_complements,high h,1.8,2,0.7106038441612367,1.8,1.002554177283523,0.5579567036366414,1.245614528488331,0.9474767682198257,0.9522260152843255,0.8587864446370039
parent_human_capital_complements,high h,1.8,2,0.7160249586982449,1.8,1.001866005959677,0.5582601444702324,1.2473350055280537,0.9507180085262857,0.955483502375432,0.8989292004088023
parent_human_capital_complements,high h,1.8,2,0.7215460771139571,1.8,1.0024937648598455,0.5579833472750768,1.2457655825699656,0.9532051004418339,0.9579830608910861,0.9394450110317267
parent_human_capital_complements,high h,1.8,2,0.7271688715570458,1.8,1.0025550405134975,0.5579563273538898,1.2456123851444354,0.9560645780023803,0.9608568716425518,0.9801117269041395
parent_human_capital_complements,high h,1.8,2,0.7328950520291776,1.8,1.0018257148250824,0.5582778930976999,1.2474356774932929,0.9594368065723787,0.9642460035785999,1.021167247901905
parent_human_capital_complements,high h,1.8,2,0.7387263672381705,1.8,1.0016356105839992,0.5583617170632984,1.247910950865342,0.9625181723526443,0.9673428147691145,1.0626169197131077
parent_human_capital_complements,high h,1.8,2,0.7446646054736273,1.8,1.0019132027484403,0.5582393348084301,1.247217014269839,0.9653486161108048,0.9701874461856543,1.104290761169198
parent_human_capital_complements,high h,1.8,2,0.7507115955056528,1.8,1.0017660244160709,0.5583042099505193,1.247584897835596,0.9684722456625284,0.9733267329956629,1.1462649804552956
parent_human_capital_complements,high h,1.8,2,0.7568692075072764,1.8,1.001480337975543,0.5584301907302169,1.248299170888655,0.971716076670074,0.9765868237737981,1.188605167441871
parent_human_capital_complements,high h,1.8,2,0.7631393540012239,1.8,1.0018286392903626,0.5582766084434804,1.2474283826343577,0.9746030583880264,0.9794882765478327,1.2312288785701426
parent_human_capital_complements,high h,1.8,2,0.7695239908317001,1.8,1.0016674378400867,0.5583476867739348,1.2478313925648394,0.977839225207016,0.9827406647205068,1.2741379416354128
parent_human_capital_complements,high h,1.8,2,0.7760251181618615,1.8,1.0013668734310577,0.5584802143705418,1.2485828158575258,0.9811975951089023,0.9861158685215797,1.317331789474403
parent_human_capital_complements,high h,1.8,2,0.7826447814976824,1.8,1.0016872877898573,0.5583389415295603,1.2477817912937068,0.9842024109989513,0.9891357461139565,1.3608710249818352
parent_human_capital_complements,high h,1.8,2,0.7893850727389358,1.8,1.0009158144059,0.5586790885543886,1.24971044485613,0.987927915618284,0.9928799249029053,1.4046790003158613
parent_human_capital_complements,high h,1.8,2,0.7962481312580323,1.8,1.0012163191729244,0.5585465936119896,1.248959192295064,0.9910139761518206,0.9959814543792397,1.4487123708265504
parent_human_capital_complements,high h,1.8,2,0.8032361450074849,1.8,1.0015257136796762,0.5584101854378878,1.2481857371800182,0.9941271406073984,0.9991102236365899,1.4931191780122228
parent_human_capital_complements,high h,1.8,2,0.8103513516567865,1.8,1.000982687347006,0.5586496120670179,1.2495432929049888,0.9978178329047503,1.002819415606068,1.5377645114388732
parent_human_capital_complements,high h,1.8,2,0.8175960397595149,1.8,1.001092258360765,0.5586013021992822,1.249269371721193,1.0011276895723398,1.0061458629992452,1.5826493653060982
parent_human_capital_complements,high h,1.8,2,0.8249725499515008,1.8,1.001329897873321,0.5584965215061772,1.2486752682906939,1.0043891246445311,1.0094236460827675,1.6278931782106172
parent_human_capital_complements,high h,1.8,2,0.8324832761809209,1.8,1.0009929476105146,0.5586450812567734,1.2495176188250285,1.0080563893329515,1.0131092930119354,1.6733238378040398
parent_human_capital_complements,high h,1.8,2,0.8401306669712053,1.8,1.0008687978774728,0.5586998251991628,1.2498280074500794,1.0116221964111278,1.0166929737724717,1.7190503734861209
parent_human_capital_complements,high h,1.8,2,0.8479172267176741,1.8,1.0009333346913099,0.5586713795974237,1.2496666986991258,1.015100496054525,1.0201887084653867,1.7650991424015117
parent_human_capital_complements,high h,1.8,2,0.8558455170188431,1.8,1.0008152602211329,0.5587234263154324,1.2499618361039682,1.0187335567265918,1.0238399799298559,1.8112756187100283
parent_human_capital_complements,high h,1.8,2,0.8639181580433734,1.8,1.000183075552664,0.5590021681694657,1.2515423005598585,1.0227418903994323,1.0278684054588427,1.857820374272495
parent_human_capital_complements,high h,1.8,2,0.8721378299336601,1.8,1.000602670898782,0.558817150594442,1.2504932754235099,1.0260921692366654,1.031235477638632,1.9046446073169014
parent_human_capital_complements,high h,1.8,2,0.8805072742470966,1.8,1.0005391099328254,0.5588451855899806,1.2506522114442888,1.0297971125043557,1.0349589920117346,1.9515331461616214
parent_human_capital_complements,high h,1.8,2,0.88902929543607,1.8,0.999608960637391,0.5592552989399366,1.2529775663562737,1.0341179814678247,1.039301519421014,1.998837398783187
parent_human_capital_complements,high h,1.8,2,0.8977067623677852,1.8,1.0004529983157426,0.5588831606241574,1.2508675141276409,1.037287169880811,1.0424865934570275,2.046431040981666
parent_human_capital_complements,high h,1.8,2,0.9065426098850453,1.8,1.0002310157989323,0.5589810306903995,1.251422450609807,1.0412070742502455,1.046426146428881,2.0940068122864814
parent_human_capital_complements,high h,1.8,2,0.9155398404091444,1.8,0.9993505168957806,0.5593692566966748,1.2536236943863073,1.0456113788292811,1.05085252767649,2.1420380014122165
parent_human_capital_complements,high h,1.8,2,0.9247015255860773,1.8,1.0004734248769946,0.5588741545401756,1.2508164488686828,1.0486895484916674,1.0539461267285177,2.1903499246209246
parent_human_capital_complements,high h,1.8,2,0.9340308079772923,1.8,0.9998921149415554,0.5591304601188845,1.2522697103828895,1.052965740649856,1.0582437533890983,2.238602465538671
parent_human_capital_complements,high h,1.8,2,0.9435309027962627,1.8,0.9989962788566298,0.5595254409460583,1.2545092712418606,1.0574982648776443,1.0627989969891238,2.2873281538640247
parent_human_capital_complements,high h,1.8,2,0.9532050996921831,1.8,1.0004162846807378,0.5588993452456292,1.250959287844893,1.0604677427764835,1.0657833594578727,2.336289775012244
parent_human_capital_complements,high h,1.8,2,0.9630567645821445,1.8,0.9995936440072781,0.5592620581309653,1.2530158777542657,1.0650264652465231,1.0703649326193856,2.3852231995202646
parent_human_capital_complements,high h,1.8,2,0.9730893415331738,1.8,0.9986117115276509,0.5596949981810361,1.255470672284234,1.0697378413749188,1.0750999246189012,2.4346213521790014
parent_human_capital_complements,high h,1.8,2,0.9833063546955787,1.8,1.0000369856856905,0.5590665771688474,1.2519075098427286,1.0727983968928165,1.0781758212351737,2.4841800947457595
parent_human_capital_complements,high h,1.8,2,0.9937114102890687,1.8,0.9992010434454368,0.5594351654252848,1.2539973893313823,1.077485129066259,1.0828860457513982,2.533768079909801
parent_human_capital_complements,high h,1.8,2,1.0043081986431819,1.8,0.9987904858345371,0.559616194050689,1.255023806325907,1.0819112851722228,1.0873343880571702,2.5837764594751302
parent_human_capital_complements,high h,1.8,2,1.0151004962935855,1.8,0.9997024049449201,0.5592140989627928,1.2527439597265013,1.0854311055709895,1.090871851629107,2.633929144433391
parent_human_capital_complements,high h,1.8,2,1.0260921681358672,1.8,0.998781535490743,0.5596201345348211,1.2550461621967184,1.0902983221107874,1.0957634651933377,2.6841506521836553
parent_human_capital_complements,high h,1.8,2,1.037287169638491,1.8,0.9984331449777968,0.5597737467748762,1.255917141550332,1.0947949179285068,1.10028260029139,2.734726062187132
parent_human_capital_complements,high h,1.8,2,1.0486895491166357,1.8,0.9992732654325116,0.559403319530797,1.25381682761126,1.0984674048333498,1.1039734956134495,2.7854390896480683
parent_human_capital_complements,high h,1.8,2,1.0603034500686892,1.8,0.9983388697146369,0.5598153132628632,1.2561528260056234,1.1034659672488363,1.1089971134273102,2.836275596791037
parent_human_capital_complements,high h,1.8,2,1.0721331135772334,1.8,0.997981310676352,0.5599729602171366,1.2570466999823466,1.1080846291272242,1.113638926444706,2.887375873692855
parent_human_capital_complements,high h,1.8,2,1.0841828807763967,1.8,0.9988204097185112,0.5596029920447458,1.254948969217714,1.1118598192151654,1.1174330397517116,2.9386217910080124
parent_human_capital_complements,high h,1.8,2,1.0964571953875313,1.8,0.998460961109735,0.5597614787235894,1.255847589507916,1.1165543719372355,1.1221511240172264,2.989986198372424
parent_human_capital_complements,high h,1.8,2,1.1089606063252093,1.8,0.997552408144875,0.5601620697121269,1.2581189530157806,1.121697769650336,1.1273203031186523,3.0416412157503774
parent_human_capital_complements,high h,1.8,2,1.1216977703756155,1.8,0.9983465729295413,0.5598119129701147,1.256133554994789,1.1256086605831026,1.131250797473798,3.0933814312560233
parent_human_capital_complements,high h,1.8,2,1.1346734549494641,1.8,0.9979811732107549,0.5599730271947934,1.2570470653059322,1.1304241539889373,1.1360904286407776,3.145216744768494
parent_human_capital_complements,high h,1.8,2,1.147892540911644,1.8,0.9982409741099891,0.5598584764110536,1.2563975626404154,1.134805258757082,1.14049349378796,3.1973812204975176
parent_human_capital_complements,high h,1.8,2,1.1613600254898573,1.8,0.9983760303401836,0.5597989277084214,1.2560599217238662,1.1393160858302402,1.1450269314759156,3.249607578722931
parent_human_capital_complements,high h,1.8,2,1.1750810252645967,1.8,0.9974805986167472,0.5601937331858137,1.2582984816813911,1.1446530640156227,1.1503906613757782,3.301896945839121
parent_human_capital_complements,high h,1.8,2,1.189060779242872,1.8,0.9978135899084701,0.5600469215312553,1.2574660371408608,1.149087290777427,1.1548471147917214,3.3545027269171346
parent_human_capital_complements,high h,1.8,2,1.2033046520181812,1.8,0.9980389074457436,0.559947568578713,1.256902720859038,1.153638865988187,1.1594215048681686,3.4071409594690576
parent_human_capital_complements,high h,1.8,2,1.217818137019287,1.8,0.9969617382910299,0.560422518377179,1.2595956692281334,1.1592411087762269,1.1650518290150431,3.4599303714273066
parent_human_capital_complements,high h,1.8,2,1.2326068598504607,1.8,0.9972924534713323,0.5602766874735234,1.2587688373135943,1.1637860028120401,1.1696195044270146,3.5129304262273107
parent_human_capital_complements,high h,1.8,2,1.247676581725918,1.8,0.9975163836573153,0.5601779520995231,1.2582090093852627,1.1684489540307135,1.1743058287859378,3.5659574903718667
parent_human_capital_complements,high h,1.8,2,1.2630332030012734,1.8,0.9965025953888,0.5606249638334257,1.2607435315725146,1.17412815365578,1.1800134955175896,3.619208653897755
parent_human_capital_complements,high h,1.8,2,1.2786827668049243,1.8,0.9973892142600147,0.5602340406027695,1.2585269918706072,1.1783384284712675,1.1842448744234135,3.672521946699756
parent_human_capital_complements,high h,1.8,2,1.294631462772364,1.8,0.9970575770427894,0.5603802504900657,1.259356035124414,1.1835545454710252,1.1894871373184377,3.72596015223089
parent_human_capital_complements,high h,1.8,2,1.31088563088653,1.8,0.9964156593254021,0.5606632939372962,1.2609608666492798,1.189060779488212,1.1950209714484925,3.7796370746506693
parent_human_capital_complements,high h,1.8,2,1.3274517654273796,1.8,0.9968474806691789,0.5604728856460477,1.2598812762986755,1.1937391397369814,1.1997227820755967,3.8332092442910524
parent_human_capital_complements,high h,1.8,2,1.3443365190339982,1.8,0.996507525812623,0.5606227839181293,1.2607311850768528,1.1990800423206185,1.205090456044842,3.8870382369626
parent_human_capital_complements,high h,1.8,2,1.3615467068826452,1.8,0.9973172311034901,0.5602657710541128,1.2587069220226017,1.203517275184816,1.2095499306313293,3.94102847540023
parent_human_capital_complements,high h,1.8,2,1.3790893109842512,1.8,0.9963692504808939,0.5606837397891444,1.2610768322817756,1.2094353719757376,1.2154976920058636,3.9949127551708434
parent_human_capital_complements,high h,1.8,2,1.3969714846049992,1.8,0.9959480627742567,0.5608694560624057,1.2621298267500474,1.2149616323418855,1.2210516528673712,4.049108397085769
parent_human_capital_complements,high h,1.8,2,1.4152005568137338,1.8,0.9967603779803706,0.5605112924994831,1.2600990391028706,1.219498955791991,1.2256117197459162,4.103291757157995
parent_human_capital_complements,high h,1.8,2,1.4337840371600625,1.8,0.9957122487211545,0.5609734340552788,1.262719373934904,1.2256279895755615,1.2317714754391749,4.1575331091668115
parent_human_capital_complements,high h,1.8,2,1.4527296204871472,1.8,0.9960294754321524,0.5608335596424197,1.2619262944713592,1.2306508234303621,1.2368194863534459,4.212062698064569
parent_human_capital_complements,high h,1.8,2,1.4720451918832933,1.8,0.9962769906779632,0.560724425158093,1.2613075037098693,1.2357664030847653,1.2419607079575747,4.266401347960166
parent_human_capital_complements,high h,1.8,2,1.4917388317766058,1.8,0.9951385690995229,0.5612263719954467,1.2641535484289865,1.2421008092826622,1.2483268654986706,4.320981628373007
parent_human_capital_complements,high h,1.8,2,1.5118188211770927,1.8,0.9955353243987317,0.5610514327845048,1.2631616499341534,1.247164135409291,1.253415571653127,4.37572879780277
parent_human_capital_complements,high h,1.8,2,1.5322936470707536,1.8,0.9957060817348644,0.5609761541619587,1.262734794724119,1.252455376983192,1.2587333356857893,4.430268796530569
parent_human_capital_complements,high h,1.8,2,1.5531720079703377,1.8,0.9945594353891347,0.5614817311467017,1.2656014139719445,1.2589270439333295,1.2652374420015093,4.485161351392147
parent_human_capital_complements,high h,1.8,2,1.5744628196276003,1.8,0.9961720906174163,0.5607706705536764,1.2615697306061908,1.263033203931874,1.2693641842126988,4.540048011268928
parent_human_capital_complements,high h,1.8,2,1.5961752209120554,1.8,0.9951309741827203,0.5612297238227075,1.264172546262131,1.2694958729485983,1.2758592474926767,4.594800456533295
parent_human_capital_complements,high h,1.8,2,1.618318579861377,1.8,0.9947224343133056,0.561409848446774,1.2651938701026197,1.2754451480732394,1.2818383434829785,4.649881783574834
parent_human_capital_complements,high h,1.8,2,1.6409024999087747,1.8,0.9957114424063311,0.5609737961959915,1.2627214122524322,1.2801901122066657,1.2866070918481007,4.7048898834651265
parent_human_capital_complements,high h,1.8,2,1.6639368262928396,1.8,0.9946326755331685,0.5614494359524342,1.2654183055770127,1.2868147145669893,1.2932649001659406,4.759896066188604
parent_human_capital_complements,high h,1.8,2,1.6874316526555453,1.8,0.9941413566304798,0.5616660570945073,1.2666465696050344,1.2929570212684893,1.2994379953079067,4.815122461986455
parent_human_capital_complements,high h,1.8,2,1.7113973278342638,1.8,0.9951377377413935,0.5612267499474395,1.2641556655797959,1.2977920833409058,1.3042972932298176,4.870232596082992
parent_human_capital_complements,high h,1.8,2,1.7358444628538618,1.8,0.9947313498266896,0.5614059264748109,1.2651716120406173,1.303932478256828,1.310468467003341,4.925422289268857
parent_human_capital_complements,high h,1.8,2,1.7607839381251333,1.8,0.99355713199096,0.5619236587685854,1.2681071551397678,1.3108175797117019,1.3173880801728763,4.980800360811925
parent_human_capital_complements,high h,1.8,2,1.7862269108560356,1.8,0.9946467009764639,0.5614432485753489,1.265383230676873,1.315662273512012,1.3222570581019182,5.035974399542466
parent_human_capital_complements,high h,1.8,2,1.8121848226824113,1.8,0.9941582478951503,0.5616586079455019,1.2666043363354476,1.3219964972254896,1.3286230322438874,5.091256949885061
parent_human_capital_complements,high h,1.8,2,1.8386694075250942,1.8,0.9943316627027956,0.5615821547101026,1.2661708276209738,1.327753311300694,1.3344087024697275,5.146756138291114
parent_human_capital_complements,high h,1.8,2,1.8656926996805347,1.8,0.9940757800138655,0.5616949775792147,1.2668105337106228,1.3339477533021873,1.3406341942409659,5.202015264970308
parent_human_capital_complements,high h,1.8,2,1.8932670421523103,1.8,0.9935855366395807,0.56191114401973,1.2680361753155407,1.3404024680142383,1.3471212633451526,5.257368047785114
parent_human_capital_complements,high h,1.8,2,1.921405095231136,1.8,0.9938503397748182,0.5617943675560951,1.2673740986510174,1.3461797403184317,1.352927494347281,5.312898686118835
parent_human_capital_complements,high h,1.8,2,1.9501198453312445,1.8,0.9942050194368304,0.5616379850746307,1.2664874057870632,1.351903045899357,1.3586794881168156,5.368212449164139
parent_human_capital_complements,high h,1.8,2,1.979424614091259,1.8,0.9930999087769057,0.5621252601301316,1.269250226185802,1.3590646228807235,1.3658769626521872,5.423657279940068
parent_human_capital_complements,high h,1.8,2,2.009333067747975,1.8,0.9932904401522693,0.5620412450034719,1.2687738753495421,1.3650183071807738,1.3718604899189817,5.479186409661798
parent_human_capital_complements,high h,1.8,2,2.0398592267917226,1.8,0.9936475572606951,0.561883796281279,1.267881117688216,1.3708421448020103,1.3777135196477766,5.534496479455979
parent_human_capital_complements,high h,1.8,2,2.071017475912293,1.8,0.9925389103157352,0.5623726080903464,1.2706527024076235,1.378135088441494,1.3850430193193797,5.590019468354882
parent_human_capital_complements,high h,1.8,2,2.1028225742447084,1.8,0.9934375784784781,0.5619763698613824,1.268406031789945,1.3834945420725973,1.3904293373236034,5.645515874343035
parent_human_capital_complements,high h,1.8,2,2.135289665924415,1.8,0.9931850116195755,0.5620877458368843,1.2690374997175047,1.3900214886660498,1.3969890003730039,5.700801718608867
parent_human_capital_complements,high h,1.8,2,2.168434290961828,1.8,0.9925467663950691,0.5623691408199412,1.2706330506743706,1.3969714852703516,1.4039738339802577,5.75636595969847
parent_human_capital_complements,high h,1.8,2,2.2022723964464688,1.8,0.9930608328708876,0.5621424827082544,1.269347893302594,1.402804725304434,1.4098363132516891,5.811734856691624
parent_human_capital_complements,high h,1.8,2,2.23682034809129,1.8,0.9925447370642868,0.5623700360810182,1.2706381256833372,1.4097085532438276,1.4167747467726386,5.867026100434395
parent_human_capital_complements,high h,1.8,2,2.2720949421281498,1.8,0.9928502490149982,0.5622353400102644,1.2698743776999213,1.4158160690593566,1.422912876638592,5.922539562422099
parent_human_capital_complements,high h,1.8,2,2.308113417565749,1.8,0.9929641451451172,0.5621851198071,1.269589632438637,1.4221499016231978,1.4292784576702793,5.9778126361458295
parent_human_capital_complements,high h,1.8,2,2.344893468821764,1.8,0.9920142028635863,0.5626039652910397,1.271964487056531,1.4296132426841885,1.4367792088840192,6.033087696335202
parent_human_capital_complements,high h,1.8,2,2.382453258741261,1.8,0.9929625217336824,0.5621858282772457,1.2695936660655076,1.4351523332222869,1.4423460642289818,6.088497385445795
parent_human_capital_complements,high h,1.8,2,2.4208114320139376,1.8,0.9927003145106497,0.5623014584121049,1.2702492470073312,1.4419769190178486,1.4492048584032005,6.143654678195821
parent_human_capital_complements,high h,1.8,2,2.4599871290031343,1.8,0.9914977186621108,0.5628316728005269,1.273255632205282,1.4498256802617224,1.4570929617265294,6.198896707833187
parent_human_capital_complements,high h,1.8,2,2.5,1.8,0.9926422972926829,0.5623270270695513,1.2703942487979307,1.4552420759846738,1.462536507246025,6.254104125448329
parent_human_capital_complements,high h,1.8,3,0.5,1.8,0.9062679326983634,0.6351578247439278,1.8103301222975114,0.9363822121081817,0.9410758474787462,-6.452308281613291
parent_human_capital_complements,high h,1.8,3,0.5000203210855501,1.8,0.9062666461077502,0.6351583578642921,1.8103333952946021,0.9363997865468471,0.9410935100096519,-6.451628185213291
parent_human_capital_complements,high h,1.8,3,0.5000812892976928,1.8,0.9062627397498451,0.6351599218702878,1.8103431291388474,0.9364524991140455,0.9411464867996927,-6.44958793172609
parent_human_capital_complements,high h,1.8,3,0.5001829195049198,1.8,0.9062562811272235,0.6351625265338237,1.8103592927378036,0.9365403487622519,0.9412347767960935,-6.44618762828331
parent_human_capital_complements,high h,1.8,3,0.5003252364947652,1.8,0.9062472174563645,0.6351661735241407,1.810381945094584,0.936663349159711,0.9413583937356106,-6.441427453433144
parent_human_capital_complements,high h,1.8,3,0.5005082749838822,1.8,0.906235558504197,0.6351708655421282,1.8104110865057728,0.9368215079946224,0.941517345344981,-6.435307657141902
parent_human_capital_complements,high h,1.8,3,0.500732079632158,1.8,0.9062213048813863,0.6351766025877857,1.8104467163607034,0.9370148350127436,0.9417116414188133,-6.427828560789028
parent_human_capital_complements,high h,1.8,3,0.5009967050608752,1.8,0.9062044910034173,0.6351833732199641,1.810488757614169,0.9372433315001706,0.9419412832496499,-6.418990557164783
parent_human_capital_complements,high h,1.8,3,0.5013022158749305,1.8,0.9061850706399159,0.635191193249943,1.8105373154093716,0.9375070262851687,0.9422062998102582,-6.4087941104580555
parent_human_capital_complements,high h,1.8,3,0.5016486866891229,1.8,0.9061630688690623,0.6352000424963123,1.8105922894721975,0.9378059217736522,0.9425066935186125,-6.397239756260262
parent_human_capital_complements,high h,1.8,3,0.502036202158526,1.8,0.906138478897049,0.6352099482115017,1.8106537881390063,0.9381400516067043,0.9428424981844226,-6.384328101547034
parent_human_capital_complements,high h,1.8,3,0.502464857012963,1.8,0.9061113157710032,0.6352208821114335,1.810721690976198,0.9385094197217746,0.9432137177648744,-6.370059824681601
parent_human_capital_complements,high h,1.8,3,0.5029347560956027,1.8,0.906081562809768,0.6352328593697942,1.8107960712020854,0.9389140592191243,0.9436203855261451,-6.3544356753940905
parent_human_capital_complements,high h,1.8,3,0.5034460144056994,1.8,0.9060492320962463,0.6352458789549364,1.810876912889847,0.9393539929441025,0.9440625244280966,-6.3374564747787385
parent_human_capital_complements,high h,1.8,3,0.5039987571454999,1.8,0.9060143344688354,0.6352599321265993,1.8109641726348735,0.9398292420657104,0.9445401557458399,-6.319123115280853
parent_human_capital_complements,high h,1.8,3,0.5045931197713469,1.8,0.9059768526054865,0.6352750215856718,1.8110578778227269,0.9403398397990043,0.9450533128609225,-6.299436560681631
parent_human_capital_complements,high h,1.8,3,0.5052292480490046,1.8,0.9059367789748118,0.6352911463005062,1.8111580321408742,0.9408858182146135,0.9456020280047289,-6.278397846087249
parent_human_capital_complements,high h,1.8,3,0.5059072981132409,1.8,0.9058941580582713,0.635308313342122,1.8112646174544755,0.9414672084868655,0.946186332507848,-6.256008077914101
parent_human_capital_complements,high h,1.8,3,0.5066274365316988,1.8,0.9058489491772894,0.6353265079308867,1.8113776193731947,0.9420840444607994,0.9468062603849682,-6.232268433872436
parent_human_capital_complements,high h,1.8,3,0.507389840373095,1.8,0.9058011808286826,0.6353457350745244,1.8114970280589953,0.9427363627626729,0.9474618484459367,-6.207180162949387
parent_human_capital_complements,high h,1.8,3,0.5081946972797818,1.8,0.9057508252020798,0.635366002875702,1.811622901512786,0.9434242116831619,0.9481531452234878,-6.180744585389394
parent_human_capital_complements,high h,1.8,3,0.5090422055447187,1.8,0.9056979540619592,0.6353872998932701,1.8117551253403654,0.9441476174572632,0.9488801770841216,-6.152963092681357
parent_human_capital_complements,high h,1.8,3,0.5099325741928927,1.8,0.9056425049161867,0.6354096207254503,1.811893741906841,0.9449066304450183,0.9496429946403102,-6.123837147529491
parent_human_capital_complements,high h,1.8,3,0.5108660230672385,1.8,0.905582762779169,0.635433662401239,1.8120430633278475,0.9457019044601284,0.95044225498301,-6.093368283835241
parent_human_capital_complements,high h,1.8,3,0.5118427829191048,1.8,0.9055222087420427,0.6354580477055716,1.8121944770089171,0.9465322759591006,0.9512767887364421,-6.061558106680353
parent_human_capital_complements,high h,1.8,3,0.5128630955033207,1.8,0.9054590942014515,0.6354834507851448,1.812352243423998,0.9473983950703686,0.9521472492878219,-6.028408292292563
parent_human_capital_complements,high h,1.8,3,0.5139272136779165,1.8,0.9053951520107777,0.6355092045642813,1.8125121441957344,0.9482997185460739,0.9530530906662503,-5.993920588029531
parent_human_capital_complements,high h,1.8,3,0.5150354015085564,1.8,0.9053269194045837,0.6355366623440983,1.812682684489527,0.9492375025779125,0.95399557536011,-5.9580968123414575
parent_human_capital_complements,high h,1.8,3,0.5161879343777439,1.8,0.9052544828380964,0.635565827857133,1.8128637917575814,0.9502117962573886,0.9549747527069777,-5.920938854756242
parent_human_capital_complements,high h,1.8,3,0.5173850990988615,1.8,0.9051812080513815,0.6355953299276922,1.8130469912591998,0.9512214588718392,0.9559894762763441,-5.882448675839367
parent_human_capital_complements,high h,1.8,3,0.5186271940351138,1.8,0.9051053820207908,0.6356258470726028,1.8132365241717272,0.9522671517885801,0.957040410750643,-5.842628307167891
parent_human_capital_complements,high h,1.8,3,0.5199145292234401,1.8,0.9050270660843749,0.6356573836619956,1.813432345440221,0.9533489319369879,0.9581276133446099,-5.801479851295884
parent_human_capital_complements,high h,1.8,3,0.5212474265034702,1.8,0.9049462101975698,0.6356899353257401,1.8136344888261382,0.9544668695094942,0.9592511546025179,-5.759005481723989
parent_human_capital_complements,high h,1.8,3,0.5226262196515982,1.8,0.9048628360381941,0.6357235020638361,1.8138429326516594,0.9556210288783016,0.9604110992192364,-5.715207442860289
parent_human_capital_complements,high h,1.8,3,0.5240512545202515,1.8,0.9047769334879536,0.635758083876284,1.8140576870350804,0.9568114809955252,0.9616075185025297,-5.670088049985831
parent_human_capital_complements,high h,1.8,3,0.5255228891824385,1.8,0.9046885170513044,0.6357936693219336,1.8142786948422203,0.9580382892405785,0.9628404761495021,-5.623649689213516
parent_human_capital_complements,high h,1.8,3,0.5270414940816569,1.8,0.904597612686022,0.635830267141046,1.8145059626815152,0.9593015281162566,0.9641100470363945,-5.575894817451305
parent_human_capital_complements,high h,1.8,3,0.5286074521872524,1.8,0.9045042027781656,0.6358678685933603,1.8147394756006952,0.9606012710608983,0.9654163049696584,-5.526825962358178
parent_human_capital_complements,high h,1.8,3,0.5302211591553182,1.8,0.9044083073472573,0.6359064736788766,1.814979213580237,0.961937592785625,0.966759325034905,-5.476445722301035
parent_human_capital_complements,high h,1.8,3,0.5318830234952302,1.8,0.9043098967939915,0.6359460867677253,1.8152252225025531,0.9633105794878349,0.9681391938615994,-5.424756766311127
parent_human_capital_complements,high h,1.8,3,0.5335934667419154,1.8,0.9042090242843805,0.6359866937178675,1.8154773965083941,0.9647202974947098,0.9695559781093898,-5.371761834031249
parent_human_capital_complements,high h,1.8,3,0.5353529236339561,1.8,0.9041056764759261,0.6360283070021009,1.8157357954139017,0.9661668389780703,0.9710097704121096,-5.31746373567507
parent_human_capital_complements,high h,1.8,3,0.537161842297634,1.8,0.9039998589832441,0.6360709114467389,1.8160003570673051,0.9676502804665835,0.9725006476820277,-5.261865351968615
parent_human_capital_complements,high h,1.8,3,0.5390206844370244,1.8,0.9038915544949635,0.6361145064141878,1.8162710964043,0.969170711579712,0.974028699987826,-5.2049696341026035
parent_human_capital_complements,high h,1.8,3,0.5409299255302531,1.8,0.9037807997892144,0.6361590996130607,1.81654800536905,0.9707282205578726,0.9755940160122282,-5.146779603675012
parent_human_capital_complements,high h,1.8,3,0.5428900550320312,1.8,0.903667597298305,0.6362046708619471,1.81683100633331,0.972322887422249,0.9771966761775263,-5.087298352632766
parent_human_capital_complements,high h,1.8,3,0.5449015765825912,1.8,0.9035519428180412,0.6362512343028861,1.8171201561945125,0.9739548136890499,0.9788367825087804,-5.026529043218212
parent_human_capital_complements,high h,1.8,3,0.5469650082231464,1.8,0.9034338328514682,0.6362987784947278,1.8174154158198876,0.9756240887893404,0.9805144248853311,-4.964474907901702
parent_human_capital_complements,high h,1.8,3,0.5490808826180046,1.8,0.9033132813996438,0.6363473094768437,1.8177167937110759,0.9773308109973967,0.9822297020740565,-4.901139249322036
parent_human_capital_complements,high h,1.8,3,0.5512497472834679,1.8,0.9031903270442725,0.6363968097687126,1.8180241861539508,0.9790750639711805,0.9839826981522555,-4.8365254402164775
parent_human_capital_complements,high h,1.8,3,0.5534721648236569,1.8,0.9030649182750252,0.6364472924807254,1.8183376935081579,0.9808569631993618,0.9857735291874874,-4.7706369233611685
parent_human_capital_complements,high h,1.8,3,0.5557487131734017,1.8,0.9029371248620379,0.6364987418016023,1.818657187090732,0.9826765923016474,0.9876022792186046,-4.703477211489211
parent_human_capital_complements,high h,1.8,3,0.5580799858483445,1.8,0.90280690434445,0.6365511648023625,1.8189827357091528,0.9845340658257536,0.9894690633674962,-4.635049887229062
parent_human_capital_complements,high h,1.8,3,0.5604665922024078,1.8,0.902674258109073,0.6366045560812281,1.819314317849583,0.986429486823991,0.9913739852030246,-4.565358603021685
parent_human_capital_complements,high h,1.8,3,0.5629091576927818,1.8,0.9025392634297755,0.6366589166698466,1.8196518600820732,0.9883629523958652,0.9933171423114087,-4.494407081043547
parent_human_capital_complements,high h,1.8,3,0.5654083241525933,1.8,0.9024018627132684,0.6367142280560493,1.8199953510235714,0.9903345705878241,0.9952986432806816,-4.422199113129126
parent_human_capital_complements,high h,1.8,3,0.5679647500714233,1.8,0.9022620738447236,0.6367705033502269,1.8203448216382219,0.9923444575419638,0.997318604835104,-4.34873856068725
parent_human_capital_complements,high h,1.8,3,0.5705791108838415,1.8,0.9021199225472682,0.6368277354813601,1.8207002198562794,0.9943927187445951,0.999377132989739,-4.274029354611652
parent_human_capital_complements,high h,1.8,3,0.5732520992661372,1.8,0.9019754150498891,0.6368859025987974,1.82106145803323,0.9964794559872104,1.001474330046311,-4.198075495193586
parent_human_capital_complements,high h,1.8,3,0.5759844254414287,1.8,0.9018285318073724,0.6369450336242095,1.821428663476432,0.9986048050729578,1.0036103324886843,-4.120881052036808
parent_human_capital_complements,high h,1.8,3,0.578776817493336,1.8,0.9016793085076609,0.6370051083761864,1.8218017253020098,1.0007688676777302,1.005785242502404,-4.042450163950847
parent_human_capital_complements,high h,1.8,3,0.5816300216884137,1.8,0.9015277295727522,0.6370661285239694,1.8221806653075578,1.002971767107505,1.0079991840115214,-3.9627870388633197
parent_human_capital_complements,high h,1.8,3,0.5845448028075416,1.8,0.9013738304223473,0.6371280809571673,1.8225653992240582,1.0052136122304323,1.0102522664298912,-3.881895953712819
parent_human_capital_complements,high h,1.8,3,0.5875219444864789,1.8,0.9012176091107837,0.6371909744160408,1.8229559615633841,1.0074945315359558,1.0125446188910123,-3.7997812543512066
parent_human_capital_complements,high h,1.8,3,0.5905622495657936,1.8,0.9010590902094049,0.6372547860182908,1.8233522424947468,1.0098146331060733,1.014876350018646,-3.716447355429266
parent_human_capital_complements,high h,1.8,3,0.5936665404503856,1.8,0.9008982541012505,0.6373195457172357,1.8237543732411696,1.012174063423735,1.0172476070299914,-3.6318987402970038
parent_human_capital_complements,high h,1.8,3,0.5968356594788269,1.8,0.9007351180761118,0.6373852121184074,1.824162182277074,1.0145729241815493,1.0196584921273928,-3.5461399608750157
parent_human_capital_complements,high h,1.8,3,0.600070469302753,1.8,0.9005697031504685,0.637451808104105,1.8245757338454265,1.0170113547169515,1.022109145346718,-3.459175637552004
parent_human_capital_complements,high h,1.8,3,0.6033718532765401,1.8,0.9004019848292606,0.637519322233179,1.8249950098115642,1.0194894832597616,1.0245996955605414,-3.3710104590555066
parent_human_capital_complements,high h,1.8,3,0.6067407158575169,1.8,0.9002320323860298,0.6375877501354992,1.8254199246188403,1.022007429038628,1.027130262595147,-3.281649182327959
parent_human_capital_complements,high h,1.8,3,0.6101779830169621,1.8,0.9000597829593922,0.6376570793382677,1.8258504946549934,1.024565328489833,1.0297009835707074,-3.191096632403554
parent_human_capital_complements,high h,1.8,3,0.6136846026621482,1.8,0.8998853101199096,0.6377273320861909,1.8262867292332379,1.0271633184343647,1.0323119959940286,-3.09935770227341
parent_human_capital_complements,high h,1.8,3,0.6172615450697004,1.8,0.8997085721823639,0.6377984746934129,1.8267285445252928,1.0298015225343324,1.0349634241470786,-3.006437352747996
parent_human_capital_complements,high h,1.8,3,0.6209098033305457,1.8,0.8995296086397495,0.6378705196327313,1.8271759475118077,1.0324800799819145,1.03765540791974,-2.912340612322658
parent_human_capital_complements,high h,1.8,3,0.6246303938067362,1.8,0.8993484442477322,0.6379434544313487,1.8276288669634733,1.0351991190129872,1.0403880761906736,-2.8170725770297076
parent_human_capital_complements,high h,1.8,3,0.6284243566004422,1.8,0.8991650660382438,0.6380172871919323,1.8280873460388962,1.0379587871921556,1.043161577264155,-2.7206384102963717
parent_human_capital_complements,high h,1.8,3,0.6322927560354111,1.8,0.8989794662191477,0.6380920010715543,1.8285513297734635,1.0407592179002145,1.0459760451895532,-2.6230433427874345
parent_human_capital_complements,high h,1.8,3,0.6362366811512086,1.8,0.8987916901785691,0.638167588999195,1.8290207464324317,1.043600543020522,1.0488316125112944,-2.524292672251814
parent_human_capital_complements,high h,1.8,3,0.6402572462105554,1.8,0.898601748395667,0.6382440607467633,1.8294956219467733,1.0464829111823768,1.0517284286036852,-2.4243917633656613
parent_human_capital_complements,high h,1.8,3,0.6443555912200942,1.8,0.898409611893757,0.6383214179835002,1.829975991512765,1.0494064737992512,1.0546666456391605,-2.3233460475655625
parent_human_capital_complements,high h,1.8,3,0.6485328824649206,1.8,0.8982153007580274,0.6383996290868459,1.8304617172195603,1.0523713556595513,1.057646389031631,-2.2211610228747896
parent_human_capital_complements,high h,1.8,3,0.652790313057229,1.8,0.8980188884626723,0.6384787027970609,1.8309527581591767,1.0553776981089926,1.0606678008353108,-2.1178422537373187
parent_human_capital_complements,high h,1.8,3,0.6571291034994325,1.8,0.8978203159026745,0.6385586505552949,1.8314492160663542,1.0584256667094971,1.0637310474420039,-2.0133953708410615
parent_human_capital_complements,high h,1.8,3,0.6615505022621248,1.8,0.8976196025529326,0.6386394451091183,1.8319509699236423,1.0615153920608367,1.066836260106117,-1.9078260709252541
parent_human_capital_complements,high h,1.8,3,0.6660557863772645,1.8,0.8974168099836755,0.6387210935295504,1.8324579845074296,1.064647019590467,1.0699835849840633,-1.8011401166013354
parent_human_capital_complements,high h,1.8,3,0.6706462620469753,1.8,0.8972118891363374,0.638803583343794,1.8329702624026387,1.0678207018937151,1.0731731754360578,-1.6933433361594203
parent_human_capital_complements,high h,1.8,3,0.6753232652683625,1.8,0.8970048773825474,0.638886922654516,1.8334877964281793,1.0710365909714288,1.0764051842248548,-1.584441623369536
parent_human_capital_complements,high h,1.8,3,0.6800881624747613,1.8,0.8967957790576797,0.6389710919178995,1.8340105094284138,1.0742948281988576,1.0796797534343512,-1.4744409372777585
parent_human_capital_complements,high h,1.8,3,0.6849423511938463,1.8,0.8965846471398122,0.6390560965357228,1.8345383685522911,1.077595563055057,1.0829970332928687,-1.3633473020017566
parent_human_capital_complements,high h,1.8,3,0.6898872607230374,1.8,0.8963714290916944,0.639141940878116,1.835071442620166,1.0809389627962296,1.086357191894985,-1.251166806519739
parent_human_capital_complements,high h,1.8,3,0.6949243528226603,1.8,0.89615616220287,0.6392285922908718,1.8356095726729185,1.084325157572967,1.089760360043675,-1.1379056044433953
parent_human_capital_complements,high h,1.8,3,0.7000551224273222,1.8,0.8959388726676516,0.6393160649160285,1.836152785209471,1.0877543091265456,1.0932067002909458,-1.0235699138056993
parent_human_capital_complements,high h,1.8,3,0.7052810983759861,1.8,0.8957195653390952,0.6394043641553644,1.8367010955037926,1.091226578159489,1.0966963741448463,-0.9081660168268533
parent_human_capital_complements,high h,1.8,3,0.7106038441612367,1.8,0.8954982376439757,0.639493456323024,1.8372543806156119,1.0947421027314483,1.1002295203570542,-0.7917002596761362
parent_human_capital_complements,high h,1.8,3,0.7160249586982449,1.8,0.8952749276217595,0.6395833626320651,1.8378126815453149,1.098301049176308,1.1038063060952064,-0.674179052240226
parent_human_capital_complements,high h,1.8,3,0.7215460771139571,1.8,0.8950496243844992,0.6396740558300585,1.838375907638299,1.1019035621011224,1.1074268766912028,-0.555608867869104
parent_human_capital_complements,high h,1.8,3,0.7271688715570458,1.8,0.8948223672493043,0.6397655544291729,1.8389440885537942,1.1055498071308711,1.1110913986002215,-0.4359962431314437
parent_human_capital_complements,high h,1.8,3,0.7328950520291776,1.8,0.8945931408396981,0.6398578345154613,1.8395171505649106,1.109239932732222,1.1148000210331228,-0.31534777755066257
parent_human_capital_complements,high h,1.8,3,0.7387263672381705,1.8,0.8943619798457771,0.6399508944196824,1.8400950527619597,1.1129740933741428,1.1185528992331535,-0.1936701333451909
parent_human_capital_complements,high h,1.8,3,0.7446646054736273,1.8,0.8941288716610183,0.6400447341418365,1.8406778077514647,1.1167524531996706,1.1223501981661212,-0.07097003515924971
parent_human_capital_complements,high h,1.8,3,0.7507115955056528,1.8,0.893893863453235,0.6401393422407735,1.841265325735887,1.1205751589520736,1.1261920653108477,0.05274573021737883
parent_human_capital_complements,high h,1.8,3,0.7568692075072764,1.8,0.8936569250135946,0.6402347230866239,1.8418576532071662,1.124442381405868,1.1300786722978595,0.17747031412486525
parent_human_capital_complements,high h,1.8,3,0.7631393540012239,1.8,0.893418122311447,0.6403308696083683,1.8424546978493332,1.1283542673767135,1.1340101666787337,0.3031968063295096
parent_human_capital_complements,high h,1.8,3,0.7695239908317001,1.8,0.8931774372967898,0.6404277632938378,1.84305640873605,1.1323109710224548,1.1379867033840336,0.4299182353138855
parent_human_capital_complements,high h,1.8,3,0.7760251181618615,1.8,0.8929348699456998,0.6405254095448104,1.8436628060182638,1.1363126592287465,1.142008450135932,0.557627568577332
parent_human_capital_complements,high h,1.8,3,0.7826447814976824,1.8,0.8926904789370456,0.6406238029595082,1.844273810890082,1.1403594814818292,1.1460755571699726,0.6863177129490179
parent_human_capital_complements,high h,1.8,3,0.7893850727389358,1.8,0.8924442367605736,0.6407229320967811,1.8448894082320328,1.1444515985924368,1.1501881861029564,0.8159815148982235
parent_human_capital_complements,high h,1.8,3,0.7962481312580323,1.8,0.8921961839726742,0.6408227925864992,1.8455095412046219,1.1485891639076506,1.1543464910506198,0.9466117608589171
parent_human_capital_complements,high h,1.8,3,0.8032361450074849,1.8,0.8919463047935925,0.6409233887987928,1.8461342418707098,1.1527723467314182,1.15855064216555,1.0782011775548117
parent_human_capital_complements,high h,1.8,3,0.8103513516567865,1.8,0.8916946328435227,0.6410247032531406,1.8467634114776796,1.1570012926830002,1.1628007857969276,1.2107424323408438
parent_human_capital_complements,high h,1.8,3,0.8175960397595149,1.8,0.8914411873640196,0.6411267295161165,1.8473970068130308,1.161276157141523,1.1670970781027201,1.34422813354072
parent_human_capital_complements,high h,1.8,3,0.8249725499515008,1.8,0.8911859838711638,0.6412294713202576,1.8480350262681164,1.165597102864791,1.171439682656558,1.4786508307970045
parent_human_capital_complements,high h,1.8,3,0.8324832761809209,1.8,0.8909289996200394,0.6413329188936556,1.8486774561777217,1.169964290214997,1.175828760624454,1.6140030154295486
parent_human_capital_complements,high h,1.8,3,0.8401306669712053,1.8,0.8906703163428986,0.6414370705670691,1.849324208590001,1.174377865516938,1.1802644590646607,1.7502771208014911
parent_human_capital_complements,high h,1.8,3,0.8479172267176741,1.8,0.8904099099443741,0.641541902426551,1.849975218496955,1.1788379787774188,1.184746928735895,1.887465522688366
parent_human_capital_complements,high h,1.8,3,0.8558455170188431,1.8,0.8901477996184923,0.6416474286141398,1.8506305193977928,1.1833447978652383,1.1892763383484015,2.0255605396548244
parent_human_capital_complements,high h,1.8,3,0.8639181580433734,1.8,0.8898839577203546,0.641753634987797,1.8512900862441775,1.1878984793627527,1.1938528452694095,2.164554433446102
parent_human_capital_complements,high h,1.8,3,0.8721378299336601,1.8,0.8896184859177583,0.6418605155081512,1.851953794865613,1.1924991605727226,1.1984765874899117,2.3044394093832254
parent_human_capital_complements,high h,1.8,3,0.8805072742470966,1.8,0.8893513222389056,0.6419680691435543,1.8526217033899777,1.1971470124409143,1.203147736812544,2.445207616757285
parent_human_capital_complements,high h,1.8,3,0.88902929543607,1.8,0.8890825218223064,0.6420762713424659,1.8532936651997218,1.2018421664723569,1.2078664254015072,2.586851149250206
parent_human_capital_complements,high h,1.8,3,0.8977067623677852,1.8,0.888812102304092,0.6421851422862962,1.8539697378546478,1.2065847921388813,1.2126328235781136,2.7293620453408565
parent_human_capital_complements,high h,1.8,3,0.9065426098850453,1.8,0.8885400485821247,0.642294659092746,1.8546498511974467,1.2113750338036928,1.2174470764291918,2.872732288740158
parent_human_capital_complements,high h,1.8,3,0.9155398404091444,1.8,0.8882664352216443,0.642404820092574,1.8553339244432867,1.216213032729262,1.2223093259252928,3.0169538088215333
parent_human_capital_complements,high h,1.8,3,0.9247015255860773,1.8,0.8879911985806883,0.6425156171831131,1.8560219910435913,1.2210989512730734,1.2272197352377228,3.1620184810590484
parent_human_capital_complements,high h,1.8,3,0.9340308079772923,1.8,0.887714421423504,0.6426270416241027,1.8567139356679028,1.22603292189778,1.2321784374931049,3.3079181274849594
parent_human_capital_complements,high h,1.8,3,0.9435309027962627,1.8,0.8874360757507747,0.6427390961164314,1.857409796379049,1.2310151058180216,1.237185594714172,3.454644517139328
parent_human_capital_complements,high h,1.8,3,0.9532050996921831,1.8,0.8871561788943914,0.6428517735890806,1.858109529498523,1.2360456471980446,1.2422413517877968,3.602189366543257
parent_human_capital_complements,high h,1.8,3,0.9630567645821445,1.8,0.8868747900681084,0.6429650555298809,1.858813006836228,1.2411246721166262,1.2473458354247282,3.750544340173919
parent_human_capital_complements,high h,1.8,3,0.9730893415331738,1.8,0.8865919102669337,0.6430789392379431,1.8595202173336423,1.2462523283570897,1.2524991941490569,3.8997010509421397
parent_human_capital_complements,high h,1.8,3,0.9833063546955787,1.8,0.8863075084877536,0.6431934274141565,1.8602312020573937,1.251428772881854,1.2577015857099791,4.049651060686125
parent_human_capital_complements,high h,1.8,3,0.9937114102890687,1.8,0.8860216822436842,0.6433085015463521,1.8609457945180239,1.256654119586096,1.2629531245735737,4.2003858806794945
parent_human_capital_complements,high h,1.8,3,1.0043081986431819,1.8,0.8857343507229778,0.6434241687055493,1.861664101873899,1.2619285358342132,1.2682539789431557,4.351896972126439
parent_human_capital_complements,high h,1.8,3,1.0151004962935855,1.8,0.8854456311599836,0.6435404033085592,1.8623859115677082,1.2672521227182307,1.273604250417476,4.504175746696889
parent_human_capital_complements,high h,1.8,3,1.0260921681358672,1.8,0.8851554464484648,0.6436572211666627,1.8631113596185205,1.2726250504158778,1.279004110027284,4.6572135670334225
parent_human_capital_complements,high h,1.8,3,1.037287169638491,1.8,0.8848639153310591,0.6437745950274294,1.8638402257411428,1.2780474145620921,1.2844536538868885,4.81100174730746
parent_human_capital_complements,high h,1.8,3,1.0486895491166357,1.8,0.884570925570324,0.6438925319618789,1.864572648519637,1.2835193825891082,1.289953050267782,4.965531553742606
parent_human_capital_complements,high h,1.8,3,1.0603034500686892,1.8,0.8842766387651724,0.6440110178279728,1.865308413661854,1.2890410471690794,1.2955023923066387,5.120794205188584
parent_human_capital_complements,high h,1.8,3,1.0721331135772334,1.8,0.8839809415431386,0.6441300553265995,1.8660476446037715,1.2946125690097077,1.3011018415167117,5.276780873663417
parent_human_capital_complements,high h,1.8,3,1.0841828807763967,1.8,0.8836839414477735,0.6442496188745714,1.8667901384788799,1.300234038638982,1.3067514888797633,5.433482684943924
parent_human_capital_complements,high h,1.8,3,1.0964571953875313,1.8,0.8833856006541616,0.6443697172121485,1.8675359656783037,1.3059056016089434,1.312451480677417,5.59089071912851
parent_human_capital_complements,high h,1.8,3,1.1089606063252093,1.8,0.8830859917818363,0.6444903388981813,1.868285010952787,1.3116273621301222,1.3182019216425607,5.748996011240165
parent_human_capital_complements,high h,1.8,3,1.1216977703756155,1.8,0.8827850831474608,0.6446114849643179,1.8690373098295876,1.3173994540524607,1.3240029462960625,5.90778955181502
parent_human_capital_complements,high h,1.8,3,1.1346734549494641,1.8,0.8824829125563265,0.6447331287957219,1.8697927253365334,1.3232219719539133,1.3298546496899504,6.06726228751974
parent_human_capital_complements,high h,1.8,3,1.147892540911644,1.8,0.8821794854718781,0.6448552828651908,1.8705512984838228,1.3290950460403157,1.3357571626827194,6.227405121758201
parent_human_capital_complements,high h,1.8,3,1.1613600254898573,1.8,0.8818748352577499,0.6449779276289076,1.8713129230875598,1.3350187722092257,1.3417105816526165,6.388208915307391
parent_human_capital_complements,high h,1.8,3,1.1750810252645967,1.8,0.8815689668025501,0.6451010597483902,1.8720775818199518,1.3409932628473555,1.347715019549694,6.549664486946106
parent_human_capital_complements,high h,1.8,3,1.189060779242872,1.8,0.8812619052239898,0.6452246694517298,1.8728452131531554,1.3470186179370849,1.3537705768574961,6.711762614103707
parent_human_capital_complements,high h,1.8,3,1.2033046520181812,1.8,0.8809536651464631,0.6453487627782981,1.8736158249654755,1.3530949499037948,1.3598773665649377,6.874494033511158
parent_human_capital_complements,high h,1.8,3,1.217818137019287,1.8,0.8806442813222892,0.6454733162082027,1.874389294869474,1.3592223394064362,1.366035469735275,7.037849441870673
parent_human_capital_complements,high h,1.8,3,1.2326068598504607,1.8,0.8803337387230488,0.6455983303790365,1.8751656402692412,1.3654008950377081,1.3722449955055298,7.201819496520684
parent_human_capital_complements,high h,1.8,3,1.247676581725918,1.8,0.8800220949165911,0.6457237992514282,1.8759447810942305,1.3716307005669919,1.3785060280649788,7.36639481612551
parent_human_capital_complements,high h,1.8,3,1.2630332030012734,1.8,0.8797093015984225,0.64584971035258,1.8767267191752908,1.3779118549541869,1.3848186668695608,7.53156598136192
parent_human_capital_complements,high h,1.8,3,1.2786827668049243,1.8,0.879395452427955,0.6459760630448992,1.8775113584773393,1.384244431736362,1.3911829858249503,7.697323535625949
parent_human_capital_complements,high h,1.8,3,1.294631462772364,1.8,0.8790805377720678,0.6461028421546988,1.87829865209634,1.3906285120630824,1.3975990664874764,7.863657985739317
parent_human_capital_complements,high h,1.8,3,1.31088563088653,1.8,0.878764565291231,0.6462300433118486,1.879088576088717,1.3970641788838325,1.4040669922224098,8.03055980267068
parent_human_capital_complements,high h,1.8,3,1.3274517654273796,1.8,0.8784475680128345,0.646357659445329,1.8798810710804612,1.4035515034387402,1.4105868346269708,8.198019422266992
parent_human_capital_complements,high h,1.8,3,1.3443365190339982,1.8,0.8781295542892034,0.6464856747438605,1.8806760698064209,1.410090551366494,1.417158659668863,8.366027245992049
parent_human_capital_complements,high h,1.8,3,1.3615467068826452,1.8,0.8778105604958539,0.6466141033494814,1.881473588584314,1.4166814040765303,1.4237825491655898,8.53457364167251
parent_human_capital_complements,high h,1.8,3,1.3790893109842512,1.8,0.8774905659128969,0.646742921348245,1.882273559030664,1.423324119414264,1.4304585612525167,8.703648944261003
parent_human_capital_complements,high h,1.8,3,1.3969714846049992,1.8,0.8771696251523595,0.6468721254016683,1.8830759140942566,1.4300187514596434,1.4371867502806694,8.873243456601177
parent_human_capital_complements,high h,1.8,3,1.4152005568137338,1.8,0.8768477517013187,0.6470017047061956,1.883880600033966,1.4367653533101181,1.44396716961365,9.04334745020454
parent_human_capital_complements,high h,1.8,3,1.4337840371600625,1.8,0.8765249394568762,0.6471316532224549,1.884687600449991,1.443563982871683,1.4507998774477076,9.21395116603594
parent_human_capital_complements,high h,1.8,3,1.4527296204871472,1.8,0.8762012711037048,0.6472619638794272,1.8854968063110413,1.4504146715292814,1.4576849053251033,9.385044815313446
parent_human_capital_complements,high h,1.8,3,1.4720451918832933,1.8,0.8758766762194161,0.6473926437481318,1.8863083143861228,1.4573174961598259,1.4646223305080972,9.556618580304557
parent_human_capital_complements,high h,1.8,3,1.4917388317766058,1.8,0.8755512266071421,0.6475236628752498,1.8871219412660385,1.4642724613125169,1.4716121575686925,9.728662615155152
parent_human_capital_complements,high h,1.8,3,1.5118188211770927,1.8,0.8752249379940178,0.6476550071187428,1.887937618530418,1.4712795945908932,1.4786544142487914,9.901167046701667
parent_human_capital_complements,high h,1.8,3,1.5322936470707536,1.8,0.8748978228990723,0.647786702061799,1.888755428983191,1.478338956408626,1.4857491612648894,10.074121975302713
parent_human_capital_complements,high h,1.8,3,1.5531720079703377,1.8,0.8745699006494356,0.6479187150502106,1.8895752316276493,1.4854505473265638,1.492896399180647,10.247517475692991
parent_human_capital_complements,high h,1.8,3,1.5744628196276003,1.8,0.8742412040645624,0.6480510444147367,1.8903969874247466,1.4926143881634535,1.500096148919165,10.421343597824576
parent_human_capital_complements,high h,1.8,3,1.5961752209120554,1.8,0.8739117250153714,0.6481836760133382,1.8912206518103267,1.4998304934880262,1.5073484251222007,10.595590367730786
parent_human_capital_complements,high h,1.8,3,1.618318579861377,1.8,0.8735815186808777,0.6483166185862759,1.892046202171586,1.5070988784768609,1.5146532430424058,10.770247788395025
parent_human_capital_complements,high h,1.8,3,1.6409024999087747,1.8,0.8732505640794561,0.6484498475820091,1.89287356801111,1.5144195411074057,1.522010600647091,10.945305840631303
parent_human_capital_complements,high h,1.8,3,1.6639368262928396,1.8,0.8729189064649541,0.6485833673706685,1.893702720358157,1.5217924847290123,1.5294205013023963,11.120754483969138
parent_human_capital_complements,high h,1.8,3,1.6874316526555453,1.8,0.8725865532820838,0.6487171638102148,1.894533599074777,1.5292176994485716,1.536882935065623,11.296583657552187
parent_human_capital_complements,high h,1.8,3,1.7113973278342638,1.8,0.8722535343029052,0.6488512254594988,1.8953661317591872,1.5366951667200432,1.5443978832977685,11.472783281042659
parent_human_capital_complements,high h,1.8,3,1.7358444628538618,1.8,0.8719198339151508,0.648985566460559,1.8962003867168922,1.5442248993133072,1.5519653588327218,11.649343255530706
parent_human_capital_complements,high h,1.8,3,1.7607839381251333,1.8,0.8715855491084152,0.649120154159188,1.8970361452887192,1.551806829382583,1.5595852934846244,11.826253464469875
parent_human_capital_complements,high h,1.8,3,1.7862269108560356,1.8,0.8712506292155264,0.6492549771142357,1.8978734155121162,1.5594409425730658,1.5672576728267176,12.003503774592648
parent_human_capital_complements,high h,1.8,3,1.8121848226824113,1.8,0.8709151003299684,0.6493900511369823,1.8987122302064279,1.5671272257810331,1.5749824836895958,12.18108403685585
parent_human_capital_complements,high h,1.8,3,1.8386694075250942,1.8,0.8705790321864166,0.6495253516758872,1.899552428157939,1.574865608370348,1.5827596550830578,12.358984087395566
parent_human_capital_complements,high h,1.8,3,1.8656926996805347,1.8,0.8702423610196077,0.6496608804001918,1.900394079351507,1.5826560756448744,1.5905891722373022,12.537193748469951
parent_human_capital_complements,high h,1.8,3,1.8932670421523103,1.8,0.8699052038452664,0.6497966127583552,1.9012369752923652,1.590498531770608,1.5984709388379548,12.715702829439495
parent_human_capital_complements,high h,1.8,3,1.921405095231136,1.8,0.8695674984208823,0.6499325706010293,1.9020812596385528,1.5983929703124191,1.6064049484176302,12.894501127719701
parent_human_capital_complements,high h,1.8,3,1.9501198453312445,1.8,0.869229304406212,0.6500687196047648,1.9029267448411415,1.6063392885169177,1.614391097707884,13.07357842978261
parent_human_capital_complements,high h,1.8,3,1.979424614091259,1.8,0.8688906490993853,0.6502050537301904,1.9037733810993043,1.6143374146419058,1.62242931460691,13.25292451213046
parent_human_capital_complements,high h,1.8,3,2.009333067747975,1.8,0.868551498911414,0.6503415860876969,1.9046212508513447,1.6223873075255522,1.6305195577465514,13.432529142291521
parent_human_capital_complements,high h,1.8,3,2.0398592267917226,1.8,0.8682119324867295,0.650478275282816,1.905470121217043,1.6304888317376163,1.6386616910177216,13.612382079837523
parent_human_capital_complements,high h,1.8,3,2.071017475912293,1.8,0.8678719738226117,0.6506151441978469,1.9063200534585663,1.638641927271584,1.646855654113122,13.792473077375448
parent_human_capital_complements,high h,1.8,3,2.1028225742447084,1.8,0.8675315964812662,0.6507521797223992,1.9071710251643932,1.6468465044179064,1.6551013568735329,13.972791881577372
parent_human_capital_complements,high h,1.8,3,2.135289665924415,1.8,0.8671908262476975,0.650889357942525,1.9080229214461506,1.655102440406783,1.6633986759137676,14.153328234206082
parent_human_capital_complements,high h,1.8,3,2.168434290961828,1.8,0.8668497077936781,0.6510266902993745,1.9088757402617915,1.6634096377459633,1.6717475132528936,14.33407187314091
parent_human_capital_complements,high h,1.8,3,2.2022723964464688,1.8,0.8665082373705559,0.6511641522414071,1.9097293938809272,1.6717679674974522,1.6801477393066115,14.515012533423054
parent_human_capital_complements,high h,1.8,3,2.23682034809129,1.8,0.8661664603597363,0.6513017437686226,1.9105838369221515,1.6801773058374965,1.688599229630499,14.696139948297485
parent_human_capital_complements,high h,1.8,3,2.2720949421281498,1.8,0.8658243890760491,0.6514394524082234,1.9114390105969914,1.6886375179620838,1.6971018487448362,14.877443850266932
parent_human_capital_complements,high h,1.8,3,2.308113417565749,1.8,0.8654820306498785,0.6515772906330077,1.9122949542487084,1.6971484909122776,1.7056554831244766,15.058913972147248
parent_human_capital_complements,high h,1.8,3,2.344893468821764,1.8,0.8651393985596538,0.6517152116467284,1.9131514800360563,1.7057100374702465,1.714259944613156,15.240540048142444
parent_human_capital_complements,high h,1.8,3,2.382453258741261,1.8,0.864796545282094,0.6518532481035932,1.9140086571518944,1.7143220391633598,1.7229151141443972,15.422311814900553
parent_human_capital_complements,high h,1.8,3,2.4208114320139376,1.8,0.8644534602883431,0.6519913646485058,1.9148663643919894,1.7229843135745875,1.731620808386801,15.604219012604347
parent_human_capital_complements,high h,1.8,3,2.4599871290031343,1.8,0.8641101731575718,0.6521295650140029,1.9157245860846028,1.7316967023486256,1.7403768681913043,15.786251386044654
parent_human_capital_complements,high h,1.8,3,2.5,1.8,0.8637666606426131,0.6522678367272866,1.916583299003257,1.7404590375610487,1.7491831247917564,15.968398685711739
