scenario_family,scenario,parameter_value,period,hc,parent_h,c_policy,l_policy,e_policy,perceived_hc_next_policy,true_expected_hc_next_policy,value_policy
parent_human_capital,low h,0.8,1,0.5,0.8,0.6329678568368001,0.34065844056816824,0.2075802975813622,0.45425612197287457,0.45653309025977423,-17.713468291175452
parent_human_capital,low h,0.8,1,0.5000203210855501,0.8,0.6329669319311868,0.3406594327602206,0.2075826512435308,0.4542642501536611,0.4565412591832365,-17.713421400150988
parent_human_capital,low h,0.8,1,0.5000812892976928,0.8,0.6329640979923306,0.34066238812331967,0.20758974090524984,0.45428865441063543,0.456565785767058,-17.71328072075999
parent_human_capital,low h,0.8,1,0.5001829195049198,0.8,0.6329593708014374,0.34066731269683687,0.20760155948200773,0.4543293329122376,0.456606668170498,-17.713046234050424
parent_human_capital,low h,0.8,1,0.5003252364947652,0.8,0.6329802805754596,0.34064550647285186,0.20754924874544714,0.4543411887066217,0.4566185833922988,-17.71271797580867
parent_human_capital,low h,0.8,1,0.5005082749838822,0.8,0.6329715813271094,0.34065459971590056,0.20757104226378742,0.4544147682469026,0.45669253175156,-17.71229594262765
parent_human_capital,low h,0.8,1,0.500732079632158,0.8,0.6329612815884211,0.3406653152023413,0.20759677230295032,0.45450412215008734,0.4567823335430485,-17.711780008484247
parent_human_capital,low h,0.8,1,0.5009967050608752,0.8,0.6329560220964127,0.34067078266813106,0.2076099049456961,0.45459842789483557,0.45687711199730935,-17.71117011056852
parent_human_capital,low h,0.8,1,0.5013022158749305,0.8,0.6329422368136832,0.3406851380738694,0.20764436201268874,0.45471992167203457,0.45699921476460087,-17.710466231413157
parent_human_capital,low h,0.8,1,0.5016486866891229,0.8,0.6329262094431984,0.34070183730353637,0.20768443627389396,0.4548583273095938,0.45713831416330547,-17.70966821639531
parent_human_capital,low h,0.8,1,0.502036202158526,0.8,0.632908246463225,0.3407205498389788,0.20772934530490444,0.4550131481357212,0.45729391103205325,-17.708775956665757
parent_human_capital,low h,0.8,1,0.502464857012963,0.8,0.6328982810352646,0.34073091462585625,0.20775423602596854,0.45516811163406223,0.4574496512881622,-17.707789339438648
parent_human_capital,low h,0.8,1,0.5029347560956027,0.8,0.6328978968180237,0.3407313366732065,0.2077552279913937,0.45532068418965466,0.4576029886168721,-17.706708697161606
parent_human_capital,low h,0.8,1,0.5034460144056994,0.8,0.6328742660326839,0.3407559528638276,0.20781430609122784,0.45552463885231875,0.4578079656065372,-17.705533486800434
parent_human_capital,low h,0.8,1,0.5039987571454999,0.8,0.6328487272610293,0.34078253492638444,0.20787812303296438,0.4557450280671394,0.4580294595268943,-17.70426351818798
parent_human_capital,low h,0.8,1,0.5045931197713469,0.8,0.6328213087209171,0.3408111188535673,0.20794670242821983,0.4559818927725908,0.4582675115216226,-17.70289861965962
parent_human_capital,low h,0.8,1,0.5052292480490046,0.8,0.6328142567574393,0.34081845692955876,0.20796432122112524,0.45619870065124846,0.45848540615429445,-17.701438955646868
parent_human_capital,low h,0.8,1,0.5059072981132409,0.8,0.6327830414698394,0.3408509786399845,0.20804236777173818,0.4564685561645345,0.4587566143239699,-17.699884155908837
parent_human_capital,low h,0.8,1,0.5066274365316988,0.8,0.6327499046461083,0.34088549784490585,0.2081252122505562,0.45675499794971564,0.45904449190457436,-17.698233865759246
parent_human_capital,low h,0.8,1,0.507389840373095,0.8,0.6327822261700244,0.3408518341758345,0.20804441504317728,0.45694745236716466,0.4592379110038053,-17.696488365565543
parent_human_capital,low h,0.8,1,0.5081946972797818,0.8,0.632761339217795,0.3408735761230519,0.20809661039939986,0.4572407056593123,0.45953263423419694,-17.69464871980237
parent_human_capital,low h,0.8,1,0.5090422055447187,0.8,0.6327224972865328,0.34091403600749004,0.20819371456425279,0.4575769955477967,0.4598706097827621,-17.69271301237745
parent_human_capital,low h,0.8,1,0.5099325741928927,0.8,0.6327027109627109,0.3409346545082309,0.2082431915291416,0.4578955531916921,0.4601907642034925,-17.690681000103098
parent_human_capital,low h,0.8,1,0.5108660230672385,0.8,0.6326736468956538,0.3409649178845538,0.20831583485810373,0.45824293942077016,0.4605398917132901,-17.68855343290668
parent_human_capital,low h,0.8,1,0.5118427829191048,0.8,0.6326290491122776,0.34101135881132916,0.20842730757603645,0.4586295112614885,0.46092840125342366,-17.686329021090902
parent_human_capital,low h,0.8,1,0.5128630955033207,0.8,0.632607278430791,0.3410340629972803,0.20848177228529258,0.4589922727288694,0.4612929810702267,-17.684007730774905
parent_human_capital,low h,0.8,1,0.5139272136779165,0.8,0.6325722861159842,0.34107050397877997,0.20856923961345902,0.45939047757802876,0.4616931819294988,-17.68158999959256
parent_human_capital,low h,0.8,1,0.5150354015085564,0.8,0.6325219540035932,0.3411229427908202,0.20869508361518788,0.4598277327031435,0.4621326288050491,-17.679074597689077
parent_human_capital,low h,0.8,1,0.5161879343777439,0.8,0.6325082847944556,0.3411371756823949,0.20872924818819308,0.46021843785380656,0.46252529237342976,-17.676462247589352
parent_human_capital,low h,0.8,1,0.5173850990988615,0.8,0.6324541107258855,0.3411936263263541,0.20886471118406436,0.4606897499215565,0.46299896690275055,-17.673751884415577
parent_human_capital,low h,0.8,1,0.5186271940351138,0.8,0.6324532030538033,0.34119457712393814,0.2088669880046677,0.46108719304448864,0.4633984022176269,-17.670943524365292
parent_human_capital,low h,0.8,1,0.5199145292234401,0.8,0.6324072970674781,0.34124236531245933,0.20898170898246343,0.46157274136687304,0.4638863843611054,-17.668037949154836
parent_human_capital,low h,0.8,1,0.5212474265034702,0.8,0.6323548768120463,0.3412969682285161,0.20911275743701696,0.4620831110481933,0.46439931228109926,-17.66503319222751
parent_human_capital,low h,0.8,1,0.5226262196515982,0.8,0.6323238344620136,0.3413293145891602,0.20919037854637723,0.4625723130063125,0.4648909663742381,-17.661930306015964
parent_human_capital,low h,0.8,1,0.5240512545202515,0.8,0.6322600043692258,0.34139579950184384,0.20934994691342934,0.46312978893328205,0.4654512366609202,-17.65872725975839
parent_human_capital,low h,0.8,1,0.5255228891824385,0.8,0.6322207077842952,0.34143674841128874,0.20944820992796065,0.4636609941034374,0.46598510450807157,-17.65542458790018
parent_human_capital,low h,0.8,1,0.5270414940816569,0.8,0.6321629692020585,0.3414968901409223,0.20959255260086979,0.4642369412433802,0.4665639385950672,-17.652021578460435
parent_human_capital,low h,0.8,1,0.5286074521872524,0.8,0.6321443865986968,0.34151623979872364,0.2096389987114653,0.46476248202978354,0.46709211366562486,-17.648518798092155
parent_human_capital,low h,0.8,1,0.5302211591553182,0.8,0.6320727562227699,0.3415908681885198,0.20981809396869866,0.465390201920016,0.46772298001490104,-17.64491506012594
parent_human_capital,low h,0.8,1,0.5318830234952302,0.8,0.6320754201351548,0.3415880952462218,0.20981143701940463,0.4659093955576973,0.4682447761215212,-17.641211040295598
parent_human_capital,low h,0.8,1,0.5335934667419154,0.8,0.6320108871347294,0.34165528425892094,0.2099727221981168,0.4665543687388953,0.46889298224424375,-17.637406727868864
parent_human_capital,low h,0.8,1,0.5353529236339561,0.8,0.6319691016516157,0.3416988395011429,0.21007722723003008,0.46717633194487157,0.46951806305376376,-17.6335001553099
parent_human_capital,low h,0.8,1,0.537161842297634,0.8,0.6318899820265509,0.34178123238441105,0.2102749926070011,0.4678748771277139,0.4702201097089063,-17.629490967616086
parent_human_capital,low h,0.8,1,0.5390206844370244,0.8,0.6318382968829581,0.34183507669559315,0.21040421355869607,0.4685427363552992,0.47089131659480093,-17.6253782733194
parent_human_capital,low h,0.8,1,0.5409299255302531,0.8,0.6317719434868573,0.34190420329615057,0.21057010925959962,0.469249822987542,0.47160194751353735,-17.621162681743442
parent_human_capital,low h,0.8,1,0.5428900550320312,0.8,0.6317226062146172,0.34195557856835146,0.21069342692380888,0.46994356738293985,0.4722991693171883,-17.61684286858148
parent_human_capital,low h,0.8,1,0.5449015765825912,0.8,0.6316352638617131,0.34204659688271966,0.21091183564940336,0.47071559317394573,0.4730750649035755,-17.61241814928374
parent_human_capital,low h,0.8,1,0.5469650082231464,0.8,0.6316315223387728,0.34205045894804537,0.21092113854641262,0.47136357501215526,0.47372629476426553,-17.607890116455447
parent_human_capital,low h,0.8,1,0.5490808826180046,0.8,0.631540251848084,0.3421455648122498,0.21114936148155575,0.4721725081234763,0.47453928266968093,-17.603257444417135
parent_human_capital,low h,0.8,1,0.5512497472834679,0.8,0.6315050679256871,0.3421821925846808,0.21123728939625336,0.47290325548594825,0.47527369291855026,-17.598519680646074
parent_human_capital,low h,0.8,1,0.5534721648236569,0.8,0.6314180407446784,0.34227283731718655,0.21145484499207023,0.47373583557313265,0.47611044633078875,-17.59367509498893
parent_human_capital,low h,0.8,1,0.5557487131734017,0.8,0.631403418826836,0.34228808361387164,0.21149142157713918,0.47446308676099264,0.476841342880398,-17.588726514971697
parent_human_capital,low h,0.8,1,0.5580799858483445,0.8,0.6313041421611463,0.3423915012339509,0.21173961961574306,0.47534725335228833,0.4777299413751757,-17.583669947620063
parent_human_capital,low h,0.8,1,0.5604665922024078,0.8,0.6312366025812695,0.3424618525820905,0.2119084651369409,0.47619410650429256,0.47858103939626917,-17.57850540476848
parent_human_capital,low h,0.8,1,0.5629091576927818,0.8,0.631196671521534,0.34250344735415483,0.21200829266844906,0.4770105408407756,0.47940156612689416,-17.573231496378305
parent_human_capital,low h,0.8,1,0.5654083241525933,0.8,0.6310916965601443,0.34261277736967344,0.21227070285218552,0.4779517330322533,0.48034747606386435,-17.56784964379412
parent_human_capital,low h,0.8,1,0.5679647500714233,0.8,0.6310255283374633,0.3426816986671306,0.21243611774320487,0.4788439798739619,0.4812441953114787,-17.562356411023448
parent_human_capital,low h,0.8,1,0.5705791108838415,0.8,0.6309347372006433,0.3427762811828793,0.21266310770270297,0.4797936497754183,0.4821986254531257,-17.556753964362922
parent_human_capital,low h,0.8,1,0.5732520992661372,0.8,0.6308660942447244,0.3428477815606839,0.21283471120266056,0.48072239859955396,0.48313202965011554,-17.551039553743596
parent_human_capital,low h,0.8,1,0.5759844254414287,0.8,0.6307606399097767,0.3429576490666969,0.2130983747462669,0.481729357693246,0.4841440361472692,-17.545212449331732
parent_human_capital,low h,0.8,1,0.578776817493336,0.8,0.6307681994874769,0.34294976913008063,0.21307946805983927,0.48256273388483145,0.48498158965439886,-17.539277968774844
parent_human_capital,low h,0.8,1,0.5816300216884137,0.8,0.6306506390373315,0.34307222980375535,0.21337337188007624,0.4836231295795181,0.48604730060462426,-17.533230840075543
parent_human_capital,low h,0.8,1,0.5845448028075416,0.8,0.6306096581488572,0.3431149153680887,0.21347581998119058,0.4845712636645578,0.4870001872315428,-17.527072411861123
parent_human_capital,low h,0.8,1,0.5875219444864789,0.8,0.6305271596243232,0.3432008381292882,0.21368204728185194,0.48560614548249287,0.48804025641617715,-17.520798375384572
parent_human_capital,low h,0.8,1,0.5905622495657936,0.8,0.6304048636065909,0.34332823314838856,0.21398779212708868,0.4867252173668591,0.489164937671707,-17.51440908151365
parent_human_capital,low h,0.8,1,0.5936665404503856,0.8,0.6303358536885677,0.3434001158483163,0.21416031313300793,0.48777142969491044,0.4902163941608761,-17.507902916577777
parent_human_capital,low h,0.8,1,0.5968356594788269,0.8,0.6302082627437993,0.3435330224285639,0.21447928955333267,0.48893393290985254,0.4913847244474321,-17.501279368556535
parent_human_capital,low h,0.8,1,0.600070469302753,0.8,0.630145418450769,0.34359849496778494,0.21463641430284128,0.49000430460553474,0.4924604614035663,-17.494539376185024
parent_human_capital,low h,0.8,1,0.6033718532765401,0.8,0.6300490343508824,0.34369889294799755,0.21487737149423405,0.4911489431921087,0.49361083751493195,-17.48768051607422
parent_human_capital,low h,0.8,1,0.6067407158575169,0.8,0.6299896558778222,0.3437607457493311,0.2150258180012146,0.4922484563132769,0.49471586196855516,-17.48070821880688
parent_human_capital,low h,0.8,1,0.6101779830169621,0.8,0.6299423409221101,0.3438100451082301,0.21514412403374125,0.4933451527674866,0.4958180556366181,-17.473614697216373
parent_human_capital,low h,0.8,1,0.6136846026621482,0.8,0.6298038973875689,0.34395424335899194,0.21549021304937951,0.49461462804419,0.49709389418462635,-17.466403382204494
parent_human_capital,low h,0.8,1,0.6172615450697004,0.8,0.6297213964634891,0.3440401846323606,0.21569646940711018,0.4958071107504005,0.49829235423527635,-17.45906958293906
parent_human_capital,low h,0.8,1,0.6209098033305457,0.8,0.6295936497935928,0.3441732355774233,0.21601580943789675,0.49709490192670946,0.4995866004917191,-17.451613215611953
parent_human_capital,low h,0.8,1,0.6246303938067362,0.8,0.6295047970739962,0.34426581789778726,0.21623798069881747,0.4983348942072579,0.5008328082594392,-17.444034531720522
parent_human_capital,low h,0.8,1,0.6284243566004422,0.8,0.6294598504871922,0.3443126448792225,0.2163503581388882,0.49951837894816725,0.5020222252422991,-17.43633026107325
parent_human_capital,low h,0.8,1,0.6322927560354111,0.8,0.6293436015258971,0.3444337485192429,0.21664099634181275,0.5008423585084864,0.5033528412777818,-17.428506418345695
parent_human_capital,low h,0.8,1,0.6362366811512086,0.8,0.629314370857721,0.3444641785050868,0.2167140461896041,0.5020362012778692,0.504552668208949,-17.420561095996465
parent_human_capital,low h,0.8,1,0.6402572462105554,0.8,0.6292220377069293,0.34456037079142987,0.21694489623272972,0.5033570707205843,0.5058801585372983,-17.41249600637452
parent_human_capital,low h,0.8,1,0.6443555912200942,0.8,0.6292885432254943,0.34449107154197983,0.21677859979495662,0.5044240957235885,0.5069525320253875,-17.404314935548804
parent_human_capital,low h,0.8,1,0.6485328824649206,0.8,0.6292421556072051,0.3445393830789567,0.21689455602649266,0.5057040157864604,0.5082388677142728,-17.396020385511832
parent_human_capital,low h,0.8,1,0.652790313057229,0.8,0.6292473197591053,0.3445340179459203,0.2168816660830199,0.5069142988429626,0.5094552173398417,-17.387606501521407
parent_human_capital,low h,0.8,1,0.6571291034994325,0.8,0.629158392393413,0.34462665580279134,0.2171039919626066,0.5083063596474968,0.5108542558781962,-17.379070989234
parent_human_capital,low h,0.8,1,0.6615505022621248,0.8,0.6291343723857111,0.34465166408744397,0.21716402390020825,0.5096059087618853,0.5121603190096282,-17.370417439261363
parent_human_capital,low h,0.8,1,0.6660557863772645,0.8,0.6291444595034477,0.34464120673972154,0.21713887820175135,0.5108660235149385,0.5134267501141664,-17.3616368768089
parent_human_capital,low h,0.8,1,0.6706462620469753,0.8,0.6290490245851907,0.3447406064885103,0.2173774487582641,0.5123290704279364,0.514897130580334,-17.35273810229181
parent_human_capital,low h,0.8,1,0.6753232652683625,0.8,0.6290567857135744,0.3447324771534364,0.21735798138737417,0.513632915686608,0.5162075113905621,-17.343715967494397
parent_human_capital,low h,0.8,1,0.6800881624747613,0.8,0.6289903669034118,0.3448016707316505,0.21752403895016492,0.515086180178827,0.5176680604013626,-17.334570939979663
parent_human_capital,low h,0.8,1,0.6849423511938463,0.8,0.629000844418304,0.3447907798954282,0.2174978786311128,0.5164257612287361,0.5190143561292272,-17.325302561756487
parent_human_capital,low h,0.8,1,0.6898872607230374,0.8,0.6289247252085539,0.3448700518377242,0.2176881494377689,0.5179372528841427,0.5205334241680855,-17.315909646588686
parent_human_capital,low h,0.8,1,0.6949243528226603,0.8,0.6289260589863956,0.3448686702525294,0.21768482617724677,0.5193340288758794,0.5219372015286166,-17.306396707470487
parent_human_capital,low h,0.8,1,0.7000551224273222,0.8,0.6288730734794167,0.3449238591245683,0.2178172836599618,0.5208470502881367,0.5234578069922636,-17.29675220254903
parent_human_capital,low h,0.8,1,0.7052810983759861,0.8,0.628793846707713,0.3450063832622607,0.21801534518994253,0.522427631731177,0.5250463111327571,-17.286983709891604
parent_human_capital,low h,0.8,1,0.7106038441612367,0.8,0.6288172855078303,0.3449819609335902,0.21795673823653963,0.5238488244321934,0.5264746275918325,-17.27709096078618
parent_human_capital,low h,0.8,1,0.7160249586982449,0.8,0.6287097203827254,0.3450940366389772,0.21822569237740175,0.525522888803369,0.5281570832455885,-17.26706831111952
parent_human_capital,low h,0.8,1,0.7215460771139571,0.8,0.6287025277568634,0.3451015217806728,0.21824366360730546,0.5270414940019714,0.5296833004844262,-17.25691329094833
parent_human_capital,low h,0.8,1,0.7271688715570458,0.8,0.628663464622192,0.3451421940392305,0.21834129479429992,0.5286385260696542,0.5312883377086615,-17.24662324546101
parent_human_capital,low h,0.8,1,0.7328950520291776,0.8,0.6286450644698545,0.3451613797883999,0.2183873224254414,0.5302211584358165,0.5328789030525718,-17.23621484381131
parent_human_capital,low h,0.8,1,0.7387263672381705,0.8,0.6286026941383722,0.345205505175324,0.21849323331409432,0.5318688800113927,0.534534883866916,-17.225674118429353
parent_human_capital,low h,0.8,1,0.7446646054736273,0.8,0.6285643184708413,0.3452454733338662,0.21858916312992605,0.5335322614546315,0.5362066030443363,-17.215011645567582
parent_human_capital,low h,0.8,1,0.7507115955056528,0.8,0.6284856522870383,0.34532743272863453,0.21878585084219532,0.5352907894076054,0.5379739456553563,-17.20420752520281
parent_human_capital,low h,0.8,1,0.7568692075072764,0.8,0.6283909769383762,0.3454260358165627,0.2190225146374742,0.5371015206939729,0.5397937532700675,-17.193265474711755
parent_human_capital,low h,0.8,1,0.7631393540012239,0.8,0.6283613300126418,0.34545693631524443,0.21909665828131025,0.5388193089715928,0.541520151997261,-17.182188738524744
parent_human_capital,low h,0.8,1,0.7695239908317001,0.8,0.6283154599700416,0.3455047016214663,0.21921131036486985,0.5405899284551235,0.543299646747887,-17.17096846967827
parent_human_capital,low h,0.8,1,0.7760251181618615,0.8,0.6284000543145905,0.345416577731912,0.21899981761936277,0.5421489346538929,0.5448664674977476,-17.159636999110802
parent_human_capital,low h,0.8,1,0.7826447814976824,0.8,0.6283682728707134,0.3454496995403586,0.21907929446740293,0.5439418288853197,0.5466683486489082,-17.148167469837848
parent_human_capital,low h,0.8,1,0.7893850727389358,0.8,0.6282371227163734,0.3455863173876907,0.2194071743219012,0.5459394588491397,0.5486759917745913,-17.136556370898496
parent_human_capital,low h,0.8,1,0.7962481312580323,0.8,0.6281754849218919,0.3456505096428225,0.21956124896377266,0.5478361118005383,0.5505821517384717,-17.124798063497316
parent_human_capital,low h,0.8,1,0.8032361450074849,0.8,0.6280997026043655,0.34572945646874365,0.21975071471062535,0.5497837450050163,0.5525395474950135,-17.112894352749848
parent_human_capital,low h,0.8,1,0.8103513516567865,0.8,0.6281860811032343,0.34563945759885734,0.21953473783912042,0.5514606152244378,0.5542248230613884,-17.100859928981215
parent_human_capital,low h,0.8,1,0.8175960397595149,0.8,0.6281031194151558,0.34572588082621347,0.2197421489745917,0.5534721649567425,0.556246455728686,-17.088687349093497
parent_human_capital,low h,0.8,1,0.8249725499515008,0.8,0.627995521875037,0.34583799085504946,0.22001118495623434,0.5555551540854927,0.558339885883894,-17.076382085470375
parent_human_capital,low h,0.8,1,0.8324832761809209,0.8,0.6279652935064517,0.3458694762780655,0.22008675233396263,0.5575224115609492,0.560317004278482,-17.063927150619683
parent_human_capital,low h,0.8,1,0.8401306669712053,0.8,0.6278366495542684,0.3460034595085432,0.22040833213803396,0.5596974988921471,0.5625029942802987,-17.05132059468193
parent_human_capital,low h,0.8,1,0.8479172267176741,0.8,0.6278979143660959,0.3459396506071823,0.22025518250824666,0.5615489228938558,0.5643636985834355,-17.0385753965404
parent_human_capital,low h,0.8,1,0.8558455170188431,0.8,0.6279420702923836,0.34589363339699847,0.22014476179929435,0.5634579691048776,0.5662823139284114,-17.02568518289118
parent_human_capital,low h,0.8,1,0.8639181580433734,0.8,0.6279289418183835,0.3459073614522864,0.22017765867290895,0.56550010571478,0.5683346867906689,-17.012659903988368
parent_human_capital,low h,0.8,1,0.8721378299336601,0.8,0.6278841484819762,0.34595401308394,0.22028963035889743,0.5676285806864754,0.5704738307875585,-16.999505129855287
parent_human_capital,low h,0.8,1,0.8805072742470966,0.8,0.6278356792450153,0.3460044772837839,0.22041076804363352,0.5697918623773748,0.5726479559730584,-16.9862070890311
parent_human_capital,low h,0.8,1,0.88902929543607,0.8,0.6279016339527979,0.3459357656595573,0.2202458685969647,0.5717687738301425,0.5746347767357203,-16.97277203545268
parent_human_capital,low h,0.8,1,0.8977067623677852,0.8,0.6278916600845195,0.34594615769886433,0.2202708070018452,0.5739159914389702,0.576792757317602,-16.959190862606597
parent_human_capital,low h,0.8,1,0.9065426098850453,0.8,0.6279280859377212,0.3459082338310641,0.22017977077901124,0.5760041592960182,0.5788913921595913,-16.94547599466981
parent_human_capital,low h,0.8,1,0.9155398404091444,0.8,0.6278293810492812,0.34601104261286203,0.22042652031324017,0.5783765480051145,0.5812756725165785,-16.931611466893113
parent_human_capital,low h,0.8,1,0.9247015255860773,0.8,0.6278087106926471,0.3460325765560902,0.2204781995481228,0.580630947435151,0.5835413721707834,-16.917609941882795
parent_human_capital,low h,0.8,1,0.9340308079772923,0.8,0.6279522241710211,0.3458830888902091,0.22011942383087996,0.5826022176856509,0.5855225234545335,-16.903468715372963
parent_human_capital,low h,0.8,1,0.9435309027962627,0.8,0.6278812782570026,0.3459569744864106,0.22029676500342876,0.5850114718495814,0.5879438540552163,-16.889182975551563
parent_human_capital,low h,0.8,1,0.9532050996921831,0.8,0.6278375897750661,0.3460024814585296,0.22040598352521656,0.5873994164000976,0.590343768227603,-16.87475556325776
parent_human_capital,low h,0.8,1,0.9630567645821445,0.8,0.6278503062233711,0.34598925220015686,0.22037421694485476,0.5897099276741355,0.592665860987598,-16.860178524464708
parent_human_capital,low h,0.8,1,0.9730893415331738,0.8,0.6277934335343976,0.3460484915976941,0.2205163943662819,0.5921853441269392,0.5951536855170071,-16.84544996417871
parent_human_capital,low h,0.8,1,0.9833063546955787,0.8,0.6279832393065125,0.345850763742623,0.22004186048286478,0.5942151727702212,0.5971936887187045,-16.830574010097692
parent_human_capital,low h,0.8,1,0.9937114102890687,0.8,0.6278840120626268,0.34595413289721466,0.22028993930936241,0.596835659950754,0.5998273111458916,-16.81556117756504
parent_human_capital,low h,0.8,1,1.0043081986431819,0.8,0.6278904937059091,0.3459473737061859,0.22027372443099869,0.5992833217007235,0.6022872418514396,-16.80041328132025
parent_human_capital,low h,0.8,1,1.0151004962935855,0.8,0.6278616014911108,0.3459774688037466,0.22034595358628428,0.6018324280417614,0.6048491256411848,-16.78509671789954
parent_human_capital,low h,0.8,1,1.0260921681358672,0.8,0.6278194232735104,0.3460214090689807,0.22045140578582184,0.604440721684395,0.6074704934101096,-16.769624957312267
parent_human_capital,low h,0.8,1,1.037287169638491,0.8,0.6279510164672798,0.3458843277798301,0.22012241553567555,0.6067407167536286,0.6097820172526042,-16.753993395187713
parent_human_capital,low h,0.8,1,1.0486895491166357,0.8,0.6278910585377837,0.34594679482122315,0.22027232600477764,0.6094508853878948,0.6125057706636822,-16.73824634212504
parent_human_capital,low h,0.8,1,1.0603034500686892,0.8,0.6278857515767609,0.3459523151226309,0.22028558219982772,0.6120874953290971,0.6151555966672128,-16.72234096145298
parent_human_capital,low h,0.8,1,1.0721331135772334,0.8,0.6278824860234031,0.3459557154153794,0.2202937441747433,0.6147545375148414,0.6178360074575461,-16.706264319442347
parent_human_capital,low h,0.8,1,1.0841828807763967,0.8,0.6278977395359465,0.3459398303270942,0.22025561613506914,0.6174195154434061,0.6205143436435676,-16.690023669956993
parent_human_capital,low h,0.8,1,1.0964571953875313,0.8,0.6278719070301592,0.3459667375060259,0.2203201949785182,0.6202018403688403,0.6233106150307279,-16.673646558119145
parent_human_capital,low h,0.8,1,1.1089606063252093,0.8,0.6278462974727165,0.3459934137986691,0.2203842183973671,0.6230198069991993,0.626142706777603,-16.657120307459042
parent_human_capital,low h,0.8,1,1.1216977703756155,0.8,0.6278815638000321,0.34595666351207444,0.22029603165735506,0.6257515355790179,0.6288881282039099,-16.640435182465676
parent_human_capital,low h,0.8,1,1.1346734549494641,0.8,0.6279513748697062,0.34588397978115587,0.22012155601515823,0.6284494830870828,0.6315995992301366,-16.62357161360827
parent_human_capital,low h,0.8,1,1.147892540911644,0.8,0.6277305095415849,0.34611403548470204,0.2206737015563861,0.6317739691268118,0.6349407493254867,-16.606564369442314
parent_human_capital,low h,0.8,1,1.1613600254898573,0.8,0.6278760739169946,0.34596241636901204,0.22030980565438277,0.634392388081452,0.6375722931597555,-16.589398496112647
parent_human_capital,low h,0.8,1,1.1750810252645967,0.8,0.6278396539736804,0.3460003341974407,0.22040082727063426,0.6374189994101225,0.6406140754408443,-16.572073676792755
parent_human_capital,low h,0.8,1,1.189060779242872,0.8,0.6279139806021837,0.3459229072821581,0.22021500588412404,0.6402572462740042,0.6434665490763353,-16.55458325709953
parent_human_capital,low h,0.8,1,1.2033046520181812,0.8,0.6278592072785915,0.34597996946528775,0.22035194875142294,0.6433996838639493,0.6466247382002495,-16.536941334278215
parent_human_capital,low h,0.8,1,1.217818137019287,0.8,0.6278605609795285,0.3459785508557549,0.22034855225275868,0.6464663593888458,0.6497067855001835,-16.519139399843517
parent_human_capital,low h,0.8,1,1.2326068598504607,0.8,0.6278901464960954,0.34594774021702906,0.2202745994164265,0.6495144840480431,0.6527701889478172,-16.50116179922036
parent_human_capital,low h,0.8,1,1.247676581725918,0.8,0.6278298205518023,0.34601056502900485,0.22042539308996478,0.6527903136231665,0.6560624386870175,-16.48301454964211
parent_human_capital,low h,0.8,1,1.2630332030012734,0.8,0.6278701124648767,0.3459686037460973,0.2203246769295035,0.6558976478648552,0.65918534850641,-16.464738239889797
parent_human_capital,low h,0.8,1,1.2786827668049243,0.8,0.6279566581108706,0.34587845677885903,0.22010831965068628,0.6589487476192829,0.6622517419620008,-16.446281253992563
parent_human_capital,low h,0.8,1,1.294631462772364,0.8,0.6278829588435748,0.34595521494922293,0.22029255068330622,0.6623790391547487,0.6656992279053421,-16.42764815200076
parent_human_capital,low h,0.8,1,1.31088563088653,0.8,0.6277930861765475,0.34604885810853725,0.2205172694997461,0.6658876745568341,0.6692254504155682,-16.408843401222427
parent_human_capital,low h,0.8,1,1.3274517654273796,0.8,0.6279709844416033,0.3458635366301966,0.22007250830587988,0.6688714882514156,0.6722242205385345,-16.3898862777762
parent_human_capital,low h,0.8,1,1.3443365190339982,0.8,0.6279639498827602,0.3458708605641494,0.22009008932961507,0.6722914352941638,0.6756613101371725,-16.37076702623526
parent_human_capital,low h,0.8,1,1.3615467068826452,0.8,0.6280457832837911,0.3457856136188878,0.21988550032740733,0.6755653314796086,0.6789516167955384,-16.35146130136227
parent_human_capital,low h,0.8,1,1.3790893109842512,0.8,0.6278103664315984,0.3460308372003128,0.2204740391368521,0.679566782184186,0.6829731248552403,-16.331983786779038
parent_human_capital,low h,0.8,1,1.3969714846049992,0.8,0.6279769216681759,0.34585736339515005,0.22005768162084016,0.6827485876830763,0.6861708792205643,-16.312346783009133
parent_human_capital,low h,0.8,1,1.4152005568137338,0.8,0.6281335423842686,0.3456941890684494,0.21966608987429867,0.6859950532281117,0.6894336177418636,-16.292527807434993
parent_human_capital,low h,0.8,1,1.4337840371600625,0.8,0.6280148026975092,0.34581787719059537,0.2199629404569481,0.6898872620939689,0.69334533638585,-16.272544207343852
parent_human_capital,low h,0.8,1,1.4527296204871472,0.8,0.6279454296323859,0.34589017319761267,0.22013641977217646,0.6937211310276222,0.6971984226675055,-16.252374169870066
parent_human_capital,low h,0.8,1,1.4720451918832933,0.8,0.6280163002180641,0.3458163202556189,0.21995920095002716,0.6972959271974605,0.7007911375777133,-16.232032090066127
parent_human_capital,low h,0.8,1,1.4917388317766058,0.8,0.6280209530137659,0.3458114942823183,0.2199475987527724,0.7010650254226525,0.70457912848638,-16.211518394146527
parent_human_capital,low h,0.8,1,1.5118188211770927,0.8,0.6279467759487798,0.3458887572889689,0.22013303454733546,0.7050589370524845,0.7085930596815673,-16.190820251807132
parent_human_capital,low h,0.8,1,1.5322936470707536,0.8,0.6279022901652355,0.3459350784024695,0.22024422273432065,0.7090385680104712,0.7125926386227436,-16.169946162292504
parent_human_capital,low h,0.8,1,1.5531720079703377,0.8,0.62805877603433,0.34577207505542024,0.21985301204547514,0.7126201324110586,0.7161921556895982,-16.148898720794048
parent_human_capital,low h,0.8,1,1.5744628196276003,0.8,0.6281770395649527,0.34564886721802046,0.2195573292289967,0.7163363476707205,0.7199269985557671,-16.127654800789994
parent_human_capital,low h,0.8,1,1.5961752209120554,0.8,0.6279290617422646,0.34590720024454347,0.22017730660987805,0.7209314583848436,0.7245451423581961,-16.106238442642457
parent_human_capital,low h,0.8,1,1.618318579861377,0.8,0.6280844971546078,0.3457452974616715,0.2197887311901991,0.7246686564069847,0.7283010731633789,-16.08464381754222
parent_human_capital,low h,0.8,1,1.6409024999087747,0.8,0.6281683331696053,0.3456579490199196,0.21957911341907904,0.7286201166767557,0.7322723402101771,-16.0628482296418
parent_human_capital,low h,0.8,1,1.6639368262928396,0.8,0.6281344334196778,0.3456932850671117,0.2196638970769632,0.7328950527661751,0.7365687045059173,-16.04086086679763
parent_human_capital,low h,0.8,1,1.6874316526555453,0.8,0.6280570147559754,0.34577391134217283,0.21985741757675353,0.7373267705594,0.7410226363770239,-16.018713359935063
parent_human_capital,low h,0.8,1,1.7113973278342638,0.8,0.6280211861908329,0.34581125195487994,0.2199470166241943,0.7417205780347353,0.7454384679039815,-15.996368173553904
parent_human_capital,low h,0.8,1,1.7358444628538618,0.8,0.6281380411247737,0.3456895411458194,0.21965489812520622,0.7458176135188379,0.7495560398639097,-15.973829049512503
parent_human_capital,low h,0.8,1,1.7607839381251333,0.8,0.6280433695577019,0.34578812842246764,0.21989153537065154,0.7504646930649986,0.754226412993231,-15.951094484642757
parent_human_capital,low h,0.8,1,1.7862269108560356,0.8,0.6280217523060203,0.34581066162876756,0.2199456004394051,0.7550016201345205,0.7587860815043264,-15.928174095634517
parent_human_capital,low h,0.8,1,1.8121848226824113,0.8,0.6282003151323118,0.34562464042054175,0.21949916707326833,0.7591267747788432,0.762931913572352,-15.905069446423795
parent_human_capital,low h,0.8,1,1.8386694075250942,0.8,0.6282857879291425,0.3455356223015582,0.2192855081851014,0.7635294631325306,0.7673566704932496,-15.881753306987418
parent_human_capital,low h,0.8,1,1.8656926996805347,0.8,0.6280495610687284,0.34578168997768355,0.21987607249913593,0.7687589673839157,0.7726123877437792,-15.858233815926615
parent_human_capital,low h,0.8,1,1.8932670421523103,0.8,0.628159739680556,0.3456669110085442,0.2196006121717476,0.7732271778202657,0.7771029951781456,-15.83455741849106
parent_human_capital,low h,0.8,1,1.921405095231136,0.8,0.628254910575661,0.3455677748002518,0.2193626851367017,0.7777925510788208,0.7816912524653902,-15.810653498043159
parent_human_capital,low h,0.8,1,1.9501198453312445,0.8,0.6282290988797796,0.3455946634670145,0.21942721651272132,0.7827131746853025,0.7866365408003407,-15.786548045882077
parent_human_capital,low h,0.8,1,1.979424614091259,0.8,0.6281359551927066,0.34569172543124627,0.2196601294282881,0.7878639085483559,0.7918130928243238,-15.762252669875432
parent_human_capital,low h,0.8,1,2.009333067747975,0.8,0.6283253421369084,0.3454944266945448,0.21918663230323615,0.7923929438959338,0.7963648300560544,-15.737753099994523
parent_human_capital,low h,0.8,1,2.0398592267917226,0.8,0.6282812403996666,0.3455403785963132,0.21929690477902442,0.7975588582402766,0.8015566386538061,-15.713049850834338
parent_human_capital,low h,0.8,1,2.071017475912293,0.8,0.6280943526084567,0.34573504541704925,0.21976411279209432,0.8031471156164086,0.8071729072866036,-15.688137127047357
parent_human_capital,low h,0.8,1,2.1028225742447084,0.8,0.6282121342411429,0.3456123266046564,0.2194696160695624,0.8080538631040194,0.812104249948348,-15.663022144021104
parent_human_capital,low h,0.8,1,2.135289665924415,0.8,0.6282713256028858,0.34555069761859203,0.2193216789678868,0.8131746586658581,0.8172507136047571,-15.637711527769948
parent_human_capital,low h,0.8,1,2.168434290961828,0.8,0.6283254967120246,0.3454942584157825,0.2191862354067023,0.8183784293797403,0.8224805683278901,-15.61217601095736
parent_human_capital,low h,0.8,1,2.2022723964464688,0.8,0.6282560336919514,0.34556661703032615,0.21935989483171842,0.8239658627201037,0.8280960087944227,-15.586408627639608
parent_human_capital,low h,0.8,1,2.23682034809129,0.8,0.628330896531941,0.34548861830110017,0.2191727138216433,0.8292633520177446,0.8334200518676704,-15.560479259292602
parent_human_capital,low h,0.8,1,2.2720949421281498,0.8,0.6282783108440746,0.3455434265202572,0.2193042233450958,0.834959347272797,0.8391445984177537,-15.534316204646078
parent_human_capital,low h,0.8,1,2.308113417565749,0.8,0.6282830338797127,0.3455385009150922,0.21929240743802003,0.8405864373502803,0.8447998944016281,-15.5079100989333
parent_human_capital,low h,0.8,1,2.344893468821764,0.8,0.6282223999086949,0.3456016666547227,0.21944400007410575,0.8464597008291233,0.8507025977361716,-15.48133393963809
parent_human_capital,low h,0.8,1,2.382453258741261,0.8,0.6283680232452745,0.3454499691202264,0.2190799322878515,0.8518791976248988,0.8561492598726833,-15.454530447979787
parent_human_capital,low h,0.8,1,2.4208114320139376,0.8,0.6283078065641127,0.3455127040722462,0.21923048729992192,0.8579114182996018,0.862211717179347,-15.427479872730178
parent_human_capital,low h,0.8,1,2.4599871290031343,0.8,0.628289089295755,0.34553218061434143,0.2192772507888967,0.8639181553577739,0.86824856313232,-15.400213796990323
parent_human_capital,low h,0.8,1,2.5,0.8,0.6282904271895995,0.34553079195812725,0.21927391323010387,0.8699555632575952,0.874316233665176,-15.372762605785887
parent_human_capital,low h,0.8,2,0.5,0.8,0.5542595568193875,0.4501393259262771,0.4763511039811434,0.6119445806021118,0.6150119655771773,-16.613974432491908
parent_human_capital,low h,0.8,2,0.5000203210855501,0.8,0.554258338225847,0.45014050927939103,0.47635411180459225,0.6119542268867797,0.6150216602140482,-16.613818367253078
parent_human_capital,low h,0.8,2,0.5000812892976928,0.8,0.5542547561697583,0.4501440778509018,0.4763630895408054,0.6119831472802787,0.6150507255716231,-16.61335015212422
parent_human_capital,low h,0.8,2,0.5001829195049198,0.8,0.5542487670535565,0.45015002456979003,0.47637807009596606,0.612031359150039,0.6150991791043863,-16.61256972885515
parent_human_capital,low h,0.8,2,0.5003252364947652,0.8,0.5542403610662904,0.4501583548378339,0.47639907144851457,0.6120988756782005,0.6151670340605535,-16.611477000349105
parent_human_capital,low h,0.8,2,0.5005082749838822,0.8,0.5542295707749104,0.45016905181210554,0.4764260355649931,0.6121856797347618,0.615254273224259,-16.610071830643513
parent_human_capital,low h,0.8,2,0.500732079632158,0.8,0.5542163897793991,0.45018214274503465,0.47645901005109337,0.6122918015725193,0.6153609269999418,-16.608354044869152
parent_human_capital,low h,0.8,2,0.5009967050608752,0.8,0.5542008199544,0.45019758020278133,0.47649792131220553,0.6124172218021974,0.6154869759011372,-16.606323429221547
parent_human_capital,low h,0.8,2,0.5013022158749305,0.8,0.5542082949428458,0.4501901637079836,0.47647923258362546,0.6125347686026076,0.6156051119073366,-16.603980050845067
parent_human_capital,low h,0.8,2,0.5016486866891229,0.8,0.5541878305086576,0.4502104685334992,0.47653039791399315,0.612698990031569,0.6157701564996362,-16.601323691227883
parent_human_capital,low h,0.8,2,0.502036202158526,0.8,0.5541651120080309,0.45023301318094866,0.4765872039215638,0.6128824322460719,0.6159545182220657,-16.598353710329338
parent_human_capital,low h,0.8,2,0.502464857012963,0.8,0.5541399908125149,0.4502579359757758,0.4766500083828582,0.6130852692708094,0.6161583719716208,-16.595069738068783
parent_human_capital,low h,0.8,2,0.5029347560956027,0.8,0.554112455383095,0.450285269572188,0.47671887221005327,0.6133075503406857,0.6163817672299966,-16.59147136510813
parent_human_capital,low h,0.8,2,0.5034460144056994,0.8,0.5540824444690186,0.4503150052299248,0.47679384343862774,0.6135493214225252,0.616624750194427,-16.58755814274523
parent_human_capital,low h,0.8,2,0.5039987571454999,0.8,0.5541676854966309,0.45023046842405023,0.47658078276053334,0.6136846026154366,0.6167607094871398,-16.583330859642555
parent_human_capital,low h,0.8,2,0.5045931197713469,0.8,0.5542639671924006,0.450134947583515,0.47634007355387403,0.6138248630195019,0.6169016729494063,-16.578796793599295
parent_human_capital,low h,0.8,2,0.5052292480490046,0.8,0.554314274532349,0.45008502524429594,0.47621428363702645,0.6140312582197236,0.6171091027098742,-16.5739513605453
parent_human_capital,low h,0.8,2,0.5059072981132409,0.8,0.5542741999525667,0.45012478809973777,0.4763144796542369,0.6143515392934453,0.6174309891991588,-16.56879171740293
parent_human_capital,low h,0.8,2,0.5066274365316988,0.8,0.5542504752801307,0.4501483249392397,0.4763737920279998,0.6146712994172279,0.6177523521272319,-16.563315538756722
parent_human_capital,low h,0.8,2,0.507389840373095,0.8,0.5543566444797633,0.45004300405475106,0.47610837765102054,0.6148686757424733,0.6179507178054248,-16.557530269998203
parent_human_capital,low h,0.8,2,0.5081946972797818,0.8,0.5543087588267838,0.4500905243326456,0.4762281139641765,0.6152484817676187,0.6183324276161938,-16.5514295983325
parent_human_capital,low h,0.8,2,0.5090422055447187,0.8,0.5542595036593103,0.45013937439176477,0.476351230421038,0.6156468824351454,0.6187328252753769,-16.54501074427858
parent_human_capital,low h,0.8,2,0.5099325741928927,0.8,0.5542079386736094,0.4501905117066577,0.47648011502685717,0.6160649489453942,0.6191529873527288,-16.538272902907913
parent_human_capital,low h,0.8,2,0.5108660230672385,0.8,0.5542420301011948,0.4501566982709931,0.47639489768454696,0.6164081704772273,0.6194979292896496,-16.531217983906025
parent_human_capital,low h,0.8,2,0.5118427829191048,0.8,0.5541845825336406,0.4502136978465964,0.47653852861041324,0.6168670621133805,0.6199591211297013,-16.523846367568172
parent_human_capital,low h,0.8,2,0.5128630955033207,0.8,0.5542030813474104,0.4501953403808474,0.47649227330843086,0.6172615449156784,0.6203555812852745,-16.516153982373385
parent_human_capital,low h,0.8,2,0.5139272136779165,0.8,0.5543187491859402,0.4500805842940073,0.476203094266599,0.6175686674834169,0.6206642433112901,-16.50815727678637
parent_human_capital,low h,0.8,2,0.5150354015085564,0.8,0.5542807789861576,0.4501182668660171,0.4762980405152605,0.6180586164667738,0.6211566481741461,-16.499842560789194
parent_human_capital,low h,0.8,2,0.5161879343777439,0.8,0.5542147108109554,0.4501838036820057,0.4764632003562373,0.6185963189934914,0.6216970459459951,-16.49120504907304
parent_human_capital,low h,0.8,2,0.5173850990988615,0.8,0.5542352724010322,0.4501634046264038,0.4764117953940903,0.6190581223141225,0.6221611640654038,-16.482249076264655
parent_human_capital,low h,0.8,2,0.5186271940351138,0.8,0.554333699648893,0.4500657725174699,0.47616574839752146,0.6194533599186609,0.6225583828066793,-16.472981152908453
parent_human_capital,low h,0.8,2,0.5199145292234401,0.8,0.5542602743025695,0.4501386060149817,0.4763492979920827,0.6200517310399365,0.6231597532756818,-16.463392777274272
parent_human_capital,low h,0.8,2,0.5212474265034702,0.8,0.5541842961926892,0.4502139728282423,0.47653923072361326,0.6206706089229604,0.6237817332970039,-16.45347725389974
parent_human_capital,low h,0.8,2,0.5226262196515982,0.8,0.5543640421115043,0.45003565620685115,0.47608987007325465,0.621030640740342,0.6241435697813801,-16.44324465310691
parent_human_capital,low h,0.8,2,0.5240512545202515,0.8,0.5543744531259962,0.4500253126330318,0.4760638195751478,0.6215915149406208,0.6247072553752875,-16.43270637293902
parent_human_capital,low h,0.8,2,0.5255228891824385,0.8,0.5542905285398771,0.45010857352494743,0.47627363462984335,0.6222724740507449,0.6253916278071555,-16.421841570183144
parent_human_capital,low h,0.8,2,0.5270414940816569,0.8,0.5542049309310877,0.45019348995205605,0.476487625876421,0.6229732800906559,0.6260959466519598,-16.410645548136156
parent_human_capital,low h,0.8,2,0.5286074521872524,0.8,0.5541419077624055,0.45025603104212514,0.476645211173288,0.6236677226027711,0.6267938700716527,-16.399119827749406
parent_human_capital,low h,0.8,2,0.5302211591553182,0.8,0.5543167179470623,0.450082618812841,0.47620820169795347,0.6241220307869254,0.6272504554850566,-16.387283698760378
parent_human_capital,low h,0.8,2,0.5318830234952302,0.8,0.554458111652911,0.44994232672276213,0.47585468635190525,0.6246303938948509,0.6277613667736648,-16.375127520622062
parent_human_capital,low h,0.8,2,0.5335934667419154,0.8,0.554389236459617,0.45001066206423723,0.4760268845815096,0.6253856013819741,0.6285203597540703,-16.362664337155785
parent_human_capital,low h,0.8,2,0.5353529236339561,0.8,0.5542914665764263,0.4501076641218317,0.4762713215757832,0.6261906916910279,0.6293294855950922,-16.34986437568481
parent_human_capital,low h,0.8,2,0.537161842297634,0.8,0.5542857268496335,0.4501133483318714,0.4762856558281561,0.6269139979202224,0.6300564174118481,-16.336735348195734
parent_human_capital,low h,0.8,2,0.5390206844370244,0.8,0.554182773043078,0.4502154698565815,0.4765430173800733,0.6277618334859277,0.6309085027710118,-16.323270144231447
parent_human_capital,low h,0.8,2,0.5409299255302531,0.8,0.5542667096520173,0.4501322045945356,0.4763331836949205,0.6284243556510295,0.631574345842286,-16.3094677458559
parent_human_capital,low h,0.8,2,0.5428900550320312,0.8,0.5544319982503138,0.44996822756760285,0.47591996183190177,0.629016345455352,0.6321693030078512,-16.295379570100913
parent_human_capital,low h,0.8,2,0.5449015765825912,0.8,0.5544202946697803,0.4499798497562702,0.4759492381617003,0.629820443190978,0.63297743130015,-16.28096807067058
parent_human_capital,low h,0.8,2,0.5469650082231464,0.8,0.5543076707079506,0.45009157643133524,0.47623079285622844,0.6307539576344541,0.6339156250042465,-16.266212988591427
parent_human_capital,low h,0.8,2,0.5490808826180046,0.8,0.5541923159714309,0.45020602758321066,0.47651919773438356,0.6317096123478095,0.6348760699567871,-16.25111099168378
parent_human_capital,low h,0.8,2,0.5512497472834679,0.8,0.5544338318623963,0.4499664310060772,0.4759154118187925,0.6322927563307081,0.635462136961064,-16.23568009322625
parent_human_capital,low h,0.8,2,0.5534721648236569,0.8,0.5544617285576532,0.44993876689151197,0.4758456869823129,0.6331292285638033,0.6363028020286758,-16.21994082379888
parent_human_capital,low h,0.8,2,0.5557487131734017,0.8,0.5544008944608056,0.44999910955411554,0.4759977591850171,0.6340825069938134,0.6372608587867012,-16.20387839742172
parent_human_capital,low h,0.8,2,0.5580799858483445,0.8,0.5543806851515654,0.45001913502785496,0.4760482470105514,0.6350104822302294,0.6381934855183469,-16.18747544332477
parent_human_capital,low h,0.8,2,0.5604665922024078,0.8,0.5542575729424941,0.45014128202630443,0.4763560454812783,0.6360714557856108,0.6392597772258057,-16.17072805264298
parent_human_capital,low h,0.8,2,0.5629091576927818,0.8,0.5544025089289196,0.4499975243350617,0.4759937478656936,0.6368563175557553,0.640048573131945,-16.153659122356647
parent_human_capital,low h,0.8,2,0.5654083241525933,0.8,0.5543752715383248,0.45002450993279985,0.47606178748006855,0.6378507713467985,0.6410480116433593,-16.136254401131406
parent_human_capital,low h,0.8,2,0.5679647500714233,0.8,0.5544231975169764,0.44997698425312715,0.47594200267375175,0.6387818931927305,0.6419838007569668,-16.11852866167004
parent_human_capital,low h,0.8,2,0.5705791108838415,0.8,0.5543157874506617,0.450083548397367,0.4762105377261571,0.6399049581457634,0.6431124950965033,-16.100449792392652
parent_human_capital,low h,0.8,2,0.5732520992661372,0.8,0.5545581010735028,0.44984313934809306,0.47560472562081396,0.6406601175428052,0.6438714397457749,-16.08204716744563
parent_human_capital,low h,0.8,2,0.5759844254414287,0.8,0.5544188915717454,0.4499812357115953,0.47595273682418693,0.6418588305228505,0.6450761612996371,-16.06331789088138
parent_human_capital,low h,0.8,2,0.578776817493336,0.8,0.5544591376265942,0.44994132308956014,0.4758521428848208,0.6428784690155621,0.6461009107515625,-16.044225412904236
parent_human_capital,low h,0.8,2,0.5816300216884137,0.8,0.5544234887463384,0.44997667764892124,0.4759412478588306,0.6440029527751395,0.6472310310094409,-16.024809134067503
parent_human_capital,low h,0.8,2,0.5845448028075416,0.8,0.5545514447315006,0.44984974170150915,0.47562136472118144,0.6449654689661936,0.64819837183298,-16.005067220766406
parent_human_capital,low h,0.8,2,0.5875219444864789,0.8,0.5544356397206678,0.4499646404839231,0.47591089669102393,0.6462207275439429,0.6494599224205342,-15.984980810763686
parent_human_capital,low h,0.8,2,0.5905622495657936,0.8,0.5543925067525854,0.45000741423897106,0.4760187035767389,0.6474157716056406,0.6506609566655192,-15.964539348358283
parent_human_capital,low h,0.8,2,0.5936665404503856,0.8,0.5544377354482213,0.4499625531294715,0.47590564488353965,0.6485328818090661,0.6517836664071415,-15.943749257490854
parent_human_capital,low h,0.8,2,0.5968356594788269,0.8,0.554545734797213,0.44985541884052954,0.4756356584896676,0.6496004490625529,0.6528565848637553,-15.92265371506549
parent_human_capital,low h,0.8,2,0.600070469302753,0.8,0.5544945866208828,0.44990615532113026,0.47576352022466645,0.6508678125744827,0.654130301061725,-15.901207711010102
parent_human_capital,low h,0.8,2,0.6033718532765401,0.8,0.5543621948384045,0.45003748812347355,0.4760944872042876,0.6522481758387154,0.6555175834256133,-15.879385329760328
parent_human_capital,low h,0.8,2,0.6067407158575169,0.8,0.5547768827431193,0.4496260803473897,0.47505775074213397,0.6530334863436977,0.656306830315883,-15.857225793407146
parent_human_capital,low h,0.8,2,0.6101779830169621,0.8,0.5546130896769058,0.4497885832282826,0.47546724816425756,0.6544926461950371,0.6577733042364143,-15.834767419913387
parent_human_capital,low h,0.8,2,0.6136846026621482,0.8,0.5544470592121784,0.44995330471805134,0.4758823375215153,0.6559766742107933,0.6592647709735555,-15.811920275741848
parent_human_capital,low h,0.8,2,0.6172615450697004,0.8,0.5545935978981624,0.4498079416263445,0.4755160098408706,0.65712910421348,0.6604229775556697,-15.788709867415946
parent_human_capital,low h,0.8,2,0.6209098033305457,0.8,0.5547122175588709,0.44969024972022226,0.47521944001810523,0.6583347870929733,0.6616347039457463,-15.765188134890163
parent_human_capital,low h,0.8,2,0.6246303938067362,0.8,0.5546543981091476,0.4497476228776881,0.4753640076819168,0.6597630588353882,0.663070134930063,-15.741317299536147
parent_human_capital,low h,0.8,2,0.6284243566004422,0.8,0.5544781871664829,0.44992242106229735,0.47580451347971076,0.6613488623419241,0.6646638873097541,-15.71706916428219
parent_human_capital,low h,0.8,2,0.6322927560354111,0.8,0.5545918952887432,0.44980961670535435,0.4755202451697527,0.6626272772643144,0.6659487103136098,-15.692477548810972
parent_human_capital,low h,0.8,2,0.6362366811512086,0.8,0.5547332120266643,0.44966941884536177,0.4751669492675227,0.6638964967497638,0.6672242917882053,-15.66754494354715
parent_human_capital,low h,0.8,2,0.6402572462105554,0.8,0.5545497519136957,0.4498514554740982,0.47562564876314073,0.6655601416656034,0.6688962757588881,-15.64224749377371
parent_human_capital,low h,0.8,2,0.6443555912200942,0.8,0.5547755934471772,0.449627379143648,0.47506100381801875,0.6667781585532422,0.6701203979815833,-15.61659911194079
parent_human_capital,low h,0.8,2,0.6485328824649206,0.8,0.5545889277647512,0.449812564997434,0.475527670511369,0.6684927881017144,0.6718436221464335,-15.590592759766476
parent_human_capital,low h,0.8,2,0.652790313057229,0.8,0.5547172604658375,0.4496852642084199,0.4752068590172936,0.6698691116552747,0.6732268445505153,-15.564214215718302
parent_human_capital,low h,0.8,2,0.6571291034994325,0.8,0.5548296157286589,0.4495737869318125,0.4749259501122417,0.6712870578057164,0.6746518981856136,-15.537508226370448
parent_human_capital,low h,0.8,2,0.6615505022621248,0.8,0.554634296635091,0.44976755849147154,0.4754142518040141,0.6730841870952073,0.676458035623155,-15.510428762954017
parent_human_capital,low h,0.8,2,0.6660557863772645,0.8,0.5547469202688508,0.4496558361865368,0.47513270404519303,0.67454975577004,0.6779309504915412,-15.48296152653305
parent_human_capital,low h,0.8,2,0.6706462620469753,0.8,0.5548681712129326,0.4495355325458594,0.47482955399640664,0.6760291590299512,0.6794177692911522,-15.455169257941119
parent_human_capital,low h,0.8,2,0.6753232652683625,0.8,0.5547902223490025,0.4496128783414466,0.47502444970326463,0.6777642926101408,0.6811616002646064,-15.427013159984456
parent_human_capital,low h,0.8,2,0.6800881624747613,0.8,0.5545845052221904,0.44981697059262576,0.4755387543138597,0.6796733803253915,0.6830802573218522,-15.398450497457368
parent_human_capital,low h,0.8,2,0.6849423511938463,0.8,0.554911885066752,0.44949216846469897,0.4747202736518727,0.6809862270338527,0.6843996847018248,-15.369553592877864
parent_human_capital,low h,0.8,2,0.6898872607230374,0.8,0.5548069167605028,0.44959629892505437,0.47498268721417963,0.68282853219197,0.6862512244529767,-15.340312416358259
parent_human_capital,low h,0.8,2,0.6949243528226603,0.8,0.5545941433475406,0.44980738395443987,0.4755146211915725,0.6848231041080344,0.6882557942023757,-15.310636924302695
parent_human_capital,low h,0.8,2,0.7000551224273222,0.8,0.555008064544744,0.44939675766552994,0.4744798330455372,0.6861083844629721,0.6895475170519026,-15.280649016920751
parent_human_capital,low h,0.8,2,0.7052810983759861,0.8,0.55478985152421,0.44961324755317883,0.4750253787761965,0.6881617224033091,0.691611147391497,-15.250281855082724
parent_human_capital,low h,0.8,2,0.7106038441612367,0.8,0.5548725780275604,0.4495311656442469,0.4748185444265408,0.6898872604104612,0.6933453346939039,-15.219503189018322
parent_human_capital,low h,0.8,2,0.7160249586982449,0.8,0.5550020160658651,0.44940275825168396,0.47449495441068107,0.6915835543416786,0.6950501313338351,-15.188392906219962
parent_human_capital,low h,0.8,2,0.7215460771139571,0.8,0.5549058911243093,0.44949812225460656,0.47473526972465574,0.6935731807787286,0.6970497308149032,-15.156901750423252
parent_human_capital,low h,0.8,2,0.7271688715570458,0.8,0.5550122149435153,0.44939263309135574,0.4744694462906147,0.6953497553556452,0.698835210508945,-15.125010504814707
parent_human_capital,low h,0.8,2,0.7328950520291776,0.8,0.5549817488976723,0.4494228594433406,0.4745456145806588,0.6973157975924114,0.7008111075734332,-15.092752121283443
parent_human_capital,low h,0.8,2,0.7387263672381705,0.8,0.5548769222581039,0.44952685157825234,0.4748076773282136,0.6993981379055239,0.7029038856608015,-15.060125996912323
parent_human_capital,low h,0.8,2,0.7446646054736273,0.8,0.5550833364769137,0.44932209058215444,0.47429166448330395,0.701136570147579,0.7046510318307327,-15.027103818689655
parent_human_capital,low h,0.8,2,0.7507115955056528,0.8,0.5549398677635005,0.44946441719106695,0.47465033102939275,0.7033212188225951,0.7068466311028028,-14.993702914424516
parent_human_capital,low h,0.8,2,0.7568692075072764,0.8,0.5550076467180072,0.4493971780436389,0.4744808864839749,0.7052810982634922,0.7088163344802791,-14.959898607100893
parent_human_capital,low h,0.8,2,0.7631393540012239,0.8,0.5550467257047529,0.44935839323821064,0.47438316487142157,0.7073036549583895,0.7108490292827991,-14.925768416656215
parent_human_capital,low h,0.8,2,0.7695239908317001,0.8,0.5550174434597777,0.4493874362370816,0.4744563601306897,0.7094373230580773,0.7129933924383435,-14.891172304992839
parent_human_capital,low h,0.8,2,0.7760251181618615,0.8,0.55523418771692,0.4491724090543229,0.4739144947732162,0.7113024481926332,0.7148678665515419,-14.856251252401556
parent_human_capital,low h,0.8,2,0.7826447814976824,0.8,0.5549819715885563,0.4494226541402403,0.474545081471487,0.7137647316297155,0.7173424922357143,-14.820921526847116
parent_human_capital,low h,0.8,2,0.7893850727389358,0.8,0.5550847327682579,0.4493206877839016,0.4742881471610013,0.7158264037673532,0.719414498547947,-14.785151839390343
parent_human_capital,low h,0.8,2,0.7962481312580323,0.8,0.5551594951909147,0.44924652283592387,0.4741012473370023,0.7179515647220771,0.7215503119162862,-14.749072907987962
parent_human_capital,low h,0.8,2,0.8032361450074849,0.8,0.555041101086875,0.44936399362766594,0.4743972572781559,0.7203426747155768,0.7239534073985053,-14.712549629068171
parent_human_capital,low h,0.8,2,0.8103513516567865,0.8,0.5553047191220128,0.44910243835906505,0.47373816767689353,0.7222968723298475,0.725917400469081,-14.675607389511137
parent_human_capital,low h,0.8,2,0.8175960397595149,0.8,0.5552119714798509,0.4491944532356159,0.47397004181240043,0.7247183033473318,0.72835096896005,-14.638335908485155
parent_human_capital,low h,0.8,2,0.8249725499515008,0.8,0.5551213828647057,0.4492843366623578,0.47419653416877927,0.7271688710920211,0.730813820226677,-14.600575859384264
parent_human_capital,low h,0.8,2,0.8324832761809209,0.8,0.555347733306664,0.44905978441729166,0.473630660732281,0.7292600383772994,0.7329154695315933,-14.562489998984965
parent_human_capital,low h,0.8,2,0.8401306669712053,0.8,0.5551058689964343,0.44929972565461684,0.47423531619334663,0.7319615986744145,0.7356305714560506,-14.523970249946146
parent_human_capital,low h,0.8,2,0.8479172267176741,0.8,0.5553170446250424,0.4490902258442852,0.4737073768515169,0.734134343068568,0.7378142067768019,-14.485040111150056
parent_human_capital,low h,0.8,2,0.8558455170188431,0.8,0.5552328447016519,0.449173744874919,0.4739178575492258,0.7367060929322162,0.7403988475902868,-14.445717006555729
parent_human_capital,low h,0.8,2,0.8639181580433734,0.8,0.5554735690920705,0.4489349482971286,0.473316072733188,0.7389055195596594,0.7426092988895789,-14.405961320484394
parent_human_capital,low h,0.8,2,0.8721378299336601,0.8,0.5552480561421861,0.44915867392801556,0.47387985883697337,0.7417205775131337,0.7454384673797653,-14.365812821219013
parent_human_capital,low h,0.8,2,0.8805072742470966,0.8,0.5552500238053275,0.4491567107569689,0.4738749228592094,0.7442851139586195,0.7480158586176788,-14.325246410314438
parent_human_capital,low h,0.8,2,0.88902929543607,0.8,0.5553377562977095,0.449069674321201,0.47365559127594636,0.746775671364306,0.7505188999943129,-14.284285691089167
parent_human_capital,low h,0.8,2,0.8977067623677852,0.8,0.5554103754971192,0.44899763375201285,0.4734740467359243,0.7493190815233786,0.7530750590498618,-14.242879551870766
parent_human_capital,low h,0.8,2,0.9065426098850453,0.8,0.5554514584606141,0.4489568814054076,0.4733713462243623,0.7519367004767443,0.7557057988728333,-14.201070620172933
parent_human_capital,low h,0.8,2,0.9155398404091444,0.8,0.5553379233063196,0.44906951748358837,0.4736551871288661,0.7547856393443783,0.7585690181059683,-14.158841533399023
parent_human_capital,low h,0.8,2,0.9247015255860773,0.8,0.5556047277805531,0.44880482880121786,0.47298817336688836,0.7571862925464321,0.7609817046322737,-14.116163797701635
parent_human_capital,low h,0.8,2,0.9340308079772923,0.8,0.5554731435598281,0.4489353589033291,0.47331711910200563,0.7601301748149664,0.7639403431720867,-14.073121308573011
parent_human_capital,low h,0.8,2,0.9435309027962627,0.8,0.5553837150973632,0.4490240818592564,0.4735406966738326,0.7630573534172049,0.766882194318128,-14.029556531961646
parent_human_capital,low h,0.8,2,0.9532050996921831,0.8,0.555590449680416,0.4488189947151359,0.4730238703288694,0.765641218215443,0.7694790107925651,-13.985689914595804
parent_human_capital,low h,0.8,2,0.9630567645821445,0.8,0.5554122159862657,0.4489958159774291,0.4734694577716071,0.7687572247639896,0.7726106363889345,-13.941275104190453
parent_human_capital,low h,0.8,2,0.9730893415331738,0.8,0.5557176080073802,0.4486928412865455,0.4727059680178767,0.7712865346992412,0.7751526245429965,-13.896520774430781
parent_human_capital,low h,0.8,2,0.9833063546955787,0.8,0.5555598192120746,0.4488493920467721,0.47310046156264474,0.7744527523998809,0.7783347129759061,-13.851279214920933
parent_human_capital,low h,0.8,2,0.9937114102890687,0.8,0.5558382333965055,0.4485731649963186,0.47240439207792817,0.7770906513331355,0.7809858344325884,-13.805598924237337
parent_human_capital,low h,0.8,2,1.0043081986431819,0.8,0.5556799096851636,0.44873022599461,0.4728001920186867,0.7803359351231136,0.7842473852752585,-13.759525667730333
parent_human_capital,low h,0.8,2,1.0151004962935855,0.8,0.5557201900956401,0.44869028071836703,0.47269951435053104,0.7833616536749832,0.787288270304484,-13.712956245193926
parent_human_capital,low h,0.8,2,1.0260921681358672,0.8,0.5557934817922343,0.44861756703412986,0.47251627956337017,0.7863835266185011,0.7903252904491658,-13.665995994593752
parent_human_capital,low h,0.8,2,1.037287169638491,0.8,0.5558319360326789,0.44857942539043205,0.4724201551576544,0.7894911423403307,0.793448483159624,-13.61854107724375
parent_human_capital,low h,0.8,2,1.0486895491166357,0.8,0.5558861060037598,0.44852567634098395,0.4722847166238079,0.7926184877907837,0.7965915044943819,-13.570677182408655
parent_human_capital,low h,0.8,2,1.0603034500686892,0.8,0.5555928136253596,0.44881663945005773,0.47301794522312784,0.7962481300665727,0.8002393404277904,-13.522336898043108
parent_human_capital,low h,0.8,2,1.0721331135772334,0.8,0.5557684125081581,0.448642436993339,0.47257895222577045,0.7992976211758844,0.8033041171748984,-13.473581146872451
parent_human_capital,low h,0.8,2,1.0841828807763967,0.8,0.5556814613240101,0.4487287033830825,0.4727963381912107,0.8027388443966235,0.8067625895988131,-13.424335411953724
parent_human_capital,low h,0.8,2,1.0964571953875313,0.8,0.5558659932621755,0.4485456446089751,0.4723350213865949,0.8058596676100177,0.809899056003663,-13.3746797084373
parent_human_capital,low h,0.8,2,1.1089606063252093,0.8,0.5557432091502261,0.448667433836842,0.472641950811079,0.8094358331570454,0.8134931471550918,-13.32450010854766
parent_human_capital,low h,0.8,2,1.1216977703756155,0.8,0.555977020879413,0.44843547923901683,0.47205742372998055,0.81257550423204,0.8166485558968414,-13.27393859834596
parent_human_capital,low h,0.8,2,1.1346734549494641,0.8,0.5559206204365692,0.44849144959822973,0.47219845135595423,0.8161509084468015,0.8202418818998103,-13.222819308590996
parent_human_capital,low h,0.8,2,1.147892540911644,0.8,0.5560654730653827,0.44834773433310315,0.47183630124626946,0.8194980936140626,0.8236058449025426,-13.171337713124876
parent_human_capital,low h,0.8,2,1.1613600254898573,0.8,0.5558792627563828,0.4485324584143119,0.4723018143660568,0.8233415539283498,0.8274685706418273,-13.119304433781128
parent_human_capital,low h,0.8,2,1.1750810252645967,0.8,0.5561152720443981,0.4482983309722095,0.4717118043855827,0.8266545515004184,0.8307981746833332,-13.066862795613476
parent_human_capital,low h,0.8,2,1.189060779242872,0.8,0.5559584808474983,0.44845387642999285,0.47210378031465094,0.8305522080967475,0.834715368364654,-13.013915772620331
parent_human_capital,low h,0.8,2,1.2033046520181812,0.8,0.5562116247925948,0.4482027589652975,0.47147094676293516,0.8339330133626747,0.8381131199874984,-12.960497665487049
parent_human_capital,low h,0.8,2,1.217818137019287,0.8,0.55603219746848,0.44838075650968534,0.47191950637416447,0.8379585814616127,0.8421588663305033,-12.906619108848695
parent_human_capital,low h,0.8,2,1.2326068598504607,0.8,0.5562826865335269,0.4481322295664872,0.47129324457100186,0.8414367180554322,0.8456544371565511,-12.85221735092705
parent_human_capital,low h,0.8,2,1.247676581725918,0.8,0.5560859102475204,0.4483274594609061,0.4717852084573697,0.8455859169856347,0.849824434032941,-12.797401814737494
parent_human_capital,low h,0.8,2,1.2630332030012734,0.8,0.5562506435206694,0.4481640313656175,0.4713733719041443,0.8492805308583277,0.8535375672347383,-12.742001914475365
parent_human_capital,low h,0.8,2,1.2786827668049243,0.8,0.5561490651288263,0.44826480562858173,0.4716273209815894,0.8533985042221786,0.857676182025974,-12.686242627268559
parent_human_capital,low h,0.8,2,1.294631462772364,0.8,0.5563782710075493,0.4480374276055996,0.4710543195321173,0.8571017363102102,0.8613979766420939,-12.62987502415553
parent_human_capital,low h,0.8,2,1.31088563088653,0.8,0.5562066616350724,0.4482076633574045,0.4714833253613234,0.8614225026948898,0.8657404009584055,-12.573115346289374
parent_human_capital,low h,0.8,2,1.3274517654273796,0.8,0.5564030233136471,0.44801286695148546,0.470992431516999,0.8652741144336761,0.8696113189813747,-12.5157788896147
parent_human_capital,low h,0.8,2,1.3443365190339982,0.8,0.556278639400143,0.4481362528395558,0.47130337489326546,0.8696350202517169,0.8739940839307943,-12.458003379073258
parent_human_capital,low h,0.8,2,1.3615467068826452,0.8,0.5564540541805236,0.4479622344728793,0.4708648443424699,0.8736213126028853,0.8780003576555246,-12.399691025700658
parent_human_capital,low h,0.8,2,1.3790893109842512,0.8,0.5563244445973149,0.4480908242862432,0.47118888172348494,0.8780995644441274,0.8825010568275345,-12.340881437321652
parent_human_capital,low h,0.8,2,1.3969714846049992,0.8,0.5565195091937765,0.44789730379428305,0.47070121414317945,0.8821652978832824,0.8865871698403621,-12.281587591811574
parent_human_capital,low h,0.8,2,1.4152005568137338,0.8,0.556554429556764,0.4478626735163477,0.47061393279995356,0.8865174389135815,0.8909611260683586,-12.221742689904513
parent_human_capital,low h,0.8,2,1.4337840371600625,0.8,0.5565590655374733,0.447858066988186,0.47060233174866406,0.890970247189886,0.8954362541390312,-12.161443251019206
parent_human_capital,low h,0.8,2,1.4527296204871472,0.8,0.5565777726362027,0.4478394971483174,0.47055554705205327,0.895460110581333,0.8999486230643836,-12.10056619576875
parent_human_capital,low h,0.8,2,1.4720451918832933,0.8,0.556591941409125,0.4478254483467849,0.4705201364912138,0.900014940989432,0.9045262846549141,-12.03923354950307
parent_human_capital,low h,0.8,2,1.4917388317766058,0.8,0.556608017325969,0.4478094989817321,0.47047994513441005,0.9046260831425891,0.9091605402542997,-11.977319068666258
parent_human_capital,low h,0.8,2,1.5118188211770927,0.8,0.5566408350868588,0.4477769446170986,0.47039790517419416,0.9092723367319623,0.9138300832867076,-11.914940038696352
parent_human_capital,low h,0.8,2,1.5322936470707536,0.8,0.5565111711408129,0.4479055758249308,0.4707220595064824,0.9142209799017642,0.9188035316336239,-11.851971990938099
parent_human_capital,low h,0.8,2,1.5531720079703377,0.8,0.5568587864143999,0.447560734081226,0.46985304351641394,0.9185195252572608,0.92312362353738,-11.788558688284338
parent_human_capital,low h,0.8,2,1.5744628196276003,0.8,0.5564236085332801,0.44799243794256494,0.470940957635878,0.9240515847925831,0.9286834126365185,-11.72451225629775
parent_human_capital,low h,0.8,2,1.5961752209120554,0.8,0.556877979179772,0.4475416708462203,0.46980502713971317,0.9283115582891676,0.9329647393391151,-11.66005069973263
parent_human_capital,low h,0.8,2,1.618318579861377,0.8,0.556434861921122,0.4479812748255857,0.4709128256151637,0.9339891461976711,0.9386707862754412,-11.594899858331981
parent_human_capital,low h,0.8,2,1.6409024999087747,0.8,0.5568756120202408,0.44754402341040944,0.46981095137629836,0.9383936391824799,0.9430973568732114,-11.529387680774505
parent_human_capital,low h,0.8,2,1.6639368262928396,0.8,0.5568762123827533,0.4475434260132777,0.46980944774932265,0.9435309020590728,0.9482603703871334,-11.463139200805543
parent_human_capital,low h,0.8,2,1.6874316526555453,0.8,0.556879625641312,0.44754004693358723,0.4698009253222719,0.9487310531287014,0.9534865873224706,-11.396541060381907
parent_human_capital,low h,0.8,2,1.7113973278342638,0.8,0.5571039592196576,0.44731749218301664,0.4692400889610635,0.9536585177462934,0.9584387509592422,-11.329226296095861
parent_human_capital,low h,0.8,2,1.7358444628538618,0.8,0.5568995104162635,0.4475203095518847,0.46975119762618606,0.9593164473258757,0.9641250410288632,-11.261480036371887
parent_human_capital,low h,0.8,2,1.7607839381251333,0.8,0.5570979868972114,0.447323407279345,0.4692550049091583,0.9644201880043936,0.9692543643139931,-11.19309189904664
parent_human_capital,low h,0.8,2,1.7862269108560356,0.8,0.557100671096986,0.4473207612213409,0.4692483198696814,0.9698984415884153,0.9747600777583779,-11.124193029203624
parent_human_capital,low h,0.8,2,1.8121848226824113,0.8,0.5571128920086413,0.4473086483384255,0.469217784279058,0.9754338412001035,0.9803232236760847,-11.05470434572553
parent_human_capital,low h,0.8,2,1.8386694075250942,0.8,0.5570859068369137,0.44733542323128517,0.46928525308878954,0.9811041720792393,0.9860219772070319,-10.98467181992975
parent_human_capital,low h,0.8,2,1.8656926996805347,0.8,0.5570959492892653,0.4473254559402174,0.4692601400923433,0.986790469468856,0.9917367772809267,-10.914040620957074
parent_human_capital,low h,0.8,2,1.8932670421523103,0.8,0.5570890814030972,0.44733224945469496,0.4692772797724015,0.992578937772353,0.9975542604025393,-10.84285510272177
parent_human_capital,low h,0.8,2,1.921405095231136,0.8,0.5572862210053455,0.44713666449058254,0.4687844157044152,0.9981173676565589,1.003120451782068,-10.771075408089496
parent_human_capital,low h,0.8,2,1.9501198453312445,0.8,0.5571242548357702,0.44729735126613296,0.46918934027862297,1.0043081985846143,1.0093423143792875,-10.698716543192392
parent_human_capital,low h,0.8,2,1.979424614091259,0.8,0.5572802743181784,0.44714256981500244,0.46879929124210534,1.0100662382522834,1.0151292163408998,-10.625813040423493
parent_human_capital,low h,0.8,2,2.009333067747975,0.8,0.5574871862667093,0.44693730295097006,0.4682820157951574,1.015818962010369,1.020910775746821,-10.552274276400844
parent_human_capital,low h,0.8,2,2.0398592267917226,0.8,0.5572441670743066,0.4471783992573317,0.46888957260277897,1.0223843488621451,1.0275090717371418,-10.478185147078984
parent_human_capital,low h,0.8,2,2.071017475912293,0.8,0.5576935944613522,0.4467325348838529,0.46776599828303345,1.0278993913124663,1.0330517584527859,-10.403478052334876
parent_human_capital,low h,0.8,2,2.1028225742447084,0.8,0.5573851716373661,0.4470385107024341,0.4685370565447142,1.034741062487036,1.039927723646831,-10.328156693314043
parent_human_capital,low h,0.8,2,2.135289665924415,0.8,0.557648899693562,0.4467768672431185,0.46787772357803337,1.0407239126446075,1.0459405629656162,-10.252319649076561
parent_human_capital,low h,0.8,2,2.168434290961828,0.8,0.5574060296660045,0.4470178137828869,0.4684849047737206,1.0476327329830464,1.0528840139101152,-10.175717321806736
parent_human_capital,low h,0.8,2,2.2022723964464688,0.8,0.5575976957128889,0.44682767070137597,0.46800574238759174,1.053905335080928,1.059188057556855,-10.098714824751248
parent_human_capital,low h,0.8,2,2.23682034809129,0.8,0.5577655257324774,0.44666117283149187,0.46758616758873833,1.0603034485746423,1.0656182417279174,-10.020862284578492
parent_human_capital,low h,0.8,2,2.2720949421281498,0.8,0.5575637694505068,0.4468613202284086,0.46809054673484696,1.0674143709498884,1.0727648077498992,-9.942637095941869
parent_human_capital,low h,0.8,2,2.308113417565749,0.8,0.557989686290145,0.44643880320261137,0.4670257841522034,1.0735522710172323,1.0789334741693635,-9.86361644474237
parent_human_capital,low h,0.8,2,2.344893468821764,0.8,0.5577231584117914,0.4467032125332056,0.4676920989384157,1.080960225506321,1.0863785611848544,-9.784051961370338
parent_human_capital,low h,0.8,2,2.382453258741261,0.8,0.557947830193106,0.44648031248485,0.46713040228398733,1.0876224509315662,1.0930741811540134,-9.703860341322784
parent_human_capital,low h,0.8,2,2.4208114320139376,0.8,0.557679088806589,0.44674692024290985,0.46780225460069086,1.0952295021215164,1.1007193628467318,-9.622984001490629
parent_human_capital,low h,0.8,2,2.4599871290031343,0.8,0.5578731555947279,0.44655439631313243,0.46731709163072843,1.10213450593665,1.1076589781375235,-9.54154369643432
parent_human_capital,low h,0.8,2,2.5,0.8,0.558085456412623,0.4463437659853048,0.46678631775715784,1.1091026951030034,1.1146620954974253,-9.45936923397243
parent_human_capital,low h,0.8,3,0.5,0.8,0.4722603767276483,0.5722279201382241,0.8253490590212509,0.7627845382019988,0.7666080116109648,-16.641330043191594
parent_human_capital,low h,0.8,3,0.5000203210855501,0.8,0.47226062568529203,0.5722276778107859,0.8253484087693693,0.762794295910155,0.766617818229837,-16.640843754862185
parent_human_capital,low h,0.8,3,0.5000812892976928,0.8,0.4722614275410817,0.5722269764116594,0.8253464453966264,0.7628235659730169,0.7666472350094993,-16.63938487362357
parent_human_capital,low h,0.8,3,0.5001829195049198,0.8,0.4722627074351591,0.5722258001295648,0.8253432175794002,0.7628723676411984,0.7666962812970605,-16.63695335071727
parent_human_capital,low h,0.8,3,0.5003252364947652,0.8,0.4722645478098081,0.5722241462636131,0.8253386384027351,0.7629406777756332,0.7667649338374692,-16.633549104890825
parent_human_capital,low h,0.8,3,0.5005082749838822,0.8,0.4722668754764885,0.572222030625084,0.8253328072386505,0.7630285366312707,0.7668532330874531,-16.629172022369893
parent_human_capital,low h,0.8,3,0.500732079632158,0.8,0.47226973299014685,0.5722194330325676,0.8253256481117852,0.7631359290063187,0.7669611637690213,-16.623821956883354
parent_human_capital,low h,0.8,3,0.5009967050608752,0.8,0.4722731289436424,0.572216376368363,0.8253171903223666,0.7632628764750745,0.7670887475646123,-16.617498729637024
parent_human_capital,low h,0.8,3,0.5013022158749305,0.8,0.4722770200076112,0.5722128333800407,0.825307432069736,0.7634093925675858,0.7672359980720935,-16.610202129318736
parent_human_capital,low h,0.8,3,0.5016486866891229,0.8,0.47228145107013875,0.5722088242490108,0.825296361886223,0.7635754898149175,0.7674029278853423,-16.601931912090507
parent_human_capital,low h,0.8,3,0.502036202158526,0.8,0.472286392515638,0.572204341904254,0.8252839976778066,0.7637611925923288,0.7675895615017988,-16.592687801578208
parent_human_capital,low h,0.8,3,0.502464857012963,0.8,0.47229185211383207,0.5721993934167897,0.8252703433843717,0.7639665228729187,0.7677959210047033,-16.5824694888666
parent_human_capital,low h,0.8,3,0.5029347560956027,0.8,0.47229785509685085,0.5721939656762268,0.8252553520629808,0.7641914880774748,0.7680220138520398,-16.571276632493063
parent_human_capital,low h,0.8,3,0.5034460144056994,0.8,0.4723043638962091,0.5721880761630869,0.8252390902298626,0.7644361351604917,0.7682678872336636,-16.559108858424427
parent_human_capital,low h,0.8,3,0.5039987571454999,0.8,0.4723113873873057,0.5721817073968485,0.8252215200618753,0.7647004789438744,0.7685335560457746,-16.54596576006307
parent_human_capital,low h,0.8,3,0.5045931197713469,0.8,0.47231895181523287,0.5721748583458638,0.8252026136055175,0.7649845396954662,0.7688190406578091,-16.531846898225552
parent_human_capital,low h,0.8,3,0.5052292480490046,0.8,0.47232701728959303,0.5721675502231911,0.8251824458800112,0.7652883738179768,0.7691243977551965,-16.516751801122364
parent_human_capital,low h,0.8,3,0.5059072981132409,0.8,0.4723356255012674,0.5721597574456416,0.825160932828715,0.7656119875322467,0.7694496335899597,-16.500679964364533
parent_human_capital,low h,0.8,3,0.5066274365316988,0.8,0.4723447579705309,0.5721514968561435,0.8251381208232429,0.7659554322595774,0.7697947998411502,-16.48363085092558
parent_human_capital,low h,0.8,3,0.507389840373095,0.8,0.472354375513256,0.5721427586827882,0.8251140328654412,0.7663187539719107,0.7701599427111452,-16.465603891137842
parent_human_capital,low h,0.8,3,0.5081946972797818,0.8,0.47236456448689745,0.5721335472957061,0.8250885898347917,0.7667019671955366,0.7705450767990482,-16.446598482681694
parent_human_capital,low h,0.8,3,0.5090422055447187,0.8,0.4723752511313395,0.5721238680966751,0.8250618744367546,0.7671051420992229,0.7709502726253491,-16.426613990546688
parent_human_capital,low h,0.8,3,0.5099325741928927,0.8,0.47238646178128385,0.5721136971717482,0.8250338207351311,0.7675283020618974,0.7713755536861634,-16.40564974703744
parent_human_capital,low h,0.8,3,0.5108660230672385,0.8,0.4723982019328101,0.5721030715452635,0.8250044845461462,0.7679715129349497,0.771820986162962,-16.383705051732132
parent_human_capital,low h,0.8,3,0.5118427829191048,0.8,0.47241046346660254,0.5720919622955503,0.8249738260948286,0.7684348112807069,0.7722866068013414,-16.36077917147918
parent_human_capital,low h,0.8,3,0.5128630955033207,0.8,0.4724232619417017,0.5720803700602013,0.8249418308779917,0.7689182442906825,0.7727724630293635,-16.336871340365796
parent_human_capital,low h,0.8,3,0.5139272136779165,0.8,0.47243656620666297,0.5720683170839233,0.8249085668843139,0.7694218887591748,0.77327863202626,-16.311980759690986
parent_human_capital,low h,0.8,3,0.5150354015085564,0.8,0.4724504299524873,0.5720557723817492,0.8248739291116894,0.7699457665502221,0.7738051357656626,-16.28610659796175
parent_human_capital,low h,0.8,3,0.5161879343777439,0.8,0.472464797767121,0.5720427527966071,0.8248380008640603,0.7704899641862565,0.7743520612036993,-16.25924799084042
parent_human_capital,low h,0.8,3,0.5173850990988615,0.8,0.4724796898096826,0.572029259997738,0.8248007647465716,0.7710545372040891,0.7749194641555605,-16.231404041141673
parent_human_capital,low h,0.8,3,0.5186271940351138,0.8,0.4724951163468448,0.5720152808747514,0.8247621887817435,0.7716395386442786,0.7755073979276716,-16.202573818799312
parent_human_capital,low h,0.8,3,0.5199145292234401,0.8,0.4725110771089587,0.5720008214670183,0.8247222832404235,0.7722450379193977,0.7761159322805379,-16.172756360834587
parent_human_capital,low h,0.8,3,0.5212474265034702,0.8,0.4725275563820641,0.5719858986174668,0.824681091728461,0.7728711179126168,0.7767451505127825,-16.141950671328246
parent_human_capital,low h,0.8,3,0.5226262196515982,0.8,0.4725445622524629,0.571970495483169,0.8246385782676651,0.7735178374837072,0.777395111779213,-16.110155721400634
parent_human_capital,low h,0.8,3,0.5240512545202515,0.8,0.4725621130970623,0.5719546087256426,0.8245947189526017,0.7741852618921393,0.7780658816664145,-16.077370449173827
parent_human_capital,low h,0.8,3,0.5255228891824385,0.8,0.47258020162970693,0.5719382275413312,0.8245495031787375,0.7748734632347144,0.7787575326325747,-16.043593759740737
parent_human_capital,low h,0.8,3,0.5270414940816569,0.8,0.47259880486578254,0.5719213714740516,0.8245029862952469,0.7755825380261331,0.7794701616761763,-16.008824525128816
parent_human_capital,low h,0.8,3,0.5286074521872524,0.8,0.47261794067150675,0.5719040334527847,0.8244551387263048,0.7763125569774262,0.7802038398626905,-15.973061584279069
parent_human_capital,low h,0.8,3,0.5302211591553182,0.8,0.47263761378570557,0.5718862178476605,0.8244059629700202,0.7770636039589842,0.78095865148291,-15.936303743002831
parent_human_capital,low h,0.8,3,0.5318830234952302,0.8,0.4726578116913298,0.5718679246586792,0.8243554715434429,0.777835768693177,0.7817346867089399,-15.898549773948883
parent_human_capital,low h,0.8,3,0.5335934667419154,0.8,0.47267855853365537,0.5718491310035414,0.8243036024082092,0.7786291185066413,0.7825320132048931,-15.859798416574286
parent_human_capital,low h,0.8,3,0.5353529236339561,0.8,0.4726998135229241,0.5718298641346766,0.8242504414841003,0.7794437727141592,0.7833507508836194,-15.820048377090494
parent_human_capital,low h,0.8,3,0.537161842297634,0.8,0.4727216449064,0.5718101109416942,0.8241958988130456,0.7802797943747848,0.7841909631202577,-15.779298328450993
parent_human_capital,low h,0.8,3,0.5390206844370244,0.8,0.4727439763756771,0.5717898774639654,0.8241400607046496,0.7811373081230079,0.7850527751740307,-15.737546910285623
parent_human_capital,low h,0.8,3,0.5409299255302531,0.8,0.47276685797864193,0.5717691364490609,0.824082831981003,0.7820163803913619,0.785936253810467,-15.694792728889034
parent_human_capital,low h,0.8,3,0.5428900550320312,0.8,0.47279029254621086,0.5717479205511883,0.8240242638865569,0.7829171293061765,0.7868415177480061,-15.651034357154971
parent_human_capital,low h,0.8,3,0.5449015765825912,0.8,0.4728142532819477,0.571726222699328,0.8239643715081395,0.7838396635478043,0.7877686762117637,-15.606270334549583
parent_human_capital,low h,0.8,3,0.5469650082231464,0.8,0.4728387386298818,0.5717040287514418,0.8239031329825057,0.7847840820489979,0.7887178286303944,-15.56049916706933
parent_human_capital,low h,0.8,3,0.5490808826180046,0.8,0.4728637878094384,0.5716813501486789,0.823840528036774,0.7857504869428861,0.7896890776489719,-15.513719327195382
parent_human_capital,low h,0.8,3,0.5512497472834679,0.8,0.4728893721763414,0.5716581852217983,0.8237765825509566,0.7867389986220348,0.7906825442635322,-15.465929253846305
parent_human_capital,low h,0.8,3,0.5534721648236569,0.8,0.4729155056809218,0.5716345100568528,0.8237112429732265,0.7877497134343784,0.7916983253049554,-15.417127352343217
parent_human_capital,low h,0.8,3,0.5557487131734017,0.8,0.4729421512945219,0.5716103616781802,0.8236446076445444,0.7887827817721454,0.7927365719193148,-15.367311994346585
parent_human_capital,low h,0.8,3,0.5580799858483445,0.8,0.4729693576247145,0.5715857111641103,0.8235765800630521,0.7898382910222664,0.7937973719315694,-15.31648151783672
parent_human_capital,low h,0.8,3,0.5604665922024078,0.8,0.4729971318517556,0.571560564554014,0.8235071630496917,0.7909163649045428,0.7948808496816685,-15.264634227043953
parent_human_capital,low h,0.8,3,0.5629091576927818,0.8,0.4730254309762998,0.5715349305881522,0.8234364140776802,0.7920171485351372,0.7959871510131729,-15.211768392403842
parent_human_capital,low h,0.8,3,0.5654083241525933,0.8,0.47305427926961174,0.5715087988570229,0.823364291637618,0.7931407563799484,0.7971163909657439,-15.157882250520608
parent_human_capital,low h,0.8,3,0.5679647500714233,0.8,0.4730836772607312,0.5714821710298674,0.8232907979647293,0.7942873206240089,0.7982687023869944,-15.102974004106155
parent_human_capital,low h,0.8,3,0.5705791108838415,0.8,0.47311362990572925,0.5714550427365555,0.8232159208660066,0.7954569714818724,0.7994442161441814,-15.047041821934252
parent_human_capital,low h,0.8,3,0.5732520992661372,0.8,0.47314412620422774,0.5714274254182368,0.8231396902883723,0.7966498564848791,0.8006430805081485,-14.990083838784631
parent_human_capital,low h,0.8,3,0.5759844254414287,0.8,0.47317515738543303,0.571399300562742,0.8230620843464678,0.7978661085226391,0.801865429034618,-14.932098155398325
parent_human_capital,low h,0.8,3,0.578776817493336,0.8,0.4732067756151318,0.5713706796112215,0.8229830698210508,0.799105859605676,0.8031113943958192,-14.873082838421485
parent_human_capital,low h,0.8,3,0.5816300216884137,0.8,0.47323891482153324,0.5713415511225247,0.8229026938373676,0.800369272253318,0.8043811399257115,-14.813035920344525
parent_human_capital,low h,0.8,3,0.5845448028075416,0.8,0.47327163301746167,0.5713119265378019,0.8228209173291384,0.8016564826276006,0.8056748024688456,-14.751955399460464
parent_human_capital,low h,0.8,3,0.5875219444864789,0.8,0.47330488895857026,0.5712817971167923,0.8227377670668377,0.802967652551376,0.8069925446592141,-14.689839239797752
parent_human_capital,low h,0.8,3,0.5905622495657936,0.8,0.4733387109344098,0.571251160158607,0.8226532102882433,0.8043029266056061,0.808334511802494,-14.626685371073883
parent_human_capital,low h,0.8,3,0.5936665404503856,0.8,0.4733730865088348,0.571220020033376,0.8225672666664359,0.8056624705643447,0.8097008705036851,-14.562491688629748
parent_human_capital,low h,0.8,3,0.5968356594788269,0.8,0.4734080323988663,0.5711883750718583,0.8224799167201309,0.8070464399865475,0.8110917771014855,-14.497256053379118
parent_human_capital,low h,0.8,3,0.600070469302753,0.8,0.47344352642068266,0.5711562225731648,0.822391178160478,0.8084550065143489,0.8125074040983894,-14.430976291743992
parent_human_capital,low h,0.8,3,0.6033718532765401,0.8,0.47347958786896027,0.5711235554662761,0.8223010199831929,0.8098883283028726,0.8139479104422763,-14.36365019560238
parent_human_capital,low h,0.8,3,0.6067407158575169,0.8,0.47351619705407333,0.5710903808222116,0.822209473587509,0.811346588412865,0.8154134801114884,-14.295275522219415
parent_human_capital,low h,0.8,3,0.6101779830169621,0.8,0.4735533989397307,0.5710567030111013,0.8221165012466531,0.8128299493975945,0.8169042764740958,-14.22584999419686
parent_human_capital,low h,0.8,3,0.6136846026621482,0.8,0.47359115105000216,0.5710225045524246,0.8220221164888128,0.8143385949763093,0.8184204841702434,-14.155371299402407
parent_human_capital,low h,0.8,3,0.6172615450697004,0.8,0.47362946502179937,0.5709878045959436,0.8219263393890832,0.8158727146602959,0.8199622936611468,-14.083837090910814
parent_human_capital,low h,0.8,3,0.6209098033305457,0.8,0.4736683481487771,0.570952572550746,0.8218291119952583,0.8174324743418904,0.8215298716706809,-14.011244986947439
parent_human_capital,low h,0.8,3,0.6246303938067362,0.8,0.4737078135910997,0.5709168400393922,0.8217304735141338,0.8190180772700051,0.8231234224665476,-13.93759257081133
parent_human_capital,low h,0.8,3,0.6284243566004422,0.8,0.47374784209615317,0.5708805760769153,0.8216303918872185,0.8206297054826117,0.8247431289991874,-13.862877390823428
parent_human_capital,low h,0.8,3,0.6322927560354111,0.8,0.4737884412327624,0.5708438056089105,0.8215289008555933,0.8222675676527735,0.8263892009876421,-13.787096960251446
parent_human_capital,low h,0.8,3,0.6362366811512086,0.8,0.47382961291091197,0.5708065107608018,0.8214259689089759,0.8239318533514739,0.8280618289531233,-13.710248757253645
parent_human_capital,low h,0.8,3,0.6402572462105554,0.8,0.4738713656767757,0.5707686925642377,0.821321589209602,0.8256227645048454,0.8297612158339224,-13.632330224805965
parent_human_capital,low h,0.8,3,0.6443555912200942,0.8,0.47391368418415714,0.5707303483183286,0.821215772630995,0.827340513066373,0.8314875746459458,-13.55333877063508
parent_human_capital,low h,0.8,3,0.6485328824649206,0.8,0.4739565865488251,0.570691503606263,0.8211085434231464,0.8290853195936885,0.8332411270523751,-13.473271767151289
parent_human_capital,low h,0.8,3,0.652790313057229,0.8,0.4740000663110917,0.5706521099625534,0.8209998277868966,0.8308573739709902,0.8350220638892072,-13.392126551388037
parent_human_capital,low h,0.8,3,0.6571291034994325,0.8,0.4740441448580821,0.5706121831984794,0.8208896305185998,0.8326568976790553,0.8368306077473957,-13.309900424920059
parent_human_capital,low h,0.8,3,0.6615505022621248,0.8,0.4740887918840869,0.5705717488972297,0.8207780242897255,0.8344841402990795,0.8386670094591681,-13.22659065379392
parent_human_capital,low h,0.8,3,0.6660557863772645,0.8,0.47413402233239343,0.5705307814756158,0.8206649517912262,0.8363393094898828,0.8405314777242379,-13.14219446847303
parent_human_capital,low h,0.8,3,0.6706462620469753,0.8,0.4741798351833677,0.570489270524136,0.8205503968046015,0.8382226315138349,0.8424242399391201,-13.056709063753377
parent_human_capital,low h,0.8,3,0.6753232652683625,0.8,0.4742262319570476,0.5704472422635718,0.8204344012314273,0.8401343575047946,0.844345548496487,-12.970131598690887
parent_human_capital,low h,0.8,3,0.6800881624747613,0.8,0.47427323293756574,0.5704046852527738,0.8203169258410276,0.8420747139586624,0.8462956310275546,-12.882459196539754
parent_human_capital,low h,0.8,3,0.6849423511938463,0.8,0.4743208122168976,0.5703615776410903,0.820197960356748,0.8440439419332018,0.848274729798393,-12.793688944671217
parent_human_capital,low h,0.8,3,0.6898872607230374,0.8,0.4743689907795371,0.5703179439800621,0.8200775244514457,0.8460422975666098,0.8502831022310979,-12.70381789450025
parent_human_capital,low h,0.8,3,0.6949243528226603,0.8,0.4744177573030275,0.5702737657575201,0.8199555987914258,0.8480700274538163,0.8523209961566613,-12.612843061416747
parent_human_capital,low h,0.8,3,0.7000551224273222,0.8,0.47446713054941914,0.5702290456743532,0.8198321690873097,0.850127384439582,0.8543886656872336,-12.520761424707889
parent_human_capital,low h,0.8,3,0.7052810983759861,0.8,0.47451708395084924,0.5701837853998029,0.8197072646712242,0.8522146416291351,0.8564863852969881,-12.427569927479981
parent_human_capital,low h,0.8,3,0.7106038441612367,0.8,0.4745676603554626,0.5701379903356469,0.8195808516403688,0.8543320539561251,0.8586144111974351,-12.333265476591134
parent_human_capital,low h,0.8,3,0.7160249586982449,0.8,0.4746188289555193,0.5700916480090883,0.8194529401475308,0.8564798969122022,0.8607730202611323,-12.23784494256705
parent_human_capital,low h,0.8,3,0.7215460771139571,0.8,0.4746705825119699,0.570044752380755,0.8193235274305604,0.8586584460832216,0.8629624894553147,-12.14130515952858
parent_human_capital,low h,0.8,3,0.7271688715570458,0.8,0.4747229555336899,0.5699973148917972,0.8191925979271261,0.8608679772113962,0.8651830959043588,-12.043642925114892
parent_human_capital,low h,0.8,3,0.7328950520291776,0.8,0.47477592875561725,0.5699493328413254,0.8190601664296175,0.8631087819661286,0.8674351327396662,-11.944855000402384
parent_human_capital,low h,0.8,3,0.7387263672381705,0.8,0.4748295130817042,0.5699007877171709,0.8189261913779309,0.8653811364226394,0.86971887742029,-11.844938109833263
parent_human_capital,low h,0.8,3,0.7446646054736273,0.8,0.4748836999176048,0.5698517121735411,0.8187907354417793,0.8676853597786442,0.8720346507439315,-11.743888941125096
parent_human_capital,low h,0.8,3,0.7507115955056528,0.8,0.4749385108480454,0.5698020664852093,0.818653711251461,0.8700217214292512,0.8743827234560473,-11.641704145210465
parent_human_capital,low h,0.8,3,0.7568692075072764,0.8,0.4749939325056257,0.569751867495103,0.8185151600662647,0.8723905430513245,0.8767634188459135,-11.53838033613732
parent_human_capital,low h,0.8,3,0.7631393540012239,0.8,0.4750499756559039,0.5697011081322029,0.818375059411024,0.8747921282120181,0.8791770420023207,-11.43391409100289
parent_human_capital,low h,0.8,3,0.7695239908317001,0.8,0.47510662402272774,0.5696497944358805,0.8182334355630903,0.8772268038021056,0.8816239214545893,-11.328301949865649
parent_human_capital,low h,0.8,3,0.7760251181618615,0.8,0.47516389818126203,0.5695979072563735,0.8180902362352924,0.8796948731063703,0.8841043620077242,-11.22154041567363
parent_human_capital,low h,0.8,3,0.7826447814976824,0.8,0.4752217890252739,0.5695454657434442,0.8179455022458697,0.8821966793709541,0.8866187086283954,-11.113625954170885
parent_human_capital,low h,0.8,3,0.7893850727389358,0.8,0.4752803150373883,0.5694924638577212,0.8177992051109979,0.8847325457716061,0.8891672861122772,-11.004554993828165
parent_human_capital,low h,0.8,3,0.7962481312580323,0.8,0.47533945207522044,0.5694388972290743,0.8176513617361264,0.8873028180431309,0.8917504419271775,-10.894323925752627
parent_human_capital,low h,0.8,3,0.8032361450074849,0.8,0.4753992340530617,0.5693847506838166,0.8175019130793384,0.8899078193265897,0.8943685008339084,-10.782929103614528
parent_human_capital,low h,0.8,3,0.8103513516567865,0.8,0.47545964227736603,0.5693300235843548,0.8173508767783255,0.8925479072211139,0.8970218222240743,-10.67036684355391
parent_human_capital,low h,0.8,3,0.8175960397595149,0.8,0.47552066736331033,0.5692747589943985,0.8171983335314135,0.8952234691100383,0.8997107954227778,-10.556633424098465
parent_human_capital,low h,0.8,3,0.8249725499515008,0.8,0.4755823431909757,0.5692188872354023,0.8170441340708504,0.8979348119594949,0.9024357289348242,-10.441725086102274
parent_human_capital,low h,0.8,3,0.8324832761809209,0.8,0.47564463198288376,0.5691624551036121,0.8168883936686977,0.9006823484379756,0.9051970374972153,-10.325638032626218
parent_human_capital,low h,0.8,3,0.8401306669712053,0.8,0.4757075943120044,0.56910544138597,0.8167310166231618,0.9034664178870225,0.9079950621524496,-10.208368428889019
parent_human_capital,low h,0.8,3,0.8479172267176741,0.8,0.4757711690712818,0.5690478400431046,0.8165720540400994,0.9062874214899393,0.9108302060947706,-10.089912402157495
parent_human_capital,low h,0.8,3,0.8558455170188431,0.8,0.47583540193529994,0.568989668555537,0.8164114891926693,0.9091457412356607,0.9137028532278402,-9.970266041677924
parent_human_capital,low h,0.8,3,0.8639181580433734,0.8,0.4759002767885996,0.5689309154821176,0.816249319249787,0.9120417709418219,0.916613399343313,-9.849425398585986
parent_human_capital,low h,0.8,3,0.8721378299336601,0.8,0.4759657955148986,0.5688715633423251,0.8160855133799918,0.9149759003650063,0.9195622361514353,-9.727386485825077
parent_human_capital,low h,0.8,3,0.8805072742470966,0.8,0.4760319753099742,0.568811629616681,0.8159200833352493,0.9179485423090894,0.9225497785252706,-9.604145278056759
parent_human_capital,low h,0.8,3,0.88902929543607,0.8,0.4760987883757605,0.5687511001631461,0.8157530334944095,0.9209601136958079,0.9255764454763846,-9.479697711579432
parent_human_capital,low h,0.8,3,0.8977067623677852,0.8,0.4761662656877982,0.568689983084388,0.8155843462999482,0.9240110300092685,0.9286426545715066,-9.354039684244308
parent_human_capital,low h,0.8,3,0.9065426098850453,0.8,0.4762343862643452,0.568628268608498,0.8154140265513274,0.927101722473045,0.9317488391957278,-9.227167055367136
parent_human_capital,low h,0.8,3,0.9155398404091444,0.8,0.47630318303373476,0.568565969845867,0.8152420630310211,0.9302326233662309,0.9348954337949495,-9.099075645645721
parent_human_capital,low h,0.8,3,0.9247015255860773,0.8,0.47637263272473973,0.5685030420635446,0.8150684049324901,0.9334041568612633,0.938082864667782,-8.969761237076181
parent_human_capital,low h,0.8,3,0.9340308079772923,0.8,0.4764427624493809,0.5684395414356307,0.8148931181680236,0.9366168000747643,0.9413116113224047,-8.83921957285649
parent_human_capital,low h,0.8,3,0.9435309027962627,0.8,0.47651352609156616,0.5683754232291749,0.8147161747759474,0.9398710012279705,0.9445821242267718,-8.707446357315824
parent_human_capital,low h,0.8,3,0.9532050996921831,0.8,0.47658497142721545,0.5683107049246983,0.8145375559280847,0.9431672197772282,0.947894865140265,-8.57443725582185
parent_human_capital,low h,0.8,3,0.9630567645821445,0.8,0.4766571066941583,0.5682453777819403,0.8143572389127347,0.9465059214589485,0.9512503021338082,-8.440187894695892
parent_human_capital,low h,0.8,3,0.9730893415331738,0.8,0.47672990205688415,0.5681794347298814,0.8141752418557994,0.9498875961066051,0.9546489274961759,-8.304693861124411
parent_human_capital,low h,0.8,3,0.9833063546955787,0.8,0.4768033644985791,0.5681128915798016,0.8139915839575723,0.9533127422418649,0.9580912422478851,-8.16795070307605
parent_human_capital,low h,0.8,3,0.9937114102890687,0.8,0.47687751695973,0.5680457210792715,0.8138061971475435,0.9567818320303697,0.9615777209213179,-8.029953929222554
parent_human_capital,low h,0.8,3,1.0043081986431819,0.8,0.47695235770566036,0.5679779461105903,0.8136191210534772,0.9602953888017745,0.9651088894693299,-7.890699008839402
parent_human_capital,low h,0.8,3,1.0151004962935855,0.8,0.4770278571793034,0.5679095508624779,0.81343035904896,0.9638539301565192,0.9686852680868446,-7.7501813717306325
parent_human_capital,low h,0.8,3,1.0260921681358672,0.8,0.47710406253934123,0.5678405168227654,0.8132398333191582,0.9674579498210935,0.9723073529751651,-7.6083964081465405
parent_human_capital,low h,0.8,3,1.037287169638491,0.8,0.47718094883343276,0.5677708712438825,0.8130476139464365,0.9711080097036492,0.9759757088590202,-7.46533946868274
parent_human_capital,low h,0.8,3,1.0486895491166357,0.8,0.4772585473782771,0.5677006026846796,0.8128536506675521,0.9748046324318445,0.9796908609857499,-7.321005864213579
parent_human_capital,low h,0.8,3,1.0603034500686892,0.8,0.4773368069377655,0.5676296926329872,0.8126579640624614,0.9785483783667452,0.9834533725252417,-7.175390865794155
parent_human_capital,low h,0.8,3,1.0721331135772334,0.8,0.47741578780972627,0.5675581579317337,0.8124605217252248,0.982339795782905,0.9872637945002866,-7.028489704583985
parent_human_capital,low h,0.8,3,1.0841828807763967,0.8,0.47749546336795734,0.5674859904782515,0.812261336864027,0.9861794609850518,0.9911227061043523,-6.880297571755854
parent_human_capital,low h,0.8,3,1.0964571953875313,0.8,0.477575847308256,0.5674131913041887,0.8120603974914803,0.9900679497446248,0.995030685994944,-6.730809618416424
parent_human_capital,low h,0.8,3,1.1089606063252093,0.8,0.4776569185500371,0.567339741897376,0.8118576940320174,0.9940058486630642,0.9989883237138544,-6.580020955520188
parent_human_capital,low h,0.8,3,1.1216977703756155,0.8,0.47773871856950445,0.5672656553682047,0.8116532067202425,0.9979937501615768,1.0029962146518137,-6.427926653786641
parent_human_capital,low h,0.8,3,1.1346734549494641,0.8,0.4778212147159757,0.5671909213071725,0.8114469509687019,1.0020322713873935,1.0070549790495158,-6.274521743613777
parent_human_capital,low h,0.8,3,1.147892540911644,0.8,0.47790442587967497,0.5671155544939118,0.8112389323622431,1.006122035936631,1.0111652436288665,-6.119801214997907
parent_human_capital,low h,0.8,3,1.1613600254898573,0.8,0.4779883685194961,0.5670395260067518,0.8110290865476848,1.0102636488950252,1.015327616508606,-5.9637600174550345
parent_human_capital,low h,0.8,3,1.1750810252645967,0.8,0.4780730095317973,0.5669628489560833,0.8108174683394767,1.0144577756991613,1.019542766460835,-5.806393059925444
parent_human_capital,low h,0.8,3,1.189060779242872,0.8,0.4781583976165744,0.5668855173025349,0.8106040190364232,1.0187050454369992,1.0238113257268295,-5.647695210707723
parent_human_capital,low h,0.8,3,1.2033046520181812,0.8,0.47824449843585715,0.5668075185733088,0.8103887523215421,1.0230061286002952,1.0281339681591992,-5.487661297364121
parent_human_capital,low h,0.8,3,1.217818137019287,0.8,0.47833131254703076,0.5667288827217238,0.8101717172401437,1.0273617221642193,1.0325113942267177,-5.326286106642301
parent_human_capital,low h,0.8,3,1.2326068598504607,0.8,0.47841887685085727,0.5666495579438099,0.8099527911040918,1.0317724621034956,1.0369442430919449,-5.163564384408191
parent_human_capital,low h,0.8,3,1.247676581725918,0.8,0.47850716616875455,0.566569577531368,0.809732054223191,1.036239082040397,1.0414332520544511,-4.99949083554093
parent_human_capital,low h,0.8,3,1.2630332030012734,0.8,0.47859619366837247,0.5664889354450271,0.8095094834285923,1.0407622838980888,1.045979126555806,-4.8340601238733
parent_human_capital,low h,0.8,3,1.2786827668049243,0.8,0.47868598555614295,0.5664076219128782,0.8092850363315831,1.0453427735042724,1.050582575961687,-4.667266872107185
parent_human_capital,low h,0.8,3,1.294631462772364,0.8,0.47877650457927556,0.5663256254937719,0.8090587312384105,1.0499812951165695,1.0552443482603222,-4.499105661729789
parent_human_capital,low h,0.8,3,1.31088563088653,0.8,0.4788677645665953,0.5662429663691182,0.8088305877406643,1.0546786064352414,1.059965204949962,-4.329571032939029
parent_human_capital,low h,0.8,3,1.3274517654273796,0.8,0.4789597803988981,0.5661596210190247,0.8086005520086068,1.0594354464013152,1.0647458886755907,-4.158657484571797
parent_human_capital,low h,0.8,3,1.3443365190339982,0.8,0.4790525386565999,0.5660755944512151,0.8083686457546123,1.0642525997968633,1.069587188153017,-3.986359474016832
parent_human_capital,low h,0.8,3,1.3615467068826452,0.8,0.4791460619013599,0.5659908779254287,0.8081348319431501,1.069130839330902,1.074489879964477,-3.812671417147934
parent_human_capital,low h,0.8,3,1.3790893109842512,0.8,0.4792403577342125,0.565905483914463,0.8078991236281382,1.0740709732343272,1.0794547763921416,-3.6375876882411613
parent_human_capital,low h,0.8,3,1.3969714846049992,0.8,0.47933539512443857,0.565819392874501,0.8076615194757351,1.07907381749702,1.0844826975160573,-3.461102619904579
parent_human_capital,low h,0.8,3,1.4152005568137338,0.8,0.4794311926600584,0.5657326004354126,0.8074219936609849,1.0841401915351598,1.089574466859745,-3.2832105030051957
parent_human_capital,low h,0.8,3,1.4337840371600625,0.8,0.4795277744569979,0.5656451136682171,0.8071805337775697,1.0892709351098164,1.0947309283935938,-3.1039055865934255
parent_human_capital,low h,0.8,3,1.4527296204871472,0.8,0.4796251394564476,0.5655569325729146,0.806937140884299,1.0944669087428802,1.0999529469528782,-2.923182077830582
parent_human_capital,low h,0.8,3,1.4720451918832933,0.8,0.479723261037143,0.5654680500784857,0.8066918298928293,1.0997289942969262,1.1052414088205278,-2.7410341419179454
parent_human_capital,low h,0.8,3,1.4917388317766058,0.8,0.47982216891881935,0.5653784503736503,0.8064445448999455,1.105058057268349,1.1105971838312558,-2.557455902031585
parent_human_capital,low h,0.8,3,1.5118188211770927,0.8,0.47992187107682305,0.5652881563407078,0.8061953158233891,1.110455017255403,1.1160211961928224,-2.3724414392425097
parent_human_capital,low h,0.8,3,1.5322936470707536,0.8,0.4800223459578544,0.5651971423964699,0.8059441218506996,1.1159207870581394,1.1215143632807074,-2.1859847924571865
parent_human_capital,low h,0.8,3,1.5531720079703377,0.8,0.48012368917349135,0.5651053486342992,0.805690768164908,1.12145621629882,1.1270775389759229,-1.9980799583587174
parent_human_capital,low h,0.8,3,1.5744628196276003,0.8,0.4802257536519259,0.5650129117103982,0.8054356281404935,1.1270624299251248,1.1327118538649716,-1.8087208912879742
parent_human_capital,low h,0.8,3,1.5961752209120554,0.8,0.4803286140557155,0.5649197407331632,0.8051784765984027,1.132740297484817,1.1384181818542438,-1.6179015032604314
parent_human_capital,low h,0.8,3,1.618318579861377,0.8,0.4804322647572945,0.5648258438052609,0.8049193325842174,1.1384908168667862,1.1441975258345674,-1.4256156638418345
parent_human_capital,low h,0.8,3,1.6409024999087747,0.8,0.4805367098599702,0.5647312313361936,0.8046582092327663,1.1443150010071184,1.150050903819392,-1.2318572001026977
parent_human_capital,low h,0.8,3,1.6639368262928396,0.8,0.480641985558266,0.5646358848137922,0.8043950396933739,1.1502138436686686,1.1559793145528297,-1.0366198965615157
parent_human_capital,low h,0.8,3,1.6874316526555453,0.8,0.4807480670819444,0.5645397938285548,0.8041298314981422,1.156188391218938,1.1619838096473198,-0.8398974951123392
parent_human_capital,low h,0.8,3,1.7113973278342638,0.8,0.4808549617900887,0.5644429714908722,0.8038625989987956,1.162239711993427,1.1680654627934184,-0.6416836949698599
parent_human_capital,low h,0.8,3,1.7358444628538618,0.8,0.4809626804400271,0.5643453992885756,0.8035933007818541,1.1683688671907797,1.1742253405090484,-0.4419721526152349
parent_human_capital,low h,0.8,3,1.7607839381251333,0.8,0.4810711950260911,0.5642470957338339,0.803321995509138,1.174576984578748,1.1804645762149215,-0.240756481727602
parent_human_capital,low h,0.8,3,1.7862269108560356,0.8,0.4811805682671766,0.5641480423144782,0.8030485898055995,1.1808651398301404,1.1867842509756785,-0.03803025314631725
parent_human_capital,low h,0.8,3,1.8121848226824113,0.8,0.481290753227019,0.5640482259201174,0.8027731088966954,1.1872344848165262,1.1931855224366694,0.16621300520365345
parent_human_capital,low h,0.8,3,1.8386694075250942,0.8,0.4814017636097253,0.5639476640312727,0.8024955680260623,1.193686187471996,1.1996695643862783,0.371979808355432
parent_human_capital,low h,0.8,3,1.8656926996805347,0.8,0.48151363146914594,0.5638463452067947,0.802215916193306,1.200221404923967,1.206237539752048,0.5792767143482243
parent_human_capital,low h,0.8,3,1.8932670421523103,0.8,0.4816263116467022,0.5637442704783309,0.8019342002654136,1.2068413628281665,1.2128906803333308,0.7881103242895104
parent_human_capital,low h,0.8,3,1.921405095231136,0.8,0.48173985982585554,0.5636414246721952,0.8016503394312997,1.2135472469217445,1.2196301778108085,0.9984872823879023
parent_human_capital,low h,0.8,3,1.9501198453312445,0.8,0.48185425191516407,0.5635378131901652,0.8013643667277495,1.2203403203452732,1.226457301656572,1.2104142760177874
parent_human_capital,low h,0.8,3,1.979424614091259,0.8,0.4819694948707227,0.5634334245910919,0.8010762562521254,1.2272218403437725,1.2333733154176083,1.4238980357530853
parent_human_capital,low h,0.8,3,2.009333067747975,0.8,0.48208559631718884,0.5633282692844763,0.8007860176179038,1.2341931047706973,1.2403795234528896,1.6389453354179278
parent_human_capital,low h,0.8,3,2.0398592267917226,0.8,0.4822025559807901,0.5632223324906871,0.8004936266237876,1.2412554185190592,1.2474772371962308,1.8555629921245647
parent_human_capital,low h,0.8,3,2.071017475912293,0.8,0.48232037412824114,0.5631156115088345,0.8001990785303887,1.2484101202158249,1.2546678019844941,2.07375786631824
parent_human_capital,low h,0.8,3,2.1028225742447084,0.8,0.4824390654336219,0.5630080992678997,0.7999023469540201,1.2556585623178065,1.2619525770537101,2.2935368618132417
parent_human_capital,low h,0.8,3,2.135289665924415,0.8,0.48255861845164927,0.5628998001380128,0.7996034505768999,1.2630021450088635,1.2693329696061886,2.5149069258354357
parent_human_capital,low h,0.8,3,2.168434290961828,0.8,0.4826790497596739,0.5627907080798022,0.7993023628204784,1.2704422714834924,1.2768103898699685,2.7378750490513513
parent_human_capital,low h,0.8,3,2.2022723964464688,0.8,0.4828003715705227,0.5626808220616202,0.7989990697635203,1.277980377425139,1.284386280724888,2.962448265606298
parent_human_capital,low h,0.8,3,2.23682034809129,0.8,0.4829225569021933,0.5625701350124472,0.7986935866784193,1.2856179401800292,1.292062126922402,3.188633653157532
parent_human_capital,low h,0.8,3,2.2720949421281498,0.8,0.48304565765375407,0.5624586506648205,0.7983858678471887,1.2933564332661427,1.2998394093665298,3.4164383328980197
parent_human_capital,low h,0.8,3,2.308113417565749,0.8,0.48316962205146163,0.5623463538450533,0.7980759399159465,1.3011973951525257,1.307719674237926,3.645869469593931
parent_human_capital,low h,0.8,3,2.344893468821764,0.8,0.48329450000455276,0.5622332428839045,0.797763750211193,1.3091423519011074,1.315704455247937,3.876934271600291
parent_human_capital,low h,0.8,3,2.382453258741261,0.8,0.4834202902559446,0.5621193080094655,0.7974492838077303,1.3171928779128077,1.3237953346892002,4.109639990893138
parent_human_capital,low h,0.8,3,2.4208114320139376,0.8,0.48354695065063624,0.562004568765553,0.7971326152251195,1.325350624220498,1.3319939718704235,4.343993923095472
parent_human_capital,low h,0.8,3,2.4599871290031343,0.8,0.483674544455691,0.5618890029074617,0.7968136443590653,1.3336171808135588,1.3403019647508425,4.58000340747844
parent_human_capital,low h,0.8,3,2.5,0.8,0.48380305783328137,0.5617726000256892,0.7964923678092598,1.3419942189928493,1.3487209930087467,4.817675826998463
parent_human_capital,baseline h,1.2,1,0.5,1.2,0.8543677014337265,0.40668907760877837,0.3740807062012348,0.545823765055001,0.5485597180628959,-8.95370782041046
parent_human_capital,baseline h,1.2,1,0.5000203210855501,1.2,0.8543662459421739,0.40669008831299974,0.3740843448139055,0.5458331171752842,0.5485691170608771,-8.953659522437695
parent_human_capital,baseline h,1.2,1,0.5000812892976928,1.2,0.8543619081602483,0.40669311939401603,0.37409522973082643,0.5458611599548496,0.5485973004054602,-8.95351462219453
parent_human_capital,baseline h,1.2,1,0.5001829195049198,1.2,0.8543546451092965,0.4066981479695279,0.37411335450488375,0.5459078935220306,0.5486442682256216,-8.953273100703424
parent_human_capital,baseline h,1.2,1,0.5003252364947652,1.2,0.8543444810717938,0.4067051979534825,0.37413874650772827,0.5459733361415405,0.5487100388776267,-8.952934926329448
parent_human_capital,baseline h,1.2,1,0.5005082749838822,1.2,0.854331425219279,0.40671426831423196,0.3741713943394621,0.5460574898415818,0.5487946143998448,-8.952500054773969
parent_human_capital,baseline h,1.2,1,0.500732079632158,1.2,0.854315459740049,0.40672534594138554,0.374211287493344,0.5461603591971119,0.5488979993901655,-8.95196842906341
parent_human_capital,baseline h,1.2,1,0.5009967050608752,1.2,0.8542965882408388,0.40673845101635336,0.37425846595448464,0.5462819748243433,0.5490202246182652,-8.95133997953479
parent_human_capital,baseline h,1.2,1,0.5013022158749305,1.2,0.8542748425404151,0.40675357646811605,0.3743128826307157,0.5464223282270576,0.5491612815453384,-8.950614623821421
parent_human_capital,baseline h,1.2,1,0.5016486866891229,1.2,0.8542501691439945,0.40677070751704153,0.3743745590928154,0.5465814455627156,0.5493211964599604,-8.949792266830597
parent_human_capital,baseline h,1.2,1,0.502036202158526,1.2,0.8542225664640147,0.4067898606120032,0.3744435324579122,0.5467593624951432,0.549500005204723,-8.94887280072176
parent_human_capital,baseline h,1.2,1,0.502464857012963,1.2,0.8543434154324149,0.4067059407470772,0.37414141658127187,0.5467767481561995,0.549517478011768,-8.947856773035957
parent_human_capital,baseline h,1.2,1,0.5029347560956027,1.2,0.8543743639741145,0.40668445963946703,0.3740640688471343,0.5469159904591526,0.5496574182696692,-8.946744861706186
parent_human_capital,baseline h,1.2,1,0.5034460144056994,1.2,0.8544571555586938,0.40662695252668785,0.37385706189895196,0.5470090682576298,0.5497509626225529,-8.945536426175934
parent_human_capital,baseline h,1.2,1,0.5039987571454999,1.2,0.8544189151755837,0.40665350630516733,0.373952658443578,0.5472611264092528,0.5500042842209186,-8.944231315231558
parent_human_capital,baseline h,1.2,1,0.5045931197713469,1.2,0.8543734141953906,0.40668511424234705,0.37406643256807903,0.5475372669760535,0.5502818089480704,-8.942828679055738
parent_human_capital,baseline h,1.2,1,0.5052292480490046,1.2,0.8543309182874793,0.4067146233839255,0.37417266822179995,0.547825313457812,0.5505712992688273,-8.941328326460411
parent_human_capital,baseline h,1.2,1,0.5059072981132409,1.2,0.8542829806695906,0.4067479020299848,0.3742924877151765,0.5481353261398735,0.5508828658959243,-8.939730060243578
parent_human_capital,baseline h,1.2,1,0.5066274365316988,1.2,0.8542311410937135,0.40678391389311497,0.37442211291541494,0.5484655475165489,0.5512147425141385,-8.938033669924971
parent_human_capital,baseline h,1.2,1,0.507389840373095,1.2,0.8541988433114127,0.4068063387272899,0.3745028483395336,0.5487881281347587,0.5515389400744259,-8.936239265683477
parent_human_capital,baseline h,1.2,1,0.5081946972797818,1.2,0.8542047849527288,0.4068022114522266,0.37448799178408093,0.5490808831484102,0.5518331625286901,-8.93434642630777
parent_human_capital,baseline h,1.2,1,0.5090422055447187,1.2,0.8542594905548814,0.40676421790588074,0.3743512201218212,0.5493312635027302,0.5520847979197588,-8.932357599201747
parent_human_capital,baseline h,1.2,1,0.5099325741928927,1.2,0.8541962555969264,0.40680815380098456,0.3745093566132004,0.5497375704948889,0.5524931415341912,-8.930270227380818
parent_human_capital,baseline h,1.2,1,0.5108660230672385,1.2,0.8542975953571041,0.40673775668824624,0.3742559590895078,0.5499637100026447,0.5527204145709466,-8.928084477705992
parent_human_capital,baseline h,1.2,1,0.5118427829191048,1.2,0.8542777999085462,0.40675152613800253,0.3743054965495394,0.5503497718762727,0.5531084115877692,-8.925803061282096
parent_human_capital,baseline h,1.2,1,0.5128630955033207,1.2,0.8542089971833091,0.4067993001844849,0.37447749121517826,0.5508099977652137,0.5535709443685783,-8.923422142136289
parent_human_capital,baseline h,1.2,1,0.5139272136779165,1.2,0.8541707061691357,0.40682588224704186,0.37457319948447476,0.5512497470559548,0.5540128979118123,-8.920941370904664
parent_human_capital,baseline h,1.2,1,0.5150354015085564,1.2,0.8543017685106649,0.40673487267293423,0.37424555646287333,0.5515034130483882,0.5542678354103241,-8.918365031114085
parent_human_capital,baseline h,1.2,1,0.5161879343777439,1.2,0.8542209936653632,0.4067909541051612,0.3744474672017851,0.5520256579586966,0.5547926980841392,-8.915689595112404
parent_human_capital,baseline h,1.2,1,0.5173850990988615,1.2,0.8541749232738853,0.4068229524671311,0.37456265405511785,0.552522538695748,0.5552920694462496,-8.912913538448219
parent_human_capital,baseline h,1.2,1,0.5186271940351138,1.2,0.8540886425140715,0.406882879121756,0.37477837638892164,0.5530835439421893,0.5558558867431911,-8.910037353933848
parent_human_capital,baseline h,1.2,1,0.5199145292234401,1.2,0.8541600953911559,0.40683325464648223,0.37459973464524565,0.5534721646653735,0.5562464554358566,-8.907061694385947
parent_human_capital,baseline h,1.2,1,0.5212474265034702,1.2,0.8541650174069119,0.4068298314714345,0.37458741857138655,0.5539563923250668,0.5567331102967947,-8.903989559503152
parent_human_capital,baseline h,1.2,1,0.5226262196515982,1.2,0.854072760410066,0.406893910984311,0.3748180873160458,0.5545731661080159,0.5573529756711963,-8.900815742869161
parent_human_capital,baseline h,1.2,1,0.5240512545202515,1.2,0.8539749766929591,0.4069618101363972,0.37506253320165894,0.5552129155864763,0.5579959319072625,-8.897539539863397
parent_human_capital,baseline h,1.2,1,0.5255228891824385,1.2,0.8539776713245437,0.40695992975428713,0.37505577694471653,0.5557487129596015,0.5585344149758967,-8.89416082636712
parent_human_capital,baseline h,1.2,1,0.5270414940816569,1.2,0.8539829351714454,0.40695628983498944,0.37504265087213184,0.5562978262315803,0.5590862806896056,-8.890685203909692
parent_human_capital,baseline h,1.2,1,0.5286074521872524,1.2,0.8540180512402764,0.4069318903886181,0.3749548319991387,0.5568275032309641,0.5596186127059974,-8.887108870710625
parent_human_capital,baseline h,1.2,1,0.5302211591553182,1.2,0.853907985680997,0.4070083251118484,0.3752299965605956,0.5575480584438602,0.5603427797169286,-8.883430883412542
parent_human_capital,baseline h,1.2,1,0.5318830234952302,1.2,0.8539687684903919,0.40696610569022273,0.37507801980048916,0.5580799867316848,0.5608773743063916,-8.879649401932628
parent_human_capital,baseline h,1.2,1,0.5335934667419154,1.2,0.8539563623965478,0.4069747257195446,0.37510904515766863,0.5587165300867614,0.5615171083483134,-8.87577205515743
parent_human_capital,baseline h,1.2,1,0.5353529236339561,1.2,0.85384027969328,0.4070553590656252,0.37539929588847043,0.5594947001676809,0.5622991790229958,-8.87178989501484
parent_human_capital,baseline h,1.2,1,0.537161842297634,1.2,0.8538816222482137,0.40702665262427873,0.3752959474202285,0.56010015749157,0.5629076712143504,-8.867704328381311
parent_human_capital,baseline h,1.2,1,0.5390206844370244,1.2,0.8538852006467873,0.4070241546636266,0.3752869734266463,0.5607679468316943,0.5635788078624717,-8.863519023290383
parent_human_capital,baseline h,1.2,1,0.5409299255302531,1.2,0.8537914068192088,0.4070892765032844,0.37552143042788566,0.5615702725935944,0.5643851552989892,-8.859230911930435
parent_human_capital,baseline h,1.2,1,0.5428900550320312,1.2,0.8536862951883831,0.4071622766103173,0.37578422228990227,0.5624035273177778,0.5652225867298589,-8.854836674469794
parent_human_capital,baseline h,1.2,1,0.5449015765825912,1.2,0.8537629497414505,0.4071090438383056,0.3755925849492896,0.5630343202176176,0.565856541492267,-8.850338081523741
parent_human_capital,baseline h,1.2,1,0.5469650082231464,1.2,0.8538843383115752,0.40702474061960875,0.37528910142677974,0.5636279222104899,0.5664531189275108,-8.845743060892797
parent_human_capital,baseline h,1.2,1,0.5490808826180046,1.2,0.8537736457603329,0.40710161590235816,0.3755658445887609,0.5645199313036117,0.5673495992348188,-8.841045821517469
parent_human_capital,baseline h,1.2,1,0.5512497472834679,1.2,0.8536804837802312,0.4071663271358155,0.3757987828331304,0.565408323772399,0.5682424447893871,-8.836241235783664
parent_human_capital,baseline h,1.2,1,0.5534721648236569,1.2,0.8538157202217148,0.40707240462472494,0.3754606737676912,0.5660369774775748,0.5688742496343735,-8.831339069365168
parent_human_capital,baseline h,1.2,1,0.5557487131734017,1.2,0.8537970358770437,0.40708536430322984,0.37550735101793276,0.566870053258554,0.5697115012250824,-8.82633058023408
parent_human_capital,baseline h,1.2,1,0.5580799858483445,1.2,0.8537769259520556,0.40709933635519724,0.3755576405751706,0.567722629240746,0.5705683507621693,-8.821221529155359
parent_human_capital,baseline h,1.2,1,0.5604665922024078,1.2,0.8538381921562718,0.407056796187327,0.37540448760835454,0.5684938256448994,0.5713434128043852,-8.816009804261393
parent_human_capital,baseline h,1.2,1,0.5629091576927818,1.2,0.8537547054231446,0.4071147738129439,0.37561320601281445,0.5694594488764705,0.5723138762425467,-8.810693004969686
parent_human_capital,baseline h,1.2,1,0.5654083241525933,1.2,0.8536931652529767,0.4071575078427649,0.3757670516873956,0.5704164729919935,0.5732756974614118,-8.805267809996703
parent_human_capital,baseline h,1.2,1,0.5679647500714233,1.2,0.8539859924272419,0.4069541469440308,0.3750349649718645,0.5709580505105536,0.5738199896485808,-8.799746611410248
parent_human_capital,baseline h,1.2,1,0.5705791108838415,1.2,0.8538670382232687,0.4070367663434573,0.37533237707859923,0.5720216886617328,0.5748889593081794,-8.794122495982423
parent_human_capital,baseline h,1.2,1,0.5732520992661372,1.2,0.8537518551100837,0.4071167369839906,0.37562029677533604,0.5730993105856695,0.5759719828344886,-8.788387457046944
parent_human_capital,baseline h,1.2,1,0.5759844254414287,1.2,0.8538237344561848,0.4070668244166799,0.37544060628384407,0.573965928427867,0.576842944616697,-8.782547960968564
parent_human_capital,baseline h,1.2,1,0.578776817493336,1.2,0.8538222665293959,0.40706784823129216,0.3754442856501953,0.5749411107606137,0.5778230150712285,-8.776604653168828
parent_human_capital,baseline h,1.2,1,0.5816300216884137,1.2,0.8537806542557647,0.4070967370934396,0.3755482978660649,0.5759844255489316,0.5788715594966858,-8.770549093523995
parent_human_capital,baseline h,1.2,1,0.5845448028075416,1.2,0.853771677391027,0.4071030001884421,0.375570803016008,0.5770064610766145,0.5798987179987702,-8.76439175147249
parent_human_capital,baseline h,1.2,1,0.5875219444864789,1.2,0.8537965514580222,0.4070857079317737,0.3755085776746089,0.5780055851204975,0.5809028501727643,-8.758122350178791
parent_human_capital,baseline h,1.2,1,0.5905622495657936,1.2,0.8538231799215373,0.4070672165107114,0.3754420077415995,0.5790215246485062,0.581923882118849,-8.751749840608928
parent_human_capital,baseline h,1.2,1,0.5936665404503856,1.2,0.8536695376383145,0.4071739048383562,0.37582609681253487,0.5802798974695793,0.5831885625599368,-8.74526780120831
parent_human_capital,baseline h,1.2,1,0.5968356594788269,1.2,0.8535946478117243,0.40722592867406554,0.3760133581242574,0.5814604336155516,0.5843750161679659,-8.738671657551738
parent_human_capital,baseline h,1.2,1,0.600070469302753,1.2,0.8539366118837698,0.4069884494047023,0.37515843883038713,0.5821426819757055,0.5850606843122566,-8.731977915819872
parent_human_capital,baseline h,1.2,1,0.6033718532765401,1.2,0.8537671484442221,0.40710612112941436,0.3755820731953131,0.5834798463251532,0.5864045512258981,-8.725178438252449
parent_human_capital,baseline h,1.2,1,0.6067407158575169,1.2,0.8538323531111931,0.40706084941371423,0.37541908162242965,0.58454480331735,0.5874748463372328,-8.718264811916047
parent_human_capital,baseline h,1.2,1,0.6101779830169621,1.2,0.8539959996871216,0.40694721947423984,0.37500999437723653,0.5855063694548651,0.5884412323450697,-8.71125258606581
parent_human_capital,baseline h,1.2,1,0.6136846026621482,1.2,0.8538290435256024,0.4070631605834351,0.3754273833346175,0.586900978298115,0.5898428316942373,-8.704130783059195
parent_human_capital,baseline h,1.2,1,0.6172615450697004,1.2,0.8539262081900405,0.4069956676674192,0.375184433971585,0.5879853983008503,0.5909326873748566,-8.696896651003641
parent_human_capital,baseline h,1.2,1,0.6209098033305457,1.2,0.8537678669221546,0.4071056206632578,0.3755802737104824,0.5894104728710665,0.5923649051610822,-8.689553231221556
parent_human_capital,baseline h,1.2,1,0.6246303938067362,1.2,0.8538437353545877,0.40705293245276003,0.375390598743374,0.5905622500471339,0.59352245564427,-8.682096983101262
parent_human_capital,baseline h,1.2,1,0.6284243566004422,1.2,0.8537500146241841,0.4071180199689689,0.3756249085087888,0.5919479076789439,0.5949150589138634,-8.674530159778767
parent_human_capital,baseline h,1.2,1,0.6322927560354111,1.2,0.853616831272054,0.4072105211696375,0.37595789445436306,0.5934045026701343,0.5963789551178311,-8.666840504634697
parent_human_capital,baseline h,1.2,1,0.6362366811512086,1.2,0.8537640128531916,0.4071082966745806,0.3755899079639026,0.5945284928827999,0.5975085793548832,-8.659048557058608
parent_human_capital,baseline h,1.2,1,0.6402572462105554,1.2,0.8536904397487495,0.4071594111071742,0.3757738882427469,0.5959523661624274,0.5989395898290261,-8.651141260971833
parent_human_capital,baseline h,1.2,1,0.6443555912200942,1.2,0.8537631700817716,0.40710889407171236,0.3755920411131272,0.5972123599390864,0.6002058993507733,-8.64311671217202
parent_human_capital,baseline h,1.2,1,0.6485328824649206,1.2,0.8537841111384411,0.4070943518750427,0.37553968891165124,0.5985592956537151,0.6015595866087678,-8.634991815563861
parent_human_capital,baseline h,1.2,1,0.652790313057229,1.2,0.8536929430214879,0.4071576559401168,0.37576759380916447,0.6000704685082356,0.6030783342487438,-8.626744276420784
parent_human_capital,baseline h,1.2,1,0.6571291034994325,1.2,0.8539477093203444,0.4069807448178676,0.37513069948624966,0.601162766272644,0.6041761071784809,-8.618400382784872
parent_human_capital,baseline h,1.2,1,0.6615505022621248,1.2,0.8538511956142234,0.4070477514097658,0.3753719474308707,0.6027247491134763,0.6057459194908849,-8.609941870549516
parent_human_capital,baseline h,1.2,1,0.6660557863772645,1.2,0.8538850650296744,0.4070242586656213,0.37528733368806766,0.6041424941900136,0.6071707710441916,-8.601367717961283
parent_human_capital,baseline h,1.2,1,0.6706462620469753,1.2,0.8536967560868878,0.4071550071812237,0.3757580594245556,0.6058674269517204,0.6089043500673474,-8.592670716251401
parent_human_capital,baseline h,1.2,1,0.6753232652683625,1.2,0.8538925140063416,0.40701907055160774,0.37526867838513134,0.6071223190464166,0.6101655323348447,-8.583859217156585
parent_human_capital,baseline h,1.2,1,0.6800881624747613,1.2,0.8536699485686944,0.40717363255759925,0.37582509775572015,0.6089377352743655,0.6119900483745047,-8.574931856263683
parent_human_capital,baseline h,1.2,1,0.6849423511938463,1.2,0.853844000121237,0.4070527544020893,0.375389949387276,0.6102655176152765,0.6133244862520962,-8.56587782504418
parent_human_capital,baseline h,1.2,1,0.6898872607230374,1.2,0.8537602204578076,0.4071109656148839,0.3755994652703416,0.6119490233165243,0.6150164305607886,-8.556719419849621
parent_human_capital,baseline h,1.2,1,0.6949243528226603,1.2,0.8536545917242495,0.40718429250753296,0.3758634800920218,0.6136846026511814,0.6167607095230638,-8.54743079785759
parent_human_capital,baseline h,1.2,1,0.7000551224273222,1.2,0.8538937027620291,0.40701824933920666,0.37526571581065726,0.6149968151603602,0.6180794995248169,-8.538041342383341
parent_human_capital,baseline h,1.2,1,0.7052810983759861,1.2,0.853703993185941,0.4071500041889002,0.3757400158620835,0.6168896032529408,0.6199817752571939,-8.528528313349405
parent_human_capital,baseline h,1.2,1,0.7106038441612367,1.2,0.8538527549634292,0.40704667642877684,0.3753680661227287,0.618366060400643,0.621465633177147,-8.518902996463545
parent_human_capital,baseline h,1.2,1,0.7160249586982449,1.2,0.8538490825253319,0.40704924136708565,0.3753772788275732,0.6200652366296285,0.6231733265624241,-8.509162219736004
parent_human_capital,baseline h,1.2,1,0.7215460771139571,1.2,0.8538216523934844,0.407068300231961,0.37544587610755153,0.6218200761098008,0.6249369622120955,-8.499296811167408
parent_human_capital,baseline h,1.2,1,0.7271688715570458,1.2,0.853694565618649,0.40715652542262093,0.37576352929421236,0.623730597323276,0.6268570599530057,-8.489298944900337
parent_human_capital,baseline h,1.2,1,0.7328950520291776,1.2,0.8538729306189914,0.40703267609273197,0.3753176497413097,0.6252650113093363,0.628399165221178,-8.4791959330575
parent_human_capital,baseline h,1.2,1,0.7387263672381705,1.2,0.8537161836554914,0.40714151708324375,0.375709493244315,0.6272655254459099,0.6304097069765907,-8.468965558297134
parent_human_capital,baseline h,1.2,1,0.7446646054736273,1.2,0.8538861449204809,0.4070234946589685,0.37528460354289117,0.6288605937290532,0.6320127705727754,-8.458607933019307
parent_human_capital,baseline h,1.2,1,0.7507115955056528,1.2,0.8536495751816401,0.4071877782901071,0.37587602592499125,0.6310189839311017,0.6341819797507343,-8.448134982318528
parent_human_capital,baseline h,1.2,1,0.7568692075072764,1.2,0.8538765281480871,0.40703018250221024,0.3753086660566871,0.6325892647138905,0.6357601315987021,-8.437527181771491
parent_human_capital,baseline h,1.2,1,0.7631393540012239,1.2,0.8537941937944886,0.40708734598644547,0.3755144735362337,0.6345960823295292,0.6377770084295002,-8.4268156542093
parent_human_capital,baseline h,1.2,1,0.7695239908317001,1.2,0.8538787129415542,0.4070286669617021,0.37530320769572256,0.6364072438115992,0.6395972483962789,-8.415974680324279
parent_human_capital,baseline h,1.2,1,0.7760251181618615,1.2,0.8539020115967936,0.407012475269211,0.37524493498470235,0.638326503939261,0.6415261288553652,-8.405011621150695
parent_human_capital,baseline h,1.2,1,0.7826447814976824,1.2,0.8538877199664368,0.4070224011658105,0.3752806665517141,0.6403230973871646,0.6435327302695741,-8.393920013314538
parent_human_capital,baseline h,1.2,1,0.7893850727389358,1.2,0.853738684913264,0.40712588846443554,0.3756532341699168,0.6425282662246922,0.6457489525618982,-8.382712922366828
parent_human_capital,baseline h,1.2,1,0.7962481312580323,1.2,0.8538911887070878,0.4070200072071531,0.375272026860363,0.6443555917158338,0.6475854375601812,-8.371371493739884
parent_human_capital,baseline h,1.2,1,0.8032361450074849,1.2,0.8538288510440512,0.40706328309759876,0.37542784044676225,0.6465000848092732,0.6497406799699843,-8.359908933832285
parent_human_capital,baseline h,1.2,1,0.8103513516567865,1.2,0.8538700566045021,0.40703466921709736,0.37532482890442814,0.6485328822561051,0.6517836668564214,-8.348306905911969
parent_human_capital,baseline h,1.2,1,0.8175960397595149,1.2,0.8537576090444536,0.4071127621764096,0.37560595725659124,0.6508026150779379,0.6540647767613689,-8.336593419616694
parent_human_capital,baseline h,1.2,1,0.8249725499515008,1.2,0.853864755023612,0.4070383417906028,0.37533806324408997,0.6528027940903974,0.6560749817128508,-8.324728466643403
parent_human_capital,baseline h,1.2,1,0.8324832761809209,1.2,0.8538920036480009,0.4070194256213012,0.3752699556940097,0.6549404122805028,0.6582233147587236,-8.312772499191972
parent_human_capital,baseline h,1.2,1,0.8401306669712053,1.2,0.8539032791382006,0.4070116055913223,0.3752417889390556,0.6571291035956267,0.6604229769347193,-8.300666521105802
parent_human_capital,baseline h,1.2,1,0.8479172267176741,1.2,0.8539265240769844,0.40699545966342987,0.3751836687960242,0.6593309588579328,0.6626358690424572,-8.288446438470034
parent_human_capital,baseline h,1.2,1,0.8558455170188431,1.2,0.8539586138985116,0.4069731899976263,0.3751034764963612,0.6615505024759124,0.6648665381691201,-8.276089264253232
parent_human_capital,baseline h,1.2,1,0.8639181580433734,1.2,0.8539274660733399,0.40699480235966073,0.37518130702352714,0.6638874737479263,0.6672152235583828,-8.263602768280794
parent_human_capital,baseline h,1.2,1,0.8721378299336601,1.2,0.8539422920479944,0.4069845001803096,0.37514422834147454,0.6661917039689347,0.6695310037814389,-8.250970295946757
parent_human_capital,baseline h,1.2,1,0.8805072742470966,1.2,0.8537141994114541,0.40714289429830824,0.37571445227289185,0.668864173605051,0.6722168692273524,-8.238210077415426
parent_human_capital,baseline h,1.2,1,0.88902929543607,1.2,0.854099213212338,0.406875532305504,0.3747519365675507,0.670715903694584,0.6740778811525853,-8.225316400693767
parent_human_capital,baseline h,1.2,1,0.8977067623677852,1.2,0.8538375300990351,0.4070572481879958,0.37540612598703604,0.673499757793641,0.6768756893783832,-8.212298673942833
parent_human_capital,baseline h,1.2,1,0.9065426098850453,1.2,0.8541772723748374,0.40682133292462835,0.3745568067423598,0.6754749691876192,0.6788608015606755,-8.199155205360078
parent_human_capital,baseline h,1.2,1,0.9155398404091444,1.2,0.8539275533452135,0.40699474682315373,0.37518109979279873,0.6783084604695188,0.6817084957767304,-8.18588176318206
parent_human_capital,baseline h,1.2,1,0.9247015255860773,1.2,0.8540866455151892,0.40688425903770964,0.3747833540062635,0.680600416360374,0.6840119401442974,-8.17245580286518
parent_human_capital,baseline h,1.2,1,0.9340308079772923,1.2,0.8538370709494157,0.40705758037539,0.37540730266142674,0.6835020615947782,0.6869281299359657,-8.158904062517639
parent_human_capital,baseline h,1.2,1,0.9435309027962627,1.2,0.8541251913668413,0.4068574858140912,0.37468697799159584,0.6856768531745188,0.6891138227038647,-8.145198752602553
parent_human_capital,baseline h,1.2,1,0.9532050996921831,1.2,0.8537829335628148,0.40709516601642437,0.375542625032662,0.6887798217431653,0.6922323449671876,-8.131364410268331
parent_human_capital,baseline h,1.2,1,0.9630567645821445,1.2,0.8539267394839104,0.4069953142669669,0.37518313933273817,0.6912267305175459,0.6946915189228406,-8.11739171751835
parent_human_capital,baseline h,1.2,1,0.9730893415331738,1.2,0.8540377886242698,0.4069181922866489,0.3749055067148919,0.6937539062129604,0.6972313621391438,-8.10329536188303
parent_human_capital,baseline h,1.2,1,0.9833063546955787,1.2,0.8539603720346853,0.40697195984826595,0.3750990612375691,0.6965858874677825,0.7000775387590791,-8.089053617781206
parent_human_capital,baseline h,1.2,1,0.9937114102890687,1.2,0.8538564735321728,0.40704408590727975,0.3753587520275514,0.6994922162488545,0.7029984355737907,-8.074665394630987
parent_human_capital,baseline h,1.2,1,1.0043081986431819,1.2,0.854119707868172,0.4068612852718906,0.37470066831911175,0.7019050803975507,0.7054233942543631,-8.060145997458854
parent_human_capital,baseline h,1.2,1,1.0151004962935855,1.2,0.8538994284911312,0.4070142718307367,0.3752513986632602,0.7050529242469158,0.7085870167366852,-8.04547815774496
parent_human_capital,baseline h,1.2,1,1.0260921681358672,1.2,0.8539050797040105,0.40701033404749365,0.37523724183857576,0.7079110732400633,0.7114594922612802,-8.030670272890468
parent_human_capital,baseline h,1.2,1,1.037287169638491,1.2,0.8540496390131813,0.40690995020931975,0.37487585343894936,0.7106038435890405,0.7141657601778011,-8.015702238992077
parent_human_capital,baseline h,1.2,1,1.0486895491166357,1.2,0.8539310499066806,0.4069923043990087,0.3751723275951784,0.7137182405355859,0.7172957681040056,-8.000616475063552
parent_human_capital,baseline h,1.2,1,1.0603034500686892,1.2,0.8543888802422138,0.40667439438577613,0.3740278116310628,0.71602495922563,0.7196140492696002,-7.9853655730158755
parent_human_capital,baseline h,1.2,1,1.0721331135772334,1.2,0.8541112139743173,0.40686718622618023,0.374721908274232,0.7194506033919592,0.7230568645487702,-7.97000386923902
parent_human_capital,baseline h,1.2,1,1.0841828807763967,1.2,0.8542184824119211,0.40679270760297725,0.37445376601050995,0.7223485065959587,0.7259692935530282,-7.954470294360286
parent_human_capital,baseline h,1.2,1,1.0964571953875313,1.2,0.8539732597328733,0.40696300493066073,0.37506683091735393,0.7258082919337143,0.7294464211369583,-7.938802475112111
parent_human_capital,baseline h,1.2,1,1.1089606063252093,1.2,0.8542238830684206,0.40678895224053524,0.37444025377113554,0.7285721163632601,0.732224099294109,-7.922961517963268
parent_human_capital,baseline h,1.2,1,1.1216977703756155,1.2,0.8538202072865759,0.4070692994950327,0.3754494796226948,0.7323519426128206,0.7360228720015901,-7.906977029810841
parent_human_capital,baseline h,1.2,1,1.1346734549494641,1.2,0.8541823546113956,0.4068177943064363,0.3745440810905069,0.7350287201016066,0.7387130668933748,-7.890853148795349
parent_human_capital,baseline h,1.2,1,1.147892540911644,1.2,0.8540992099891803,0.4068755252344846,0.37475192451730643,0.7384135430476747,0.7421148563350655,-7.874590112521034
parent_human_capital,baseline h,1.2,1,1.1613600254898573,1.2,0.8541197084909686,0.4068612923429099,0.3747006829697168,0.7416849035121901,0.7454026145621478,-7.858186362442267
parent_human_capital,baseline h,1.2,1,1.1750810252645967,1.2,0.854246631499288,0.406773175524375,0.37438342763336196,0.7448374225818687,0.7485709356994228,-7.841614604085572
parent_human_capital,baseline h,1.2,1,1.189060779242872,1.2,0.8540434826901503,0.4069142272509763,0.3748912481719585,0.748534201799615,0.7522862451001109,-7.824874373830758
parent_human_capital,baseline h,1.2,1,1.2033046520181812,1.2,0.8541780203211201,0.40682080687528355,0.3745549225294925,0.7517613455820604,0.7555295650080819,-7.807989060622413
parent_human_capital,baseline h,1.2,1,1.217818137019287,1.2,0.8540252769278136,0.4069268776243862,0.3749367787408606,0.755471819261535,0.759258637514273,-7.79094792581653
parent_human_capital,baseline h,1.2,1,1.2326068598504607,1.2,0.8544338963202971,0.40664312570700994,0.3739152552068446,0.7583650099453775,0.7621663303767686,-7.7737737697004246
parent_human_capital,baseline h,1.2,1,1.247676581725918,1.2,0.8540422292774931,0.4069151127401449,0.37489441424121994,0.7625357165146976,0.7663579426997659,-7.756433763806209
parent_human_capital,baseline h,1.2,1,1.2630332030012734,1.2,0.8542077260992081,0.40680017963428206,0.3744806619108413,0.7658930792079307,0.7697321342435315,-7.738945452074091
parent_human_capital,baseline h,1.2,1,1.2786827668049243,1.2,0.8542263145157586,0.4067872956736944,0.3744342441394214,0.7695239908750836,0.7733812459311545,-7.721258174155194
parent_human_capital,baseline h,1.2,1,1.294631462772364,1.2,0.8541114300927939,0.4068670566409972,0.37472141225176014,0.7734106367437976,0.7772873736933585,-7.703452637015859
parent_human_capital,baseline h,1.2,1,1.31088563088653,1.2,0.8543671168409053,0.4066894811439596,0.3740821624300475,0.7767653253523642,0.7806588777485524,-7.685458208180598
parent_human_capital,baseline h,1.2,1,1.3274517654273796,1.2,0.8542874367708648,0.40674481541246144,0.374281364520052,0.7806939511559041,0.7846071958708812,-7.667341801391707
parent_human_capital,baseline h,1.2,1,1.3443365190339982,1.2,0.8543115741577214,0.40672805627615727,0.37422102739877827,0.7845086900913286,0.7884410562647928,-7.649038061329647
parent_human_capital,baseline h,1.2,1,1.3615467068826452,1.2,0.8541804850680998,0.4068191001737138,0.37454877130712205,0.7886196409585307,0.7925726133589687,-7.63058615341159
parent_human_capital,baseline h,1.2,1,1.3790893109842512,1.2,0.8544562149300122,0.40662761690147636,0.37385943757717677,0.7921342791588365,0.7961048687565668,-7.611951920930789
parent_human_capital,baseline h,1.2,1,1.3969714846049992,1.2,0.854387607436308,0.40667527113468416,0.37403097821460973,0.7962481325129733,0.8002393428864539,-7.593152962809585
parent_human_capital,baseline h,1.2,1,1.4152005568137338,1.2,0.8543438856209443,0.4067056358121126,0.37414028773321906,0.8003749154780987,0.804386811437274,-7.574205042489314
parent_human_capital,baseline h,1.2,1,1.4337840371600625,1.2,0.8546047830071769,0.4065244432780766,0.3734880144734686,0.8040630836190481,0.8080934665979628,-7.555082192167672
parent_human_capital,baseline h,1.2,1,1.4527296204871472,1.2,0.8543371420677417,0.40671028913652074,0.3741570824671432,0.8086584752092181,0.8127118926843359,-7.5358051605026315
parent_human_capital,baseline h,1.2,1,1.4720451918832933,1.2,0.8543610680297836,0.4066937097201284,0.3740973449656938,0.8128369945221616,0.8169113569124968,-7.5163589993121835
parent_human_capital,baseline h,1.2,1,1.4917388317766058,1.2,0.8542617166920606,0.4067626979952423,0.3743457109776628,0.8172716443651943,0.8213682355303717,-7.496709680202125
parent_human_capital,baseline h,1.2,1,1.5118188211770927,1.2,0.8541943480352275,0.4068094667392814,0.37451410012162023,0.8217109156172198,0.8258297587221487,-7.476914821072679
parent_human_capital,baseline h,1.2,1,1.5322936470707536,1.2,0.8547142820728673,0.4064484077198972,0.3732142786021106,0.8252392337182883,0.8293757625912975,-7.4569331172415145
parent_human_capital,baseline h,1.2,1,1.5531720079703377,1.2,0.8544725237597997,0.4066162969468845,0.37381867764547105,0.8300793650528657,0.8342401551851516,-7.4368165356625315
parent_human_capital,baseline h,1.2,1,1.5744628196276003,1.2,0.8544954722740321,0.4066003432117014,0.37376126906324303,0.8345405292946779,0.8387236811057832,-7.416514191451887
parent_human_capital,baseline h,1.2,1,1.5961752209120554,1.2,0.8541161234329409,0.4068637946736923,0.3747096730622346,0.839732188217902,0.8439413633276548,-7.396006655442778
parent_human_capital,baseline h,1.2,1,1.618318579861377,1.2,0.8545019689199966,0.40659584235477564,0.3737450505663187,0.8437058376322853,0.8479349307426156,-7.375346205968542
parent_human_capital,baseline h,1.2,1,1.6409024999087747,1.2,0.8545171174508999,0.4065853234311746,0.37370718116043733,0.8483589369149588,0.8526113537825044,-7.354482113143083
parent_human_capital,baseline h,1.2,1,1.6639368262928396,1.2,0.8545074671813291,0.4065920472671065,0.37373135491562115,0.8531153791353762,0.8573916377687681,-7.333497087318034
parent_human_capital,baseline h,1.2,1,1.6874316526555453,1.2,0.8544652114921789,0.40662135817660405,0.3738369221692859,0.8579897725212151,0.8622904641531307,-7.312290482313814
parent_human_capital,baseline h,1.2,1,1.7113973278342638,1.2,0.8542018664579847,0.406804244301819,0.37449530123394453,0.8633057086085288,0.8676330464809691,-7.290903837324361
parent_human_capital,baseline h,1.2,1,1.7358444628538618,1.2,0.8546131979802224,0.40651860223042424,0.373466982837494,0.8675324327081765,0.8718809571233331,-7.26934834908705
parent_human_capital,baseline h,1.2,1,1.7607839381251333,1.2,0.8547968231570079,0.40639107865778873,0.3730079067438158,0.8722100246726747,0.8765819956151253,-7.247598264586687
parent_human_capital,baseline h,1.2,1,1.7862269108560356,1.2,0.8545207782291536,0.4065827645322374,0.37369799316047925,0.8777476673871533,0.8821473958792221,-7.2256877061059495
parent_human_capital,baseline h,1.2,1,1.8121848226824113,1.2,0.8545032384053477,0.4065949585348482,0.3737418720299246,0.8829066766891983,0.8873322648230073,-7.203578103520384
parent_human_capital,baseline h,1.2,1,1.8386694075250942,1.2,0.8544811794130326,0.4066102919906002,0.3737970512866641,0.8881419650074144,0.8925937951331235,-7.181263133985501
parent_human_capital,baseline h,1.2,1,1.8656926996805347,1.2,0.8544472918673129,0.40663382445997176,0.37388176896622616,0.8934674687867206,0.8979459931112104,-7.158787772683045
parent_human_capital,baseline h,1.2,1,1.8932670421523103,1.2,0.8547770066665218,0.4064048524776752,0.37305747468525674,0.8982215237091394,0.9027238778330946,-7.13611962171826
parent_human_capital,baseline h,1.2,1,1.921405095231136,1.2,0.8544336084040839,0.4066433283092212,0.3739159807438338,0.9042356687365932,0.9087681688879499,-7.113254199582642
parent_human_capital,baseline h,1.2,1,1.9501198453312445,1.2,0.8546278231389307,0.4065084340063865,0.37343039431486413,0.9093693119411355,0.9139275445861396,-7.090207125149128
parent_human_capital,baseline h,1.2,1,1.979424614091259,1.2,0.8545145945218218,0.40658707422810164,0.37371348581087793,0.9151237207535433,0.9197107974927532,-7.066938513933884
parent_human_capital,baseline h,1.2,1,2.009333067747975,1.2,0.8546921978423675,0.40646375261679885,0.3732695078099181,0.9204308606660364,0.9250445395547614,-7.043530599823599
parent_human_capital,baseline h,1.2,1,2.0398592267917226,1.2,0.8548076881160002,0.406383535278697,0.37298074808598536,0.9259226055166294,0.9305638118909726,-7.019877766256587
parent_human_capital,baseline h,1.2,1,2.071017475912293,1.2,0.8544164833184531,0.40665520863660676,0.37395876733661754,0.9324105824104343,0.9370843099042928,-6.996052508539096
parent_human_capital,baseline h,1.2,1,2.1028225742447084,1.2,0.8548522842418698,0.40635257757426696,0.3728692833185469,0.937471844942859,0.9421709421207363,-6.9720353012088765
parent_human_capital,baseline h,1.2,1,2.135289665924415,1.2,0.8547836695703599,0.40640023450836393,0.37304083696770624,0.9435309024831962,0.9482603708133828,-6.947789368582103
parent_human_capital,baseline h,1.2,1,2.168434290961828,1.2,0.8546209091401382,0.40651325560955687,0.37344772297650475,0.949845266018225,0.9546063852273449,-6.9233894490940475
parent_human_capital,baseline h,1.2,1,2.2022723964464688,1.2,0.8549852198618885,0.40626026213288186,0.37253694634513634,0.9552653869719797,0.9600536746504407,-6.898755381304564
parent_human_capital,baseline h,1.2,1,2.23682034809129,1.2,0.8545606363106335,0.4065551172606,0.37359841697226265,0.9622339022981614,0.9670571198050538,-6.873916564300768
parent_human_capital,baseline h,1.2,1,2.2720949421281498,1.2,0.8548570132658762,0.40634927858262415,0.372857428472592,0.9679419468733231,0.972793776072715,-6.848889517154065
parent_human_capital,baseline h,1.2,1,2.308113417565749,1.2,0.8549733735374766,0.4062684796586704,0.37256654252525145,0.9740688152424035,0.9789513554972981,-6.823660695696739
parent_human_capital,baseline h,1.2,1,2.344893468821764,1.2,0.8547393712970907,0.4064309956499542,0.37315157930681064,0.9809445880650225,0.985861593274615,-6.798222018237444
parent_human_capital,baseline h,1.2,1,2.382453258741261,1.2,0.8546023370369089,0.40652613416836636,0.3734941127667626,0.9877278831211858,0.9926788897387426,-6.772546716459868
parent_human_capital,baseline h,1.2,1,2.4208114320139376,1.2,0.854930805092495,0.4062980416358668,0.37267296484097734,0.9937114105704591,0.9986924097441685,-6.746671446324633
parent_human_capital,baseline h,1.2,1,2.4599871290031343,1.2,0.8550536249140557,0.40621274185498735,0.3723658974927171,1.0001749308655217,1.005188328569535,-6.720623291725891
parent_human_capital,baseline h,1.2,1,2.5,1.2,0.8548058556269527,0.4063848243030468,0.37298536486762845,1.0074465089844737,1.0124963556254891,-6.694346324191092
parent_human_capital,baseline h,1.2,2,0.5,1.2,0.7426221850475226,0.5088477576425928,0.7614445292858781,0.7189037477459129,0.7225072677773908,-8.279754000716503
parent_human_capital,baseline h,1.2,2,0.5000203210855501,1.2,0.7426205298202586,0.5088488467656206,0.761448654644169,0.718914636518182,0.7225182111298581,-8.279604130960202
parent_human_capital,baseline h,1.2,2,0.5000812892976928,1.2,0.7426155954419149,0.5088521131030558,0.7614609970758155,0.7189472928084018,0.7225510311104139,-8.279154503484055
parent_human_capital,baseline h,1.2,2,0.5001829195049198,1.2,0.7426073184837674,0.5088575778679565,0.7614816681207581,0.7190017575610883,0.7226057688688092,-8.278405063669114
parent_human_capital,baseline h,1.2,2,0.5003252364947652,1.2,0.7425957618283952,0.5088652225481538,0.7615105629108179,0.7190780018209089,0.7226823953045728,-8.277355720460692
parent_human_capital,baseline h,1.2,2,0.5005082749838822,1.2,0.742580907431861,0.5088750498445368,0.7615477056155484,0.7191760422082526,0.722780927121403,-8.276006346358699
parent_human_capital,baseline h,1.2,2,0.500732079632158,1.2,0.742562746752548,0.508887068497366,0.761593124599478,0.7192958991915556,0.7229013848903348,-8.274356777384817
parent_human_capital,baseline h,1.2,2,0.5009967050608752,1.2,0.7425413109099162,0.5089012300411537,0.7616466788234204,0.7194375390411794,0.7230437347126594,-8.272406813039659
parent_human_capital,baseline h,1.2,2,0.5013022158749305,1.2,0.7425187079581468,0.5089161899150433,0.7617032107691717,0.719599252770813,0.7232062590357363,-8.270156216305779
parent_human_capital,baseline h,1.2,2,0.5016486866891229,1.2,0.7425066334461293,0.5089241651133936,0.7617333730310475,0.7197712417178959,0.723379110081004,-8.267604988465859
parent_human_capital,baseline h,1.2,2,0.502036202158526,1.2,0.7424752526437153,0.5089449333807277,0.761811856263775,0.7199785080002977,0.7235874152899696,-8.264752650677806
parent_human_capital,baseline h,1.2,2,0.502464857012963,1.2,0.742442477158872,0.5089666056493996,0.7618937844539664,0.7202060658081191,0.7238161137360495,-8.261598789669032
parent_human_capital,baseline h,1.2,2,0.5029347560956027,1.2,0.7424025756787147,0.5089930009210251,0.7619935504101703,0.7204587565933797,0.7240700711391422,-8.258143021571746
parent_human_capital,baseline h,1.2,2,0.5034460144056994,1.2,0.7423640057611116,0.5090184938605544,0.7620899383146258,0.7207295090172475,0.7243421807151824,-8.254384926393692
parent_human_capital,baseline h,1.2,2,0.5039987571454999,1.2,0.7423194571678121,0.5090479703479251,0.7622013395812824,0.7210245086073921,0.7246386589969261,-8.250324070234672
parent_human_capital,baseline h,1.2,2,0.5045931197713469,1.2,0.7422715270890906,0.5090796594048002,0.7623211404409963,0.721341575224455,0.7249573149170206,-8.245959935410156
parent_human_capital,baseline h,1.2,2,0.5052292480490046,1.2,0.7423810577346535,0.5090072294424696,0.7620473386408677,0.7215460769761172,0.7251628417379791,-8.241293096098024
parent_human_capital,baseline h,1.2,2,0.5059072981132409,1.2,0.7426417378349597,0.5088348121061268,0.7613956160217361,0.7216430961408149,0.7252603472132635,-8.236333935977747
parent_human_capital,baseline h,1.2,2,0.5066274365316988,1.2,0.7426133879470507,0.5088535643667964,0.7614664960368438,0.7220016192052358,0.7256206673820232,-8.23107504288884
parent_human_capital,baseline h,1.2,2,0.507389840373095,1.2,0.7428120200701464,0.508722213052284,0.760969959132434,0.7221891066028062,0.7258090945640852,-8.225520580505563
parent_human_capital,baseline h,1.2,2,0.5081946972797818,1.2,0.7427828106311125,0.5087415186147279,0.7610429535870904,0.7225870809503135,0.7262090637663109,-8.21966444028647
parent_human_capital,baseline h,1.2,2,0.5090422055447187,1.2,0.7427429174638001,0.5087679138863537,0.7611427112304503,0.7230135116068548,0.726637631915413,-8.213505013729517
parent_human_capital,baseline h,1.2,2,0.5099325741928927,1.2,0.7428742732595842,0.5086810359574396,0.7608143162918891,0.7233155678403522,0.7269412022120815,-8.207044393479812
parent_human_capital,baseline h,1.2,2,0.5108660230672385,1.2,0.7427997861830964,0.5087302939218703,0.7610005204317056,0.7238100958760832,0.7274382090799072,-8.200283172957164
parent_human_capital,baseline h,1.2,2,0.5118427829191048,1.2,0.7427219916135023,0.5087817361717277,0.7611949860239765,0.7243270426348702,0.7279577470451057,-8.193214862881451
parent_human_capital,baseline h,1.2,2,0.5128630955033207,1.2,0.7426408529792659,0.5088354024322392,0.7613978397370527,0.7248665092157465,0.7284999177134716,-8.185838595913573
parent_human_capital,baseline h,1.2,2,0.5139272136779165,1.2,0.7425563830467978,0.5088912714903466,0.7616090206933084,0.7254285362467737,0.7290647619167155,-8.178153466158658
parent_human_capital,baseline h,1.2,2,0.5150354015085564,1.2,0.7424704451429419,0.5089481071573179,0.7618238618898553,0.7260116157120022,0.7296507640799262,-8.170158528965054
parent_human_capital,baseline h,1.2,2,0.5161879343777439,1.2,0.742398175654845,0.5089959165588971,0.7620045631007337,0.7266030760351218,0.7302451891102528,-8.161853337794915
parent_human_capital,baseline h,1.2,2,0.5173850990988615,1.2,0.7423799992163329,0.509007930841596,0.7620499879324067,0.7271688712909952,0.7308138204266484,-8.153237239938372
parent_human_capital,baseline h,1.2,2,0.5186271940351138,1.2,0.7426862748455009,0.5088053672413159,0.7612842980578037,0.7274809360600044,0.7311274494268217,-8.144332622534066
parent_human_capital,baseline h,1.2,2,0.5199145292234401,1.2,0.742792556363363,0.5087350757998135,0.7610185955506141,0.727981451606868,0.7316304738183045,-8.135125709858197
parent_human_capital,baseline h,1.2,2,0.5212474265034702,1.2,0.7429526124485941,0.5086292244958499,0.7606184687079935,0.7284564449820401,0.7321078481076777,-8.12561859910797
parent_human_capital,baseline h,1.2,2,0.5226262196515982,1.2,0.7428733043606621,0.508681681820059,0.7608167500072318,0.7291538259370944,0.7328087246993162,-8.115815065013521
parent_human_capital,baseline h,1.2,2,0.5240512545202515,1.2,0.7428241909563247,0.5087141506948669,0.7609395028196335,0.7298459263707284,0.7335042943008107,-8.105696775284686
parent_human_capital,baseline h,1.2,2,0.5255228891824385,1.2,0.7427097301437835,0.5087898655068016,0.7612256848256427,0.7306137153339904,0.7342759318222667,-8.09526640658367
parent_human_capital,baseline h,1.2,2,0.5270414940816569,1.2,0.7425936847294824,0.5088665910229577,0.7615157437105856,0.731403299115601,0.7350694734090527,-8.08451843536454
parent_human_capital,baseline h,1.2,2,0.5286074521872524,1.2,0.7424724521710797,0.508946778407741,0.761818841257677,0.7322178723319388,0.735888129690629,-8.073451526105845
parent_human_capital,baseline h,1.2,2,0.5302211591553182,1.2,0.7425549648989127,0.5088922081458919,0.76161256317597,0.7328802571532498,0.7365538347296736,-8.062070497748637
parent_human_capital,baseline h,1.2,2,0.5318830234952302,1.2,0.7429144259602132,0.5086544751079408,0.7607139235845968,0.7333278557768508,0.7370036769507121,-8.050410401863225
parent_human_capital,baseline h,1.2,2,0.5335934667419154,1.2,0.7428031721651059,0.5087280584700666,0.7609920644450053,0.7341958323428519,0.7378760042673559,-8.038441168154723
parent_human_capital,baseline h,1.2,2,0.5353529236339561,1.2,0.742757727835809,0.5087581024012504,0.7611056484102271,0.7350287198505263,0.738713066641036,-8.026149293198376
parent_human_capital,baseline h,1.2,2,0.537161842297634,1.2,0.742825055665354,0.5087135718099041,0.7609373251995084,0.7357864990395462,0.7394746442140477,-8.01355820742557
parent_human_capital,baseline h,1.2,2,0.5390206844370244,1.2,0.7426859060580497,0.5088056024977348,0.7612852004068129,0.7367411545558649,0.7404340849610553,-8.000643507086448
parent_human_capital,baseline h,1.2,2,0.5409299255302531,1.2,0.7427536864325082,0.5087607784125733,0.761115759007208,0.737540531176062,0.7412374684732357,-7.987406483038091
parent_human_capital,baseline h,1.2,2,0.5428900550320312,1.2,0.7426683202377862,0.5088172317574216,0.761329161388046,0.7384917376262867,0.7421934428656338,-7.973863335523104
parent_human_capital,baseline h,1.2,2,0.5449015765825912,1.2,0.7430051059156602,0.5085944972869392,0.7604872139311178,0.7391034258613737,0.7428081972007585,-7.960019021784236
parent_human_capital,baseline h,1.2,2,0.5469650082231464,1.2,0.7428500447856337,0.508697052300149,0.7608748698311043,0.7401568786979272,0.7438669304916299,-7.9458658870259615
parent_human_capital,baseline h,1.2,2,0.5490808826180046,1.2,0.7427140285417506,0.5087870212167166,0.7612149355777627,0.7412157290654946,0.7449310883687515,-7.931381837185365
parent_human_capital,baseline h,1.2,2,0.5512497472834679,1.2,0.7428512615900438,0.5086962566709364,0.7608718485396402,0.7420620671583191,0.7457816687489205,-7.916578775804597
parent_human_capital,baseline h,1.2,2,0.5534721648236569,1.2,0.7428982416620091,0.5086651693813233,0.7607543624948321,0.743007312974604,0.7467316526295767,-7.901471912234831
parent_human_capital,baseline h,1.2,2,0.5557487131734017,1.2,0.7427313733225178,0.5087755585665509,0.7611715935064196,0.7441581073243023,0.7478882153599579,-7.886039873362009
parent_human_capital,baseline h,1.2,2,0.5580799858483445,1.2,0.743117001884624,0.5085205033186128,0.7602074996419896,0.744855691208747,0.7485892958981744,-7.870293606537752
parent_human_capital,baseline h,1.2,2,0.5604665922024078,1.2,0.7429420886827571,0.5086361819189595,0.7606447719094434,0.7460575275669461,0.7497971564861887,-7.854248965068733
parent_human_capital,baseline h,1.2,2,0.5629091576927818,1.2,0.7427649093314804,0.5087533646186646,0.761087721623651,0.7472837907292733,0.7510295663181962,-7.837863315406536
parent_human_capital,baseline h,1.2,2,0.5654083241525933,1.2,0.7428204316494812,0.5087166399152583,0.7609489076783248,0.7483317910597432,0.7520828197721832,-7.821153502777076
parent_human_capital,baseline h,1.2,2,0.5679647500714233,1.2,0.742934289642659,0.508641333008635,0.7606642536209252,0.7493516689929426,0.7531078098647968,-7.80413719407704
parent_human_capital,baseline h,1.2,2,0.5705791108838415,1.2,0.7427467260372409,0.5087654017836627,0.7611332052081061,0.7506547695746411,0.7544174422653429,-7.7867845917940155
parent_human_capital,baseline h,1.2,2,0.5732520992661372,1.2,0.74305250333793,0.5085631545594971,0.7603687312030094,0.7515534048818764,0.7553205820008007,-7.769135282376551
parent_human_capital,baseline h,1.2,2,0.5759844254414287,1.2,0.7430845201459855,0.5085419659140539,0.7602886585470889,0.7527117536013477,0.7564847369673908,-7.7511548933358485
parent_human_capital,baseline h,1.2,2,0.578776817493336,1.2,0.7429418822675028,0.5086363131733836,0.7606452760097312,0.7540448033496155,0.7578244686553285,-7.732856119413874
parent_human_capital,baseline h,1.2,2,0.5816300216884137,1.2,0.7427404451206383,0.5087695536102665,0.7611489024674463,0.7554524098587793,0.7592391308214812,-7.71420427330463
parent_human_capital,baseline h,1.2,2,0.5845448028075416,1.2,0.7428597483603769,0.5086906367376642,0.7608506157606456,0.7566043486986144,0.7603968437787797,-7.695235531611489
parent_human_capital,baseline h,1.2,2,0.5875219444864789,1.2,0.743152713813919,0.5084968608078749,0.7601181664983415,0.7576278700024934,0.7614254955045446,-7.675963957846649
parent_human_capital,baseline h,1.2,2,0.5905622495657936,1.2,0.7431614376061919,0.5084911139903088,0.7600964089238285,0.7589226271880394,0.762726742687491,-7.656380285843324
parent_human_capital,baseline h,1.2,2,0.5936665404503856,1.2,0.7430099120428033,0.5085913322506096,0.7604752295015795,0.7603812932049531,0.7641927202982414,-7.636446967121527
parent_human_capital,baseline h,1.2,2,0.5968356594788269,1.2,0.7427909578735359,0.5087361349695225,0.7610225962373414,0.7619232342118493,0.7657423903165986,-7.616158812151415
parent_human_capital,baseline h,1.2,2,0.600070469302753,1.2,0.7429714696593407,0.5086167467713325,0.7605713120180416,0.7631393537525684,0.7669646056818831,-7.595529970523983
parent_human_capital,baseline h,1.2,2,0.6033718532765401,1.2,0.7433820292035235,0.5083452117388663,0.7595449110202251,0.7641769479329985,0.7680074008247861,-7.5746475486567535
parent_human_capital,baseline h,1.2,2,0.6067407158575169,1.2,0.7431708238330095,0.5084848791793837,0.7600728821458329,0.7657851899913429,0.7696237042299949,-7.553420432808803
parent_human_capital,baseline h,1.2,2,0.6101779830169621,1.2,0.7429377037410161,0.5086390703044019,0.7606557077093674,0.7674378135522774,0.7712846116010015,-7.531822998615624
parent_human_capital,baseline h,1.2,2,0.6136846026621482,1.2,0.7429935882064485,0.5086021305259869,0.7605160438264897,0.7688606919296549,0.7727146221859258,-7.509861496323231
parent_human_capital,baseline h,1.2,2,0.6172615450697004,1.2,0.7435746677985734,0.5082178096487466,0.7590633244847839,0.7698437547156393,0.773702612594631,-7.487609463682018
parent_human_capital,baseline h,1.2,2,0.6209098033305457,1.2,0.7433299576331789,0.5083796525249814,0.7596750942934791,0.7715819147926128,0.7754494852352475,-7.465067722466257
parent_human_capital,baseline h,1.2,2,0.6246303938067362,1.2,0.7431055153233938,0.5085280951631921,0.760236204506726,0.7733279783475515,0.7772043009701771,-7.442146897664433
parent_human_capital,baseline h,1.2,2,0.6284243566004422,1.2,0.7430801838309529,0.5085448499293661,0.7602995358088493,0.7749232146313197,0.7788075334090935,-7.418862406277277
parent_human_capital,baseline h,1.2,2,0.6322927560354111,1.2,0.7433916589658813,0.5083388517128884,0.7595208567189498,0.776244396532539,0.7801353377621516,-7.395241480429238
parent_human_capital,baseline h,1.2,2,0.6362366811512086,1.2,0.743464577173415,0.5082906229648483,0.7593385557108612,0.7778031966938248,0.7817019514417614,-7.371334079216927
parent_human_capital,baseline h,1.2,2,0.6402572462105554,1.2,0.7432033216130637,0.5084634111821644,0.7599916949480855,0.7796863664219913,0.7835945605974721,-7.347069129528136
parent_human_capital,baseline h,1.2,2,0.6443555912200942,1.2,0.7431688394749556,0.5084862052280715,0.7600778739823109,0.7813936639412563,0.7853104159811657,-7.322445796581505
parent_human_capital,baseline h,1.2,2,0.6485328824649206,1.2,0.7434443811968514,0.5083039632962347,0.7593890075590088,0.7828496727618859,0.7867737230763802,-7.297460272888909
parent_human_capital,baseline h,1.2,2,0.652790313057229,1.2,0.7435225821773804,0.5082522487656205,0.759193518023047,0.7845086905419438,0.7884410567176667,-7.272160153355005
parent_human_capital,baseline h,1.2,2,0.6571291034994325,1.2,0.7434874911266104,0.5082754577878583,0.7592812471362526,0.7862963015324788,0.7902376281455802,-7.246536642557082
parent_human_capital,baseline h,1.2,2,0.6615505022621248,1.2,0.7432295958381081,0.5084460246954097,0.7599259881710809,0.7883119473710225,0.7922633774509349,-7.2205439367145345
parent_human_capital,baseline h,1.2,2,0.6660557863772645,1.2,0.7434746036936826,0.5082839721459445,0.7593134451333197,0.7899017168148114,0.7938611156472223,-7.194184220812739
parent_human_capital,baseline h,1.2,2,0.6706462620469753,1.2,0.743450854882498,0.5082996862545782,0.7593728335428857,0.7917613791372858,0.7957300995658797,-7.16748972370752
parent_human_capital,baseline h,1.2,2,0.6753232652683625,1.2,0.74351824296619,0.5082551132371156,0.7592043538555882,0.7935663133423086,0.797544081041255,-7.140481252029527
parent_human_capital,baseline h,1.2,2,0.6800881624747613,1.2,0.7432239300755916,0.5084497713175912,0.7599401512727053,0.7957275270519072,0.7997161278796545,-7.113079031907768
parent_human_capital,baseline h,1.2,2,0.6849423511938463,1.2,0.7434826481672895,0.5082786827308252,0.7592934042662222,0.7974149393487042,0.8014119983657877,-7.08533380209005
parent_human_capital,baseline h,1.2,2,0.6898872607230374,1.2,0.7434204711951411,0.5083197901471241,0.7594488128585364,0.7994224677110557,0.8034295895059312,-7.0572536877298155
parent_human_capital,baseline h,1.2,2,0.6949243528226603,1.2,0.7435014450573214,0.508266243699887,0.7592463956540225,0.8013282582928771,0.8053449329027977,-7.028808908121323
parent_human_capital,baseline h,1.2,2,0.7000551224273222,1.2,0.7436114998133873,0.5081934428565831,0.7589712285853433,0.8032361452488072,0.8072623831818918,-6.9999764340686275
parent_human_capital,baseline h,1.2,2,0.7052810983759861,1.2,0.7436578194697236,0.5081628031975086,0.758855418182226,0.8052313964852262,0.8092676356567532,-6.9708605335397635
parent_human_capital,baseline h,1.2,2,0.7106038441612367,1.2,0.7433665393894273,0.5083554610825993,0.759583646345908,0.8075663754311962,0.811614318733396,-6.941331896990922
parent_human_capital,baseline h,1.2,2,0.7160249586982449,1.2,0.7433674376120354,0.5083548636854676,0.7595813932266051,0.8096631648469833,0.8137216183498676,-6.911433163455026
parent_human_capital,baseline h,1.2,2,0.7215460771139571,1.2,0.7439030639016064,0.5080006123225997,0.7582423248460499,0.811296394751533,0.815363034853382,-6.88122245030179
parent_human_capital,baseline h,1.2,2,0.7271688715570458,1.2,0.7435712947811977,0.5082200451005502,0.7590717675068503,0.81376047406205,0.8178394654128421,-6.850645988101919
parent_human_capital,baseline h,1.2,2,0.7328950520291776,1.2,0.7435608125664095,0.5082269769404715,0.7590979711345798,0.8159585830051608,0.8200485924228815,-6.819636990736686
parent_human_capital,baseline h,1.2,2,0.7387263672381705,1.2,0.7440495141881882,0.5079037546298204,0.7578762013122444,0.8177237183338583,0.8218225755292337,-6.788316770873129
parent_human_capital,baseline h,1.2,2,0.7446646054736273,1.2,0.7437549963962015,0.5080985439647201,0.758612501315784,0.8202477332505093,0.824359242123304,-6.756670144333533
parent_human_capital,baseline h,1.2,2,0.7507115955056528,1.2,0.7436875107578547,0.50814317688882,0.7587812144259893,0.822592494286515,0.8267157563229129,-6.724579741862786
parent_human_capital,baseline h,1.2,2,0.7568692075072764,1.2,0.7436669134030699,0.5081567982412243,0.7588327050080269,0.8249255171345272,0.8290604734966163,-6.692126847088668
parent_human_capital,baseline h,1.2,2,0.7631393540012239,1.2,0.7438703961685177,0.5080222290547645,0.758324019327688,0.8270806659388443,0.8312264250292702,-6.659374290734381
parent_human_capital,baseline h,1.2,2,0.7695239908317001,1.2,0.7438373734543441,0.5080440679329573,0.7584065726176034,0.8294896962675868,0.8336475306727864,-6.626199531011321
parent_human_capital,baseline h,1.2,2,0.7760251181618615,1.2,0.7435229126563692,0.5082520407616311,0.7591927157910101,0.8321967433028047,0.8363681468377356,-6.592610686324802
parent_human_capital,baseline h,1.2,2,0.7826447814976824,1.2,0.7440297321800182,0.507916839523378,0.7579256598590032,0.8341627952751902,0.8383440536866434,-6.558730590924123
parent_human_capital,baseline h,1.2,2,0.7893850727389358,1.2,0.74391902152496,0.5079900721859407,0.7582024621927537,0.836744599926017,0.8409387996871375,-6.524448110573043
parent_human_capital,baseline h,1.2,2,0.7962481312580323,1.2,0.7436219200182597,0.5081865638522798,0.758945206798711,0.8395374794829478,0.843745678611105,-6.4897419274910595
parent_human_capital,baseline h,1.2,2,0.8032361450074849,1.2,0.7441436369160769,0.5078414955924165,0.7576408750875238,0.8415869389033097,0.8458054109895622,-6.454690987257173
parent_human_capital,baseline h,1.2,2,0.8103513516567865,1.2,0.7440473696316053,0.5079051759402423,0.7578815694008642,0.8442578290887691,0.8484896890677892,-6.419294117343981
parent_human_capital,baseline h,1.2,2,0.8175960397595149,1.2,0.7437144540071776,0.5081253515117874,0.7587138432215561,0.8471901685827046,0.851436726974605,-6.38344351169387
parent_human_capital,baseline h,1.2,2,0.8249725499515008,1.2,0.744231043867076,0.5077836933165814,0.7574223725749308,0.8493450460943871,0.8536024058547641,-6.347214598675832
parent_human_capital,baseline h,1.2,2,0.8324832761809209,1.2,0.7441263538611369,0.5078529424313024,0.757684119573057,0.8521300379347343,0.8564013575248045,-6.310691060986529
parent_human_capital,baseline h,1.2,2,0.8401306669712053,1.2,0.7437327379276707,0.5081132756532101,0.7586681712538098,0.8552297349262679,0.8595165918121658,-6.273673650604263
parent_human_capital,baseline h,1.2,2,0.8479172267176741,1.2,0.7442467780299808,0.5077732898361247,0.7573830433183502,0.8574909660872568,0.8617891574415172,-6.236301312562606
parent_human_capital,baseline h,1.2,2,0.8558455170188431,1.2,0.7441803785396596,0.5078172001480401,0.7575490313960956,0.8603484480522363,0.8646609625944515,-6.1985907338997475
parent_human_capital,baseline h,1.2,2,0.8639181580433734,1.2,0.7438026894688188,0.5080669932332889,0.7584932511842803,0.8635455645571586,0.8678741047125446,-6.160392365239806
parent_human_capital,baseline h,1.2,2,0.8721378299336601,1.2,0.7442844482820264,0.5077483714114279,0.7572888580790923,0.8659453091080777,0.8702858780330824,-6.1218675542775145
parent_human_capital,baseline h,1.2,2,0.8805072742470966,1.2,0.7442377470663598,0.5077792550671818,0.7574056034260087,0.868896345922731,0.8732517069813261,-6.082948079289999
parent_human_capital,baseline h,1.2,2,0.88902929543607,1.2,0.744087959617176,0.5078783357389672,0.757780105838802,0.8719868419402725,0.8763576941746215,-6.043569583862756
parent_human_capital,baseline h,1.2,2,0.8977067623677852,1.2,0.7442754593597616,0.5077543295714657,0.7573113601083226,0.8747856620626442,0.8791705434412381,-6.00386093596684
parent_human_capital,baseline h,1.2,2,0.9065426098850453,1.2,0.7442422235577776,0.5077762997040829,0.7573944241710827,0.8778399025135685,0.8822400933361323,-5.963713776496665
parent_human_capital,baseline h,1.2,2,0.9155398404091444,1.2,0.7446408989254761,0.5075126244268227,0.7563977332745578,0.8805072746949159,0.8849208357761785,-5.923151101549431
parent_human_capital,baseline h,1.2,2,0.9247015255860773,1.2,0.7442627431590714,0.5077627382583159,0.7573431472107892,0.8839819025677651,0.888412880293719,-5.882231982688493
parent_human_capital,baseline h,1.2,2,0.9340308079772923,1.2,0.7444930842069502,0.5076103877901808,0.75676727530118,0.8868946396404324,0.891340217521721,-5.840854872409776
parent_human_capital,baseline h,1.2,2,0.9435309027962627,1.2,0.7446736683432942,0.5074909423862425,0.756315788988704,0.8898964476788135,0.8943570721855104,-5.799103008907976
parent_human_capital,baseline h,1.2,2,0.9532050996921831,1.2,0.7442261620462303,0.5077869324015869,0.757434600640569,0.8935661451126246,0.8980451640542563,-5.756917485591872
parent_human_capital,baseline h,1.2,2,0.9630567645821445,1.2,0.7444773182513611,0.5076208309958645,0.7568067264472598,0.8965802314677424,0.901074358580101,-5.714319579313573
parent_human_capital,baseline h,1.2,2,0.9730893415331738,1.2,0.7446178296808473,0.5075278979759373,0.7564554429285787,0.8997462542379189,0.9042562511054544,-5.671339218522232
parent_human_capital,baseline h,1.2,2,0.9833063546955787,1.2,0.7444687053930686,0.5076265195760347,0.756828241005378,0.9032462021404121,0.9077737425698156,-5.627909258673066
parent_human_capital,baseline h,1.2,2,0.9937114102890687,1.2,0.7445645731751676,0.5075631142098549,0.7565885698527832,0.9065426099808233,0.9110866737232881,-5.584025662318382
parent_human_capital,baseline h,1.2,2,1.0043081986431819,1.2,0.7448496024318118,0.5073745994111074,0.75587598903258,0.9096902698873045,0.9142501113407089,-5.539812426593742
parent_human_capital,baseline h,1.2,2,1.0151004962935855,1.2,0.7443795412326558,0.507685489393704,0.757051148712265,0.9136487634158277,0.9182284469006156,-5.495106958956313
parent_human_capital,baseline h,1.2,2,1.0260921681358672,1.2,0.74494321489575,0.5073126698602087,0.7556419203472033,0.9165999270066304,0.9211944032604769,-5.449981987831941
parent_human_capital,baseline h,1.2,2,1.037287169638491,1.2,0.7447480447914283,0.5074417513994685,0.7561298473825664,0.9203698757845191,0.9249832489852534,-5.404497597255952
parent_human_capital,baseline h,1.2,2,1.0486895491166357,1.2,0.7445445508407076,0.5075763461691167,0.7566386022708493,0.9241954302801365,0.9288279791525789,-5.358448026418985
parent_human_capital,baseline h,1.2,2,1.0603034500686892,1.2,0.7450602578294574,0.5072352712290036,0.7553493373179228,0.9273275884001316,0.9319758372804854,-5.312107765597466
parent_human_capital,baseline h,1.2,2,1.0721331135772334,1.2,0.7446474084150865,0.5075083332431274,0.7563814913803266,0.9314633883813819,0.9361323680454121,-5.2652865225265835
parent_human_capital,baseline h,1.2,2,1.0841828807763967,1.2,0.7454151722934792,0.5070005507598996,0.754462076829973,0.9344245594237403,0.9391083820193885,-5.217939697444935
parent_human_capital,baseline h,1.2,2,1.0964571953875313,1.2,0.744994112937916,0.5072790274041954,0.7555147212147993,0.9386663685977531,0.9433714533503677,-5.170326041492702
parent_human_capital,baseline h,1.2,2,1.1089606063252093,1.2,0.7445958597231335,0.5075423987781387,0.7565103007056853,0.9429355881502364,0.9476620724549112,-5.1221032240137365
parent_human_capital,baseline h,1.2,2,1.1216977703756155,1.2,0.7452835327690317,0.5070875969675758,0.7547911371534304,0.9461192559874807,0.950861698493599,-5.073565228086413
parent_human_capital,baseline h,1.2,2,1.1346734549494641,1.2,0.7448220820421909,0.507392788598094,0.7559447624982862,0.9505560814981444,0.9553207636846845,-5.0245332463855705
parent_human_capital,baseline h,1.2,2,1.147892540911644,1.2,0.7452547683054876,0.5071066373202822,0.7548630851369126,0.9541034303578532,0.9588858937045481,-4.975015074342462
parent_human_capital,baseline h,1.2,2,1.1613600254898573,1.2,0.7450957962662956,0.5072117643428202,0.7552604852632205,0.9583251194607321,0.963128744112117,-4.925137640755487
parent_human_capital,baseline h,1.2,2,1.1750810252645967,1.2,0.7449474025882734,0.5073099039889299,0.75563145965862,0.9625884596957073,0.9674134544289508,-4.874707739890047
parent_human_capital,baseline h,1.2,2,1.189060779242872,1.2,0.7454122594244177,0.5070024610953283,0.7544693223397869,0.9662515937572042,0.9710949500263417,-4.8238932515123345
parent_human_capital,baseline h,1.2,2,1.2033046520181812,1.2,0.7452063055373386,0.5071386656355709,0.7549841881241361,0.9706820362820369,0.9755476002367466,-4.7726104877808435
parent_human_capital,baseline h,1.2,2,1.217818137019287,1.2,0.745356323737113,0.5070394782609018,0.7546092129586122,0.9747855778282941,0.9796717108706017,-4.720848493714795
parent_human_capital,baseline h,1.2,2,1.2326068598504607,1.2,0.7455140936800786,0.5069351239852771,0.75421476751853,0.9789339781639077,0.9838409051494308,-4.668643361110927
parent_human_capital,baseline h,1.2,2,1.247676581725918,1.2,0.7455146381521448,0.5069347504034145,0.7542133757627992,0.9833063552421717,0.9882351988590048,-4.615940303586762
parent_human_capital,baseline h,1.2,2,1.2630332030012734,1.2,0.7452203811301666,0.5071293687586629,0.7549490272144809,0.98805456626246,0.993007210386077,-4.562803867315894
parent_human_capital,baseline h,1.2,2,1.2786827668049243,1.2,0.7452871226240342,0.5070852346314783,0.7547821895201584,0.9924683909854591,0.9974431594975701,-4.509219348387656
parent_human_capital,baseline h,1.2,2,1.294631462772364,1.2,0.7454221170411766,0.506995944231738,0.7544446844764054,0.9968643230301382,1.0018611262433195,-4.455132830503257
parent_human_capital,baseline h,1.2,2,1.31088563088653,1.2,0.7455673390096642,0.50689989631021,0.7540816258218923,1.0013059438169083,1.0063250107469328,-4.400591317747054
parent_human_capital,baseline h,1.2,2,1.3274517654273796,1.2,0.7456460997894495,0.5068478152687523,0.7538847452400809,1.005878382433524,1.0109203688074928,-4.345548830401776
parent_human_capital,baseline h,1.2,2,1.3443365190339982,1.2,0.7454657897998231,0.5069670509994602,0.7543354818669528,1.0107962356818578,1.0158628728978172,-4.290038786408733
parent_human_capital,baseline h,1.2,2,1.3615467068826452,1.2,0.7458938148174641,0.5066839863391716,0.7532654661997771,1.0151004965131996,1.0201887089263606,-4.234020773750846
parent_human_capital,baseline h,1.2,2,1.3790893109842512,1.2,0.7456759835345632,0.5068280523038615,0.7538100390905946,1.0201822078198548,1.0252958924169417,-4.177599700041074
parent_human_capital,baseline h,1.2,2,1.3969714846049992,1.2,0.7455196909520705,0.5069314127181925,0.7542007530927903,1.0252587803799882,1.0303979114029271,-4.12059042022977
parent_human_capital,baseline h,1.2,2,1.4152005568137338,1.2,0.7459325596023705,0.5066583480031795,0.7531685736688409,1.0297601398349059,1.0349218340160082,-4.063195027069984
parent_human_capital,baseline h,1.2,2,1.4337840371600625,1.2,0.7457702346388071,0.5067657104775212,0.753574396724211,1.0349702231850806,1.040158033017655,-4.005194326631868
parent_human_capital,baseline h,1.2,2,1.4527296204871472,1.2,0.7461811104591427,0.5064939788822153,0.7525472336457217,1.039596984303398,1.0448079858725894,-3.94679974550934
parent_human_capital,baseline h,1.2,2,1.4720451918832933,1.2,0.7456086811706578,0.5068725512726481,0.7539782651157082,1.0454034648457697,1.0506435715197993,-3.887857056873597
parent_human_capital,baseline h,1.2,2,1.4917388317766058,1.2,0.7464224120851215,0.5063343758279144,0.7519439522925886,1.0496987721193456,1.0549604091106815,-3.8283951290283826
parent_human_capital,baseline h,1.2,2,1.5118188211770927,1.2,0.7458401152165874,0.5067194950352563,0.753399699523374,1.0556542833761535,1.0609457724918927,-3.7685145218381337
parent_human_capital,baseline h,1.2,2,1.5322936470707536,1.2,0.7464562408756675,0.5063120092311356,0.7518593960605481,1.0603034500309445,1.0656182431915195,-3.7079659708725603
parent_human_capital,baseline h,1.2,2,1.5531720079703377,1.2,0.7460598647296546,0.5065741575267378,0.7528503245409868,1.0661863650078462,1.0715306464024572,-3.647129593343852
parent_human_capital,baseline h,1.2,2,1.5744628196276003,1.2,0.7457521978394303,0.5067776507115439,0.7536195139743515,1.072039741053919,1.0774133626180589,-3.585548548046901
parent_human_capital,baseline h,1.2,2,1.5961752209120554,1.2,0.7462747243183272,0.5064320520322056,0.7523131696907153,1.076999535608259,1.0823980182460606,-3.5236819632232903
parent_human_capital,baseline h,1.2,2,1.618318579861377,1.2,0.74595970288027,0.5066404125847808,0.7531007528620131,1.0830063347393675,1.0884349265831121,-3.4611164376784624
parent_human_capital,baseline h,1.2,2,1.6409024999087747,1.2,0.7464279260813368,0.5063307402787469,0.7519301928708612,1.0881683920774718,1.093622858841301,-3.3981514985380255
parent_human_capital,baseline h,1.2,2,1.6639368262928396,1.2,0.7461579505668353,0.5065092850855377,0.7526051080071644,1.0942711870983837,1.099756244249556,-3.3345877904941466
parent_human_capital,baseline h,1.2,2,1.6874316526555453,1.2,0.7466223171928446,0.506202168977552,0.7514442020482435,1.0995807468702619,1.1050924183005448,-3.2705246780917436
parent_human_capital,baseline h,1.2,2,1.7113973278342638,1.2,0.7463855728257878,0.5063587453209668,0.7520360615621651,1.1057967034841831,1.1113395325266544,-3.2059425067802456
parent_human_capital,baseline h,1.2,2,1.7358444628538618,1.2,0.7465210041686337,0.5062691782703395,0.7516974921484965,1.1116468311961498,1.1172189841258078,-3.1407733323239215
parent_human_capital,baseline h,1.2,2,1.7607839381251333,1.2,0.7465645252571785,0.5062403934101867,0.7515886869971248,1.1176841132056952,1.1232865281373599,-3.0751570280059717
parent_human_capital,baseline h,1.2,2,1.7862269108560356,1.2,0.7465870587357448,0.5062254776316544,0.7515323245328476,1.1238255034164197,1.1294587021946214,-3.0089128276018493
parent_human_capital,baseline h,1.2,2,1.8121848226824113,1.2,0.746681371574654,0.5061631145922558,0.7512965723205823,1.1299600088826074,1.1356239569974205,-2.942213650535875
parent_human_capital,baseline h,1.2,2,1.8386694075250942,1.2,0.7467556762055236,0.50611398081123,0.7511108322743463,1.1361993841888156,1.1418946073025007,-2.8748760992973286
parent_human_capital,baseline h,1.2,2,1.8656926996805347,1.2,0.7468425442295243,0.5060565134236781,0.7508936282153778,1.1425052349572131,1.148232066279411,-2.8070848430468875
parent_human_capital,baseline h,1.2,2,1.8932670421523103,1.2,0.7469508719506168,0.5059848605783911,0.7506227918411741,1.1488676228273436,1.1546263457514563,-2.738639144575039
parent_human_capital,baseline h,1.2,2,1.921405095231136,1.2,0.746995225040533,0.5059555382277439,0.7505119356599903,1.1553929649409933,1.1611843962785653,-2.6697430466370498
parent_human_capital,baseline h,1.2,2,1.9501198453312445,1.2,0.7470989097721576,0.5058869588895893,0.750252712989431,1.1619304751598218,1.1677546759037343,-2.6001801211771696
parent_human_capital,baseline h,1.2,2,1.979424614091259,1.2,0.7471381650270479,0.5058609998073527,0.7501545825360278,1.1686347762583265,1.174492582451343,-2.53016283619446
parent_human_capital,baseline h,1.2,2,2.009333067747975,1.2,0.7471793698300733,0.5058337631419157,0.7500516049757917,1.1754250923974836,1.1813169351917894,-2.4594774885329533
parent_human_capital,baseline h,1.2,2,2.0398592267917226,1.2,0.7468875353394336,0.5060267619546613,0.7507811607737384,1.1827244095028924,1.1886528402764487,-2.3883245907044377
parent_human_capital,baseline h,1.2,2,2.071017475912293,1.2,0.7473096976154465,0.5057475566588095,0.7497257608867336,1.1892155484234455,1.195176516166242,-2.3164978703227823
parent_human_capital,baseline h,1.2,2,2.1028225742447084,1.2,0.7470240764878457,0.5059364564805693,0.7504398068100857,1.1966942618515481,1.2026927168014045,-2.2442211210180565
parent_human_capital,baseline h,1.2,2,2.135289665924415,1.2,0.7474766638712025,0.5056371190080943,0.7493083220391552,1.2033276582397892,1.2093593632274104,-2.1712136565906297
parent_human_capital,baseline h,1.2,2,2.168434290961828,1.2,0.7471328309312778,0.5058645226142648,0.7501679063578751,1.2110737031223835,1.2171442353215562,-2.097798606979011
parent_human_capital,baseline h,1.2,2,2.2022723964464688,1.2,0.7476438562629477,0.5055265501029549,0.748890359370554,1.2178181365870993,1.2239224753996991,-2.0236193321576024
parent_human_capital,baseline h,1.2,2,2.23682034809129,1.2,0.7472328524144762,0.5057983759283469,0.7499178641910147,1.2258504278829825,1.2319950287232517,-1.9490270575182205
parent_human_capital,baseline h,1.2,2,2.2720949421281498,1.2,0.7478814699616645,0.505369390504447,0.7482963077024214,1.2326068607451384,1.2387853283460641,-1.8736664054038865
parent_human_capital,baseline h,1.2,2,2.308113417565749,1.2,0.7472671015389044,0.505775718538642,0.7498322281067357,1.2411112041569714,1.2473322999566445,-1.7978829511386183
parent_human_capital,baseline h,1.2,2,2.344893468821764,1.2,0.7481200001551056,0.505211628107029,0.7476999723916362,1.2477944986874314,1.254049094640348,-1.7213331157753806
parent_human_capital,baseline h,1.2,2,2.382453258741261,1.2,0.7473460171475158,0.5057235264241704,0.7496349407825028,1.256724811386491,1.2630241707180927,-1.6443302329797531
parent_human_capital,baseline h,1.2,2,2.4208114320139376,1.2,0.7481976376279329,0.5051602942292965,0.7475059096841119,1.263608843680892,1.2699427093679663,-1.5665848837644964
parent_human_capital,baseline h,1.2,2,2.4599871290031343,1.2,0.7474567510850239,0.5056502910607188,0.7493581090406864,1.2727193131845718,1.2790988452900722,-1.4883387254795617
parent_human_capital,baseline h,1.2,2,2.5,1.2,0.7482653413907643,0.5051155115386032,0.7473366387787881,1.279866252638387,1.2862816089269804,-1.4093890326234546
parent_human_capital,baseline h,1.2,3,0.5,1.2,0.6256449195577329,0.622195100520569,1.26988771013536,0.8928936871147353,0.8973693353466253,-10.097192489459463
parent_human_capital,baseline h,1.2,3,0.5000203210855501,1.2,0.6256452714603773,0.6221948952174687,1.269886848259815,0.8929047698230406,0.8973804736072373,-10.096721279549119
parent_human_capital,baseline h,1.2,3,0.5000812892976928,1.2,0.6256462771179319,0.6221942722371485,1.269884295119145,0.8929380277375933,0.8974138982277804,-10.09530763385838
parent_human_capital,baseline h,1.2,3,0.5001829195049198,1.2,0.6256480111570637,0.6221932201384588,1.2698799476668676,0.8929934372809324,0.8974695855126112,-10.092951504487324
parent_human_capital,baseline h,1.2,3,0.5003252364947652,1.2,0.6256504491507544,0.6221917530634384,1.2698738654588262,0.8930710202353427,0.8975475573531989,-10.08965281162455
parent_human_capital,baseline h,1.2,3,0.5005082749838822,1.2,0.6256535603498814,0.6221898639410678,1.2698660616797306,0.89317078856359,0.8976478257722728,-10.085411443523535
parent_human_capital,baseline h,1.2,3,0.500732079632158,1.2,0.6256573619198622,0.6221875712835159,1.2698565651483908,0.8932927607859857,0.8977704093829775,-10.080227256505236
parent_human_capital,baseline h,1.2,3,0.5009967050608752,1.2,0.6256618666172677,0.6221848511768358,1.269845303705992,0.8934369311784497,0.8979153024325409,-10.074100074941844
parent_human_capital,baseline h,1.2,3,0.5013022158749305,1.2,0.6256670574454966,0.6221817187947138,1.2698323320405722,0.8936033299546912,0.8980825352861194,-10.067029691274445
parent_human_capital,baseline h,1.2,3,0.5016486866891229,1.2,0.6256729599427517,0.6221781589634638,1.2698175869224921,0.8937919586090809,0.8982721094455739,-10.059015865981516
parent_human_capital,baseline h,1.2,3,0.502036202158526,1.2,0.6256795400269857,0.6221741912269021,1.2698011509806388,0.8940028596171755,0.8984840675993709,-10.05005832759814
parent_human_capital,baseline h,1.2,3,0.502464857012963,1.2,0.6256868150043751,0.6221697943719711,1.269782954215601,0.8942360375618913,0.8987184143533985,-10.04015677267738
parent_human_capital,baseline h,1.2,3,0.5029347560956027,1.2,0.6256947639560408,0.6221649869108394,1.2697630635304842,0.8944915356621018,0.898975193143166,-10.029310865809899
parent_human_capital,baseline h,1.2,3,0.5034460144056994,1.2,0.6257034537458082,0.6221597503313381,1.2697413660772354,0.8947693520592116,0.8992544021007612,-10.017520239581355
parent_human_capital,baseline h,1.2,3,0.5039987571454999,1.2,0.6257128036474402,0.6221540987755061,1.2697179777109167,0.895069547836013,0.8995561026151557,-10.0047844946025
parent_human_capital,baseline h,1.2,3,0.5045931197713469,1.2,0.6257228549695619,0.6221480295424542,1.269692850413894,0.8953921432022955,0.8998803149974409,-9.99110319945643
parent_human_capital,baseline h,1.2,3,0.5052292480490046,1.2,0.6257335972151834,0.6221415382620521,1.2696659838277538,0.8957371734441251,0.9002270747105547,-9.976475890706816
parent_human_capital,baseline h,1.2,3,0.5059072981132409,1.2,0.6257450536850899,0.6221346293044302,1.2696373655071143,0.8961046731263888,0.9005964164926417,-9.96090207287715
parent_human_capital,baseline h,1.2,3,0.5066274365316988,1.2,0.6257571988831658,0.622127295598569,1.2696070033836795,0.8964946846964885,0.900988383003872,-9.9443812184386
parent_human_capital,baseline h,1.2,3,0.507389840373095,1.2,0.6257700317119523,0.6221195425462468,1.2695749119729243,0.8969072548467552,0.9014030211706228,-9.92691276779215
parent_human_capital,baseline h,1.2,3,0.5081946972797818,1.2,0.6257835602825095,0.6221113718167046,1.2695410873101847,0.8973424278815745,0.9018403755193566,-9.908496129248174
parent_human_capital,baseline h,1.2,3,0.5090422055447187,1.2,0.625797795794433,0.6221027807090533,1.2695055114868552,0.897800246920739,0.9023004893860046,-9.889130679008911
parent_human_capital,baseline h,1.2,3,0.5099325741928927,1.2,0.6258127146247277,0.6220937729558305,1.2694682173975549,0.8982807710850351,0.9027834221876978,-9.868815761155023
parent_human_capital,baseline h,1.2,3,0.5108660230672385,1.2,0.6258283353017982,0.622084321942199,1.269429120402624,0.8987840308400928,0.9032892045427755,-9.84755068760847
parent_human_capital,baseline h,1.2,3,0.5118427829191048,1.2,0.6258446683978098,0.6220744690626274,1.2693883127537564,0.8993101061485821,0.9038179168147221,-9.82533473814054
parent_human_capital,baseline h,1.2,3,0.5128630955033207,1.2,0.6258617234893826,0.6220641853954456,1.2693457130329038,0.8998590334216513,0.9043695955971979,-9.802167160314086
parent_human_capital,baseline h,1.2,3,0.5139272136779165,1.2,0.6258794341802283,0.6220534840510435,1.2693014202025636,0.9004308995675034,0.9049443282340348,-9.778047169495819
parent_human_capital,baseline h,1.2,3,0.5150354015085564,1.2,0.6258978441488121,0.622042353588272,1.2692553621644553,0.901025748620657,0.9055421589804754,-9.752973948796388
parent_human_capital,baseline h,1.2,3,0.5161879343777439,1.2,0.6259169795883213,0.6220308054482807,1.2692075411452075,0.9016436469605198,0.9061631545486558,-9.7269466490696
parent_human_capital,baseline h,1.2,3,0.5173850990988615,1.2,0.6259367974918009,0.6220188281899197,1.2691579717319592,0.9022846668736639,0.9068073875874859,-9.699964388880089
parent_human_capital,baseline h,1.2,3,0.5186271940351138,1.2,0.6259573572634167,0.6220064315850977,1.2691066187939657,0.9029488700311755,0.9074749200771794,-9.67202625446941
parent_human_capital,baseline h,1.2,3,0.5199145292234401,1.2,0.6259785813170113,0.6219936075311475,1.2690535397903586,0.9036363454206819,0.9081658414514161,-9.64313129974232
parent_human_capital,baseline h,1.2,3,0.5212474265034702,1.2,0.6260005204957371,0.6219803526895865,1.2689986755851956,0.9043471536084072,0.9088802125800094,-9.613278546216062
parent_human_capital,baseline h,1.2,3,0.5226262196515982,1.2,0.6260231709140218,0.6219666801708055,1.2689420626302585,0.905081383325297,0.9096181226386705,-9.582466983011745
parent_human_capital,baseline h,1.2,3,0.5240512545202515,1.2,0.6260465320231381,0.621952575832766,1.2688836663454524,0.9058391070363433,0.9103796444556242,-9.550695566806294
parent_human_capital,baseline h,1.2,3,0.5255228891824385,1.2,0.626070591916227,0.6219380477781351,1.2688235187646604,0.9066204177085945,0.9111648714639178,-9.517963221813941
parent_human_capital,baseline h,1.2,3,0.5270414940816569,1.2,0.6260953482921692,0.6219230852033564,1.2687615953529678,0.9074253959209504,0.9119738846463545,-9.484268839740858
parent_human_capital,baseline h,1.2,3,0.5286074521872524,1.2,0.6261208425727249,0.6219076989119865,1.268697881524649,0.9082541276458418,0.9128067704063036,-9.449611279757725
parent_human_capital,baseline h,1.2,3,0.5302211591553182,1.2,0.6261470072204649,0.621891899313527,1.268632470674336,0.9091067305598143,0.9136636470101673,-9.413989368474432
parent_human_capital,baseline h,1.2,3,0.5318830234952302,1.2,0.6261739071909938,0.6218756520845288,1.2685652125869755,0.9099832598439285,0.9145445699156018,-9.37740189986856
parent_human_capital,baseline h,1.2,3,0.5335934667419154,1.2,0.6262015202742877,0.6218589784380504,1.2684961821658294,0.9108838338089398,0.9154496580263983,-9.339847635296113
parent_human_capital,baseline h,1.2,3,0.5353529236339561,1.2,0.6262298441058127,0.6218418827442216,1.2684253926308333,0.9118085570835226,0.9163790164956842,-9.301325303424193
parent_human_capital,baseline h,1.2,3,0.537161842297634,1.2,0.6262588616466109,0.6218243596012645,1.2683528476029298,0.9127575345791045,0.9173327507607578,-9.261833600197594
parent_human_capital,baseline h,1.2,3,0.5390206844370244,1.2,0.6262886262355172,0.6218063871585278,1.2682784394662654,0.913730844136247,0.918310939052358,-9.221371188788757
parent_human_capital,baseline h,1.2,3,0.5409299255302531,1.2,0.6263190857061383,0.6217879855974215,1.2682022705178566,0.9147286229587209,0.9193137192619928,-9.179936699589646
parent_human_capital,baseline h,1.2,3,0.5428900550320312,1.2,0.6263502590437426,0.6217691663590954,1.26812435019225,0.91575098622455,0.9203412071450179,-9.137528730139252
parent_human_capital,baseline h,1.2,3,0.5449015765825912,1.2,0.6263821516557373,0.6217498978209894,1.2680445945316001,0.9167980268532067,0.9213934960866662,-9.094145845081105
parent_human_capital,baseline h,1.2,3,0.5469650082231464,1.2,0.6264147810636511,0.6217302018337552,1.2679630402913964,0.9178698732750796,0.9224707151610867,-9.049786576141376
parent_human_capital,baseline h,1.2,3,0.5490808826180046,1.2,0.6264481185496016,0.6217100767281514,1.267879712043126,0.9189666536619532,0.9235729931825277,-9.004449422071215
parent_human_capital,baseline h,1.2,3,0.5512497472834679,1.2,0.6264821715148943,0.6216895137639176,1.2677945806746769,0.9200884847001034,0.9247004474221575,-8.95813284859696
parent_human_capital,baseline h,1.2,3,0.5534721648236569,1.2,0.6265169546022564,0.6216685031691451,1.2677076072698998,0.9212354834393913,0.9258531955165517,-8.910835288378468
parent_human_capital,baseline h,1.2,3,0.5557487131734017,1.2,0.6265524585906785,0.6216470705270225,1.267618864598445,0.9224078002784469,0.927031388618217,-8.862555140974393
parent_human_capital,baseline h,1.2,3,0.5580799858483445,1.2,0.626588678252493,0.6216251831833421,1.2675282767749285,0.9236055484227202,0.9282351405000477,-8.813290772767559
parent_human_capital,baseline h,1.2,3,0.5604665922024078,1.2,0.626625636133634,0.6216028781624419,1.2674359132218713,0.9248288836525788,0.929464607723264,-8.763040516946116
parent_human_capital,baseline h,1.2,3,0.5629091576927818,1.2,0.6266633294148316,0.6215801096997229,1.2673416630792795,0.9260779159114896,0.9307199007824266,-8.71180267342031
parent_human_capital,baseline h,1.2,3,0.5654083241525933,1.2,0.6267017247212301,0.6215569262606733,1.267245680110282,0.9273528303518531,0.9320012057580164,-8.659575508817268
parent_human_capital,baseline h,1.2,3,0.5679647500714233,1.2,0.6267408625293456,0.6215332881200659,1.2671478251608979,0.9286537356045694,0.9333086318254481,-8.606357256372732
parent_human_capital,baseline h,1.2,3,0.5705791108838415,1.2,0.6267807460595951,0.6215092023489198,1.2670481125751216,0.9299807853375515,0.9346423334228982,-8.552146115923767
parent_human_capital,baseline h,1.2,3,0.5732520992661372,1.2,0.6268213461682421,0.621484683089274,1.2669466066255142,0.9313341501997787,0.9360024820547277,-8.496940253845136
parent_human_capital,baseline h,1.2,3,0.5759844254414287,1.2,0.6268626913084188,0.6214597276402392,1.266843272149935,0.9327139770226883,0.9373892252883694,-8.440737802979712
parent_human_capital,baseline h,1.2,3,0.578776817493336,1.2,0.6269047622080333,0.6214343201905357,1.266738089145257,0.9341204201207369,0.9388027182117847,-8.38353686259532
parent_human_capital,baseline h,1.2,3,0.5816300216884137,1.2,0.6269475794905564,0.6214084678111826,1.266631054552421,0.935553641842761,0.9402431239875866,-8.325335498328684
parent_human_capital,baseline h,1.2,3,0.5845448028075416,1.2,0.6269911321194093,0.6213821607302719,1.2665221551345855,0.9370138051793669,0.9417106064233752,-8.266131742126268
parent_human_capital,baseline h,1.2,3,0.5875219444864789,1.2,0.6270354247124654,0.6213554103889527,1.266411414693693,0.9385010867853516,0.9432053430594338,-8.20592359219112
parent_human_capital,baseline h,1.2,3,0.5905622495657936,1.2,0.6270804549973863,0.6213282292600228,1.2662988664845103,0.9400156694799457,0.9447275176313777,-8.144709012921927
parent_human_capital,baseline h,1.2,3,0.5936665404503856,1.2,0.6271262569695983,0.6213005792874964,1.2661843819805425,0.9415576950197879,0.9462772726064043,-8.0824859348361
parent_human_capital,baseline h,1.2,3,0.5968356594788269,1.2,0.6271727767441919,0.6212724729441708,1.2660680460491278,0.943127367578817,0.9478548131818778,-8.019252254548167
parent_human_capital,baseline h,1.2,3,0.600070469302753,1.2,0.6272200521485942,0.6212439304114562,1.2659498709934627,0.9447248750111985,0.9494603281535872,-7.955005834679195
parent_human_capital,baseline h,1.2,3,0.6033718532765401,1.2,0.6272680610212129,0.621214935878073,1.26582983969992,0.9463504007202915,0.9510940018442046,-7.889744503800117
parent_human_capital,baseline h,1.2,3,0.6067407158575169,1.2,0.6273168261341282,0.6211854822730014,1.2657079118320071,0.9480041253634,0.9527560158165823,-7.823466056369451
parent_human_capital,baseline h,1.2,3,0.6101779830169621,1.2,0.6273663682673605,0.6211555810373915,1.2655840950295199,0.9496862466519567,0.9544465687731859,-7.756168252677173
parent_human_capital,baseline h,1.2,3,0.6136846026621482,1.2,0.6274166535292198,0.6211252065880545,1.2654583596355073,0.9513969557399756,0.9561658528261929,-7.687848818772285
parent_human_capital,baseline h,1.2,3,0.6172615450697004,1.2,0.6274676824871108,0.6210943969809766,1.2653307996136347,0.9531364820895957,0.957914098587926,-7.618505446413732
parent_human_capital,baseline h,1.2,3,0.6209098033305457,1.2,0.6275194822118619,0.6210631158294129,1.2652012975083995,0.9549050001589751,0.9596914813910183,-7.548135792971278
parent_human_capital,baseline h,1.2,3,0.6246303938067362,1.2,0.6275720265158113,0.6210313810079393,1.2650699239079095,0.9567027407966728,0.9614982332411623,-7.476737481399148
parent_human_capital,baseline h,1.2,3,0.6284243566004422,1.2,0.6276253458708321,0.620999195855038,1.2649366566330822,0.9585299129825744,0.9633345641657595,-7.404308100140623
parent_human_capital,baseline h,1.2,3,0.6322927560354111,1.2,0.6276794088429205,0.6209665287481494,1.2648014485674821,0.960386722718294,0.9652006811990114,-7.3308452030667315
parent_human_capital,baseline h,1.2,3,0.6362366811512086,1.2,0.6277342605219045,0.6209334167116112,1.2646643465897374,0.9622734064718929,0.9670968219942802,-7.256346309419773
parent_human_capital,baseline h,1.2,3,0.6402572462105554,1.2,0.6277898529551873,0.6208998429024957,1.2645253568146115,0.9641901934821884,0.9690232169394478,-7.180808903730165
parent_human_capital,baseline h,1.2,3,0.6443555912200942,1.2,0.6278462372572426,0.6208658056515619,1.264384423981237,0.9661372999014014,0.9709800832702027,-7.104230435744119
parent_human_capital,baseline h,1.2,3,0.6485328824649206,1.2,0.6279033875975792,0.6208312881158817,1.2642415320822709,0.9681149571505604,0.9729676535675759,-7.0266083203629055
parent_human_capital,baseline h,1.2,3,0.652790313057229,1.2,0.6279613033714284,0.6207963054691419,1.2640967194139199,0.9701234163314661,0.9749861801920211,-6.94793993757298
parent_human_capital,baseline h,1.2,3,0.6571291034994325,1.2,0.6280200078833105,0.6207608654199551,1.2639499818198578,0.9721629209690419,0.9770359078891355,-6.868222632363597
parent_human_capital,baseline h,1.2,3,0.6615505022621248,1.2,0.6280794856419278,0.6207249477869111,1.2638012846607591,0.9742337103669556,0.9791170771621017,-6.787453714655152
parent_human_capital,baseline h,1.2,3,0.6660557863772645,1.2,0.6281397498236498,0.6206885552708991,1.2636506214692633,0.9763360362900078,0.9812299410376963,-6.7056304592313785
parent_human_capital,baseline h,1.2,3,0.6706462620469753,1.2,0.6282007866131643,0.6206517009823098,1.2634980386268928,0.9784701701364754,0.9833747722745863,-6.622750105667471
parent_human_capital,baseline h,1.2,3,0.6753232652683625,1.2,0.628262613760159,0.6206143718107524,1.2633434858177495,0.9806363604014755,0.9855518206134751,-6.5388098582399365
parent_human_capital,baseline h,1.2,3,0.6800881624747613,1.2,0.6283252005858988,0.6205765677562269,1.2631869937205686,0.9828348833631534,0.9877613637173581,-6.453806885868779
parent_human_capital,baseline h,1.2,3,0.6849423511938463,1.2,0.6283886182218761,0.6205382719758052,1.2630284493660238,0.9850659789195718,0.9900036426867925,-6.367738322018528
parent_human_capital,baseline h,1.2,3,0.6898872607230374,1.2,0.6284527962284843,0.620499524194715,1.2628680218711876,0.9873299726325873,0.9922789847155201,-6.280601264664064
parent_human_capital,baseline h,1.2,3,0.6949243528226603,1.2,0.6285177630565362,0.6204602776167094,1.2627055665433695,0.9896271049608899,0.9945876314675351,-6.192392776153135
parent_human_capital,baseline h,1.2,3,0.7000551224273222,1.2,0.6285835424352535,0.6204205632267554,1.2625411366200066,0.9919576781227242,0.9969298866759573,-6.103109883179464
parent_human_capital,baseline h,1.2,3,0.7052810983759861,1.2,0.6286501210037141,0.6203803598117942,1.2623746927687822,0.9943219727289162,0.9993060323581807,-6.012749576674633
parent_human_capital,baseline h,1.2,3,0.7106038441612367,1.2,0.6287174945819809,0.6203396744428455,1.262206256734047,0.9967202921062356,1.0017163733614065,-5.921308811744272
parent_human_capital,baseline h,1.2,3,0.7160249586982449,1.2,0.6287856627688786,0.6202985017181315,1.26203581549896,0.9991529347244492,1.0041612096514871,-5.828784507578191
parent_human_capital,baseline h,1.2,3,0.7215460771139571,1.2,0.6288546537725932,0.6202568568113382,1.2618633785467706,1.0016202108288315,1.006640853028809,-5.735173547375606
parent_human_capital,baseline h,1.2,3,0.7271688715570458,1.2,0.6289244389967643,0.6202147060366104,1.2616888907981756,1.0041224172009133,1.0091556017625252,-5.640472778255099
parent_human_capital,baseline h,1.2,3,0.7328950520291776,1.2,0.628995034233635,0.6201720803789146,1.2615124134275886,1.0066598898694932,1.0117057935657865,-5.5446790111911675
parent_human_capital,baseline h,1.2,3,0.7387263672381705,1.2,0.6290664206819006,0.6201289629953226,1.2613339233984806,1.0092329458533291,1.0142917470464137,-5.447789020911702
parent_human_capital,baseline h,1.2,3,0.7446646054736273,1.2,0.6291386665426937,0.6200853407754441,1.2611533199435092,1.0118418848810242,1.016913763435406,-5.3497995458158405
parent_human_capital,baseline h,1.2,3,0.7507115955056528,1.2,0.6292116926640174,0.6200412393024672,1.260970745763311,1.01448708368708,1.0195722213556546,-5.250707287922841
parent_human_capital,baseline h,1.2,3,0.7568692075072764,1.2,0.6292855709351124,0.6199966363316858,1.260786073712795,1.0171688455830146,1.0222674256390323,-5.150508912736789
parent_human_capital,baseline h,1.2,3,0.7631393540012239,1.2,0.6293602490966332,0.6199515443358976,1.2605993870337362,1.0198875415327573,1.0249997491089335,-5.0492010492103905
parent_human_capital,baseline h,1.2,3,0.7695239908317001,1.2,0.6294357696833013,0.6199059360626731,1.2604105754963781,1.0226434913571716,1.02776951318933,-4.946780289619565
parent_human_capital,baseline h,1.2,3,0.7760251181618615,1.2,0.629512107296603,0.6198598316934225,1.2602197146298584,1.0254370757207159,1.030577100452769,-4.843243189516244
parent_human_capital,baseline h,1.2,3,0.7826447814976824,1.2,0.6295892829236311,0.6198132453701841,1.2600268185759058,1.0282686633372478,1.0334228814612942,-4.738586267617853
parent_human_capital,baseline h,1.2,3,0.7893850727389358,1.2,0.6296672690708438,0.6197661373677315,1.259831816150601,1.0311386037185812,1.0363072074786543,-4.63280600571858
parent_human_capital,baseline h,1.2,3,0.7962481312580323,1.2,0.6297461070048058,0.6197185288991223,1.2596347187806134,1.0340472771631506,1.039230460709538,-4.525898848619807
parent_human_capital,baseline h,1.2,3,0.8032361450074849,1.2,0.6298257961352662,0.6196704199643566,1.2594355270561952,1.0369950671480466,1.0421930265532222,-4.417861204033389
parent_human_capital,baseline h,1.2,3,0.8103513516567865,1.2,0.6299063281839048,0.6196217806101159,1.2592341748516225,1.039982343608713,1.0451952767994603,-4.308689442488857
parent_human_capital,baseline h,1.2,3,0.8175960397595149,1.2,0.6299877014488364,0.6195726424589597,1.2590307424192193,1.043009526952023,1.048237633962424,-4.1983798972667845
parent_human_capital,baseline h,1.2,3,0.8249725499515008,1.2,0.6300699121239957,0.6195230065425363,1.2588252361276644,1.0460770222227846,1.0513205051172163,-4.086928864288403
parent_human_capital,baseline h,1.2,3,0.8324832761809209,1.2,0.6301529468788829,0.6194728462460091,1.2586176031962035,1.049185223396859,1.0544442862145111,-3.9743326020287446
parent_human_capital,baseline h,1.2,3,0.8401306669712053,1.2,0.6302368778379781,0.6194221723729347,1.2584077983363915,1.0523345334794811,1.057609382279615,-3.8605873314343304
parent_human_capital,baseline h,1.2,3,0.8479172267176741,1.2,0.6303216700311398,0.6193709768206457,1.258195836391344,1.0555253806492848,1.0608162236374166,-3.74568923583888
parent_human_capital,baseline h,1.2,3,0.8558455170188431,1.2,0.6304072962195173,0.6193192622900312,1.25798175130892,1.0587582060946523,1.0640652536877637,-3.6296344608699056
parent_human_capital,baseline h,1.2,3,0.8639181580433734,1.2,0.6304938077802387,0.6192670331512216,1.2577655025673953,1.0620334356013679,1.067356900350701,-3.512419114349484
parent_human_capital,baseline h,1.2,3,0.8721378299336601,1.2,0.6305811571579336,0.6192142735929368,1.257547098446921,1.065351517157958,1.0706916138603069,-3.3940392662162835
parent_human_capital,baseline h,1.2,3,0.8805072742470966,1.2,0.6306693821333784,0.6191609923554375,1.2573265228775283,1.0687128987902554,1.0740698444881527,-3.274490948427795
parent_human_capital,baseline h,1.2,3,0.88902929543607,1.2,0.6307585055880716,0.6191071833993521,1.257103737975919,1.072118029366643,1.0774920433525834,-3.15377015487007
parent_human_capital,baseline h,1.2,3,0.8977067623677852,1.2,0.6308484797531742,0.6190528456930329,1.2568787889483193,1.0755673910448598,1.0809586950281638,-3.031872841277055
parent_human_capital,baseline h,1.2,3,0.9065426098850453,1.2,0.6309393326802715,0.6189979731971083,1.2566516327413453,1.07906144665838,1.0844702646683309,-2.908794925122501
parent_human_capital,baseline h,1.2,3,0.9155398404091444,1.2,0.6310310879519543,0.618942579021969,1.2564222783386163,1.0826006830630701,1.0880272415693257,-2.784532285542506
parent_human_capital,baseline h,1.2,3,0.9247015255860773,1.2,0.6311237153376505,0.6188866402853159,1.256190699131074,1.086185584190295,1.0916301120882297,-2.659080763235299
parent_human_capital,baseline h,1.2,3,0.9340308079772923,1.2,0.6312172298260048,0.6188301809010962,1.255956939532318,1.0898166643392155,1.095279393102139,-2.532436160380125
parent_human_capital,baseline h,1.2,3,0.9435309027962627,1.2,0.6313116351728012,0.6187731557423046,1.2557208836910831,1.0934943961594081,1.0989755596297954,-2.40459424052241
parent_human_capital,baseline h,1.2,3,0.9532050996921831,1.2,0.6314069384601069,0.6187156186762067,1.2554826583315901,1.0972193366622827,1.1027191714746405,-2.275550728521704
parent_human_capital,baseline h,1.2,3,0.9630567645821445,1.2,0.6315031424950148,0.6186575185364263,1.255242133549468,1.10099197113745,1.1065107163588097,-2.145301310410103
parent_human_capital,baseline h,1.2,3,0.9730893415331738,1.2,0.6316002456897749,0.6185988792369098,1.2549993703347089,1.1048128535789765,1.1103507510532757,-2.0138416333443927
parent_human_capital,baseline h,1.2,3,0.9833063546955787,1.2,0.6316982593030938,0.6185396926749906,1.2547543373015828,1.1086825179162805,1.114239812163789,-1.8811673054857518
parent_human_capital,baseline h,1.2,3,0.9937114102890687,1.2,0.6317971849595927,0.618479952811297,1.2545070178236686,1.1126015118023012,1.1181784500884113,-1.7472738959179601
parent_human_capital,baseline h,1.2,3,1.0043081986431819,1.2,0.6318970063353784,0.6184196700553306,1.2542574540820626,1.1165704108857462,1.122167243361301,-1.6121569345592057
parent_human_capital,baseline h,1.2,3,1.0151004962935855,1.2,0.6319977615582708,0.6183588296274596,1.2540055712363385,1.1205897630112267,1.126206742573152,-1.4758119120526798
parent_human_capital,baseline h,1.2,3,1.0260921681358672,1.2,0.6320994197611118,0.6182974429688337,1.2537514285734708,1.1246601683982187,1.1302975509520523,-1.3382342796987583
parent_human_capital,baseline h,1.2,3,1.037287169638491,1.2,0.6322020195450437,0.6182354949057659,1.2534949498008783,1.1287821936599962,1.1344402379514376,-1.1994194493358457
parent_human_capital,baseline h,1.2,3,1.0486895491166357,1.2,0.6323055482104594,0.6181729864699046,1.2532361501807832,1.1329564446329623,1.1386354124444777,-1.0593627932707923
parent_human_capital,baseline h,1.2,3,1.0603034500686892,1.2,0.6324099904070135,0.6181099105902301,1.2529750274991176,1.1371835316955605,1.142883687869152,-0.9180596441754867
parent_human_capital,baseline h,1.2,3,1.0721331135772334,1.2,0.6325153680450954,0.6180462699676315,1.2527115665545008,1.1414640713172668,1.1471856837850014,-0.77550529499538
parent_human_capital,baseline h,1.2,3,1.0841828807763967,1.2,0.6326216964419309,0.6179820750116105,1.2524457778869091,1.1457986987965487,1.151542038674941,-0.6316949988611267
parent_human_capital,baseline h,1.2,3,1.0964571953875313,1.2,0.6327289758646715,0.6179172880602359,1.2521775676769544,1.1501880260377302,1.1559533675104778,-0.48662396898361404
parent_human_capital,baseline h,1.2,3,1.1089606063252093,1.2,0.6328371502473735,0.6178519538464585,1.251907103107229,1.1546327610493965,1.1604203818491046,-0.3402873785983873
parent_human_capital,baseline h,1.2,3,1.1216977703756155,1.2,0.6329463293763009,0.6177860309758099,1.2516341715676105,1.1591334986189432,1.164943679459601,-0.19268036081075035
parent_human_capital,baseline h,1.2,3,1.1346734549494641,1.2,0.6330564555835028,0.6177195346219767,1.251358868417487,1.1636909455849862,1.1695239707236273,-0.04379800857196159
parent_human_capital,baseline h,1.2,3,1.147892540911644,1.2,0.6331675018482419,0.6176524724935715,1.2510812398257896,1.1683058043709913,1.1741619615855603,0.10636462544709335
parent_human_capital,baseline h,1.2,3,1.1613600254898573,1.2,0.6332795449782291,0.6175848085979042,1.2508011195789646,1.1729787186731377,1.1788582989681204,0.25781252896296003
parent_human_capital,baseline h,1.2,3,1.1750810252645967,1.2,0.633392531805357,0.6175165816285542,1.250518656959971,1.1777104485754784,1.1836137467652976,0.41055073011855026
parent_human_capital,baseline h,1.2,3,1.189060779242872,1.2,0.633506530667667,0.6174477545611832,1.2502336916623118,1.1825016633059,1.1884289775594974,0.564584297635025
parent_human_capital,baseline h,1.2,3,1.2033046520181812,1.2,0.633621450234851,0.6173783469396081,1.2499463635631352,1.1873531445079903,1.1933047769123122,0.7199183408420282
parent_human_capital,baseline h,1.2,3,1.217818137019287,1.2,0.6337373890814013,0.6173083506611621,1.249656553960925,1.1922655998577434,1.1982418560469765,0.876558009822352
parent_human_capital,baseline h,1.2,3,1.2326068598504607,1.2,0.633854274050859,0.6172377472136756,1.2493642900279112,1.1972397985905163,1.2032409880546564,1.0345084954618144
parent_human_capital,baseline h,1.2,3,1.247676581725918,1.2,0.633972161377093,0.6171665675821155,1.2490695924968818,1.2022765208898505,1.2083029570295791,1.1937750295533212
parent_human_capital,baseline h,1.2,3,1.2630332030012734,1.2,0.6340910385438021,0.6170947720412547,1.2487723752066744,1.2073765238682685,1.2134285238793092,1.354362884895222
parent_human_capital,baseline h,1.2,3,1.2786827668049243,1.2,0.634210913807884,0.6170223976154312,1.248472721868847,1.2125406357887187,1.2186185210184812,1.5162773753527103
parent_human_capital,baseline h,1.2,3,1.294631462772364,1.2,0.6343317660109054,0.6169494002092875,1.2481705441089646,1.2177696400122664,1.2238737357347733,1.679523855978795
parent_human_capital,baseline h,1.2,3,1.31088563088653,1.2,0.6344536735909201,0.6168758141462725,1.2478658487484204,1.2230643662396785,1.2291950018878453,1.8441077230757719
parent_human_capital,baseline h,1.2,3,1.3274517654273796,1.2,0.6345765403617687,0.6168016078038265,1.247558653422936,1.2284256621956706,1.23458317145165,2.0100344142900646
parent_human_capital,baseline h,1.2,3,1.3443365190339982,1.2,0.6347004341232558,0.6167267882529687,1.247248907897118,1.2338543666632733,1.2400390874136362,2.1773094087063436
parent_human_capital,baseline h,1.2,3,1.3615467068826452,1.2,0.6348253494842417,0.6166513571629404,1.2469366217085018,1.2393513537736156,1.2455636282865328,2.345938226920488
parent_human_capital,baseline h,1.2,3,1.3790893109842512,1.2,0.6349512673012847,0.6165753145337418,1.2466218140005298,1.2449175161321666,1.2511576911500129,2.5159264311299454
parent_human_capital,baseline h,1.2,3,1.3969714846049992,1.2,0.6350782153624821,0.6164986559952421,1.2463044461296988,1.2505537415169699,1.2568221682321257,2.6872796252245728
parent_human_capital,baseline h,1.2,3,1.4152005568137338,1.2,0.6352062100251745,0.6164213728071812,1.2459844800278634,1.2562609333427577,1.2625579674759893,2.860003454864792
parent_human_capital,baseline h,1.2,3,1.4337840371600625,1.2,0.6353352240449917,0.616343461237022,1.2456619336677706,1.2620400305724833,1.268366032551127,3.0341036075593317
parent_human_capital,baseline h,1.2,3,1.4527296204871472,1.2,0.6354652798682952,0.6162649206471711,1.2453367830192774,1.2678919735910976,1.27424730855619,3.209585812757359
parent_human_capital,baseline h,1.2,3,1.4720451918832933,1.2,0.6355963852115669,0.6161857685181498,1.2450090637875169,1.2738177404900572,1.280202778485339,3.3864558419202364
parent_human_capital,baseline h,1.2,3,1.4917388317766058,1.2,0.6357285389161182,0.6161059590853595,1.2446786634519142,1.279818273378207,1.286233389169758,3.5647195086225283
parent_human_capital,baseline h,1.2,3,1.5118188211770927,1.2,0.6358617235645139,0.6160255152310994,1.2443456562695365,1.28589459802051,1.2923401715160792,3.7443826685998323
parent_human_capital,baseline h,1.2,3,1.5322936470707536,1.2,0.635995978380758,0.6159444527666493,1.2440100422915985,1.2920477313511445,1.298524147555884,3.9254512198533966
parent_human_capital,baseline h,1.2,3,1.5531720079703377,1.2,0.6361313052410025,0.6158627329984301,1.2436717235270978,1.2982786726445192,1.3047863215724655,4.107931102730779
parent_human_capital,baseline h,1.2,3,1.5744628196276003,1.2,0.6362676914367249,0.6157803858797606,1.2433307870886,1.304588506120059,1.3111277832199206,4.291828299976191
parent_human_capital,baseline h,1.2,3,1.5961752209120554,1.2,0.6364051525552394,0.615697365646042,1.2429871037095288,1.3109782560362853,1.3175495618908886,4.477148836845766
parent_human_capital,baseline h,1.2,3,1.618318579861377,1.2,0.6365436905719521,0.6156137126600949,1.242640771675723,1.3174490482346464,1.3240527890701206,4.663898781140694
parent_human_capital,baseline h,1.2,3,1.6409024999087747,1.2,0.6366832851396704,0.6155294023703787,1.2422917503483497,1.324001977266098,1.330638564795033,4.852084243317027
parent_human_capital,baseline h,1.2,3,1.6639368262928396,1.2,0.6368239966149065,0.6154444418479127,1.2419399969353082,1.3306381562890492,1.3373080078037631,5.041711376546403
parent_human_capital,baseline h,1.2,3,1.6874316526555453,1.2,0.6369657855448785,0.6153588142497692,1.2415855090515482,1.3373587332392154,1.3440622717860793,5.232786376784521
parent_human_capital,baseline h,1.2,3,1.7113973278342638,1.2,0.6371086785790177,0.615272536418876,1.2412283018854702,1.3441648830210693,1.350902537535687,5.425315482845024
parent_human_capital,baseline h,1.2,3,1.7358444628538618,1.2,0.6372526604825435,0.6151855784019145,1.2408683162678118,1.3510577736106448,1.3578299788831243,5.619304976478762
parent_human_capital,baseline h,1.2,3,1.7607839381251333,1.2,0.637397767025853,0.615097962049536,1.240505570705194,1.358038623070837,1.3648458199968518,5.814761182428468
parent_human_capital,baseline h,1.2,3,1.7862269108560356,1.2,0.6375439869811295,0.6150096682119783,1.2401400288574245,1.365108650518552,1.371951286104625,6.011690468509671
parent_human_capital,baseline h,1.2,3,1.8121848226824113,1.2,0.637691308313026,0.6149207072987428,1.2397717286170509,1.372269125100892,1.3791476527151725,6.210099245665359
parent_human_capital,baseline h,1.2,3,1.8386694075250942,1.2,0.6378397522294268,0.6148310705695696,1.239400627065384,1.3795213079377824,1.3864361872698088,6.4099939680463365
parent_human_capital,baseline h,1.2,3,1.8656926996805347,1.2,0.6379893289880245,0.6147407422131783,1.23902667466951,1.386866480306816,1.3938181774685583,6.611381133068644
parent_human_capital,baseline h,1.2,3,1.8932670421523103,1.2,0.6381400316623866,0.6146497353399596,1.2386499109220728,1.3943059808369973,1.4012949686503302,6.814267281467361
parent_human_capital,baseline h,1.2,3,1.921405095231136,1.2,0.6382918748665833,0.6145580428788946,1.2382703036445903,1.4018411446393515,1.4088679026184228,7.018658997373816
parent_human_capital,baseline h,1.2,3,1.9501198453312445,1.2,0.6384448703457029,0.6144656517195921,1.2378878085257639,1.4094733262789414,1.4165383407276841,7.224562908370205
parent_human_capital,baseline h,1.2,3,1.979424614091259,1.2,0.6385989975096051,0.614372576004091,1.2375024812845568,1.417203943907062,1.4243077082379216,7.431985685537714
parent_human_capital,baseline h,1.2,3,2.009333067747975,1.2,0.63875429810063,0.6142788119998543,1.237114270907008,1.4250343996321593,1.4321774142856796,7.640934043533676
parent_human_capital,baseline h,1.2,3,2.0398592267917226,1.2,0.6389133088177841,0.6141827852913844,1.2367167298460144,1.4329636023479728,1.4401463622955044,7.851414740634773
parent_human_capital,baseline h,1.2,3,2.071017475912293,1.2,0.6390683553465302,0.614089150872331,1.2363290954203394,1.4410006010328364,1.448223646603923,8.06343457879466
parent_human_capital,baseline h,1.2,3,2.1028225742447084,1.2,0.6392296899558412,0.6139917240664973,1.2359257526253375,1.449136786312523,1.4564006146820399,8.27700040368967
parent_human_capital,baseline h,1.2,3,2.135289665924415,1.2,0.6393896387808258,0.6138951369852337,1.2355258814904946,1.4573812748554802,1.4646864288957937,8.492119104786351
parent_human_capital,baseline h,1.2,3,2.168434290961828,1.2,0.6395482596285125,0.6137993640453517,1.235129360660141,1.465735611113003,1.473082641438074,8.708797615369189
parent_human_capital,baseline h,1.2,3,2.2022723964464688,1.2,0.6397131163679894,0.6136998014195788,1.2347171903582441,1.4741937539656649,1.4815831809082163,8.927042912611128
parent_human_capital,baseline h,1.2,3,2.23682034809129,1.2,0.6398766457370244,0.613601057305318,1.2343083806093853,1.482764947509043,1.4901973377380209,9.146862017604077
parent_human_capital,baseline h,1.2,3,2.2720949421281498,1.2,0.6400413462309902,0.6135015889096314,1.2338966006205339,1.4914482947178713,1.498924210405863,9.368261995411046
parent_human_capital,baseline h,1.2,3,2.308113417565749,1.2,0.6402047411355636,0.613402927584307,1.2334881309838546,1.5002480409542454,1.5077680655538042,9.59124995509708
parent_human_capital,baseline h,1.2,3,2.344893468821764,1.2,0.6403744021419666,0.6133004722029615,1.2330639708101894,1.5091581134692948,1.516722799993194,9.815833049793113
parent_human_capital,baseline h,1.2,3,2.382453258741261,1.2,0.6405427591910628,0.6131988097499396,1.232643084227787,1.518188011953965,1.525797961032377,10.042018476701859
parent_human_capital,baseline h,1.2,3,2.4208114320139376,1.2,0.640712337656252,0.6130964142752313,1.2322191554034223,1.527336920273727,1.5349927284459328,10.269813477167597
parent_human_capital,baseline h,1.2,3,2.4599871290031343,1.2,0.6408831334334892,0.6129932776761695,1.2317921683141155,1.5366066340502895,1.5443089068561604,10.49922533669061
parent_human_capital,baseline h,1.2,3,2.5,1.2,0.6410551555698905,0.6128893895432526,1.2313620880555485,1.5459989746199867,1.5537483267288819,10.730261384963914
parent_human_capital,high h,1.8,1,0.5,1.8,1.1713380813480436,0.4577138424778825,0.6616547682802956,0.6615505030510301,0.6648665387471208,0.5269349306179099
parent_human_capital,high h,1.8,1,0.5000203210855501,1.8,1.1713482546995595,0.45770913464861507,0.6616293415619532,0.6615505024775482,0.6648665381707641,0.5269813338708609
parent_human_capital,high h,1.8,1,0.5000812892976928,1.8,1.1713787672435485,0.4576950117984066,0.6615530709832891,0.6615505029012164,0.6648665385965561,0.5271205288696057
parent_human_capital,high h,1.8,1,0.5001829195049198,1.8,1.1714067002401678,0.4576820864433507,0.6614832598362886,0.661570559421184,0.6648866956502485,0.5273524764506603
parent_human_capital,high h,1.8,1,0.5003252364947652,1.8,1.171391481196372,0.4576891222852666,0.6615212750078922,0.661646161421554,0.6649626766072222,0.5276772185536533
parent_human_capital,high h,1.8,1,0.5005082749838822,1.8,1.1713750262432834,0.45769674408316463,0.6615624245861702,0.6617406734097818,0.6650576623387625,0.5280948148990734
parent_human_capital,high h,1.8,1,0.500732079632158,1.8,1.1713511586517602,0.4577077988280189,0.6616221095510212,0.6618594975335603,0.66517708207094,0.5286053185819246
parent_human_capital,high h,1.8,1,0.5009967050608752,1.8,1.1713235663539665,0.4577205673454622,0.6616910718453308,0.6619994061228475,0.6653176919549494,0.5292087924272708
parent_human_capital,high h,1.8,1,0.5013022158749305,1.8,1.1712910252425732,0.45773562852045724,0.6617724111637082,0.6621615001079787,0.6654805984395623,0.5299053148328636
parent_human_capital,high h,1.8,1,0.5016486866891229,1.8,1.171263369873873,0.45774843843236884,0.661841570647002,0.6623371977901343,0.6656571768100147,0.5306949361426418
parent_human_capital,high h,1.8,1,0.502036202158526,1.8,1.1712223530292607,0.4577674373906069,0.6619441441163056,0.6625424859416106,0.6658634939726324,0.531577784139027
parent_human_capital,high h,1.8,1,0.502464857012963,1.8,1.171176701566112,0.45778856342852364,0.6620582439423044,0.6627697232748473,0.666091870337742,0.5325539771777335
parent_human_capital,high h,1.8,1,0.5029347560956027,1.8,1.171344367570084,0.4577109524231988,0.6616391182810801,0.6628280389769559,0.6661504783485239,0.5336230950930616
parent_human_capital,high h,1.8,1,0.5034460144056994,1.8,1.1713221217999332,0.45772123172025064,0.661694668973679,0.6630706155989411,0.6663942708908867,0.5347846392427862
parent_human_capital,high h,1.8,1,0.5039987571454999,1.8,1.1713105466314557,0.45772659955417605,0.6617236359240746,0.6633218470227998,0.666646761617498,0.5360394400677329
parent_human_capital,high h,1.8,1,0.5045931197713469,1.8,1.1714296441986534,0.4576714662186441,0.6614259063497534,0.6634764663375953,0.6668021559648343,0.5373875834451862
parent_human_capital,high h,1.8,1,0.5052292480490046,1.8,1.1715274919118552,0.45762615310847576,0.6611812441596061,0.6636676452602477,0.6669942931758241,0.5388273207094936
parent_human_capital,high h,1.8,1,0.5059072981132409,1.8,1.1714646635375698,0.457655237501815,0.6613383059683111,0.6640178811109642,0.6673462845910482,0.5403606535891121
parent_human_capital,high h,1.8,1,0.5066274365316988,1.8,1.1713856127126747,0.45769183802181646,0.6615359424780105,0.6644004873481781,0.6677308086500072,0.5419880093588323
parent_human_capital,high h,1.8,1,0.507389840373095,1.8,1.1713051402758552,0.45772909751482815,0.6617371356721881,0.6648025095579536,0.668134846004495,0.5437096708417339
parent_human_capital,high h,1.8,1,0.5081946972797818,1.8,1.171220244710605,0.4577683925583213,0.6619493471783562,0.6652266129514827,0.6685610752251308,0.5455258582855944
parent_human_capital,high h,1.8,1,0.5090422055447187,1.8,1.171134198400794,0.4578082496438495,0.6621645304452787,0.665670017023141,0.6690067018689475,0.5474368041847668
parent_human_capital,high h,1.8,1,0.5099325741928927,1.8,1.1711344988686032,0.4578080998772562,0.6621637447337066,0.6660557868147619,0.6693944053396957,0.5494425997218217
parent_human_capital,high h,1.8,1,0.5108660230672385,1.8,1.1715940041560677,0.45759536368280807,0.6610149741762306,0.6660557868174537,0.6693944053424009,0.5515390862852219
parent_human_capital,high h,1.8,1,0.5118427829191048,1.8,1.1717825235139112,0.45750809636075157,0.6605437086949237,0.6663121944591763,0.6696520982327764,0.5537251266246437
parent_human_capital,high h,1.8,1,0.5128630955033207,1.8,1.1717347278227956,0.45753020918894255,0.6606631499493781,0.6667950719346931,0.6701373961417116,0.556003952949194
parent_human_capital,high h,1.8,1,0.5139272136779165,1.8,1.1716208379253688,0.4575829344237783,0.6609478696076729,0.6673547158106995,0.6706998452443204,0.5583782725160364
parent_human_capital,high h,1.8,1,0.5150354015085564,1.8,1.1715167069979213,0.45763115443155805,0.6612082333603266,0.6679243366455321,0.6712723213154694,0.5608483844603724
parent_human_capital,high h,1.8,1,0.5161879343777439,1.8,1.171399978356599,0.457685191573043,0.6615000423400604,0.6685236824048983,0.6718746713079564,0.5634145189232587
parent_human_capital,high h,1.8,1,0.5173850990988615,1.8,1.1715202628208798,0.4576295136759972,0.6611993614893512,0.6689324650381695,0.6722855029727038,0.5660760103019151
parent_human_capital,high h,1.8,1,0.5186271940351138,1.8,1.1714342137408553,0.45766933206794613,0.6614144221592904,0.6695420615874336,0.6728981551373869,0.5688309878180233
parent_human_capital,high h,1.8,1,0.5199145292234401,1.8,1.1715037439833345,0.4576371425449146,0.6612405978621888,0.6700329257441662,0.6733914797609444,0.5716812859973519
parent_human_capital,high h,1.8,1,0.5212474265034702,1.8,1.1714559900391546,0.45765924933373403,0.6613599778021437,0.6706462623441221,0.6740078907234014,0.574626662231835
parent_human_capital,high h,1.8,1,0.5226262196515982,1.8,1.1718855966945783,0.4574603583069593,0.6602859642199701,0.6708556697507905,0.6742183477890639,0.5776613526548577
parent_human_capital,high h,1.8,1,0.5240512545202515,1.8,1.1717394399344072,0.45752804341568465,0.6606514207324112,0.6715938850896391,0.6749602634476971,0.5807899823023968
parent_human_capital,high h,1.8,1,0.5255228891824385,1.8,1.1715987992758055,0.4575931282310045,0.661002936192649,0.6723462861480357,0.6757164359320935,0.5840165258587711
parent_human_capital,high h,1.8,1,0.5270414940816569,1.8,1.171443856732128,0.45766488674752737,0.661390376329861,0.6731306477246304,0.6765047291374522,0.587341480530218
parent_human_capital,high h,1.8,1,0.5286074521872524,1.8,1.1714187736059078,0.457676494794156,0.6614530695271577,0.6738189704169933,0.6771965020616688,0.5907640643080616
parent_human_capital,high h,1.8,1,0.5302211591553182,1.8,1.171591807170081,0.45759639456843965,0.6610205112316636,0.6743504430209553,0.6777306386831442,0.5942830293075083
parent_human_capital,high h,1.8,1,0.5318830234952302,1.8,1.1715369236453772,0.4576218020181432,0.6611577148934069,0.6751037157076643,0.6784876871649081,0.5978935178272144
parent_human_capital,high h,1.8,1,0.5335934667419154,1.8,1.1717422373485467,0.45752674461942644,0.6606444152183953,0.675644691665822,0.6790313747763406,0.6015992767635636
parent_human_capital,high h,1.8,1,0.5353529236339561,1.8,1.171581162827624,0.45760129896054663,0.6610470458045472,0.6765314119362608,0.6799225397506314,0.6054010795474045
parent_human_capital,high h,1.8,1,0.537161842297634,1.8,1.1716255432176408,0.4575807615795011,0.6609361242999428,0.6772546336141598,0.6806493865922769,0.6093024978214958
parent_human_capital,high h,1.8,1,0.5390206844370244,1.8,1.1714393927215185,0.4576669310382694,0.6614014638424746,0.6782032335580862,0.6816027414132094,0.6133005143358563
parent_human_capital,high h,1.8,1,0.5409299255302531,1.8,1.171259872853202,0.4577500552739826,0.6618503062345018,0.6791659113274983,0.6825702446250216,0.6173998599821167
parent_human_capital,high h,1.8,1,0.5428900550320312,1.8,1.1713171140893686,0.45772355870125137,0.661707216102686,0.679936978977713,0.683345177267917,0.6216005690159829
parent_human_capital,high h,1.8,1,0.5449015765825912,1.8,1.1715166728315982,0.45763115880168836,0.661208281685872,0.6806004149822014,0.6840119387592166,0.6258912835146571
parent_human_capital,high h,1.8,1,0.5469650082231464,1.8,1.1716633745296325,0.45756325694871314,0.6608415779841981,0.6813308608599667,0.684746046012181,0.6302767291474836
parent_human_capital,high h,1.8,1,0.5490808826180046,1.8,1.1715180906009133,0.4576305129390689,0.6612047713216702,0.6823431607520852,0.6857634200786248,0.634759920062079
parent_human_capital,high h,1.8,1,0.5512497472834679,1.8,1.171318866570993,0.45772272874858977,0.661702774574438,0.683424333082098,0.6868500118074944,0.6393458244978165
parent_human_capital,high h,1.8,1,0.5534721648236569,1.8,1.171104445685719,0.45782200765245606,0.6622388591082389,0.6845398305983977,0.687971100778363,0.6440358592461486
parent_human_capital,high h,1.8,1,0.5557487131734017,1.8,1.1717054554443553,0.4575437645953379,0.6607363418445398,0.6849423512121926,0.688375639035131,0.6488225462769039
parent_human_capital,high h,1.8,1,0.5580799858483445,1.8,1.1719796654867694,0.4574168286479257,0.6600508593325098,0.6856584628250924,0.6890953401724281,0.6536944037020382
parent_human_capital,high h,1.8,1,0.5604665922024078,1.8,1.171748507160056,0.4575238306507957,0.6606287041485224,0.6868509047733168,0.6902937592607914,0.6586615895355368
parent_human_capital,high h,1.8,1,0.5629091576927818,1.8,1.1715210405295324,0.45762914009413463,0.6611973733754639,0.68806118932633,0.6915101103903726,0.6637348093294675
parent_human_capital,high h,1.8,1,0.5654083241525933,1.8,1.171516800355929,0.4576311103362007,0.6612079971333612,0.6890909282310679,0.6925450108828501,0.6689117031913774
parent_human_capital,high h,1.8,1,0.5679647500714233,1.8,1.1717934462423991,0.4575030209889933,0.6605163417619391,0.6898872609471305,0.693345335233263,0.6741883650688445
parent_human_capital,high h,1.8,1,0.5705791108838415,1.8,1.1717536192144091,0.457521448133288,0.6606158727374438,0.690991123641186,0.6944547310620984,0.67955323454767
parent_human_capital,high h,1.8,1,0.5732520992661372,1.8,1.1717504010581454,0.4575229495317574,0.6606239554247486,0.6920831196498259,0.6955522007235101,0.6850207886899669
parent_human_capital,high h,1.8,1,0.5759844254414287,1.8,1.1716672617204071,0.4575614620564287,0.6608318753424218,0.6932692014108424,0.6967442277440945,0.6905915680534858
parent_human_capital,high h,1.8,1,0.578776817493336,1.8,1.17140476075356,0.45768297463340846,0.6614880770586834,0.69464018542167,0.6981220838408743,0.6962682242156855
parent_human_capital,high h,1.8,1,0.5816300216884137,1.8,1.171697958717872,0.45754723623587334,0.6607550866863579,0.6955270453838537,0.6990133892071178,0.7020431191969514
parent_human_capital,high h,1.8,1,0.5845448028075416,1.8,1.1714935372346371,0.4576418830283896,0.6612661637773454,0.6968891546836672,0.7003823261082096,0.7079205237797257
parent_human_capital,high h,1.8,1,0.5875219444864789,1.8,1.1717349855381387,0.4575300893756679,0.6606625040390253,0.6978661927255778,0.7013642615736857,0.713896458695213
parent_human_capital,high h,1.8,1,0.5905622495657936,1.8,1.1714635918105891,0.4576557379679715,0.6613409992056387,0.6993341082111886,0.7028395350162877,0.7199765949105448
parent_human_capital,high h,1.8,1,0.5936665404503856,1.8,1.1715610088314712,0.45761062579077316,0.6610974187306341,0.7004869414191977,0.7039981468247996,0.7261635567347848
parent_human_capital,high h,1.8,1,0.5968356594788269,1.8,1.1716564904368496,0.4575664404972117,0.6608587767741165,0.7016637125818018,0.705180816577403,0.7324483322798117
parent_human_capital,high h,1.8,1,0.600070469302753,1.8,1.1714256067931723,0.4576733253876961,0.6614359674629632,0.7031627222928442,0.7066873401058903,0.7388370993069633
parent_human_capital,high h,1.8,1,0.6033718532765401,1.8,1.1714594375206102,0.45765767118569955,0.6613514171210564,0.7044414332677287,0.7079724606462096,0.7453303841264947
parent_human_capital,high h,1.8,1,0.6067407158575169,1.8,1.1719483278644742,0.4574313223791078,0.6601291566438352,0.7053232480600199,0.7088586955535413,0.7519284349110786
parent_human_capital,high h,1.8,1,0.6101779830169621,1.8,1.1717585593223419,0.4575191783580354,0.6606035785576929,0.7068535707228734,0.7103966889906639,0.7586139089311825
parent_human_capital,high h,1.8,1,0.6136846026621482,1.8,1.1714583852870812,0.45765815584057606,0.6613540396363855,0.7085096638902135,0.7120610833595505,0.765415412627958
parent_human_capital,high h,1.8,1,0.6172615450697004,1.8,1.1717249546934634,0.4575347356290567,0.6606875887446806,0.7096650145923487,0.7132222252811801,0.7723273746163002
parent_human_capital,high h,1.8,1,0.6209098033305457,1.8,1.1722044864082655,0.4573127325110193,0.6594887669274371,0.71064522503121,0.7142073490453127,0.7793311589152696
parent_human_capital,high h,1.8,1,0.6246303938067362,1.8,1.171877161945104,0.4574642661368836,0.6603070603383989,0.712398084214208,0.7159689944715292,0.7864287162257757
parent_human_capital,high h,1.8,1,0.6284243566004422,1.8,1.17164020594906,0.45757398387630344,0.6608995018101634,0.7140915486482794,0.7176709474314009,0.7936451232845312
parent_human_capital,high h,1.8,1,0.6322927560354111,1.8,1.1715615284631087,0.45761040197550384,0.6610961739375238,0.7156621586841692,0.7192494301828576,0.800974084525043
parent_human_capital,high h,1.8,1,0.6362366811512086,1.8,1.1720011642858286,0.4574068445139301,0.659997011939305,0.7167730331749274,0.720365872955173,0.8083949738326945
parent_human_capital,high h,1.8,1,0.6402572462105554,1.8,1.1716960192134005,0.45754813586708076,0.6607599409959413,0.7186041009196036,0.7222061189651143,0.8159253781127609
parent_human_capital,high h,1.8,1,0.6443555912200942,1.8,1.1714679019194467,0.4576537448436062,0.6613302313738376,0.7203884491624685,0.723999411290767,0.8235715479175743
parent_human_capital,high h,1.8,1,0.6485328824649206,1.8,1.1716094509528119,0.45758821676787814,0.6609763713751133,0.7218513669971618,0.7254696620316222,0.8313345414800271
parent_human_capital,high h,1.8,1,0.652790313057229,1.8,1.1718943274890286,0.4574563235927411,0.6602641609514526,0.7232039515793283,0.726829026472221,0.8391882400139661
parent_human_capital,high h,1.8,1,0.6571291034994325,1.8,1.1716926444136513,0.45754969280205715,0.6607683602650141,0.7250394557972594,0.7286737311933319,0.8471462809165244
parent_human_capital,high h,1.8,1,0.6615505022621248,1.8,1.1713464045429158,0.45770998581433475,0.661633949495529,0.7270374637858741,0.7306817542386669,0.8552299025187493
parent_human_capital,high h,1.8,1,0.6660557863772645,1.8,1.171908380437727,0.45744981380017,0.6602290162748241,0.7282034373097523,0.7318535722291551,0.8634144921431619
parent_human_capital,high h,1.8,1,0.6706462620469753,1.8,1.171940335002838,0.45743504071721175,0.6601491969209283,0.7298955718543493,0.7335541886334538,0.8716925202143595
parent_human_capital,high h,1.8,1,0.6753232652683625,1.8,1.171556245955199,0.45761284002951863,0.6611093557404415,0.7320087674416179,0.7356779766576834,0.8800928339606644
parent_human_capital,high h,1.8,1,0.6800881624747613,1.8,1.1721083198734485,0.4573572472910859,0.6597291613496699,0.7332588893573955,0.7369343648356408,0.8886039136658423
parent_human_capital,high h,1.8,1,0.6849423511938463,1.8,1.1720753199199203,0.4573725420532586,0.6598117163326376,0.7350914535150334,0.738776114759345,0.8972132526258876
parent_human_capital,high h,1.8,1,0.6898872607230374,1.8,1.171727559754046,0.45753354250403444,0.6606811179590254,0.7372516797898027,0.7409471692133776,0.9059381992836499
parent_human_capital,high h,1.8,1,0.6949243528226603,1.8,1.1720246333569209,0.45739599070204584,0.6599383765177078,0.738822854100903,0.742526219068486,0.9147813458408871
parent_human_capital,high h,1.8,1,0.7000551224273222,1.8,1.1716488868817665,0.45756995353221547,0.6608777625626119,0.7410656506063792,0.7447802576382294,0.9237323747058195
parent_human_capital,high h,1.8,1,0.7052810983759861,1.8,1.171845498269153,0.45747892377669763,0.6603862147673472,0.7427872752920042,0.7465105120035029,0.9328005344398829
parent_human_capital,high h,1.8,1,0.7106038441612367,1.8,1.1719084736632752,0.457449776775832,0.6602288030904206,0.7446646054563987,0.7483972523245066,0.9419844509253603
parent_human_capital,high h,1.8,1,0.7160249586982449,1.8,1.1717478760339735,0.4575241241446107,0.6606302861945654,0.7467855216896351,0.7505287996946031,0.9512671760819837
parent_human_capital,high h,1.8,1,0.7215460771139571,1.8,1.1720019752175257,0.45740648237321724,0.6599950276716982,0.7485342011245092,0.752286244421621,0.9606717486773726
parent_human_capital,high h,1.8,1,0.7271688715570458,1.8,1.1718422757223341,0.45748041643490645,0.6603942735267627,0.7507115944847742,0.7544745520115234,0.9701832580213039
parent_human_capital,high h,1.8,1,0.7328950520291776,1.8,1.1718953096328413,0.4574558557807923,0.660261663096926,0.752711753834036,0.7564847372012454,0.9798081327463088
parent_human_capital,high h,1.8,1,0.7387263672381705,1.8,1.1717145274038077,0.457539570342618,0.6607136805062745,0.7549684861205335,0.7587527814054031,0.9895497665756388
parent_human_capital,high h,1.8,1,0.7446646054736273,1.8,1.1719294336023736,0.45744007469450176,0.6601764084078124,0.7568692068940518,0.7606630295814465,0.9994174226590089
parent_human_capital,high h,1.8,1,0.7507115955056528,1.8,1.1721166193287225,0.4573533976985576,0.6597083892146043,0.7588256607369461,0.7626292901900388,1.0093744133287328
parent_human_capital,high h,1.8,1,0.7568692075072764,1.8,1.1717060592682562,0.4575434852435616,0.6607348329208833,0.7613973957861426,0.7652139161148143,1.019465017233558
parent_human_capital,high h,1.8,1,0.7631393540012239,1.8,1.1721329061055823,0.45734587450087616,0.6596677272772566,0.7631782138656962,0.7670036605821384,1.0296841128576415
parent_human_capital,high h,1.8,1,0.7695239908317001,1.8,1.1718835474756122,0.457461317844804,0.6602911223415528,0.7656537724174834,0.7694916279228051,1.0399985832380287
parent_human_capital,high h,1.8,1,0.7760251181618615,1.8,1.1714745088885623,0.45765068380927126,0.6613137066534768,0.7683187478326851,0.7721699615828653,1.050458203267795
parent_human_capital,high h,1.8,1,0.7826447814976824,1.8,1.1723675458575142,0.45723724151435374,0.6590811166489918,0.769728226937439,0.7735865057310328,1.061030237757742
parent_human_capital,high h,1.8,1,0.7893850727389358,1.8,1.172143432954734,0.4573409956919575,0.6596413930872083,0.7722734546925935,0.7761444914934017,1.0716823349586044
parent_human_capital,high h,1.8,1,0.7962481312580323,1.8,1.1720509600787943,0.4573838081405847,0.6598725782967003,0.7747204855953853,0.7786037881896376,1.0824782918474427
parent_human_capital,high h,1.8,1,0.8032361450074849,1.8,1.1721072040172549,0.4573577733404307,0.6597319816057408,0.7770517369158256,0.7809467249559501,1.0933912982277465
parent_human_capital,high h,1.8,1,0.8103513516567865,1.8,1.17187384587971,0.45746580726058017,0.6603153696445699,0.7797046363356605,0.7836129220894646,1.1044212693731508
parent_human_capital,high h,1.8,1,0.8175960397595149,1.8,1.1716540203428354,0.4575675683138186,0.6608649009939371,0.7823777925944161,0.7862994775997277,1.1155895807479586
parent_human_capital,high h,1.8,1,0.8249725499515008,1.8,1.1720081954218076,0.45740360105879424,0.6599794720086858,0.7845086903521289,0.7884410565269003,1.1268698482106525
parent_human_capital,high h,1.8,1,0.8324832761809209,1.8,1.172017932268237,0.4573991029027575,0.6599551611366976,0.7870180668140065,0.7909630112906373,1.1382635835742465
parent_human_capital,high h,1.8,1,0.8401306669712053,1.8,1.1720877042416262,0.45736679793658164,0.6597807210728983,0.7895005351181418,0.7934579230189299,1.1498012849103252
parent_human_capital,high h,1.8,1,0.8479172267176741,1.8,1.1720737655567062,0.4573732636337954,0.6598156086167907,0.7921015849153769,0.7960720106325299,1.1614566306604464
parent_human_capital,high h,1.8,1,0.8558455170188431,1.8,1.171998955618327,0.4574078781004508,0.6600025694271339,0.7947989893350687,0.7987829358481416,1.1732155542356533
parent_human_capital,high h,1.8,1,0.8639181580433734,1.8,1.1722156155472097,0.45730757435032443,0.6594609253478416,0.7972349558278569,0.8012311126737878,1.1851114524097692
parent_human_capital,high h,1.8,1,0.8721378299336601,1.8,1.1723068803426917,0.4572653135342304,0.6592327355082148,0.7998329802137276,0.8038421597110857,1.1971166619036455
parent_human_capital,high h,1.8,1,0.8805072742470966,1.8,1.171901574810743,0.4574529744663693,0.6602460624602933,0.8029745591226892,0.80699948584986,1.2092590197519053
parent_human_capital,high h,1.8,1,0.88902929543607,1.8,1.1722305301847178,0.45730067953474113,0.6594236715078434,0.8054007069871153,0.8094377948310646,1.2215167834079286
parent_human_capital,high h,1.8,1,0.8977067623677852,1.8,1.1719829007310276,0.45741530603639824,0.6600426908269028,0.8084549084030551,0.8125073054953105,1.233919605829902
parent_human_capital,high h,1.8,1,0.9065426098850453,1.8,1.1724274422745582,0.4572095087528907,0.6589313660848076,0.8108328013550985,0.8148971176853775,1.246451053231982
parent_human_capital,high h,1.8,1,0.9155398404091444,1.8,1.1718811289108837,0.45746242985013097,0.6602971438035405,0.814271224814153,0.8183527763137441,1.2591020322975477
parent_human_capital,high h,1.8,1,0.9247015255860773,1.8,1.1722058815711227,0.4573120822782696,0.659485265010471,0.8168462165376399,0.8209406752369577,1.2718979180491163
parent_human_capital,high h,1.8,1,0.9340308079772923,1.8,1.172327744524489,0.45725566865864836,0.6591806219295318,0.8196685269312022,0.8237771325202394,1.284791659979088
parent_human_capital,high h,1.8,1,0.9435309027962627,1.8,1.1721974192055713,0.45731600154934354,0.659506425814302,0.8227920294614712,0.8269162916720958,1.2978375594341607
parent_human_capital,high h,1.8,1,0.9532050996921831,1.8,1.1725904173985828,0.45713406352082375,0.6585239484088864,0.8254069552936226,0.8295443248745267,1.3110022079308736
parent_human_capital,high h,1.8,1,0.9630567645821445,1.8,1.1720977254868064,0.4573621516831929,0.6597556459667386,0.8289896262461106,0.8331449540398963,1.3242934599161642
parent_human_capital,high h,1.8,1,0.9730893415331738,1.8,1.1720020391399752,0.45740645241989863,0.6599948667004965,0.8321967446634558,0.8363681482052071,1.337740076709221
parent_human_capital,high h,1.8,1,0.9833063546955787,1.8,1.1722430438431544,0.45729487988155715,0.6593923669730909,0.8350890199962976,0.8392749211284858,1.3512938140337836
parent_human_capital,high h,1.8,1,0.9937114102890687,1.8,1.1720343595798899,0.45739149961702846,0.6599140991792822,0.8384972149378666,0.8427001997182925,1.36499529484287
parent_human_capital,high h,1.8,1,1.0043081986431819,1.8,1.1726576333844008,0.45710295334891143,0.6583559354660722,0.8410631635160796,0.8452790101672778,1.378836401247995
parent_human_capital,high h,1.8,1,1.0151004962935855,1.8,1.1723283419938695,0.457255386605983,0.6591791106095158,0.8446832442423277,0.8489172366236788,1.3927850251428935
parent_human_capital,high h,1.8,1,1.0260921681358672,1.8,1.1723154584484086,0.4572613430967797,0.6592112931851577,0.8480089955990733,0.8522596583784735,1.4069034224080865
parent_human_capital,high h,1.8,1,1.037287169638491,1.8,1.1726126732105673,0.4571237657116029,0.6584683276950264,0.8510445807702621,0.8553104594836534,1.4211255799301572
parent_human_capital,high h,1.8,1,1.0486895491166357,1.8,1.1719776475822619,0.4574177582324517,0.6600558890908819,0.855125564113246,0.8594118988407707,1.435502896890816
parent_human_capital,high h,1.8,1,1.0603034500686892,1.8,1.1724501331745791,0.4571990214518495,0.6588746963294134,0.8580581029266596,0.8623591370661576,1.4500132688978193
parent_human_capital,high h,1.8,1,1.0721331135772334,1.8,1.1720494888369064,0.45738448228728157,0.6598762337738862,0.861978008547077,0.8662986912952642,1.4646642061082407
parent_human_capital,high h,1.8,1,1.0841828807763967,1.8,1.1726881405705278,0.45708882445933136,0.658279650677706,0.8648152488351156,0.8691501533094298,1.479465549589929
parent_human_capital,high h,1.8,1,1.0964571953875313,1.8,1.1725929794993697,0.45713287579757944,0.6585175380847879,0.8684941958771278,0.8728475411502308,1.4943742330478949
parent_human_capital,high h,1.8,1,1.1089606063252093,1.8,1.1725725971473058,0.45714229685789226,0.6585684446722653,0.872137830806016,0.876509439875204,1.509445587107317
parent_human_capital,high h,1.8,1,1.1216977703756155,1.8,1.172304886207687,0.45726626163092543,0.6592378014765112,0.8760999523545056,0.8804914216406029,1.524662702242733
parent_human_capital,high h,1.8,1,1.1346734549494641,1.8,1.172333600818404,0.4572529529220986,0.6591659666491955,0.8797842799782896,0.8841942170334539,1.5400175053197511
parent_human_capital,high h,1.8,1,1.147892540911644,1.8,1.1723683033078913,0.4572368908147906,0.6590792229320303,0.8835094792572895,0.8879380889515454,1.5555045851391003
parent_human_capital,high h,1.8,1,1.1613600254898573,1.8,1.1723509665159981,0.4572449161478698,0.6591225618031,0.8873404508960879,0.8917882634155949,1.571156518033367
parent_human_capital,high h,1.8,1,1.1750810252645967,1.8,1.1727294416872935,0.4570696959159103,0.6581763730802559,0.8907794182953102,0.8952444687106405,1.5869328773849207
parent_human_capital,high h,1.8,1,1.189060779242872,1.8,1.1726186493176236,0.4571209840290442,0.65845333893648,0.8948120391474915,0.8992973031589615,1.6028586598201575
parent_human_capital,high h,1.8,1,1.2033046520181812,1.8,1.17272838357577,0.4570701805707868,0.6581790014735791,0.8986481350679358,0.903152627590226,1.618916962630534
parent_human_capital,high h,1.8,1,1.217818137019287,1.8,1.1723714793422302,0.45723542810990037,0.659071307733847,0.9030596662766343,0.9075862716911297,1.6351394325724509
parent_human_capital,high h,1.8,1,1.2326068598504607,1.8,1.1728196560995556,0.45702791705380374,0.6579507951547686,0.9066154973719026,0.9111599264639356,1.6515174461611895
parent_human_capital,high h,1.8,1,1.247676581725918,1.8,1.1725007595143775,0.45717556843293206,0.6587480822083226,0.9110900042198185,0.915656861870762,1.6680282970429072
parent_human_capital,high h,1.8,1,1.2630332030012734,1.8,1.1722519897973953,0.45729072972419454,0.6593699745089951,0.9155398394856209,0.9201290020286552,1.6847269770592836
parent_human_capital,high h,1.8,1,1.2786827668049243,1.8,1.1729012006892239,0.45699018871719543,0.6577470107544893,0.9190192336458326,0.9236258367246732,1.7015129857390443
parent_human_capital,high h,1.8,1,1.294631462772364,1.8,1.1721973469606008,0.45731603150266215,0.6595065951080246,0.9240990551046177,0.9287311208944825,1.7184873737311035
parent_human_capital,high h,1.8,1,1.31088563088653,1.8,1.172903864295436,0.45698894545744423,0.6577403189866833,0.9276161807395928,0.9322658761950681,1.7355890396632039
parent_human_capital,high h,1.8,1,1.3274517654273796,1.8,1.1722015102466132,0.4573141140962141,0.6594962194251205,0.9328107404890068,0.9374864737835814,1.7528700931807308
parent_human_capital,high h,1.8,1,1.3443365190339982,1.8,1.1729278117691628,0.456977853688252,0.6576804341807738,0.9364105589258869,0.9411043363854664,1.7702978864371408
parent_human_capital,high h,1.8,1,1.3615467068826452,1.8,1.1722272516917758,0.45730219507524933,0.6594318603520318,0.9417224835953033,0.9464428871880918,1.7878897712891644
parent_human_capital,high h,1.8,1,1.3790893109842512,1.8,1.1732348031720237,0.4568357438235895,0.6569130068164062,0.9451014185038963,0.9498387590783967,1.8056321563507263
parent_human_capital,high h,1.8,1,1.3969714846049992,1.8,1.172534062140808,0.45716015822761497,0.6586648505166643,0.9505353388511034,0.9552999170646925,1.8235102924508344
parent_human_capital,high h,1.8,1,1.4152005568137338,1.8,1.1729389993636965,0.45697268408640745,0.6576524970762638,0.9547317413975266,0.959517354166414,1.8415648659228636
parent_human_capital,high h,1.8,1,1.4337840371600625,1.8,1.1726054215441368,0.4571271017275838,0.6584863880532348,0.9598583326174059,0.9646696425317207,1.8597584731346117
parent_human_capital,high h,1.8,1,1.4527296204871472,1.8,1.1727205124947884,0.4570738275611039,0.6581986888031882,0.9645160823334323,0.9693507393153565,1.8781348496082813
parent_human_capital,high h,1.8,1,1.4720451918832933,1.8,1.1725006670225628,0.457175602756381,0.6587482859081119,0.9696339007597543,0.9744942109132949,1.8966734725266314
parent_human_capital,high h,1.8,1,1.4917388317766058,1.8,1.173075957692383,0.4569092743500974,0.6573100912019325,0.9738643025364755,0.9787458176671656,1.9153721198420617
parent_human_capital,high h,1.8,1,1.5118188211770927,1.8,1.172985733856014,0.45695104884207366,0.6575356643923049,0.9789529468327378,0.9838599688991091,1.9342162407450694
parent_human_capital,high h,1.8,1,1.5322936470707536,1.8,1.1732275318295862,0.4568391027218697,0.6569311609892716,0.9837056622519972,0.9886365074035462,1.9532427970911184
parent_human_capital,high h,1.8,1,1.5531720079703377,1.8,1.1732169374231294,0.456843992971938,0.6569575998059499,0.9888274170355569,0.9937839350897955,1.972407255412504
parent_human_capital,high h,1.8,1,1.5744628196276003,1.8,1.1729486240352722,0.45696821858457837,0.6576284041787619,0.9943294378268608,0.9993135348750846,1.9917511635303118
parent_human_capital,high h,1.8,1,1.5961752209120554,1.8,1.1730875602861,0.4569039038152829,0.6572810880754165,0.9994030427292115,1.0044125713278407,2.0112781742070616
parent_human_capital,high h,1.8,1,1.618318579861377,1.8,1.1732019181168607,0.4568509574660669,0.6569951840731962,1.0045733627600615,1.009608807695695,2.0309578081867956
parent_human_capital,high h,1.8,1,1.6409024999087747,1.8,1.1727491340281868,0.4570605929009531,0.6581271869709014,1.0105111807274443,1.0155763890994984,2.050806698644396
parent_human_capital,high h,1.8,1,1.6639368262928396,1.8,1.1734448814217393,0.45673848529651806,0.6563878109389794,1.0151004961217918,1.0201887085329906,2.0708384250108947
parent_human_capital,high h,1.8,1,1.6874316526555453,1.8,1.1729079528491342,0.4569870465631652,0.6577300780155212,1.0212876409040084,1.0264068665074881,2.0909994830807506
parent_human_capital,high h,1.8,1,1.7113973278342638,1.8,1.1730942532163127,0.45690081012674033,0.657264371594326,1.0266484076505311,1.0317945042091505,2.111372827281652
parent_human_capital,high h,1.8,1,1.7358444628538618,1.8,1.1728302991138753,0.45702301266169676,0.6579242619100225,1.0326452976034317,1.0378214536980312,2.131890579701276
parent_human_capital,high h,1.8,1,1.7607839381251333,1.8,1.1733366986442386,0.45678856447334976,0.6566582502494145,1.0377476505876118,1.0429493823329767,2.1526176146818035
parent_human_capital,high h,1.8,1,1.7862269108560356,1.8,1.172798679425056,0.4570376289070424,0.6580032382337615,1.0442424420203373,1.049476729043236,2.173480793436685
parent_human_capital,high h,1.8,1,1.8121848226824113,1.8,1.1737461350076102,0.4565990187889706,0.6556346858686546,1.0489287936690095,1.0541865711273017,2.1945672877021325
parent_human_capital,high h,1.8,1,1.8386694075250942,1.8,1.1729019781898866,0.45698983094661283,0.6577450740771391,1.0559727252941504,1.0612658106066462,2.215778287503801
parent_human_capital,high h,1.8,1,1.8656926996805347,1.8,1.1736855443349425,0.45662706252476987,0.6557861382453118,1.061013577142593,1.0663319298301281,2.237207752710317
parent_human_capital,high h,1.8,1,1.8932670421523103,1.8,1.172857460585504,0.4570104238641654,0.6578563127343919,1.0682047594268154,1.0735591580655537,2.2587844392724996
parent_human_capital,high h,1.8,1,1.921405095231136,1.8,1.173661582412813,0.45663814285281246,0.6558460004302995,1.0733702116484578,1.0787505022242054,2.2805713648624346
parent_human_capital,high h,1.8,1,1.9501198453312445,1.8,1.1728559768674347,0.45701112796418086,0.6578600777365113,1.0807047654872646,1.0861218206671235,2.30251496145334
parent_human_capital,high h,1.8,1,1.979424614091259,1.8,1.173609768988467,0.4566621518743934,0.6559756030845677,1.086091347767405,1.0915354033033042,2.324668519705315
parent_human_capital,high h,1.8,1,2.009333067747975,1.8,1.1731671078489394,0.456867075109882,0.6570822155070782,1.0931263354483525,1.098605654006748,2.346991542856311
parent_human_capital,high h,1.8,1,2.0398592267917226,1.8,1.1736275523243085,0.45665389565502557,0.6559310695979745,1.099058820688617,1.1045678759530273,2.3695070202934336
parent_human_capital,high h,1.8,1,2.071017475912293,1.8,1.173303937403178,0.45680373839060007,0.6567401749823664,1.106113683085587,1.1116581009949227,2.392189676714298
parent_human_capital,high h,1.8,1,2.1028225742447084,1.8,1.1735764554265442,0.4566775550086911,0.6560588228016152,1.112465129773566,1.1180413844419124,2.4150721773132697
parent_human_capital,high h,1.8,1,2.135289665924415,1.8,1.173002032793084,0.45694350546298196,0.6574949249069777,1.1200381726583641,1.1256523873621398,2.4381481917759946
parent_human_capital,high h,1.8,1,2.168434290961828,1.8,1.17338834340887,0.4567646584221156,0.6565291498787846,1.1264152487452757,1.1320614286759587,2.4614246422954302
parent_human_capital,high h,1.8,1,2.2022723964464688,1.8,1.1729274084920358,0.45697805025109167,0.6576814743215015,1.1340262775936385,1.1397106079651855,2.484888602841133
parent_human_capital,high h,1.8,1,2.23682034809129,1.8,1.1740283662171787,0.45646833892026617,0.6549290518844839,1.139611314575685,1.1453236400616051,2.5085440623567465
parent_human_capital,high h,1.8,1,2.2720949421281498,1.8,1.1732173802530796,0.45684380618100673,0.6569565517733824,1.1478925403977782,1.153646375700873,2.532369594278879
parent_human_capital,high h,1.8,1,2.308113417565749,1.8,1.1736443115738426,0.4566461426027033,0.6558891904589164,1.1545788622088136,1.160366212839459,2.5563921257652478
parent_human_capital,high h,1.8,1,2.344893468821764,1.8,1.173745504193442,0.45659929543985783,0.6556362130316976,1.1618072644480313,1.167630847595681,2.580653615533506
parent_human_capital,high h,1.8,1,2.382453258741261,1.8,1.1736064969579552,0.4566636559737519,0.6559837483970012,1.1694675083352661,1.1753294886151884,2.605071398236043
parent_human_capital,high h,1.8,1,2.4208114320139376,1.8,1.1736216466802285,0.45665663864400496,0.6559458625263475,1.1770153555827043,1.182915169604398,2.6297266791272706
parent_human_capital,high h,1.8,1,2.4599871290031343,1.8,1.1736147881459311,0.4566598036803346,0.6559629757783532,1.1846964227635233,1.1906347382946831,2.6545432955536614
parent_human_capital,high h,1.8,1,2.5,1.8,1.1737855653567242,0.4565807555533079,0.6555360826359938,1.1922310200499637,1.1982071029071892,2.679579608409235
parent_human_capital,high h,1.8,2,0.5,1.8,1.001763411594919,0.5583053720905751,1.2475914642572175,0.8610622016273521,0.8653782938742511,0.7744206977433432
parent_human_capital,high h,1.8,2,0.5000203210855501,1.8,1.001761132433373,0.5583063827947965,1.2475971818345248,0.8610746756759853,0.8653908304493132,0.7745640505615805
parent_human_capital,high h,1.8,2,0.5000812892976928,1.8,1.0017543019459354,0.5583093795523638,1.2476142072912064,0.8611120660796434,0.8654284082731496,0.7749941259724213
parent_human_capital,high h,1.8,2,0.5001829195049198,1.8,1.0017429384436989,0.5583143923165959,1.2476426242173604,0.861174398694461,0.8654910533314992,0.7757109748333608
parent_human_capital,high h,1.8,2,0.5003252364947652,1.8,1.0017270679138868,0.5583214025753234,1.2476823436473632,0.8612616572229757,0.8655787492452083,0.7767146819266775
parent_human_capital,high h,1.8,2,0.5005082749838822,1.8,1.001706697628694,0.5583303716349672,1.2477332266734646,0.8613738151082942,0.8656914693242664,0.7780053659741761
parent_human_capital,high h,1.8,2,0.500732079632158,1.8,1.0016817730781618,0.5583413681424254,1.2477955613423697,0.8615109596309143,0.865829301286667,0.7795831796492769
parent_human_capital,high h,1.8,2,0.5009967050608752,1.8,1.0016566272472422,0.5583524501397091,1.2478584081280482,0.8616702587540562,0.8659893988999865,0.7814483095779665
parent_human_capital,high h,1.8,2,0.5013022158749305,1.8,1.0016583682084703,0.5583516844638152,1.2478540623374292,0.8618341058958772,0.8661540673290236,0.7836006136569389
parent_human_capital,high h,1.8,2,0.5016486866891229,1.8,1.001619732591152,0.558368727322026,1.2479506777583804,0.8620462890177766,0.8663673140232474,0.7860405708376015
parent_human_capital,high h,1.8,2,0.502036202158526,1.8,1.0015765286268143,0.5583877676747322,1.2480586570026246,0.862283512363193,0.866605726455631,0.7887685496074588
parent_human_capital,high h,1.8,2,0.502464857012963,1.8,1.001529077522692,0.5584086884095487,1.2481772804465927,0.8625456146361408,0.8668691425216893,0.7917848730908768
parent_human_capital,high h,1.8,2,0.5029347560956027,1.8,1.0014768868466515,0.5584317035698361,1.2483077686979307,0.8628329425379472,0.867157910660597,0.7950898986322446
parent_human_capital,high h,1.8,2,0.5034460144056994,1.8,1.0014243311962714,0.5584548809695142,1.2484391738620162,0.8631426756556673,0.8674691963220307,0.7986840178923771
parent_human_capital,high h,1.8,2,0.5039987571454999,1.8,1.0013629685943066,0.5584819395842804,1.2485925898714154,0.8634803432163572,0.867808556448412,0.8025676572191363
parent_human_capital,high h,1.8,2,0.5045931197713469,1.8,1.0015338054970129,0.5584066168663772,1.2481655050824023,0.8636889300936914,0.8680181888718199,0.8067401825250888
parent_human_capital,high h,1.8,2,0.5052292480490046,1.8,1.001706961501689,0.5583302605619531,1.2477325849300756,0.8639181569465307,0.8682485647290406,0.8111958232299261
parent_human_capital,high h,1.8,2,0.5059072981132409,1.8,1.0022654379922504,0.5580840246070657,1.2463364137209871,0.863918158643397,0.8682485664344124,0.8159315787566812
parent_human_capital,high h,1.8,2,0.5066274365316988,1.8,1.0022792301289654,0.5580779439328641,1.2463019351306386,0.8642957313576568,0.8686280317397783,0.8209474217464092
parent_human_capital,high h,1.8,2,0.507389840373095,1.8,1.0021950501978099,0.5581150492891522,1.2465123474838862,0.8647596339620114,0.8690942596656139,0.8262534821335361
parent_human_capital,high h,1.8,2,0.5081946972797818,1.8,1.0021027080761344,0.5581557716824388,1.2467432271875225,0.8652513295145738,0.8695884198523902,0.8318505518843935
parent_human_capital,high h,1.8,2,0.5090422055447187,1.8,1.0020785539691017,0.5581664158210926,1.2468035926542553,0.865720950738184,0.8700603950621798,0.8377378180053916
parent_human_capital,high h,1.8,2,0.5099325741928927,1.8,1.0019806970499117,0.5582095675281333,1.247048251680798,0.8662612867683142,0.8706034395379321,0.8439167612159291
parent_human_capital,high h,1.8,2,0.5108660230672385,1.8,1.001882481933532,0.5582528690017673,1.2472937784104805,0.8668244614122789,0.871169437106547,0.8503887156245162
parent_human_capital,high h,1.8,2,0.5118427829191048,1.8,1.00225950157159,0.5580866450818814,1.2463512649969708,0.8670993227924011,0.8714456762350706,0.8571470264596104
parent_human_capital,high h,1.8,2,0.5128630955033207,1.8,1.0021479256134764,0.5581358360686555,1.2466301886920896,0.8677165237813805,0.8720659709568817,0.8641897927471596
parent_human_capital,high h,1.8,2,0.5139272136779165,1.8,1.0020778772316277,0.5581667180551682,1.2468052975920543,0.8683293196002486,0.8726818384275744,0.871526042973684
parent_human_capital,high h,1.8,2,0.5150354015085564,1.8,1.0019534159163608,0.5582216019922425,1.2471164740612481,0.8690006287178546,0.8733565124961354,0.8791574288158617
parent_human_capital,high h,1.8,2,0.5161879343777439,1.8,1.0018281301834913,0.5582768436998993,1.247429692083566,0.8696954166257911,0.8740547830429534,0.8870852404218654
parent_human_capital,high h,1.8,2,0.5173850990988615,1.8,1.0016982104356646,0.5583341199263898,1.2477544655539137,0.8704162538279376,0.874779233456612,0.8953104311038675
parent_human_capital,high h,1.8,2,0.5186271940351138,1.8,1.001834309025456,0.5582741104828282,1.2474142148371254,0.8709855857911437,0.8753514192081595,0.9038326075064189
parent_human_capital,high h,1.8,2,0.5199145292234401,1.8,1.001811527609528,0.5582841518225721,1.247471156890862,0.8716822409072279,0.8760515663225449,0.9126385904231671
parent_human_capital,high h,1.8,2,0.5212474265034702,1.8,1.0021907026419576,0.5581169710657308,1.2465232329236584,0.8721378300489555,0.8765094391143489,0.9217389268905971
parent_human_capital,high h,1.8,2,0.5226262196515982,1.8,1.0023545294922094,0.5580447208233119,1.2461136107486979,0.8727579376521516,0.8771326550198408,0.9311073301412134
parent_human_capital,high h,1.8,2,0.5240512545202515,1.8,1.0021979986789087,0.5581137575639135,1.246505004553525,0.873612186567216,0.8779911858754111,0.9407746966698327
parent_human_capital,high h,1.8,2,0.5255228891824385,1.8,1.002081544884958,0.5581650985126654,1.2467961202551296,0.8744635314009263,0.8788467980928589,0.9507431514684788
parent_human_capital,high h,1.8,2,0.5270414940816569,1.8,1.0019891813128488,0.5582058209059519,1.2470270214091999,0.8753225817332394,0.879710154432882,0.9610130996187167
parent_human_capital,high h,1.8,2,0.5286074521872524,1.8,1.0020565051898511,0.5581761478557414,1.2468587498153811,0.87609995219861,0.8804914214839259,0.9715830316534104
parent_human_capital,high h,1.8,2,0.5302211591553182,1.8,1.0021462932415615,0.5581365516098207,1.2466342553350485,0.8768860663762191,0.8812814760752481,0.982433565301454
parent_human_capital,high h,1.8,2,0.5318830234952302,1.8,1.001966108113695,0.5582160076421587,1.2470847498849291,0.8778742649684104,0.882274628033496,0.9935889034314731
parent_human_capital,high h,1.8,2,0.5335934667419154,1.8,1.0021724254532323,0.5581250307222589,1.2465689290638926,0.8786308844318762,0.8830350400678051,1.0050440162274392
parent_human_capital,high h,1.8,2,0.5353529236339561,1.8,1.0019926781016368,0.5582042912234051,1.2470183206403875,0.8796667908147064,0.8840761389529876,1.016792323631952
parent_human_capital,high h,1.8,2,0.537161842297634,1.8,1.0021445167159104,0.5581373287268643,1.246638675612882,0.8805072743107839,0.8849208353901212,1.0288479697418973
parent_human_capital,high h,1.8,2,0.5390206844370244,1.8,1.0024916612453527,0.5579842768596028,1.2457708486310164,0.881242217702529,0.8856594627009479,1.0411669408737718
parent_human_capital,high h,1.8,2,0.5409299255302531,1.8,1.0022880509043084,0.5580740475440894,1.2462798588406838,0.882366622035438,0.8867895031340299,1.0537915914994889
parent_human_capital,high h,1.8,2,0.5428900550320312,1.8,1.002084401175699,0.5581638454810056,1.2467890011506821,0.883515667556524,0.8879443082697588,1.0667289975236036
parent_human_capital,high h,1.8,2,0.5449015765825912,1.8,1.001875829076031,0.5582558031518083,1.2473104132464212,0.8846927060413018,0.8891272466844938,1.0799807492022908
parent_human_capital,high h,1.8,2,0.5469650082231464,1.8,1.0022272480178271,0.5581008692331955,1.2464319091135039,0.8855219814219701,0.8899606788253059,1.09353722845296
parent_human_capital,high h,1.8,2,0.5490808826180046,1.8,1.0024034794467784,0.5580231585960063,1.245991306096835,0.8864922016673004,0.890935762319854,1.1073682833030052
parent_human_capital,high h,1.8,2,0.5512497472834679,1.8,1.002218918207571,0.5581045391058119,1.2464527238304015,0.8877277176357161,0.8921774713378338,1.1215021587839327
parent_human_capital,high h,1.8,2,0.5534721648236569,1.8,1.001996129306931,0.5582027669426364,1.247009683831918,0.8890139662898087,0.8934701673401353,1.1359542515903045
parent_human_capital,high h,1.8,2,0.5557487131734017,1.8,1.002614129286016,0.5579302669705475,1.2454646389477864,0.8897637015703083,0.8942236606843673,1.1506781433963509
parent_human_capital,high h,1.8,2,0.5580799858483445,1.8,1.0023729585706498,0.5580366143705373,1.2460676035179183,0.8911127428995972,0.8955794641114596,1.165709237563597
parent_human_capital,high h,1.8,2,0.5604665922024078,1.8,1.002131302171169,0.5581431627034973,1.246671737346129,0.8924878012647752,0.896961414985376,1.181063904341063
parent_human_capital,high h,1.8,2,0.5629091576927818,1.8,1.0021961356888647,0.5581145744061842,1.2465096464409737,0.8936832450739544,0.8981628509815849,1.1967420239358582
parent_human_capital,high h,1.8,2,0.5654083241525933,1.8,1.0023983493258422,0.558025412559979,1.2460041042032064,0.894812039288288,0.8992973033004638,1.2127122415699136
parent_human_capital,high h,1.8,2,0.5679647500714233,1.8,1.0023837574261905,0.5580318466346328,1.2460405848248304,0.8961120661687234,0.9006038465927552,1.2289696073555243
parent_human_capital,high h,1.8,2,0.5705791108838415,1.8,1.0021223630323743,0.5581471162980203,1.2466941266134905,0.8976041670437566,0.9021034266545488,1.2455527144312022
parent_human_capital,high h,1.8,2,0.5732520992661372,1.8,1.0027183979871528,0.5578843079977596,1.2452040178212251,0.8985451069169558,0.9030490830084899,1.2624129449286658
parent_human_capital,high h,1.8,2,0.5759844254414287,1.8,1.0024439532103133,0.5580052972262836,1.2458900679535034,0.9000986002007196,0.9046103632097434,1.2795866400446
parent_human_capital,high h,1.8,2,0.578776817493336,1.8,1.0023954660747278,0.5580266857730487,1.246011318925184,0.9015263661881041,0.9060452859039221,1.2970911558152718
parent_human_capital,high h,1.8,2,0.5816300216884137,1.8,1.0023307792631981,0.5580552097935942,1.2461730444546095,0.90299176656093,0.9075180316266841,1.3148971035356403
parent_human_capital,high h,1.8,2,0.5845448028075416,1.8,1.002349309015561,0.5580470276229024,1.246126678957553,0.904427691318092,0.9089611539866439,1.3330387608630465
parent_human_capital,high h,1.8,2,0.5875219444864789,1.8,1.0022598336487145,0.5580864811732495,1.2463503753026806,0.9059637638673805,0.9105049261316273,1.3514762619404328
parent_human_capital,high h,1.8,2,0.5905622495657936,1.8,1.0029034676932034,0.5578027107437042,1.2447413542568786,0.907029329341297,0.9115758327747089,1.3702105853003732
parent_human_capital,high h,1.8,2,0.5936665404503856,1.8,1.0026439902156785,0.557917113430092,1.2453900296734945,0.9087351072351271,0.913290160915813,1.3892393239462648
parent_human_capital,high h,1.8,2,0.5968356594788269,1.8,1.002742037590203,0.5578738789341147,1.2451448985436553,0.9102253571264067,0.9147878807157587,1.408593654164815
parent_human_capital,high h,1.8,2,0.600070469302753,1.8,1.0024327875903891,0.5580102315717093,1.2459180202165658,0.9120208003175775,0.916592323603377,1.4282743992054652
parent_human_capital,high h,1.8,2,0.6033718532765401,1.8,1.002120454279245,0.5581479445814406,1.2466988531868157,0.9138467203039966,0.9184273960518157,1.448304544289845
parent_human_capital,high h,1.8,2,0.6067407158575169,1.8,1.0023560165134233,0.5580440934728615,1.2461099894812517,0.9153267780430473,0.9199148726111565,1.4686469306697063
parent_human_capital,high h,1.8,2,0.6101779830169621,1.8,1.0029341240826197,0.5577891809204971,1.2446646694089114,0.9165999273961289,0.9211944036519275,1.489258762722904
parent_human_capital,high h,1.8,2,0.6136846026621482,1.8,1.003051935486094,0.5577372338343528,1.2443701340183742,0.9182160139847002,0.9228185909082346,1.5101770675556132
parent_human_capital,high h,1.8,2,0.6172615450697004,1.8,1.002714686802674,0.5578859346112819,1.2452132627449073,0.9201731430477894,0.9247855301215773,1.5314247636408713
parent_human_capital,high h,1.8,2,0.6209098033305457,1.8,1.0024205157805741,0.5580156408001029,1.2459486942213762,0.922130105272202,0.9267523016599607,1.5530298279452261
parent_human_capital,high h,1.8,2,0.6246303938067362,1.8,1.0020830385578334,0.5581644499491569,1.2467924201691984,0.924146512594165,0.9287788162656859,1.5749940638347448
parent_human_capital,high h,1.8,2,0.6284243566004422,1.8,1.0031175024196402,0.5577083264600364,1.244206224197404,0.9252462904688994,0.9298841067999584,1.5972304820274261
parent_human_capital,high h,1.8,2,0.6322927560354111,1.8,1.003178591310009,0.5576813849576557,1.244053480315936,0.9270460065206566,0.9316928439659657,1.619738878389592
parent_human_capital,high h,1.8,2,0.6362366811512086,1.8,1.0029332258856436,0.5577895757154177,1.2446669106982071,0.929087543002916,0.9337446136924277,1.642588233841832
parent_human_capital,high h,1.8,2,0.6402572462105554,1.8,1.0025697593456662,0.5579498360734877,1.2455755829763389,0.931241409936865,0.9359092769293118,1.6658022437089137
parent_human_capital,high h,1.8,2,0.6443555912200942,1.8,1.0022066830880414,0.5581099325229257,1.2464833073549522,0.9334259208896748,0.93810473778884,1.6893895107701473
parent_human_capital,high h,1.8,2,0.6485328824649206,1.8,1.0036402741946455,0.5574778301969712,1.2428993041354506,0.9343914459706195,0.9390751025843933,1.7132713668519584
parent_human_capital,high h,1.8,2,0.652790313057229,1.8,1.0033087691305824,0.5576240074300597,1.2437281041464807,0.9366148509355674,0.9413096524131068,1.737389223568579
parent_human_capital,high h,1.8,2,0.6571291034994325,1.8,1.0029986426297834,0.557760738019647,1.2445033881130558,0.9388548995987336,0.9435609293669232,1.7618805125847143
parent_human_capital,high h,1.8,2,0.6615505022621248,1.8,1.002610178670226,0.5579320160982333,1.2454745400959637,0.9411815579603414,0.9458992501521013,1.7867467066601534
parent_human_capital,high h,1.8,2,0.6660557863772645,1.8,1.002635660625773,0.5579207860035973,1.245410853358465,0.9432505240935167,0.9479785870211765,1.8119881285138555
parent_human_capital,high h,1.8,2,0.6706462620469753,1.8,1.0035850242581668,0.5575021882488742,1.2430374201645034,0.9447023270951763,0.9494376672156657,1.8374804245679575
parent_human_capital,high h,1.8,2,0.6753232652683625,1.8,1.0032871547435216,0.5576335297914781,1.243782113607087,0.9470610746188767,0.9518082380105306,1.8632667060366592
parent_human_capital,high h,1.8,2,0.6800881624747613,1.8,1.0028801798566531,0.5578129644575676,1.244799525227992,0.9495295617560665,0.9542890984909868,1.8894448748034098
parent_human_capital,high h,1.8,2,0.6849423511938463,1.8,1.0029782837111123,0.5577697114494212,1.2445542746398186,0.9516749724607564,0.9564452631115857,1.9160047146757129
parent_human_capital,high h,1.8,2,0.6898872607230374,1.8,1.0034888770070163,0.5575445803193924,1.2432777852395565,0.9535609917890296,0.9583407361510833,1.9428712976310285
parent_human_capital,high h,1.8,2,0.6949243528226603,1.8,1.0035876729636364,0.5575010250771705,1.2430308143488977,0.9557705226539077,0.9605613423355112,1.9700276188213732
parent_human_capital,high h,1.8,2,0.7000551224273222,1.8,1.0031550493427002,0.5576917726268324,1.244112361133784,0.9583905453673714,0.9631944979674782,1.997534321844873
parent_human_capital,high h,1.8,2,0.7052810983759861,1.8,1.0031921125599728,0.5576754355378786,1.24401971913989,0.9607110831968466,0.9655266675412285,2.0254357850052647
parent_human_capital,high h,1.8,2,0.7106038441612367,1.8,1.003241269589612,0.5576537561981872,1.2438968089966211,0.9630567647200994,0.9678841068420463,2.0536793164155194
parent_human_capital,high h,1.8,2,0.7160249586982449,1.8,1.003287970652091,0.5576331676507651,1.243780065695812,0.9654382501487261,0.9702775295160602,2.0822098237292512
parent_human_capital,high h,1.8,2,0.7215460771139571,1.8,1.0034110569272658,0.5575788854809528,1.2434723114789357,0.9677993841554958,0.9726504987562908,2.1110914582353466
parent_human_capital,high h,1.8,2,0.7271688715570458,1.8,1.003383691952625,0.5575909525992697,1.2435407287900908,0.9703029139079868,0.9751665775038882,2.140347218765054
parent_human_capital,high h,1.8,2,0.7328950520291776,1.8,1.0030117509045833,0.557754959579521,1.2444706215849473,0.9730893414551418,0.9779669720772466,2.1699776967552173
parent_human_capital,high h,1.8,2,0.7387263672381705,1.8,1.003493519984161,0.5575425185481291,1.2432661281165742,0.975297325826422,0.9801860240162453,2.199898206647884
parent_human_capital,high h,1.8,2,0.7446646054736273,1.8,1.0035532817393253,0.5575161902541601,1.2431167975053272,0.9778442974074343,0.9827457623454354,2.2301925278627874
parent_human_capital,high h,1.8,2,0.7507115955056528,1.8,1.0035079118205452,0.5575361999166197,1.2432302402957953,0.9805032543073362,0.9854180473222622,2.260825768310465
parent_human_capital,high h,1.8,2,0.7568692075072764,1.8,1.0033141999464548,0.5576216036994939,1.2437144958392234,0.9833063544342829,0.9882351980470664,2.291864271408018
parent_human_capital,high h,1.8,2,0.7631393540012239,1.8,1.0035842383401465,0.5575025362475483,1.2430393899740129,0.9858098382057453,0.9907512305831544,2.3231919277874
parent_human_capital,high h,1.8,2,0.7695239908317001,1.8,1.0039867902694046,0.5573250506104666,1.2420330319074024,0.9882529915129712,0.9932066302472954,2.354922347980725
parent_human_capital,high h,1.8,2,0.7760251181618615,1.8,1.003563719681754,0.5575115880961288,1.2430907030212763,0.991335246245563,0.9963043348460284,2.386959609784752
parent_human_capital,high h,1.8,2,0.7826447814976824,1.8,1.004040190368371,0.5573014979596846,1.2418995056904762,0.9937983643999492,0.9987797994315427,2.41941583087413
parent_human_capital,high h,1.8,2,0.7893850727389358,1.8,1.0036040523235137,0.557493798074193,1.242989848724891,0.996967639230721,1.0019649603185128,2.45218758019162
parent_human_capital,high h,1.8,2,0.7962481312580323,1.8,1.004070681905342,0.5572880579964337,1.2418232913985254,0.9995131778237083,1.004523258476796,2.4853413911212234
parent_human_capital,high h,1.8,2,0.8032361450074849,1.8,1.0035975064999292,0.5574966908297656,1.2430062357029334,1.0027888026841518,1.0078153024751797,2.518839818517197
parent_human_capital,high h,1.8,2,0.8103513516567865,1.8,1.0040114405625682,0.5573141782864133,1.2419713939678096,1.0054500695309627,1.010489908977573,2.552726035775147
parent_human_capital,high h,1.8,2,0.8175960397595149,1.8,1.0039200728399056,0.5573544671911999,1.2421998245445565,1.0085238824905833,1.0135791294887715,2.5869608087031293
parent_human_capital,high h,1.8,2,0.8249725499515008,1.8,1.004055169895449,0.5572948912361384,1.2418620500898938,1.0114700540257004,1.016540068770164,2.6215740150959848
parent_human_capital,high h,1.8,2,0.8324832761809209,1.8,1.0035166844654109,0.5575323264101444,1.2432082899819004,1.014957609466322,1.0200451056551798,2.656578677197612
parent_human_capital,high h,1.8,2,0.8401306669712053,1.8,1.0043373048841846,0.557170504415755,1.241156751138214,1.0174742135010446,1.0225743242201213,2.6919101064400173
parent_human_capital,high h,1.8,2,0.8479172267176741,1.8,1.0038521895877912,0.5573844010810178,1.2423695428898316,1.0210058842291283,1.0261236975213979,2.7276110828157853
parent_human_capital,high h,1.8,2,0.8558455170188431,1.8,1.0039148216139022,0.5573567766916796,1.2422129326911917,1.0241704662627038,1.0293041420884281,2.7637388250625796
parent_human_capital,high h,1.8,2,0.8639181580433734,1.8,1.004356468676378,0.5571620428932869,1.241108801246584,1.0270921441849152,1.032240464982169,2.8002274844214536
parent_human_capital,high h,1.8,2,0.8721378299336601,1.8,1.0042345184918071,0.5572158218960537,1.2414137075985674,1.030479753675867,1.0356450549363576,2.8370187682894312
parent_human_capital,high h,1.8,2,0.8805072742470966,1.8,1.0036663152771412,0.5574663419636172,1.2428341800830847,1.0342481903758822,1.039432381003939,2.8742899253763916
parent_human_capital,high h,1.8,2,0.88902929543607,1.8,1.0041216438206702,0.5572655988388098,1.2416959234289608,1.0372871690469037,1.0424865926189402,2.9119568259135455
parent_human_capital,high h,1.8,2,0.8977067623677852,1.8,1.0045822350135822,0.5570625075199435,1.2405444155692653,1.040364288430542,1.0455791361276758,2.9498631506041075
parent_human_capital,high h,1.8,2,0.9065426098850453,1.8,1.0039929052985859,0.5573223517168445,1.2420177352421191,1.0442841156913165,1.0495186116043607,2.9882418741224237
parent_human_capital,high h,1.8,2,0.9155398404091444,1.8,1.0040794819864223,0.557284164308548,1.241801244991258,1.0477351068999685,1.0529869009784314,3.0270962138244237
parent_human_capital,high h,1.8,2,0.9247015255860773,1.8,1.0048984317556058,0.5569230938480141,1.2397539335153382,1.0506702168688777,1.0559367232472845,3.0661827414600125
parent_human_capital,high h,1.8,2,0.9340308079772923,1.8,1.0042925784438759,0.557190211844139,1.241268522249885,1.0547426534894841,1.0600295730414002,3.1056905538103434
parent_human_capital,high h,1.8,2,0.9435309027962627,1.8,1.003732523922173,0.5574371650094327,1.2426687114399173,1.0588287470142526,1.064136148195195,3.1457123010052466
parent_human_capital,high h,1.8,2,0.9532050996921831,1.8,1.0051743420686827,0.5568014315044411,1.2390641279094259,1.061418027751934,1.0667384077565853,3.186019101350506
parent_human_capital,high h,1.8,2,0.9630567645821445,1.8,1.0045985923133407,0.557055296328246,1.2405035257953525,1.065611955703809,1.0709533578598016,3.2266756372918013
parent_human_capital,high h,1.8,2,0.9730893415331738,1.8,1.0040352506830166,0.5573036822451116,1.2419118763148531,1.069846687171558,1.0752093160073666,3.267861393171314
parent_human_capital,high h,1.8,2,0.9833063546955787,1.8,1.0053329030263618,0.5567315180149317,1.2386677212604358,1.0726824684036471,1.0780593116520343,3.3094094064483066
parent_human_capital,high h,1.8,2,0.9937114102890687,1.8,1.004822751689018,0.5569564623540293,1.2399431332393895,1.0769748548635754,1.0823732137886297,3.35124487156579
parent_human_capital,high h,1.8,2,1.0043081986431819,1.8,1.0046419072865236,0.5570361862969939,1.24039519849585,1.0810610859856071,1.0864799272293966,3.3936119019639963
parent_human_capital,high h,1.8,2,1.0151004962935855,1.8,1.0050298022822977,0.5568651646878847,1.2394254879858864,1.0847513912007178,1.0901887301763757,3.4363937734476475
parent_human_capital,high h,1.8,2,1.0260921681358672,1.8,1.0050134810308036,0.5568723600683023,1.239466287921561,1.0888096762175765,1.094267357431535,3.4794472610072185
parent_human_capital,high h,1.8,2,1.037287169638491,1.8,1.0048156693380728,0.5569595789248712,1.2399608181643393,1.0930632099826998,1.0985422121233819,3.5230120233348328
parent_human_capital,high h,1.8,2,1.0486895491166357,1.8,1.0051878505362157,0.5567954820846639,1.239030379515811,1.0969175645572622,1.1024158867306488,3.5670194247945575
parent_human_capital,high h,1.8,2,1.0603034500686892,1.8,1.0050794363122286,0.5568432773442044,1.2393013932127548,1.1012054899139228,1.1067253054026034,3.6113294895327503
parent_human_capital,high h,1.8,2,1.0721331135772334,1.8,1.0050049470395481,0.5568761225017638,1.239487621711452,1.1055202873470709,1.1110617308478892,3.6561165577332355
parent_human_capital,high h,1.8,2,1.0841828807763967,1.8,1.0053160182101735,0.5567389671639371,1.2387099480815404,1.1095806540932056,1.1151424502670357,3.7013648002691277
parent_human_capital,high h,1.8,2,1.0964571953875313,1.8,1.0051909172745952,0.5567941304527877,1.2390227145257886,1.1140446985201107,1.119628870809748,3.746951135202079
parent_human_capital,high h,1.8,2,1.1089606063252093,1.8,1.0051022800391975,0.5568331946099923,1.2392442480239962,1.118535311266888,1.1241419928465899,3.792978363419959
parent_human_capital,high h,1.8,2,1.1216977703756155,1.8,1.0054031660230833,0.5567005444992217,1.2384920863632687,1.1227673998248444,1.128395294836722,3.8394872388933896
parent_human_capital,high h,1.8,2,1.1346734549494641,1.8,1.005520941632698,0.5566485990823186,1.2381975924453499,1.127203159244185,1.1328532885926792,3.8863690651627483
parent_human_capital,high h,1.8,2,1.147892540911644,1.8,1.0051614917534533,0.5568070972023119,1.239096252928812,1.1320842699289766,1.1377588659465954,3.9336610744268548
parent_human_capital,high h,1.8,2,1.1613600254898573,1.8,1.0054467531780205,0.5566813260958446,1.2383831182000429,1.1364987806134315,1.14219550445794,3.981447545624128
parent_human_capital,high h,1.8,2,1.1750810252645967,1.8,1.005839891800019,0.5565079835451061,1.2374002682204321,1.1408820418546237,1.146600736887536,4.029605220813786
parent_human_capital,high h,1.8,2,1.189060779242872,1.8,1.005100747965595,0.5568338704259304,1.2392480792234202,1.1462538995056155,1.1519995210870573,4.078226760182796
parent_human_capital,high h,1.8,2,1.2033046520181812,1.8,1.0055114928881042,0.5566527862640192,1.2382212859820891,1.1507413802896511,1.1565094954621291,4.127304487440552
parent_human_capital,high h,1.8,2,1.217818137019287,1.8,1.0058328620290942,0.5565110728635185,1.2374178078525961,1.1553614431844885,1.1611527165185986,4.176758591318537
parent_human_capital,high h,1.8,2,1.2326068598504607,1.8,1.0051405079713631,0.5568163499838623,1.2391487146737363,1.160883753648081,1.1667027076785819,4.226740542868301
parent_human_capital,high h,1.8,2,1.247676581725918,1.8,1.0059759015830334,0.5564480084249936,1.237060223078795,1.1651988955951562,1.1710394793646781,4.277101655112184
parent_human_capital,high h,1.8,2,1.2630332030012734,1.8,1.005790288829208,0.5565298523766176,1.2375242689560448,1.1704268286478405,1.1762936175408405,4.327899823434909
parent_human_capital,high h,1.8,2,1.2786827668049243,1.8,1.0061036726092671,0.5563916890354588,1.2367408534893636,1.1753009083244677,1.181192128643517,4.379240045817564
parent_human_capital,high h,1.8,2,1.294631462772364,1.8,1.0059034147757062,0.5564799697626257,1.2372414423567464,1.1806710144974466,1.186589152585705,4.430906984997132
parent_human_capital,high h,1.8,2,1.31088563088653,1.8,1.0057628682331454,0.5565419380071034,1.2375928048670202,1.1860576039091464,1.1920027423891921,4.483095183523182
parent_human_capital,high h,1.8,2,1.3274517654273796,1.8,1.006512906113422,0.5562112278538678,1.2357176910454362,1.1907555323727492,1.1967242193172152,4.535757871148288
parent_human_capital,high h,1.8,2,1.3443365190339982,1.8,1.005854733566489,0.5565014394290861,1.2373631633712623,1.1967164557937526,1.2027150219912075,4.58881785838879
parent_human_capital,high h,1.8,2,1.3615467068826452,1.8,1.0056421417559236,0.5565951707791152,1.2378946292346267,1.2023686211566642,1.2083955189509015,4.642424538478121
parent_human_capital,high h,1.8,2,1.3790893109842512,1.8,1.0063746958600894,0.5562721766538636,1.2360632491163546,1.20728021363305,1.2133317308870282,4.696383123759283
parent_human_capital,high h,1.8,2,1.3969714846049992,1.8,1.0061267650081147,0.556381502299252,1.2366831058139405,1.2131021006661968,1.2191828002503695,4.750905814628849
parent_human_capital,high h,1.8,2,1.4152005568137338,1.8,1.0070294673028717,0.5559834691780037,1.2344262948406968,1.218001123217661,1.2241063792545637,4.805892552326202
parent_human_capital,high h,1.8,2,1.4337840371600625,1.8,1.0062575483504848,0.5563238427189905,1.236356164579521,1.2244208362650963,1.2305582712475605,4.861230510880706
parent_human_capital,high h,1.8,2,1.4527296204871472,1.8,1.0061063134675154,0.5563905056823447,1.2367341868638215,1.2303773297141862,1.2365446217443128,4.917222956417419
parent_human_capital,high h,1.8,2,1.4720451918832933,1.8,1.0068933073753876,0.5560434981653819,1.2347666733832416,1.2355878060259358,1.2417812156772623,4.973521148128128
parent_human_capital,high h,1.8,2,1.4917388317766058,1.8,1.0060381957923739,0.5564205408732681,1.2369044842584842,1.2423104761252455,1.248537583300676,5.030395349008818
parent_human_capital,high h,1.8,2,1.5118188211770927,1.8,1.0068141155702612,0.5560784236063736,1.2349646815386217,1.2476765817225162,1.2539305866141863,5.0878024626233085
parent_human_capital,high h,1.8,2,1.5322936470707536,1.8,1.0066450623908492,0.5561529708764745,1.2353873445309174,1.2539509506052007,1.2602364059017752,5.145509472991477
parent_human_capital,high h,1.8,2,1.5531720079703377,1.8,1.0064389562704559,0.5562438535662881,1.2359026335620564,1.2603374111207872,1.2666548786839138,5.203926672133928
parent_human_capital,high h,1.8,2,1.5744628196276003,1.8,1.0072409336884895,0.5558902339240008,1.2338976421209615,1.2659044850138645,1.2722498576510062,5.262649651940083
parent_human_capital,high h,1.8,2,1.5961752209120554,1.8,1.0064221405859988,0.5562512586199362,1.2359446412390243,1.2729987089648207,1.2793796415474974,5.3219563930582945
parent_human_capital,high h,1.8,2,1.618318579861377,1.8,1.0072671345323503,0.5558786814138793,1.2338321396376672,1.2786827667972631,1.2850921908383912,5.381826204238466
parent_human_capital,high h,1.8,2,1.6409024999087747,1.8,1.0069282731784117,0.5560280977319734,1.2346793153057618,1.285512851235807,1.2919565112176548,5.441998682509876
parent_human_capital,high h,1.8,2,1.6639368262928396,1.8,1.006609321756446,0.556168733450596,1.235476709442482,1.2924107576614783,1.2988889935431707,5.502854476281598
parent_human_capital,high h,1.8,2,1.6874316526555453,1.8,1.0074856620725954,0.5557823252189042,1.2332858083221168,1.2983065133501293,1.3048143018301928,5.564110512970075
parent_human_capital,high h,1.8,2,1.7113973278342638,1.8,1.0071591005752416,0.5559263127647878,1.2341022154505663,1.305382321267004,1.3119255773818481,5.625899563864044
parent_human_capital,high h,1.8,2,1.7358444628538618,1.8,1.0079140900921983,0.5555934368382941,1.2322147820316782,1.3115533292220038,1.3181275176429463,5.68830481097543
parent_human_capital,high h,1.8,2,1.7607839381251333,1.8,1.007514180768034,0.5557697576344309,1.2332145347043002,1.3188730765328502,1.3254839553398738,5.7510432757380245
parent_human_capital,high h,1.8,2,1.7862269108560356,1.8,1.006763165369505,0.5561009012761666,1.2350921007720137,1.3266106435915443,1.3332603071148506,5.814438730786895
parent_human_capital,high h,1.8,2,1.8121848226824113,1.8,1.0076849403602446,0.5556944621689572,1.2327876199385481,1.3328877062108897,1.339568833641511,5.878264128702684
parent_human_capital,high h,1.8,2,1.8386694075250942,1.8,1.0072699884721694,0.555877419641959,1.2338249931497751,1.3404993037357535,1.3472185844577416,5.942620522629706
parent_human_capital,high h,1.8,2,1.8656926996805347,1.8,1.0081071338136867,0.5555083124071962,1.2317321449955951,1.3470313437188735,1.3537833664275314,6.007608861403149
parent_human_capital,high h,1.8,2,1.8932670421523103,1.8,1.0077667182605192,0.5556584089113588,1.2325831888559233,1.3547624258270414,1.3615532007460325,6.072952673092175
parent_human_capital,high h,1.8,2,1.921405095231136,1.8,1.0079760207105277,0.5555661146830316,1.2320599014411457,1.36207117557976,1.3688985857593425,6.139022184665019
parent_human_capital,high h,1.8,2,1.9501198453312445,1.8,1.0081654907688387,0.5554825771402288,1.2315862366622194,1.3694944133028217,1.3763590326163353,6.205453744896965
parent_human_capital,high h,1.8,2,1.979424614091259,1.8,1.007333268178129,0.555849522971864,1.2336668089721523,1.377992035318475,1.3848992491395975,6.2725360188047095
parent_human_capital,high h,1.8,2,2.009333067747975,1.8,1.0086372043283263,0.5552745999414247,1.2304069846724006,1.384544494726877,1.3914845528874646,6.340132500446081
parent_human_capital,high h,1.8,2,2.0398592267917226,1.8,1.0077871567006023,0.5556493913862273,1.232532072795343,1.393266792858644,1.400250571720559,6.408209051848591
parent_human_capital,high h,1.8,2,2.071017475912293,1.8,1.0084594495476593,0.5553529608113635,1.2308513231325997,1.4006231292016105,1.407643781852893,6.476962597585068
parent_human_capital,high h,1.8,2,2.1028225742447084,1.8,1.0081445125810355,0.5554918299217793,1.2316386928128575,1.4090401932487904,1.4161030366091845,6.546107377218934
parent_human_capital,high h,1.8,2,2.135289665924415,1.8,1.0083438622776062,0.5554039325483833,1.2311403162519938,1.4170627621007095,1.4241658187548198,6.615987258864381
parent_human_capital,high h,1.8,2,2.168434290961828,1.8,1.0085749473689294,0.5553020489809812,1.230562623264369,1.4251600344367905,1.4323036788373897,6.68624394590617
parent_human_capital,high h,1.8,2,2.2022723964464688,1.8,1.008381686477546,0.5553872589019048,1.2310457683067342,1.4337840370009565,1.4409709093943002,6.75725965692563
parent_human_capital,high h,1.8,2,2.23682034809129,1.8,1.0088344994332865,0.5551876021992359,1.2299137232485142,1.4418790484051227,1.449106497211987,6.828653335259999
parent_human_capital,high h,1.8,2,2.2720949421281498,1.8,1.0080312100130686,0.555541798025597,1.2319219868700126,1.4513361510879328,1.458611003819264,6.900737984562703
parent_human_capital,high h,1.8,2,2.308113417565749,1.8,1.008743361777869,0.5552277871020281,1.230141569943231,1.4593955839008732,1.4667108347072944,6.973289425311648
parent_human_capital,high h,1.8,2,2.344893468821764,1.8,1.0083262222387104,0.5554117111838939,1.2311844192088968,1.4687022262783855,1.4760641268238546,7.0465072152994965
parent_human_capital,high h,1.8,2,2.382453258741261,1.8,1.0091274182487486,0.555058444942059,1.2291814114441364,1.4768967246020224,1.484299700241271,7.120245018618792
parent_human_capital,high h,1.8,2,2.4208114320139376,1.8,1.0086969025523036,0.5552482743483447,1.2302577267807648,1.4864568289675533,1.4939077248293524,7.194615004217249
parent_human_capital,high h,1.8,2,2.4599871290031343,1.8,1.0094977224566093,0.5548951807554023,1.2282556824732693,1.4948825463906257,1.5023756763367633,7.269549584435239
parent_human_capital,high h,1.8,2,2.5,1.8,1.009054279369713,0.5550907014427472,1.2293642869385129,1.5047032711617612,1.5122456276956686,7.345087792310707
parent_human_capital,high h,1.8,3,0.5,1.8,0.8333653869230018,0.6645066833746893,1.9925865153310909,1.0625701066365694,1.0678962614606615,-2.91733476061185
parent_human_capital,high h,1.8,3,0.5000203210855501,1.8,0.833365860983716,0.6645065009538884,1.9925853615704723,1.0625828617430773,1.0679090805024065,-2.9168796649048665
parent_human_capital,high h,1.8,3,0.5000812892976928,1.8,0.8333672384517414,0.664505947652114,1.9925819225000354,1.0626211331321271,1.0679475437275923,-2.9155143621434374
parent_human_capital,high h,1.8,3,0.5001829195049198,1.8,0.8333695424090988,0.6645050109965687,1.9925761285641164,1.0626849101866336,1.068011640465915,-2.9132388054120826
parent_human_capital,high h,1.8,3,0.5003252364947652,1.8,0.8333727500770625,0.6645037165704406,1.9925680978643991,1.0627742247478738,1.0681014027182563,-2.9100529165065283
parent_human_capital,high h,1.8,3,0.5005082749838822,1.8,0.8333769300660583,0.6645020398221897,1.9925576703114207,1.0628890525098158,1.0682168060567503,-2.9059565859508205
parent_human_capital,high h,1.8,3,0.500732079632158,1.8,0.8333819950204577,0.6644999982323367,1.992544998393229,1.0630294380756722,1.068357895308184,-2.9009496729690065
parent_human_capital,high h,1.8,3,0.5009967050608752,1.8,0.8333880192667507,0.6644975803597322,1.9925299651536115,1.06319537175068,1.068524660729199,-2.895032005504712
parent_human_capital,high h,1.8,3,0.5013022158749305,1.8,0.8333949054432064,0.6644947986771736,1.9925127144279426,1.0633869018059743,1.0687171508328908,-2.8882033801934086
parent_human_capital,high h,1.8,3,0.5016486866891229,1.8,0.8334027800901853,0.6644916292707137,1.992493030572494,1.0636040031365788,1.0689353403884434,-2.8804635623814634
parent_human_capital,high h,1.8,3,0.502036202158526,1.8,0.8334115308339252,0.6644881020936712,1.9924711375670938,1.0638467465002925,1.0691793005083312,-2.8718122860849835
parent_human_capital,high h,1.8,3,0.502464857012963,1.8,0.8334212275215473,0.6644842100750268,1.9924469392180026,1.0641151376039737,1.0694490369280183,-2.8622492540129616
parent_human_capital,high h,1.8,3,0.5029347560956027,1.8,0.8334318560650893,0.6644799215922206,1.9924203317875249,1.0644091833044063,1.0697445565386576,-2.8517741375440893
parent_human_capital,high h,1.8,3,0.5034460144056994,1.8,0.8334434026651985,0.6644752736695907,1.9923914670276965,1.0647289473744082,1.0700659234327305,-2.840386576705123
parent_human_capital,high h,1.8,3,0.5039987571454999,1.8,0.8334558818251294,0.6644702582044697,1.9923603002447245,1.0650744547370807,1.0704131626582654,-2.828086180177746
parent_human_capital,high h,1.8,3,0.5045931197713469,1.8,0.8334692640664649,0.664464867488245,1.9923268321947358,1.065445742732323,1.0707863117423289,-2.8148725252755877
parent_human_capital,high h,1.8,3,0.5052292480490046,1.8,0.8334835859726644,0.6644591048593989,1.9922910387334558,1.0658428462096357,1.071185405709105,-2.800745157933148
parent_human_capital,high h,1.8,3,0.5059072981132409,1.8,0.8334988361524633,0.6644529572075406,1.9922528824028332,1.0662657999872533,1.0716104795513557,-2.7857035926902802
parent_human_capital,high h,1.8,3,0.5066274365316988,1.8,0.8335150367782491,0.6644464474149696,1.9922124262899277,1.066714663032271,1.0720615925317494,-2.7697473126716137
parent_human_capital,high h,1.8,3,0.507389840373095,1.8,0.8335321067706838,0.664439561339647,1.9921696987808408,1.067189489779195,1.0725387993576467,-2.752875769574962
parent_human_capital,high h,1.8,3,0.5081946972797818,1.8,0.8335501500428082,0.6644322973123316,1.9921245897429394,1.0676903080664875,1.073042128007051,-2.7350883836575646
parent_human_capital,high h,1.8,3,0.5090422055447187,1.8,0.833569119020797,0.6644246613723948,1.9920771692527461,1.0682171868473107,1.0735716477787536,-2.7163845437038994
parent_human_capital,high h,1.8,3,0.5099325741928927,1.8,0.8335890319265107,0.6644166501813543,1.9920274066492154,1.0687701765258422,1.0741274093295838,-2.6967636070170204
parent_human_capital,high h,1.8,3,0.5108660230672385,1.8,0.8336098735893007,0.6644082643768034,1.9919753194786691,1.0693493406166004,1.0747094764924279,-2.676224899391415
parent_human_capital,high h,1.8,3,0.5118427829191048,1.8,0.8336315914487176,0.6643995103921683,1.9919209842725016,1.0699547580745108,1.0753179286179748,-2.654767715090306
parent_human_capital,high h,1.8,3,0.5128630955033207,1.8,0.8336543095459941,0.6643903774238923,1.9918642367354285,1.0705864594833605,1.0759527964433133,-2.6323913168348767
parent_human_capital,high h,1.8,3,0.5139272136779165,1.8,0.8336779192156007,0.6643808665036237,1.991805189376901,1.0712445372476007,1.076614172836074,-2.609094935758659
parent_human_capital,high h,1.8,3,0.5150354015085564,1.8,0.8337024860542726,0.6643709749304731,1.9917437665366706,1.0719290466190048,1.0773021133249803,-2.5848777714016222
parent_human_capital,high h,1.8,3,0.5161879343777439,1.8,0.8337279660754127,0.6643607185157205,1.9916800711141622,1.072640083840243,1.0780167146351218,-2.559738991668644
parent_human_capital,high h,1.8,3,0.5173850990988615,1.8,0.8337544151561285,0.6643500727078258,1.9916139557532304,1.073377694734492,1.0787580228193643,-2.533677732820178
parent_human_capital,high h,1.8,3,0.5186271940351138,1.8,0.8337817896076554,0.6643390620583287,1.9915455556216775,1.074141988359223,1.0795261474818323,-2.506693099421766
parent_human_capital,high h,1.8,3,0.5199145292234401,1.8,0.8338100796876147,0.66432767075595,1.991474821549055,1.074933037428009,1.0803211617005763,-2.478784164334334
parent_human_capital,high h,1.8,3,0.5212474265034702,1.8,0.8338393246023614,0.6643158988006892,1.9914017143290066,1.0757509197602788,1.0811431436850971,-2.4499499686756794
parent_human_capital,high h,1.8,3,0.5226262196515982,1.8,0.8338695172254182,0.6643037445233055,1.9913262348684182,1.0765957247562121,1.0819921832836947,-2.420189521788049
parent_human_capital,high h,1.8,3,0.5240512545202515,1.8,0.8339006282738914,0.6642912112622813,1.9912484248893687,1.0774675535935219,1.0828683821812373,-2.3895018012059692
parent_human_capital,high h,1.8,3,0.5255228891824385,1.8,0.833932683504969,0.664278300049264,1.9911682624785887,1.0783664968954936,1.0837718314552616,-2.3578857526270216
parent_human_capital,high h,1.8,3,0.5270414940816569,1.8,0.8339656781195921,0.6642650196245147,1.9910857850013497,1.0792926610619458,1.0847026380389173,-2.3253402898728077
parent_human_capital,high h,1.8,3,0.5286074521872524,1.8,0.8339996543002934,0.6642513514758641,1.9910008812987763,1.0802461237420722,1.0856608799706164,-2.291864294862065
parent_human_capital,high h,1.8,3,0.5302211591553182,1.8,0.8340345578673292,0.6642372983042011,1.990913615614124,1.081227003304014,1.086646676211823,-2.2574566175612403
parent_human_capital,high h,1.8,3,0.5318830234952302,1.8,0.8340704023187713,0.6642228715506759,1.9908240170790474,1.0822354137536994,1.0876601413399223,-2.2221160759557685
parent_human_capital,high h,1.8,3,0.5335934667419154,1.8,0.8341072057185817,0.66420805000223,1.9907319885897277,1.0832714451296455,1.0887013658447513,-2.1858414560157375
parent_human_capital,high h,1.8,3,0.5353529236339561,1.8,0.8341449411437214,0.6641928619429409,1.9906376624556765,1.0843352399807749,1.0897704929897623,-2.148631511642026
parent_human_capital,high h,1.8,3,0.537161842297634,1.8,0.8341836437266612,0.6641772763878422,1.9905408880944386,1.0854268832125415,1.0908676081059991,-2.110484964647238
parent_human_capital,high h,1.8,3,0.5390206844370244,1.8,0.8342232997860319,0.6641613182825288,1.9904417721346703,1.0865465183274392,1.0919928554152651,-2.071400504692289
parent_human_capital,high h,1.8,3,0.5409299255302531,1.8,0.8342638904514592,0.6641449741225554,1.990340283129182,1.0876942623711616,1.093146352549948,-2.031376789260594
parent_human_capital,high h,1.8,3,0.5428900550320312,1.8,0.8343054409751098,0.6641282449395699,1.9902363996697279,1.0888702378274349,1.094328222607726,-1.9904124436088981
parent_human_capital,high h,1.8,3,0.5449015765825912,1.8,0.8343479573304986,0.6641111236625529,1.9901300894361733,1.090074568123961,1.095538589634985,-1.9485060607240436
parent_human_capital,high h,1.8,3,0.5469650082231464,1.8,0.8343914325057209,0.6640936288036732,1.9900214284167654,1.0913074034528192,1.0967776045766453,-1.9056562012731728
parent_human_capital,high h,1.8,3,0.5490808826180046,1.8,0.8344358841963904,0.6640757277087235,1.9899102772463135,1.0925688507901914,1.0980453749451091,-1.8618613935709036
parent_human_capital,high h,1.8,3,0.5512497472834679,1.8,0.8344812844111424,0.6640574574020414,1.9897968018688639,1.093859086612649,1.0993420781015404,-1.8171201335110796
parent_human_capital,high h,1.8,3,0.5534721648236569,1.8,0.8345276374817181,0.6640387906311975,1.9896808964101238,1.0951782319705805,1.100667835703095,-1.7714308845427973
parent_human_capital,high h,1.8,3,0.5557487131734017,1.8,0.8345749410325976,0.6640197432074717,1.989562622158442,1.0965264476175955,1.1020228093091637,-1.7247920776031478
parent_human_capital,high h,1.8,3,0.5580799858483445,1.8,0.8346232630517028,0.6640002966186951,1.9894418421495552,1.0979038547376296,1.1034071207111187,-1.6772021110829907
parent_human_capital,high h,1.8,3,0.5604665922024078,1.8,0.8346725232254659,0.6639804666761475,1.9893186956098599,1.0993106380696847,1.1048209555739705,-1.6286593507563039
parent_human_capital,high h,1.8,3,0.5629091576927818,1.8,0.834722765763694,0.6639602402694382,1.9891930894802328,1.100746935411904,1.106264452386578,-1.5791621297497107
parent_human_capital,high h,1.8,3,0.5654083241525933,1.8,0.8347739589301126,0.6639396288397166,1.9890650981266715,1.102212924618801,1.107737789894954,-1.5287087484733646
parent_human_capital,high h,1.8,3,0.5679647500714233,1.8,0.8348261273722364,0.6639186253159637,1.9889346705550444,1.1037087598663633,1.109241123047897,-1.4772974745796823
parent_human_capital,high h,1.8,3,0.5705791108838415,1.8,0.8348793136271295,0.6638972226271598,1.9888017378816678,1.1052345950434235,1.1107746065056103,-1.4249265429043487
parent_human_capital,high h,1.8,3,0.5732520992661372,1.8,0.8349334159517694,0.6638754365845849,1.9886664607623943,1.1067906379539876,1.1123384491137218,-1.3715941554009068
parent_human_capital,high h,1.8,3,0.5759844254414287,1.8,0.8349885310782077,0.6638532426366985,1.9885286509861313,1.1083770238233948,1.1139327867753903,-1.3172984811082253
parent_human_capital,high h,1.8,3,0.578776817493336,1.8,0.8350446372759146,0.6638306609649111,1.988388405479344,1.1099939540703965,1.1155578219189834,-1.2620376560674273
parent_human_capital,high h,1.8,3,0.5816300216884137,1.8,0.8351017264394056,0.6638076828289616,1.9882456997813056,1.1116416073661632,1.1172137341112642,-1.2058097832805768
parent_human_capital,high h,1.8,3,0.5845448028075416,1.8,0.8351597917473543,0.6637843028270723,1.9881005205863174,1.1133201686836827,1.1189007092524015,-1.1486129326461674
parent_human_capital,high h,1.8,3,0.5875219444864789,1.8,0.8352188242803558,0.663760537802171,1.9879529395705338,1.1150298456246075,1.1206189559846556,-1.0904451408963807
parent_human_capital,high h,1.8,3,0.5905622495657936,1.8,0.8352788792069634,0.6637363551000495,1.987802779895821,1.1167707949923429,1.1223686318974118,-1.031304411549943
parent_human_capital,high h,1.8,3,0.5936665404503856,1.8,0.8353399094613825,0.6637117873749161,1.9876502102975548,1.1185432537461129,1.1241499751376578,-0.9711887148265141
parent_human_capital,high h,1.8,3,0.5968356594788269,1.8,0.8354019704560534,0.663686809043582,1.9874950800403335,1.1203473924050458,1.1259631570792517,-0.9100959876110242
parent_human_capital,high h,1.8,3,0.600070469302753,1.8,0.835464989031993,0.6636614315471971,1.9873375049128639,1.1221834444536694,1.127808412377068,-0.8480241333667555
parent_human_capital,high h,1.8,3,0.6033718532765401,1.8,0.8355289911610053,0.6636356619567807,1.9871774852899597,1.124051622051273,1.1296859542538487,-0.7849710220865136
parent_human_capital,high h,1.8,3,0.6067407158575169,1.8,0.8355940439017133,0.6636094746891444,1.987014858790039,1.1259521053858779,1.1315959638008113,-0.7209344902296984
parent_human_capital,high h,1.8,3,0.6101779830169621,1.8,0.8356600867058881,0.6635829023984958,1.9868498076309073,1.1278851553547795,1.1335387032230042,-0.6559123406356724
parent_human_capital,high h,1.8,3,0.6136846026621482,1.8,0.8357271392915862,0.6635559053596083,1.9866821640783145,1.1298509593969404,1.1355143608989318,-0.5899023424851988
parent_human_capital,high h,1.8,3,0.6172615450697004,1.8,0.8357951892135296,0.6635285047855394,1.98651201961739,1.1318497669217367,1.13752318748814,-0.5229022312083318
parent_human_capital,high h,1.8,3,0.6209098033305457,1.8,0.8358642442701645,0.6635006979754003,1.986339356386177,1.1338818074133095,1.1395654136250641,-0.45490970843081957
parent_human_capital,high h,1.8,3,0.6246303938067362,1.8,0.8359343288998253,0.6634724974019883,1.9861641964199832,1.1359473237100723,1.1416412833653498,-0.3859224418989493
parent_human_capital,high h,1.8,3,0.6284243566004422,1.8,0.8360054135454611,0.6634438693794484,1.9859864437623638,1.1380465367311006,1.1437510187354345,-0.31593806541577596
parent_human_capital,high h,1.8,3,0.6322927560354111,1.8,0.8360775164602015,0.6634148448927464,1.9858061956101716,1.1401797151908832,1.1458948897967436,-0.244954178757812
parent_human_capital,high h,1.8,3,0.6362366811512086,1.8,0.8361506793095335,0.6633853956578052,1.985623304911449,1.1423470776256994,1.1480731161809739,-0.17296834762091695
parent_human_capital,high h,1.8,3,0.6402572462105554,1.8,0.8362248593575594,0.6633555385175525,1.9854378771588412,1.144548903923202,1.1502859791787219,-0.09997810352812131
parent_human_capital,high h,1.8,3,0.6443555912200942,1.8,0.8363000308275974,0.6633252680702103,1.9852499180020065,1.146785456330347,1.1525337423514608,-0.025980943770064435
parent_human_capital,high h,1.8,3,0.6485328824649206,1.8,0.8363762420821472,0.6632945799456482,1.9850593627953383,1.1490569860115656,1.1548166581225892,0.0490256686695405
parent_human_capital,high h,1.8,3,0.652790313057229,1.8,0.8364535023444093,0.6632634866166636,1.9848662487892792,1.1513637719600545,1.157135006883763,0.12504430519613852
parent_human_capital,high h,1.8,3,0.6571291034994325,1.8,0.8365317719569361,0.6632319702086811,1.9846705490406098,1.1537060835900246,1.1594890593996376,0.20207757167300056
parent_human_capital,high h,1.8,3,0.6615505022621248,1.8,0.8366111191637469,0.6632000273832181,1.9844721828661243,1.156084183053078,1.1618790791358553,0.2801281084978351
parent_human_capital,high h,1.8,3,0.6660557863772645,1.8,0.8366914692900669,0.6631676907944826,1.9842713466101753,1.1584984004672574,1.1643053978651825,0.35919859069330595
parent_human_capital,high h,1.8,3,0.6706462620469753,1.8,0.8367729170871008,0.6631349011734302,1.9840677246851004,1.1609489546823333,1.1667682355343785,0.4392917279530488
parent_human_capital,high h,1.8,3,0.6753232652683625,1.8,0.8368553563865588,0.6631017107180854,1.9838616177490276,1.1634362099626634,1.1692679582336838,0.5204102647654985
parent_human_capital,high h,1.8,3,0.6800881624747613,1.8,0.8369388731159728,0.6630680928136128,1.9836528407075487,1.165960425190542,1.1718048261430456,0.6025569804488224
parent_human_capital,high h,1.8,3,0.6849423511938463,1.8,0.8370234429191412,0.6630340370505099,1.9834413791310586,1.1685219033930925,1.1743791438085172,0.6857346892572318
parent_human_capital,high h,1.8,3,0.6898872607230374,1.8,0.8371090625549558,0.6629995777522258,1.9832273641498377,1.1711209864048782,1.176991254778115,0.7699462404608006
parent_human_capital,high h,1.8,3,0.6949243528226603,1.8,0.8371957444896037,0.6629646708234034,1.9830106189983976,1.173757950928996,1.1796414371419155,0.8551945184083216
parent_human_capital,high h,1.8,3,0.7000551224273222,1.8,0.83728350112349,0.6629293462173608,1.9827912428823962,1.1764331425355072,1.1823300382021573,0.9414824426329895
parent_human_capital,high h,1.8,3,0.7052810983759861,1.8,0.8373722900680003,0.6628936039340985,1.9825692781904507,1.1791468994833574,1.1850573979133159,1.0288129679217235
parent_human_capital,high h,1.8,3,0.7106038441612367,1.8,0.837462173458704,0.6628574167211866,1.9823445612444373,1.1818995181399068,1.1878238141282993,1.1171890843924794
parent_human_capital,high h,1.8,3,0.7160249586982449,1.8,0.8375531217431837,0.6628208003899052,1.982117180509603,1.1846913588393704,1.190629648987505,1.2066138175967192
parent_human_capital,high h,1.8,3,0.7215460771139571,1.8,0.8376451590432556,0.662783747869235,1.981887085517514,1.1875227556804442,1.1934752382643061,1.2970902285883517
parent_human_capital,high h,1.8,3,0.7271688715570458,1.8,0.8377382704840393,0.662746261860065,1.9816543012065633,1.1903940661901824,1.196360941277868,1.388621414017643
parent_human_capital,high h,1.8,3,0.7328950520291776,1.8,0.8378324554862293,0.6627083511026557,1.981418860722266,1.1933056559112134,1.1992871254031097,1.481210506214648
parent_human_capital,high h,1.8,3,0.7387263672381705,1.8,0.8379277341405991,0.6626699910454668,1.9811806524948103,1.196257862763423,1.2022541302537473,1.5748606732693338
parent_human_capital,high h,1.8,3,0.7446646054736273,1.8,0.8380240925075682,0.6626311947988888,1.9809397393130914,1.1992510715283058,1.2052623425400004,1.6695751191316335
parent_human_capital,high h,1.8,3,0.7507115955056528,1.8,0.8381215798041142,0.662591962362922,1.980696071960133,1.2022856471413794,1.208312129026634,1.7653570836879648
parent_human_capital,high h,1.8,3,0.7568692075072764,1.8,0.8382201282447692,0.6625522779262865,1.980449659308574,1.2053619745255513,1.2114038765659896,1.8622098428559264
parent_human_capital,high h,1.8,3,0.7631393540012239,1.8,0.8383197755538276,0.6625121573002618,1.980200522546948,1.2084804480403604,1.214537981494341,1.9601367086717012
parent_human_capital,high h,1.8,3,0.7695239908317001,1.8,0.8384205612018463,0.6624715988156074,1.979948615985107,1.21164145289995,1.2177148309567263,2.059141029376315
parent_human_capital,high h,1.8,3,0.7760251181618615,1.8,0.8385224271244227,0.6624305785583755,1.9796939085840846,1.214845384407002,1.2209348222372893,2.159226189508746
parent_human_capital,high h,1.8,3,0.7826447814976824,1.8,0.8386254249807328,0.6623891177416245,1.97943642772456,1.218092658479147,1.224198373338457,2.260395609998323
parent_human_capital,high h,1.8,3,0.7893850727389358,1.8,0.8387295284852172,0.6623472049242045,1.9791761570623687,1.2213836876100748,1.2275058988215524,2.3626527482517075
parent_human_capital,high h,1.8,3,0.7962481312580323,1.8,0.8388347396729448,0.6623048515472656,1.978913137192167,1.2247189048599174,1.2308578339174305,2.4660010982484932
parent_human_capital,high h,1.8,3,0.8032361450074849,1.8,0.8389410699063686,0.662262047838899,1.9786473203413688,1.2280987293949424,1.2342545998934387,2.570444190627354
parent_human_capital,high h,1.8,3,0.8103513516567865,1.8,0.8390485305810755,0.6622187833896028,1.9783786563285846,1.2315235869448182,1.2376966246132237,2.6759855927822667
parent_human_capital,high h,1.8,3,0.8175960397595149,1.8,0.8391571492467325,0.6621750571677296,1.978107113760228,1.234993914995112,1.2411843477552584,2.782628908956176
parent_human_capital,high h,1.8,3,0.8249725499515008,1.8,0.8392668820542006,0.6621308789451875,1.9778327728955682,1.2385101853037244,1.2447182434421402,2.890377780338186
parent_human_capital,high h,1.8,3,0.8324832761809209,1.8,0.8393777620709704,0.6620862416509572,1.977555574320496,1.2420728437061732,1.2482987597441457,2.9992358851476215
parent_human_capital,high h,1.8,3,0.8401306669712053,1.8,0.8394897888125978,0.6620411452850389,1.9772755185194573,1.245682358096962,1.2519263669011111,3.109206938736217
parent_human_capital,high h,1.8,3,0.8479172267176741,1.8,0.8396029358857326,0.6619955925483214,1.976992641949313,1.249339212925704,1.2556015517909616,3.2202946936818577
parent_human_capital,high h,1.8,3,0.8558455170188431,1.8,0.8397172848177665,0.6619495595268576,1.9767067739793052,1.2530438503563908,1.2593247587940464,3.332502939874467
parent_human_capital,high h,1.8,3,0.8639181580433734,1.8,0.8398327551233793,0.6619030815757443,1.976418126827844,1.2567968135074143,1.263096533751149,3.4458355046344042
parent_human_capital,high h,1.8,3,0.8721378299336601,1.8,0.839949373123078,0.6618561260407738,1.9761265525048453,1.2605985662428085,1.2669173428514318,3.560296252779507
parent_human_capital,high h,1.8,3,0.8805072742470966,1.8,0.8400671531802839,0.661808704363096,1.975832079276612,1.2644496235746836,1.2707877036885136,3.675889086742206
parent_human_capital,high h,1.8,3,0.88902929543607,1.8,0.8401861331358904,0.6617608094716911,1.9755346429556306,1.268350486368776,1.2747081196387309,3.792617946655877
parent_human_capital,high h,1.8,3,0.8977067623677852,1.8,0.8403062814831888,0.6617124467683374,1.9752342951756363,1.2723016924610249,1.278679131233937,3.910486810459779
parent_human_capital,high h,1.8,3,0.9065426098850453,1.8,0.840427613876995,0.6616635994101072,1.9749309575250646,1.2763037564841504,1.2827012556864592,4.029499693986743
parent_human_capital,high h,1.8,3,0.9155398404091444,1.8,0.8405500889972939,0.6616142913109477,1.9746247604272975,1.2803572534557282,1.2867750708961603,4.14966065107394
parent_human_capital,high h,1.8,3,0.9247015255860773,1.8,0.840673776940398,0.6615644958560227,1.9743155346191426,1.2844626934254855,1.2909010894694033,4.270973773641205
parent_human_capital,high h,1.8,3,0.9340308079772923,1.8,0.8407986554532294,0.6615142255181294,1.974003348827321,1.288620654412654,1.2950798923227524,4.3934431918095616
parent_human_capital,high h,1.8,3,0.9435309027962627,1.8,0.8409247394251167,0.6614634705253597,1.9736881517523737,1.292831694030667,1.2993120398646907,4.5170730739861495
parent_human_capital,high h,1.8,3,0.9532050996921831,1.8,0.8410519992849759,0.6614122308777133,1.9733699729653837,1.2970963994985765,1.303598122257717,4.641867626970287
parent_human_capital,high h,1.8,3,0.9630567645821445,1.8,0.8411804896794401,0.6613605136462097,1.9730487841663376,1.3014153532698518,1.307938724874862,4.767831096047135
parent_human_capital,high h,1.8,3,0.9730893415331738,1.8,0.841310176970854,0.6613083057204583,1.9727245701435736,1.305789150846942,1.312334446203542,4.894967765089296
parent_human_capital,high h,1.8,3,0.9833063546955787,1.8,0.841441082948728,0.6612556016986806,1.9723972889805559,1.3102183909518106,1.3167858879668275,5.02328195665443
parent_human_capital,high h,1.8,3,0.9937114102890687,1.8,0.8415731920477336,0.6612024173921565,1.9720670151554414,1.3147037118081673,1.3212936915875377,5.152778032090285
parent_human_capital,high h,1.8,3,1.0043081986431819,1.8,0.8417065212866595,0.6611487369896063,1.9717336727366135,1.31924572402973,1.3258584707401047,5.283460391623677
parent_human_capital,high h,1.8,3,1.0151004962935855,1.8,0.8418411084833526,0.6610945588217887,1.9713972176866323,1.3238450566453686,1.3304808576064184,5.415333474467298
parent_human_capital,high h,1.8,3,1.0260921681358672,1.8,0.8419769265378538,0.6610398916289643,1.9710577096716673,1.3285023757237528,1.3351615215938322,5.5484017589219174
parent_human_capital,high h,1.8,3,1.037287169638491,1.8,0.8421139358678131,0.6609847212690942,1.970715135580832,1.3332183397639474,1.3399011245021504,5.682669762469757
parent_human_capital,high h,1.8,3,1.0486895491166357,1.8,0.8422522655313207,0.6609290433720485,1.9703693500729322,1.3379935843417514,1.3447003050930093,5.818142041871791
parent_human_capital,high h,1.8,3,1.0603034500686892,1.8,0.842391778826745,0.6608728720798656,1.970020542542834,1.3428288420661483,1.3495597996476103,5.954823193285486
parent_human_capital,high h,1.8,3,1.0721331135772334,1.8,0.842532559100607,0.660816193250507,1.9696685769507822,1.3477247735156268,1.3544802720556055,6.092717852339687
parent_human_capital,high h,1.8,3,1.0841828807763967,1.8,0.8426746348397245,0.6607590068839723,1.9693134248099562,1.3526820783732294,1.359462425507213,6.231830694251021
parent_human_capital,high h,1.8,3,1.0964571953875313,1.8,0.8428179270925047,0.6607013129802619,1.9689551650719515,1.357701496022506,1.3645070030921589,6.372166433923514
parent_human_capital,high h,1.8,3,1.1089606063252093,1.8,0.8429625215026451,0.660643097397337,1.9685936593998323,1.3627837215080065,1.3696147033389177,6.513729826036612
parent_human_capital,high h,1.8,3,1.1216977703756155,1.8,0.8431083854346855,0.6605843884192748,1.9682290458155327,1.3679295340029094,1.3747863093262898,6.656525665163266
parent_human_capital,high h,1.8,3,1.1346734549494641,1.8,0.8432555220593101,0.6605251446516074,1.967861166912579,1.3731396481038023,1.3800225392327932,6.800558785848346
parent_human_capital,high h,1.8,3,1.147892540911644,1.8,0.8434039537371412,0.6604654020870248,1.9674901344391134,1.3784148614686813,1.3853241947147015,6.945834062729328
parent_human_capital,high h,1.8,3,1.1613600254898573,1.8,0.8435536695790598,0.6604051220319476,1.9671158151119768,1.3837559203577972,1.3906920257729103,7.092356410616658
parent_human_capital,high h,1.8,3,1.1750810252645967,1.8,0.8437047029631559,0.6603443186284146,1.9667382282463168,1.3891636241940875,1.3961268358374817,7.240130784607954
parent_human_capital,high h,1.8,3,1.189060779242872,1.8,0.8438569946592493,0.660283012057836,1.9663575082682478,1.394638816487408,1.4016294726463816,7.389162180185785
parent_human_capital,high h,1.8,3,1.2033046520181812,1.8,0.844010628646684,0.6602211636266327,1.9659734270261495,1.4001822581507675,1.4072007009267116,7.5394556332988385
parent_human_capital,high h,1.8,3,1.217818137019287,1.8,0.8441655693303143,0.660158793516215,1.9655860953111026,1.4057948139157384,1.412841389744529,7.691016220486844
parent_human_capital,high h,1.8,3,1.2326068598504607,1.8,0.8443218066625549,0.6600958842460615,1.9651954580382704,1.411477318512262,1.4185523780138762,7.843849058960358
parent_human_capital,high h,1.8,3,1.247676581725918,1.8,0.844479401779012,0.6600324435247851,1.9648014827943374,1.4172306269902708,1.4243345250706416,7.997959306706181
parent_human_capital,high h,1.8,3,1.2630332030012734,1.8,0.8446383137037274,0.6599684777858114,1.9644042345262058,1.423055635280389,1.4301887313363202,8.153352162587844
parent_human_capital,high h,1.8,3,1.2786827668049243,1.8,0.8447985533079896,0.6599039620835458,1.9640036094153022,1.4289532086970953,1.4361158664627978,8.310032866433708
parent_human_capital,high h,1.8,3,1.294631462772364,1.8,0.8449601427859799,0.6598389028514146,1.9635996092383907,1.4349242561327173,1.4421168438982432,8.468006699144333
parent_human_capital,high h,1.8,3,1.31088563088653,1.8,0.8451230764421473,0.6597733034278995,1.9631922521302063,1.4409697064467732,1.448192597158103,8.627278982786173
parent_human_capital,high h,1.8,3,1.3274517654273796,1.8,0.845287381516211,0.6597071708840203,1.9627815371976487,1.4470904991269335,1.4543440704392485,8.787855080686956
parent_human_capital,high h,1.8,3,1.3443365190339982,1.8,0.8454530311087967,0.6596404921093861,1.9623674424907762,1.4532875839310995,1.4605722182602627,8.94974039753166
parent_human_capital,high h,1.8,3,1.3615467068826452,1.8,0.845620070002612,0.6595732361190303,1.9619498077768949,1.4595618886977137,1.4668779731103978,9.112940379454201
parent_human_capital,high h,1.8,3,1.3790893109842512,1.8,0.8457884394427504,0.6595054497091994,1.961528866173727,1.465914466348431,1.4732623931891,9.27746051415188
parent_human_capital,high h,1.8,3,1.3969714846049992,1.8,0.8459582167373494,0.6594371029265746,1.9611044287670678,1.4723462702874082,1.4797264366794851,9.443306330950588
parent_human_capital,high h,1.8,3,1.4152005568137338,1.8,0.846129375615031,0.6593681974403973,1.9606765280478893,1.4788583322853943,1.486271140524074,9.61048340092253
parent_human_capital,high h,1.8,3,1.4337840371600625,1.8,0.8463019211622846,0.6592987342823154,1.9602451627736226,1.485451692409956,1.4928975500037935,9.778997336970479
parent_human_capital,high h,1.8,3,1.4527296204871472,1.8,0.8464758557682579,0.6592287124206809,1.9598103267111995,1.492127407271934,1.4996067270257685,9.948853793922288
parent_human_capital,high h,1.8,3,1.4720451918832933,1.8,0.8466512108261892,0.659158118745103,1.9593719396180644,1.498886530841483,1.5063997308432013,10.120058468620647
parent_human_capital,high h,1.8,3,1.4917388317766058,1.8,0.8468279776354528,0.6590869646967312,1.958930052824568,1.5057301726892978,1.5132776765885325,10.292617100022495
parent_human_capital,high h,1.8,3,1.5118188211770927,1.8,0.8470061618459654,0.6590152361335271,1.9584846079875566,1.512659430378422,1.5202416673263635,10.466535469281686
parent_human_capital,high h,1.8,3,1.5322936470707536,1.8,0.8471857358122512,0.6589429303546014,1.9580356226889934,1.519675442263275,1.5272928471171392,10.641819399845948
parent_human_capital,high h,1.8,3,1.5531720079703377,1.8,0.8473643968984532,0.6588710122995769,1.9575889949297702,1.5267810535181618,1.5344340753966599,10.818474757493753
parent_human_capital,high h,1.8,3,1.5744628196276003,1.8,0.8475468502509185,0.658797558522634,1.957132852804416,1.5339740380453992,1.5416631149088813,10.996507450618925
parent_human_capital,high h,1.8,3,1.5961752209120554,1.8,0.847730760135373,0.6587235133879308,1.9566730507480574,1.541257262130989,1.548982846307124,11.175923430033606
parent_human_capital,high h,1.8,3,1.618318579861377,1.8,0.8479161407166342,0.658648892069154,1.9562096311330335,1.54863195222944,1.5563945021935255,11.356728689237316
parent_human_capital,high h,1.8,3,1.6409024999087747,1.8,0.848102939964201,0.6585736891645252,1.9557426258628197,1.5560993532165703,1.5638993336838691,11.538929264462729
parent_human_capital,high h,1.8,3,1.6639368262928396,1.8,0.8482912373612159,0.6584978888627647,1.9552718965414455,1.5636606819640324,1.5714985637494026,11.7225312347697
parent_human_capital,high h,1.8,3,1.6874316526555453,1.8,0.8484809808249196,0.6584214955340029,1.9547975115347753,1.5713172375590767,1.579193497989078,11.907540722110738
parent_human_capital,high h,1.8,3,1.7113973278342638,1.8,0.8486722002271736,0.6583445189501478,1.9543194773810773,1.5790703237095236,1.5869854466455788,12.093963891428654
parent_human_capital,high h,1.8,3,1.7358444628538618,1.8,0.8488648977600182,0.6582669449691609,1.9538377391950754,1.5869212489332605,1.5948757247957652,12.281806950739615
parent_human_capital,high h,1.8,3,1.7607839381251333,1.8,0.8490591096415796,0.6581887567481146,1.9533521980018953,1.5948713317855359,1.6028656576041718,12.471076151214012
parent_human_capital,high h,1.8,3,1.7862269108560356,1.8,0.8492548140682756,0.6581099809018449,1.9528629747719988,1.6029219799417684,1.6109566598022191,12.661777787243981
parent_human_capital,high h,1.8,3,1.8121848226824113,1.8,0.8494520324285986,0.658030582075255,1.9523699163838015,1.611074543781015,1.6191500885377677,12.853918196548495
parent_human_capital,high h,1.8,3,1.8386694075250942,1.8,0.8496507456366897,0.6579505875207745,1.9518731434657162,1.619330480247931,1.6274474080584376,13.047503760223908
parent_human_capital,high h,1.8,3,1.8656926996805347,1.8,0.8498509887895422,0.6578699780886412,1.951372549568735,1.627691203495185,1.6358500396053683,13.24254090284738
parent_human_capital,high h,1.8,3,1.8932670421523103,1.8,0.8500527451147595,0.6577887473454289,1.9508681274943087,1.6361581831246625,1.644359460146855,13.439036092536384
parent_human_capital,high h,1.8,3,1.921405095231136,1.8,0.8502560201918092,0.657706905063046,1.9503599080731002,1.6447329266532185,1.6529771847562116,13.636995841027133
parent_human_capital,high h,1.8,3,1.9501198453312445,1.8,0.8504608849965423,0.6576244408319909,1.9498477815434558,1.6534169255045266,1.661704712332905,13.836426703757578
parent_human_capital,high h,1.8,3,1.979424614091259,1.8,0.8506672514707825,0.6575413579907459,1.9493318484027369,1.6622117626908992,1.670543633824129,14.037335279922207
parent_human_capital,high h,1.8,3,2.009333067747975,1.8,0.850875232528244,0.6574576380271422,1.9488119267608877,1.6711189623300782,1.6794954809872984,14.239728212568519
parent_human_capital,high h,1.8,3,2.0398592267917226,1.8,0.8510847170210734,0.6573732934139771,1.9482881742394054,1.6801401815931591,1.688561919300113,14.443612188635159
parent_human_capital,high h,1.8,3,2.071017475912293,1.8,0.8512958152050154,0.6572883187494725,1.9477604604555192,1.689277017673817,1.6977445539622138,14.648993939052628
parent_human_capital,high h,1.8,3,2.1028225742447084,1.8,0.8515084944584426,0.6572026982223483,1.9472287591180275,1.6985311293580745,1.7070450520743239,14.855880238790487
parent_human_capital,high h,1.8,3,2.135289665924415,1.8,0.8517227329733339,0.6571164432737544,1.946693134664675,1.7079042341490773,1.7164651397486088,15.064277906923532
parent_human_capital,high h,1.8,3,2.168434290961828,1.8,0.8519385822244108,0.6570295566045798,1.9461535456842538,1.7173980472934962,1.7260065408294496,15.274193806706045
parent_human_capital,high h,1.8,3,2.2022723964464688,1.8,0.852156034223027,0.6569420143008773,1.945609911062042,1.7270143026808726,1.7356709978975444,15.485634845631264
parent_human_capital,high h,1.8,3,2.23682034809129,1.8,0.8523751113660016,0.6568538261345556,1.9450622448113526,1.7367547962847618,1.7454603159288042,15.698607975485233
parent_human_capital,high h,1.8,3,2.2720949421281498,1.8,0.8525957739595056,0.6567649806644644,1.9445105439962889,1.746621351533777,1.7553763274918153,15.913120192412098
parent_human_capital,high h,1.8,3,2.308113417565749,1.8,0.8528180671058492,0.6566754805914934,1.9439547735780554,1.7566158149676205,1.7654208883820997,16.129178536972752
parent_human_capital,high h,1.8,3,2.344893468821764,1.8,0.8530420367123364,0.6565853336242553,1.9433949163716389,1.7667400728778928,1.775595894346333,16.34679009419795
parent_human_capital,high h,1.8,3,2.382453258741261,1.8,0.8532676040338474,0.656494516242857,1.9428309634870382,1.7769960490343577,1.7859032787972156,16.565961993643572
parent_human_capital,high h,1.8,3,2.4208114320139376,1.8,0.8534948494857706,0.6564030388568007,1.942262873294669,1.7873856920328766,1.7963450000979864,16.78670140944488
parent_human_capital,high h,1.8,3,2.4599871290031343,1.8,0.8537237359510748,0.6563108829539172,1.9416906139352208,1.7979109897590455,1.8069230560985594,17.009015560365132
parent_human_capital,high h,1.8,3,2.5,1.8,0.8539543318641565,0.6562180626762453,1.9411141696675336,1.8085739723170748,1.8176394870790842,17.232911709844235
