scenario_family,scenario,parameter_value,period,hc,parent_h,c_policy,l_policy,e_policy,perceived_hc_next_policy,true_expected_hc_next_policy,value_policy
public_input,low g,0.6,1,0.5,1.2,0.8561818096543852,0.40542930580449066,0.3695454908833146,0.4769495285897657,0.4793402480507034,-13.648476434902772
public_input,low g,0.6,1,0.5000203210855501,1.2,0.8561786064030266,0.40543151837399494,0.36955347328480254,0.4769598038317366,0.479350574797539,-13.648428959618608
public_input,low g,0.6,1,0.5000812892976928,1.2,0.8561748333274273,0.4054341317777913,0.36956289131260206,0.47698439386612945,0.4793752880899922,-13.648286527397193
public_input,low g,0.6,1,0.5001829195049198,1.2,0.8562058920916251,0.4054125493690755,0.3694852145455781,0.476985294818388,0.4793761935582928,-13.64804916145237
public_input,low g,0.6,1,0.5003252364947652,1.2,0.8562157747696861,0.4054057003180908,0.36946053791739003,0.4770226498501623,0.479413735832943,-13.647716916596401
public_input,low g,0.6,1,0.5005082749838822,1.2,0.8562017747645685,0.40541540510031016,0.3694955002521014,0.47709932256218346,0.4794907928685326,-13.647289681717824
public_input,low g,0.6,1,0.500732079632158,1.2,0.8561855115693754,0.4054267223540129,0.3695362087152926,0.4771921827618207,0.47958411853185745,-13.646767389323623
public_input,low g,0.6,1,0.5009967050608752,1.2,0.8561661015221826,0.4054401966407129,0.3695847232217572,0.47730212570238373,0.47969461256370344,-13.6461499694426
public_input,low g,0.6,1,0.5013022158749305,1.2,0.8561437159391666,0.4054557397696955,0.36964068196337585,0.47742900871555616,0.4798221315806261,-13.64543733939778
public_input,low g,0.6,1,0.5016486866891229,1.2,0.8561183506830164,0.4054733685838884,0.36970412545818243,0.47757286386073006,0.47996670780271583,-13.644629403730717
public_input,low g,0.6,1,0.502036202158526,1.2,0.8560906776440148,0.4054925984284151,0.369773334961362,0.47773296938496923,0.480127615859235,-13.643726059152023
public_input,low g,0.6,1,0.502464857012963,1.2,0.8560593532883365,0.4055143289344829,0.3698515972101466,0.4779107557710786,0.48030629340331327,-13.642727180908368
public_input,low g,0.6,1,0.5029347560956027,1.2,0.8560249982910229,0.405538176748321,0.36993746348535056,0.4781056213021484,0.4805021357019223,-13.641632634371996
public_input,low g,0.6,1,0.5034460144056994,1.2,0.8559876755035138,0.40556409443608943,0.3700307684784394,0.47831751749792895,0.4807150940318043,-13.640442272728755
public_input,low g,0.6,1,0.5039987571454999,1.2,0.8559473291504486,0.40559211091945907,0.37013163043558317,0.47854651970611783,0.4809452441183385,-13.639155936237444
public_input,low g,0.6,1,0.5045931197713469,1.2,0.856024828334131,0.4055382921914653,0.3699378827994342,0.4786627152027562,0.48106202204732756,-13.637774296111258
public_input,low g,0.6,1,0.5052292480490046,1.2,0.8559985442093696,0.4055565510569977,0.3700036060737455,0.47890436697122635,0.4813048851003279,-13.636297212197103
public_input,low g,0.6,1,0.5059072981132409,1.2,0.8559486711440294,0.4055911698937834,0.37012825582654285,0.47918530451003827,0.48158723084441324,-13.634723962101113
public_input,low g,0.6,1,0.5066274365316988,1.2,0.8558964916082951,0.40562743282461244,0.3702587632928679,0.4794827331806795,0.48188615038247035,-13.633054096998714
public_input,low g,0.6,1,0.507389840373095,1.2,0.855841181028559,0.4056658326070286,0.37039701740262265,0.4797975002646797,0.48220249524304487,-13.631287392136311
public_input,low g,0.6,1,0.5081946972797818,1.2,0.8557828649818856,0.4057063382560652,0.37054282565121544,0.4801295595058242,0.4825362189380622,-13.629423609618273
public_input,low g,0.6,1,0.5090422055447187,1.2,0.8558202843879015,0.40568034048024926,0.3704492510494368,0.48037257038113934,0.48278044791045893,-13.627463411846936
public_input,low g,0.6,1,0.5099325741928927,1.2,0.8557560030970909,0.4057249962866485,0.37060998888206986,0.48073922682068365,0.48314894222305477,-13.625406638786933
public_input,low g,0.6,1,0.5108660230672385,1.2,0.8556891404674399,0.40577141163023545,0.3707771086538688,0.481122790708609,0.4835344287329692,-13.623252086471902
public_input,low g,0.6,1,0.5118427829191048,1.2,0.8556188702482665,0.4058202175939973,0.3709527997547677,0.481524250507721,0.4839379008576984,-13.620999474431281
public_input,low g,0.6,1,0.5128630955033207,1.2,0.8555701566983895,0.405854033730551,0.3710745561596007,0.4819166897710737,0.4843323072310447,-13.618648948097581
public_input,low g,0.6,1,0.5139272136779165,1.2,0.855598808575492,0.40583414825149644,0.37100295164774044,0.48223994195161257,0.48465717971988137,-13.616201762527623
public_input,low g,0.6,1,0.5150354015085564,1.2,0.8555194630176874,0.40588924726357944,0.3712013110716441,0.48269402077343476,0.4851135346212697,-13.613656196417415
public_input,low g,0.6,1,0.5161879343777439,1.2,0.8554370235891328,0.40594648209560164,0.37140737773736665,0.4831658214276907,0.4855877001861467,-13.611011382687929
public_input,low g,0.6,1,0.5173850990988615,1.2,0.8553515409651617,0.4060058598185824,0.37162111624297633,0.48365538393628044,0.48607971663702276,-13.608266962483027
public_input,low g,0.6,1,0.5186271940351138,1.2,0.8553923305801305,0.40597753236087664,0.37151913931936315,0.484022936570735,0.48644911163672433,-13.6054252646685
public_input,low g,0.6,1,0.5199145292234401,1.2,0.8553218437311593,0.4060264783193233,0.3716953494385792,0.48452526881651037,0.48695396183336004,-13.602484319128829
public_input,low g,0.6,1,0.5212474265034702,1.2,0.8552275338389669,0.406091965000583,0.37193111056229233,0.4850679773813333,0.48749939073618476,-13.599443129903943
public_input,low g,0.6,1,0.5226262196515982,1.2,0.8551913078202275,0.40611713012284834,0.37202169324512513,0.4855624926914534,0.48799638481461216,-13.59630125499115
public_input,low g,0.6,1,0.5240512545202515,1.2,0.8550935537033322,0.4061850090935243,0.37226606593868034,0.4861383273453329,0.48857510585170577,-13.593059542587731
public_input,low g,0.6,1,0.5255228891824385,1.2,0.8549898513080838,0.4062570143076157,0.37252529959636616,0.4867354116842239,0.4891751830883003,-13.589715982717046
public_input,low g,0.6,1,0.5270414940816569,1.2,0.8549010420813045,0.40631871297222566,0.37274737793870305,0.4873312612842521,0.48977401939687765,-13.586270287995067
public_input,low g,0.6,1,0.5286074521872524,1.2,0.8548631672597778,0.4063450042418566,0.3728420419026325,0.4878867477945112,0.4903322902948565,-13.582724525111491
public_input,low g,0.6,1,0.5302211591553182,1.2,0.854750948010905,0.40642293599342605,0.3731225937348954,0.488537889988012,0.49098669635218467,-13.579075738366864
public_input,low g,0.6,1,0.5318830234952302,1.2,0.8546348951044148,0.40650352524414923,0.3734127194229476,0.48920828814007045,0.4916604548889645,-13.575323291874708
public_input,low g,0.6,1,0.5335934667419154,1.2,0.8546977956947371,0.4064598474877636,0.37325547487883226,0.4896993551667099,0.4921539833993183,-13.571472267571963
public_input,low g,0.6,1,0.5353529236339561,1.2,0.8545960025046634,0.40653053809431683,0.3735099597790611,0.49038457043667694,0.49284263332511924,-13.567518092136208
public_input,low g,0.6,1,0.537161842297634,1.2,0.8544707411304021,0.40661752439535576,0.3738231115635665,0.4911106385771388,0.4935723408972805,-13.563459234769422
public_input,low g,0.6,1,0.5390206844370244,1.2,0.8544267547532183,0.40664807856460455,0.37393309494632776,0.4917636068547871,0.4942285821920411,-13.559297697583656
public_input,low g,0.6,1,0.5409299255302531,1.2,0.8542959250047002,0.4067389329703408,0.374260170211236,0.4925266153992293,0.49499541533272823,-13.55503042332435
public_input,low g,0.6,1,0.5428900550320312,1.2,0.8542494183959434,0.4067712308654973,0.3743764402735309,0.49321324182916565,0.49568548349196717,-13.550657243488645
public_input,low g,0.6,1,0.5449015765825912,1.2,0.8541147864272611,0.40686471988808803,0.3747130085310091,0.49401161272101507,0.49648785623456554,-13.546179801158182
public_input,low g,0.6,1,0.5469650082231464,1.2,0.8539740121427912,0.40696249032246556,0.3750649669537345,0.49483247981015094,0.49731283793710845,-13.54159451035406
public_input,low g,0.6,1,0.5490808826180046,1.2,0.8539633185397659,0.4069699095181524,0.37509168601944337,0.49552701540328226,0.49801085490438796,-13.536903847155408
public_input,low g,0.6,1,0.5512497472834679,1.2,0.8538415171303638,0.4070544779465868,0.3753961552342636,0.49635885296537097,0.49884686206960827,-13.532107485177363
public_input,low g,0.6,1,0.5534721648236569,1.2,0.8536943649067312,0.40715667789010324,0.3757640593358917,0.49723450416673903,0.49972690249088875,-13.527202091686654
public_input,low g,0.6,1,0.5557487131734017,1.2,0.8536527052426517,0.4071856054458298,0.3758682025203408,0.49801072498799653,0.5005070141352043,-13.522191427533414
public_input,low g,0.6,1,0.5580799858483445,1.2,0.8534962975895732,0.40729421825094203,0.3762592138324617,0.4989288761672744,0.5014297675664203,-13.517070197434213
public_input,low g,0.6,1,0.5604665922024078,1.2,0.8535219414544558,0.40727640701594814,0.37619509769999226,0.4996635792785858,0.5021681533924027,-13.51184154566888
public_input,low g,0.6,1,0.5629091576927818,1.2,0.8533969685911205,0.4073632038251668,0.37650755167123967,0.5005799445126198,0.5030891119262871,-13.50650623259935
public_input,low g,0.6,1,0.5654083241525933,1.2,0.8532887664540878,0.4074383283109892,0.37677802269764893,0.5014943850813691,0.504008136147462,-13.501060794040262
public_input,low g,0.6,1,0.5679647500714233,1.2,0.8533399283255281,0.4074028098429961,0.37665014093534355,0.502249979596048,0.5047675180954069,-13.49551072128537
public_input,low g,0.6,1,0.5705791108838415,1.2,0.8532269622656062,0.4074812518326304,0.3769325416928754,0.5032028716665821,0.5057251865573212,-13.489852204035735
public_input,low g,0.6,1,0.5732520992661372,1.2,0.8532015321201099,0.407498910600142,0.3769961147761969,0.5040760019235939,0.5066026933979595,-13.484083562864264
public_input,low g,0.6,1,0.5759844254414287,1.2,0.8531199469407598,0.407555575287462,0.3772000956801582,0.5050279527346224,0.5075594158822854,-13.478206750248853
public_input,low g,0.6,1,0.578776817493336,1.2,0.8531062230976321,0.40756510471989965,0.3772344030973513,0.5059218165633425,0.5084577602220923,-13.472221496075266
public_input,low g,0.6,1,0.5816300216884137,1.2,0.8532368818807248,0.40747438426947674,0.3769077881413452,0.5066726013588442,0.5092123083420425,-13.466131353815811
public_input,low g,0.6,1,0.5845448028075416,1.2,0.8531324024645359,0.407546934045082,0.37716897507284136,0.5077009682206431,0.5102458299141873,-13.459935689787143
public_input,low g,0.6,1,0.5875219444864789,1.2,0.8531634499861429,0.4075253674476461,0.3770913437007728,0.5085961344495222,0.5111454831824612,-13.45362936551186
public_input,low g,0.6,1,0.5905622495657936,1.2,0.8530634387170831,0.40759481042431783,0.3773413517994434,0.509654314196255,0.5122089670772475,-13.44721624625939
public_input,low g,0.6,1,0.5936665404503856,1.2,0.8529499944812757,0.4076735933416069,0.37762496713659516,0.510745126311839,0.5133052469113145,-13.440689563664497
public_input,low g,0.6,1,0.5968356594788269,1.2,0.8529614442870487,0.4076656507974643,0.37759636143547437,0.5117144328951947,0.5142794121641384,-13.434055232821414
public_input,low g,0.6,1,0.600070469302753,1.2,0.8528466124280687,0.4077454003236174,0.3778834522709449,0.5128424132367654,0.5154130465307003,-13.427306104424803
public_input,low g,0.6,1,0.6033718532765401,1.2,0.8528212552694808,0.407762985042453,0.3779467924222176,0.5138883681938059,0.5164642443587809,-13.420444463310254
public_input,low g,0.6,1,0.6067407158575169,1.2,0.8527217583748804,0.4078321116430104,0.3781956027740222,0.5150354015158966,0.517617027209325,-13.413466702179823
public_input,low g,0.6,1,0.6101779830169621,1.2,0.8526509403984703,0.40788126830633553,0.37837259914321425,0.5161685429286789,0.5187558485170755,-13.406373819901368
public_input,low g,0.6,1,0.6136846026621482,1.2,0.8526662592339116,0.4078706339395902,0.37833431007560336,0.517223319304985,0.5198159119819699,-13.399174139860587
public_input,low g,0.6,1,0.6172615450697004,1.2,0.8527520536565295,0.4078110438424898,0.3781198010432486,0.5182169642603602,0.5208145376034108,-13.391864124933882
public_input,low g,0.6,1,0.6209098033305457,1.2,0.8526972890856511,0.40784908315343427,0.3782567305257668,0.5193872302448956,0.5219906695706048,-13.38444393197268
public_input,low g,0.6,1,0.6246303938067362,1.2,0.8525489971343577,0.40795207872616335,0.3786274929141552,0.5206818786879895,0.5232918074660252,-13.376903152851463
public_input,low g,0.6,1,0.6284243566004422,1.2,0.8526283819574327,0.4078969410205011,0.3784290106468497,0.5217382458511659,0.5243534696916422,-13.369252100977832
public_input,low g,0.6,1,0.6322927560354111,1.2,0.8525087465720704,0.4079800167907267,0.37872808969589933,0.5230386759657203,0.525660418239272,-13.361482212988804
public_input,low g,0.6,1,0.6362366811512086,1.2,0.8525357901491947,0.4079612345767385,0.37866047653656054,0.5241921158140445,0.5268196397288959,-13.353594760959101
public_input,low g,0.6,1,0.6402572462105554,1.2,0.8524068821410997,0.40805075856365663,0.37898275635639883,0.5255419177105132,0.5281762075355267,-13.345588786818224
public_input,low g,0.6,1,0.6443555912200942,1.2,0.852283207857496,0.40813664159962926,0.3792919379977033,0.5269055627485913,0.5295466878728031,-13.33746450703994
public_input,low g,0.6,1,0.6485328824649206,1.2,0.8523024390172501,0.4081232854569626,0.37924385756978907,0.528126239990569,0.5307734837849186,-13.329227374937336
public_input,low g,0.6,1,0.652790313057229,1.2,0.8522968722824862,0.4081271747747179,0.37925782523090446,0.5293948510297124,0.5320484537633584,-13.32086955717506
public_input,low g,0.6,1,0.6571291034994325,1.2,0.8522346285475806,0.40817038638839603,0.379413406051355,0.5307481515482452,0.5334085377289695,-13.312393066731339
public_input,low g,0.6,1,0.6615505022621248,1.2,0.852348502192175,0.40809129853614223,0.3791287026458924,0.5319197294039751,0.5345859881431395,-13.303795808369982
public_input,low g,0.6,1,0.6660557863772645,1.2,0.8521122331848126,0.40825538393519994,0.3797193961152192,0.5335133340430496,0.536187580758709,-13.295086045829624
public_input,low g,0.6,1,0.6706462620469753,1.2,0.8521243735973628,0.40824693385388144,0.3796890035270212,0.5348423435699456,0.537523251973581,-13.286251932673075
public_input,low g,0.6,1,0.6753232652683625,1.2,0.8519608648208115,0.40836051095773784,0.3800978388479024,0.536394390015463,0.5390830780842811,-13.277294961658779
public_input,low g,0.6,1,0.6800881624747613,1.2,0.8520395283962695,0.40830586394632373,0.3799011377277898,0.5376881059997717,0.5403832788469474,-13.268212128412635
public_input,low g,0.6,1,0.6849423511938463,1.2,0.8519450468566052,0.4083714916539162,0.3801373751158537,0.5392028023204337,0.5419055676145124,-13.259008926715573
public_input,low g,0.6,1,0.6898872607230374,1.2,0.851838462741896,0.40844550143352254,0.3804038203545128,0.540753023072269,0.543463558880203,-13.24967847587357
public_input,low g,0.6,1,0.6949243528226603,1.2,0.8517505275178715,0.4085065798187015,0.3806236848905237,0.5423033717918372,0.5450216787550675,-13.240231343885814
public_input,low g,0.6,1,0.7000551224273222,1.2,0.8518542943177823,0.40843450222517524,0.38036423048859636,0.5436524432424813,0.5463775124544986,-13.230655481159861
public_input,low g,0.6,1,0.7052810983759861,1.2,0.8517330376680201,0.4085187155839162,0.38066738799323896,0.5452852386559075,0.5480184922889937,-13.22096151961079
public_input,low g,0.6,1,0.7106038441612367,1.2,0.8515962564862956,0.4086137184777738,0.3810093754256958,0.5469586379448654,0.5497002795267936,-13.211131445037605
public_input,low g,0.6,1,0.7160249586982449,1.2,0.8514692800842016,0.40870186691886856,0.3813267524605546,0.5486432530606955,0.5513933388110319,-13.201177100067877
public_input,low g,0.6,1,0.7215460771139571,1.2,0.8516433012011632,0.4085810257876967,0.3808917145002618,0.5499976550235393,0.5527545297419664,-13.191098218864225
public_input,low g,0.6,1,0.7271688715570458,1.2,0.8514936132414372,0.40868498089827043,0.381265945498827,0.5517544364728925,0.55452011709498,-13.180895927665427
public_input,low g,0.6,1,0.7328950520291776,1.2,0.8513969865262967,0.40875208442114386,0.381507515823374,0.553472164148625,0.5562464549165179,-13.170556217274365
public_input,low g,0.6,1,0.7387263672381705,1.2,0.8511881679956059,0.4088971223964759,0.38202961638078214,0.5553458271970424,0.5581295097400489,-13.160087857102445
public_input,low g,0.6,1,0.7446646054736273,1.2,0.8512971425800141,0.4088214119546713,0.3817571072420761,0.5568677148684551,0.5596590259051603,-13.14948629281457
public_input,low g,0.6,1,0.7507115955056528,1.2,0.8511923545934034,0.4088941811754156,0.3820190767454944,0.5586660112016278,0.5614663362362143,-13.138756544934132
public_input,low g,0.6,1,0.7568692075072764,1.2,0.8511060191432136,0.4089541219720792,0.38223488431647756,0.5604665910437333,0.5632759415223375,-13.127889699133693
public_input,low g,0.6,1,0.7631393540012239,1.2,0.8511117393502694,0.4089501744169278,0.38222063739029477,0.5621819381346721,0.5649998868263507,-13.116908933599854
public_input,low g,0.6,1,0.7695239908317001,1.2,0.8511307514469866,0.4089369565997048,0.3821730748083758,0.5639054914008998,0.5667320794392777,-13.105790818712531
public_input,low g,0.6,1,0.7760251181618615,1.2,0.851044983730955,0.40899652818463617,0.382387517147859,0.5657788118485747,0.5686147899447729,-13.094538097645758
public_input,low g,0.6,1,0.7826447814976824,1.2,0.8510194920054461,0.4090142196063554,0.3824512223442817,0.567604929320935,0.570450060869055,-13.083154172799777
public_input,low g,0.6,1,0.7893850727389358,1.2,0.8510422802575723,0.40899840149572686,0.3823942669731977,0.5693980474060762,0.5722521669960015,-13.071649811984013
public_input,low g,0.6,1,0.7962481312580323,1.2,0.8512167882356504,0.40887722817716077,0.381958024627017,0.5710331163297001,0.5738954317367115,-13.060015903205827
public_input,low g,0.6,1,0.8032361450074849,1.2,0.8509682429261938,0.40904979965022703,0.38257932431829667,0.5732042599377438,0.5760774582473793,-13.048254386504912
public_input,low g,0.6,1,0.8103513516567865,1.2,0.8511586410689305,0.40891761568216406,0.382103408804544,0.5748704009251969,0.5777519508012867,-13.036368531297613
public_input,low g,0.6,1,0.8175960397595149,1.2,0.8510685098506928,0.4089801867255518,0.3823286934764992,0.5769023713720375,0.579794106542378,-13.024344993100462
public_input,low g,0.6,1,0.8249725499515008,1.2,0.8511295831827035,0.40893777511121676,0.38217601105752474,0.578776817650249,0.5816779485216587,-13.012182022719722
public_input,low g,0.6,1,0.8324832761809209,1.2,0.8510358702925973,0.40900283537499604,0.3824102541173941,0.5808666371930105,0.5837782433284705,-12.99989120317731
public_input,low g,0.6,1,0.8401306669712053,1.2,0.8511098416203201,0.4089514873552248,0.3822253710669655,0.5827783655608497,0.5856995542746312,-12.987471128710592
public_input,low g,0.6,1,0.8479172267176741,1.2,0.851231260010739,0.40886716292346975,0.38192181190395585,0.58465829660043,0.5875889085077616,-12.974910803520869
public_input,low g,0.6,1,0.8558455170188431,1.2,0.8510589028702206,0.40898685772586585,0.3823527098176497,0.5869271131751177,0.589869097572856,-12.962230276068995
public_input,low g,0.6,1,0.8639181580433734,1.2,0.8510225892644636,0.4090120783846381,0.38244350004635463,0.5890565883722219,0.5920092468088054,-12.949405978277868
public_input,low g,0.6,1,0.8721378299336601,1.2,0.8510959267714928,0.4089611393018261,0.38226013412045173,0.5910783856353053,0.5940411783728433,-12.936447289891472
public_input,low g,0.6,1,0.8805072742470966,1.2,0.850943407127527,0.4090670733947265,0.3826414714050823,0.5934088522227501,0.5963833264726699,-12.923344953594588
public_input,low g,0.6,1,0.88902929543607,1.2,0.8510565455330823,0.40898849141040733,0.38235859591339744,0.5954378075047723,0.5984224519353659,-12.910115651290042
public_input,low g,0.6,1,0.8977067623677852,1.2,0.8512063305799676,0.40888448076332656,0.38198414786881785,0.597449029568614,0.6004437552917556,-12.896740988994262
public_input,low g,0.6,1,0.9065426098850453,1.2,0.8510105183352528,0.4090204500471502,0.3824736537665918,0.5999220833598492,0.6029292053167058,-12.883241772667295
public_input,low g,0.6,1,0.9155398404091444,1.2,0.8510868128996933,0.4089674552324466,0.3822828904023914,0.6020838317075989,0.6051017894731414,-12.869595853924542
public_input,low g,0.6,1,0.9247015255860773,1.2,0.851009685519266,0.40902103600313233,0.38247575224749986,0.6044686602107688,0.6074985719789296,-12.855807215560827
public_input,low g,0.6,1,0.9340308079772923,1.2,0.8510460733152291,0.4089957739498917,0.38238479841653705,0.6067407145087469,0.60978201499647,-12.841867401698506
public_input,low g,0.6,1,0.9435309027962627,1.2,0.8509738939608662,0.4090458945211918,0.38256523820490806,0.6091810209709819,0.6122345535457503,-12.827805632213526
public_input,low g,0.6,1,0.9532050996921831,1.2,0.8511671205940256,0.40891170328672477,0.38208215850530014,0.6113148680133909,0.6143790965409699,-12.813599843454865
public_input,low g,0.6,1,0.9630567645821445,1.2,0.8511299095573429,0.4089375354846676,0.38217516708953914,0.6137730880244168,0.6168496384310783,-12.799243847533656
public_input,low g,0.6,1,0.9730893415331738,1.2,0.8510870321733955,0.40896732834815264,0.3822823970586141,0.6162706891426074,0.6193597588269723,-12.784747618094631
public_input,low g,0.6,1,0.9833063546955787,1.2,0.8510392440678584,0.40900050299221713,0.3824018423953307,0.6188070909231783,0.6219088743743761,-12.770103993574132
public_input,low g,0.6,1,0.9937114102890687,1.2,0.8511576510667358,0.40891827131669195,0.38210581497731894,0.6211620039924489,0.6242755914945285,-12.755319443650226
public_input,low g,0.6,1,1.0043081986431819,1.2,0.8511172777843433,0.40894630631223056,0.3822067438500746,0.6237544469719515,0.6268810291485427,-12.740382387363946
public_input,low g,0.6,1,1.0151004962935855,1.2,0.8510842845449234,0.40896922017141235,0.3822892310253274,0.6263709940373811,0.629510691710717,-12.725311668259826
public_input,low g,0.6,1,1.0260921681358672,1.2,0.8511932483154997,0.4088935581950955,0.38201683738590664,0.6288365632867913,0.6319886196774205,-12.710079405089692
public_input,low g,0.6,1,1.037287169638491,1.2,0.850953669333602,0.4090599362517049,0.38261579297008064,0.6317910990212421,0.63495796508387,-12.69471202142371
public_input,low g,0.6,1,1.0486895491166357,1.2,0.8510555946735778,0.40898915578519573,0.38236098182244516,0.6343343418919075,0.6375139560124752,-12.679187001842516
public_input,low g,0.6,1,1.0603034500686892,1.2,0.8510857820970383,0.40896820509706067,0.3822855409126127,0.6370061143551964,0.6401991207909679,-12.663508029919447
public_input,low g,0.6,1,1.0721331135772334,1.2,0.8510121086842779,0.4090193494829729,0.3824696861989436,0.6398502200206193,0.6430574825953651,-12.64768962315929
public_input,low g,0.6,1,1.0841828807763967,1.2,0.8510102883443189,0.40902062539693185,0.38247426251305394,0.6426356956707242,0.6458569205002694,-12.631723260129819
public_input,low g,0.6,1,1.0964571953875313,1.2,0.8511379778559618,0.4089319323943232,0.3821549961157762,0.6452852288689661,0.6485197345389353,-12.61560094020325
public_input,low g,0.6,1,1.1089606063252093,1.2,0.8510912556318644,0.4089643941981116,0.3822718358360567,0.648203243347518,0.651452375625929,-12.599317494983906
public_input,low g,0.6,1,1.1216977703756155,1.2,0.8510842069960218,0.4089692800780496,0.3822894379725654,0.651105784362814,0.6543694656886093,-12.582903248142767
public_input,low g,0.6,1,1.1346734549494641,1.2,0.8512815072683105,0.40883227720770526,0.38179621150033294,0.6537713114462593,0.6570483537821618,-12.566320707636951
public_input,low g,0.6,1,1.147892540911644,1.2,0.851062606784797,0.4089842813464074,0.3823434409234431,0.6570349358713768,0.6603283371927874,-12.549584863949864
public_input,low g,0.6,1,1.1613600254898573,1.2,0.8511338081600929,0.40893482952002613,0.38216542360316363,0.6599464331861005,0.6632544284485332,-12.532699023821394
public_input,low g,0.6,1,1.1750810252645967,1.2,0.8511708583947724,0.4089091127652277,0.3820728251781196,0.662942878235174,0.6662658932409191,-12.515645300028964
public_input,low g,0.6,1,1.189060779242872,1.2,0.8511514034358906,0.4089226311472851,0.3821214798422453,0.6660557852943174,0.66939440381163,-12.498443816831578
public_input,low g,0.6,1,1.2033046520181812,1.2,0.851199844733712,0.40888900180166265,0.3820003991578794,0.669116118991482,0.6724700774952883,-12.481093162588945
public_input,low g,0.6,1,1.217818137019287,1.2,0.8511957367447671,0.40889184172161736,0.38201064137392643,0.6722889568655676,0.6756588192854013,-12.463585161391556
public_input,low g,0.6,1,1.2326068598504607,1.2,0.8513219007264877,0.4088042236999976,0.38169522246550713,0.6753232655272701,0.6787083374825643,-12.445895657023769
public_input,low g,0.6,1,1.247676581725918,1.2,0.8510212482868162,0.4090129992289035,0.3824468300476153,0.6789895776244436,0.682393027045602,-12.428056689586487
public_input,low g,0.6,1,1.2630332030012734,1.2,0.8514081880169793,0.40874430578563326,0.38147951247998857,0.6817449544129379,0.6851622152177242,-12.410061082307346
public_input,low g,0.6,1,1.2786827668049243,1.2,0.8513808916452109,0.4087632562783837,0.3815477419160981,0.6851176872592029,0.6885518539577343,-12.39190079967606
public_input,low g,0.6,1,1.294631462772364,1.2,0.8511785121088127,0.4089038075388286,0.3820537121750572,0.6887798225872493,0.6922323458155025,-12.373587397891345
public_input,low g,0.6,1,1.31088563088653,1.2,0.851255638070095,0.4088502355084033,0.3818608706280563,0.6920947372626195,0.6955638765698301,-12.355094470190082
public_input,low g,0.6,1,1.3274517654273796,1.2,0.8514013702986891,0.40874901631578964,0.38149650494341664,0.6953564447930008,0.6988419334772448,-12.336429607653102
public_input,low g,0.6,1,1.3443365190339982,1.2,0.8512859958733944,0.4088291606368633,0.3817849911022305,0.6990325822018439,0.7025364976015318,-12.317621504058174
public_input,low g,0.6,1,1.3615467068826452,1.2,0.8513254255477781,0.408801768803055,0.38168639506682067,0.7025352606162413,0.706056733264545,-12.298644384517761
public_input,low g,0.6,1,1.3790893109842512,1.2,0.8513975101768451,0.4087517266505613,0.3815062193883675,0.7060373208922254,0.7095763476907133,-12.279489811776621
public_input,low g,0.6,1,1.3969714846049992,1.2,0.8512995067607444,0.4088197695298692,0.3817511954237732,0.7098301876264501,0.7133882262485602,-12.260145637143964
public_input,low g,0.6,1,1.4152005568137338,1.2,0.8512608935623494,0.40884660266012496,0.3818477681835207,0.7135863836917479,0.7171632503249874,-12.24066378906467
public_input,low g,0.6,1,1.4337840371600625,1.2,0.8515812864007481,0.4086240963750421,0.3810467617693429,0.7168710526480612,0.7204643837529604,-12.221003916050988
public_input,low g,0.6,1,1.4527296204871472,1.2,0.8511958305128706,0.40889175893268076,0.38201036878171996,0.7212286302477166,0.7248438038012305,-12.201174400535834
public_input,low g,0.6,1,1.4720451918832933,1.2,0.8512620827714921,0.4088457629355549,0.38184476516930665,0.724980534694725,0.7286145147475422,-12.181161165948412
public_input,low g,0.6,1,1.4917388317766058,1.2,0.8515501105052835,0.4086457326510237,0.3811246720209277,0.7284564447023804,0.7321078478266162,-12.160953720886177
public_input,low g,0.6,1,1.5118188211770927,1.2,0.8513697644955418,0.40877098207827645,0.3815755567935353,0.7326708129223483,0.7363433406551959,-12.14061235826901
public_input,low g,0.6,1,1.5322936470707536,1.2,0.8513571493278581,0.4087797343936704,0.3816070769624701,0.736690979924225,0.7403836588280279,-12.120094527382502
public_input,low g,0.6,1,1.5531720079703377,1.2,0.8513055335532186,0.40881560086033764,0.3817361643051108,0.740822106348315,0.7445354926094914,-12.09937021485949
public_input,low g,0.6,1,1.5744628196276003,1.2,0.8514833164942306,0.40869212781320036,0.3812916795822823,0.7446646054582815,0.7483972523263988,-12.078463379871376
public_input,low g,0.6,1,1.5961752209120554,1.2,0.8516488132913766,0.40857720344759807,0.38087794615543524,0.7485773105211401,0.7523295699050017,-12.057406867484676
public_input,low g,0.6,1,1.618318579861377,1.2,0.8515635432876183,0.40863640852168626,0.381091099119224,0.7529211348633444,0.7566951677573309,-12.036172654378738
public_input,low g,0.6,1,1.6409024999087747,1.2,0.851586992316929,0.40862012426835015,0.38103247610270724,0.7571571735314108,0.7609524396575821,-12.014725627748192
public_input,low g,0.6,1,1.6639368262928396,1.2,0.8512172151100037,0.4088769188720659,0.3819569296536587,0.762047846215681,0.7658676269406988,-11.993100033140466
public_input,low g,0.6,1,1.6874316526555453,1.2,0.8516272136956424,0.4085922117869752,0.38093196376422417,0.7658092190572245,0.7696478537420707,-11.971318020552602
public_input,low g,0.6,1,1.7113973278342638,1.2,0.8518230560198579,0.40845619570690506,0.38044232670705713,0.7699516119667236,0.7738110104824364,-11.94932939222478
public_input,low g,0.6,1,1.7358444628538618,1.2,0.8513746889261301,0.4087675774153976,0.3815632782911288,0.7751450996015877,0.7790305305824031,-11.927161475728765
public_input,low g,0.6,1,1.7607839381251333,1.2,0.851467753363159,0.40870294189985756,0.3813306011405334,0.7795653129059605,0.7834729002981672,-11.904800811015004
public_input,low g,0.6,1,1.7862269108560356,1.2,0.851556726555015,0.4086411348631226,0.3811081247493297,0.7840513827147638,0.7879814566254638,-11.882245416601998
public_input,low g,0.6,1,1.8121848226824113,1.2,0.8514765164193894,0.4086968497845064,0.38130867911514427,0.7888628358377164,0.7928170272575593,-11.85952353152978
public_input,low g,0.6,1,1.8386694075250942,1.2,0.8515944823351147,0.4086149203430567,0.38101374560588774,0.7934264381327073,0.7974035047042479,-11.836592977441047
public_input,low g,0.6,1,1.8656926996805347,1.2,0.8517477325649662,0.4085084988943908,0.3806306250469179,0.7979960217690985,0.8019959934739351,-11.813457369055762
public_input,low g,0.6,1,1.8932670421523103,1.2,0.8515181995021543,0.4086679010157217,0.38120446669180463,0.8032361429846678,0.8072623809064033,-11.790141958959001
public_input,low g,0.6,1,1.921405095231136,1.2,0.8517149430336534,0.40853126298697934,0.38071258501822214,0.807864703251621,0.8119141419282436,-11.766644587931244
public_input,low g,0.6,1,1.9501198453312445,1.2,0.8515880974022423,0.40861936296258644,0.38102972659694445,0.8130760404679501,0.8171516010810749,-11.742942324936315
public_input,low g,0.6,1,1.979424614091259,1.2,0.8519328842760482,0.40837993466421524,0.3801677745986568,0.817596040306892,0.821694257513494,-11.71900640422806
public_input,low g,0.6,1,2.009333067747975,1.2,0.851662640771041,0.40856759996648434,0.3808433751565652,0.8231764645085885,0.827302653707906,-11.694929485141278
public_input,low g,0.6,1,2.0398592267917226,1.2,0.8516315584572857,0.40858918070595895,0.38092107186758584,0.8284410531748969,0.8325936312347203,-11.67063917604282
public_input,low g,0.6,1,2.071017475912293,1.2,0.8518972245149994,0.40840469792054057,0.3802569229933684,0.8332907627617522,0.8374676500920418,-11.646115667327171
public_input,low g,0.6,1,2.1028225742447084,1.2,0.8515384181029568,0.4086538592852086,0.38115391795309383,0.8392359438792217,0.8434426315538754,-11.621406640812447
public_input,low g,0.6,1,2.135289665924415,1.2,0.8518825363655774,0.40841489442865575,0.38029363560031915,0.8440969007236809,0.8483279540459143,-11.596517467422206
public_input,low g,0.6,1,2.168434290961828,1.2,0.8519502618146297,0.4083678490337294,0.3801242920982258,0.8494856100435658,0.8537436743836703,-11.571391980560692
public_input,low g,0.6,1,2.2022723964464688,1.2,0.8514815194502855,0.40869339395525084,0.38129621149305637,0.8558455165648198,0.8601354600690259,-11.54604727541956
public_input,low g,0.6,1,2.23682034809129,1.2,0.8518235786059437,0.4084558221250426,0.38044099718414837,0.8609270762559846,0.865242491184141,-11.520543339130803
public_input,low g,0.6,1,2.2720949421281498,1.2,0.8518317083596998,0.4084502005225292,0.3804207247689632,0.8666443506903945,0.8709884235759122,-11.494804310106195
public_input,low g,0.6,1,2.308113417565749,1.2,0.8520176549644909,0.40832107758880115,0.3799558726273198,0.8721378322806772,0.876509441357257,-11.468846109241973
public_input,low g,0.6,1,2.344893468821764,1.2,0.8517897564402582,0.40847931486918715,0.38052556367718615,0.8784152813773486,0.8828183562984693,-11.442676848556122
public_input,low g,0.6,1,2.382453258741261,1.2,0.8517525963806875,0.408505112743681,0.3806184471456636,0.8844503573814977,0.8888836832469772,-11.416303928726002
public_input,low g,0.6,1,2.4208114320139376,1.2,0.8520286153341591,0.4083134399796232,0.37992841502182706,0.8900275373785745,0.894488818975126,-11.389717133478579
public_input,low g,0.6,1,2.4599871290031343,1.2,0.851853275998711,0.4084351992541714,0.3803667543902993,0.8964676023683034,0.9009611649249518,-11.362898769898864
public_input,low g,0.6,1,2.5,1.2,0.8518511047224729,0.40843671042454927,0.3803721897945537,0.9026936035952546,0.9072183741129239,-11.335870369221373
public_input,low g,0.6,2,0.5,1.2,0.7391008359226754,0.5111766735147811,0.7702478596088482,0.6456999894915777,0.6489365741578194,-12.851633426484543
public_input,low g,0.6,2,0.5000203210855501,1.2,0.7390991610405881,0.5111778040322772,0.7702520985046168,0.6457100047519192,0.6489466396198621,-12.851479634855394
public_input,low g,0.6,2,0.5000812892976928,1.2,0.7390940861353892,0.5111811558595378,0.7702647753540428,0.6457400395614655,0.6489768249795179,-12.851018241019109
public_input,low g,0.6,2,0.5001829195049198,1.2,0.7390856186441699,0.5111867431386024,0.7702859147941803,0.6457901048194904,0.6490271411906929,-12.850249188129311
public_input,low g,0.6,2,0.5003252364947652,1.2,0.7390737719998659,0.5111945904210109,0.770315559074987,0.6458602190552438,0.6490976068755155,-12.84917238142764
public_input,low g,0.6,2,0.5005082749838822,1.2,0.7390604254011743,0.511203402643042,0.7703488917932451,0.6459489260394973,0.649186758505378,-12.847787688219366
public_input,low g,0.6,2,0.500732079632158,1.2,0.7390418173105036,0.5112157279000771,0.7703954535668713,0.6460591362488587,0.6492975211457127,-12.846094937842182
public_input,low g,0.6,2,0.5009967050608752,1.2,0.7390251153614575,0.5112267712037819,0.7704372017287198,0.6461853765084615,0.6494243941872502,-12.844093992258156
public_input,low g,0.6,2,0.5013022158749305,1.2,0.7390016410700556,0.5112422985214844,0.7704958919766712,0.6463342760329548,0.6495740400737159,-12.841784585151741
public_input,low g,0.6,2,0.5016486866891229,1.2,0.7390233191954729,0.5112279518560066,0.7704416756139498,0.6464663587262085,0.6497067848342247,-12.839166510141538
public_input,low g,0.6,2,0.502036202158526,1.2,0.7390938422786163,0.5111813170672808,0.7702653848299764,0.6465788283386832,0.649819818202978,-12.83624205986432
public_input,low g,0.6,2,0.502464857012963,1.2,0.7390562786228987,0.5112061685143208,0.7703593115675811,0.6467910605399773,0.6500331142226081,-12.83300893382221
public_input,low g,0.6,2,0.5029347560956027,1.2,0.7390174411805077,0.511231841173762,0.7704563746015847,0.6470218339331635,0.6502650443722414,-12.829466290468034
public_input,low g,0.6,2,0.5034460144056994,1.2,0.738977429091135,0.5112583034230442,0.7705564030723296,0.6472711218789264,0.6505155818790324,-12.825613692360891
public_input,low g,0.6,2,0.5039987571454999,1.2,0.738938822935178,0.5112838350561526,0.7706529149721763,0.6475369780636222,0.6507827706733996,-12.82145088106737
public_input,low g,0.6,2,0.5045931197713469,1.2,0.7388897063778843,0.5113163197422403,0.7707757067975167,0.6478285059775778,0.6510757598771049,-12.816977152917692
public_input,low g,0.6,2,0.5052292480490046,1.2,0.7390947573245656,0.5111807153000187,0.770263104975877,0.6479441217729078,0.6511919551990207,-12.812196424741531
public_input,low g,0.6,2,0.5059072981132409,1.2,0.7390390782590508,0.5112175254932507,0.770402269559642,0.6482760263120082,0.6515255234165468,-12.807108755812077
public_input,low g,0.6,2,0.5066274365316988,1.2,0.7391051545247785,0.5111738292246961,0.7702370901568322,0.6485328825001602,0.6517836671016998,-12.801709676805574
public_input,low g,0.6,2,0.507389840373095,1.2,0.7393256987320739,0.5110279612967024,0.7696857174888471,0.6486896028019472,0.6519411729672686,-12.796010839536155
public_input,low g,0.6,2,0.5081946972797818,1.2,0.7392596530289144,0.5110716619353873,0.7698508762405443,0.6490827706453777,0.6523363115727155,-12.790002905452354
public_input,low g,0.6,2,0.5090422055447187,1.2,0.7391920054634291,0.5111163863886845,0.7700199588661076,0.6494950259214731,0.6527506332869817,-12.783681675870632
public_input,low g,0.6,2,0.5099325741928927,1.2,0.7392749311019527,0.511061555287228,0.7698126762894805,0.6498102032185418,0.6530673904168263,-12.777051079180367
public_input,low g,0.6,2,0.5108660230672385,1.2,0.7392048135810363,0.5111079161259559,0.7699879401926317,0.6502602206575421,0.6535196635776268,-12.77010921427231
public_input,low g,0.6,2,0.5118427829191048,1.2,0.7391270777250123,0.5111593398636444,0.770182305085733,0.650734109273524,0.6539959275701813,-12.762851964397067
public_input,low g,0.6,2,0.5128630955033207,1.2,0.7390892224749644,0.5111843737314854,0.7702769371480446,0.6511955656617133,0.6544596970181422,-12.755278929766751
public_input,low g,0.6,2,0.5139272136779165,1.2,0.739004631133712,0.5112403053971191,0.7704883815069543,0.6517108931914705,0.6549776076378916,-12.747390886793783
public_input,low g,0.6,2,0.5150354015085564,1.2,0.7389147211932542,0.5112997800510751,0.7707131799625843,0.6522485086949963,0.6555179179503433,-12.73918473382982
public_input,low g,0.6,2,0.5161879343777439,1.2,0.7388431651896071,0.5113470977267585,0.7708920524546813,0.6527903127172305,0.6560624377765407,-12.730659690501941
public_input,low g,0.6,2,0.5173850990988615,1.2,0.7392962902764771,0.5110474166257395,0.7697592506307002,0.6529481477470256,0.6562210639577147,-12.7218381386186
public_input,low g,0.6,2,0.5186271940351138,1.2,0.7394588649494116,0.5109398956445441,0.7693528183724148,0.6533467044392587,0.6566216184236814,-12.71272312289903
public_input,low g,0.6,2,0.5199145292234401,1.2,0.7393550546068159,0.5110085561023942,0.769612350633414,0.6539680844113585,0.6572461130758529,-12.703291764910444
public_input,low g,0.6,2,0.5212474265034702,1.2,0.7392570718835021,0.5110733571958073,0.7698573022365891,0.6546034953240485,0.6578847089989972,-12.693539329306983
public_input,low g,0.6,2,0.5226262196515982,1.2,0.7391454400834732,0.5111471872555018,0.7701363806120052,0.6552679813514772,0.6585525257764993,-12.68346409780328
public_input,low g,0.6,2,0.5240512545202515,1.2,0.7390427919060876,0.5112150732971972,0.7703929943319558,0.6559442162568394,0.6592321503234303,-12.673065201796486
public_input,low g,0.6,2,0.5255228891824385,1.2,0.7390865333176128,0.5111861571826202,0.7702836711725699,0.6565264859619883,0.659817338667622,-12.662350392651653
public_input,low g,0.6,2,0.5270414940816569,1.2,0.7391280291650821,0.5111586896308946,0.7701798789177869,0.6571291034924946,0.6604229768310703,-12.651314186325594
public_input,low g,0.6,2,0.5286074521872524,1.2,0.7393018908739326,0.5110437097287852,0.7697452427909521,0.6576483535588218,0.6609448296491861,-12.639983195016322
public_input,low g,0.6,2,0.5302211591553182,1.2,0.7394350783037515,0.5109556326354775,0.7694122965135117,0.6582176056876405,0.6615169351661749,-12.628331741749646
public_input,low g,0.6,2,0.5318830234952302,1.2,0.7393140671047228,0.5110356544423874,0.7697147971706119,0.6590020479752863,0.6623053094871504,-12.616370231717704
public_input,low g,0.6,2,0.5335934667419154,1.2,0.73934283985024,0.5110166369719804,0.7696428928022117,0.6596898084842182,0.6629965174099798,-12.604084975927538
public_input,low g,0.6,2,0.5353529236339561,1.2,0.7392170535105885,0.5110998167442006,0.7699573308652584,0.6605162399910603,0.6638270914219887,-12.591476862808364
public_input,low g,0.6,2,0.537161842297634,1.2,0.739075514182464,0.5111934326510852,0.7703111910701973,0.661374210140739,0.6646893621649393,-12.578536445479013
public_input,low g,0.6,2,0.5390206844370244,1.2,0.7393460608458027,0.511014514262432,0.7696348575013932,0.6619321240723671,0.6652500726517874,-12.565286219551577
public_input,low g,0.6,2,0.5409299255302531,1.2,0.7392082772161156,0.5111056278385344,0.7699792867216807,0.6628259088744328,0.6661483375688174,-12.551716858363488
public_input,low g,0.6,2,0.5428900550320312,1.2,0.7394088176585869,0.5109729935390437,0.7694779316879641,0.6634764658524331,0.6668021554772402,-12.537829547388542
public_input,low g,0.6,2,0.5449015765825912,1.2,0.7393828830808571,0.5109901518403988,0.7695427812931672,0.6643224110210934,0.6676523409637043,-12.523633291700898
public_input,low g,0.6,2,0.5469650082231464,1.2,0.7392258588776097,0.511094005649867,0.7699353459362888,0.6652900870531742,0.668624867492081,-12.509098806517992
public_input,low g,0.6,2,0.5490808826180046,1.2,0.7393536066791442,0.5110095014982001,0.7696159427187736,0.666055786676365,0.669394405200605,-12.494226759620934
public_input,low g,0.6,2,0.5512497472834679,1.2,0.7394973036661137,0.5109144811238213,0.7692567395227132,0.6668286641354157,0.6701711567240412,-12.479065632764556
public_input,low g,0.6,2,0.5534721648236569,1.2,0.7393414387839301,0.5110175594854869,0.7696463861291543,0.667855246258588,0.6712028846115197,-12.463569683332345
public_input,low g,0.6,2,0.5557487131734017,1.2,0.7392341167394518,0.511088555027005,0.7699147260617958,0.6688641735684349,0.6722168691905527,-12.447729394577278
public_input,low g,0.6,2,0.5580799858483445,1.2,0.7393005111558472,0.5110446393133112,0.7697487308067429,0.6697574482767946,0.6731146214570212,-12.431573665411106
public_input,low g,0.6,2,0.5604665922024078,1.2,0.7393982899617648,0.5109799580331726,0.7695042548574706,0.6706462615039397,0.6740078898790076,-12.415091892082335
public_input,low g,0.6,2,0.5629091576927818,1.2,0.7395452396431537,0.5108827691846469,0.7691368808676258,0.6715166796167702,0.6748826709807849,-12.398310399252374
public_input,low g,0.6,2,0.5654083241525933,1.2,0.739370542055364,0.5109983023885307,0.7695736077618236,0.6726600666561456,0.6760317892715456,-12.381182894399902
public_input,low g,0.6,2,0.5679647500714233,1.2,0.7393554915172378,0.5110082653094682,0.7696112542046363,0.6736988142107442,0.6770757435699294,-12.363706793016906
public_input,low g,0.6,2,0.5705791108838415,1.2,0.7394448049310461,0.5109492012617125,0.7693879835305178,0.6746761314721085,0.6780579596544525,-12.345906085814798
public_input,low g,0.6,2,0.5732520992661372,1.2,0.7397170298788287,0.5107691550564526,0.7687074137892058,0.6755298166328146,0.678915923929834,-12.327790211266544
public_input,low g,0.6,2,0.5759844254414287,1.2,0.7395297056739072,0.5108930599228484,0.7691757542311131,0.6767669689763662,0.6801592775253139,-12.309360073090977
public_input,low g,0.6,2,0.578776817493336,1.2,0.7395010984232792,0.5109119733912608,0.7692472572281005,0.6779000703029762,0.6812980585459594,-12.290584336974431
public_input,low g,0.6,2,0.5816300216884137,1.2,0.7393079158605373,0.5110397234800546,0.7697301769922267,0.6791847882196265,0.6825892161379652,-12.271456592588127
public_input,low g,0.6,2,0.5845448028075416,1.2,0.7396232123161337,0.5108311929794762,0.7689419333613186,0.6800881627108013,0.683497118812621,-12.251980389855847
public_input,low g,0.6,2,0.5875219444864789,1.2,0.7397812424444697,0.5107266906064993,0.7685468918510708,0.6811372243044447,0.6845514388493852,-12.232226737062957
public_input,low g,0.6,2,0.5905622495657936,1.2,0.739602545871822,0.510844862797368,0.7689936029526089,0.6824754391454603,0.6858963615202058,-12.212131726841827
public_input,low g,0.6,2,0.5936665404503856,1.2,0.739396525765476,0.5109811326460261,0.7695086830757114,0.6838576143213361,0.687285464877982,-12.191670533933946
public_input,low g,0.6,2,0.5968356594788269,1.2,0.7395916305386978,0.5108520995722539,0.769020931291174,0.684942351234242,0.6883756390572908,-12.170846200201547
public_input,low g,0.6,2,0.600070469302753,1.2,0.7398518495579058,0.5106799844699866,0.7683703552200238,0.6859966669052012,0.6894352395075432,-12.149746533107852
public_input,low g,0.6,2,0.6033718532765401,1.2,0.739620126979136,0.5108332460104787,0.7689496749726299,0.6874662811495362,0.6909122202239332,-12.128301487621707
public_input,low g,0.6,2,0.6067407158575169,1.2,0.7396118538525688,0.5108387178463989,0.7689703582230639,0.6887798227227089,0.6922323459516411,-12.106482672051257
public_input,low g,0.6,2,0.6101779830169621,1.2,0.7398260903254983,0.5106970273281974,0.7684347676548537,0.6899374037612378,0.693395729389272,-12.084325677449584
public_input,low g,0.6,2,0.6136846026621482,1.2,0.7396663266246923,0.5108026874710996,0.7688341685597617,0.6914178529569157,0.6948835993674245,-12.061848902172308
public_input,low g,0.6,2,0.6172615450697004,1.2,0.7396645019514834,0.5108038822653633,0.7688387030263608,0.6927944671236543,0.6962671138413893,-12.039031175922705
public_input,low g,0.6,2,0.6209098033305457,1.2,0.7395803108989176,0.5108595759736888,0.7690492074094089,0.6942606179786374,0.6977406138081159,-12.01585938787722
public_input,low g,0.6,2,0.6246303938067362,1.2,0.7398156175168853,0.5107039618690079,0.7684609680020249,0.6954922137834356,0.6989783830125761,-11.99233783389236
public_input,low g,0.6,2,0.6284243566004422,1.2,0.7397632964354603,0.5107385638628656,0.7685917664055191,0.6969793386637462,0.7004729621373699,-11.968474001090446
public_input,low g,0.6,2,0.6322927560354111,1.2,0.739782781868231,0.5107256711620175,0.7685430403272249,0.6984320340793463,0.701932939219043,-11.94428123818507
public_input,low g,0.6,2,0.6362366811512086,1.2,0.73962164400014,0.5108322309361271,0.7689458557629965,0.7000551221980452,0.7035641631007935,-11.919706897898418
public_input,low g,0.6,2,0.6402572462105554,1.2,0.739924837949689,0.5106317186976084,0.7681879000564868,0.7013250550510958,0.70484046151876,-11.894815651169996
public_input,low g,0.6,2,0.6443555912200942,1.2,0.7396943912672406,0.5107841220013614,0.7687639974318471,0.7030530982548017,0.7065771665750704,-11.869564080350365
public_input,low g,0.6,2,0.6485328824649206,1.2,0.7397173832896424,0.5107689170991445,0.7687065206912176,0.7045993410523378,0.7081311599468829,-11.843950469174093
public_input,low g,0.6,2,0.652790313057229,1.2,0.7400931083654201,0.5105204342513037,0.7677672365165367,0.7058816277244087,0.7094198741076453,-11.818000554062593
public_input,low g,0.6,2,0.6571291034994325,1.2,0.7398249167373181,0.5106977973742217,0.7684376877074168,0.7077151751552261,0.7112626122332063,-11.791707171291993
public_input,low g,0.6,2,0.6615505022621248,1.2,0.7397254205153222,0.5107636004315959,0.7686864252635374,0.7094360226850913,0.7129920855472109,-11.765007313698437
public_input,low g,0.6,2,0.6660557863772645,1.2,0.7402531707835653,0.51041456713606,0.7673670674810189,0.7106664976854334,0.7142287283291592,-11.737992766752882
public_input,low g,0.6,2,0.6706462620469753,1.2,0.7399566339462229,0.5106106754486281,0.7681083779712656,0.712600056367715,0.7161719790146686,-11.710650783713456
public_input,low g,0.6,2,0.6753232652683625,1.2,0.7398724393911853,0.5106663604166934,0.7683188660338756,0.714384814145413,0.7179656829279563,-11.682896638430346
public_input,low g,0.6,2,0.6800881624747613,1.2,0.7399946590021396,0.5105855332086622,0.7680133303151064,0.7160249587521722,0.7196140487937692,-11.654771710785642
public_input,low g,0.6,2,0.6849423511938463,1.2,0.7400845828904976,0.5105260629248364,0.7677885278230314,0.7177175396654911,0.7213151138042224,-11.62636037499049
public_input,low g,0.6,2,0.6898872607230374,1.2,0.7399748064324412,0.5105986682369487,0.7680629731289585,0.7196020081419202,0.7232090282181985,-11.597547817059699
public_input,low g,0.6,2,0.6949243528226603,1.2,0.7398257240211834,0.510697274025766,0.768435693469254,0.7215460769939911,0.7251628417559425,-11.568325725093652
public_input,low g,0.6,2,0.7000551224273222,1.2,0.7401893661288537,0.5104567609744972,0.7675265677613059,0.7230898446879707,0.7267143476176903,-11.53880340254942
public_input,low g,0.6,2,0.7052810983759861,1.2,0.7400712219655705,0.5105349007300561,0.767821932890197,0.7250620418310563,0.7286964304400945,-11.50892228382095
public_input,low g,0.6,2,0.7106038441612367,1.2,0.7398253144572845,0.5106975392355035,0.7684367045288377,0.7271688712173779,0.7308138203526622,-11.478603376870602
public_input,low g,0.6,2,0.7160249586982449,1.2,0.74041435371153,0.5103079561955737,0.766964090940031,0.728603295602783,0.7322554348202204,-11.447969625513162
public_input,low g,0.6,2,0.7215460771139571,1.2,0.7401433182107315,0.5104872138426406,0.7676416827843775,0.730786932634783,0.7344500173783926,-11.416983124420213
public_input,low g,0.6,2,0.7271688715570458,1.2,0.740016711673989,0.5105709381763746,0.7679581761100288,0.7328777482041788,0.7365513132044432,-11.385557144646999
public_input,low g,0.6,2,0.7328950520291776,1.2,0.7401809120068683,0.510462352623692,0.7675477037436651,0.7347516596786537,0.7384346176992725,-11.35382100225968
public_input,low g,0.6,2,0.7387263672381705,1.2,0.7401329068037138,0.5104941042880935,0.7676677217216824,0.7368331937059305,0.7405265854592805,-11.321695156701496
public_input,low g,0.6,2,0.7446646054736273,1.2,0.7403410012362192,0.510356478437429,0.7671474918598701,0.7387263669258789,0.7424292482494846,-11.289166565755067
public_input,low g,0.6,2,0.7507115955056528,1.2,0.7402173246515498,0.5104382581122855,0.7674566447471138,0.7409300956566949,0.7446440232165321,-11.25630418936575
public_input,low g,0.6,2,0.7568692075072764,1.2,0.7403726001323654,0.5103355762147816,0.7670684867227595,0.7429258371986482,0.7466497684545944,-11.223033601463825
public_input,low g,0.6,2,0.7631393540012239,1.2,0.7405738718148238,0.5102024670323229,0.7665653234144845,0.7449112710458378,0.748645154330358,-11.18938558416392
public_input,low g,0.6,2,0.7695239908317001,1.2,0.7402094193087068,0.510443483250637,0.7674764007037382,0.7474106422038488,0.751157053638434,-11.155371026577331
public_input,low g,0.6,2,0.7760251181618615,1.2,0.7403790584663816,0.510331299173125,0.7670523280582662,0.7494830511282744,0.7532398505558225,-11.120959570643542
public_input,low g,0.6,2,0.7826447814976824,1.2,0.7405071455985707,0.5102465809780974,0.7667321000597543,0.7516210652762806,0.7553885815443432,-11.086169931205125
public_input,low g,0.6,2,0.7893850727389358,1.2,0.7404181219922462,0.5103054696760713,0.7669546832330835,0.7539768395181331,0.757756164153723,-11.051005486317129
public_input,low g,0.6,2,0.7962481312580323,1.2,0.7403635596643614,0.5103415512177472,0.7670910784974891,0.7563343393948075,0.7601254810477054,-11.015410484488884
public_input,low g,0.6,2,0.8032361450074849,1.2,0.740705452173172,0.5101154278956659,0.7662363382941986,0.7583796429267409,0.7621810367062564,-10.979479781098402
public_input,low g,0.6,2,0.8103513516567865,1.2,0.7403827545550072,0.5103288769303902,0.767043138323118,0.7610333395462939,0.7648480350354694,-10.943139825056091
public_input,low g,0.6,2,0.8175960397595149,1.2,0.7407266305999081,0.5101014302605101,0.7661834132309291,0.7631393542805601,0.7669646062125213,-10.906347777148483
public_input,low g,0.6,2,0.8249725499515008,1.2,0.7406597250932627,0.5101456754607089,0.7663506668516251,0.7656354588113856,0.7694732225193748,-10.869283120112234
public_input,low g,0.6,2,0.8324832761809209,1.2,0.7403051662352216,0.5103801808548041,0.7672370839434743,0.7684167659413295,0.7722684710093239,-10.831719014756887
public_input,low g,0.6,2,0.8401306669712053,1.2,0.740976736115205,0.5099360188127646,0.7655581545521454,0.7703311222001851,0.7741924230188594,-10.793793823775873
public_input,low g,0.6,2,0.8479172267176741,1.2,0.740589194434026,0.510192333131734,0.7665270171087465,0.7732092602390382,0.7770849877846685,-10.755501767370518
public_input,low g,0.6,2,0.8558455170188431,1.2,0.7404079955116244,0.5103121662595735,0.7669799975650885,0.7759406576942857,0.7798300764266356,-10.716728768052642
public_input,low g,0.6,2,0.8639181580433734,1.2,0.7408908704442836,0.5099928130852677,0.7657728296331037,0.7781189198111633,0.7820192571278114,-10.677634024850692
public_input,low g,0.6,2,0.8721378299336601,1.2,0.7407032157962015,0.5101169020417058,0.7662419180343873,0.7809251484284334,0.7848395520245618,-10.638106278339514
public_input,low g,0.6,2,0.8805072742470966,1.2,0.7408288239411707,0.5100338447836492,0.7659279360281459,0.7834882176486135,0.7874154686826723,-10.598142049939346
public_input,low g,0.6,2,0.88902929543607,1.2,0.7409937784724367,0.5099247402526412,0.7655155324205536,0.7860508461870973,0.7899909424501601,-10.557813966968407
public_input,low g,0.6,2,0.8977067623677852,1.2,0.7405867647084718,0.5101939412330871,0.7665330940081698,0.7891609046415445,0.7931165901374841,-10.51704412527244
public_input,low g,0.6,2,0.9065426098850453,1.2,0.7409430238804974,0.5099583069907372,0.7656424163744945,0.7916234228112995,0.7955914517309316,-10.475864269441043
public_input,low g,0.6,2,0.9155398404091444,1.2,0.7408635744965195,0.5100108525056612,0.7658410389863202,0.7945132828661549,0.7984957972695927,-10.434312411568628
public_input,low g,0.6,2,0.9247015255860773,1.2,0.7409773890399338,0.5099355782532455,0.7655565024384272,0.797265868341214,0.8012621801367629,-10.39229058426044
public_input,low g,0.6,2,0.9340308079772923,1.2,0.7410875265409862,0.5098627491258639,0.7652811884764734,0.8000585832040519,0.8040688935411051,-10.34988487009819
public_input,low g,0.6,2,0.9435309027962627,1.2,0.7408152912757303,0.5100427811890854,0.7659617364611154,0.8032361446419769,0.8072623825720198,-10.307021396286071
public_input,low g,0.6,2,0.9532050996921831,1.2,0.7410307602785848,0.5099002923407823,0.7654231027503093,0.8060087701801918,0.8100489059535801,-10.26380800448679
public_input,low g,0.6,2,0.9630567645821445,1.2,0.7409170637381841,0.5099754679929813,0.7657072976698975,0.8091199157280111,0.8131756461833547,-10.220097254763777
public_input,low g,0.6,2,0.9730893415331738,1.2,0.7413108947659124,0.5097150008157604,0.7647227270842323,0.8118052006230669,0.8158743911249604,-10.176017160133158
public_input,low g,0.6,2,0.9833063546955787,1.2,0.7408415550508334,0.5100254246556494,0.7658961080681794,0.8153222608423405,0.819409080681947,-10.13146563243805
public_input,low g,0.6,2,0.9937114102890687,1.2,0.7415151507973432,0.509579912650975,0.764212091095068,0.8178268659857391,0.8219262402108712,-10.086490432270491
public_input,low g,0.6,2,1.0043081986431819,1.2,0.7410820781435462,0.5098663547217127,0.7652948143652983,0.8213931495685279,0.8255103998645094,-10.041132983015814
public_input,low g,0.6,2,1.0151004962935855,1.2,0.7412048480037134,0.5097851424906694,0.7649878551651248,0.8244864512998726,0.8286192068353069,-9.995256614726268
public_input,low g,0.6,2,1.0260921681358672,1.2,0.7412996825342194,0.5097224129404279,0.7647507500146712,0.827646547150755,0.8317951427325595,-9.949039256632599
public_input,low g,0.6,2,1.037287169638491,1.2,0.7411048733100813,0.5098512679635292,0.765237802431203,0.8311188823478349,0.8352848830822457,-9.902315174721362
public_input,low g,0.6,2,1.0486895491166357,1.2,0.7415255697042972,0.5095730309457827,0.7641860644807378,0.8340574885305942,0.8382382190897936,-9.855181378773082
public_input,low g,0.6,2,1.0603034500686892,1.2,0.7413302827797996,0.5097021952739791,0.7646742961015849,0.8376163054463858,0.8418148746496102,-9.807611561427517
public_input,low g,0.6,2,1.0721331135772334,1.2,0.7417265746542321,0.5094400954438643,0.763683561812452,0.840661077226587,0.844874908411872,-9.759531829715321
public_input,low g,0.6,2,1.0841828807763967,1.2,0.7415242905282622,0.5095738804422612,0.7641892703147863,0.8443147094205078,0.8485468545133772,-9.711117036227186
public_input,low g,0.6,2,1.0964571953875313,1.2,0.7414239380437728,0.5096402526126895,0.7644401548818072,0.847917227122476,0.8521674299104728,-9.662128690058285
public_input,low g,0.6,2,1.1089606063252093,1.2,0.7417346006007854,0.5094347733745375,0.7636634654126657,0.8511733707028943,0.8554398949785095,-9.612811712608796
public_input,low g,0.6,2,1.1216977703756155,1.2,0.7412132313336915,0.5097795966060733,0.7649668937688826,0.8552696284260657,0.8595566852789637,-9.562950291710141
public_input,low g,0.6,2,1.1346734549494641,1.2,0.741937544329041,0.5093005548876408,0.7631561141561285,0.8582190621716319,0.8625209031227028,-9.512674749740315
public_input,low g,0.6,2,1.147892540911644,1.2,0.7414336579349133,0.5096338114670163,0.7644158264722797,0.8623944565710604,0.8667172267736547,-9.46194619426331
public_input,low g,0.6,2,1.1613600254898573,1.2,0.7417909563259117,0.5093975111806366,0.7635225990317722,0.8657875688368385,0.8701273470854434,-9.410731248932787
public_input,low g,0.6,2,1.1750810252645967,1.2,0.7416231399078276,0.509508497762996,0.7639421330186474,0.8697359971125334,0.8740955669402318,-9.359084138693191
public_input,low g,0.6,2,1.189060779242872,1.2,0.7419288971717162,0.5093062804921489,0.7631777469844776,0.8732727827563266,0.87765008079584,-9.306939884004873
public_input,low g,0.6,2,1.2033046520181812,1.2,0.7418002800956056,0.5093913450166094,0.7634992904020648,0.8772814346595824,0.8816788261503788,-9.254345956555316
public_input,low g,0.6,2,1.217818137019287,1.2,0.7421386873566209,0.5091675241239884,0.762653257356585,0.8808824029847314,0.8852978444043718,-9.201267693475625
public_input,low g,0.6,2,1.2326068598504607,1.2,0.7416268874667973,0.5095060085426045,0.76393273990783,0.8853690040036164,0.8898069346044516,-9.147719078901757
public_input,low g,0.6,2,1.247676581725918,1.2,0.7420063890168682,0.5092550223323336,0.7629840016328642,0.8890292954068665,0.8934855732947121,-9.093700137847668
public_input,low g,0.6,2,1.2630332030012734,1.2,0.7417420546121541,0.509429861911411,0.7636448722029262,0.893377462220878,0.8978555353855789,-9.0392283208275
public_input,low g,0.6,2,1.2786827668049243,1.2,0.7418738473673742,0.5093426800791803,0.7633153510522067,0.8973855159919893,0.9018836796098239,-8.984236779920037
public_input,low g,0.6,2,1.294631462772364,1.2,0.7419256694453562,0.5093084048709384,0.7631857928019321,0.9015256981489199,0.9060446145161773,-8.928808425103323
public_input,low g,0.6,2,1.31088563088653,1.2,0.7419754313236153,0.5092754910664811,0.7630613824151637,0.905721413127752,0.910261360603861,-8.87283630378424
public_input,low g,0.6,2,1.3274517654273796,1.2,0.742352850855406,0.5090258662599947,0.762117813822262,0.9096411030017751,0.9142006980051403,-8.816444021146179
public_input,low g,0.6,2,1.3443365190339982,1.2,0.7421294665641187,0.5091736145700985,0.7626762912808647,0.9142209804159037,0.9188035321503405,-8.759481964642344
public_input,low g,0.6,2,1.3615467068826452,1.2,0.7424946498853353,0.5089321049566472,0.7617633641563406,0.918260804384709,0.9228636058210578,-8.702113308763675
public_input,low g,0.6,2,1.3790893109842512,1.2,0.7419269651528535,0.5093075493350884,0.7631825567391268,0.9233056313834053,0.927933720120317,-8.64418188648032
public_input,low g,0.6,2,1.3969714846049992,1.2,0.7425784330799372,0.5088766835290783,0.7615538851640125,0.9271646392410274,0.9318120713353222,-8.585793739172658
public_input,low g,0.6,2,1.4152005568137338,1.2,0.7420520178062178,0.5092248400757061,0.7628699194854838,0.9322871807692924,0.9369602897098507,-8.526882669594166
public_input,low g,0.6,2,1.4337840371600625,1.2,0.7427353051743967,0.508772953903015,0.7611617542776415,0.9362248054235609,0.9409176517898352,-8.467470705655865
public_input,low g,0.6,2,1.4527296204871472,1.2,0.7421682886098495,0.5091479506509179,0.7625792634664326,0.9415121579986369,0.9462315073299847,-8.407557985437045
public_input,low g,0.6,2,1.4720451918832933,1.2,0.7428518478852142,0.5086958504348662,0.7608703409010624,0.9455637482000769,0.9503034062118234,-8.34711924112326
public_input,low g,0.6,2,1.4917388317766058,1.2,0.7422764887343882,0.5090764018076255,0.7623087905653063,0.9509864421459331,0.9557532815241973,-8.28618578425688
public_input,low g,0.6,2,1.5118188211770927,1.2,0.7428774346046148,0.5086789388310796,0.7608063986642739,0.9552422451072209,0.9600304167866022,-8.224713562038726
public_input,low g,0.6,2,1.5322936470707536,1.2,0.7425127841523615,0.5089201004458568,0.7617180036588416,0.9605734291229132,0.965388323473378,-8.162750973582055
public_input,low g,0.6,2,1.5531720079703377,1.2,0.7426950322420294,0.5087995773600403,0.7612624092105422,0.9653932573998645,0.9702323112401064,-8.100253036176209
public_input,low g,0.6,2,1.5744628196276003,1.2,0.7427440859621575,0.508767138438551,0.7611397840164762,0.9704179495053871,0.9752821897196201,-8.037249402199803
public_input,low g,0.6,2,1.5961752209120554,1.2,0.7428147523003039,0.5087203952777003,0.7609631041895204,0.9754850110245076,0.980374649990301,-7.97369440320789
public_input,low g,0.6,2,1.618318579861377,1.2,0.7428283576711892,0.5087114077058874,0.7609291150057638,0.9806794163323043,0.9855950923630552,-7.909634164060796
public_input,low g,0.6,2,1.6409024999087747,1.2,0.7428951858001365,0.508667203900157,0.7607620326454194,0.9858841324448694,0.9908258972237018,-7.845013437979441
public_input,low g,0.6,2,1.6639368262928396,1.2,0.7429040284746935,0.5086613426710944,0.760739896703349,0.9912196211490282,0.9961881301762852,-7.779879941059946
public_input,low g,0.6,2,1.6874316526555453,1.2,0.7429149100398647,0.5086541385504162,0.7607126761924792,0.9966224967881167,1.0016180878422154,-7.7141823291249905
public_input,low g,0.6,2,1.7113973278342638,1.2,0.7430043970510847,0.5085949748707963,0.7604890059558815,1.0020102139264462,1.0070328110250855,-7.647966600229513
public_input,low g,0.6,2,1.7358444628538618,1.2,0.7430131951137274,0.5085891550362021,0.760467008508379,1.007557141389266,1.0126075425775183,-7.581179267344018
public_input,low g,0.6,2,1.7607839381251333,1.2,0.7430617979296965,0.508557011277769,0.7603455036482836,1.0131328726432427,1.0182112223007118,-7.513864908438429
public_input,low g,0.6,2,1.7862269108560356,1.2,0.743373021422153,0.508351169898904,0.7595674319085615,1.0184913624278356,1.0235965716271247,-7.446004361545846
public_input,low g,0.6,2,1.8121848226824113,1.2,0.7431081180198504,0.5085263743195838,0.7602296989369657,1.0245617237945743,1.0296973608068385,-7.377547217249625
public_input,low g,0.6,2,1.8386694075250942,1.2,0.7434187496000968,0.5083209277356393,0.7594531145043333,1.0300681958072384,1.035231434125328,-7.308610387142082
public_input,low g,0.6,2,1.8656926996805347,1.2,0.7431838039145378,0.5084763207259404,0.7600404914918952,1.0362603407525592,1.0414546173263517,-7.238987302958201
public_input,low g,0.6,2,1.8932670421523103,1.2,0.7434547053703435,0.5082971556397186,0.7593632436205382,1.0419630880426853,1.0471859497562253,-7.168962149079818
public_input,low g,0.6,2,1.921405095231136,1.2,0.743210630186733,0.5084585737677141,0.7599734151184427,1.048325216624222,1.0535799686399872,-7.098162374120477
public_input,low g,0.6,2,1.9501198453312445,1.2,0.7434802130637498,0.5082802696191204,0.7592994384324155,1.0541861513977206,1.0594702814712935,-7.027031474323913
public_input,low g,0.6,2,1.979424614091259,1.2,0.743594327225773,0.5082048015047541,0.7590141625870093,1.060303450268947,1.0656182434307149,-6.95507769374736
public_input,low g,0.6,2,2.009333067747975,1.2,0.7435335522581694,0.5082449934785657,0.7591660929512176,1.06670321081132,1.0720500829063015,-6.882795256861316
public_input,low g,0.6,2,2.0398592267917226,1.2,0.7441902433265537,0.5078106789143193,0.7575243764511224,1.0723592102372277,1.0777344331473127,-6.809702622232116
public_input,low g,0.6,2,2.071017475912293,1.2,0.7435389649335977,0.5082414292771852,0.7591525966670585,1.0796109613543,1.0850225338181263,-6.736219751368214
public_input,low g,0.6,2,2.1028225742447084,1.2,0.7442330502951717,0.5077823672678934,0.7574173586684105,1.085387804689172,1.090828333700716,-6.661994428291877
public_input,low g,0.6,2,2.135289665924415,1.2,0.7438655357754831,0.5080254311154322,0.7583361419943171,1.0924887600507427,1.0979648827491584,-6.587284701790651
public_input,low g,0.6,2,2.168434290961828,1.2,0.7442277693499693,0.5077858661608585,0.7574305751028578,1.0988235479159076,1.104331423870637,-6.5119109605420915
public_input,low g,0.6,2,2.2022723964464688,1.2,0.7438890152952358,0.5080099064986185,0.7582774526436313,1.106074506921255,1.1116187284592496,-6.435988239879773
public_input,low g,0.6,2,2.23682034809129,1.2,0.7442122903335926,0.5077960996933116,0.7574692637708382,1.1126337299533287,1.118210829733593,-6.359414912511107
public_input,low g,0.6,2,2.2720949421281498,1.2,0.7438662580267326,0.5080249535315748,0.7583343365828794,1.1200827680532426,1.1256972062923654,-6.282265784599083
public_input,low g,0.6,2,2.308113417565749,1.2,0.7442247644954181,0.5077878505449631,0.7574380805405583,1.1267840153029822,1.132432043683728,-6.20447462735408
public_input,low g,0.6,2,2.344893468821764,1.2,0.7438315696876192,0.5080479044150946,0.7584210775258156,1.1344851661757744,1.1401717967359117,-6.126078320057969
public_input,low g,0.6,2,2.382453258741261,1.2,0.7445259616084325,0.5075886414728331,0.7566850772519531,1.1409680829977649,1.146687209313702,-6.0471081700459175
public_input,low g,0.6,2,2.4208114320139376,1.2,0.7444972227011579,0.5076076404310711,0.7567569057965113,1.148424365315957,1.154180866402548,-5.967439175667311
public_input,low g,0.6,2,2.4599871290031343,1.2,0.7444799390369163,0.5076190801989375,0.7568001348542741,1.1559677069407495,1.1617620191845839,-5.887247533189061
public_input,low g,0.6,2,2.5,1.2,0.744485858569057,0.5076151652979939,0.7567853363267931,1.163584936513052,1.1694174302790086,-5.8063134840806025
public_input,low g,0.6,3,0.5,1.2,0.6229851928408174,0.6238012110969008,1.2765370155238838,0.8116134653044657,0.8156816947290751,-13.721382620654046
public_input,low g,0.6,3,0.5000203210855501,1.2,0.6229855465594616,0.6238009872816315,1.2765361058481108,0.8116237225305255,0.8156920033696946,-13.720902329583351
public_input,low g,0.6,3,0.5000812892976928,1.2,0.6229865931246183,0.6238003528601617,1.2765334833800228,0.8116545213027863,0.8157229565214437,-13.719461440247612
public_input,low g,0.6,3,0.5001829195049198,1.2,0.6229883881037557,0.6237992920212114,1.2765290532769331,0.8117058419150808,0.815774534379378,-13.717059904232567
public_input,low g,0.6,3,0.5003252364947652,1.2,0.6229908381958076,0.6237978064340219,1.2765229129863025,0.8117777137782953,0.815846766501806,-13.71369764087255
public_input,low g,0.6,3,0.5005082749838822,1.2,0.6229940020886988,0.6237958802873134,1.2765149645449871,0.8118701209606054,0.815939636877045,-13.70937453720803
public_input,low g,0.6,3,0.500732079632158,1.2,0.6229978766541717,0.6237935452036454,1.2765052896316833,0.8119830935733255,0.8160531757673428,-13.704090448020722
public_input,low g,0.6,3,0.5009967050608752,1.2,0.6230024517335133,0.6237907864033859,1.2764938616924968,0.8121166376284684,0.8161873892148478,-13.697845195799689
public_input,low g,0.6,3,0.5013022158749305,1.2,0.6230077370940565,0.6237875941146269,1.2764806466866763,0.8122707595854556,0.8163422837113592,-13.690638570745989
public_input,low g,0.6,3,0.5016486866891229,1.2,0.6230137032166898,0.6237839814477587,1.2764657066995426,0.8124454916157087,0.8165178915895589,-13.682470330777386
public_input,low g,0.6,3,0.502036202158526,1.2,0.6230204154436607,0.6237799352923907,1.2764489438226376,0.8126408291646575,0.8167142082720464,-13.673340201494147
public_input,low g,0.6,3,0.502464857012963,1.2,0.6230278161607972,0.6237754643887836,1.2764304373809412,0.8128568131783269,0.8169312749100895,-13.66324787620568
public_input,low g,0.6,3,0.5029347560956027,1.2,0.6230359106951471,0.6237705741387153,1.2764101954654214,0.8130934695301307,0.8171691175067933,-13.65219301589552
public_input,low g,0.6,3,0.5034460144056994,1.2,0.623044736865715,0.6237652564395189,1.2763881601300493,0.813350810275375,0.8174277481778911,-13.640175249211524
public_input,low g,0.6,3,0.5039987571454999,1.2,0.6230542554161755,0.6237595079527114,1.2763643623383594,0.8136288714619122,0.817707203151926,-13.627194172470453
public_input,low g,0.6,3,0.5045931197713469,1.2,0.6230644522015936,0.6237533444895733,1.2763388555105062,0.8139276969383769,0.8180075264973248,-13.613249349639055
public_input,low g,0.6,3,0.5052292480490046,1.2,0.6230753851249395,0.6237467421361572,1.2763115223412749,0.8142472911788957,0.8183287227106408,-13.598340312300573
public_input,low g,0.6,3,0.5059072981132409,1.2,0.6230870241020943,0.6237397177353909,1.2762824347526165,0.8145877071837363,0.8186708450578064,-13.582466559677918
public_input,low g,0.6,3,0.5066274365316988,1.2,0.6230993710896917,0.6237322642162553,1.2762515732234863,0.8149489779522101,0.8190339267035432,-13.56562755858924
public_input,low g,0.6,3,0.507389840373095,1.2,0.6231124278275793,0.6237243772086196,1.2762189251586318,0.8153311405080184,0.8194180048571341,-13.547822743442143
public_input,low g,0.6,3,0.5081946972797818,1.2,0.6231261882718411,0.6237160610826145,1.276184507457373,0.8157342414322826,0.8198231263331897,-13.529051516218585
public_input,low g,0.6,3,0.5090422055447187,1.2,0.6231406676239213,0.623707337051298,1.2761483576115027,0.8161583347088794,0.8202493453861818,-13.509313246455957
public_input,low g,0.6,3,0.5099325741928927,1.2,0.6231558400457953,0.6236981714288143,1.276110417783379,0.8166034533588297,0.8206966952026498,-13.488607271216102
public_input,low g,0.6,3,0.5108660230672385,1.2,0.6231717311838589,0.62368857501872,1.2760706891626414,0.8170696472145293,0.8211652258647758,-13.466932895080921
public_input,low g,0.6,3,0.5118427829191048,1.2,0.6231883052536471,0.6236785494902561,1.2760292116801488,0.817556977991108,0.8216549993970373,-13.444289390129569
public_input,low g,0.6,3,0.5128630955033207,1.2,0.6232056424157668,0.6236681019144421,1.2759859227397072,0.8180654846756316,0.8221660549819242,-13.420675995901384
public_input,low g,0.6,3,0.5139272136779165,1.2,0.6232236565005813,0.6236572094089785,1.2759408516713209,0.8185952311894777,0.8226984568612213,-13.396091919393665
public_input,low g,0.6,3,0.5150354015085564,1.2,0.6232423829220091,0.623645896525406,1.275894024047099,0.8191462829680226,0.8232522707983008,-13.370536335027175
public_input,low g,0.6,3,0.5161879343777439,1.2,0.6232618405943036,0.623634154523464,1.275845399241981,0.8197186916325884,0.8238275486732377,-13.344008384615325
public_input,low g,0.6,3,0.5173850990988615,1.2,0.6232820090290945,0.6236219790330222,1.2757949868889322,0.8203125235832217,0.8244243572189105,-13.316507177350022
public_input,low g,0.6,3,0.5186271940351138,1.2,0.6233028986029026,0.6236093656839503,1.2757427657560299,0.82092784009487,0.8250427580174086,-13.288031789766745
public_input,low g,0.6,3,0.5199145292234401,1.2,0.6233244700497544,0.6235963319567694,1.2756888185308606,0.8215647304836958,0.8256828408325937,-13.258581265730594
public_input,low g,0.6,3,0.5212474265034702,1.2,0.6233467750462123,0.6235828576700695,1.27563304340624,0.8222232411686363,0.8263446523160786,-13.228154616377685
public_input,low g,0.6,3,0.5226262196515982,1.2,0.6233698164137023,0.6235689471939805,1.275575448416145,0.8229034480810076,0.8270282687797866,-13.196750820116282
public_input,low g,0.6,3,0.5240512545202515,1.2,0.6233935525626371,0.6235546103004113,1.2755160994235841,0.8236054439434004,0.8277337834110831,-13.16436882259044
public_input,low g,0.6,3,0.5255228891824385,1.2,0.6234180170414803,0.6235398442884723,1.2754549561710848,0.8243292978704021,0.828461265670993,-13.131007536631792
public_input,low g,0.6,3,0.5270414940816569,1.2,0.6234431899786377,0.623524633346884,1.2753919992550218,0.8250750866559838,0.829210792738419,-13.096665842240192
public_input,low g,0.6,3,0.5286074521872524,1.2,0.6234690997886387,0.6235089949561673,1.2753272436824807,0.8258428981610416,0.8299824529146621,-13.061342586551595
public_input,low g,0.6,3,0.5302211591553182,1.2,0.623495729020827,0.6234929187068206,1.2752606810469151,0.8266328170581672,0.8307763312967368,-13.025036583797897
public_input,low g,0.6,3,0.5318830234952302,1.2,0.6235230726733831,0.6234764062680849,1.2751923204965394,0.8274449349725372,0.8315925199690929,-12.987746615275876
public_input,low g,0.6,3,0.5335934667419154,1.2,0.6235511469996338,0.6234594445295696,1.275122113211817,0.8282793318023478,0.8324310992304178,-12.949471429303234
public_input,low g,0.6,3,0.5353529236339561,1.2,0.6235799345279456,0.6234420667830756,1.2750501593612138,0.8291361270133067,0.8332921891452439,-12.910209741202781
public_input,low g,0.6,3,0.537161842297634,1.2,0.6236094523596658,0.623424244106932,1.2749763700019527,0.8300153958801684,0.8341758653656417,-12.869960233229667
public_input,low g,0.6,3,0.5390206844370244,1.2,0.6236396930515187,0.6234059765011389,1.27490075257731,0.8309172402460204,0.8350822302451896,-12.828721554561927
public_input,low g,0.6,3,0.5409299255302531,1.2,0.6236706634560933,0.6233872612648075,1.2748232935256882,0.8318417594524439,0.8360113836234201,-12.786492321248417
public_input,low g,0.6,3,0.5428900550320312,1.2,0.6237023595924085,0.6233681397924057,1.2747440996519268,0.8327890855358163,0.8369634581985462,-12.74327111618275
public_input,low g,0.6,3,0.5449015765825912,1.2,0.6237348154765039,0.6233485434370358,1.2746629664210927,0.8337592758071929,0.8379385115688956,-12.699056489016998
public_input,low g,0.6,3,0.5469650082231464,1.2,0.6237679549134341,0.6233285196325375,1.274580087853789,0.8347524895912479,0.8389367038577611,-12.653846956192723
public_input,low g,0.6,3,0.5490808826180046,1.2,0.6238018564306775,0.6233080535992791,1.2744953487099313,0.8357688119888148,0.8399581205925456,-12.60764100082414
public_input,low g,0.6,3,0.5512497472834679,1.2,0.6238364833936287,0.6232871513766316,1.2744088006259238,0.8368083725377888,0.8410028919604561,-12.560437072703198
public_input,low g,0.6,3,0.5534721648236569,1.2,0.623871841140156,0.6232657971533153,1.2743203989886789,0.8378712796069574,0.8420711268734804,-12.512233588227128
public_input,low g,0.6,3,0.5557487131734017,1.2,0.6239079366604645,0.623243983858311,1.2742301192435799,0.8389576494329881,0.843162942150925,-12.463028930364365
public_input,low g,0.6,3,0.5580799858483445,1.2,0.6239447621876844,0.6232217572562168,1.2741380828367577,0.840067637761178,0.8442784943187638,-12.412821448620608
public_input,low g,0.6,3,0.5604665922024078,1.2,0.6239823367529889,0.6231990628421742,1.2740441353469714,0.8412013341512566,0.845417873385646,-12.361609458947559
public_input,low g,0.6,3,0.5629091576927818,1.2,0.6240206613133346,0.6231759366088728,1.2739483652231054,0.8423588920159106,0.8465812335332424,-12.309391243747632
public_input,low g,0.6,3,0.5654083241525933,1.2,0.624059700692789,0.6231523469337529,1.2738507290906527,0.8435404346977704,0.8477686987224412,-12.25616505178577
public_input,low g,0.6,3,0.5679647500714233,1.2,0.6240995061799768,0.6231283123289835,1.273751221645218,0.8447460981164884,0.8489804055541949,-12.201929098156814
public_input,low g,0.6,3,0.5705791108838415,1.2,0.6241400449635826,0.6231038388339364,1.2736498906999152,0.8459760346528038,0.8502165071730544,-12.146681564235363
public_input,low g,0.6,3,0.5732520992661372,1.2,0.6241813099536397,0.6230789133382204,1.2735467107784992,0.8472303813319674,0.8514771412911122,-12.090420597611132
public_input,low g,0.6,3,0.5759844254414287,1.2,0.6242233508646677,0.6230535287708159,1.2734416146020386,0.8485092677057335,0.8527624381095036,-12.033144312038964
public_input,low g,0.6,3,0.578776817493336,1.2,0.6242661157545508,0.6230276992737622,1.2733346892414743,0.849812865494221,0.8540725702090981,-11.974850787405366
public_input,low g,0.6,3,0.5816300216884137,1.2,0.6243096628672968,0.6230014177760397,1.2732258588883854,0.8511413084254394,0.8554076719882199,-11.915538069641322
public_input,low g,0.6,3,0.5845448028075416,1.2,0.6243539211716138,0.6229746815767594,1.2731151878650562,0.8524947689445661,0.856767916756431,-11.855204170698011
public_input,low g,0.6,3,0.5875219444864789,1.2,0.6243989563990737,0.6229474792347713,1.273002582020098,0.8538733825576923,0.8581534406990501,-11.793847068459861
public_input,low g,0.6,3,0.5905622495657936,1.2,0.6244447443770953,0.6229198319631339,1.2728881182193292,0.8552773314938386,0.8595644269585243,-11.731464706721493
public_input,low g,0.6,3,0.5936665404503856,1.2,0.6244912788254826,0.6228917343600691,1.2727717893249286,0.8567067800145373,0.8610010406197505,-11.668054995103631
public_input,low g,0.6,3,0.5968356594788269,1.2,0.6245386018434371,0.6228631716459441,1.2726535165250876,0.8581618774523935,0.8624634317638664,-11.603615808995729
public_input,low g,0.6,3,0.600070469302753,1.2,0.6245866481394333,0.6228341515293725,1.2725333842595277,0.859642818195193,0.8639517957530305,-11.538144989520799
public_input,low g,0.6,3,0.6033718532765401,1.2,0.6246354703500887,0.622804658199074,1.2724113006164108,0.861149755053781,0.8654662861640562,-11.471640343440123
public_input,low g,0.6,3,0.6067407158575169,1.2,0.6246850470499377,0.6227747367820538,1.2722873991166836,0.8626829020257666,0.8670071180672193,-11.404099643133858
public_input,low g,0.6,3,0.6101779830169621,1.2,0.6247353850192823,0.6227443280092679,1.2721615257557388,0.864242403000288,0.8685744360729059,-11.335520626486389
public_input,low g,0.6,3,0.6136846026621482,1.2,0.6247865105829469,0.6227134557946636,1.2720337136109974,0.8658284533475833,0.870168436530651,-11.265900996872695
public_input,low g,0.6,3,0.6172615450697004,1.2,0.6248383881346293,0.6226821288785014,1.271904019999568,0.8674412583685319,0.8717893257704094,-11.195238423078347
public_input,low g,0.6,3,0.6209098033305457,1.2,0.6248910378983541,0.622650342890651,1.2717724138420228,0.869081004320325,0.8734372909829898,-11.123530539224063
public_input,low g,0.6,3,0.6246303938067362,1.2,0.6249444711966281,0.6226180749488133,1.2716388269762238,0.8707478715473842,0.8751125134167946,-11.05077494470596
public_input,low g,0.6,3,0.6284243566004422,1.2,0.624998665479161,0.6225853479352873,1.2715033387920924,0.8724420822575304,0.8768152163934656,-10.976969204149519
public_input,low g,0.6,3,0.6322927560354111,1.2,0.6250536364836528,0.6225521520781645,1.2713659092785075,0.8741638316430556,0.8785455960837005,-10.902110847315555
public_input,low g,0.6,3,0.6362366811512086,1.2,0.6251093916994073,0.6225184796688326,1.2712265117979724,0.8759133221702556,0.8803038559686613,-10.82619736904724
public_input,low g,0.6,3,0.6402572462105554,1.2,0.6251659031301453,0.6224843454869233,1.271085211059372,0.8776907839496485,0.8820902273123002,-10.749226229210416
public_input,low g,0.6,3,0.6443555912200942,1.2,0.6252232248681067,0.6224497380912873,1.2709419245506506,0.8794964127953699,0.8839049069102752,-10.671194852600845
public_input,low g,0.6,3,0.6485328824649206,1.2,0.6252813113506441,0.6224146672538328,1.270796722107876,0.8813304481820091,0.8857481354375468,-10.592100628905973
public_input,low g,0.6,3,0.652790313057229,1.2,0.6253402042644509,0.622379100320352,1.2706494809313031,0.8831930833881357,0.8876201071414975,-10.51194091259994
public_input,low g,0.6,3,0.6571291034994325,1.2,0.625399883342225,0.6223430726459419,1.2705003091102944,0.8850845761087662,0.8895210810088455,-10.43071302291656
public_input,low g,0.6,3,0.6615505022621248,1.2,0.6254603246947732,0.6223065646867856,1.2703491819872017,0.8870051535710469,0.8914512854057179,-10.348414243741189
public_input,low g,0.6,3,0.6660557863772645,1.2,0.6255215845886681,0.622269579143772,1.2701960500044613,0.8889550406473627,0.8934109463316774,-10.265041823550032
public_input,low g,0.6,3,0.6706462620469753,1.2,0.6255836365477658,0.6222321089458819,1.2700409220738043,0.8909344818236733,0.8954003094981742,-10.18059297534656
public_input,low g,0.6,3,0.6753232652683625,1.2,0.6256464695816908,0.6221941594948933,1.2698838226036238,0.8929437300543617,0.8974196291275306,-10.095064876584042
public_input,low g,0.6,3,0.6800881624747613,1.2,0.6257101066896569,0.6221557226881391,1.2697247084676806,0.8949830248948989,0.8994691459759944,-10.008454669083546
public_input,low g,0.6,3,0.6849423511938463,1.2,0.625774547770034,0.622116813699306,1.269563617459042,0.8970526317455104,0.9015491267741155,-9.920759458975056
public_input,low g,0.6,3,0.6898872607230374,1.2,0.625839786768817,0.6220774173547072,1.2694005179402754,0.8991528021877436,0.9036598243644985,-9.831976316607388
public_input,low g,0.6,3,0.6949243528226603,1.2,0.6259058390967689,0.6220375276149714,1.26923537949882,0.9012837926723671,0.9058014964833775,-9.742102276479843
public_input,low g,0.6,3,0.7000551224273222,1.2,0.6259727110395186,0.621997155921248,1.2690682242688613,0.9034458782731865,0.9079744195833708,-9.651134337171845
public_input,low g,0.6,3,0.7052810983759861,1.2,0.6260403604117011,0.6219562968717591,1.2688990810177483,0.9056393406260441,0.9101788767120265,-9.559069461261432
public_input,low g,0.6,3,0.7106038441612367,1.2,0.6261088636072363,0.621914944427133,1.2687278583497617,0.9078644340632476,0.9124151234764979,-9.465904575235568
public_input,low g,0.6,3,0.7160249586982449,1.2,0.6261781463547933,0.6218730942172396,1.2685546196808295,0.9101214591377371,0.9146834619362537,-9.371636569440465
public_input,low g,0.6,3,0.7215460771139571,1.2,0.6262482630446569,0.6218307566515804,1.2683793364778684,0.9124106967699998,0.9169841744199001,-9.276262297978251
public_input,low g,0.6,3,0.7271688715570458,1.2,0.6263192065783718,0.6217879142496346,1.2682019724177205,0.9147324307412407,0.9193175461311018,-9.179778578636823
public_input,low g,0.6,3,0.7328950520291776,1.2,0.6263909378786652,0.6217445871928121,1.2680226167082798,0.9170869837505934,0.9216839013865286,-9.082182192824527
public_input,low g,0.6,3,0.7387263672381705,1.2,0.6264635420000024,0.621700755299703,1.2678411341644598,0.9194746231452453,0.9240835088734509,-8.983469885454586
public_input,low g,0.6,3,0.7446646054736273,1.2,0.6265369477169282,0.6216564202395484,1.2676576001581097,0.9218956783222534,0.9265166996400352,-8.88363836490925
public_input,low g,0.6,3,0.7507115955056528,1.2,0.6266111835127575,0.6216116048946474,1.2674720430455464,0.9243504714084366,0.9289837974277686,-8.782684302933106
public_input,low g,0.6,3,0.7568692075072764,1.2,0.626686252058644,0.6215662574610301,1.2672843314745545,0.9268392864931083,0.9314850877499675,-8.680604334540236
public_input,low g,0.6,3,0.7631393540012239,1.2,0.6267621630039,0.6215204226716473,1.2670945669124718,0.9293624764243233,0.9340209252233449,-8.577395057972877
public_input,low g,0.6,3,0.7695239908317001,1.2,0.6268389253443114,0.6214740759749582,1.2669026793774842,0.9319203529466399,0.9365916231550855,-8.473053034578095
public_input,low g,0.6,3,0.7760251181618615,1.2,0.6269165149954357,0.6214272244419825,1.2667087105184485,0.9345132639238078,0.939197531152613,-8.36757478875412
public_input,low g,0.6,3,0.7826447814976824,1.2,0.626994953591105,0.621379865371831,1.2665126319925228,0.9371415438276163,0.9418389853642635,-8.260956807849261
public_input,low g,0.6,3,0.7893850727389358,1.2,0.627074202922046,0.621331988992595,1.2663144577355598,0.9398055445552713,0.9445163394511356,-8.153195542089854
public_input,low g,0.6,3,0.7962481312580323,1.2,0.6271543589307438,0.6212835919657924,1.2661140835122842,0.942505591313731,0.9472299202502933,-8.044287404480473
public_input,low g,0.6,3,0.8032361450074849,1.2,0.6272353294755155,0.621234703213094,1.2659116733058098,0.9452420893688356,0.9499801350589807,-7.934228770759043
public_input,low g,0.6,3,0.8103513516567865,1.2,0.627317168008426,0.6211852742690122,1.2657070532758001,0.9480153567236129,0.9527673034742226,-7.823015979251121
public_input,low g,0.6,3,0.8175960397595149,1.2,0.6273998638221101,0.6211353431895323,1.265500328660688,0.9508257948295725,0.9555918289598124,-7.710645330847691
public_input,low g,0.6,3,0.8249725499515008,1.2,0.6274834164050276,0.6210848948009685,1.2652914622805778,0.9536737719924779,0.958454081667654,-7.597113088877422
public_input,low g,0.6,3,0.8324832761809209,1.2,0.6275678504161282,0.6210339089219099,1.2650803793458958,0.9565596523075188,0.9613544275179716,-7.482415479031883
public_input,low g,0.6,3,0.8401306669712053,1.2,0.6276531377208885,0.6209823996943958,1.2648671431199903,0.9594838449117673,0.9642932776986459,-7.3665486892978835
public_input,low g,0.6,3,0.8479172267176741,1.2,0.6277392878695958,0.6209303758586864,1.264651765763381,0.9624467513754433,0.9672710357927755,-7.249508869852123
public_input,low g,0.6,3,0.8558455170188431,1.2,0.6278263106782052,0.6208778216035019,1.2644341981848934,0.9654487627638562,0.9702880948258928,-7.13129213297433
public_input,low g,0.6,3,0.8639181580433734,1.2,0.6279142181768325,0.6208247439998618,1.2642144459188238,0.9684902922896736,0.9733448700819032,-7.011894552972169
public_input,low g,0.6,3,0.8721378299336601,1.2,0.628003012091928,0.6207711305749681,1.2639924762562926,0.9715717492938162,0.9764417729535563,-6.891312166085489
public_input,low g,0.6,3,0.8805072742470966,1.2,0.6280926949481298,0.6207169752894499,1.2637682716708634,0.974693554404351,0.9795792261773266,-6.769540970404666
public_input,low g,0.6,3,0.88902929543607,1.2,0.6281832396828055,0.620662301025606,1.2635419160647996,0.9778561642994106,0.9827576887204554,-6.64657692579221
public_input,low g,0.6,3,0.8977067623677852,1.2,0.6282746954630416,0.620607073459988,1.2633132750115683,0.9810599808058391,0.985977564423952,-6.522415953763361
public_input,low g,0.6,3,0.9065426098850453,1.2,0.6283670043387559,0.6205513171441358,1.2630824674472771,0.9843054853915415,0.9892393371690895,-6.397053937446055
public_input,low g,0.6,3,0.9155398404091444,1.2,0.628460229938171,0.620495018967659,1.262849397177494,0.9875931056052597,0.9925434366477067,-6.270486721446213
public_input,low g,0.6,3,0.9247015255860773,1.2,0.6285543690494353,0.6204381805997985,1.262614071560464,0.9909233062199444,0.9958903299624385,-6.142710111791985
public_input,low g,0.6,3,0.9340308079772923,1.2,0.6286494145987485,0.6203807845600335,1.2623764542483746,0.9942965472012234,0.9992804793845,-6.013719875831297
public_input,low g,0.6,3,0.9435309027962627,1.2,0.6287453446504441,0.6203228597700344,1.2621366390183213,0.99771333406704,1.0027143929657536,-5.883511742161171
public_input,low g,0.6,3,0.9532050996921831,1.2,0.6288421802482356,0.6202643789773719,1.261894537131556,1.0011741276423893,1.0061925338410895,-5.752081400508432
public_input,low g,0.6,3,0.9630567645821445,1.2,0.628939937689726,0.620205344882935,1.261650138999484,1.0046794197510867,1.0097153962996,-5.619424501667824
public_input,low g,0.6,3,0.9730893415331738,1.2,0.6290386166772182,0.6201457591559649,1.2614034490661985,1.0082297146401398,1.0132834871158412,-5.485536657407393
public_input,low g,0.6,3,0.9833063546955787,1.2,0.6291381995750851,0.6200856201272205,1.26115448082093,1.0118255277207076,1.0168973242844823,-5.350413440379839
public_input,low g,0.6,3,0.9937114102890687,1.2,0.6292387232339731,0.620024920725682,1.2609031798486208,1.015467363106079,1.0205574144456895,-5.214050384026657
public_input,low g,0.6,3,1.0043081986431819,1.2,0.6293401748086862,0.6199636626205913,1.2606495631408623,1.019155754587699,1.0242642940665485,-5.076442982503969
public_input,low g,0.6,3,1.0151004962935855,1.2,0.6294425588515518,0.6199018441427067,1.2603936219989311,1.022891237352111,1.0280185010162373,-4.937586690584753
public_input,low g,0.6,3,1.0260921681358672,1.2,0.6295458613288638,0.6198394555201198,1.2601353461831135,1.0266743551946758,1.0318205818159012,-4.797476923573145
public_input,low g,0.6,3,1.037287169638491,1.2,0.6296500960986524,0.6197765065247391,1.2598747461087991,1.0305056672857844,1.0356710984387854,-4.656109057218662
public_input,low g,0.6,3,1.0486895491166357,1.2,0.6297552765653718,0.6197129971565648,1.259611808371535,1.0343857351337897,1.0395706152078148,-4.513478427624212
public_input,low g,0.6,3,1.0603034500686892,1.2,0.6298614272480276,0.6196489018324083,1.2593464449036742,1.038315107389031,1.04351968352345,-4.369580331152853
public_input,low g,0.6,3,1.0721331135772334,1.2,0.629968477421075,0.6195842505055883,1.2590788008348062,1.0422944122841402,1.047518934767352,-4.224410024371257
public_input,low g,0.6,3,1.0841828807763967,1.2,0.6300765067002492,0.6195190132227861,1.2588087221451514,1.046324198237844,1.0515689201072074,-4.077962723909033
public_input,low g,0.6,3,1.0964571953875313,1.2,0.6301854891086949,0.6194531943541322,1.2585362456669689,1.0504050809706955,1.0556702583498823,-3.9302336064204244
public_input,low g,0.6,3,1.1089606063252093,1.2,0.6302954362012876,0.6193868107425542,1.2582614016832168,1.0545376846413035,1.0598235767825925,-3.781217808477524
public_input,low g,0.6,3,1.1216977703756155,1.2,0.6304063612648312,0.6193198297338443,1.2579840957940376,1.0587226059834027,1.064029475130214,-3.630910426471754
public_input,low g,0.6,3,1.1346734549494641,1.2,0.6305182264089875,0.6192522758795433,1.2577044268757978,1.0629605111282243,1.0682886228629742,-3.4793065165589607
public_input,low g,0.6,3,1.147892540911644,1.2,0.6306310856144663,0.6191841256597583,1.2574222825243728,1.0672520126061065,1.0726016355815324,-3.32640109453287
public_input,low g,0.6,3,1.1613600254898573,1.2,0.630744902880747,0.6191153998934928,1.2571377504546888,1.0715977951623026,1.0769692014634418,-3.1721891357801573
public_input,low g,0.6,3,1.1750810252645967,1.2,0.6308597109771861,0.6190460636197049,1.2568507110541605,1.075998491073044,1.0813919559542315,-3.0166655751540916
public_input,low g,0.6,3,1.189060779242872,1.2,0.6309754846742335,0.6189761457600651,1.256561261393768,1.0804548107589134,1.085870613035483,-2.859825306931601
public_input,low g,0.6,3,1.2033046520181812,1.2,0.63109225551423,0.6189056348734239,1.2562693415113544,1.0849674278377104,1.0904058497015177,-2.7016631846910912
public_input,low g,0.6,3,1.217818137019287,1.2,0.6312100633105644,0.6188345151485011,1.2559748723183122,1.089537021560635,1.0949983486082975,-2.5421740212415407
public_input,low g,0.6,3,1.2326068598504607,1.2,0.631328806728265,0.6187627936563163,1.2556779727140244,1.0941643449802767,1.0996488665831032,-2.3813525885602527
public_input,low g,0.6,3,1.247676581725918,1.2,0.6314485742569551,0.6186904764362408,1.2553785692106665,1.0988501034620384,1.104358112526997,-2.2191936176701477
public_input,low g,0.6,3,1.2630332030012734,1.2,0.6315693467314891,0.618617553078773,1.2550766551161825,1.1035950356685995,1.1091268288052196,-2.055691798582478
public_input,low g,0.6,3,1.2786827668049243,1.2,0.6316911111631132,0.6185440111111155,1.2547722124368972,1.1083998894186637,1.113955766984933,-1.8908417802063333
public_input,low g,0.6,3,1.294631462772364,1.2,0.6318139054871157,0.6184698603051764,1.2544652275109422,1.1132654268308493,1.1188456930048891,-1.7246381702680766
public_input,low g,0.6,3,1.31088563088653,1.2,0.6319377075357275,0.6183950979600669,1.2541557157970784,1.1181924325051822,1.123797395397939,-1.5570755352322516
public_input,low g,0.6,3,1.3274517654273796,1.2,0.6320625396888189,0.6183197224065458,1.2538436507690407,1.1231816911551222,1.1288116628109346,-1.388148400213411
public_input,low g,0.6,3,1.3443365190339982,1.2,0.6321883985371055,0.6182437141007958,1.2535289872892712,1.128233995127872,1.1338892915627359,-1.2178512488981141
public_input,low g,0.6,3,1.3615467068826452,1.2,0.6323152975925259,0.6181670882165041,1.2532117495372699,1.1333501729420161,1.139031114324894,-1.0461785234739054
public_input,low g,0.6,3,1.3790893109842512,1.2,0.632443197642375,0.6180898507930417,1.2528919917275403,1.1385310772427417,1.1442379880164972,-0.8731246245460884
public_input,low g,0.6,3,1.3969714846049992,1.2,0.63257215823658,0.6180119789481096,1.252569597470524,1.1437775199653237,1.1495107286426638,-0.6986839110397911
public_input,low g,0.6,3,1.4152005568137338,1.2,0.6327021689767207,0.6179334683115774,1.252244566309237,1.1490903651534807,1.1548502045781495,-0.5228507001504203
public_input,low g,0.6,3,1.4337840371600625,1.2,0.6328332159714485,0.6178543276237058,1.2519169338458367,1.1544705037725098,1.160257311254233,-0.3456192672587912
public_input,low g,0.6,3,1.4527296204871472,1.2,0.6329653328975597,0.6177745525143642,1.2515866555481208,1.1599188159669553,1.1657329332272017,-0.16698384584355797
public_input,low g,0.6,3,1.4720451918832933,1.2,0.6330984961261357,0.6176941359125336,1.2512537374805976,1.165436214058988,1.17127798739226,0.013061372581230302
public_input,low g,0.6,3,1.4917388317766058,1.2,0.633232721551048,0.6176130875901222,1.2509181880228153,1.1710236271524581,1.1768934075104114,0.19452223854542705
public_input,low g,0.6,3,1.5118188211770927,1.2,0.6333680235602137,0.6175313846648309,1.250579935947226,1.1766819741489323,1.1825801170892352,0.3774046447045194
public_input,low g,0.6,3,1.5322936470707536,1.2,0.6335043897863271,0.6174490375461614,1.2502390194783377,1.182412226801558,1.1883390927528117,0.5617145258937475
public_input,low g,0.6,3,1.5531720079703377,1.2,0.6336418367969143,0.6173660331237227,1.2498953894824125,1.1882153446345696,1.1941712988350106,0.7474578592193293
public_input,low g,0.6,3,1.5744628196276003,1.2,0.6337803779069198,0.617282387208795,1.2495490719197266,1.1940923294961352,1.2000777422057853,0.9346406641132585
public_input,low g,0.6,3,1.5961752209120554,1.2,0.6339199707142231,0.6171980839900981,1.2492000699171804,1.2000441932291301,1.2060594397798943,1.123269002412962
public_input,low g,0.6,3,1.618318579861377,1.2,0.6340606842166725,0.6171131093255935,1.2488482793481013,1.2060719291210253,1.2121173898236826,1.313348978437988
public_input,low g,0.6,3,1.6409024999087747,1.2,0.6342024814095268,0.6170274860975804,1.2484937940568626,1.2121766158113612,1.2182526763833939,1.5048867390285654
public_input,low g,0.6,3,1.6639368262928396,1.2,0.6343453875166383,0.6169411897545183,1.2481365278335848,1.2183592893136723,1.2244663406656022,1.6978884736485895
public_input,low g,0.6,3,1.6874316526555453,1.2,0.6344893873629907,0.6168542317375567,1.2477765242730998,1.2246210488957279,1.230759487448179,1.8923604144214314
public_input,low g,0.6,3,1.7113973278342638,1.2,0.634634510662428,0.6167665995738983,1.247413722679135,1.2309629773513104,1.2371332049524344,2.088308836216833
public_input,low g,0.6,3,1.7358444628538618,1.2,0.6347807377981791,0.6166782915943018,1.2470481385220662,1.237386203365177,1.2435886275206802,2.2857400566967856
public_input,low g,0.6,3,1.7607839381251333,1.2,0.6349281063236059,0.6165893007277478,1.2466797166841195,1.2438918512113248,1.2501268850623606,2.484660436391559
public_input,low g,0.6,3,1.7862269108560356,1.2,0.635076598352307,0.6164996367461448,1.2463084993251163,1.250481099516565,1.2567491621121785,2.6850763787443785
public_input,low g,0.6,3,1.8121848226824113,1.2,0.6352262034164675,0.6164092915468256,1.245934476785847,1.2571551298715946,1.263456646183579,2.8869943301851784
public_input,low g,0.6,3,1.8386694075250942,1.2,0.6353769595217116,0.6163182617913078,1.2455576027678965,1.2639151322201936,1.27025053318496,3.090420780187274
public_input,low g,0.6,3,1.8656926996805347,1.2,0.6355288539370574,0.6162265393769242,1.245177869875222,1.270762331863961,1.27713205455977,3.2953622613167246
public_input,low g,0.6,3,1.8932670421523103,1.2,0.6356819061763228,0.6161341138941727,1.2447952327368017,1.277697962737803,1.2841024504280405,3.5018253492952978
public_input,low g,0.6,3,1.921405095231136,1.2,0.6358360972047956,0.6160410011543336,1.2444097496625686,1.2847233184036497,1.2911630208357072,3.7098166630404315
public_input,low g,0.6,3,1.9501198453312445,1.2,0.6359914619558809,0.6159471886846093,1.2440213547366885,1.2918396711617246,1.2983150444604246,3.9193428647399307
public_input,low g,0.6,3,1.979424614091259,1.2,0.6361479678645434,0.6158526731465173,1.2436300722314053,1.2990483491853284,1.3055598561329904,4.130410659882024
public_input,low g,0.6,3,2.009333067747975,1.2,0.6363056653961863,0.6157574491382796,1.2432358382633,1.306350672822413,1.3128987828196281,4.343026797321944
public_input,low g,0.6,3,2.0398592267917226,1.2,0.6364645158146134,0.6156615106205243,1.2428386765667687,1.3137480186385382,1.3203332079859609,4.557198069312873
public_input,low g,0.6,3,2.071017475912293,1.2,0.6366245832045379,0.6155648680027539,1.2424385489143024,1.3212417656871325,1.327864517597951,4.772931311566571
public_input,low g,0.6,3,2.1028225742447084,1.2,0.6367858094040004,0.6154675081745768,1.2420354809016483,1.3288333419466696,1.335494146791845,4.9902334032855995
public_input,low g,0.6,3,2.135289665924415,1.2,0.6369482194492972,0.6153694257342153,1.2416294340744933,1.3365241779448058,1.3432235332658482,5.209111267218482
public_input,low g,0.6,3,2.168434290961828,1.2,0.6371118414005781,0.6152706244142061,1.2412203896443095,1.3443157379501485,1.3510541486282446,5.4295718696928885
public_input,low g,0.6,3,2.2022723964464688,1.2,0.6372766713977014,0.6151710890408628,1.2408083137798016,1.3522095076852927,1.3589874860488456,5.6516222206580276
public_input,low g,0.6,3,2.23682034809129,1.2,0.6374426970742486,0.6150708337562241,1.2403932539762117,1.360207031058448,1.3670250971747324,5.875269373713121
public_input,low g,0.6,3,2.2720949421281498,1.2,0.637609925348267,0.614969845449899,1.2399751707492819,1.368309847769491,1.3751685294235596,6.100520426158972
public_input,low g,0.6,3,2.308113417565749,1.2,0.6377784028292506,0.6148681160192205,1.2395539973624927,1.3765195158109282,1.3834193485973032,6.327382519026062
public_input,low g,0.6,3,2.344893468821764,1.2,0.6379480979821841,0.614765642125706,1.239129757058069,1.3848376566471512,1.3917791842879792,6.5558628370950816
public_input,low g,0.6,3,2.382453258741261,1.2,0.6381190154699348,0.614662427107838,1.2387024534659345,1.3932659145637447,1.4002496890231881,6.7859686089374165
public_input,low g,0.6,3,2.4208114320139376,1.2,0.6382911804832379,0.6145584676271338,1.2382720531025622,1.4018059503480773,1.4088325319150294,7.017707106944237
public_input,low g,0.6,3,2.4599871290031343,1.2,0.6384671355818976,0.6144522100870999,1.2378321542744581,1.4104569817371755,1.417526926779421,7.251085647344767
public_input,low g,0.6,3,2.5,1.2,0.6386417759761087,0.6143467481762785,1.2373955464937667,1.4192257018822556,1.4263396003171387,7.486111590243312
public_input,baseline g,1.0,1,0.5,1.2,0.8543677014337265,0.40668907760877837,0.3740807062012348,0.545823765055001,0.5485597180628959,-8.95370782041046
public_input,baseline g,1.0,1,0.5000203210855501,1.2,0.8543662459421739,0.40669008831299974,0.3740843448139055,0.5458331171752842,0.5485691170608771,-8.953659522437695
public_input,baseline g,1.0,1,0.5000812892976928,1.2,0.8543619081602483,0.40669311939401603,0.37409522973082643,0.5458611599548496,0.5485973004054602,-8.95351462219453
public_input,baseline g,1.0,1,0.5001829195049198,1.2,0.8543546451092965,0.4066981479695279,0.37411335450488375,0.5459078935220306,0.5486442682256216,-8.953273100703424
public_input,baseline g,1.0,1,0.5003252364947652,1.2,0.8543444810717938,0.4067051979534825,0.37413874650772827,0.5459733361415405,0.5487100388776267,-8.952934926329448
public_input,baseline g,1.0,1,0.5005082749838822,1.2,0.854331425219279,0.40671426831423196,0.3741713943394621,0.5460574898415818,0.5487946143998448,-8.952500054773969
public_input,baseline g,1.0,1,0.500732079632158,1.2,0.854315459740049,0.40672534594138554,0.374211287493344,0.5461603591971119,0.5488979993901655,-8.95196842906341
public_input,baseline g,1.0,1,0.5009967050608752,1.2,0.8542965882408388,0.40673845101635336,0.37425846595448464,0.5462819748243433,0.5490202246182652,-8.95133997953479
public_input,baseline g,1.0,1,0.5013022158749305,1.2,0.8542748425404151,0.40675357646811605,0.3743128826307157,0.5464223282270576,0.5491612815453384,-8.950614623821421
public_input,baseline g,1.0,1,0.5016486866891229,1.2,0.8542501691439945,0.40677070751704153,0.3743745590928154,0.5465814455627156,0.5493211964599604,-8.949792266830597
public_input,baseline g,1.0,1,0.502036202158526,1.2,0.8542225664640147,0.4067898606120032,0.3744435324579122,0.5467593624951432,0.549500005204723,-8.94887280072176
public_input,baseline g,1.0,1,0.502464857012963,1.2,0.8543434154324149,0.4067059407470772,0.37414141658127187,0.5467767481561995,0.549517478011768,-8.947856773035957
public_input,baseline g,1.0,1,0.5029347560956027,1.2,0.8543743639741145,0.40668445963946703,0.3740640688471343,0.5469159904591526,0.5496574182696692,-8.946744861706186
public_input,baseline g,1.0,1,0.5034460144056994,1.2,0.8544571555586938,0.40662695252668785,0.37385706189895196,0.5470090682576298,0.5497509626225529,-8.945536426175934
public_input,baseline g,1.0,1,0.5039987571454999,1.2,0.8544189151755837,0.40665350630516733,0.373952658443578,0.5472611264092528,0.5500042842209186,-8.944231315231558
public_input,baseline g,1.0,1,0.5045931197713469,1.2,0.8543734141953906,0.40668511424234705,0.37406643256807903,0.5475372669760535,0.5502818089480704,-8.942828679055738
public_input,baseline g,1.0,1,0.5052292480490046,1.2,0.8543309182874793,0.4067146233839255,0.37417266822179995,0.547825313457812,0.5505712992688273,-8.941328326460411
public_input,baseline g,1.0,1,0.5059072981132409,1.2,0.8542829806695906,0.4067479020299848,0.3742924877151765,0.5481353261398735,0.5508828658959243,-8.939730060243578
public_input,baseline g,1.0,1,0.5066274365316988,1.2,0.8542311410937135,0.40678391389311497,0.37442211291541494,0.5484655475165489,0.5512147425141385,-8.938033669924971
public_input,baseline g,1.0,1,0.507389840373095,1.2,0.8541988433114127,0.4068063387272899,0.3745028483395336,0.5487881281347587,0.5515389400744259,-8.936239265683477
public_input,baseline g,1.0,1,0.5081946972797818,1.2,0.8542047849527288,0.4068022114522266,0.37448799178408093,0.5490808831484102,0.5518331625286901,-8.93434642630777
public_input,baseline g,1.0,1,0.5090422055447187,1.2,0.8542594905548814,0.40676421790588074,0.3743512201218212,0.5493312635027302,0.5520847979197588,-8.932357599201747
public_input,baseline g,1.0,1,0.5099325741928927,1.2,0.8541962555969264,0.40680815380098456,0.3745093566132004,0.5497375704948889,0.5524931415341912,-8.930270227380818
public_input,baseline g,1.0,1,0.5108660230672385,1.2,0.8542975953571041,0.40673775668824624,0.3742559590895078,0.5499637100026447,0.5527204145709466,-8.928084477705992
public_input,baseline g,1.0,1,0.5118427829191048,1.2,0.8542777999085462,0.40675152613800253,0.3743054965495394,0.5503497718762727,0.5531084115877692,-8.925803061282096
public_input,baseline g,1.0,1,0.5128630955033207,1.2,0.8542089971833091,0.4067993001844849,0.37447749121517826,0.5508099977652137,0.5535709443685783,-8.923422142136289
public_input,baseline g,1.0,1,0.5139272136779165,1.2,0.8541707061691357,0.40682588224704186,0.37457319948447476,0.5512497470559548,0.5540128979118123,-8.920941370904664
public_input,baseline g,1.0,1,0.5150354015085564,1.2,0.8543017685106649,0.40673487267293423,0.37424555646287333,0.5515034130483882,0.5542678354103241,-8.918365031114085
public_input,baseline g,1.0,1,0.5161879343777439,1.2,0.8542209936653632,0.4067909541051612,0.3744474672017851,0.5520256579586966,0.5547926980841392,-8.915689595112404
public_input,baseline g,1.0,1,0.5173850990988615,1.2,0.8541749232738853,0.4068229524671311,0.37456265405511785,0.552522538695748,0.5552920694462496,-8.912913538448219
public_input,baseline g,1.0,1,0.5186271940351138,1.2,0.8540886425140715,0.406882879121756,0.37477837638892164,0.5530835439421893,0.5558558867431911,-8.910037353933848
public_input,baseline g,1.0,1,0.5199145292234401,1.2,0.8541600953911559,0.40683325464648223,0.37459973464524565,0.5534721646653735,0.5562464554358566,-8.907061694385947
public_input,baseline g,1.0,1,0.5212474265034702,1.2,0.8541650174069119,0.4068298314714345,0.37458741857138655,0.5539563923250668,0.5567331102967947,-8.903989559503152
public_input,baseline g,1.0,1,0.5226262196515982,1.2,0.854072760410066,0.406893910984311,0.3748180873160458,0.5545731661080159,0.5573529756711963,-8.900815742869161
public_input,baseline g,1.0,1,0.5240512545202515,1.2,0.8539749766929591,0.4069618101363972,0.37506253320165894,0.5552129155864763,0.5579959319072625,-8.897539539863397
public_input,baseline g,1.0,1,0.5255228891824385,1.2,0.8539776713245437,0.40695992975428713,0.37505577694471653,0.5557487129596015,0.5585344149758967,-8.89416082636712
public_input,baseline g,1.0,1,0.5270414940816569,1.2,0.8539829351714454,0.40695628983498944,0.37504265087213184,0.5562978262315803,0.5590862806896056,-8.890685203909692
public_input,baseline g,1.0,1,0.5286074521872524,1.2,0.8540180512402764,0.4069318903886181,0.3749548319991387,0.5568275032309641,0.5596186127059974,-8.887108870710625
public_input,baseline g,1.0,1,0.5302211591553182,1.2,0.853907985680997,0.4070083251118484,0.3752299965605956,0.5575480584438602,0.5603427797169286,-8.883430883412542
public_input,baseline g,1.0,1,0.5318830234952302,1.2,0.8539687684903919,0.40696610569022273,0.37507801980048916,0.5580799867316848,0.5608773743063916,-8.879649401932628
public_input,baseline g,1.0,1,0.5335934667419154,1.2,0.8539563623965478,0.4069747257195446,0.37510904515766863,0.5587165300867614,0.5615171083483134,-8.87577205515743
public_input,baseline g,1.0,1,0.5353529236339561,1.2,0.85384027969328,0.4070553590656252,0.37539929588847043,0.5594947001676809,0.5622991790229958,-8.87178989501484
public_input,baseline g,1.0,1,0.537161842297634,1.2,0.8538816222482137,0.40702665262427873,0.3752959474202285,0.56010015749157,0.5629076712143504,-8.867704328381311
public_input,baseline g,1.0,1,0.5390206844370244,1.2,0.8538852006467873,0.4070241546636266,0.3752869734266463,0.5607679468316943,0.5635788078624717,-8.863519023290383
public_input,baseline g,1.0,1,0.5409299255302531,1.2,0.8537914068192088,0.4070892765032844,0.37552143042788566,0.5615702725935944,0.5643851552989892,-8.859230911930435
public_input,baseline g,1.0,1,0.5428900550320312,1.2,0.8536862951883831,0.4071622766103173,0.37578422228990227,0.5624035273177778,0.5652225867298589,-8.854836674469794
public_input,baseline g,1.0,1,0.5449015765825912,1.2,0.8537629497414505,0.4071090438383056,0.3755925849492896,0.5630343202176176,0.565856541492267,-8.850338081523741
public_input,baseline g,1.0,1,0.5469650082231464,1.2,0.8538843383115752,0.40702474061960875,0.37528910142677974,0.5636279222104899,0.5664531189275108,-8.845743060892797
public_input,baseline g,1.0,1,0.5490808826180046,1.2,0.8537736457603329,0.40710161590235816,0.3755658445887609,0.5645199313036117,0.5673495992348188,-8.841045821517469
public_input,baseline g,1.0,1,0.5512497472834679,1.2,0.8536804837802312,0.4071663271358155,0.3757987828331304,0.565408323772399,0.5682424447893871,-8.836241235783664
public_input,baseline g,1.0,1,0.5534721648236569,1.2,0.8538157202217148,0.40707240462472494,0.3754606737676912,0.5660369774775748,0.5688742496343735,-8.831339069365168
public_input,baseline g,1.0,1,0.5557487131734017,1.2,0.8537970358770437,0.40708536430322984,0.37550735101793276,0.566870053258554,0.5697115012250824,-8.82633058023408
public_input,baseline g,1.0,1,0.5580799858483445,1.2,0.8537769259520556,0.40709933635519724,0.3755576405751706,0.567722629240746,0.5705683507621693,-8.821221529155359
public_input,baseline g,1.0,1,0.5604665922024078,1.2,0.8538381921562718,0.407056796187327,0.37540448760835454,0.5684938256448994,0.5713434128043852,-8.816009804261393
public_input,baseline g,1.0,1,0.5629091576927818,1.2,0.8537547054231446,0.4071147738129439,0.37561320601281445,0.5694594488764705,0.5723138762425467,-8.810693004969686
public_input,baseline g,1.0,1,0.5654083241525933,1.2,0.8536931652529767,0.4071575078427649,0.3757670516873956,0.5704164729919935,0.5732756974614118,-8.805267809996703
public_input,baseline g,1.0,1,0.5679647500714233,1.2,0.8539859924272419,0.4069541469440308,0.3750349649718645,0.5709580505105536,0.5738199896485808,-8.799746611410248
public_input,baseline g,1.0,1,0.5705791108838415,1.2,0.8538670382232687,0.4070367663434573,0.37533237707859923,0.5720216886617328,0.5748889593081794,-8.794122495982423
public_input,baseline g,1.0,1,0.5732520992661372,1.2,0.8537518551100837,0.4071167369839906,0.37562029677533604,0.5730993105856695,0.5759719828344886,-8.788387457046944
public_input,baseline g,1.0,1,0.5759844254414287,1.2,0.8538237344561848,0.4070668244166799,0.37544060628384407,0.573965928427867,0.576842944616697,-8.782547960968564
public_input,baseline g,1.0,1,0.578776817493336,1.2,0.8538222665293959,0.40706784823129216,0.3754442856501953,0.5749411107606137,0.5778230150712285,-8.776604653168828
public_input,baseline g,1.0,1,0.5816300216884137,1.2,0.8537806542557647,0.4070967370934396,0.3755482978660649,0.5759844255489316,0.5788715594966858,-8.770549093523995
public_input,baseline g,1.0,1,0.5845448028075416,1.2,0.853771677391027,0.4071030001884421,0.375570803016008,0.5770064610766145,0.5798987179987702,-8.76439175147249
public_input,baseline g,1.0,1,0.5875219444864789,1.2,0.8537965514580222,0.4070857079317737,0.3755085776746089,0.5780055851204975,0.5809028501727643,-8.758122350178791
public_input,baseline g,1.0,1,0.5905622495657936,1.2,0.8538231799215373,0.4070672165107114,0.3754420077415995,0.5790215246485062,0.581923882118849,-8.751749840608928
public_input,baseline g,1.0,1,0.5936665404503856,1.2,0.8536695376383145,0.4071739048383562,0.37582609681253487,0.5802798974695793,0.5831885625599368,-8.74526780120831
public_input,baseline g,1.0,1,0.5968356594788269,1.2,0.8535946478117243,0.40722592867406554,0.3760133581242574,0.5814604336155516,0.5843750161679659,-8.738671657551738
public_input,baseline g,1.0,1,0.600070469302753,1.2,0.8539366118837698,0.4069884494047023,0.37515843883038713,0.5821426819757055,0.5850606843122566,-8.731977915819872
public_input,baseline g,1.0,1,0.6033718532765401,1.2,0.8537671484442221,0.40710612112941436,0.3755820731953131,0.5834798463251532,0.5864045512258981,-8.725178438252449
public_input,baseline g,1.0,1,0.6067407158575169,1.2,0.8538323531111931,0.40706084941371423,0.37541908162242965,0.58454480331735,0.5874748463372328,-8.718264811916047
public_input,baseline g,1.0,1,0.6101779830169621,1.2,0.8539959996871216,0.40694721947423984,0.37500999437723653,0.5855063694548651,0.5884412323450697,-8.71125258606581
public_input,baseline g,1.0,1,0.6136846026621482,1.2,0.8538290435256024,0.4070631605834351,0.3754273833346175,0.586900978298115,0.5898428316942373,-8.704130783059195
public_input,baseline g,1.0,1,0.6172615450697004,1.2,0.8539262081900405,0.4069956676674192,0.375184433971585,0.5879853983008503,0.5909326873748566,-8.696896651003641
public_input,baseline g,1.0,1,0.6209098033305457,1.2,0.8537678669221546,0.4071056206632578,0.3755802737104824,0.5894104728710665,0.5923649051610822,-8.689553231221556
public_input,baseline g,1.0,1,0.6246303938067362,1.2,0.8538437353545877,0.40705293245276003,0.375390598743374,0.5905622500471339,0.59352245564427,-8.682096983101262
public_input,baseline g,1.0,1,0.6284243566004422,1.2,0.8537500146241841,0.4071180199689689,0.3756249085087888,0.5919479076789439,0.5949150589138634,-8.674530159778767
public_input,baseline g,1.0,1,0.6322927560354111,1.2,0.853616831272054,0.4072105211696375,0.37595789445436306,0.5934045026701343,0.5963789551178311,-8.666840504634697
public_input,baseline g,1.0,1,0.6362366811512086,1.2,0.8537640128531916,0.4071082966745806,0.3755899079639026,0.5945284928827999,0.5975085793548832,-8.659048557058608
public_input,baseline g,1.0,1,0.6402572462105554,1.2,0.8536904397487495,0.4071594111071742,0.3757738882427469,0.5959523661624274,0.5989395898290261,-8.651141260971833
public_input,baseline g,1.0,1,0.6443555912200942,1.2,0.8537631700817716,0.40710889407171236,0.3755920411131272,0.5972123599390864,0.6002058993507733,-8.64311671217202
public_input,baseline g,1.0,1,0.6485328824649206,1.2,0.8537841111384411,0.4070943518750427,0.37553968891165124,0.5985592956537151,0.6015595866087678,-8.634991815563861
public_input,baseline g,1.0,1,0.652790313057229,1.2,0.8536929430214879,0.4071576559401168,0.37576759380916447,0.6000704685082356,0.6030783342487438,-8.626744276420784
public_input,baseline g,1.0,1,0.6571291034994325,1.2,0.8539477093203444,0.4069807448178676,0.37513069948624966,0.601162766272644,0.6041761071784809,-8.618400382784872
public_input,baseline g,1.0,1,0.6615505022621248,1.2,0.8538511956142234,0.4070477514097658,0.3753719474308707,0.6027247491134763,0.6057459194908849,-8.609941870549516
public_input,baseline g,1.0,1,0.6660557863772645,1.2,0.8538850650296744,0.4070242586656213,0.37528733368806766,0.6041424941900136,0.6071707710441916,-8.601367717961283
public_input,baseline g,1.0,1,0.6706462620469753,1.2,0.8536967560868878,0.4071550071812237,0.3757580594245556,0.6058674269517204,0.6089043500673474,-8.592670716251401
public_input,baseline g,1.0,1,0.6753232652683625,1.2,0.8538925140063416,0.40701907055160774,0.37526867838513134,0.6071223190464166,0.6101655323348447,-8.583859217156585
public_input,baseline g,1.0,1,0.6800881624747613,1.2,0.8536699485686944,0.40717363255759925,0.37582509775572015,0.6089377352743655,0.6119900483745047,-8.574931856263683
public_input,baseline g,1.0,1,0.6849423511938463,1.2,0.853844000121237,0.4070527544020893,0.375389949387276,0.6102655176152765,0.6133244862520962,-8.56587782504418
public_input,baseline g,1.0,1,0.6898872607230374,1.2,0.8537602204578076,0.4071109656148839,0.3755994652703416,0.6119490233165243,0.6150164305607886,-8.556719419849621
public_input,baseline g,1.0,1,0.6949243528226603,1.2,0.8536545917242495,0.40718429250753296,0.3758634800920218,0.6136846026511814,0.6167607095230638,-8.54743079785759
public_input,baseline g,1.0,1,0.7000551224273222,1.2,0.8538937027620291,0.40701824933920666,0.37526571581065726,0.6149968151603602,0.6180794995248169,-8.538041342383341
public_input,baseline g,1.0,1,0.7052810983759861,1.2,0.853703993185941,0.4071500041889002,0.3757400158620835,0.6168896032529408,0.6199817752571939,-8.528528313349405
public_input,baseline g,1.0,1,0.7106038441612367,1.2,0.8538527549634292,0.40704667642877684,0.3753680661227287,0.618366060400643,0.621465633177147,-8.518902996463545
public_input,baseline g,1.0,1,0.7160249586982449,1.2,0.8538490825253319,0.40704924136708565,0.3753772788275732,0.6200652366296285,0.6231733265624241,-8.509162219736004
public_input,baseline g,1.0,1,0.7215460771139571,1.2,0.8538216523934844,0.407068300231961,0.37544587610755153,0.6218200761098008,0.6249369622120955,-8.499296811167408
public_input,baseline g,1.0,1,0.7271688715570458,1.2,0.853694565618649,0.40715652542262093,0.37576352929421236,0.623730597323276,0.6268570599530057,-8.489298944900337
public_input,baseline g,1.0,1,0.7328950520291776,1.2,0.8538729306189914,0.40703267609273197,0.3753176497413097,0.6252650113093363,0.628399165221178,-8.4791959330575
public_input,baseline g,1.0,1,0.7387263672381705,1.2,0.8537161836554914,0.40714151708324375,0.375709493244315,0.6272655254459099,0.6304097069765907,-8.468965558297134
public_input,baseline g,1.0,1,0.7446646054736273,1.2,0.8538861449204809,0.4070234946589685,0.37528460354289117,0.6288605937290532,0.6320127705727754,-8.458607933019307
public_input,baseline g,1.0,1,0.7507115955056528,1.2,0.8536495751816401,0.4071877782901071,0.37587602592499125,0.6310189839311017,0.6341819797507343,-8.448134982318528
public_input,baseline g,1.0,1,0.7568692075072764,1.2,0.8538765281480871,0.40703018250221024,0.3753086660566871,0.6325892647138905,0.6357601315987021,-8.437527181771491
public_input,baseline g,1.0,1,0.7631393540012239,1.2,0.8537941937944886,0.40708734598644547,0.3755144735362337,0.6345960823295292,0.6377770084295002,-8.4268156542093
public_input,baseline g,1.0,1,0.7695239908317001,1.2,0.8538787129415542,0.4070286669617021,0.37530320769572256,0.6364072438115992,0.6395972483962789,-8.415974680324279
public_input,baseline g,1.0,1,0.7760251181618615,1.2,0.8539020115967936,0.407012475269211,0.37524493498470235,0.638326503939261,0.6415261288553652,-8.405011621150695
public_input,baseline g,1.0,1,0.7826447814976824,1.2,0.8538877199664368,0.4070224011658105,0.3752806665517141,0.6403230973871646,0.6435327302695741,-8.393920013314538
public_input,baseline g,1.0,1,0.7893850727389358,1.2,0.853738684913264,0.40712588846443554,0.3756532341699168,0.6425282662246922,0.6457489525618982,-8.382712922366828
public_input,baseline g,1.0,1,0.7962481312580323,1.2,0.8538911887070878,0.4070200072071531,0.375272026860363,0.6443555917158338,0.6475854375601812,-8.371371493739884
public_input,baseline g,1.0,1,0.8032361450074849,1.2,0.8538288510440512,0.40706328309759876,0.37542784044676225,0.6465000848092732,0.6497406799699843,-8.359908933832285
public_input,baseline g,1.0,1,0.8103513516567865,1.2,0.8538700566045021,0.40703466921709736,0.37532482890442814,0.6485328822561051,0.6517836668564214,-8.348306905911969
public_input,baseline g,1.0,1,0.8175960397595149,1.2,0.8537576090444536,0.4071127621764096,0.37560595725659124,0.6508026150779379,0.6540647767613689,-8.336593419616694
public_input,baseline g,1.0,1,0.8249725499515008,1.2,0.853864755023612,0.4070383417906028,0.37533806324408997,0.6528027940903974,0.6560749817128508,-8.324728466643403
public_input,baseline g,1.0,1,0.8324832761809209,1.2,0.8538920036480009,0.4070194256213012,0.3752699556940097,0.6549404122805028,0.6582233147587236,-8.312772499191972
public_input,baseline g,1.0,1,0.8401306669712053,1.2,0.8539032791382006,0.4070116055913223,0.3752417889390556,0.6571291035956267,0.6604229769347193,-8.300666521105802
public_input,baseline g,1.0,1,0.8479172267176741,1.2,0.8539265240769844,0.40699545966342987,0.3751836687960242,0.6593309588579328,0.6626358690424572,-8.288446438470034
public_input,baseline g,1.0,1,0.8558455170188431,1.2,0.8539586138985116,0.4069731899976263,0.3751034764963612,0.6615505024759124,0.6648665381691201,-8.276089264253232
public_input,baseline g,1.0,1,0.8639181580433734,1.2,0.8539274660733399,0.40699480235966073,0.37518130702352714,0.6638874737479263,0.6672152235583828,-8.263602768280794
public_input,baseline g,1.0,1,0.8721378299336601,1.2,0.8539422920479944,0.4069845001803096,0.37514422834147454,0.6661917039689347,0.6695310037814389,-8.250970295946757
public_input,baseline g,1.0,1,0.8805072742470966,1.2,0.8537141994114541,0.40714289429830824,0.37571445227289185,0.668864173605051,0.6722168692273524,-8.238210077415426
public_input,baseline g,1.0,1,0.88902929543607,1.2,0.854099213212338,0.406875532305504,0.3747519365675507,0.670715903694584,0.6740778811525853,-8.225316400693767
public_input,baseline g,1.0,1,0.8977067623677852,1.2,0.8538375300990351,0.4070572481879958,0.37540612598703604,0.673499757793641,0.6768756893783832,-8.212298673942833
public_input,baseline g,1.0,1,0.9065426098850453,1.2,0.8541772723748374,0.40682133292462835,0.3745568067423598,0.6754749691876192,0.6788608015606755,-8.199155205360078
public_input,baseline g,1.0,1,0.9155398404091444,1.2,0.8539275533452135,0.40699474682315373,0.37518109979279873,0.6783084604695188,0.6817084957767304,-8.18588176318206
public_input,baseline g,1.0,1,0.9247015255860773,1.2,0.8540866455151892,0.40688425903770964,0.3747833540062635,0.680600416360374,0.6840119401442974,-8.17245580286518
public_input,baseline g,1.0,1,0.9340308079772923,1.2,0.8538370709494157,0.40705758037539,0.37540730266142674,0.6835020615947782,0.6869281299359657,-8.158904062517639
public_input,baseline g,1.0,1,0.9435309027962627,1.2,0.8541251913668413,0.4068574858140912,0.37468697799159584,0.6856768531745188,0.6891138227038647,-8.145198752602553
public_input,baseline g,1.0,1,0.9532050996921831,1.2,0.8537829335628148,0.40709516601642437,0.375542625032662,0.6887798217431653,0.6922323449671876,-8.131364410268331
public_input,baseline g,1.0,1,0.9630567645821445,1.2,0.8539267394839104,0.4069953142669669,0.37518313933273817,0.6912267305175459,0.6946915189228406,-8.11739171751835
public_input,baseline g,1.0,1,0.9730893415331738,1.2,0.8540377886242698,0.4069181922866489,0.3749055067148919,0.6937539062129604,0.6972313621391438,-8.10329536188303
public_input,baseline g,1.0,1,0.9833063546955787,1.2,0.8539603720346853,0.40697195984826595,0.3750990612375691,0.6965858874677825,0.7000775387590791,-8.089053617781206
public_input,baseline g,1.0,1,0.9937114102890687,1.2,0.8538564735321728,0.40704408590727975,0.3753587520275514,0.6994922162488545,0.7029984355737907,-8.074665394630987
public_input,baseline g,1.0,1,1.0043081986431819,1.2,0.854119707868172,0.4068612852718906,0.37470066831911175,0.7019050803975507,0.7054233942543631,-8.060145997458854
public_input,baseline g,1.0,1,1.0151004962935855,1.2,0.8538994284911312,0.4070142718307367,0.3752513986632602,0.7050529242469158,0.7085870167366852,-8.04547815774496
public_input,baseline g,1.0,1,1.0260921681358672,1.2,0.8539050797040105,0.40701033404749365,0.37523724183857576,0.7079110732400633,0.7114594922612802,-8.030670272890468
public_input,baseline g,1.0,1,1.037287169638491,1.2,0.8540496390131813,0.40690995020931975,0.37487585343894936,0.7106038435890405,0.7141657601778011,-8.015702238992077
public_input,baseline g,1.0,1,1.0486895491166357,1.2,0.8539310499066806,0.4069923043990087,0.3751723275951784,0.7137182405355859,0.7172957681040056,-8.000616475063552
public_input,baseline g,1.0,1,1.0603034500686892,1.2,0.8543888802422138,0.40667439438577613,0.3740278116310628,0.71602495922563,0.7196140492696002,-7.9853655730158755
public_input,baseline g,1.0,1,1.0721331135772334,1.2,0.8541112139743173,0.40686718622618023,0.374721908274232,0.7194506033919592,0.7230568645487702,-7.97000386923902
public_input,baseline g,1.0,1,1.0841828807763967,1.2,0.8542184824119211,0.40679270760297725,0.37445376601050995,0.7223485065959587,0.7259692935530282,-7.954470294360286
public_input,baseline g,1.0,1,1.0964571953875313,1.2,0.8539732597328733,0.40696300493066073,0.37506683091735393,0.7258082919337143,0.7294464211369583,-7.938802475112111
public_input,baseline g,1.0,1,1.1089606063252093,1.2,0.8542238830684206,0.40678895224053524,0.37444025377113554,0.7285721163632601,0.732224099294109,-7.922961517963268
public_input,baseline g,1.0,1,1.1216977703756155,1.2,0.8538202072865759,0.4070692994950327,0.3754494796226948,0.7323519426128206,0.7360228720015901,-7.906977029810841
public_input,baseline g,1.0,1,1.1346734549494641,1.2,0.8541823546113956,0.4068177943064363,0.3745440810905069,0.7350287201016066,0.7387130668933748,-7.890853148795349
public_input,baseline g,1.0,1,1.147892540911644,1.2,0.8540992099891803,0.4068755252344846,0.37475192451730643,0.7384135430476747,0.7421148563350655,-7.874590112521034
public_input,baseline g,1.0,1,1.1613600254898573,1.2,0.8541197084909686,0.4068612923429099,0.3747006829697168,0.7416849035121901,0.7454026145621478,-7.858186362442267
public_input,baseline g,1.0,1,1.1750810252645967,1.2,0.854246631499288,0.406773175524375,0.37438342763336196,0.7448374225818687,0.7485709356994228,-7.841614604085572
public_input,baseline g,1.0,1,1.189060779242872,1.2,0.8540434826901503,0.4069142272509763,0.3748912481719585,0.748534201799615,0.7522862451001109,-7.824874373830758
public_input,baseline g,1.0,1,1.2033046520181812,1.2,0.8541780203211201,0.40682080687528355,0.3745549225294925,0.7517613455820604,0.7555295650080819,-7.807989060622413
public_input,baseline g,1.0,1,1.217818137019287,1.2,0.8540252769278136,0.4069268776243862,0.3749367787408606,0.755471819261535,0.759258637514273,-7.79094792581653
public_input,baseline g,1.0,1,1.2326068598504607,1.2,0.8544338963202971,0.40664312570700994,0.3739152552068446,0.7583650099453775,0.7621663303767686,-7.7737737697004246
public_input,baseline g,1.0,1,1.247676581725918,1.2,0.8540422292774931,0.4069151127401449,0.37489441424121994,0.7625357165146976,0.7663579426997659,-7.756433763806209
public_input,baseline g,1.0,1,1.2630332030012734,1.2,0.8542077260992081,0.40680017963428206,0.3744806619108413,0.7658930792079307,0.7697321342435315,-7.738945452074091
public_input,baseline g,1.0,1,1.2786827668049243,1.2,0.8542263145157586,0.4067872956736944,0.3744342441394214,0.7695239908750836,0.7733812459311545,-7.721258174155194
public_input,baseline g,1.0,1,1.294631462772364,1.2,0.8541114300927939,0.4068670566409972,0.37472141225176014,0.7734106367437976,0.7772873736933585,-7.703452637015859
public_input,baseline g,1.0,1,1.31088563088653,1.2,0.8543671168409053,0.4066894811439596,0.3740821624300475,0.7767653253523642,0.7806588777485524,-7.685458208180598
public_input,baseline g,1.0,1,1.3274517654273796,1.2,0.8542874367708648,0.40674481541246144,0.374281364520052,0.7806939511559041,0.7846071958708812,-7.667341801391707
public_input,baseline g,1.0,1,1.3443365190339982,1.2,0.8543115741577214,0.40672805627615727,0.37422102739877827,0.7845086900913286,0.7884410562647928,-7.649038061329647
public_input,baseline g,1.0,1,1.3615467068826452,1.2,0.8541804850680998,0.4068191001737138,0.37454877130712205,0.7886196409585307,0.7925726133589687,-7.63058615341159
public_input,baseline g,1.0,1,1.3790893109842512,1.2,0.8544562149300122,0.40662761690147636,0.37385943757717677,0.7921342791588365,0.7961048687565668,-7.611951920930789
public_input,baseline g,1.0,1,1.3969714846049992,1.2,0.854387607436308,0.40667527113468416,0.37403097821460973,0.7962481325129733,0.8002393428864539,-7.593152962809585
public_input,baseline g,1.0,1,1.4152005568137338,1.2,0.8543438856209443,0.4067056358121126,0.37414028773321906,0.8003749154780987,0.804386811437274,-7.574205042489314
public_input,baseline g,1.0,1,1.4337840371600625,1.2,0.8546047830071769,0.4065244432780766,0.3734880144734686,0.8040630836190481,0.8080934665979628,-7.555082192167672
public_input,baseline g,1.0,1,1.4527296204871472,1.2,0.8543371420677417,0.40671028913652074,0.3741570824671432,0.8086584752092181,0.8127118926843359,-7.5358051605026315
public_input,baseline g,1.0,1,1.4720451918832933,1.2,0.8543610680297836,0.4066937097201284,0.3740973449656938,0.8128369945221616,0.8169113569124968,-7.5163589993121835
public_input,baseline g,1.0,1,1.4917388317766058,1.2,0.8542617166920606,0.4067626979952423,0.3743457109776628,0.8172716443651943,0.8213682355303717,-7.496709680202125
public_input,baseline g,1.0,1,1.5118188211770927,1.2,0.8541943480352275,0.4068094667392814,0.37451410012162023,0.8217109156172198,0.8258297587221487,-7.476914821072679
public_input,baseline g,1.0,1,1.5322936470707536,1.2,0.8547142820728673,0.4064484077198972,0.3732142786021106,0.8252392337182883,0.8293757625912975,-7.4569331172415145
public_input,baseline g,1.0,1,1.5531720079703377,1.2,0.8544725237597997,0.4066162969468845,0.37381867764547105,0.8300793650528657,0.8342401551851516,-7.4368165356625315
public_input,baseline g,1.0,1,1.5744628196276003,1.2,0.8544954722740321,0.4066003432117014,0.37376126906324303,0.8345405292946779,0.8387236811057832,-7.416514191451887
public_input,baseline g,1.0,1,1.5961752209120554,1.2,0.8541161234329409,0.4068637946736923,0.3747096730622346,0.839732188217902,0.8439413633276548,-7.396006655442778
public_input,baseline g,1.0,1,1.618318579861377,1.2,0.8545019689199966,0.40659584235477564,0.3737450505663187,0.8437058376322853,0.8479349307426156,-7.375346205968542
public_input,baseline g,1.0,1,1.6409024999087747,1.2,0.8545171174508999,0.4065853234311746,0.37370718116043733,0.8483589369149588,0.8526113537825044,-7.354482113143083
public_input,baseline g,1.0,1,1.6639368262928396,1.2,0.8545074671813291,0.4065920472671065,0.37373135491562115,0.8531153791353762,0.8573916377687681,-7.333497087318034
public_input,baseline g,1.0,1,1.6874316526555453,1.2,0.8544652114921789,0.40662135817660405,0.3738369221692859,0.8579897725212151,0.8622904641531307,-7.312290482313814
public_input,baseline g,1.0,1,1.7113973278342638,1.2,0.8542018664579847,0.406804244301819,0.37449530123394453,0.8633057086085288,0.8676330464809691,-7.290903837324361
public_input,baseline g,1.0,1,1.7358444628538618,1.2,0.8546131979802224,0.40651860223042424,0.373466982837494,0.8675324327081765,0.8718809571233331,-7.26934834908705
public_input,baseline g,1.0,1,1.7607839381251333,1.2,0.8547968231570079,0.40639107865778873,0.3730079067438158,0.8722100246726747,0.8765819956151253,-7.247598264586687
public_input,baseline g,1.0,1,1.7862269108560356,1.2,0.8545207782291536,0.4065827645322374,0.37369799316047925,0.8777476673871533,0.8821473958792221,-7.2256877061059495
public_input,baseline g,1.0,1,1.8121848226824113,1.2,0.8545032384053477,0.4065949585348482,0.3737418720299246,0.8829066766891983,0.8873322648230073,-7.203578103520384
public_input,baseline g,1.0,1,1.8386694075250942,1.2,0.8544811794130326,0.4066102919906002,0.3737970512866641,0.8881419650074144,0.8925937951331235,-7.181263133985501
public_input,baseline g,1.0,1,1.8656926996805347,1.2,0.8544472918673129,0.40663382445997176,0.37388176896622616,0.8934674687867206,0.8979459931112104,-7.158787772683045
public_input,baseline g,1.0,1,1.8932670421523103,1.2,0.8547770066665218,0.4064048524776752,0.37305747468525674,0.8982215237091394,0.9027238778330946,-7.13611962171826
public_input,baseline g,1.0,1,1.921405095231136,1.2,0.8544336084040839,0.4066433283092212,0.3739159807438338,0.9042356687365932,0.9087681688879499,-7.113254199582642
public_input,baseline g,1.0,1,1.9501198453312445,1.2,0.8546278231389307,0.4065084340063865,0.37343039431486413,0.9093693119411355,0.9139275445861396,-7.090207125149128
public_input,baseline g,1.0,1,1.979424614091259,1.2,0.8545145945218218,0.40658707422810164,0.37371348581087793,0.9151237207535433,0.9197107974927532,-7.066938513933884
public_input,baseline g,1.0,1,2.009333067747975,1.2,0.8546921978423675,0.40646375261679885,0.3732695078099181,0.9204308606660364,0.9250445395547614,-7.043530599823599
public_input,baseline g,1.0,1,2.0398592267917226,1.2,0.8548076881160002,0.406383535278697,0.37298074808598536,0.9259226055166294,0.9305638118909726,-7.019877766256587
public_input,baseline g,1.0,1,2.071017475912293,1.2,0.8544164833184531,0.40665520863660676,0.37395876733661754,0.9324105824104343,0.9370843099042928,-6.996052508539096
public_input,baseline g,1.0,1,2.1028225742447084,1.2,0.8548522842418698,0.40635257757426696,0.3728692833185469,0.937471844942859,0.9421709421207363,-6.9720353012088765
public_input,baseline g,1.0,1,2.135289665924415,1.2,0.8547836695703599,0.40640023450836393,0.37304083696770624,0.9435309024831962,0.9482603708133828,-6.947789368582103
public_input,baseline g,1.0,1,2.168434290961828,1.2,0.8546209091401382,0.40651325560955687,0.37344772297650475,0.949845266018225,0.9546063852273449,-6.9233894490940475
public_input,baseline g,1.0,1,2.2022723964464688,1.2,0.8549852198618885,0.40626026213288186,0.37253694634513634,0.9552653869719797,0.9600536746504407,-6.898755381304564
public_input,baseline g,1.0,1,2.23682034809129,1.2,0.8545606363106335,0.4065551172606,0.37359841697226265,0.9622339022981614,0.9670571198050538,-6.873916564300768
public_input,baseline g,1.0,1,2.2720949421281498,1.2,0.8548570132658762,0.40634927858262415,0.372857428472592,0.9679419468733231,0.972793776072715,-6.848889517154065
public_input,baseline g,1.0,1,2.308113417565749,1.2,0.8549733735374766,0.4062684796586704,0.37256654252525145,0.9740688152424035,0.9789513554972981,-6.823660695696739
public_input,baseline g,1.0,1,2.344893468821764,1.2,0.8547393712970907,0.4064309956499542,0.37315157930681064,0.9809445880650225,0.985861593274615,-6.798222018237444
public_input,baseline g,1.0,1,2.382453258741261,1.2,0.8546023370369089,0.40652613416836636,0.3734941127667626,0.9877278831211858,0.9926788897387426,-6.772546716459868
public_input,baseline g,1.0,1,2.4208114320139376,1.2,0.854930805092495,0.4062980416358668,0.37267296484097734,0.9937114105704591,0.9986924097441685,-6.746671446324633
public_input,baseline g,1.0,1,2.4599871290031343,1.2,0.8550536249140557,0.40621274185498735,0.3723658974927171,1.0001749308655217,1.005188328569535,-6.720623291725891
public_input,baseline g,1.0,1,2.5,1.2,0.8548058556269527,0.4063848243030468,0.37298536486762845,1.0074465089844737,1.0124963556254891,-6.694346324191092
public_input,baseline g,1.0,2,0.5,1.2,0.7426221850475226,0.5088477576425928,0.7614445292858781,0.7189037477459129,0.7225072677773908,-8.279754000716503
public_input,baseline g,1.0,2,0.5000203210855501,1.2,0.7426205298202586,0.5088488467656206,0.761448654644169,0.718914636518182,0.7225182111298581,-8.279604130960202
public_input,baseline g,1.0,2,0.5000812892976928,1.2,0.7426155954419149,0.5088521131030558,0.7614609970758155,0.7189472928084018,0.7225510311104139,-8.279154503484055
public_input,baseline g,1.0,2,0.5001829195049198,1.2,0.7426073184837674,0.5088575778679565,0.7614816681207581,0.7190017575610883,0.7226057688688092,-8.278405063669114
public_input,baseline g,1.0,2,0.5003252364947652,1.2,0.7425957618283952,0.5088652225481538,0.7615105629108179,0.7190780018209089,0.7226823953045728,-8.277355720460692
public_input,baseline g,1.0,2,0.5005082749838822,1.2,0.742580907431861,0.5088750498445368,0.7615477056155484,0.7191760422082526,0.722780927121403,-8.276006346358699
public_input,baseline g,1.0,2,0.500732079632158,1.2,0.742562746752548,0.508887068497366,0.761593124599478,0.7192958991915556,0.7229013848903348,-8.274356777384817
public_input,baseline g,1.0,2,0.5009967050608752,1.2,0.7425413109099162,0.5089012300411537,0.7616466788234204,0.7194375390411794,0.7230437347126594,-8.272406813039659
public_input,baseline g,1.0,2,0.5013022158749305,1.2,0.7425187079581468,0.5089161899150433,0.7617032107691717,0.719599252770813,0.7232062590357363,-8.270156216305779
public_input,baseline g,1.0,2,0.5016486866891229,1.2,0.7425066334461293,0.5089241651133936,0.7617333730310475,0.7197712417178959,0.723379110081004,-8.267604988465859
public_input,baseline g,1.0,2,0.502036202158526,1.2,0.7424752526437153,0.5089449333807277,0.761811856263775,0.7199785080002977,0.7235874152899696,-8.264752650677806
public_input,baseline g,1.0,2,0.502464857012963,1.2,0.742442477158872,0.5089666056493996,0.7618937844539664,0.7202060658081191,0.7238161137360495,-8.261598789669032
public_input,baseline g,1.0,2,0.5029347560956027,1.2,0.7424025756787147,0.5089930009210251,0.7619935504101703,0.7204587565933797,0.7240700711391422,-8.258143021571746
public_input,baseline g,1.0,2,0.5034460144056994,1.2,0.7423640057611116,0.5090184938605544,0.7620899383146258,0.7207295090172475,0.7243421807151824,-8.254384926393692
public_input,baseline g,1.0,2,0.5039987571454999,1.2,0.7423194571678121,0.5090479703479251,0.7622013395812824,0.7210245086073921,0.7246386589969261,-8.250324070234672
public_input,baseline g,1.0,2,0.5045931197713469,1.2,0.7422715270890906,0.5090796594048002,0.7623211404409963,0.721341575224455,0.7249573149170206,-8.245959935410156
public_input,baseline g,1.0,2,0.5052292480490046,1.2,0.7423810577346535,0.5090072294424696,0.7620473386408677,0.7215460769761172,0.7251628417379791,-8.241293096098024
public_input,baseline g,1.0,2,0.5059072981132409,1.2,0.7426417378349597,0.5088348121061268,0.7613956160217361,0.7216430961408149,0.7252603472132635,-8.236333935977747
public_input,baseline g,1.0,2,0.5066274365316988,1.2,0.7426133879470507,0.5088535643667964,0.7614664960368438,0.7220016192052358,0.7256206673820232,-8.23107504288884
public_input,baseline g,1.0,2,0.507389840373095,1.2,0.7428120200701464,0.508722213052284,0.760969959132434,0.7221891066028062,0.7258090945640852,-8.225520580505563
public_input,baseline g,1.0,2,0.5081946972797818,1.2,0.7427828106311125,0.5087415186147279,0.7610429535870904,0.7225870809503135,0.7262090637663109,-8.21966444028647
public_input,baseline g,1.0,2,0.5090422055447187,1.2,0.7427429174638001,0.5087679138863537,0.7611427112304503,0.7230135116068548,0.726637631915413,-8.213505013729517
public_input,baseline g,1.0,2,0.5099325741928927,1.2,0.7428742732595842,0.5086810359574396,0.7608143162918891,0.7233155678403522,0.7269412022120815,-8.207044393479812
public_input,baseline g,1.0,2,0.5108660230672385,1.2,0.7427997861830964,0.5087302939218703,0.7610005204317056,0.7238100958760832,0.7274382090799072,-8.200283172957164
public_input,baseline g,1.0,2,0.5118427829191048,1.2,0.7427219916135023,0.5087817361717277,0.7611949860239765,0.7243270426348702,0.7279577470451057,-8.193214862881451
public_input,baseline g,1.0,2,0.5128630955033207,1.2,0.7426408529792659,0.5088354024322392,0.7613978397370527,0.7248665092157465,0.7284999177134716,-8.185838595913573
public_input,baseline g,1.0,2,0.5139272136779165,1.2,0.7425563830467978,0.5088912714903466,0.7616090206933084,0.7254285362467737,0.7290647619167155,-8.178153466158658
public_input,baseline g,1.0,2,0.5150354015085564,1.2,0.7424704451429419,0.5089481071573179,0.7618238618898553,0.7260116157120022,0.7296507640799262,-8.170158528965054
public_input,baseline g,1.0,2,0.5161879343777439,1.2,0.742398175654845,0.5089959165588971,0.7620045631007337,0.7266030760351218,0.7302451891102528,-8.161853337794915
public_input,baseline g,1.0,2,0.5173850990988615,1.2,0.7423799992163329,0.509007930841596,0.7620499879324067,0.7271688712909952,0.7308138204266484,-8.153237239938372
public_input,baseline g,1.0,2,0.5186271940351138,1.2,0.7426862748455009,0.5088053672413159,0.7612842980578037,0.7274809360600044,0.7311274494268217,-8.144332622534066
public_input,baseline g,1.0,2,0.5199145292234401,1.2,0.742792556363363,0.5087350757998135,0.7610185955506141,0.727981451606868,0.7316304738183045,-8.135125709858197
public_input,baseline g,1.0,2,0.5212474265034702,1.2,0.7429526124485941,0.5086292244958499,0.7606184687079935,0.7284564449820401,0.7321078481076777,-8.12561859910797
public_input,baseline g,1.0,2,0.5226262196515982,1.2,0.7428733043606621,0.508681681820059,0.7608167500072318,0.7291538259370944,0.7328087246993162,-8.115815065013521
public_input,baseline g,1.0,2,0.5240512545202515,1.2,0.7428241909563247,0.5087141506948669,0.7609395028196335,0.7298459263707284,0.7335042943008107,-8.105696775284686
public_input,baseline g,1.0,2,0.5255228891824385,1.2,0.7427097301437835,0.5087898655068016,0.7612256848256427,0.7306137153339904,0.7342759318222667,-8.09526640658367
public_input,baseline g,1.0,2,0.5270414940816569,1.2,0.7425936847294824,0.5088665910229577,0.7615157437105856,0.731403299115601,0.7350694734090527,-8.08451843536454
public_input,baseline g,1.0,2,0.5286074521872524,1.2,0.7424724521710797,0.508946778407741,0.761818841257677,0.7322178723319388,0.735888129690629,-8.073451526105845
public_input,baseline g,1.0,2,0.5302211591553182,1.2,0.7425549648989127,0.5088922081458919,0.76161256317597,0.7328802571532498,0.7365538347296736,-8.062070497748637
public_input,baseline g,1.0,2,0.5318830234952302,1.2,0.7429144259602132,0.5086544751079408,0.7607139235845968,0.7333278557768508,0.7370036769507121,-8.050410401863225
public_input,baseline g,1.0,2,0.5335934667419154,1.2,0.7428031721651059,0.5087280584700666,0.7609920644450053,0.7341958323428519,0.7378760042673559,-8.038441168154723
public_input,baseline g,1.0,2,0.5353529236339561,1.2,0.742757727835809,0.5087581024012504,0.7611056484102271,0.7350287198505263,0.738713066641036,-8.026149293198376
public_input,baseline g,1.0,2,0.537161842297634,1.2,0.742825055665354,0.5087135718099041,0.7609373251995084,0.7357864990395462,0.7394746442140477,-8.01355820742557
public_input,baseline g,1.0,2,0.5390206844370244,1.2,0.7426859060580497,0.5088056024977348,0.7612852004068129,0.7367411545558649,0.7404340849610553,-8.000643507086448
public_input,baseline g,1.0,2,0.5409299255302531,1.2,0.7427536864325082,0.5087607784125733,0.761115759007208,0.737540531176062,0.7412374684732357,-7.987406483038091
public_input,baseline g,1.0,2,0.5428900550320312,1.2,0.7426683202377862,0.5088172317574216,0.761329161388046,0.7384917376262867,0.7421934428656338,-7.973863335523104
public_input,baseline g,1.0,2,0.5449015765825912,1.2,0.7430051059156602,0.5085944972869392,0.7604872139311178,0.7391034258613737,0.7428081972007585,-7.960019021784236
public_input,baseline g,1.0,2,0.5469650082231464,1.2,0.7428500447856337,0.508697052300149,0.7608748698311043,0.7401568786979272,0.7438669304916299,-7.9458658870259615
public_input,baseline g,1.0,2,0.5490808826180046,1.2,0.7427140285417506,0.5087870212167166,0.7612149355777627,0.7412157290654946,0.7449310883687515,-7.931381837185365
public_input,baseline g,1.0,2,0.5512497472834679,1.2,0.7428512615900438,0.5086962566709364,0.7608718485396402,0.7420620671583191,0.7457816687489205,-7.916578775804597
public_input,baseline g,1.0,2,0.5534721648236569,1.2,0.7428982416620091,0.5086651693813233,0.7607543624948321,0.743007312974604,0.7467316526295767,-7.901471912234831
public_input,baseline g,1.0,2,0.5557487131734017,1.2,0.7427313733225178,0.5087755585665509,0.7611715935064196,0.7441581073243023,0.7478882153599579,-7.886039873362009
public_input,baseline g,1.0,2,0.5580799858483445,1.2,0.743117001884624,0.5085205033186128,0.7602074996419896,0.744855691208747,0.7485892958981744,-7.870293606537752
public_input,baseline g,1.0,2,0.5604665922024078,1.2,0.7429420886827571,0.5086361819189595,0.7606447719094434,0.7460575275669461,0.7497971564861887,-7.854248965068733
public_input,baseline g,1.0,2,0.5629091576927818,1.2,0.7427649093314804,0.5087533646186646,0.761087721623651,0.7472837907292733,0.7510295663181962,-7.837863315406536
public_input,baseline g,1.0,2,0.5654083241525933,1.2,0.7428204316494812,0.5087166399152583,0.7609489076783248,0.7483317910597432,0.7520828197721832,-7.821153502777076
public_input,baseline g,1.0,2,0.5679647500714233,1.2,0.742934289642659,0.508641333008635,0.7606642536209252,0.7493516689929426,0.7531078098647968,-7.80413719407704
public_input,baseline g,1.0,2,0.5705791108838415,1.2,0.7427467260372409,0.5087654017836627,0.7611332052081061,0.7506547695746411,0.7544174422653429,-7.7867845917940155
public_input,baseline g,1.0,2,0.5732520992661372,1.2,0.74305250333793,0.5085631545594971,0.7603687312030094,0.7515534048818764,0.7553205820008007,-7.769135282376551
public_input,baseline g,1.0,2,0.5759844254414287,1.2,0.7430845201459855,0.5085419659140539,0.7602886585470889,0.7527117536013477,0.7564847369673908,-7.7511548933358485
public_input,baseline g,1.0,2,0.578776817493336,1.2,0.7429418822675028,0.5086363131733836,0.7606452760097312,0.7540448033496155,0.7578244686553285,-7.732856119413874
public_input,baseline g,1.0,2,0.5816300216884137,1.2,0.7427404451206383,0.5087695536102665,0.7611489024674463,0.7554524098587793,0.7592391308214812,-7.71420427330463
public_input,baseline g,1.0,2,0.5845448028075416,1.2,0.7428597483603769,0.5086906367376642,0.7608506157606456,0.7566043486986144,0.7603968437787797,-7.695235531611489
public_input,baseline g,1.0,2,0.5875219444864789,1.2,0.743152713813919,0.5084968608078749,0.7601181664983415,0.7576278700024934,0.7614254955045446,-7.675963957846649
public_input,baseline g,1.0,2,0.5905622495657936,1.2,0.7431614376061919,0.5084911139903088,0.7600964089238285,0.7589226271880394,0.762726742687491,-7.656380285843324
public_input,baseline g,1.0,2,0.5936665404503856,1.2,0.7430099120428033,0.5085913322506096,0.7604752295015795,0.7603812932049531,0.7641927202982414,-7.636446967121527
public_input,baseline g,1.0,2,0.5968356594788269,1.2,0.7427909578735359,0.5087361349695225,0.7610225962373414,0.7619232342118493,0.7657423903165986,-7.616158812151415
public_input,baseline g,1.0,2,0.600070469302753,1.2,0.7429714696593407,0.5086167467713325,0.7605713120180416,0.7631393537525684,0.7669646056818831,-7.595529970523983
public_input,baseline g,1.0,2,0.6033718532765401,1.2,0.7433820292035235,0.5083452117388663,0.7595449110202251,0.7641769479329985,0.7680074008247861,-7.5746475486567535
public_input,baseline g,1.0,2,0.6067407158575169,1.2,0.7431708238330095,0.5084848791793837,0.7600728821458329,0.7657851899913429,0.7696237042299949,-7.553420432808803
public_input,baseline g,1.0,2,0.6101779830169621,1.2,0.7429377037410161,0.5086390703044019,0.7606557077093674,0.7674378135522774,0.7712846116010015,-7.531822998615624
public_input,baseline g,1.0,2,0.6136846026621482,1.2,0.7429935882064485,0.5086021305259869,0.7605160438264897,0.7688606919296549,0.7727146221859258,-7.509861496323231
public_input,baseline g,1.0,2,0.6172615450697004,1.2,0.7435746677985734,0.5082178096487466,0.7590633244847839,0.7698437547156393,0.773702612594631,-7.487609463682018
public_input,baseline g,1.0,2,0.6209098033305457,1.2,0.7433299576331789,0.5083796525249814,0.7596750942934791,0.7715819147926128,0.7754494852352475,-7.465067722466257
public_input,baseline g,1.0,2,0.6246303938067362,1.2,0.7431055153233938,0.5085280951631921,0.760236204506726,0.7733279783475515,0.7772043009701771,-7.442146897664433
public_input,baseline g,1.0,2,0.6284243566004422,1.2,0.7430801838309529,0.5085448499293661,0.7602995358088493,0.7749232146313197,0.7788075334090935,-7.418862406277277
public_input,baseline g,1.0,2,0.6322927560354111,1.2,0.7433916589658813,0.5083388517128884,0.7595208567189498,0.776244396532539,0.7801353377621516,-7.395241480429238
public_input,baseline g,1.0,2,0.6362366811512086,1.2,0.743464577173415,0.5082906229648483,0.7593385557108612,0.7778031966938248,0.7817019514417614,-7.371334079216927
public_input,baseline g,1.0,2,0.6402572462105554,1.2,0.7432033216130637,0.5084634111821644,0.7599916949480855,0.7796863664219913,0.7835945605974721,-7.347069129528136
public_input,baseline g,1.0,2,0.6443555912200942,1.2,0.7431688394749556,0.5084862052280715,0.7600778739823109,0.7813936639412563,0.7853104159811657,-7.322445796581505
public_input,baseline g,1.0,2,0.6485328824649206,1.2,0.7434443811968514,0.5083039632962347,0.7593890075590088,0.7828496727618859,0.7867737230763802,-7.297460272888909
public_input,baseline g,1.0,2,0.652790313057229,1.2,0.7435225821773804,0.5082522487656205,0.759193518023047,0.7845086905419438,0.7884410567176667,-7.272160153355005
public_input,baseline g,1.0,2,0.6571291034994325,1.2,0.7434874911266104,0.5082754577878583,0.7592812471362526,0.7862963015324788,0.7902376281455802,-7.246536642557082
public_input,baseline g,1.0,2,0.6615505022621248,1.2,0.7432295958381081,0.5084460246954097,0.7599259881710809,0.7883119473710225,0.7922633774509349,-7.2205439367145345
public_input,baseline g,1.0,2,0.6660557863772645,1.2,0.7434746036936826,0.5082839721459445,0.7593134451333197,0.7899017168148114,0.7938611156472223,-7.194184220812739
public_input,baseline g,1.0,2,0.6706462620469753,1.2,0.743450854882498,0.5082996862545782,0.7593728335428857,0.7917613791372858,0.7957300995658797,-7.16748972370752
public_input,baseline g,1.0,2,0.6753232652683625,1.2,0.74351824296619,0.5082551132371156,0.7592043538555882,0.7935663133423086,0.797544081041255,-7.140481252029527
public_input,baseline g,1.0,2,0.6800881624747613,1.2,0.7432239300755916,0.5084497713175912,0.7599401512727053,0.7957275270519072,0.7997161278796545,-7.113079031907768
public_input,baseline g,1.0,2,0.6849423511938463,1.2,0.7434826481672895,0.5082786827308252,0.7592934042662222,0.7974149393487042,0.8014119983657877,-7.08533380209005
public_input,baseline g,1.0,2,0.6898872607230374,1.2,0.7434204711951411,0.5083197901471241,0.7594488128585364,0.7994224677110557,0.8034295895059312,-7.0572536877298155
public_input,baseline g,1.0,2,0.6949243528226603,1.2,0.7435014450573214,0.508266243699887,0.7592463956540225,0.8013282582928771,0.8053449329027977,-7.028808908121323
public_input,baseline g,1.0,2,0.7000551224273222,1.2,0.7436114998133873,0.5081934428565831,0.7589712285853433,0.8032361452488072,0.8072623831818918,-6.9999764340686275
public_input,baseline g,1.0,2,0.7052810983759861,1.2,0.7436578194697236,0.5081628031975086,0.758855418182226,0.8052313964852262,0.8092676356567532,-6.9708605335397635
public_input,baseline g,1.0,2,0.7106038441612367,1.2,0.7433665393894273,0.5083554610825993,0.759583646345908,0.8075663754311962,0.811614318733396,-6.941331896990922
public_input,baseline g,1.0,2,0.7160249586982449,1.2,0.7433674376120354,0.5083548636854676,0.7595813932266051,0.8096631648469833,0.8137216183498676,-6.911433163455026
public_input,baseline g,1.0,2,0.7215460771139571,1.2,0.7439030639016064,0.5080006123225997,0.7582423248460499,0.811296394751533,0.815363034853382,-6.88122245030179
public_input,baseline g,1.0,2,0.7271688715570458,1.2,0.7435712947811977,0.5082200451005502,0.7590717675068503,0.81376047406205,0.8178394654128421,-6.850645988101919
public_input,baseline g,1.0,2,0.7328950520291776,1.2,0.7435608125664095,0.5082269769404715,0.7590979711345798,0.8159585830051608,0.8200485924228815,-6.819636990736686
public_input,baseline g,1.0,2,0.7387263672381705,1.2,0.7440495141881882,0.5079037546298204,0.7578762013122444,0.8177237183338583,0.8218225755292337,-6.788316770873129
public_input,baseline g,1.0,2,0.7446646054736273,1.2,0.7437549963962015,0.5080985439647201,0.758612501315784,0.8202477332505093,0.824359242123304,-6.756670144333533
public_input,baseline g,1.0,2,0.7507115955056528,1.2,0.7436875107578547,0.50814317688882,0.7587812144259893,0.822592494286515,0.8267157563229129,-6.724579741862786
public_input,baseline g,1.0,2,0.7568692075072764,1.2,0.7436669134030699,0.5081567982412243,0.7588327050080269,0.8249255171345272,0.8290604734966163,-6.692126847088668
public_input,baseline g,1.0,2,0.7631393540012239,1.2,0.7438703961685177,0.5080222290547645,0.758324019327688,0.8270806659388443,0.8312264250292702,-6.659374290734381
public_input,baseline g,1.0,2,0.7695239908317001,1.2,0.7438373734543441,0.5080440679329573,0.7584065726176034,0.8294896962675868,0.8336475306727864,-6.626199531011321
public_input,baseline g,1.0,2,0.7760251181618615,1.2,0.7435229126563692,0.5082520407616311,0.7591927157910101,0.8321967433028047,0.8363681468377356,-6.592610686324802
public_input,baseline g,1.0,2,0.7826447814976824,1.2,0.7440297321800182,0.507916839523378,0.7579256598590032,0.8341627952751902,0.8383440536866434,-6.558730590924123
public_input,baseline g,1.0,2,0.7893850727389358,1.2,0.74391902152496,0.5079900721859407,0.7582024621927537,0.836744599926017,0.8409387996871375,-6.524448110573043
public_input,baseline g,1.0,2,0.7962481312580323,1.2,0.7436219200182597,0.5081865638522798,0.758945206798711,0.8395374794829478,0.843745678611105,-6.4897419274910595
public_input,baseline g,1.0,2,0.8032361450074849,1.2,0.7441436369160769,0.5078414955924165,0.7576408750875238,0.8415869389033097,0.8458054109895622,-6.454690987257173
public_input,baseline g,1.0,2,0.8103513516567865,1.2,0.7440473696316053,0.5079051759402423,0.7578815694008642,0.8442578290887691,0.8484896890677892,-6.419294117343981
public_input,baseline g,1.0,2,0.8175960397595149,1.2,0.7437144540071776,0.5081253515117874,0.7587138432215561,0.8471901685827046,0.851436726974605,-6.38344351169387
public_input,baseline g,1.0,2,0.8249725499515008,1.2,0.744231043867076,0.5077836933165814,0.7574223725749308,0.8493450460943871,0.8536024058547641,-6.347214598675832
public_input,baseline g,1.0,2,0.8324832761809209,1.2,0.7441263538611369,0.5078529424313024,0.757684119573057,0.8521300379347343,0.8564013575248045,-6.310691060986529
public_input,baseline g,1.0,2,0.8401306669712053,1.2,0.7437327379276707,0.5081132756532101,0.7586681712538098,0.8552297349262679,0.8595165918121658,-6.273673650604263
public_input,baseline g,1.0,2,0.8479172267176741,1.2,0.7442467780299808,0.5077732898361247,0.7573830433183502,0.8574909660872568,0.8617891574415172,-6.236301312562606
public_input,baseline g,1.0,2,0.8558455170188431,1.2,0.7441803785396596,0.5078172001480401,0.7575490313960956,0.8603484480522363,0.8646609625944515,-6.1985907338997475
public_input,baseline g,1.0,2,0.8639181580433734,1.2,0.7438026894688188,0.5080669932332889,0.7584932511842803,0.8635455645571586,0.8678741047125446,-6.160392365239806
public_input,baseline g,1.0,2,0.8721378299336601,1.2,0.7442844482820264,0.5077483714114279,0.7572888580790923,0.8659453091080777,0.8702858780330824,-6.1218675542775145
public_input,baseline g,1.0,2,0.8805072742470966,1.2,0.7442377470663598,0.5077792550671818,0.7574056034260087,0.868896345922731,0.8732517069813261,-6.082948079289999
public_input,baseline g,1.0,2,0.88902929543607,1.2,0.744087959617176,0.5078783357389672,0.757780105838802,0.8719868419402725,0.8763576941746215,-6.043569583862756
public_input,baseline g,1.0,2,0.8977067623677852,1.2,0.7442754593597616,0.5077543295714657,0.7573113601083226,0.8747856620626442,0.8791705434412381,-6.00386093596684
public_input,baseline g,1.0,2,0.9065426098850453,1.2,0.7442422235577776,0.5077762997040829,0.7573944241710827,0.8778399025135685,0.8822400933361323,-5.963713776496665
public_input,baseline g,1.0,2,0.9155398404091444,1.2,0.7446408989254761,0.5075126244268227,0.7563977332745578,0.8805072746949159,0.8849208357761785,-5.923151101549431
public_input,baseline g,1.0,2,0.9247015255860773,1.2,0.7442627431590714,0.5077627382583159,0.7573431472107892,0.8839819025677651,0.888412880293719,-5.882231982688493
public_input,baseline g,1.0,2,0.9340308079772923,1.2,0.7444930842069502,0.5076103877901808,0.75676727530118,0.8868946396404324,0.891340217521721,-5.840854872409776
public_input,baseline g,1.0,2,0.9435309027962627,1.2,0.7446736683432942,0.5074909423862425,0.756315788988704,0.8898964476788135,0.8943570721855104,-5.799103008907976
public_input,baseline g,1.0,2,0.9532050996921831,1.2,0.7442261620462303,0.5077869324015869,0.757434600640569,0.8935661451126246,0.8980451640542563,-5.756917485591872
public_input,baseline g,1.0,2,0.9630567645821445,1.2,0.7444773182513611,0.5076208309958645,0.7568067264472598,0.8965802314677424,0.901074358580101,-5.714319579313573
public_input,baseline g,1.0,2,0.9730893415331738,1.2,0.7446178296808473,0.5075278979759373,0.7564554429285787,0.8997462542379189,0.9042562511054544,-5.671339218522232
public_input,baseline g,1.0,2,0.9833063546955787,1.2,0.7444687053930686,0.5076265195760347,0.756828241005378,0.9032462021404121,0.9077737425698156,-5.627909258673066
public_input,baseline g,1.0,2,0.9937114102890687,1.2,0.7445645731751676,0.5075631142098549,0.7565885698527832,0.9065426099808233,0.9110866737232881,-5.584025662318382
public_input,baseline g,1.0,2,1.0043081986431819,1.2,0.7448496024318118,0.5073745994111074,0.75587598903258,0.9096902698873045,0.9142501113407089,-5.539812426593742
public_input,baseline g,1.0,2,1.0151004962935855,1.2,0.7443795412326558,0.507685489393704,0.757051148712265,0.9136487634158277,0.9182284469006156,-5.495106958956313
public_input,baseline g,1.0,2,1.0260921681358672,1.2,0.74494321489575,0.5073126698602087,0.7556419203472033,0.9165999270066304,0.9211944032604769,-5.449981987831941
public_input,baseline g,1.0,2,1.037287169638491,1.2,0.7447480447914283,0.5074417513994685,0.7561298473825664,0.9203698757845191,0.9249832489852534,-5.404497597255952
public_input,baseline g,1.0,2,1.0486895491166357,1.2,0.7445445508407076,0.5075763461691167,0.7566386022708493,0.9241954302801365,0.9288279791525789,-5.358448026418985
public_input,baseline g,1.0,2,1.0603034500686892,1.2,0.7450602578294574,0.5072352712290036,0.7553493373179228,0.9273275884001316,0.9319758372804854,-5.312107765597466
public_input,baseline g,1.0,2,1.0721331135772334,1.2,0.7446474084150865,0.5075083332431274,0.7563814913803266,0.9314633883813819,0.9361323680454121,-5.2652865225265835
public_input,baseline g,1.0,2,1.0841828807763967,1.2,0.7454151722934792,0.5070005507598996,0.754462076829973,0.9344245594237403,0.9391083820193885,-5.217939697444935
public_input,baseline g,1.0,2,1.0964571953875313,1.2,0.744994112937916,0.5072790274041954,0.7555147212147993,0.9386663685977531,0.9433714533503677,-5.170326041492702
public_input,baseline g,1.0,2,1.1089606063252093,1.2,0.7445958597231335,0.5075423987781387,0.7565103007056853,0.9429355881502364,0.9476620724549112,-5.1221032240137365
public_input,baseline g,1.0,2,1.1216977703756155,1.2,0.7452835327690317,0.5070875969675758,0.7547911371534304,0.9461192559874807,0.950861698493599,-5.073565228086413
public_input,baseline g,1.0,2,1.1346734549494641,1.2,0.7448220820421909,0.507392788598094,0.7559447624982862,0.9505560814981444,0.9553207636846845,-5.0245332463855705
public_input,baseline g,1.0,2,1.147892540911644,1.2,0.7452547683054876,0.5071066373202822,0.7548630851369126,0.9541034303578532,0.9588858937045481,-4.975015074342462
public_input,baseline g,1.0,2,1.1613600254898573,1.2,0.7450957962662956,0.5072117643428202,0.7552604852632205,0.9583251194607321,0.963128744112117,-4.925137640755487
public_input,baseline g,1.0,2,1.1750810252645967,1.2,0.7449474025882734,0.5073099039889299,0.75563145965862,0.9625884596957073,0.9674134544289508,-4.874707739890047
public_input,baseline g,1.0,2,1.189060779242872,1.2,0.7454122594244177,0.5070024610953283,0.7544693223397869,0.9662515937572042,0.9710949500263417,-4.8238932515123345
public_input,baseline g,1.0,2,1.2033046520181812,1.2,0.7452063055373386,0.5071386656355709,0.7549841881241361,0.9706820362820369,0.9755476002367466,-4.7726104877808435
public_input,baseline g,1.0,2,1.217818137019287,1.2,0.745356323737113,0.5070394782609018,0.7546092129586122,0.9747855778282941,0.9796717108706017,-4.720848493714795
public_input,baseline g,1.0,2,1.2326068598504607,1.2,0.7455140936800786,0.5069351239852771,0.75421476751853,0.9789339781639077,0.9838409051494308,-4.668643361110927
public_input,baseline g,1.0,2,1.247676581725918,1.2,0.7455146381521448,0.5069347504034145,0.7542133757627992,0.9833063552421717,0.9882351988590048,-4.615940303586762
public_input,baseline g,1.0,2,1.2630332030012734,1.2,0.7452203811301666,0.5071293687586629,0.7549490272144809,0.98805456626246,0.993007210386077,-4.562803867315894
public_input,baseline g,1.0,2,1.2786827668049243,1.2,0.7452871226240342,0.5070852346314783,0.7547821895201584,0.9924683909854591,0.9974431594975701,-4.509219348387656
public_input,baseline g,1.0,2,1.294631462772364,1.2,0.7454221170411766,0.506995944231738,0.7544446844764054,0.9968643230301382,1.0018611262433195,-4.455132830503257
public_input,baseline g,1.0,2,1.31088563088653,1.2,0.7455673390096642,0.50689989631021,0.7540816258218923,1.0013059438169083,1.0063250107469328,-4.400591317747054
public_input,baseline g,1.0,2,1.3274517654273796,1.2,0.7456460997894495,0.5068478152687523,0.7538847452400809,1.005878382433524,1.0109203688074928,-4.345548830401776
public_input,baseline g,1.0,2,1.3443365190339982,1.2,0.7454657897998231,0.5069670509994602,0.7543354818669528,1.0107962356818578,1.0158628728978172,-4.290038786408733
public_input,baseline g,1.0,2,1.3615467068826452,1.2,0.7458938148174641,0.5066839863391716,0.7532654661997771,1.0151004965131996,1.0201887089263606,-4.234020773750846
public_input,baseline g,1.0,2,1.3790893109842512,1.2,0.7456759835345632,0.5068280523038615,0.7538100390905946,1.0201822078198548,1.0252958924169417,-4.177599700041074
public_input,baseline g,1.0,2,1.3969714846049992,1.2,0.7455196909520705,0.5069314127181925,0.7542007530927903,1.0252587803799882,1.0303979114029271,-4.12059042022977
public_input,baseline g,1.0,2,1.4152005568137338,1.2,0.7459325596023705,0.5066583480031795,0.7531685736688409,1.0297601398349059,1.0349218340160082,-4.063195027069984
public_input,baseline g,1.0,2,1.4337840371600625,1.2,0.7457702346388071,0.5067657104775212,0.753574396724211,1.0349702231850806,1.040158033017655,-4.005194326631868
public_input,baseline g,1.0,2,1.4527296204871472,1.2,0.7461811104591427,0.5064939788822153,0.7525472336457217,1.039596984303398,1.0448079858725894,-3.94679974550934
public_input,baseline g,1.0,2,1.4720451918832933,1.2,0.7456086811706578,0.5068725512726481,0.7539782651157082,1.0454034648457697,1.0506435715197993,-3.887857056873597
public_input,baseline g,1.0,2,1.4917388317766058,1.2,0.7464224120851215,0.5063343758279144,0.7519439522925886,1.0496987721193456,1.0549604091106815,-3.8283951290283826
public_input,baseline g,1.0,2,1.5118188211770927,1.2,0.7458401152165874,0.5067194950352563,0.753399699523374,1.0556542833761535,1.0609457724918927,-3.7685145218381337
public_input,baseline g,1.0,2,1.5322936470707536,1.2,0.7464562408756675,0.5063120092311356,0.7518593960605481,1.0603034500309445,1.0656182431915195,-3.7079659708725603
public_input,baseline g,1.0,2,1.5531720079703377,1.2,0.7460598647296546,0.5065741575267378,0.7528503245409868,1.0661863650078462,1.0715306464024572,-3.647129593343852
public_input,baseline g,1.0,2,1.5744628196276003,1.2,0.7457521978394303,0.5067776507115439,0.7536195139743515,1.072039741053919,1.0774133626180589,-3.585548548046901
public_input,baseline g,1.0,2,1.5961752209120554,1.2,0.7462747243183272,0.5064320520322056,0.7523131696907153,1.076999535608259,1.0823980182460606,-3.5236819632232903
public_input,baseline g,1.0,2,1.618318579861377,1.2,0.74595970288027,0.5066404125847808,0.7531007528620131,1.0830063347393675,1.0884349265831121,-3.4611164376784624
public_input,baseline g,1.0,2,1.6409024999087747,1.2,0.7464279260813368,0.5063307402787469,0.7519301928708612,1.0881683920774718,1.093622858841301,-3.3981514985380255
public_input,baseline g,1.0,2,1.6639368262928396,1.2,0.7461579505668353,0.5065092850855377,0.7526051080071644,1.0942711870983837,1.099756244249556,-3.3345877904941466
public_input,baseline g,1.0,2,1.6874316526555453,1.2,0.7466223171928446,0.506202168977552,0.7514442020482435,1.0995807468702619,1.1050924183005448,-3.2705246780917436
public_input,baseline g,1.0,2,1.7113973278342638,1.2,0.7463855728257878,0.5063587453209668,0.7520360615621651,1.1057967034841831,1.1113395325266544,-3.2059425067802456
public_input,baseline g,1.0,2,1.7358444628538618,1.2,0.7465210041686337,0.5062691782703395,0.7516974921484965,1.1116468311961498,1.1172189841258078,-3.1407733323239215
public_input,baseline g,1.0,2,1.7607839381251333,1.2,0.7465645252571785,0.5062403934101867,0.7515886869971248,1.1176841132056952,1.1232865281373599,-3.0751570280059717
public_input,baseline g,1.0,2,1.7862269108560356,1.2,0.7465870587357448,0.5062254776316544,0.7515323245328476,1.1238255034164197,1.1294587021946214,-3.0089128276018493
public_input,baseline g,1.0,2,1.8121848226824113,1.2,0.746681371574654,0.5061631145922558,0.7512965723205823,1.1299600088826074,1.1356239569974205,-2.942213650535875
public_input,baseline g,1.0,2,1.8386694075250942,1.2,0.7467556762055236,0.50611398081123,0.7511108322743463,1.1361993841888156,1.1418946073025007,-2.8748760992973286
public_input,baseline g,1.0,2,1.8656926996805347,1.2,0.7468425442295243,0.5060565134236781,0.7508936282153778,1.1425052349572131,1.148232066279411,-2.8070848430468875
public_input,baseline g,1.0,2,1.8932670421523103,1.2,0.7469508719506168,0.5059848605783911,0.7506227918411741,1.1488676228273436,1.1546263457514563,-2.738639144575039
public_input,baseline g,1.0,2,1.921405095231136,1.2,0.746995225040533,0.5059555382277439,0.7505119356599903,1.1553929649409933,1.1611843962785653,-2.6697430466370498
public_input,baseline g,1.0,2,1.9501198453312445,1.2,0.7470989097721576,0.5058869588895893,0.750252712989431,1.1619304751598218,1.1677546759037343,-2.6001801211771696
public_input,baseline g,1.0,2,1.979424614091259,1.2,0.7471381650270479,0.5058609998073527,0.7501545825360278,1.1686347762583265,1.174492582451343,-2.53016283619446
public_input,baseline g,1.0,2,2.009333067747975,1.2,0.7471793698300733,0.5058337631419157,0.7500516049757917,1.1754250923974836,1.1813169351917894,-2.4594774885329533
public_input,baseline g,1.0,2,2.0398592267917226,1.2,0.7468875353394336,0.5060267619546613,0.7507811607737384,1.1827244095028924,1.1886528402764487,-2.3883245907044377
public_input,baseline g,1.0,2,2.071017475912293,1.2,0.7473096976154465,0.5057475566588095,0.7497257608867336,1.1892155484234455,1.195176516166242,-2.3164978703227823
public_input,baseline g,1.0,2,2.1028225742447084,1.2,0.7470240764878457,0.5059364564805693,0.7504398068100857,1.1966942618515481,1.2026927168014045,-2.2442211210180565
public_input,baseline g,1.0,2,2.135289665924415,1.2,0.7474766638712025,0.5056371190080943,0.7493083220391552,1.2033276582397892,1.2093593632274104,-2.1712136565906297
public_input,baseline g,1.0,2,2.168434290961828,1.2,0.7471328309312778,0.5058645226142648,0.7501679063578751,1.2110737031223835,1.2171442353215562,-2.097798606979011
public_input,baseline g,1.0,2,2.2022723964464688,1.2,0.7476438562629477,0.5055265501029549,0.748890359370554,1.2178181365870993,1.2239224753996991,-2.0236193321576024
public_input,baseline g,1.0,2,2.23682034809129,1.2,0.7472328524144762,0.5057983759283469,0.7499178641910147,1.2258504278829825,1.2319950287232517,-1.9490270575182205
public_input,baseline g,1.0,2,2.2720949421281498,1.2,0.7478814699616645,0.505369390504447,0.7482963077024214,1.2326068607451384,1.2387853283460641,-1.8736664054038865
public_input,baseline g,1.0,2,2.308113417565749,1.2,0.7472671015389044,0.505775718538642,0.7498322281067357,1.2411112041569714,1.2473322999566445,-1.7978829511386183
public_input,baseline g,1.0,2,2.344893468821764,1.2,0.7481200001551056,0.505211628107029,0.7476999723916362,1.2477944986874314,1.254049094640348,-1.7213331157753806
public_input,baseline g,1.0,2,2.382453258741261,1.2,0.7473460171475158,0.5057235264241704,0.7496349407825028,1.256724811386491,1.2630241707180927,-1.6443302329797531
public_input,baseline g,1.0,2,2.4208114320139376,1.2,0.7481976376279329,0.5051602942292965,0.7475059096841119,1.263608843680892,1.2699427093679663,-1.5665848837644964
public_input,baseline g,1.0,2,2.4599871290031343,1.2,0.7474567510850239,0.5056502910607188,0.7493581090406864,1.2727193131845718,1.2790988452900722,-1.4883387254795617
public_input,baseline g,1.0,2,2.5,1.2,0.7482653413907643,0.5051155115386032,0.7473366387787881,1.279866252638387,1.2862816089269804,-1.4093890326234546
public_input,baseline g,1.0,3,0.5,1.2,0.6256449195577329,0.622195100520569,1.26988771013536,0.8928936871147353,0.8973693353466253,-10.097192489459463
public_input,baseline g,1.0,3,0.5000203210855501,1.2,0.6256452714603773,0.6221948952174687,1.269886848259815,0.8929047698230406,0.8973804736072373,-10.096721279549119
public_input,baseline g,1.0,3,0.5000812892976928,1.2,0.6256462771179319,0.6221942722371485,1.269884295119145,0.8929380277375933,0.8974138982277804,-10.09530763385838
public_input,baseline g,1.0,3,0.5001829195049198,1.2,0.6256480111570637,0.6221932201384588,1.2698799476668676,0.8929934372809324,0.8974695855126112,-10.092951504487324
public_input,baseline g,1.0,3,0.5003252364947652,1.2,0.6256504491507544,0.6221917530634384,1.2698738654588262,0.8930710202353427,0.8975475573531989,-10.08965281162455
public_input,baseline g,1.0,3,0.5005082749838822,1.2,0.6256535603498814,0.6221898639410678,1.2698660616797306,0.89317078856359,0.8976478257722728,-10.085411443523535
public_input,baseline g,1.0,3,0.500732079632158,1.2,0.6256573619198622,0.6221875712835159,1.2698565651483908,0.8932927607859857,0.8977704093829775,-10.080227256505236
public_input,baseline g,1.0,3,0.5009967050608752,1.2,0.6256618666172677,0.6221848511768358,1.269845303705992,0.8934369311784497,0.8979153024325409,-10.074100074941844
public_input,baseline g,1.0,3,0.5013022158749305,1.2,0.6256670574454966,0.6221817187947138,1.2698323320405722,0.8936033299546912,0.8980825352861194,-10.067029691274445
public_input,baseline g,1.0,3,0.5016486866891229,1.2,0.6256729599427517,0.6221781589634638,1.2698175869224921,0.8937919586090809,0.8982721094455739,-10.059015865981516
public_input,baseline g,1.0,3,0.502036202158526,1.2,0.6256795400269857,0.6221741912269021,1.2698011509806388,0.8940028596171755,0.8984840675993709,-10.05005832759814
public_input,baseline g,1.0,3,0.502464857012963,1.2,0.6256868150043751,0.6221697943719711,1.269782954215601,0.8942360375618913,0.8987184143533985,-10.04015677267738
public_input,baseline g,1.0,3,0.5029347560956027,1.2,0.6256947639560408,0.6221649869108394,1.2697630635304842,0.8944915356621018,0.898975193143166,-10.029310865809899
public_input,baseline g,1.0,3,0.5034460144056994,1.2,0.6257034537458082,0.6221597503313381,1.2697413660772354,0.8947693520592116,0.8992544021007612,-10.017520239581355
public_input,baseline g,1.0,3,0.5039987571454999,1.2,0.6257128036474402,0.6221540987755061,1.2697179777109167,0.895069547836013,0.8995561026151557,-10.0047844946025
public_input,baseline g,1.0,3,0.5045931197713469,1.2,0.6257228549695619,0.6221480295424542,1.269692850413894,0.8953921432022955,0.8998803149974409,-9.99110319945643
public_input,baseline g,1.0,3,0.5052292480490046,1.2,0.6257335972151834,0.6221415382620521,1.2696659838277538,0.8957371734441251,0.9002270747105547,-9.976475890706816
public_input,baseline g,1.0,3,0.5059072981132409,1.2,0.6257450536850899,0.6221346293044302,1.2696373655071143,0.8961046731263888,0.9005964164926417,-9.96090207287715
public_input,baseline g,1.0,3,0.5066274365316988,1.2,0.6257571988831658,0.622127295598569,1.2696070033836795,0.8964946846964885,0.900988383003872,-9.9443812184386
public_input,baseline g,1.0,3,0.507389840373095,1.2,0.6257700317119523,0.6221195425462468,1.2695749119729243,0.8969072548467552,0.9014030211706228,-9.92691276779215
public_input,baseline g,1.0,3,0.5081946972797818,1.2,0.6257835602825095,0.6221113718167046,1.2695410873101847,0.8973424278815745,0.9018403755193566,-9.908496129248174
public_input,baseline g,1.0,3,0.5090422055447187,1.2,0.625797795794433,0.6221027807090533,1.2695055114868552,0.897800246920739,0.9023004893860046,-9.889130679008911
public_input,baseline g,1.0,3,0.5099325741928927,1.2,0.6258127146247277,0.6220937729558305,1.2694682173975549,0.8982807710850351,0.9027834221876978,-9.868815761155023
public_input,baseline g,1.0,3,0.5108660230672385,1.2,0.6258283353017982,0.622084321942199,1.269429120402624,0.8987840308400928,0.9032892045427755,-9.84755068760847
public_input,baseline g,1.0,3,0.5118427829191048,1.2,0.6258446683978098,0.6220744690626274,1.2693883127537564,0.8993101061485821,0.9038179168147221,-9.82533473814054
public_input,baseline g,1.0,3,0.5128630955033207,1.2,0.6258617234893826,0.6220641853954456,1.2693457130329038,0.8998590334216513,0.9043695955971979,-9.802167160314086
public_input,baseline g,1.0,3,0.5139272136779165,1.2,0.6258794341802283,0.6220534840510435,1.2693014202025636,0.9004308995675034,0.9049443282340348,-9.778047169495819
public_input,baseline g,1.0,3,0.5150354015085564,1.2,0.6258978441488121,0.622042353588272,1.2692553621644553,0.901025748620657,0.9055421589804754,-9.752973948796388
public_input,baseline g,1.0,3,0.5161879343777439,1.2,0.6259169795883213,0.6220308054482807,1.2692075411452075,0.9016436469605198,0.9061631545486558,-9.7269466490696
public_input,baseline g,1.0,3,0.5173850990988615,1.2,0.6259367974918009,0.6220188281899197,1.2691579717319592,0.9022846668736639,0.9068073875874859,-9.699964388880089
public_input,baseline g,1.0,3,0.5186271940351138,1.2,0.6259573572634167,0.6220064315850977,1.2691066187939657,0.9029488700311755,0.9074749200771794,-9.67202625446941
public_input,baseline g,1.0,3,0.5199145292234401,1.2,0.6259785813170113,0.6219936075311475,1.2690535397903586,0.9036363454206819,0.9081658414514161,-9.64313129974232
public_input,baseline g,1.0,3,0.5212474265034702,1.2,0.6260005204957371,0.6219803526895865,1.2689986755851956,0.9043471536084072,0.9088802125800094,-9.613278546216062
public_input,baseline g,1.0,3,0.5226262196515982,1.2,0.6260231709140218,0.6219666801708055,1.2689420626302585,0.905081383325297,0.9096181226386705,-9.582466983011745
public_input,baseline g,1.0,3,0.5240512545202515,1.2,0.6260465320231381,0.621952575832766,1.2688836663454524,0.9058391070363433,0.9103796444556242,-9.550695566806294
public_input,baseline g,1.0,3,0.5255228891824385,1.2,0.626070591916227,0.6219380477781351,1.2688235187646604,0.9066204177085945,0.9111648714639178,-9.517963221813941
public_input,baseline g,1.0,3,0.5270414940816569,1.2,0.6260953482921692,0.6219230852033564,1.2687615953529678,0.9074253959209504,0.9119738846463545,-9.484268839740858
public_input,baseline g,1.0,3,0.5286074521872524,1.2,0.6261208425727249,0.6219076989119865,1.268697881524649,0.9082541276458418,0.9128067704063036,-9.449611279757725
public_input,baseline g,1.0,3,0.5302211591553182,1.2,0.6261470072204649,0.621891899313527,1.268632470674336,0.9091067305598143,0.9136636470101673,-9.413989368474432
public_input,baseline g,1.0,3,0.5318830234952302,1.2,0.6261739071909938,0.6218756520845288,1.2685652125869755,0.9099832598439285,0.9145445699156018,-9.37740189986856
public_input,baseline g,1.0,3,0.5335934667419154,1.2,0.6262015202742877,0.6218589784380504,1.2684961821658294,0.9108838338089398,0.9154496580263983,-9.339847635296113
public_input,baseline g,1.0,3,0.5353529236339561,1.2,0.6262298441058127,0.6218418827442216,1.2684253926308333,0.9118085570835226,0.9163790164956842,-9.301325303424193
public_input,baseline g,1.0,3,0.537161842297634,1.2,0.6262588616466109,0.6218243596012645,1.2683528476029298,0.9127575345791045,0.9173327507607578,-9.261833600197594
public_input,baseline g,1.0,3,0.5390206844370244,1.2,0.6262886262355172,0.6218063871585278,1.2682784394662654,0.913730844136247,0.918310939052358,-9.221371188788757
public_input,baseline g,1.0,3,0.5409299255302531,1.2,0.6263190857061383,0.6217879855974215,1.2682022705178566,0.9147286229587209,0.9193137192619928,-9.179936699589646
public_input,baseline g,1.0,3,0.5428900550320312,1.2,0.6263502590437426,0.6217691663590954,1.26812435019225,0.91575098622455,0.9203412071450179,-9.137528730139252
public_input,baseline g,1.0,3,0.5449015765825912,1.2,0.6263821516557373,0.6217498978209894,1.2680445945316001,0.9167980268532067,0.9213934960866662,-9.094145845081105
public_input,baseline g,1.0,3,0.5469650082231464,1.2,0.6264147810636511,0.6217302018337552,1.2679630402913964,0.9178698732750796,0.9224707151610867,-9.049786576141376
public_input,baseline g,1.0,3,0.5490808826180046,1.2,0.6264481185496016,0.6217100767281514,1.267879712043126,0.9189666536619532,0.9235729931825277,-9.004449422071215
public_input,baseline g,1.0,3,0.5512497472834679,1.2,0.6264821715148943,0.6216895137639176,1.2677945806746769,0.9200884847001034,0.9247004474221575,-8.95813284859696
public_input,baseline g,1.0,3,0.5534721648236569,1.2,0.6265169546022564,0.6216685031691451,1.2677076072698998,0.9212354834393913,0.9258531955165517,-8.910835288378468
public_input,baseline g,1.0,3,0.5557487131734017,1.2,0.6265524585906785,0.6216470705270225,1.267618864598445,0.9224078002784469,0.927031388618217,-8.862555140974393
public_input,baseline g,1.0,3,0.5580799858483445,1.2,0.626588678252493,0.6216251831833421,1.2675282767749285,0.9236055484227202,0.9282351405000477,-8.813290772767559
public_input,baseline g,1.0,3,0.5604665922024078,1.2,0.626625636133634,0.6216028781624419,1.2674359132218713,0.9248288836525788,0.929464607723264,-8.763040516946116
public_input,baseline g,1.0,3,0.5629091576927818,1.2,0.6266633294148316,0.6215801096997229,1.2673416630792795,0.9260779159114896,0.9307199007824266,-8.71180267342031
public_input,baseline g,1.0,3,0.5654083241525933,1.2,0.6267017247212301,0.6215569262606733,1.267245680110282,0.9273528303518531,0.9320012057580164,-8.659575508817268
public_input,baseline g,1.0,3,0.5679647500714233,1.2,0.6267408625293456,0.6215332881200659,1.2671478251608979,0.9286537356045694,0.9333086318254481,-8.606357256372732
public_input,baseline g,1.0,3,0.5705791108838415,1.2,0.6267807460595951,0.6215092023489198,1.2670481125751216,0.9299807853375515,0.9346423334228982,-8.552146115923767
public_input,baseline g,1.0,3,0.5732520992661372,1.2,0.6268213461682421,0.621484683089274,1.2669466066255142,0.9313341501997787,0.9360024820547277,-8.496940253845136
public_input,baseline g,1.0,3,0.5759844254414287,1.2,0.6268626913084188,0.6214597276402392,1.266843272149935,0.9327139770226883,0.9373892252883694,-8.440737802979712
public_input,baseline g,1.0,3,0.578776817493336,1.2,0.6269047622080333,0.6214343201905357,1.266738089145257,0.9341204201207369,0.9388027182117847,-8.38353686259532
public_input,baseline g,1.0,3,0.5816300216884137,1.2,0.6269475794905564,0.6214084678111826,1.266631054552421,0.935553641842761,0.9402431239875866,-8.325335498328684
public_input,baseline g,1.0,3,0.5845448028075416,1.2,0.6269911321194093,0.6213821607302719,1.2665221551345855,0.9370138051793669,0.9417106064233752,-8.266131742126268
public_input,baseline g,1.0,3,0.5875219444864789,1.2,0.6270354247124654,0.6213554103889527,1.266411414693693,0.9385010867853516,0.9432053430594338,-8.20592359219112
public_input,baseline g,1.0,3,0.5905622495657936,1.2,0.6270804549973863,0.6213282292600228,1.2662988664845103,0.9400156694799457,0.9447275176313777,-8.144709012921927
public_input,baseline g,1.0,3,0.5936665404503856,1.2,0.6271262569695983,0.6213005792874964,1.2661843819805425,0.9415576950197879,0.9462772726064043,-8.0824859348361
public_input,baseline g,1.0,3,0.5968356594788269,1.2,0.6271727767441919,0.6212724729441708,1.2660680460491278,0.943127367578817,0.9478548131818778,-8.019252254548167
public_input,baseline g,1.0,3,0.600070469302753,1.2,0.6272200521485942,0.6212439304114562,1.2659498709934627,0.9447248750111985,0.9494603281535872,-7.955005834679195
public_input,baseline g,1.0,3,0.6033718532765401,1.2,0.6272680610212129,0.621214935878073,1.26582983969992,0.9463504007202915,0.9510940018442046,-7.889744503800117
public_input,baseline g,1.0,3,0.6067407158575169,1.2,0.6273168261341282,0.6211854822730014,1.2657079118320071,0.9480041253634,0.9527560158165823,-7.823466056369451
public_input,baseline g,1.0,3,0.6101779830169621,1.2,0.6273663682673605,0.6211555810373915,1.2655840950295199,0.9496862466519567,0.9544465687731859,-7.756168252677173
public_input,baseline g,1.0,3,0.6136846026621482,1.2,0.6274166535292198,0.6211252065880545,1.2654583596355073,0.9513969557399756,0.9561658528261929,-7.687848818772285
public_input,baseline g,1.0,3,0.6172615450697004,1.2,0.6274676824871108,0.6210943969809766,1.2653307996136347,0.9531364820895957,0.957914098587926,-7.618505446413732
public_input,baseline g,1.0,3,0.6209098033305457,1.2,0.6275194822118619,0.6210631158294129,1.2652012975083995,0.9549050001589751,0.9596914813910183,-7.548135792971278
public_input,baseline g,1.0,3,0.6246303938067362,1.2,0.6275720265158113,0.6210313810079393,1.2650699239079095,0.9567027407966728,0.9614982332411623,-7.476737481399148
public_input,baseline g,1.0,3,0.6284243566004422,1.2,0.6276253458708321,0.620999195855038,1.2649366566330822,0.9585299129825744,0.9633345641657595,-7.404308100140623
public_input,baseline g,1.0,3,0.6322927560354111,1.2,0.6276794088429205,0.6209665287481494,1.2648014485674821,0.960386722718294,0.9652006811990114,-7.3308452030667315
public_input,baseline g,1.0,3,0.6362366811512086,1.2,0.6277342605219045,0.6209334167116112,1.2646643465897374,0.9622734064718929,0.9670968219942802,-7.256346309419773
public_input,baseline g,1.0,3,0.6402572462105554,1.2,0.6277898529551873,0.6208998429024957,1.2645253568146115,0.9641901934821884,0.9690232169394478,-7.180808903730165
public_input,baseline g,1.0,3,0.6443555912200942,1.2,0.6278462372572426,0.6208658056515619,1.264384423981237,0.9661372999014014,0.9709800832702027,-7.104230435744119
public_input,baseline g,1.0,3,0.6485328824649206,1.2,0.6279033875975792,0.6208312881158817,1.2642415320822709,0.9681149571505604,0.9729676535675759,-7.0266083203629055
public_input,baseline g,1.0,3,0.652790313057229,1.2,0.6279613033714284,0.6207963054691419,1.2640967194139199,0.9701234163314661,0.9749861801920211,-6.94793993757298
public_input,baseline g,1.0,3,0.6571291034994325,1.2,0.6280200078833105,0.6207608654199551,1.2639499818198578,0.9721629209690419,0.9770359078891355,-6.868222632363597
public_input,baseline g,1.0,3,0.6615505022621248,1.2,0.6280794856419278,0.6207249477869111,1.2638012846607591,0.9742337103669556,0.9791170771621017,-6.787453714655152
public_input,baseline g,1.0,3,0.6660557863772645,1.2,0.6281397498236498,0.6206885552708991,1.2636506214692633,0.9763360362900078,0.9812299410376963,-6.7056304592313785
public_input,baseline g,1.0,3,0.6706462620469753,1.2,0.6282007866131643,0.6206517009823098,1.2634980386268928,0.9784701701364754,0.9833747722745863,-6.622750105667471
public_input,baseline g,1.0,3,0.6753232652683625,1.2,0.628262613760159,0.6206143718107524,1.2633434858177495,0.9806363604014755,0.9855518206134751,-6.5388098582399365
public_input,baseline g,1.0,3,0.6800881624747613,1.2,0.6283252005858988,0.6205765677562269,1.2631869937205686,0.9828348833631534,0.9877613637173581,-6.453806885868779
public_input,baseline g,1.0,3,0.6849423511938463,1.2,0.6283886182218761,0.6205382719758052,1.2630284493660238,0.9850659789195718,0.9900036426867925,-6.367738322018528
public_input,baseline g,1.0,3,0.6898872607230374,1.2,0.6284527962284843,0.620499524194715,1.2628680218711876,0.9873299726325873,0.9922789847155201,-6.280601264664064
public_input,baseline g,1.0,3,0.6949243528226603,1.2,0.6285177630565362,0.6204602776167094,1.2627055665433695,0.9896271049608899,0.9945876314675351,-6.192392776153135
public_input,baseline g,1.0,3,0.7000551224273222,1.2,0.6285835424352535,0.6204205632267554,1.2625411366200066,0.9919576781227242,0.9969298866759573,-6.103109883179464
public_input,baseline g,1.0,3,0.7052810983759861,1.2,0.6286501210037141,0.6203803598117942,1.2623746927687822,0.9943219727289162,0.9993060323581807,-6.012749576674633
public_input,baseline g,1.0,3,0.7106038441612367,1.2,0.6287174945819809,0.6203396744428455,1.262206256734047,0.9967202921062356,1.0017163733614065,-5.921308811744272
public_input,baseline g,1.0,3,0.7160249586982449,1.2,0.6287856627688786,0.6202985017181315,1.26203581549896,0.9991529347244492,1.0041612096514871,-5.828784507578191
public_input,baseline g,1.0,3,0.7215460771139571,1.2,0.6288546537725932,0.6202568568113382,1.2618633785467706,1.0016202108288315,1.006640853028809,-5.735173547375606
public_input,baseline g,1.0,3,0.7271688715570458,1.2,0.6289244389967643,0.6202147060366104,1.2616888907981756,1.0041224172009133,1.0091556017625252,-5.640472778255099
public_input,baseline g,1.0,3,0.7328950520291776,1.2,0.628995034233635,0.6201720803789146,1.2615124134275886,1.0066598898694932,1.0117057935657865,-5.5446790111911675
public_input,baseline g,1.0,3,0.7387263672381705,1.2,0.6290664206819006,0.6201289629953226,1.2613339233984806,1.0092329458533291,1.0142917470464137,-5.447789020911702
public_input,baseline g,1.0,3,0.7446646054736273,1.2,0.6291386665426937,0.6200853407754441,1.2611533199435092,1.0118418848810242,1.016913763435406,-5.3497995458158405
public_input,baseline g,1.0,3,0.7507115955056528,1.2,0.6292116926640174,0.6200412393024672,1.260970745763311,1.01448708368708,1.0195722213556546,-5.250707287922841
public_input,baseline g,1.0,3,0.7568692075072764,1.2,0.6292855709351124,0.6199966363316858,1.260786073712795,1.0171688455830146,1.0222674256390323,-5.150508912736789
public_input,baseline g,1.0,3,0.7631393540012239,1.2,0.6293602490966332,0.6199515443358976,1.2605993870337362,1.0198875415327573,1.0249997491089335,-5.0492010492103905
public_input,baseline g,1.0,3,0.7695239908317001,1.2,0.6294357696833013,0.6199059360626731,1.2604105754963781,1.0226434913571716,1.02776951318933,-4.946780289619565
public_input,baseline g,1.0,3,0.7760251181618615,1.2,0.629512107296603,0.6198598316934225,1.2602197146298584,1.0254370757207159,1.030577100452769,-4.843243189516244
public_input,baseline g,1.0,3,0.7826447814976824,1.2,0.6295892829236311,0.6198132453701841,1.2600268185759058,1.0282686633372478,1.0334228814612942,-4.738586267617853
public_input,baseline g,1.0,3,0.7893850727389358,1.2,0.6296672690708438,0.6197661373677315,1.259831816150601,1.0311386037185812,1.0363072074786543,-4.63280600571858
public_input,baseline g,1.0,3,0.7962481312580323,1.2,0.6297461070048058,0.6197185288991223,1.2596347187806134,1.0340472771631506,1.039230460709538,-4.525898848619807
public_input,baseline g,1.0,3,0.8032361450074849,1.2,0.6298257961352662,0.6196704199643566,1.2594355270561952,1.0369950671480466,1.0421930265532222,-4.417861204033389
public_input,baseline g,1.0,3,0.8103513516567865,1.2,0.6299063281839048,0.6196217806101159,1.2592341748516225,1.039982343608713,1.0451952767994603,-4.308689442488857
public_input,baseline g,1.0,3,0.8175960397595149,1.2,0.6299877014488364,0.6195726424589597,1.2590307424192193,1.043009526952023,1.048237633962424,-4.1983798972667845
public_input,baseline g,1.0,3,0.8249725499515008,1.2,0.6300699121239957,0.6195230065425363,1.2588252361276644,1.0460770222227846,1.0513205051172163,-4.086928864288403
public_input,baseline g,1.0,3,0.8324832761809209,1.2,0.6301529468788829,0.6194728462460091,1.2586176031962035,1.049185223396859,1.0544442862145111,-3.9743326020287446
public_input,baseline g,1.0,3,0.8401306669712053,1.2,0.6302368778379781,0.6194221723729347,1.2584077983363915,1.0523345334794811,1.057609382279615,-3.8605873314343304
public_input,baseline g,1.0,3,0.8479172267176741,1.2,0.6303216700311398,0.6193709768206457,1.258195836391344,1.0555253806492848,1.0608162236374166,-3.74568923583888
public_input,baseline g,1.0,3,0.8558455170188431,1.2,0.6304072962195173,0.6193192622900312,1.25798175130892,1.0587582060946523,1.0640652536877637,-3.6296344608699056
public_input,baseline g,1.0,3,0.8639181580433734,1.2,0.6304938077802387,0.6192670331512216,1.2577655025673953,1.0620334356013679,1.067356900350701,-3.512419114349484
public_input,baseline g,1.0,3,0.8721378299336601,1.2,0.6305811571579336,0.6192142735929368,1.257547098446921,1.065351517157958,1.0706916138603069,-3.3940392662162835
public_input,baseline g,1.0,3,0.8805072742470966,1.2,0.6306693821333784,0.6191609923554375,1.2573265228775283,1.0687128987902554,1.0740698444881527,-3.274490948427795
public_input,baseline g,1.0,3,0.88902929543607,1.2,0.6307585055880716,0.6191071833993521,1.257103737975919,1.072118029366643,1.0774920433525834,-3.15377015487007
public_input,baseline g,1.0,3,0.8977067623677852,1.2,0.6308484797531742,0.6190528456930329,1.2568787889483193,1.0755673910448598,1.0809586950281638,-3.031872841277055
public_input,baseline g,1.0,3,0.9065426098850453,1.2,0.6309393326802715,0.6189979731971083,1.2566516327413453,1.07906144665838,1.0844702646683309,-2.908794925122501
public_input,baseline g,1.0,3,0.9155398404091444,1.2,0.6310310879519543,0.618942579021969,1.2564222783386163,1.0826006830630701,1.0880272415693257,-2.784532285542506
public_input,baseline g,1.0,3,0.9247015255860773,1.2,0.6311237153376505,0.6188866402853159,1.256190699131074,1.086185584190295,1.0916301120882297,-2.659080763235299
public_input,baseline g,1.0,3,0.9340308079772923,1.2,0.6312172298260048,0.6188301809010962,1.255956939532318,1.0898166643392155,1.095279393102139,-2.532436160380125
public_input,baseline g,1.0,3,0.9435309027962627,1.2,0.6313116351728012,0.6187731557423046,1.2557208836910831,1.0934943961594081,1.0989755596297954,-2.40459424052241
public_input,baseline g,1.0,3,0.9532050996921831,1.2,0.6314069384601069,0.6187156186762067,1.2554826583315901,1.0972193366622827,1.1027191714746405,-2.275550728521704
public_input,baseline g,1.0,3,0.9630567645821445,1.2,0.6315031424950148,0.6186575185364263,1.255242133549468,1.10099197113745,1.1065107163588097,-2.145301310410103
public_input,baseline g,1.0,3,0.9730893415331738,1.2,0.6316002456897749,0.6185988792369098,1.2549993703347089,1.1048128535789765,1.1103507510532757,-2.0138416333443927
public_input,baseline g,1.0,3,0.9833063546955787,1.2,0.6316982593030938,0.6185396926749906,1.2547543373015828,1.1086825179162805,1.114239812163789,-1.8811673054857518
public_input,baseline g,1.0,3,0.9937114102890687,1.2,0.6317971849595927,0.618479952811297,1.2545070178236686,1.1126015118023012,1.1181784500884113,-1.7472738959179601
public_input,baseline g,1.0,3,1.0043081986431819,1.2,0.6318970063353784,0.6184196700553306,1.2542574540820626,1.1165704108857462,1.122167243361301,-1.6121569345592057
public_input,baseline g,1.0,3,1.0151004962935855,1.2,0.6319977615582708,0.6183588296274596,1.2540055712363385,1.1205897630112267,1.126206742573152,-1.4758119120526798
public_input,baseline g,1.0,3,1.0260921681358672,1.2,0.6320994197611118,0.6182974429688337,1.2537514285734708,1.1246601683982187,1.1302975509520523,-1.3382342796987583
public_input,baseline g,1.0,3,1.037287169638491,1.2,0.6322020195450437,0.6182354949057659,1.2534949498008783,1.1287821936599962,1.1344402379514376,-1.1994194493358457
public_input,baseline g,1.0,3,1.0486895491166357,1.2,0.6323055482104594,0.6181729864699046,1.2532361501807832,1.1329564446329623,1.1386354124444777,-1.0593627932707923
public_input,baseline g,1.0,3,1.0603034500686892,1.2,0.6324099904070135,0.6181099105902301,1.2529750274991176,1.1371835316955605,1.142883687869152,-0.9180596441754867
public_input,baseline g,1.0,3,1.0721331135772334,1.2,0.6325153680450954,0.6180462699676315,1.2527115665545008,1.1414640713172668,1.1471856837850014,-0.77550529499538
public_input,baseline g,1.0,3,1.0841828807763967,1.2,0.6326216964419309,0.6179820750116105,1.2524457778869091,1.1457986987965487,1.151542038674941,-0.6316949988611267
public_input,baseline g,1.0,3,1.0964571953875313,1.2,0.6327289758646715,0.6179172880602359,1.2521775676769544,1.1501880260377302,1.1559533675104778,-0.48662396898361404
public_input,baseline g,1.0,3,1.1089606063252093,1.2,0.6328371502473735,0.6178519538464585,1.251907103107229,1.1546327610493965,1.1604203818491046,-0.3402873785983873
public_input,baseline g,1.0,3,1.1216977703756155,1.2,0.6329463293763009,0.6177860309758099,1.2516341715676105,1.1591334986189432,1.164943679459601,-0.19268036081075035
public_input,baseline g,1.0,3,1.1346734549494641,1.2,0.6330564555835028,0.6177195346219767,1.251358868417487,1.1636909455849862,1.1695239707236273,-0.04379800857196159
public_input,baseline g,1.0,3,1.147892540911644,1.2,0.6331675018482419,0.6176524724935715,1.2510812398257896,1.1683058043709913,1.1741619615855603,0.10636462544709335
public_input,baseline g,1.0,3,1.1613600254898573,1.2,0.6332795449782291,0.6175848085979042,1.2508011195789646,1.1729787186731377,1.1788582989681204,0.25781252896296003
public_input,baseline g,1.0,3,1.1750810252645967,1.2,0.633392531805357,0.6175165816285542,1.250518656959971,1.1777104485754784,1.1836137467652976,0.41055073011855026
public_input,baseline g,1.0,3,1.189060779242872,1.2,0.633506530667667,0.6174477545611832,1.2502336916623118,1.1825016633059,1.1884289775594974,0.564584297635025
public_input,baseline g,1.0,3,1.2033046520181812,1.2,0.633621450234851,0.6173783469396081,1.2499463635631352,1.1873531445079903,1.1933047769123122,0.7199183408420282
public_input,baseline g,1.0,3,1.217818137019287,1.2,0.6337373890814013,0.6173083506611621,1.249656553960925,1.1922655998577434,1.1982418560469765,0.876558009822352
public_input,baseline g,1.0,3,1.2326068598504607,1.2,0.633854274050859,0.6172377472136756,1.2493642900279112,1.1972397985905163,1.2032409880546564,1.0345084954618144
public_input,baseline g,1.0,3,1.247676581725918,1.2,0.633972161377093,0.6171665675821155,1.2490695924968818,1.2022765208898505,1.2083029570295791,1.1937750295533212
public_input,baseline g,1.0,3,1.2630332030012734,1.2,0.6340910385438021,0.6170947720412547,1.2487723752066744,1.2073765238682685,1.2134285238793092,1.354362884895222
public_input,baseline g,1.0,3,1.2786827668049243,1.2,0.634210913807884,0.6170223976154312,1.248472721868847,1.2125406357887187,1.2186185210184812,1.5162773753527103
public_input,baseline g,1.0,3,1.294631462772364,1.2,0.6343317660109054,0.6169494002092875,1.2481705441089646,1.2177696400122664,1.2238737357347733,1.679523855978795
public_input,baseline g,1.0,3,1.31088563088653,1.2,0.6344536735909201,0.6168758141462725,1.2478658487484204,1.2230643662396785,1.2291950018878453,1.8441077230757719
public_input,baseline g,1.0,3,1.3274517654273796,1.2,0.6345765403617687,0.6168016078038265,1.247558653422936,1.2284256621956706,1.23458317145165,2.0100344142900646
public_input,baseline g,1.0,3,1.3443365190339982,1.2,0.6347004341232558,0.6167267882529687,1.247248907897118,1.2338543666632733,1.2400390874136362,2.1773094087063436
public_input,baseline g,1.0,3,1.3615467068826452,1.2,0.6348253494842417,0.6166513571629404,1.2469366217085018,1.2393513537736156,1.2455636282865328,2.345938226920488
public_input,baseline g,1.0,3,1.3790893109842512,1.2,0.6349512673012847,0.6165753145337418,1.2466218140005298,1.2449175161321666,1.2511576911500129,2.5159264311299454
public_input,baseline g,1.0,3,1.3969714846049992,1.2,0.6350782153624821,0.6164986559952421,1.2463044461296988,1.2505537415169699,1.2568221682321257,2.6872796252245728
public_input,baseline g,1.0,3,1.4152005568137338,1.2,0.6352062100251745,0.6164213728071812,1.2459844800278634,1.2562609333427577,1.2625579674759893,2.860003454864792
public_input,baseline g,1.0,3,1.4337840371600625,1.2,0.6353352240449917,0.616343461237022,1.2456619336677706,1.2620400305724833,1.268366032551127,3.0341036075593317
public_input,baseline g,1.0,3,1.4527296204871472,1.2,0.6354652798682952,0.6162649206471711,1.2453367830192774,1.2678919735910976,1.27424730855619,3.209585812757359
public_input,baseline g,1.0,3,1.4720451918832933,1.2,0.6355963852115669,0.6161857685181498,1.2450090637875169,1.2738177404900572,1.280202778485339,3.3864558419202364
public_input,baseline g,1.0,3,1.4917388317766058,1.2,0.6357285389161182,0.6161059590853595,1.2446786634519142,1.279818273378207,1.286233389169758,3.5647195086225283
public_input,baseline g,1.0,3,1.5118188211770927,1.2,0.6358617235645139,0.6160255152310994,1.2443456562695365,1.28589459802051,1.2923401715160792,3.7443826685998323
public_input,baseline g,1.0,3,1.5322936470707536,1.2,0.635995978380758,0.6159444527666493,1.2440100422915985,1.2920477313511445,1.298524147555884,3.9254512198533966
public_input,baseline g,1.0,3,1.5531720079703377,1.2,0.6361313052410025,0.6158627329984301,1.2436717235270978,1.2982786726445192,1.3047863215724655,4.107931102730779
public_input,baseline g,1.0,3,1.5744628196276003,1.2,0.6362676914367249,0.6157803858797606,1.2433307870886,1.304588506120059,1.3111277832199206,4.291828299976191
public_input,baseline g,1.0,3,1.5961752209120554,1.2,0.6364051525552394,0.615697365646042,1.2429871037095288,1.3109782560362853,1.3175495618908886,4.477148836845766
public_input,baseline g,1.0,3,1.618318579861377,1.2,0.6365436905719521,0.6156137126600949,1.242640771675723,1.3174490482346464,1.3240527890701206,4.663898781140694
public_input,baseline g,1.0,3,1.6409024999087747,1.2,0.6366832851396704,0.6155294023703787,1.2422917503483497,1.324001977266098,1.330638564795033,4.852084243317027
public_input,baseline g,1.0,3,1.6639368262928396,1.2,0.6368239966149065,0.6154444418479127,1.2419399969353082,1.3306381562890492,1.3373080078037631,5.041711376546403
public_input,baseline g,1.0,3,1.6874316526555453,1.2,0.6369657855448785,0.6153588142497692,1.2415855090515482,1.3373587332392154,1.3440622717860793,5.232786376784521
public_input,baseline g,1.0,3,1.7113973278342638,1.2,0.6371086785790177,0.615272536418876,1.2412283018854702,1.3441648830210693,1.350902537535687,5.425315482845024
public_input,baseline g,1.0,3,1.7358444628538618,1.2,0.6372526604825435,0.6151855784019145,1.2408683162678118,1.3510577736106448,1.3578299788831243,5.619304976478762
public_input,baseline g,1.0,3,1.7607839381251333,1.2,0.637397767025853,0.615097962049536,1.240505570705194,1.358038623070837,1.3648458199968518,5.814761182428468
public_input,baseline g,1.0,3,1.7862269108560356,1.2,0.6375439869811295,0.6150096682119783,1.2401400288574245,1.365108650518552,1.371951286104625,6.011690468509671
public_input,baseline g,1.0,3,1.8121848226824113,1.2,0.637691308313026,0.6149207072987428,1.2397717286170509,1.372269125100892,1.3791476527151725,6.210099245665359
public_input,baseline g,1.0,3,1.8386694075250942,1.2,0.6378397522294268,0.6148310705695696,1.239400627065384,1.3795213079377824,1.3864361872698088,6.4099939680463365
public_input,baseline g,1.0,3,1.8656926996805347,1.2,0.6379893289880245,0.6147407422131783,1.23902667466951,1.386866480306816,1.3938181774685583,6.611381133068644
public_input,baseline g,1.0,3,1.8932670421523103,1.2,0.6381400316623866,0.6146497353399596,1.2386499109220728,1.3943059808369973,1.4012949686503302,6.814267281467361
public_input,baseline g,1.0,3,1.921405095231136,1.2,0.6382918748665833,0.6145580428788946,1.2382703036445903,1.4018411446393515,1.4088679026184228,7.018658997373816
public_input,baseline g,1.0,3,1.9501198453312445,1.2,0.6384448703457029,0.6144656517195921,1.2378878085257639,1.4094733262789414,1.4165383407276841,7.224562908370205
public_input,baseline g,1.0,3,1.979424614091259,1.2,0.6385989975096051,0.614372576004091,1.2375024812845568,1.417203943907062,1.4243077082379216,7.431985685537714
public_input,baseline g,1.0,3,2.009333067747975,1.2,0.63875429810063,0.6142788119998543,1.237114270907008,1.4250343996321593,1.4321774142856796,7.640934043533676
public_input,baseline g,1.0,3,2.0398592267917226,1.2,0.6389133088177841,0.6141827852913844,1.2367167298460144,1.4329636023479728,1.4401463622955044,7.851414740634773
public_input,baseline g,1.0,3,2.071017475912293,1.2,0.6390683553465302,0.614089150872331,1.2363290954203394,1.4410006010328364,1.448223646603923,8.06343457879466
public_input,baseline g,1.0,3,2.1028225742447084,1.2,0.6392296899558412,0.6139917240664973,1.2359257526253375,1.449136786312523,1.4564006146820399,8.27700040368967
public_input,baseline g,1.0,3,2.135289665924415,1.2,0.6393896387808258,0.6138951369852337,1.2355258814904946,1.4573812748554802,1.4646864288957937,8.492119104786351
public_input,baseline g,1.0,3,2.168434290961828,1.2,0.6395482596285125,0.6137993640453517,1.235129360660141,1.465735611113003,1.473082641438074,8.708797615369189
public_input,baseline g,1.0,3,2.2022723964464688,1.2,0.6397131163679894,0.6136998014195788,1.2347171903582441,1.4741937539656649,1.4815831809082163,8.927042912611128
public_input,baseline g,1.0,3,2.23682034809129,1.2,0.6398766457370244,0.613601057305318,1.2343083806093853,1.482764947509043,1.4901973377380209,9.146862017604077
public_input,baseline g,1.0,3,2.2720949421281498,1.2,0.6400413462309902,0.6135015889096314,1.2338966006205339,1.4914482947178713,1.498924210405863,9.368261995411046
public_input,baseline g,1.0,3,2.308113417565749,1.2,0.6402047411355636,0.613402927584307,1.2334881309838546,1.5002480409542454,1.5077680655538042,9.59124995509708
public_input,baseline g,1.0,3,2.344893468821764,1.2,0.6403744021419666,0.6133004722029615,1.2330639708101894,1.5091581134692948,1.516722799993194,9.815833049793113
public_input,baseline g,1.0,3,2.382453258741261,1.2,0.6405427591910628,0.6131988097499396,1.232643084227787,1.518188011953965,1.525797961032377,10.042018476701859
public_input,baseline g,1.0,3,2.4208114320139376,1.2,0.640712337656252,0.6130964142752313,1.2322191554034223,1.527336920273727,1.5349927284459328,10.269813477167597
public_input,baseline g,1.0,3,2.4599871290031343,1.2,0.6408831334334892,0.6129932776761695,1.2317921683141155,1.5366066340502895,1.5443089068561604,10.49922533669061
public_input,baseline g,1.0,3,2.5,1.2,0.6410551555698905,0.6128893895432526,1.2313620880555485,1.5459989746199867,1.5537483267288819,10.730261384963914
public_input,high g,1.4,1,0.5,1.2,0.8568209561647903,0.404985450366657,0.367947616627189,0.5984061899645666,0.6014057134741588,-3.7024573306922126
public_input,high g,1.4,1,0.5000203210855501,1.2,0.85681953870198,0.40498642841667065,0.36795114667802864,0.5984162247706662,0.6014157985799333,-3.7024101441760697
public_input,high g,1.4,1,0.5000812892976928,1.2,0.8568153224698591,0.40498935819658133,0.3679616912347566,0.5984463067643239,0.6014460313602117,-3.7022685785282583
public_input,high g,1.4,1,0.5001829195049198,1.2,0.8568082743687919,0.40499424844664966,0.3679793022759714,0.5984964661627996,0.6014964421837186,-3.702032615455627
public_input,high g,1.4,1,0.5003252364947652,1.2,0.8567984066942348,0.4050010904266149,0.3680039486272534,0.5985666924865131,0.6015670205183444,-3.701702224460774
public_input,high g,1.4,1,0.5005082749838822,1.2,0.8567861004447345,0.40500965595107763,0.36803475640959327,0.5986565422180702,0.6016573206235553,-3.7012773628126445
public_input,high g,1.4,1,0.500732079632158,1.2,0.8567709458099284,0.40502017050454836,0.36807262247989603,0.5987664886800682,0.6017678181944873,-3.7007579756214732
public_input,high g,1.4,1,0.5009967050608752,1.2,0.8567595089574253,0.4050281174188213,0.3681012246672287,0.5988881119865879,0.601890051140368,-3.7001439968063394
public_input,high g,1.4,1,0.5013022158749305,1.2,0.8568549488700881,0.4049618307382185,0.367862605524464,0.5988881144486673,0.6018900536147886,-3.699435779140305
public_input,high g,1.4,1,0.5016486866891229,1.2,0.8568434129077964,0.40496985170116745,0.3678914667667254,0.5990428171953883,0.6020455318122546,-3.698633383684089
public_input,high g,1.4,1,0.502036202158526,1.2,0.8568140324993232,0.4049902578277887,0.3679649244087005,0.5992370819568251,0.6022407703298605,-3.697736245032995
public_input,high g,1.4,1,0.502464857012963,1.2,0.8567848764727842,0.40501048860462835,0.3680377789132129,0.5994475652315767,0.6024523086564172,-3.6967442446308683
public_input,high g,1.4,1,0.5029347560956027,1.2,0.8567524771723233,0.4050330103697786,0.3681188252263986,0.5996788375400675,0.6026847402221784,-3.6956572562810397
public_input,high g,1.4,1,0.5034460144056994,1.2,0.8567180036399973,0.4050569207911431,0.3682049452688718,0.5999293123635656,0.6029364705559542,-3.694475136039302
public_input,high g,1.4,1,0.5039987571454999,1.2,0.8567809156483791,0.4050132430347574,0.36804768930669673,0.6000704695523096,0.6030783352980512,-3.693198021718497
public_input,high g,1.4,1,0.5045931197713469,1.2,0.8569360956932728,0.4049054928365146,0.3676597688335989,0.6001087131019792,0.6031167705443112,-3.6918279207166522
public_input,high g,1.4,1,0.5052292480490046,1.2,0.8568897782159313,0.4049376480360972,0.36777554154203873,0.6004243750285578,0.6034340147328815,-3.6903635586276198
public_input,high g,1.4,1,0.5059072981132409,1.2,0.8568436919233846,0.40496966220934716,0.3678907784488053,0.6007564547050007,0.6037677589656294,-3.6888036459019014
public_input,high g,1.4,1,0.5066274365316988,1.2,0.8568772864232114,0.4049463263028152,0.3678067783908695,0.6010019939286573,0.6040145289597663,-3.687148673278638
public_input,high g,1.4,1,0.507389840373095,1.2,0.856822212347431,0.40498456654672965,0.3679444513935053,0.6013791814077065,0.6043936070989222,-3.685398380270517
public_input,high g,1.4,1,0.5081946972797818,1.2,0.8568273010461394,0.4049810279285375,0.36793171927950175,0.6016951659041577,0.6047111754742531,-3.6835520640088095
public_input,high g,1.4,1,0.5090422055447187,1.2,0.856948433914589,0.404896895689492,0.3676288607747138,0.6018773415999256,0.6048942643294961,-3.681612742979044
public_input,high g,1.4,1,0.5099325741928927,1.2,0.8568930335832203,0.40493538263097495,0.3677673928996857,0.6023054522312429,0.605324520874283,-3.679577941493108
public_input,high g,1.4,1,0.5108660230672385,1.2,0.8568557361298274,0.4049612861767047,0.36786064201185475,0.6027269732205072,0.6057481547462987,-3.6774471269064124
public_input,high g,1.4,1,0.5118427829191048,1.2,0.8569316681475652,0.40490854950071925,0.36767079877398845,0.6030182976547692,0.6060409394503643,-3.6752207841416293
public_input,high g,1.4,1,0.5128630955033207,1.2,0.8569727107176428,0.4048800483624731,0.3675681937452992,0.6033718522557593,0.6063962662511668,-3.672899343214405
public_input,high g,1.4,1,0.5139272136779165,1.2,0.857165912662544,0.4047458924831028,0.36708521510095793,0.6035442426841571,0.6065695207901828,-3.6704867902263225
public_input,high g,1.4,1,0.5150354015085564,1.2,0.8570917998115193,0.4047973488749991,0.36727047375847865,0.6040816409802534,0.6071096128064482,-3.6679789132687723
public_input,high g,1.4,1,0.5161879343777439,1.2,0.8570109516038169,0.40485348751297423,0.36747258142420747,0.604645022064142,0.6076758178497715,-3.665373363775892
public_input,high g,1.4,1,0.5173850990988615,1.2,0.8570244222040797,0.40484416608452584,0.3674389765384962,0.6051027291247326,0.6081358191765509,-3.662670546368758
public_input,high g,1.4,1,0.5186271940351138,1.2,0.8569394022447883,0.4049031931079434,0.36765149486836957,0.6057060921606833,0.608742206582305,-3.65987106573259
public_input,high g,1.4,1,0.5199145292234401,1.2,0.8569831181636305,0.40487281428847627,0.3675421606994784,0.606158795990761,0.6091971795997742,-3.656974651496458
public_input,high g,1.4,1,0.5212474265034702,1.2,0.8569411810301557,0.40490196128934186,0.3676470553548228,0.6067407143724353,0.6097820148594749,-3.653981200098854
public_input,high g,1.4,1,0.5226262196515982,1.2,0.8571398479398774,0.4047639918101335,0.36715037437001097,0.6070254346690291,0.6100681623224946,-3.6508958894292545
public_input,high g,1.4,1,0.5240512545202515,1.2,0.8571267495141272,0.40477308068305207,0.36718310476126537,0.6076043904658643,0.6106500201473382,-3.647715335491941
public_input,high g,1.4,1,0.5255228891824385,1.2,0.8570293093818319,0.4048407445787193,0.3674266989082019,0.6083113818914758,0.6113605553822179,-3.644435788126667
public_input,high g,1.4,1,0.5270414940816569,1.2,0.8569257827085756,0.4049126441215748,0.36768552859402603,0.6090441061234256,0.6120969524096647,-3.6410560706710005
public_input,high g,1.4,1,0.5286074521872524,1.2,0.8568779144367713,0.4049458813731658,0.3678051893292669,0.6097216885535592,0.6127779312358632,-3.6375768046031403
public_input,high g,1.4,1,0.5302211591553182,1.2,0.8569455996529578,0.4048989073260263,0.36763604017125906,0.6102655171201452,0.613324485754483,-3.6339987992443024
public_input,high g,1.4,1,0.5318830234952302,1.2,0.8570156523417827,0.40485024405783837,0.36746087482314826,0.6108238278741385,0.6138855950527768,-3.6303291283834573
public_input,high g,1.4,1,0.5335934667419154,1.2,0.8569487452582988,0.40489670182754134,0.36762813068919054,0.6115799712894605,0.6146455286527409,-3.62655879826474
public_input,high g,1.4,1,0.5353529236339561,1.2,0.8568469100481413,0.40496743382856293,0.3678827470215547,0.6124001894054645,0.6154698581291606,-3.6226884943011375
public_input,high g,1.4,1,0.537161842297634,1.2,0.8567495317693555,0.40503504925874256,0.36812617462952846,0.6132327648976675,0.6163066069233853,-3.6187162778925286
public_input,high g,1.4,1,0.5390206844370244,1.2,0.856798616176794,0.405000947731041,0.36800343092225457,0.613890732597924,0.6169678727004642,-3.6146433817235897
public_input,high g,1.4,1,0.5409299255302531,1.2,0.8567813641603548,0.40501294080068184,0.36804658796911816,0.6146543196703924,0.6177352872690614,-3.6104749727798255
public_input,high g,1.4,1,0.5428900550320312,1.2,0.8568557035552651,0.404961309059004,0.3678607240121836,0.6153153149511211,0.6183995958024225,-3.6062098224285206
public_input,high g,1.4,1,0.5449015765825912,1.2,0.8567239666715151,0.40505279351607976,0.36819006732321735,0.6162668677366969,0.6193559182661849,-3.6018416431635374
public_input,high g,1.4,1,0.5469650082231464,1.2,0.8566959072170441,0.4050722842002137,0.3682602266554176,0.617100115703059,0.6201933429053595,-3.5973726408075954
public_input,high g,1.4,1,0.5490808826180046,1.2,0.8568740298308861,0.4049485960780677,0.36781493769774015,0.6176790119257866,0.6207751408574788,-3.59280709145238
public_input,high g,1.4,1,0.5512497472834679,1.2,0.856778552372127,0.4050148996015982,0.3680536307673252,0.6186388067902784,0.6217397467137497,-3.588142746970407
public_input,high g,1.4,1,0.5534721648236569,1.2,0.8569906558101694,0.4048675989220331,0.36752335786142204,0.6192093308986778,0.6223131305861432,-3.5833790708157194
public_input,high g,1.4,1,0.5557487131734017,1.2,0.8568440317777533,0.40496940844075924,0.3678898904542869,0.620274923161357,0.6233840641522668,-3.5785178484868325
public_input,high g,1.4,1,0.5580799858483445,1.2,0.8570356604431099,0.4048363433536578,0.36741084120079115,0.6209098038405814,0.624022127184139,-3.5735526715883865
public_input,high g,1.4,1,0.5604665922024078,1.2,0.8571250978581859,0.40477422971271704,0.367187238321283,0.6216992758436138,0.6248155564320546,-3.5685003637791195
public_input,high g,1.4,1,0.5629091576927818,1.2,0.8569695504114802,0.40488225656184706,0.3675761237621097,0.6228346537830424,0.6259566254770877,-3.563343664115847
public_input,high g,1.4,1,0.5654083241525933,1.2,0.8569901654940609,0.40486793547955763,0.3675245751417836,0.6237544463214789,0.6268810284948096,-3.5580801319671846
public_input,high g,1.4,1,0.5679647500714233,1.2,0.8570580242755464,0.40482080459480557,0.36735491364923367,0.6246303938525659,0.6277613667311679,-3.5527179768095776
public_input,high g,1.4,1,0.5705791108838415,1.2,0.8570568270811738,0.40482165139039494,0.36735793992207944,0.6256181834418237,0.6287541076363464,-3.547261373901137
public_input,high g,1.4,1,0.5732520992661372,1.2,0.8569663029229294,0.40488449368289187,0.3675842034321172,0.6267453973515059,0.629886971729264,-3.5416965637442517
public_input,high g,1.4,1,0.5759844254414287,1.2,0.8567989625623945,0.4050007212148827,0.36800259526175216,0.6279958103258961,0.6311436524247711,-3.536023392901649
public_input,high g,1.4,1,0.578776817493336,1.2,0.8570197616025407,0.404847376885454,0.3674505724700402,0.6287450039428166,0.6318966013903241,-3.5302485207704413
public_input,high g,1.4,1,0.5816300216884137,1.2,0.8569518103588303,0.40489456330671314,0.36762044638367003,0.6299021302621347,0.6330595278294548,-3.5243769256886717
public_input,high g,1.4,1,0.5845448028075416,1.2,0.856772331355953,0.40501920826581467,0.36806915849820676,0.6312299424748411,0.6343939957285748,-3.5183940924688573
public_input,high g,1.4,1,0.5875219444864789,1.2,0.8568047864115946,0.40499668213053414,0.36798804699035914,0.6322927558282427,0.63546213645608,-3.512300711214068
public_input,high g,1.4,1,0.5905622495657936,1.2,0.8569016434369086,0.4049294103288984,0.3677458828735121,0.6332888261193295,0.6364631995702782,-3.5061086893719136
public_input,high g,1.4,1,0.5936665404503856,1.2,0.8567834835209207,0.40501145521349236,0.36804125974022295,0.6345960837369237,0.6377770098439492,-3.499812620624372
public_input,high g,1.4,1,0.5968356594788269,1.2,0.856655822663226,0.4051001068216327,0.3683604080715007,0.635937344091576,0.6391249932941072,-3.493407018498157
public_input,high g,1.4,1,0.600070469302753,1.2,0.8569138466725201,0.40492092322324197,0.36771534748968265,0.6367766650320866,0.6399685213483398,-3.486901587533919
public_input,high g,1.4,1,0.6033718532765401,1.2,0.8569377512739198,0.40490433069645876,0.36765560303043104,0.6379541215283208,0.6411518798698224,-3.4802967385658814
public_input,high g,1.4,1,0.6067407158575169,1.2,0.8569849711863684,0.40487155251655604,0.3675375822493927,0.6391208892207195,0.6423244960096174,-3.473595790061677
public_input,high g,1.4,1,0.6101779830169621,1.2,0.8570699289821629,0.40481255274556804,0.36732518494826405,0.6402572462196183,0.6434665490216768,-3.466782067990114
public_input,high g,1.4,1,0.6136846026621482,1.2,0.8570490290120948,0.4048270606187887,0.36737742192448886,0.6415593808783153,0.6447752106575123,-3.4598743212474137
public_input,high g,1.4,1,0.6172615450697004,1.2,0.8570093736560204,0.40485461095945086,0.36747658601639366,0.642908929565487,0.6461315239856292,-3.452849746166714
public_input,high g,1.4,1,0.6209098033305457,1.2,0.8569148642458634,0.4049202201548743,0.36771281128866506,0.6443555892047628,0.6475854350365234,-3.4457183989024687
public_input,high g,1.4,1,0.6246303938067362,1.2,0.8570355902130226,0.40483638744901523,0.36741100667685045,0.6455291251299422,0.648764853335007,-3.4384884083932183
public_input,high g,1.4,1,0.6284243566004422,1.2,0.8569508667496714,0.4048952320516318,0.3676228344818534,0.6470068370036901,0.6502499722703462,-3.4311441644293206
public_input,high g,1.4,1,0.6322927560354111,1.2,0.8569145685410282,0.40492042982810483,0.3677135598876782,0.6484404878210049,0.651690809292288,-3.4236878378068183
public_input,high g,1.4,1,0.6362366811512086,1.2,0.8569924299501698,0.40486635733152315,0.3675189018859203,0.6497392499952356,0.6529960815390083,-3.416129286837565
public_input,high g,1.4,1,0.6402572462105554,1.2,0.8567989866811472,0.4050006983325834,0.36800252171723286,0.6514353305981816,0.6547006637813558,-3.408454344641526
public_input,high g,1.4,1,0.6443555912200942,1.2,0.8568690752426454,0.4049520333951542,0.36782731689088755,0.6527903143484781,0.6560624394159649,-3.400658110145348
public_input,high g,1.4,1,0.6485328824649206,1.2,0.8569811436239824,0.4048741942044298,0.36754711585758615,0.6541096769586466,0.6573884153587379,-3.392774915782195
public_input,high g,1.4,1,0.652790313057229,1.2,0.8567569079484625,0.405029935193405,0.36810775206929236,0.6559190899152406,0.6592068980355201,-3.3847703496404336
public_input,high g,1.4,1,0.6571291034994325,1.2,0.8569808126927939,0.40487441094867976,0.3675479149563544,0.6571291024885636,0.6604229758221071,-3.3766539287083086
public_input,high g,1.4,1,0.6615505022621248,1.2,0.8572304012378111,0.4047010956503709,0.36692396536699,0.6583254722400662,0.6616253424019446,-3.3684481902512835
public_input,high g,1.4,1,0.6660557863772645,1.2,0.8571283550354334,0.40477195723657544,0.36717907259556976,0.6600361656515542,0.6633446106998417,-3.3601356075118245
public_input,high g,1.4,1,0.6706462620469753,1.2,0.8571297301543391,0.4047710162108998,0.36717566486120445,0.6616264497123554,0.6649428660926701,-3.35170238894756
public_input,high g,1.4,1,0.6753232652683625,1.2,0.857055584247983,0.40482251129637525,0.3673610401521876,0.6633469545199995,0.6666719949665512,-3.343159478178028
public_input,high g,1.4,1,0.6800881624747613,1.2,0.856992528408258,0.4048663001257749,0.3675186798634158,0.6650766537120653,0.6684103643118977,-3.334506714635983
public_input,high g,1.4,1,0.6849423511938463,1.2,0.857168436016055,0.40474413898528666,0.3670789041921642,0.6664945118279558,0.6698353294711699,-3.325734854231179
public_input,high g,1.4,1,0.6898872607230374,1.2,0.8569129591827458,0.4049215462035621,0.36771758061694837,0.6685454668087589,0.6718965649065959,-3.3168523509349006
public_input,high g,1.4,1,0.6949243528226603,1.2,0.856912187265767,0.4049220951352062,0.3677195382262785,0.6702625493378411,0.6736222543476724,-3.3078472179044285
public_input,high g,1.4,1,0.7000551224273222,1.2,0.8569692087142922,0.4048824803771163,0.36757694890027914,0.6719229778883177,0.6752910058308939,-3.298734428019318
public_input,high g,1.4,1,0.7052810983759861,1.2,0.8568492367494389,0.40496580284491046,0.3678768973955677,0.6738600342864036,0.677237771764581,-3.289495136154301
public_input,high g,1.4,1,0.7106038441612367,1.2,0.8570806968737529,0.40480505783196397,0.3672982280432894,0.6753232662513843,0.6787083382103082,-3.2801459431742286
public_input,high g,1.4,1,0.7160249586982449,1.2,0.8570807937356402,0.4048049891850661,0.36729798290410276,0.6771411932686002,0.6805353776246188,-3.270705019104901
public_input,high g,1.4,1,0.7215460771139571,1.2,0.8570046956531249,0.4048578386033068,0.3674882357300179,0.6790943457871454,0.682498320360905,-3.2611426532779113
public_input,high g,1.4,1,0.7271688715570458,1.2,0.8572321317081157,0.4046999008561073,0.3669196541410762,0.6806392788940756,0.68405099747726,-3.2514605638473824
public_input,high g,1.4,1,0.7328950520291776,1.2,0.8571494560785369,0.4047573137388002,0.3671263415972717,0.682655166199398,0.6860769894597505,-3.2416763702635043
public_input,high g,1.4,1,0.7387263672381705,1.2,0.8569618198002518,0.40488762169488346,0.36759544306069664,0.684849658951004,0.6882824821520497,-3.2317546405055118
public_input,high g,1.4,1,0.7446646054736273,1.2,0.8571792040553113,0.40473664677257165,0.3670519529734436,0.6864880626317144,0.6899290983653856,-3.22173018918623
public_input,high g,1.4,1,0.7507115955056528,1.2,0.8569630011977643,0.4048868075535018,0.36759250311779973,0.6887798219011115,0.6922323451259254,-3.211574372873135
public_input,high g,1.4,1,0.7568692075072764,1.2,0.8570884948771451,0.40479964423343995,0.3672787366670853,0.6906053509373205,0.6940670246645078,-3.2012966304363526
public_input,high g,1.4,1,0.7631393540012239,1.2,0.8569825286366936,0.40487323633582645,0.3675436618486917,0.6927944683034735,0.6962671150271224,-3.190902191550842
public_input,high g,1.4,1,0.7695239908317001,1.2,0.8569371751048214,0.4049047413026593,0.36765706610892285,0.69492435287998,0.6984076756944968,-3.1803805268275145
public_input,high g,1.4,1,0.7760251181618615,1.2,0.8570247142325274,0.40484393956836756,0.36743819523514665,0.6968891544834086,0.700382325906947,-3.169751225439204
public_input,high g,1.4,1,0.7826447814976824,1.2,0.8572352186425736,0.40469776503616806,0.3669119538355494,0.6987021510543178,0.702204410160986,-3.1590172697124963
public_input,high g,1.4,1,0.7893850727389358,1.2,0.8571860026147189,0.4047319406125456,0.36703498910837973,0.7009240812303967,0.7044374778084206,-3.148155905032466
public_input,high g,1.4,1,0.7962481312580323,1.2,0.8570922240886638,0.4047970466409235,0.3672693966557308,0.7032414038208302,0.7067664160266766,-3.137175655282909
public_input,high g,1.4,1,0.8032361450074849,1.2,0.8572073245691936,0.404717126135119,0.3669816678826634,0.7052810984572829,0.7088163346750412,-3.1260644032642295
public_input,high g,1.4,1,0.8103513516567865,1.2,0.8571056667467679,0.40478772251158607,0.367235813878258,0.7076706381857857,0.7112178520212776,-3.1148423228656936
public_input,high g,1.4,1,0.8175960397595149,1.2,0.8570464643084347,0.4048288440699235,0.3673838388826002,0.7100283991510871,0.713587431312599,-3.1034723375760906
public_input,high g,1.4,1,0.8249725499515008,1.2,0.8571156429064177,0.40478080648294473,0.3672108990967429,0.7122265414419036,0.7157965918375002,-3.091993003890729
public_input,high g,1.4,1,0.8324832761809209,1.2,0.857023137119344,0.4048450330615255,0.3674421342935512,0.714696137964702,0.7182785672643834,-3.080373552528822
public_input,high g,1.4,1,0.8401306669712053,1.2,0.8574380123321571,0.4045569327547057,0.36640496241800735,0.7164394422212772,0.7200306098699091,-3.068642840999166
public_input,high g,1.4,1,0.8479172267176741,1.2,0.8572494538961547,0.40468787783314786,0.36687636222344466,0.7191158341684547,0.7227204172875498,-3.0568032166478405
public_input,high g,1.4,1,0.8558455170188431,1.2,0.8572307824938739,0.4047008489528023,0.36692305124417923,0.72157035344022,0.7251872398883645,-3.044817289156347
public_input,high g,1.4,1,0.8639181580433734,1.2,0.857409048655487,0.4045770480884011,0.36647737521545964,0.7237605312088008,0.7273883959686961,-3.0327305726272877
public_input,high g,1.4,1,0.8721378299336601,1.2,0.8570666140592071,0.40481483229272897,0.3673334236930874,0.7267690222795408,0.7304119671636835,-3.020501978266655
public_input,high g,1.4,1,0.8805072742470966,1.2,0.8573004003520511,0.40465249332046804,0.36674898522015986,0.7289403514249828,0.7325941801417597,-3.008143870636982
public_input,high g,1.4,1,0.88902929543607,1.2,0.8569914822492979,0.404867012966051,0.3675212657573723,0.7319677329690712,0.7356367364989872,-2.9956484197496893
public_input,high g,1.4,1,0.8977067623677852,1.2,0.8572141263579052,0.40471240853394336,0.3669646760754126,0.7342218575203796,0.7379021598966288,-2.983022373593039
public_input,high g,1.4,1,0.9065426098850453,1.2,0.8570491104384473,0.4048270007121515,0.36737721109980004,0.7371005346231703,0.7407952664284447,-2.9702676123517886
public_input,high g,1.4,1,0.9155398404091444,1.2,0.8574161081261515,0.4045721349560335,0.366459703378881,0.7391999122362902,0.742905167215642,-2.9573856005489567
public_input,high g,1.4,1,0.9247015255860773,1.2,0.8574288272121908,0.40456331129285256,0.3664279251803709,0.7418756885853907,0.7455943559495075,-2.9443835809165755
public_input,high g,1.4,1,0.9340308079772923,1.2,0.8573910971445102,0.40458952144278815,0.3665222691719123,0.7446646051474397,0.748397252013999,-2.931256332992004
public_input,high g,1.4,1,0.9435309027962627,1.2,0.8573081842446358,0.40464708846220465,0.36672952683372617,0.7475595526590824,0.7513067105104305,-2.91799904871176
public_input,high g,1.4,1,0.9532050996921831,1.2,0.8571704238619193,0.40474275302996154,0.3670739226827977,0.7505765380171863,0.7543388185705745,-2.9045978926351665
public_input,high g,1.4,1,0.9630567645821445,1.2,0.8572564609987154,0.4046830033943595,0.36685882633310096,0.7532833133989102,0.7570591617203611,-2.891058717074033
public_input,high g,1.4,1,0.9730893415331738,1.2,0.8570680077402344,0.4048138885661643,0.36732999156268037,0.7564546400823272,0.7602463847449307,-2.8773663394868247
public_input,high g,1.4,1,0.9833063546955787,1.2,0.8574064776035548,0.40457882446851645,0.3664837832484407,0.7588405398926498,0.7626442439278208,-2.8635642209081995
public_input,high g,1.4,1,0.9937114102890687,1.2,0.8570614275229247,0.4048184536998577,0.3673464324687681,0.7623344106165914,0.7661556277516463,-2.849613740765116
public_input,high g,1.4,1,1.0043081986431819,1.2,0.8575920352821985,0.40444996944541506,0.36601989871989804,0.7644905153581119,0.7683225400131587,-2.835552073300353
public_input,high g,1.4,1,1.0151004962935855,1.2,0.8572251388273772,0.40470475948361573,0.3669371416572328,0.7680990407385894,0.7719491532023776,-2.8213468229288114
public_input,high g,1.4,1,1.0260921681358672,1.2,0.8575501658125452,0.40447905383875427,0.366124590479164,0.7706531116119439,0.7745160264092611,-2.807001717459465
public_input,high g,1.4,1,1.037287169638491,1.2,0.8572067404170826,0.4047175138590202,0.3669830895184013,0.7743072303022855,0.7781884614457607,-2.792512138272719
public_input,high g,1.4,1,1.0486895491166357,1.2,0.8574446515966282,0.40455232789578527,0.36638837665826796,0.7770773417813349,0.7809724581663818,-2.7778723008604262
public_input,high g,1.4,1,1.0603034500686892,1.2,0.8572544987891373,0.404684362097255,0.36686372334093353,0.7805711317910679,0.7844837608714169,-2.763092954823539
public_input,high g,1.4,1,1.0721331135772334,1.2,0.8574958024438435,0.40451679361651227,0.3662604717678231,0.7834149817676312,0.7873418657053088,-2.7481682433649626
public_input,high g,1.4,1,1.0841828807763967,1.2,0.8575245170389438,0.40449684656157925,0.36618867153406737,0.7866407201774549,0.7905837731961988,-2.733138258554434
public_input,high g,1.4,1,1.0964571953875313,1.2,0.8574971114314263,0.404515878174025,0.3662571854244679,0.7899992635556881,0.7939591513431726,-2.7179495932159483
public_input,high g,1.4,1,1.1089606063252093,1.2,0.8575607775039917,0.40447168580944415,0.3660980638444075,0.7932530337522058,0.7972292311306719,-2.702626675284155
public_input,high g,1.4,1,1.1216977703756155,1.2,0.8573958777014011,0.40458619249782657,0.36651029809390423,0.7969218213814994,0.800916408634486,-2.687145374718282
public_input,high g,1.4,1,1.1346734549494641,1.2,0.8573784557998925,0.4045982824984428,0.3665538343967441,0.8003952067604327,0.8044072044300841,-2.6715145748375537
public_input,high g,1.4,1,1.147892540911644,1.2,0.8575255602609233,0.4044961266502837,0.3661860733036897,0.8036433400452817,0.8076716190507774,-2.6557248536812565
public_input,high g,1.4,1,1.1613600254898573,1.2,0.857276359996046,0.4046691898492459,0.3668090900783252,0.8075871256063039,0.8116351729191892,-2.639813776047065
public_input,high g,1.4,1,1.1750810252645967,1.2,0.8577703676704886,0.4043261174146371,0.36557404594512755,0.8103513526203867,0.8144132556788404,-2.6237438978351912
public_input,high g,1.4,1,1.189060779242872,1.2,0.8574152661014114,0.4045727209120157,0.3664618110685425,0.8145642919181632,0.8186473124227261,-2.6075605084410194
public_input,high g,1.4,1,1.2033046520181812,1.2,0.8576846438181921,0.4043856503059893,0.3657883608427447,0.8177885662568527,0.8218877485037949,-2.5912039311078505
public_input,high g,1.4,1,1.217818137019287,1.2,0.8572742587195964,0.4046706481840058,0.36681434135785607,0.8221924010288464,0.8263136575894445,-2.574695962976647
public_input,high g,1.4,1,1.2326068598504607,1.2,0.8576265935757095,0.40442595502205597,0.3659334692719314,0.8253706464673685,0.8295078340495234,-2.5580235241135982
public_input,high g,1.4,1,1.247676581725918,1.2,0.8574613669974522,0.4045407154790263,0.3663465784372446,0.8294639733349466,0.8336216788034098,-2.541205271468604
public_input,high g,1.4,1,1.2630332030012734,1.2,0.8578953791902474,0.4042393047941385,0.36526151916509175,0.8325958878240407,0.8367692920792102,-2.524226613108061
public_input,high g,1.4,1,1.2786827668049243,1.2,0.8576702344565117,0.4043956687634338,0.36582441007250527,0.836890545912979,0.8410854772314035,-2.5071462751139335
public_input,high g,1.4,1,1.294631462772364,1.2,0.8577796074810399,0.4043197116240608,0.36555096962693157,0.8406687125114987,0.8448825819688083,-2.4898778225633498
public_input,high g,1.4,1,1.31088563088653,1.2,0.8574530045517605,0.40454651950234066,0.36636747757329524,0.8452417546941656,0.8494785466208068,-2.472467225188678
public_input,high g,1.4,1,1.3274517654273796,1.2,0.8574705456413515,0.40453433257074917,0.36632361271146674,0.8492805291969275,0.8535375655650104,-2.4548569092594157
public_input,high g,1.4,1,1.3443365190339982,1.2,0.8574244686798829,0.40456633967297984,0.3664388250137535,0.8534811199314956,0.8577592118482572,-2.4371306849385603
public_input,high g,1.4,1,1.3615467068826452,1.2,0.8578222305631867,0.4042901196935456,0.36544442797487176,0.8569682238514303,0.8612637949493295,-2.419221247246382
public_input,high g,1.4,1,1.3790893109842512,1.2,0.8575646734546105,0.40446897277378346,0.3660883077367619,0.8616414662192123,0.8659604620419611,-2.401197630753302
public_input,high g,1.4,1,1.3969714846049992,1.2,0.8577205034643232,0.4043607547635918,0.36569872682503507,0.8656523687903511,0.8699914693459028,-2.382987653382198
public_input,high g,1.4,1,1.4152005568137338,1.2,0.8574963952877674,0.4045163900813311,0.3662590072879077,0.8703812846056121,0.8747440889503302,-2.3646246688564814
public_input,high g,1.4,1,1.4337840371600625,1.2,0.857511618337526,0.4045058156212231,0.366220943404316,0.8747490996458639,0.8791337977545812,-2.3460825831763703
public_input,high g,1.4,1,1.4527296204871472,1.2,0.857636535270546,0.40441907871864174,0.3659086747617204,0.8789801983775003,0.883386104956868,-2.3273685125638544
public_input,high g,1.4,1,1.4720451918832933,1.2,0.8576736544068257,0.4043932993563169,0.3658158722028188,0.883422638806573,0.8878508132112582,-2.3085246819151632
public_input,high g,1.4,1,1.4917388317766058,1.2,0.8576622639386823,0.40440120050599115,0.3658443291542587,0.8880093107281066,0.8924604759214738,-2.289505253481401
public_input,high g,1.4,1,1.5118188211770927,1.2,0.8576162448163482,0.4044331389613239,0.3659593353401113,0.8927172864768517,0.8971920504968649,-2.2703329477101413
public_input,high g,1.4,1,1.5322936470707536,1.2,0.8575600803636267,0.40447214488113237,0.36609975257961924,0.8975042940799928,0.9020030530754709,-2.250971031487948
public_input,high g,1.4,1,1.5531720079703377,1.2,0.8577010434098784,0.4043742775157795,0.36574739602420525,0.9019981548001262,0.9065194393662033,-2.2314502230591575
public_input,high g,1.4,1,1.5744628196276003,1.2,0.8578469058432332,0.40427296576232086,0.36538270020338,0.9065426117877788,0.9110866755393012,-2.2117415824568916
public_input,high g,1.4,1,1.5961752209120554,1.2,0.8577226084190779,0.404359299129721,0.3656934777011196,0.9116385516920015,0.9162081589485919,-2.191900749780046
public_input,high g,1.4,1,1.618318579861377,1.2,0.8579681360070653,0.4041888008690676,0.36507967387012064,0.9161248186891994,0.920716913452694,-2.1718641564898324
public_input,high g,1.4,1,1.6409024999087747,1.2,0.8576367413539816,0.40441893332217876,0.3659081546219247,0.9217294740261579,0.9263496622414389,-2.151682825476011
public_input,high g,1.4,1,1.6639368262928396,1.2,0.8580199418763852,0.40415281188823665,0.3649501318022061,0.9260888113075949,0.9307308507919322,-2.1312969369601045
public_input,high g,1.4,1,1.6874316526555453,1.2,0.8575208140614924,0.4044994300120569,0.3661979547645505,0.9321402246902718,0.9368125970104186,-2.110752014551899
public_input,high g,1.4,1,1.7113973278342638,1.2,0.8580299203995256,0.4041458844184457,0.3649251899443171,0.9363941085075437,0.9410878035090581,-2.090028636013204
public_input,high g,1.4,1,1.7358444628538618,1.2,0.8574958801918018,0.40451674515102465,0.36626028933441157,0.9426542952567775,0.9473793695749562,-2.0691253039729753
public_input,high g,1.4,1,1.7607839381251333,1.2,0.8579384687970153,0.40420938941648976,0.3651538123426026,0.9471622185884363,0.9519098889663475,-2.048065582370864
public_input,high g,1.4,1,1.7862269108560356,1.2,0.857619313723315,0.4044310276929252,0.36595170609340344,0.9531670784945758,0.9579448483580242,-2.026795579119724
public_input,high g,1.4,1,1.8121848226824113,1.2,0.8578048914285917,0.4043021568585438,0.3654877673858631,0.9582939525344505,0.9630974209609673,-2.0053841793949245
public_input,high g,1.4,1,1.8386694075250942,1.2,0.8580306082437965,0.4041454051653473,0.36492346691335387,0.9634132621321609,0.9682423912048221,-1.9837596673554003
public_input,high g,1.4,1,1.8656926996805347,1.2,0.8577440678059127,0.40434439916246884,0.36563983438501996,0.9695804880807286,0.9744405305021016,-1.9619741935553625
public_input,high g,1.4,1,1.8932670421523103,1.2,0.8579016100311303,0.40423498635801364,0.3652459605021791,0.9749750425291315,0.9798621252672042,-1.9399913134562465
public_input,high g,1.4,1,1.921405095231136,1.2,0.857894037443495,0.4042402528908335,0.3652649088007055,0.980760598442477,0.9856766814002486,-1.9178396519859944
public_input,high g,1.4,1,1.9501198453312445,1.2,0.8578929971568312,0.4042409701012399,0.3652674982618469,0.9866102486458228,0.9915556530972589,-1.8954964735831001
public_input,high g,1.4,1,1.979424614091259,1.2,0.8577812791464228,0.4043185625943957,0.36554681605747197,0.9927531365114106,0.9977293323164098,-1.872964921060938
public_input,high g,1.4,1,2.009333067747975,1.2,0.8579283046405108,0.4042164579126134,0.36517924445073424,0.9984709788847171,1.0034758354938835,-1.850238057493225
public_input,high g,1.4,1,2.0398592267917226,1.2,0.8580538673403271,0.40412925486732454,0.36486532317309406,1.0043081988052638,1.0093423146010427,-1.8273280677459427
public_input,high g,1.4,1,2.071017475912293,1.2,0.8578513600122458,0.40426988621581683,0.3653715942139185,1.0108725781884356,1.0159395980728017,-1.8042383484882607
public_input,high g,1.4,1,2.1028225742447084,1.2,0.8580491899155606,0.40413249832246045,0.364877006460954,1.0167285312922265,1.0218249042636771,-1.7809511385395385
public_input,high g,1.4,1,2.135289665924415,1.2,0.8579287254665471,0.4042161671196875,0.365178195511978,1.023299596557446,1.0284289071306068,-1.7574720615017057
public_input,high g,1.4,1,2.168434290961828,1.2,0.8581239329564306,0.4040805784887457,0.3646901165792601,1.029324840919218,1.034484353155425,-1.7337941012149152
public_input,high g,1.4,1,2.2022723964464688,1.2,0.8579662972070085,0.4041900724128962,0.36508425920484744,1.0361440194212357,1.0413377129319283,-1.709899528661078
public_input,high g,1.4,1,2.23682034809129,1.2,0.8580892536240001,0.40410468444130193,0.3647768647692122,1.0424854293815542,1.047710909341951,-1.6858704680847658
public_input,high g,1.4,1,2.2720949421281498,1.2,0.8583219131643617,0.40394311384582415,0.36419521274261857,1.048689550535532,1.0539461287826273,-1.6615804874265467
public_input,high g,1.4,1,2.308113417565749,1.2,0.8578465340787067,0.40427323097205836,0.36538364482093955,1.0564293156884932,1.0617246896698644,-1.6371311679883753
public_input,high g,1.4,1,2.344893468821764,1.2,0.8583705801771921,0.4039093118513092,0.3640735334216358,1.0622136268248816,1.0675379947864816,-1.612453030508937
public_input,high g,1.4,1,2.382453258741261,1.2,0.8580179837512574,0.4041541732920213,0.3649550305595086,1.0698942813748633,1.0752571487776086,-1.5875793281977109
public_input,high g,1.4,1,2.4208114320139376,1.2,0.8582739960059427,0.4039763810507337,0.36431498706364224,1.0764108396154066,1.0818063714022643,-1.5625386110921666
public_input,high g,1.4,1,2.4599871290031343,1.2,0.8579730457402645,0.40418539620618876,0.36506741006510335,1.0841828804017022,1.0896173697051212,-1.5372433980305322
public_input,high g,1.4,1,2.5,1.2,0.8579543303542676,0.40419838853890133,0.36511418888975933,1.0914657860227412,1.0969367810425028,-1.5117741049453772
public_input,high g,1.4,2,0.5,1.2,0.7465784157088386,0.506231196165143,0.7515539371937059,0.7991251851680671,0.8031308168279948,-2.9795425241055282
public_input,high g,1.4,2,0.5000203210855501,1.2,0.7465768192130805,0.5062322597049824,0.7515579457978198,0.7991370084571329,0.8031426993815437,-2.9793969438825942
public_input,high g,1.4,2,0.5000812892976928,1.2,0.7465720128304575,0.5062354334815725,0.7515699503057492,0.7991724717990052,0.8031783404841568,-2.9789601857692816
public_input,high g,1.4,2,0.5001829195049198,1.2,0.7465639512399207,0.5062407713621793,0.751590118209502,0.799231640689766,0.8032378059602169,-2.978232197417702
public_input,high g,1.4,2,0.5003252364947652,1.2,0.7465526582120585,0.5062482363224647,0.7516183417672915,0.7993144820604003,0.8033210625749495,-2.977212891585537
public_input,high g,1.4,2,0.5005082749838822,1.2,0.7465381489393053,0.5062578212914095,0.7516545897496114,0.799420993584259,0.8034281079900433,-2.975902146100763
public_input,high g,1.4,2,0.500732079632158,1.2,0.7465204402678922,0.5062695491513127,0.7516988972072851,0.7995511999223285,0.8035589669900983,-2.974299803834681
public_input,high g,1.4,2,0.5009967050608752,1.2,0.7464995001586705,0.5062834040908946,0.7517512603194785,0.7997051140664045,0.8037136526320321,-2.9724056726712234
public_input,high g,1.4,2,0.5013022158749305,1.2,0.7465294527843147,0.5062635839202555,0.7516763555468247,0.7998329798263262,0.8038421593217426,-2.970219653445029
public_input,high g,1.4,2,0.5016486866891229,1.2,0.7467209928674883,0.506136913182581,0.7511975262306054,0.7998329799144018,0.8038421594102596,-2.9677442308423903
public_input,high g,1.4,2,0.502036202158526,1.2,0.7467349291288581,0.5061276789131994,0.7511626466462784,0.8000170862633054,0.8040271885960776,-2.964979652053362
public_input,high g,1.4,2,0.502464857012963,1.2,0.7467011133403105,0.5061500623529062,0.7512472280760807,0.8002659801682703,0.8042773300869329,-2.9619229389055794
public_input,high g,1.4,2,0.5029347560956027,1.2,0.7466640227700746,0.5061745859826823,0.7513399382386489,0.8005387157901135,0.8045514328017697,-2.958573638310385
public_input,high g,1.4,2,0.5034460144056994,1.2,0.7466257530726252,0.5061999062733189,0.7514356343552622,0.8008334293289395,0.8048476235983565,-2.9549313479530124
public_input,high g,1.4,2,0.5039987571454999,1.2,0.7466036136361125,0.5062145383299443,0.7514909592962016,0.8011341809310105,0.8051498827241064,-2.9509956511775415
public_input,high g,1.4,2,0.5045931197713469,1.2,0.7466038267400519,0.5062143885633511,0.7514904065216284,0.8014352783491111,0.8054524893992959,-2.946768000807905
public_input,high g,1.4,2,0.5052292480490046,1.2,0.7465538067130556,0.5062474706465707,0.7516154567133667,0.801803629990011,0.8058226874104794,-2.9422463166647677
public_input,high g,1.4,2,0.5059072981132409,1.2,0.7465030642908335,0.5062810488258165,0.7517423544461186,0.8021936844266615,0.80621469700313,-2.937429833764042
public_input,high g,1.4,2,0.5066274365316988,1.2,0.7464465464087335,0.5063184035805621,0.7518835929119816,0.8026100904641988,0.8066331902846164,-2.932317977649337
public_input,high g,1.4,2,0.507389840373095,1.2,0.7463869234205018,0.5063578571309093,0.7520326965524007,0.8030505075763682,0.8070758149967474,-2.9269101250090763
public_input,high g,1.4,2,0.5081946972797818,1.2,0.7466263330030762,0.5061995114783984,0.7514341590299312,0.8032361455469842,0.8072623834815633,-2.9212094615931377
public_input,high g,1.4,2,0.5090422055447187,1.2,0.7467961041082585,0.5060872244305394,0.7510097209002049,0.8035069918435424,0.8075345874008327,-2.9152290480095715
public_input,high g,1.4,2,0.5099325741928927,1.2,0.7469673786053973,0.5059739583010192,0.7505815588213142,0.8037974835679453,0.8078265352210637,-2.90895982959209
public_input,high g,1.4,2,0.5108660230672385,1.2,0.7468965724547983,0.5060207782114352,0.7507585525287367,0.8043328949898052,0.808364630403844,-2.902398895267218
public_input,high g,1.4,2,0.5118427829191048,1.2,0.7468187298759335,0.50607226455665,0.7509531661385489,0.8048961861225372,0.8089307450451287,-2.895540054570133
public_input,high g,1.4,2,0.5128630955033207,1.2,0.7467398320669902,0.5061244496001023,0.7511504196260419,0.8054818792210084,0.8095193739424733,-2.8883824810412064
public_input,high g,1.4,2,0.5139272136779165,1.2,0.7466595862065656,0.506177518463482,0.7513510256686119,0.806090301352473,0.8101308458025631,-2.8809253155969956
public_input,high g,1.4,2,0.5150354015085564,1.2,0.7465988800402695,0.506217666341936,0.7515027872232413,0.8067021841568024,0.8107457956822127,-2.873168951060072
public_input,high g,1.4,2,0.5161879343777439,1.2,0.7465099164268176,0.5062765136454418,0.7517252165210446,0.8073618594523045,0.8114087776138942,-2.865111308038784
public_input,high g,1.4,2,0.5173850990988615,1.2,0.7467386362214481,0.5061252479302041,0.751153426084255,0.8077487036930536,0.8117975609194693,-2.856756875333715
public_input,high g,1.4,2,0.5186271940351138,1.2,0.7466431076286681,0.5061884180399648,0.7513922244859723,0.8084577849485443,0.812510196459544,-2.848114027073868
public_input,high g,1.4,2,0.5199145292234401,1.2,0.7465467861390374,0.5062521098289401,0.7516329989529988,0.8091894441265696,0.8132455230944611,-2.839167470821292
public_input,high g,1.4,2,0.5212474265034702,1.2,0.7465613533283051,0.5062424949066768,0.7515966251200381,0.8098400660532927,0.8138994062771636,-2.829916685113963
public_input,high g,1.4,2,0.5226262196515982,1.2,0.7467493283688283,0.5061181794340803,0.7511267025876661,0.8103513508055253,0.814413253854882,-2.8203791405592433
public_input,high g,1.4,2,0.5240512545202515,1.2,0.7470657892852814,0.5059088734856994,0.750335535780285,0.8107646991575976,0.8148286741241914,-2.8105676382437994
public_input,high g,1.4,2,0.5255228891824385,1.2,0.746977344389983,0.5059673630186226,0.7505566349362529,0.811576799753873,0.8156448453916453,-2.800457984981486
public_input,high g,1.4,2,0.5270414940816569,1.2,0.746862450444908,0.5060433413710537,0.750843847784642,0.8124357839512247,0.8165081352652042,-2.7900417958965225
public_input,high g,1.4,2,0.5286074521872524,1.2,0.746746256537195,0.506120195440745,0.7511343467224147,0.8133183500508259,0.8173951252457894,-2.7793167313828295
public_input,high g,1.4,2,0.5302211591553182,1.2,0.7466245363413302,0.5062007062726619,0.7514386654850669,0.8142285263309659,0.8183098638035192,-2.768281462834892
public_input,high g,1.4,2,0.5318830234952302,1.2,0.7464995363765176,0.506283374137576,0.7517511561675047,0.8151643105005368,0.81925033861076,-2.756934634050506
public_input,high g,1.4,2,0.5335934667419154,1.2,0.7466962472125621,0.5061532617126845,0.7512593503518062,0.8158221429838901,0.8199114684931582,-2.7452821904226257
public_input,high g,1.4,2,0.5353529236339561,1.2,0.7468370543462113,0.5060601533429758,0.7509073734356582,0.8165545291608729,0.8206475257711302,-2.733348869611039
public_input,high g,1.4,2,0.537161842297634,1.2,0.7467032408693701,0.5061486481135036,0.7512418930520559,0.817566501563023,0.8216645707060553,-2.721112728884597
public_input,high g,1.4,2,0.5390206844370244,1.2,0.7471140550605335,0.5058769448022751,0.7502148557510264,0.8180909594164024,0.8221916574153645,-2.708597320142974
public_input,high g,1.4,2,0.5409299255302531,1.2,0.7470174705452981,0.5059408206812928,0.7504563107598738,0.8191137211773736,0.8232195457909968,-2.695781427155492
public_input,high g,1.4,2,0.5428900550320312,1.2,0.7468726172238069,0.5060366235744932,0.7508184450431439,0.8202049613608432,0.8243162558386488,-2.6826503018071377
public_input,high g,1.4,2,0.5449015765825912,1.2,0.7467266132700994,0.5061331877734576,0.7511834566001028,0.8213206101135414,0.8254374968039916,-2.669199787172902
public_input,high g,1.4,2,0.5469650082231464,1.2,0.7466009386781581,0.5062163120091707,0.751497656958641,0.8224405945434872,0.8265630951792547,-2.6554299125806113
public_input,high g,1.4,2,0.5490808826180046,1.2,0.7466958783885611,0.5061535225522918,0.7512603107600369,0.8233764358449847,0.8275036274047969,-2.6413584978880373
public_input,high g,1.4,2,0.5512497472834679,1.2,0.7468650679424131,0.5060416205274452,0.7508373274138327,0.8242655331256531,0.8283971813041308,-2.626984298888665
public_input,high g,1.4,2,0.5534721648236569,1.2,0.7472516639645365,0.5057859422991869,0.7498708531700197,0.8249725503306723,0.8291077424476381,-2.6123168359176145
public_input,high g,1.4,2,0.5557487131734017,1.2,0.7470906906907444,0.5058923937011715,0.7502732582235125,0.8262200179295549,0.8303614630038817,-2.597371105356284
public_input,high g,1.4,2,0.5580799858483445,1.2,0.7469521534174023,0.5059840279248405,0.7506196219161362,0.8274703827091444,0.8316180952630107,-2.5820990309937093
public_input,high g,1.4,2,0.5604665922024078,1.2,0.7468274252344411,0.5060665089988233,0.7509314171748902,0.828731862421892,0.832885898169132,-2.566504403388473
public_input,high g,1.4,2,0.5629091576927818,1.2,0.7469026070522509,0.5060167963328348,0.7507434870306187,0.8298282057554316,0.8339877369465001,-2.5505979557979943
public_input,high g,1.4,2,0.5654083241525933,1.2,0.7467268183432987,0.506133049448014,0.751182937804797,0.8311867530136594,0.8353530939511983,-2.534370415025584
public_input,high g,1.4,2,0.5679647500714233,1.2,0.7468745082304244,0.5060353732437226,0.7508137182863384,0.8322627452598321,0.8364344796309495,-2.517814904592857
public_input,high g,1.4,2,0.5705791108838415,1.2,0.747273194696553,0.5057716996357038,0.7498170200772232,0.8331239964536069,0.8373000478642982,-2.5010040092529278
public_input,high g,1.4,2,0.5732520992661372,1.2,0.7470850118285854,0.5058961534337438,0.7502874641591455,0.8345681468689168,0.8387514371136889,-2.4838824406064752
public_input,high g,1.4,2,0.5759844254414287,1.2,0.7471514513341672,0.5058522131685097,0.7501213681320128,0.8357946020245153,0.8399840399013381,-2.4664252136624767
public_input,high g,1.4,2,0.578776817493336,1.2,0.7470010913680925,0.5059516586818971,0.7504972705224502,0.8372529233148648,0.841449671057575,-2.4486594087827673
public_input,high g,1.4,2,0.5816300216884137,1.2,0.7468317452480402,0.5060636505666996,0.7509206142372344,0.8387548143187432,0.842959090321439,-2.4305570934379057
public_input,high g,1.4,2,0.5845448028075416,1.2,0.7468208926942538,0.5060708361752089,0.75094776375112,0.8401306673248794,0.844341839819468,-2.4121140224114184
public_input,high g,1.4,2,0.5875219444864789,1.2,0.7473181014382023,0.5057419949629334,0.7497047431377307,0.8410448048264435,0.8452605594543269,-2.3934100161771528
public_input,high g,1.4,2,0.5905622495657936,1.2,0.7471995626224817,0.5058203901563212,0.7500010822520551,0.8425745036880709,0.846797925963407,-2.3743951182104124
public_input,high g,1.4,2,0.5936665404503856,1.2,0.7471821741213548,0.5058318942009554,0.7500445619264123,0.8440329805552375,0.848263713476293,-2.355066195530659
public_input,high g,1.4,2,0.5968356594788269,1.2,0.746968594148695,0.5059731556007872,0.7505785227538904,0.8457063228375608,0.8499454434217114,-2.3353907211401794
public_input,high g,1.4,2,0.600070469302753,1.2,0.746798148612648,0.5060858859090542,0.7510046406290871,0.8473646972881606,0.8516121305088376,-2.3153664320258756
public_input,high g,1.4,2,0.6033718532765401,1.2,0.7471428296848583,0.50585790611881,0.7501429013926026,0.8485525353361112,0.8528059226197812,-2.2950325259269295
public_input,high g,1.4,2,0.6067407158575169,1.2,0.7475251819895012,0.5056050405580768,0.749187049996217,0.8497292409808467,0.8539885265261062,-2.274415302220616
public_input,high g,1.4,2,0.6101779830169621,1.2,0.7473093425068631,0.5057477777731898,0.7497266174827313,0.8515110639282598,0.855779280898211,-2.2535002666324724
public_input,high g,1.4,2,0.6136846026621482,1.2,0.7470784253787861,0.5059005132643368,0.7503039387047301,0.8533349100513796,0.8576122690880673,-2.232224011571447
public_input,high g,1.4,2,0.6172615450697004,1.2,0.7468422853002575,0.5060566860725706,0.7508942787123326,0.85519143061255,0.8594780954972765,-2.21058372862181
public_input,high g,1.4,2,0.6209098033305457,1.2,0.7472500546743603,0.5057869987680068,0.7498748585314794,0.8564495352809012,0.8607425064415211,-2.1886287222183514
public_input,high g,1.4,2,0.6246303938067362,1.2,0.7473249631134877,0.5057374456405199,0.7496875635992117,0.8580581027452895,0.8623591368838784,-2.166396883316334
public_input,high g,1.4,2,0.6284243566004422,1.2,0.7473603098515513,0.50571407270965,0.749599207053935,0.8597327011657131,0.8640421292638156,-2.1438521379233797
public_input,high g,1.4,2,0.6322927560354111,1.2,0.7471324219727774,0.5058647921941327,0.7501689267235155,0.861692417049688,0.8660116682645373,-2.1209384625709617
public_input,high g,1.4,2,0.6362366811512086,1.2,0.7468962622423401,0.506020994955685,0.7507593543171536,0.8636889295648008,0.8680181883402782,-2.097654236247253
public_input,high g,1.4,2,0.6402572462105554,1.2,0.7474713842385733,0.5056406162318181,0.7493215333751905,0.8649187293309887,0.8692541525034471,-2.074097955244904
public_input,high g,1.4,2,0.6443555912200942,1.2,0.7472588430025706,0.5057811762325235,0.7498528646927929,0.8669491264227804,0.8712947270030141,-2.05020892811932
public_input,high g,1.4,2,0.6485328824649206,1.2,0.7473627235074036,0.5057124814512246,0.7495931844239738,0.8686974327386605,0.8730517967407713,-2.025996358738963
public_input,high g,1.4,2,0.652790313057229,1.2,0.7470967213294915,0.505888411822571,0.7502581966841,0.8708390518244433,0.8752041507368943,-2.0014086512394473
public_input,high g,1.4,2,0.6571291034994325,1.2,0.7476732382092179,0.5055071062150673,0.7488168786865548,0.8721783850442487,0.8765501973924017,-1.976492048724062
public_input,high g,1.4,2,0.6615505022621248,1.2,0.74742715225028,0.5056698716048086,0.7494321165494258,0.8743594020351928,0.8787421467765076,-1.9512842433525228
public_input,high g,1.4,2,0.6660557863772645,1.2,0.7475400861388966,0.5055951903793945,0.7491498056415702,0.8762148548942565,0.8806069001317312,-1.9257027438575767
public_input,high g,1.4,2,0.6706462620469753,1.2,0.7473354366353309,0.5057305181707289,0.7496613785758826,0.8784152822472907,0.882818357172772,-1.899787161932873
public_input,high g,1.4,2,0.6753232652683625,1.2,0.7472724196938018,0.505772214243899,0.749818962211361,0.8805056563388589,0.8849192093080781,-1.8735243523328426
public_input,high g,1.4,2,0.6800881624747613,1.2,0.7475705224740514,0.5055750494625109,0.7490736897069235,0.8822665718971783,0.8866889514923653,-1.8469686634208093
public_input,high g,1.4,2,0.6849423511938463,1.2,0.7472798327396879,0.5057672984106423,0.7498004000556489,0.8846452444954807,0.8890795472366841,-1.8200249589664597
public_input,high g,1.4,2,0.6898872607230374,1.2,0.7476479824962672,0.5055238283270336,0.7488800601494452,0.8863964817483461,0.8908395626028094,-1.7927368552834293
public_input,high g,1.4,2,0.6949243528226603,1.2,0.7473795285729448,0.5057013711698635,0.7495511812403055,0.8888159733215293,0.8932711819279724,-1.7651173455900675
public_input,high g,1.4,2,0.7000551224273222,1.2,0.7476671492718673,0.505511145299416,0.7488321282672085,0.890709119258463,0.8951738172984048,-1.7371847266984313
public_input,high g,1.4,2,0.7052810983759861,1.2,0.7473619363111896,0.50571300042955,0.7495951486630301,0.8932298508338342,0.8977071840933785,-1.7088634157407734
public_input,high g,1.4,2,0.7106038441612367,1.2,0.7477014579053484,0.5054884481844841,0.7487463425770616,0.8951332709535095,0.8996201451461079,-1.6801879550351566
public_input,high g,1.4,2,0.7160249586982449,1.2,0.7474378283470646,0.5056628172507237,0.7494054411775768,0.8976775000408587,0.9021771272348286,-1.6511757269953666
public_input,high g,1.4,2,0.7215460771139571,1.2,0.7477150948564413,0.5054794192182027,0.7487122279304428,0.8997073200996414,0.9042171218089966,-1.6218545969021487
public_input,high g,1.4,2,0.7271688715570458,1.2,0.7477034375208591,0.5054871221357962,0.7487413554831268,0.902062261808004,0.9065838677117951,-1.5921442466893654
public_input,high g,1.4,2,0.7328950520291776,1.2,0.7477141747729941,0.5054800465686531,0.7487145708447112,0.904427691878865,0.9089611545502277,-1.5620565496715753
public_input,high g,1.4,2,0.7387263672381705,1.2,0.7480032423239042,0.5052888726015107,0.7479919207363221,0.9065426106658924,0.911086674411791,-1.5316269762819645
public_input,high g,1.4,2,0.7446646054736273,1.2,0.7477483432151901,0.5054574420145663,0.7486291352738466,0.9092462250808462,0.9138038407503956,-1.5008960411137007
public_input,high g,1.4,2,0.7507115955056528,1.2,0.7476915167220008,0.5054950205845814,0.7487711899638301,0.9117821438894627,0.9163524709049379,-1.4697833054466298
public_input,high g,1.4,2,0.7568692075072764,1.2,0.7477330721076345,0.5054675415917063,0.7486673122223555,0.9142517928026024,0.9188344989847701,-1.4382447995253227
public_input,high g,1.4,2,0.7631393540012239,1.2,0.7479982149054378,0.5052921803334142,0.7480044500907455,0.9165259172286352,0.9211200225069256,-1.4064064541310566
public_input,high g,1.4,2,0.7695239908317001,1.2,0.7479809442090235,0.5053036015891115,0.7480476241950815,0.9191252650833852,0.9237323996470183,-1.3742469710865441
public_input,high g,1.4,2,0.7760251181618615,1.2,0.7476622762519245,0.5055143588012331,0.7488442895092722,0.9220717354031815,0.9266936392107542,-1.3416680644346948
public_input,high g,1.4,2,0.7826447814976824,1.2,0.7476852825764078,0.505499152229775,0.7487867946807221,0.92470152537232,0.9293366110569686,-1.3086590048920037
public_input,high g,1.4,2,0.7893850727389358,1.2,0.7481993260142515,0.5051591593416702,0.7475016473726567,0.9268572609918165,0.9315031523462254,-1.2754164844205256
public_input,high g,1.4,2,0.7962481312580323,1.2,0.7479195802109503,0.5053441856569545,0.7482010328590226,0.9298736339622727,0.9345346449491158,-1.241785112828256
public_input,high g,1.4,2,0.8032361450074849,1.2,0.7475526859998423,0.5055868415991818,0.749118270747102,0.933019029422351,0.9376958067695488,-1.2076943942615541
public_input,high g,1.4,2,0.8103513516567865,1.2,0.7484428433387682,0.5049981262366867,0.7468929069660375,0.9348884426156524,0.9395745904354764,-1.173268164150766
public_input,high g,1.4,2,0.8175960397595149,1.2,0.7481030754265794,0.5052228369886068,0.7477423188635808,0.9380811753947054,0.9427833268541828,-1.1385593432434549
public_input,high g,1.4,2,0.8249725499515008,1.2,0.7477746633983993,0.5054400299446234,0.7485633245160066,0.9413015143866424,0.9460198078624913,-1.1033878971541469
public_input,high g,1.4,2,0.8324832761809209,1.2,0.7483354918458266,0.5050690978642576,0.7471612221103096,0.9436246652853492,0.9483546036035373,-1.0677937234633084
public_input,high g,1.4,2,0.8401306669712053,1.2,0.7483092595169436,0.505086464169602,0.747226841219714,0.9466041223319093,0.951348995240693,-1.0319638733840455
public_input,high g,1.4,2,0.8479172267176741,1.2,0.7479729885631214,0.5053088724920618,0.7480675342488747,0.9499514357087662,0.9547130870956745,-0.9956831949026479
public_input,high g,1.4,2,0.8558455170188431,1.2,0.7479034183816644,0.5053548711900766,0.7482414294774293,0.9530568279526921,0.9578340451829997,-0.9589626336352757
public_input,high g,1.4,2,0.8639181580433734,1.2,0.7484942665117624,0.5049641004269025,0.7467643132564525,0.955499252922756,0.9602887128591735,-0.9219514944758698
public_input,high g,1.4,2,0.8721378299336601,1.2,0.7481269310125063,0.5052070400910362,0.7476826359139639,0.9590022355147049,0.9638092542244345,-0.8845506187341972
public_input,high g,1.4,2,0.8805072742470966,1.2,0.7480683069455966,0.5052458221955756,0.7478292177939688,0.9622175540356042,0.9670406895964896,-0.8467004490248482
public_input,high g,1.4,2,0.88902929543607,1.2,0.7482904799779975,0.5050988836567234,0.7472737881554512,0.9651731078732407,0.9700110582093884,-0.8085103489412151
public_input,high g,1.4,2,0.8977067623677852,1.2,0.7482761378378655,0.5051083629544322,0.7473096293427866,0.9684237704690427,0.9732780148192587,-0.7699442164558077
public_input,high g,1.4,2,0.9065426098850453,1.2,0.7481565756910952,0.5051874568460573,0.7476085764357626,0.9718303626203753,0.9767016825848092,-0.7309484213653952
public_input,high g,1.4,2,0.9155398404091444,1.2,0.7484234796369273,0.50501092637669,0.7469413013854056,0.9748620127420637,0.9797485289159711,-0.691576086301803
public_input,high g,1.4,2,0.9247015255860773,1.2,0.7484002244730175,0.5050262995576691,0.746999422923776,0.9782502254057148,0.9831537250662749,-0.6518156582282741
public_input,high g,1.4,2,0.9340308079772923,1.2,0.7482689192704941,0.5051131448323753,0.7473276932093331,0.9817998645109405,0.9867211568115587,-0.6116608198455422
public_input,high g,1.4,2,0.9435309027962627,1.2,0.7485621918353326,0.504919183780896,0.7465945169797396,0.9849309083961862,0.989867895119591,-0.5710943272744577
public_input,high g,1.4,2,0.9532050996921831,1.2,0.7487200280772393,0.5048147881108032,0.7461999113580626,0.9882529913699792,0.9932066301035869,-0.5301198064925305
public_input,high g,1.4,2,0.9630567645821445,1.2,0.7483923339578973,0.5050315176250012,0.7470191480156054,0.9921525261237806,0.9971257113566835,-0.4887863690611298
public_input,high g,1.4,2,0.9730893415331738,1.2,0.7485944383333137,0.5048978568100093,0.7465139009117877,0.9955162382416344,1.000506284151693,-0.4470181775475197
public_input,high g,1.4,2,0.9833063546955787,1.2,0.7485032659048781,0.5049581553772555,0.7467418304907375,0.9992487817842234,1.0042575371466478,-0.4048377061865671
public_input,high g,1.4,2,0.9937114102890687,1.2,0.7484579562047364,0.5049881121493726,0.7468550821500406,1.002977785597698,1.0080052326695226,-0.36227677449707674
public_input,high g,1.4,2,1.0043081986431819,1.2,0.7486510222343157,0.504860437778496,0.7463724506473135,1.0064894604491765,1.0115345098644455,-0.3192895840686072
public_input,high g,1.4,2,1.0151004962935855,1.2,0.7485837219464007,0.5049049367472827,0.7465406745964367,1.010337820598653,1.0154021599994458,-0.2758952482369543
public_input,high g,1.4,2,1.0260921681358672,1.2,0.7484955854676878,0.5049632280481248,0.7467610157454594,1.0142582665793074,1.019342257297356,-0.2320737903245118
public_input,high g,1.4,2,1.037287169638491,1.2,0.7489914377617773,0.5046352864670568,0.7455213919455076,1.0175731660267995,1.0226737727474755,-0.18785833726787082
public_input,high g,1.4,2,1.0486895491166357,1.2,0.7486047018791385,0.5048910659964208,0.7464882358007437,1.021927264962789,1.0270496966952056,-0.1432260349051333
public_input,high g,1.4,2,1.0603034500686892,1.2,0.7485037650284627,0.504957818819731,0.7467405680546872,1.0260114475046342,1.0311543512872354,-0.09811939610579756
public_input,high g,1.4,2,1.0721331135772334,1.2,0.7490306664275042,0.5046093388259698,0.7454233140297957,1.029436157098268,1.0345962273091447,-0.05270140092452902
public_input,high g,1.4,2,1.0841828807763967,1.2,0.7485459048188841,0.5049299564730849,0.7466352364620727,1.0340575174368105,1.039240752312783,-0.006769613596813606
public_input,high g,1.4,2,1.0964571953875313,1.2,0.749189996772845,0.5045039607357329,0.7450249861757974,1.037447759329638,1.0426479878638166,0.03961548536379578
public_input,high g,1.4,2,1.1089606063252093,1.2,0.749009393634473,0.5046234219509511,0.7454765273502844,1.0418288342826465,1.0470510230464138,0.08627758412707243
public_input,high g,1.4,2,1.1216977703756155,1.2,0.7485477634038966,0.5049287273553724,0.7466305902380881,1.0465865407864228,1.051832577653283,0.13353672051086019
public_input,high g,1.4,2,1.1346734549494641,1.2,0.7494699655319493,0.5043188021343765,0.7443250777088167,1.049808744844138,1.0550709330760508,0.18114914182530928
public_input,high g,1.4,2,1.147892540911644,1.2,0.7489631113466299,0.5046540272865767,0.7455922225393264,1.0547290849878141,1.0600159365273325,0.22914473418658554
public_input,high g,1.4,2,1.1613600254898573,1.2,0.7488040341953482,0.50475925124009,0.745989947617176,1.0593051650424596,1.0646149542787064,0.2777474997357525
public_input,high g,1.4,2,1.1750810252645967,1.2,0.7494045706271799,0.5043620719854505,0.7444886086358218,1.0630550047090366,1.0683835900948313,0.32659278696462923
public_input,high g,1.4,2,1.189060779242872,1.2,0.7489232948388752,0.5046803572497869,0.7456917554036416,1.0681189115701433,1.0734728798947095,0.3759602735282406
public_input,high g,1.4,2,1.2033046520181812,1.2,0.749390628571905,0.5043712779707545,0.7445234298657664,1.072133112960955,1.0775072025537267,0.4258792909728122
public_input,high g,1.4,2,1.217818137019287,1.2,0.7493496238826756,0.5043983948229169,0.7446259355757003,1.0767987319412384,1.0821962080464707,0.4760253468359359
public_input,high g,1.4,2,1.2326068598504607,1.2,0.7491422778464636,0.5045355202074249,0.745144281983976,1.0817194374916381,1.0871415787360845,0.5267830406215941
public_input,high g,1.4,2,1.247676581725918,1.2,0.7497195463214206,0.5041537343151747,0.743701123105396,1.0857725427008647,1.0912150002197178,0.5779575154348509
public_input,high g,1.4,2,1.2630332030012734,1.2,0.7492310530981385,0.5044768112293629,0.7449223547700565,1.0911470197276205,1.0966164169246786,0.6295243571558338
public_input,high g,1.4,2,1.2786827668049243,1.2,0.7490492282314163,0.5045970761764611,0.7453769405367976,1.0962207556153039,1.101715585019334,0.6816576547056163
public_input,high g,1.4,2,1.294631462772364,1.2,0.7495807845009248,0.5042455095651763,0.7440480311928954,1.1005044474529713,1.106020748951693,0.7341345113895641
public_input,high g,1.4,2,1.31088563088653,1.2,0.7494501773847513,0.5043318957681946,0.744374562217514,1.1056410107849308,1.1111830594144996,0.7871204895269384
public_input,high g,1.4,2,1.3274517654273796,1.2,0.7495836250169308,0.5042436362540856,0.7440409420073355,1.1105237028760853,1.116090226101611,0.8406112456724797
public_input,high g,1.4,2,1.3443365190339982,1.2,0.7497505600959689,0.5041332198164286,0.7436235824476913,1.1154287247937673,1.1210198345439712,0.894498992271775
public_input,high g,1.4,2,1.3615467068826452,1.2,0.74927442812937,0.5044481233001854,0.7448139155154507,1.121178063235437,1.1267979916645074,0.9489037854218525
public_input,high g,1.4,2,1.3790893109842512,1.2,0.7497986903976671,0.5041013853630906,0.7435032516058225,1.1257782126695481,1.1314211994436136,1.0037641704485654
public_input,high g,1.4,2,1.3969714846049992,1.2,0.7495960344868802,0.504235417059056,0.7440098914030588,1.1313295931631002,1.1370004063476882,1.059047696699135
public_input,high g,1.4,2,1.4152005568137338,1.2,0.7497716524415048,0.5041192891589295,0.7435708953709472,1.1364857199228529,1.1421823783003777,1.1148940158570086
public_input,high g,1.4,2,1.4337840371600625,1.2,0.7499620902427308,0.5039933198203812,0.7430947591098941,1.141690214824538,1.1474129608413202,1.1711385189565946
public_input,high g,1.4,2,1.4527296204871472,1.2,0.7494282707163955,0.5043463878301353,0.7444293368823516,1.1478588553406184,1.1536125217966615,1.2279540933993744
public_input,high g,1.4,2,1.4720451918832933,1.2,0.7499198082428618,0.5040212878382633,0.7432004725743195,1.1528286873837457,1.1586072652265726,1.2851841437221894
public_input,high g,1.4,2,1.4917388317766058,1.2,0.7497242584599735,0.5041506177443329,0.7436893425841737,1.1587221572577024,1.1645302762412069,1.3428861242673737
public_input,high g,1.4,2,1.5118188211770927,1.2,0.7499252788046008,0.5040176610293565,0.7431867764099801,1.1641928880428016,1.1700284291784824,1.4011495528699767
public_input,high g,1.4,2,1.5322936470707536,1.2,0.7500682799492934,0.5039230882855164,0.742829284282258,1.1698076818469136,1.175671367253659,1.4598203608537772
public_input,high g,1.4,2,1.5531720079703377,1.2,0.7502100250881205,0.5038293384233183,0.7424749144559657,1.1754966852307307,1.1813888868856068,1.519092573179651
public_input,high g,1.4,2,1.5744628196276003,1.2,0.7499942585009189,0.5039720554570211,0.7430143632756048,1.1817129197168743,1.187636280376779,1.5787457740462703
public_input,high g,1.4,2,1.5961752209120554,1.2,0.749819196916619,0.5040878282874539,0.7434519976393266,1.1879555817562863,1.1939102338898815,1.6389870678013838
public_input,high g,1.4,2,1.618318579861377,1.2,0.7503175501075652,0.5037582274386561,0.7422061097233068,1.1934161571239277,1.1993981805054577,1.6996594066309676
public_input,high g,1.4,2,1.6409024999087747,1.2,0.7501376998368623,0.5038771750773271,0.7426557332385157,1.1998207378418873,1.205834864317862,1.7608960569735723
public_input,high g,1.4,2,1.6639368262928396,1.2,0.750576151240278,0.5035871900182669,0.7415595957211514,1.2055089217480435,1.2115515603644995,1.8226217188587714
public_input,high g,1.4,2,1.6874316526555453,1.2,0.7500335646851699,0.5039460408382772,0.742916055936043,1.2125437944868502,1.2186216955496527,1.8848576131149795
public_input,high g,1.4,2,1.7113973278342638,1.2,0.7508842371979938,0.503383445765762,0.7407894177987546,1.217853317783439,1.2239578329425194,1.947665636359495
public_input,high g,1.4,2,1.7358444628538618,1.2,0.7502740603084578,0.5037869850463792,0.7423148217767302,1.225145440389028,1.231286507464778,2.0108502856092096
public_input,high g,1.4,2,1.7607839381251333,1.2,0.7504463459934749,0.5036730360299015,0.7418840997223417,1.2315011803928477,1.237674105747944,2.0747380431779163
public_input,high g,1.4,2,1.7862269108560356,1.2,0.7505640194998846,0.503595212650457,0.741589922791352,1.2380119964506862,1.2442175574070842,2.138946940569409
public_input,high g,1.4,2,1.8121848226824113,1.2,0.7506387197072321,0.5035458190614719,0.7414031979241863,1.2446646406493291,1.2509035481235429,2.203912347099666
public_input,high g,1.4,2,1.8386694075250942,1.2,0.7508428614704903,0.5034107951734541,0.7408928219829038,1.2512316668646324,1.2575034916947343,2.2691802305538813
public_input,high g,1.4,2,1.8656926996805347,1.2,0.7502443195895552,0.5038066712617051,0.742389210831992,1.2589574320734223,1.2652679824627882,2.335156360846543
public_input,high g,1.4,2,1.8932670421523103,1.2,0.751116573936315,0.5032297850602192,0.7402085785802623,1.264806545766688,1.2711464149604503,2.401571408393365
public_input,high g,1.4,2,1.921405095231136,1.2,0.7504712966955251,0.5036565448042241,0.7418217469204551,1.2727825483889699,1.2791623974622515,2.4685429838825854
public_input,high g,1.4,2,1.9501198453312445,1.2,0.7513760146890088,0.5030581933064077,0.7395599677299239,1.2787592540792654,1.28516906151449,2.5361420754681268
public_input,high g,1.4,2,1.979424614091259,1.2,0.7507242240467493,0.5034892600453877,0.7411894177361902,1.2869374693839122,1.293388270293944,2.6041245508392707
public_input,high g,1.4,2,2.009333067747975,1.2,0.7507126159562079,0.5034969488209424,0.7412184639696897,1.2943436649645543,1.3008315895844227,2.6728644041501752
public_input,high g,1.4,2,2.0398592267917226,1.2,0.7509654969914311,0.5033297010864443,0.7405862650726246,1.3014835297264822,1.3080072430674032,2.7419243473400674
public_input,high g,1.4,2,2.071017475912293,1.2,0.7506233028385265,0.5035560172388283,0.7414417442591359,1.309539401726523,1.3161034952938848,2.8117222544309195
public_input,high g,1.4,2,2.1028225742447084,1.2,0.7511979102358883,0.5031759734032446,0.7400051974426707,1.3164283255935514,1.3230269500354954,2.881965693347473
public_input,high g,1.4,2,2.135289665924415,1.2,0.7508494069171552,0.503406472367199,0.7408764724116526,1.324696886678659,1.3313369574555194,2.952832212757638
public_input,high g,1.4,2,2.168434290961828,1.2,0.7514096072292765,0.5030359737753329,0.7394759812931787,1.3318003853409746,1.3384760625530547,3.0242730931308452
public_input,high g,1.4,2,2.2022723964464688,1.2,0.7510655195219387,0.5032635429593766,0.7403361959099277,1.3402728755534432,1.3469910212994443,3.0962234000477533
public_input,high g,1.4,2,2.23682034809129,1.2,0.7515776988558994,0.5029248004020423,0.7390557484559329,1.3476448405941095,1.3543999384686518,3.168860587305783
public_input,high g,1.4,2,2.2720949421281498,1.2,0.751270293219192,0.5031281155361778,0.7398242728168593,1.3562818571226238,1.3630802482226783,3.2419209448585944
public_input,high g,1.4,2,2.308113417565749,1.2,0.7513425819811723,0.503080297394338,0.7396435325091866,1.364489696926116,1.3713292299943958,3.315738274282936
public_input,high g,1.4,2,2.344893468821764,1.2,0.7514658998947319,0.5029987300936012,0.7393352199575556,1.372733799339715,1.3796146561433105,3.3899512372509855
public_input,high g,1.4,2,2.382453258741261,1.2,0.7515327414537454,0.5029545404299095,0.7391681562412893,1.381169842690835,1.3880929853376984,3.4649376548129274
public_input,high g,1.4,2,2.4208114320139376,1.2,0.751633792726321,0.5028877021167735,0.7389155156745213,1.3896691851946135,1.3966349309730683,3.5403398473040544
public_input,high g,1.4,2,2.4599871290031343,1.2,0.7517130626869607,0.502835274745883,0.7387173404367021,1.3983144421951248,1.4053235225046299,3.6165102454719946
public_input,high g,1.4,2,2.5,1.2,0.7518084185470526,0.5027722130082471,0.7384789605556521,1.4070523677908167,1.414105247134638,3.693103701840512
public_input,high g,1.4,3,0.5,1.2,0.6289372331994831,0.6202069829376069,1.2616569124175323,1.0045821330864542,1.0096176219835318,-5.623100043067056
public_input,high g,1.4,3,0.5000203210855501,1.2,0.6289375707020541,0.6202067820046369,1.2616560757974633,1.004594317665725,1.0096298676382605,-5.622639810562965
public_input,high g,1.4,3,0.5000812892976928,1.2,0.6289385809764803,0.620206166095336,1.261653535604334,1.0046308638705088,1.009666597031658,-5.62125909729866
public_input,high g,1.4,3,0.5001829195049198,1.2,0.6289402834522853,0.6202051439499652,1.2616492941194277,1.0046917763094774,1.0097278147954971,-5.618957856028062
public_input,high g,1.4,3,0.5003252364947652,1.2,0.6289426690064897,0.6202036980880026,1.2616433170441086,1.0047770515497554,1.009813517479696,-5.615736008001717
public_input,high g,1.4,3,0.5005082749838822,1.2,0.6289457419474322,0.6202018591003609,1.261635676057864,1.0048867197051812,1.0099237353490387,-5.611593442978821
public_input,high g,1.4,3,0.500732079632158,1.2,0.6289494497253556,0.620199600766258,1.2616263585780292,1.0050207889442844,1.0100584766129992,-5.60653001920453
public_input,high g,1.4,3,0.5009967050608752,1.2,0.6289538511982053,0.6201969459679932,1.2616153625862894,1.005179273153365,1.0102177552274838,-5.600545563415101
public_input,high g,1.4,3,0.5013022158749305,1.2,0.6289589442075836,0.62019387516175,1.261602641694203,1.005362175907506,1.010401574785495,-5.593639870826071
public_input,high g,1.4,3,0.5016486866891229,1.2,0.6289646990660709,0.6201903964501951,1.2615882457162135,1.0055695314988184,1.0106099697510347,-5.5858127051405
public_input,high g,1.4,3,0.502036202158526,1.2,0.6289711867577863,0.6201864842501406,1.2615720401195627,1.0058013230510998,1.0108429231633065,-5.577063798512346
public_input,high g,1.4,3,0.502464857012963,1.2,0.6289782818097986,0.620182191397204,1.2615542816208558,1.0060576505665597,1.0111005355257847,-5.567392851596089
public_input,high g,1.4,3,0.5029347560956027,1.2,0.6289860979747219,0.6201774694258981,1.2615347360792089,1.0063384733869318,1.0113827659764016,-5.556799533448168
public_input,high g,1.4,3,0.5034460144056994,1.2,0.6289945896833236,0.620172364100821,1.2615135627431155,1.0066438683931176,1.0116896917814264,-5.54528348160494
public_input,high g,1.4,3,0.5039987571454999,1.2,0.6290037588135045,0.6201668067750752,1.2614905892157822,1.0069738182550179,1.0120212955238919,-5.532844301998173
public_input,high g,1.4,3,0.5045931197713469,1.2,0.629013599874054,0.620160875867467,1.2614660157807336,1.007328417214267,1.012377671917821,-5.519481569012967
public_input,high g,1.4,3,0.5052292480490046,1.2,0.6290241269965937,0.620154511471359,1.2614396794982616,1.0077076560440836,1.0127588116901827,-5.505194825399818
public_input,high g,1.4,3,0.5059072981132409,1.2,0.6290353564289703,0.6201477364690504,1.2614116209601507,1.008111587689773,1.013164768051672,-5.489983582316928
public_input,high g,1.4,3,0.5066274365316988,1.2,0.6290472284602644,0.6201405552306715,1.261381910732723,1.0085402765833895,1.0135956057573101,-5.473847319296701
public_input,high g,1.4,3,0.507389840373095,1.2,0.6290598106480216,0.6201329633860921,1.2613504704030307,1.0089937462817895,1.0140513484820322,-5.4567854842109975
public_input,high g,1.4,3,0.5081946972797818,1.2,0.6290730762052077,0.6201249565651819,1.2613173159027038,1.0094720506572488,1.0145320503681505,-5.438797493277449
public_input,high g,1.4,3,0.5090422055447187,1.2,0.6290870198092313,0.6201165293661627,1.2612824391363167,1.0099752392784629,1.015037761232825,-5.419882731028825
public_input,high g,1.4,3,0.5099325741928927,1.2,0.6291016271598877,0.6201077057029818,1.2612459138063186,1.010503388427342,1.0155685577403295,-5.400040550303513
public_input,high g,1.4,3,0.5108660230672385,1.2,0.6291169405533967,0.6200984643625809,1.2612076449232537,1.0110565277058479,1.0161244696410072,-5.379270272199652
public_input,high g,1.4,3,0.5118427829191048,1.2,0.6291329324605124,0.6200888080458493,1.2611676667253768,1.0116347273446438,1.0167055675175536,-5.357571186083071
public_input,high g,1.4,3,0.5128630955033207,1.2,0.629149626820517,0.620078722610748,1.261125920144581,1.012238032979891,1.0173118972348818,-5.33494254954142
public_input,high g,1.4,3,0.5139272136779165,1.2,0.6291669963307305,0.6200682336404658,1.2610824960321865,1.0128665370341896,1.0179435516788629,-5.311383588385324
public_input,high g,1.4,3,0.5150354015085564,1.2,0.6291850410792121,0.6200573428042435,1.2610373984465286,1.0135203092848624,1.0186006009765796,-5.286893496599227
public_input,high g,1.4,3,0.5161879343777439,1.2,0.6292037753146775,0.6200460282514297,1.2609905588618735,1.0141994009899684,1.0192830966430226,-5.261471436316738
public_input,high g,1.4,3,0.5173850990988615,1.2,0.6292231912995669,0.6200342976906373,1.2609420041639758,1.0149038942665634,1.019991121206862,-5.2351165378107964
public_input,high g,1.4,3,0.5186271940351138,1.2,0.6292433128226276,0.6200221548544034,1.2608917198357101,1.0156338619114889,1.0207247478298342,-5.207827899451653
public_input,high g,1.4,3,0.5199145292234401,1.2,0.6292641256161184,0.6200095889391712,1.2608396933087826,1.0163893801513755,1.021484053120658,-5.17960458768247
public_input,high g,1.4,3,0.5212474265034702,1.2,0.6292856136321701,0.6199966107484974,1.2607859674670971,1.0171705444314565,1.0222691330029874,-5.150445636994368
public_input,high g,1.4,3,0.5226262196515982,1.2,0.6293078117751887,0.6199831990693239,1.2607304547130114,1.0179774146445726,1.0230800476698778,-5.120350049877124
public_input,high g,1.4,3,0.5240512545202515,1.2,0.6293306799665008,0.6199693969653599,1.2606733020954528,1.0188101227913808,1.0239169297836417,-5.08931679682348
public_input,high g,1.4,3,0.5255228891824385,1.2,0.6293542510068966,0.6199551684439155,1.260614387407789,1.019668724401673,1.0247798351524153,-5.0573448162459105
public_input,high g,1.4,3,0.5270414940816569,1.2,0.6293785191419166,0.6199405020638411,1.2605536879846646,1.020553307284231,1.0256688520251238,-5.024433014479638
public_input,high g,1.4,3,0.5286074521872524,1.2,0.629403482245201,0.6199254425580869,1.2604913170690866,1.0214640024081318,1.02658411202733,-4.990580265751041
public_input,high g,1.4,3,0.5302211591553182,1.2,0.6294291329632,0.6199099337525534,1.2604271424781426,1.0224008711877244,1.0275256768812226,-4.955785412103957
public_input,high g,1.4,3,0.5318830234952302,1.2,0.6294554895684374,0.6198940328529883,1.2603612880383852,1.0233640537858129,1.0284936874521755,-4.920047263412516
public_input,high g,1.4,3,0.5335934667419154,1.2,0.6294825267492528,0.6198776984649232,1.2602936762376162,1.024353633825437,1.0294882277823905,-4.883364597297987
public_input,high g,1.4,3,0.5353529236339561,1.2,0.6295102766900329,0.6198609436987494,1.2602243074576602,1.025369721037761,1.030509408153061,-4.845736159117698
public_input,high g,1.4,3,0.537161842297634,1.2,0.6295387079123211,0.619843778326375,1.260153237450394,1.0264124446900758,1.0315573584794335,-4.807160661922589
public_input,high g,1.4,3,0.5390206844370244,1.2,0.6295678588320519,0.6198261707252402,1.2600803492494443,1.0274818858761157,1.0326321602617266,-4.767636786394366
public_input,high g,1.4,3,0.5409299255302531,1.2,0.6295977130534984,0.6198081514862568,1.2600057352383631,1.0285781909980478,1.0337339606359504,-4.7271631808413
public_input,high g,1.4,3,0.5428900550320312,1.2,0.6296282395431589,0.6197897085306823,1.2599293964470557,1.0297014825151705,1.034862882675234,-4.685738461125833
public_input,high g,1.4,3,0.5449015765825912,1.2,0.6296594723121542,0.6197708408268683,1.2598512963017863,1.0308518748715274,1.0360190413972736,-4.643361210626447
public_input,high g,1.4,3,0.5469650082231464,1.2,0.62969146077746,0.6197515325635354,1.259771346110362,1.0320294701382897,1.0372025393848745,-4.600029980191029
public_input,high g,1.4,3,0.5490808826180046,1.2,0.6297241072485447,0.6197318207650212,1.2596897355317678,1.0332344566698688,1.0384135659365785,-4.555743288125077
public_input,high g,1.4,3,0.5512497472834679,1.2,0.6297574658526677,0.6197116684069879,1.25960631847029,1.0344669259355344,1.0396522129801467,-4.510499620083215
public_input,high g,1.4,3,0.5534721648236569,1.2,0.6297915510497303,0.6196910869305851,1.259521108885843,1.0357270204392823,1.0409186237338797,-4.464297429071826
public_input,high g,1.4,3,0.5557487131734017,1.2,0.6298263240496895,0.6196700877769624,1.2594341739882846,1.0370149019920842,1.0422129608198296,-4.417135135389788
public_input,high g,1.4,3,0.5580799858483445,1.2,0.6298618297192042,0.6196486436936901,1.2593454012159218,1.0383306819393643,1.0435353361415414,-4.369011126555872
public_input,high g,1.4,3,0.5604665922024078,1.2,0.6298980337682849,0.6196267906734586,1.2592549142645861,1.0396745458192767,1.044885936167184,-4.3199237573000655
public_input,high g,1.4,3,0.5629091576927818,1.2,0.6299349636202858,0.619604483983317,1.2591625745942734,1.0410466039396884,1.046264871757545,-4.269871349463063
public_input,high g,1.4,3,0.5654083241525933,1.2,0.629972580612133,0.6195817727263464,1.2590685428401112,1.0424470599206017,1.0476723475532752,-4.218852191999585
public_input,high g,1.4,3,0.5679647500714233,1.2,0.6300109301293166,0.6195586192406155,1.258972680064372,1.0438760308479307,1.049108481227185,-4.166864540866212
public_input,high g,1.4,3,0.5705791108838415,1.2,0.6300499903883554,0.6195350295654957,1.2588750230523353,1.045333690155232,1.0505734470821697,-4.113906619014745
public_input,high g,1.4,3,0.5732520992661372,1.2,0.6300897767125857,0.6195109993308567,1.2587755456252623,1.0468201958851628,1.0520674039530795,-4.059976616313665
public_input,high g,1.4,3,0.5759844254414287,1.2,0.6301302813634417,0.6194865399778482,1.258674283941533,1.0483357285002708,1.0535905332070337,-4.005072689504855
public_input,high g,1.4,3,0.578776817493336,1.2,0.6301715100363607,0.6194616444354507,1.2585712147412986,1.049880454175655,1.055143001852088,-3.949192962135057
public_input,high g,1.4,3,0.5816300216884137,1.2,0.6302134544595925,0.6194363154045534,1.2584663530053177,1.0514545543298877,1.0567249922161785,-3.8923355245080993
public_input,high g,1.4,3,0.5845448028075416,1.2,0.6302561275334115,0.6194105528851565,1.2583596858333168,1.0530582056687836,1.0583366818908622,-3.8344984336199017
public_input,high g,1.4,3,0.5875219444864789,1.2,0.6302995305046857,0.6193843400343317,1.2582511701405938,1.0546915794719005,1.059978243014238,-3.775679713099045
public_input,high g,1.4,3,0.5905622495657936,1.2,0.6303436456096245,0.6193576963958962,1.2581408722377814,1.0563548840494785,1.0616498849407066,-3.715877353160885
public_input,high g,1.4,3,0.5936665404503856,1.2,0.6303885139226366,0.619330598055903,1.258028691648226,1.0580482808454073,1.0633517699233985,-3.6550893105187083
public_input,high g,1.4,3,0.5968356594788269,1.2,0.6304341162903091,0.6193030749676705,1.2579147219293838,1.0597719942417845,1.0650841234691306,-3.5933135083580807
public_input,high g,1.4,3,0.600070469302753,1.2,0.6304804148123853,0.6192751140208078,1.257798968415301,1.0615262257581657,1.0668471481075799,-3.530547836246007
public_input,high g,1.4,3,0.6033718532765401,1.2,0.6305274676167811,0.6192466983723873,1.2576813311402288,1.0633111486872133,1.0686410180000419,-3.4667901500658953
public_input,high g,1.4,3,0.6067407158575169,1.2,0.630575249983536,0.6192178280224089,1.2575618348241275,1.0651269783896258,1.0704659495867146,-3.4020382719758966
public_input,high g,1.4,3,0.6101779830169621,1.2,0.6306237806483987,0.619188533955839,1.2574405376979048,1.0669739446325086,1.0723221737864166,-3.3362899903348353
public_input,high g,1.4,3,0.6136846026621482,1.2,0.6306730507922969,0.6191587895578416,1.2573173824693815,1.06885224590959,1.0742098900878294,-3.269543059621077
public_input,high g,1.4,3,0.6172615450697004,1.2,0.6307230364775323,0.6191285931591755,1.2571923889298593,1.070762108516431,1.0761293259208258,-3.2017952003854058
public_input,high g,1.4,3,0.6209098033305457,1.2,0.6307737953354629,0.6190979491299706,1.2570655103033839,1.072703742492167,1.078080692377367,-3.1330440991685067
public_input,high g,1.4,3,0.6246303938067362,1.2,0.6308252997906194,0.6190668531000971,1.2569367633100217,1.074677381673858,1.0800642244666248,-3.0632874084459085
public_input,high g,1.4,3,0.6284243566004422,1.2,0.6308775390044756,0.6190352952976462,1.256806134514877,1.0766832549382577,1.0820801522126036,-2.992522746549133
public_input,high g,1.4,3,0.6322927560354111,1.2,0.6309305149871642,0.6190033040066958,1.2566736921654678,1.0787216208251669,1.0841287354510398,-2.92074769760681
public_input,high g,1.4,3,0.6362366811512086,1.2,0.6309842717750695,0.618970856344946,1.256539335385776,1.080792689982949,1.0862101858861766,-2.8479598114493183
public_input,high g,1.4,3,0.6402572462105554,1.2,0.6310387411751075,0.6189379583517687,1.2564031473706858,1.0828967345605174,1.0883247770310795,-2.774156603571557
public_input,high g,1.4,3,0.6443555912200942,1.2,0.6310939894982615,0.6189045898457535,1.25626501167859,1.0850339692919506,1.0904727246961854,-2.699335555023122
public_input,high g,1.4,3,0.6485328824649206,1.2,0.631149976464243,0.6188707807802192,1.2561250429938213,1.0872046853537431,1.0926543215175173,-2.62349411237762
public_input,high g,1.4,3,0.652790313057229,1.2,0.6312067667470673,0.6188364968317166,1.2559830913829164,1.0894090961902876,1.0948697820093627,-2.54662968760964
public_input,high g,1.4,3,0.6571291034994325,1.2,0.631264277914235,0.6188017652526757,1.255839306973411,1.0916475135482158,1.0971194194809895,-2.4687396580759686
public_input,high g,1.4,3,0.6615505022621248,1.2,0.6313225584787343,0.6187665719010575,1.2556936061234922,1.0939201810308,1.0994034787567366,-2.3898213663877677
public_input,high g,1.4,3,0.6660557863772645,1.2,0.6313815956813449,0.6187309248795292,1.2555460217194052,1.0962273835137322,1.1017222461402414,-2.3098721203685675
public_input,high g,1.4,3,0.6706462620469753,1.2,0.631441391417648,0.6186948063135154,1.2553965074651237,1.0985693859712997,1.1040759879339803,-2.2288891929585053
public_input,high g,1.4,3,0.6753232652683625,1.2,0.6315019936970527,0.6186582155654223,1.255245013767456,1.1009464572329186,1.1064649743148824,-2.1468698221440445
public_input,high g,1.4,3,0.6800881624747613,1.2,0.6315633387917616,0.6186211701157714,1.2550916477758145,1.1033589205659584,1.1088895301707016,-2.0638112108956626
public_input,high g,1.4,3,0.6849423511938463,1.2,0.631625467602938,0.6185836541532826,1.2549363293138158,1.10580704537269,1.1113499262540933,-1.9797105270549231
public_input,high g,1.4,3,0.6898872607230374,1.2,0.6316883651617409,0.6185456764182167,1.2547790950611089,1.1082911431073865,1.1138464755805018,-1.8945649032850023
public_input,high g,1.4,3,0.6949243528226603,1.2,0.6317520429053931,0.6185072265010718,1.254619907723269,1.1108115071058493,1.11637947295608,-1.8083714369710981
public_input,high g,1.4,3,0.7000551224273222,1.2,0.631816502774456,0.6184682892281613,1.2544587276682964,1.1133684352249855,1.1189492177307494,-1.7211271901471283
public_input,high g,1.4,3,0.7052810983759861,1.2,0.6318817420278737,0.6184289043247122,1.254295656314711,1.1159622756151586,1.121556059799984,-1.632829189427894
public_input,high g,1.4,3,0.7106038441612367,1.2,0.6319477675967069,0.618389026026126,1.2541305730521897,1.118593311275329,1.124200283581283,-1.5434744258910396
public_input,high g,1.4,3,0.7160249586982449,1.2,0.6320145767891927,0.6183486799155911,1.253963544121135,1.1212618902850797,1.1268822388989852,-1.4530598550346765
public_input,high g,1.4,3,0.7215460771139571,1.2,0.6320821630466387,0.6183078720324788,1.2537945910820383,1.1239683522339923,1.1296022670448718,-1.3615823966705918
public_input,high g,1.4,3,0.7271688715570458,1.2,0.6321505670128684,0.6182665636832101,1.2536235771762252,1.126712991643802,1.1323606640169745,-1.2690389348293847
public_input,high g,1.4,3,0.7328950520291776,1.2,0.6322197466169359,0.6182247821202144,1.2534506121696762,1.1294961878938903,1.1351578110963223,-1.1754263177154085
public_input,high g,1.4,3,0.7387263672381705,1.2,0.6322897330081307,0.6181825229733615,1.253275654057699,1.1323182776006133,1.1379940465865672,-1.080741357582018
public_input,high g,1.4,3,0.7446646054736273,1.2,0.6323605207512868,0.6181397731322609,1.253098675709249,1.1351796080841317,1.1408697195488202,-0.984980830662467
public_input,high g,1.4,3,0.7507115955056528,1.2,0.6324320907477592,0.6180965544475634,1.2529197504999878,1.1380805652589767,1.1437852178320163,-0.8881414770913478
public_input,high g,1.4,3,0.7568692075072764,1.2,0.6325045026809115,0.6180528423677287,1.2527387577605262,1.1410214784082422,1.146740872369788,-0.7902200007888363
public_input,high g,1.4,3,0.7631393540012239,1.2,0.6325776932653464,0.6180086429321288,1.252555775778061,1.1440027475165357,1.1497370851516746,-0.6912130694119121
public_input,high g,1.4,3,0.7695239908317001,1.2,0.6326516710129875,0.6179639484321502,1.2523707768924734,1.1470247446037514,1.152774230062327,-0.5911173142357153
public_input,high g,1.4,3,0.7760251181618615,1.2,0.6327265181258368,0.6179187709465364,1.2521837089053593,1.1500878400587653,1.1558526793472035,-0.4899293300735046
public_input,high g,1.4,3,0.7826447814976824,1.2,0.6328021563740509,0.6178730956956552,1.2519946133339563,1.1531924413990207,1.1589728425664367,-0.3876456751985078
public_input,high g,1.4,3,0.7893850727389358,1.2,0.6328785950756382,0.6178269270496368,1.2518034917156593,1.1563389498043397,1.162135122910772,-0.2842628712415838
public_input,high g,1.4,3,0.7962481312580323,1.2,0.6329558777573476,0.6177802666777227,1.2516103046701152,1.1595277597624343,1.1653399168452983,-0.17977740310075951
public_input,high g,1.4,3,0.8032361450074849,1.2,0.6330339729612544,0.617733105839652,1.2514150619444409,1.1627592887324336,1.1685876439216674,-0.07418571885929648
public_input,high g,1.4,3,0.8103513516567865,1.2,0.6331128903361334,0.6176854532756854,1.2512177756006686,1.1660339619554647,1.1718787315125365,0.032515770309581526
public_input,high g,1.4,3,0.8175960397595149,1.2,0.6331926482634893,0.6176372915053017,1.2510183838356799,1.16935218731326,1.175213589544154,0.14033069024222655
public_input,high g,1.4,3,0.8249725499515008,1.2,0.6332732342376164,0.6175886282371137,1.2508169183033737,1.172714410762468,1.178592666208535,0.24926270385963356
public_input,high g,1.4,3,0.8324832761809209,1.2,0.6333546358811075,0.6175394769755669,1.2506134249262004,1.176121090436465,1.1820164219354592,0.35931551126800265
public_input,high g,1.4,3,0.8401306669712053,1.2,0.6334369067220509,0.6174897898927667,1.2504077313715811,1.1795726191504539,1.1854852515091239,0.4704928498741454
public_input,high g,1.4,3,0.8479172267176741,1.2,0.6335200005162052,0.61743960234381,1.2501999717058188,1.1830694993098216,1.1889996598532333,0.5827984944272266
public_input,high g,1.4,3,0.8558455170188431,1.2,0.6336039213803262,0.6173889372109962,1.2499901986517878,1.186612214134417,1.1925601326097859,0.6962362571504217
public_input,high g,1.4,3,0.8639181580433734,1.2,0.6336887216954838,0.6173377345876878,1.2497782110203326,1.1902011693632888,1.1961670775516058,0.8108099878516306
public_input,high g,1.4,3,0.8721378299336601,1.2,0.6337743530014079,0.6172860113168128,1.2495640991095547,1.193836876332387,1.1998210085777257,0.9265235739644995
public_input,high g,1.4,3,0.8805072742470966,1.2,0.6338608388813438,0.6172337865481334,1.2493478869042192,1.1975198323067906,1.2035224254457748,1.0433809406778973
public_input,high g,1.4,3,0.88902929543607,1.2,0.633948191249269,0.6171810455020177,1.2491295257777426,1.201250518190458,1.2072718114702539,1.1613860510316512
public_input,high g,1.4,3,0.8977067623677852,1.2,0.6340363863201537,0.6171277827766873,1.2489090260971372,1.205029443098324,1.2110696783180466,1.28054290599861
public_input,high g,1.4,3,0.9065426098850453,1.2,0.6341254688495259,0.6170739852617517,1.248686310540665,1.20885709473262,1.214916516136002,1.4008555445947053
public_input,high g,1.4,3,0.9155398404091444,1.2,0.6342153810376558,0.6170196916507897,1.2484615330229056,1.2127340481796878,1.2188129028930943,1.5223280439437268
public_input,high g,1.4,3,0.9247015255860773,1.2,0.6343061981364837,0.6169648534783141,1.2482344979036482,1.2166607679724821,1.222759305450759,1.6449645194295064
public_input,high g,1.4,3,0.9340308079772923,1.2,0.63439786916702,0.6169095033985321,1.2480053372749333,1.2206378394815884,1.2267563121137641,1.7687691247266697
public_input,high g,1.4,3,0.9435309027962627,1.2,0.634490410124068,0.6168536201983862,1.2477739824487228,1.2246657883783891,1.2308044511884306,1.8937460519483142
public_input,high g,1.4,3,0.9532050996921831,1.2,0.634583833291618,0.6167972022086347,1.2475404169946303,1.2287451673223222,1.2349042781044137,2.0198995317181616
public_input,high g,1.4,3,0.9630567645821445,1.2,0.634678142780051,0.61674023258635,1.2473045949644423,1.232876528008068,1.2390563473217746,2.1472338332753225
public_input,high g,1.4,3,0.9730893415331738,1.2,0.6347733495764785,0.616682762497909,1.2470666324683273,1.2370604877958606,1.2432612792952782,2.2757532645527982
public_input,high g,1.4,3,0.9833063546955787,1.2,0.6348694261827963,0.6166247451470648,1.2468264407625123,1.2412976027191085,1.2475196328454627,2.405462172310063
public_input,high g,1.4,3,0.9937114102890687,1.2,0.6349664124877712,0.6165661701243161,1.2465839541010297,1.2455884463171596,1.2518319843865533,2.5363649422085883
public_input,high g,1.4,3,1.0043081986431819,1.2,0.6350642669991919,0.6165070734223528,1.2463393033819319,1.2499336708274316,1.2561989894253218,2.668465998892084
public_input,high g,1.4,3,1.0151004962935855,1.2,0.6351630765067413,0.6164474348597648,1.246092351684914,1.2543338449532937,1.260621219515775,2.8017698061292746
public_input,high g,1.4,3,1.0260921681358672,1.2,0.6352627358575931,0.6163872359243829,1.245843158178574,1.2587896163575445,1.2650993255671343,2.9362808668662614
public_input,high g,1.4,3,1.037287169638491,1.2,0.6353633192560759,0.6163264994985067,1.2455917054982144,1.2633016163701851,1.269633942073956,3.0720037233508695
public_input,high g,1.4,3,1.0486895491166357,1.2,0.6354648127964093,0.616265211440097,1.2453379724207914,1.267870485568356,1.2742257128242864,3.2089429572230914
public_input,high g,1.4,3,1.0603034500686892,1.2,0.6355672013802147,0.6162033717491544,1.2450819740446843,1.2724968882494228,1.278875305445296,3.34710318960873
public_input,high g,1.4,3,1.0721331135772334,1.2,0.6356705178637725,0.6161409787564374,1.2448236733672178,1.2771814812298607,1.2835833800457663,3.4864890812259173
public_input,high g,1.4,3,1.0841828807763967,1.2,0.6357747905196418,0.6160780280918154,1.2445630312604274,1.2819249316597665,1.2883506071198976,3.6271053324777744
public_input,high g,1.4,3,1.0964571953875313,1.2,0.6358799511816438,0.6160145203928824,1.244300117474276,1.2867279571114878,1.2931777078368838,3.768956683539195
public_input,high g,1.4,3,1.1089606063252093,1.2,0.6359860637998678,0.6159504506519142,1.2440348556194867,1.2915912344264322,1.2980653624308143,3.9120479144790306
public_input,high g,1.4,3,1.1216977703756155,1.2,0.6360930799708953,0.6158858222073935,1.2437673023922697,1.296515500112872,1.3030143111017247,4.056383845330739
public_input,high g,1.4,3,1.1346734549494641,1.2,0.6362010279558947,0.6158206263190598,1.2434974078206493,1.3015014642979934,1.308025267536328,4.201969336212536
public_input,high g,1.4,3,1.147892540911644,1.2,0.6363099493214985,0.6157548515457631,1.2432251019181768,1.3065498418752277,1.3130989502114745,4.348809287416361
public_input,high g,1.4,3,1.1613600254898573,1.2,0.6364198348646641,0.6156885093286533,1.2429504223077101,1.3116613992298396,1.3182361293539504,4.496908639492483
public_input,high g,1.4,3,1.1750810252645967,1.2,0.6365306050441919,0.6156216111088801,1.242673476950266,1.3168369414450047,1.3234376140824278,4.646272373350504
public_input,high g,1.4,3,1.189060779242872,1.2,0.6366423360073121,0.6155541367050332,1.2423941395679903,1.3220772009327284,1.3287041404801423,4.796905510384084
public_input,high g,1.4,3,1.2033046520181812,1.2,0.6367550622580045,0.6154860753135563,1.2421123488208687,1.3273829466470906,1.3340364813555723,4.9488131125398604
public_input,high g,1.4,3,1.217818137019287,1.2,0.6368687536418398,0.6154174262968559,1.24182813327955,1.3327549939636354,1.339435456171349,5.102000282410348
public_input,high g,1.4,3,1.2326068598504607,1.2,0.6369833663911049,0.6153482098363426,1.24154158684237,1.3381941963528905,1.344901922676039,5.256472163332559
public_input,high g,1.4,3,1.247676581725918,1.2,0.637098978239639,0.6152783916085671,1.2412525465160416,1.343701325892519,1.3504366568173602,5.412233939514453
public_input,high g,1.4,3,1.2630332030012734,1.2,0.6372155453636177,0.6152080076062199,1.2409611455302323,1.349277278850642,1.3560405593559968,5.569290836076985
public_input,high g,1.4,3,1.2786827668049243,1.2,0.6373330944968509,0.6151370191357213,1.2406672610362806,1.354922870460597,1.3617144496116602,5.727648119202159
public_input,high g,1.4,3,1.294631462772364,1.2,0.6374542006004158,0.6150638948452833,1.2403645141952677,1.360636572149235,1.367456791349197,5.887311096187902
public_input,high g,1.4,3,1.31088563088653,1.2,0.6375711632946741,0.6149932570743482,1.2400720872780062,1.3664265042595365,1.3732757456149758,6.04828511556507
public_input,high g,1.4,3,1.3274517654273796,1.2,0.637691668264253,0.614920490554493,1.2397708302731072,1.3722863551818407,1.3791649691622612,6.210575567170994
public_input,high g,1.4,3,1.3443365190339982,1.2,0.6378131570220289,0.6148471310076364,1.2394671164009397,1.3782194484072268,1.3851278021412003,6.3741878822659075
public_input,high g,1.4,3,1.3615467068826452,1.2,0.6379356609307054,0.6147731370393099,1.2391608114749402,1.3842266698930328,1.391165134950011,6.539127533624283
public_input,high g,1.4,3,1.3790893109842512,1.2,0.6380591766787571,0.6146985685561511,1.2388520676147219,1.3903090308467219,1.3972779838648548,6.705400035590352
public_input,high g,1.4,3,1.3969714846049992,1.2,0.6381836637263074,0.6146233814628024,1.2385408158272933,1.3964674745697445,1.4034672969155007,6.873010944218185
public_input,high g,1.4,3,1.4152005568137338,1.2,0.6383092023624055,0.6145475811610419,1.2382269892416224,1.4027029615144173,1.4097340393685522,7.04196585734143
public_input,high g,1.4,3,1.4337840371600625,1.2,0.6384357384815837,0.6144711649499806,1.2379106352541678,1.4090165131374714,1.4160792378008136,7.212270414653313
public_input,high g,1.4,3,1.4527296204871472,1.2,0.6385658352967427,0.6143926014778305,1.237585386774188,1.4154066689116123,1.4225014243640672,7.3839302978124595
public_input,high g,1.4,3,1.4720451918832933,1.2,0.638691869796598,0.6143165033121247,1.2372703244307197,1.4218819025309568,1.429009115226998,7.556951230528565
public_input,high g,1.4,3,1.4917388317766058,1.2,0.6388214974162376,0.614238220860992,1.2369462432024663,1.4284357860416497,1.4355958502154984,7.731338978658091
public_input,high g,1.4,3,1.5118188211770927,1.2,0.63895214672565,0.614159332272467,1.2366196346391578,1.435071923797111,1.4422652517498848,7.907099350262263
public_input,high g,1.4,3,1.5322936470707536,1.2,0.6390863910572564,0.6140782698080169,1.2362840311458572,1.4417888492379018,1.4490158459195588,8.084238195731974
public_input,high g,1.4,3,1.5531720079703377,1.2,0.6392165583072307,0.6139996551694902,1.2359585851337827,1.4485952553170696,1.4558563692511757,8.262761407863126
public_input,high g,1.4,3,1.5744628196276003,1.2,0.6393528886429984,0.6139173336340091,1.23561776810388,1.455482148718408,1.4627777833493452,8.442674921916916
public_input,high g,1.4,3,1.5961752209120554,1.2,0.6394851531567323,0.6138374572235619,1.2352870905865951,1.4624608390492413,1.4697914545110329,8.623984715743365
public_input,high g,1.4,3,1.618318579861377,1.2,0.6396210560241955,0.6137553867557797,1.2349473246771607,1.4695248257250393,1.4768908495673938,8.806696809844372
public_input,high g,1.4,3,1.6409024999087747,1.2,0.6397605462314138,0.6136711575857587,1.2345986092116106,1.4766753251688267,1.4840771910387984,8.990817267447873
public_input,high g,1.4,3,1.6639368262928396,1.2,0.6398960376410572,0.6135893381856752,1.2342598784121597,1.483921197917688,1.4913593838759578,9.176352194610232
public_input,high g,1.4,3,1.6874316526555453,1.2,0.6400376868578093,0.6135038145895264,1.233905788582574,1.491253420413564,1.49872835929004,9.363307740286857
public_input,high g,1.4,3,1.7113973278342638,1.2,0.6401778537380671,0.6134191748133051,1.2335553764981826,1.498680969549832,1.506193139171288,9.551690096420586
public_input,high g,1.4,3,1.7358444628538618,1.2,0.6403191039727378,0.6133338706622953,1.2332022307524033,1.5062025229519576,1.513752394516737,9.741505498002066
public_input,high g,1.4,3,1.7607839381251333,1.2,0.6404614315435415,0.613247917947777,1.2328463966387364,1.513819399905606,1.5214074512249987,9.932760223172266
public_input,high g,1.4,3,1.7862269108560356,1.2,0.6406048675737326,0.6131612937874509,1.2324877861942949,1.521532887929707,1.5291596032687194,10.12546059327508
public_input,high g,1.4,3,1.8121848226824113,1.2,0.6407494145721455,0.6130740237645054,1.2321264604588857,1.5293443594796374,1.5370102299827362,10.319612972959671
public_input,high g,1.4,3,1.8386694075250942,1.2,0.6408950513763292,0.6129860779256215,1.2317623661909145,1.5372551637323932,1.5449606873068238,10.515223770230929
public_input,high g,1.4,3,1.8656926996805347,1.2,0.641041802790054,0.6128974633418193,1.2313954961510247,1.5452666932986745,1.5530123748321718,10.712299436537467
public_input,high g,1.4,3,1.8932670421523103,1.2,0.6411896490139597,0.6128081843832286,1.2310258809939798,1.5533803817103649,1.5611667332762724,10.91084646684379
public_input,high g,1.4,3,1.921405095231136,1.2,0.6413386235045524,0.6127182198367912,1.2306534345700368,1.561597638766855,1.5694251795051657,11.110871399686703
public_input,high g,1.4,3,1.9501198453312445,1.2,0.6414887185555487,0.6126275751042856,1.2302781780034961,1.569919945254995,1.5777892017281756,11.312380817266085
public_input,high g,1.4,3,1.979424614091259,1.2,0.6416399651406055,0.6125362572567308,1.2299000978851133,1.5783487938933272,1.5862603001461282,11.515381345500185
public_input,high g,1.4,3,2.009333067747975,1.2,0.6417923310309348,0.6124442440494213,1.2295191711878273,1.5868857002292138,1.5948399979030983,11.719879654094921
public_input,high g,1.4,3,2.0398592267917226,1.2,0.6419458278318455,0.6123515489868021,1.2291354198513704,1.5955322266260425,1.6035298651938523,11.92588245661477
public_input,high g,1.4,3,2.071017475912293,1.2,0.6421004932009322,0.6122581612653171,1.2287487793821152,1.6042899263398074,1.6123314630601127,12.133396510535103
public_input,high g,1.4,3,2.1028225742447084,1.2,0.6422562777304504,0.6121640748455945,1.228359284186006,1.6131604238891382,1.6212464241634428,12.342428617321639
public_input,high g,1.4,3,2.135289665924415,1.2,0.6424132464217855,0.6120692984678953,1.227966890972466,1.6221453394111107,1.6302763767618893,12.55298562247575
public_input,high g,1.4,3,2.168434290961828,1.2,0.6425713734220049,0.6119738163209392,1.2275715863192078,1.6312463357246874,1.6394229920093288,12.765074415604015
public_input,high g,1.4,3,2.2022723964464688,1.2,0.6427306523199787,0.6118776257038374,1.227173369928353,1.640465111853721,1.6486879774460077,12.97870193047477
public_input,high g,1.4,3,2.23682034809129,1.2,0.6428910975172404,0.6117807336876091,1.2267722449627805,1.6498033995025831,1.6580730734565008,13.193875145073584
public_input,high g,1.4,3,2.2720949421281498,1.2,0.64305272809223,0.6116831200908441,1.2263681422134267,1.6592629299309167,1.6675800199784265,13.41060108165167
public_input,high g,1.4,3,2.308113417565749,1.2,0.6432155693310646,0.6115848050949528,1.2259610865247978,1.6688455083710583,1.6772106312928858,13.628886806793464
public_input,high g,1.4,3,2.344893468821764,1.2,0.6433795860439688,0.611485754376486,1.2255510278272221,1.6785529396574987,1.6869667212811408,13.84873943145303
public_input,high g,1.4,3,2.382453258741261,1.2,0.6435448155423913,0.6113859766757046,1.2251379505200588,1.6883870775667675,1.696850153011814,14.070166111013481
public_input,high g,1.4,3,2.4208114320139376,1.2,0.6437112337391229,0.6112854817645166,1.2247219029639362,1.6983498393037628,1.7068628532998333,14.293174045337032
public_input,high g,1.4,3,2.4599871290031343,1.2,0.6438788617788487,0.6111842652727919,1.224302853158766,1.7084431410041803,1.7170067478855646,14.517770478798326
public_input,high g,1.4,3,2.5,1.2,0.6440476687060643,0.6110823147277331,1.2238808010776245,1.7186689491415428,1.7272838130995198,14.74396270033813
