scenario_family,scenario,parameter_value,period,hc,parent_h,c_policy,l_policy,e_policy,perceived_hc_next_policy,true_expected_hc_next_policy,value_policy
public_input_complements,low g,0.6,1,0.5,1.2,0.814215571372882,0.43457249840616885,0.4744610251844428,0.5175209932614593,0.5201150780353604,-14.558399264541066
public_input_complements,low g,0.6,1,0.5000203210855501,1.2,0.8142133458309139,0.43457405367190405,0.47446661010039903,0.5175306644026489,0.520124797653347,-14.558332272304236
public_input_complements,low g,0.6,1,0.5000812892976928,1.2,0.814206606645993,0.4345787244768333,0.4744834382239671,0.517559707401891,0.5201539862312285,-14.558131291600045
public_input_complements,low g,0.6,1,0.5001829195049198,1.2,0.8141953866824402,0.4345865101833633,0.4745114753136245,0.5176081104432478,0.5202026318938398,-14.557796310457174
public_input_complements,low g,0.6,1,0.5003252364947652,1.2,0.8141773481188341,0.4345990363733683,0.4745565704476414,0.51767818866018,0.5202730613792962,-14.557327308930647
public_input_complements,low g,0.6,1,0.5005082749838822,1.2,0.814157189325995,0.43461305252069315,0.47460700411870216,0.5177653132815089,0.5203606227146068,-14.55672425907589
public_input_complements,low g,0.6,1,0.500732079632158,1.2,0.8141325073694957,0.43463018356961863,0.47466868914088056,0.51787182677248,0.5204676701066732,-14.555987125001623
public_input_complements,low g,0.6,1,0.5009967050608752,1.2,0.8141034777158436,0.434650354439821,0.4747412878741697,0.5179976019181174,0.5205940757028518,-14.555115862827403
public_input_complements,low g,0.6,1,0.5013022158749305,1.2,0.8140702627540035,0.434673418065596,0.47482432026768384,0.5181424562472712,0.5207396561173518,-14.554110420716642
public_input_complements,low g,0.6,1,0.5016486866891229,1.2,0.8141232781425257,0.4346365849900647,0.4746917454360139,0.5182169641762886,0.5208145375189177,-14.552971065906586
public_input_complements,low g,0.6,1,0.502036202158526,1.2,0.8141195095496822,0.4346392327173101,0.4747012331197077,0.5183626136502096,0.520960917063865,-14.551698925458648
public_input_complements,low g,0.6,1,0.502464857012963,1.2,0.8140706486703031,0.4346731528558584,0.474823361498351,0.5185678205583868,0.5211671525759498,-14.550292659823285
public_input_complements,low g,0.6,1,0.5029347560956027,1.2,0.8141841651808095,0.4345943302133422,0.4745395880800096,0.5186271937570889,0.521226823384049,-14.548753206596949
public_input_complements,low g,0.6,1,0.5034460144056994,1.2,0.8143570981678818,0.43447422313550454,0.47410722380480813,0.5186423876962141,0.5212420934831109,-14.547083878261791
public_input_complements,low g,0.6,1,0.5039987571454999,1.2,0.8142974873619453,0.4345156327858788,0.47425627945555293,0.5189031526939105,0.5215041655707978,-14.545282811656065
public_input_complements,low g,0.6,1,0.5045931197713469,1.2,0.8142326128915567,0.43456069482834825,0.4744184879376756,0.5191841489727911,0.5217865703493876,-14.543347797152524
public_input_complements,low g,0.6,1,0.5052292480490046,1.2,0.814160594396099,0.4346106743733156,0.4745984622502626,0.5194872260426971,0.5220911665994286,-14.54127872032501
public_input_complements,low g,0.6,1,0.5059072981132409,1.2,0.8140875141814689,0.4346614408072351,0.4747811979621591,0.5198064422828588,0.5224119829176527,-14.539075458847158
public_input_complements,low g,0.6,1,0.5066274365316988,1.2,0.8142419249556917,0.4345542166583371,0.47439518302631656,0.5199145293537392,0.5225206117772304,-14.536740035315205
public_input_complements,low g,0.6,1,0.507389840373095,1.2,0.8142273614798412,0.4345643303775157,0.47443159213559283,0.5202055288182018,0.5228130698825788,-14.534276471014689
public_input_complements,low g,0.6,1,0.5081946972797818,1.2,0.8141395084165689,0.434625339084149,0.4746512240051931,0.5205845325330959,0.5231939733614995,-14.531678981347557
public_input_complements,low g,0.6,1,0.5090422055447187,1.2,0.8141599119988552,0.4346111563273031,0.4746001856681197,0.5208707554451364,0.5234816309718572,-14.5289482038289
public_input_complements,low g,0.6,1,0.5099325741928927,1.2,0.8141046596839641,0.4346495261564006,0.47473831681386147,0.5212474259930026,0.5238601895887016,-14.526085742010467
public_input_complements,low g,0.6,1,0.5108660230672385,1.2,0.8140718985082867,0.4346722646658007,0.47482019316984303,0.5216167376775405,0.5242313524557619,-14.523092378300992
public_input_complements,low g,0.6,1,0.5118427829191048,1.2,0.8139643809256163,0.4347469415210846,0.47508901275992654,0.5220758074395676,0.5246927233145472,-14.51996474881889
public_input_complements,low g,0.6,1,0.5128630955033207,1.2,0.8138960964918598,0.4347943631987625,0.47525972801746724,0.5225108609284209,0.5251299575180882,-14.516703811780985
public_input_complements,low g,0.6,1,0.5139272136779165,1.2,0.8138915359348914,0.43479755548752175,0.4752711839181557,0.5228973719205267,0.5255184059046043,-14.513311205932864
public_input_complements,low g,0.6,1,0.5150354015085564,1.2,0.8137733301294846,0.43487962158517374,0.4755666524944907,0.5234126607272027,0.5260362776071725,-14.509785322883605
public_input_complements,low g,0.6,1,0.5161879343777439,1.2,0.8139298906263701,0.434770886265898,0.4751752237079696,0.5236679368359703,0.5262928332927601,-14.506131990488106
public_input_complements,low g,0.6,1,0.5173850990988615,1.2,0.8139191011761047,0.434778399691671,0.47520224215790474,0.5241058670657877,0.5267329586569894,-14.502349228986672
public_input_complements,low g,0.6,1,0.5186271940351138,1.2,0.8137860023427872,0.4348708251744224,0.47553498003396516,0.5246817369687584,0.5273117151198612,-14.498435760799657
public_input_complements,low g,0.6,1,0.5199145292234401,1.2,0.8136502199780776,0.4349650967158349,0.4758743889281257,0.5252756229570043,0.5279085779740111,-14.494387288182754
public_input_complements,low g,0.6,1,0.5212474265034702,1.2,0.8137179110547353,0.4349180970855071,0.4757051786499601,0.52568023296382,0.528315216096926,-14.490207856979751
public_input_complements,low g,0.6,1,0.5226262196515982,1.2,0.8137106007871934,0.43492316975637635,0.47572344588657944,0.5261753427589837,0.5288128076402656,-14.48590078056093
public_input_complements,low g,0.6,1,0.5240512545202515,1.2,0.8136483517186696,0.4349663955120931,0.4758790625874515,0.5267410259747565,0.5293813263549572,-14.481467772312246
public_input_complements,low g,0.6,1,0.5255228891824385,1.2,0.8137411900528182,0.4349019494883734,0.47564702084206845,0.5271653713884369,0.5298077988088753,-14.476904599742085
public_input_complements,low g,0.6,1,0.5270414940816569,1.2,0.8135815477156194,0.4350128135565691,0.4760461295665699,0.5278599974664496,0.5305059067145936,-14.472214502274165
public_input_complements,low g,0.6,1,0.5286074521872524,1.2,0.81341972689566,0.4351251817241233,0.4764506656284462,0.5285723324760319,0.5312218123182703,-14.467388945981167
public_input_complements,low g,0.6,1,0.5302211591553182,1.2,0.8136121611671272,0.43499153505117005,0.47596955454340023,0.5289411850938658,0.5315925138175451,-14.4624395563743
public_input_complements,low g,0.6,1,0.5318830234952302,1.2,0.8134862968137293,0.4350789575415979,0.4762842514761223,0.5296478844640221,0.5323027555330359,-14.457365289738856
public_input_complements,low g,0.6,1,0.5335934667419154,1.2,0.8135069175074545,0.43506461357700915,0.4762326478188854,0.5302211601927169,0.5328789048182787,-14.452157647432383
public_input_complements,low g,0.6,1,0.5353529236339561,1.2,0.8133899514109619,0.43514585306048204,0.47652509119967945,0.5309497326361219,0.5336111292462539,-14.446828553160064
public_input_complements,low g,0.6,1,0.537161842297634,1.2,0.8132068644178976,0.43527300138201386,0.47698281856725244,0.5317612345653542,0.5344266988458339,-14.441363770911337
public_input_complements,low g,0.6,1,0.5390206844370244,1.2,0.8134032416147264,0.43513662586211993,0.47649187024745265,0.5322011712390725,0.5348688407113061,-14.43578006258101
public_input_complements,low g,0.6,1,0.5409299255302531,1.2,0.8132476593685727,0.4352446685225299,0.47688082464009196,0.5330156835477248,0.5356874357798957,-14.430068251371564
public_input_complements,low g,0.6,1,0.5428900550320312,1.2,0.8132338628361881,0.43525424642045524,0.4769153094319951,0.5337007375212072,0.53637592360071,-14.424225587965879
public_input_complements,low g,0.6,1,0.5449015765825912,1.2,0.8130307021498714,0.43539534391165513,0.47742324069930364,0.5345953587734426,0.5372750291606334,-14.418256297951293
public_input_complements,low g,0.6,1,0.5469650082231464,1.2,0.8130516094870701,0.4353808131561352,0.4773709469301819,0.5352758115877893,0.537958892758906,-14.412163564273289
public_input_complements,low g,0.6,1,0.5490808826180046,1.2,0.8130005445148659,0.4354162673473607,0.4774985929554333,0.5360455730848562,0.5387325127015336,-14.405946849279562
public_input_complements,low g,0.6,1,0.5512497472834679,1.2,0.81282111774083,0.43554087798301333,0.47794717870247894,0.5369631211860441,0.5396546600317181,-14.399596127414068
public_input_complements,low g,0.6,1,0.5534721648236569,1.2,0.8129572355993383,0.4354463439327523,0.4776068672954067,0.5375709978327076,0.5402655836727531,-14.39312659586297
public_input_complements,low g,0.6,1,0.5557487131734017,1.2,0.8129297534356474,0.4354654512631153,0.47767562129268165,0.5383629415664829,0.5410614970410135,-14.38654394539707
public_input_complements,low g,0.6,1,0.5580799858483445,1.2,0.8129158474847779,0.4354750846975477,0.4777103354619253,0.5391562733725547,0.5418588054393115,-14.379830407667598
public_input_complements,low g,0.6,1,0.5604665922024078,1.2,0.8126832569330298,0.4356366068275379,0.47829181381445224,0.5401920993434642,0.542899823509507,-14.372992731079588
public_input_complements,low g,0.6,1,0.5629091576927818,1.2,0.812752961801001,0.4355882141708656,0.47811758080806865,0.5409299256728822,0.5436413482087918,-14.366026535367471
public_input_complements,low g,0.6,1,0.5654083241525933,1.2,0.812714211066784,0.4356151257199276,0.4782144604882597,0.5417959008586483,0.5445116641132401,-14.358954118391617
public_input_complements,low g,0.6,1,0.5679647500714233,1.2,0.8124718116026054,0.43578347131771406,0.47882048644365705,0.5428900541751833,0.5456113018960977,-14.351746253282878
public_input_complements,low g,0.6,1,0.5705791108838415,1.2,0.8125624256423055,0.4357205250232225,0.4785939084078551,0.5436524429232387,0.5463775121336558,-14.344416093738548
public_input_complements,low g,0.6,1,0.5732520992661372,1.2,0.8124115559330048,0.43582528990504765,0.4789710702618982,0.5446829840345374,0.5474132188537714,-14.33696847211944
public_input_complements,low g,0.6,1,0.5759844254414287,1.2,0.8123585846167928,0.43586208595624093,0.4791035210486877,0.5456269198379033,0.5483618861550416,-14.32939895987416
public_input_complements,low g,0.6,1,0.578776817493336,1.2,0.8121247801451077,0.4360244434406708,0.4796880176867413,0.546776747372285,0.5495174772239241,-14.321696916405083
public_input_complements,low g,0.6,1,0.5816300216884137,1.2,0.8124521809635674,0.43579706811857777,0.4788694861725606,0.5473516683508499,0.5500952800058865,-14.313892743550571
public_input_complements,low g,0.6,1,0.5845448028075416,1.2,0.8122205878293995,0.43595790299148013,0.4794484826321976,0.5485313188795535,0.5512808435574721,-14.305971283425114
public_input_complements,low g,0.6,1,0.5875219444864789,1.2,0.8121282369338524,0.4360220511512546,0.4796793935528575,0.5495801269698342,0.5523349088201828,-14.297923344628227
public_input_complements,low g,0.6,1,0.5905622495657936,1.2,0.812079146572905,0.43605613956856526,0.479802114895196,0.550599064359386,0.5533589536546542,-14.289759134786443
public_input_complements,low g,0.6,1,0.5936665404503856,1.2,0.812028569589517,0.4360912490995991,0.4799285284656173,0.551635437362005,0.554400521498567,-14.281474256175215
public_input_complements,low g,0.6,1,0.5968356594788269,1.2,0.8117630126724504,0.43627565513545236,0.48059240242012674,0.5529167195806698,0.5556882261710796,-14.273065347292164
public_input_complements,low g,0.6,1,0.600070469302753,1.2,0.8119666123948011,0.43613426518208526,0.4800834003985032,0.5537140251505543,0.5564895282517645,-14.264541349993149
public_input_complements,low g,0.6,1,0.6033718532765401,1.2,0.8116718063752273,0.4363390174379225,0.48082047129068534,0.555059506766283,0.5578417541221579,-14.255905794204837
public_input_complements,low g,0.6,1,0.6067407158575169,1.2,0.8117514822226106,0.43628368753955094,0.48062128286281935,0.5560204029186387,0.558807466786521,-14.247144921847868
public_input_complements,low g,0.6,1,0.6101779830169621,1.2,0.8117424571820804,0.4362899577055728,0.4806438514619568,0.5570919726557259,0.5598844077892675,-14.238285695049974
public_input_complements,low g,0.6,1,0.6136846026621482,1.2,0.8117033380610259,0.436317127393353,0.4807416571086165,0.5582117791424189,0.5610098273293337,-14.229308312283289
public_input_complements,low g,0.6,1,0.6172615450697004,1.2,0.8113929966958447,0.43653263215996896,0.48151748876968836,0.5596406365166324,0.5624458468809407,-14.220214830839883
public_input_complements,low g,0.6,1,0.6209098033305457,1.2,0.8114586435233164,0.43648705384006303,0.4813533927712199,0.5606796854563093,0.5634901040751015,-14.211001562101433
public_input_complements,low g,0.6,1,0.6246303938067362,1.2,0.8112555395458931,0.43662807998347597,0.48186111321841496,0.5620259415332303,0.5648431082886901,-14.201677162375354
public_input_complements,low g,0.6,1,0.6284243566004422,1.2,0.8113087338701084,0.436591124393781,0.48172809482045875,0.5631101713762164,0.5659327728563807,-14.192231706550684
public_input_complements,low g,0.6,1,0.6322927560354111,1.2,0.8113381426808544,0.4365707270074204,0.48165462765517386,0.5642358846188926,0.5670641287601674,-14.182700646810677
public_input_complements,low g,0.6,1,0.6362366811512086,1.2,0.8113391479212668,0.43657003267931327,0.48165212266605,0.5654083247344758,0.5682424457562864,-14.173052906595725
public_input_complements,low g,0.6,1,0.6402572462105554,1.2,0.8112019900416324,0.4366652637585704,0.48199497967687976,0.5667482935043812,0.5695891311476019,-14.163314235861346
public_input_complements,low g,0.6,1,0.6443555912200942,1.2,0.8112551021552252,0.4366283865876819,0.4818622128741676,0.5678954966477158,0.5707420846706225,-14.153471461181447
public_input_complements,low g,0.6,1,0.6485328824649206,1.2,0.8113045784289139,0.4365940444017833,0.4817385574789381,0.5690622355697433,0.5719146718958341,-14.143538223816682
public_input_complements,low g,0.6,1,0.652790313057229,1.2,0.8111665219330998,0.43668990553237996,0.48208367401684094,0.5704522703777476,0.5733116742823088,-14.133484257873096
public_input_complements,low g,0.6,1,0.6571291034994325,1.2,0.8112627504979016,0.4366230715893743,0.481843084135147,0.5715988059738729,0.5744639569120257,-14.12334344275773
public_input_complements,low g,0.6,1,0.6615505022621248,1.2,0.8109979285190566,0.4368069886002208,0.4825051668574204,0.5731629302288982,0.576035921372506,-14.113086725322987
public_input_complements,low g,0.6,1,0.6660557863772645,1.2,0.811229967195391,0.43664584442222343,0.4819250567566117,0.5741895026953623,0.577067639554872,-14.102732802841528
public_input_complements,low g,0.6,1,0.6706462620469753,1.2,0.8110092896569386,0.43679910159258517,0.4824767697830453,0.5757379601428116,0.5786238586775764,-14.09228007667944
public_input_complements,low g,0.6,1,0.6753232652683625,1.2,0.8111417301731183,0.4367071281105026,0.4821456665455675,0.5769067991134716,0.5797985564779583,-14.081739103431119
public_input_complements,low g,0.6,1,0.6800881624747613,1.2,0.8111372550727219,0.43671022179904523,0.4821568240132158,0.5782451014640904,0.5811435670970256,-14.071096132395056
public_input_complements,low g,0.6,1,0.6849423511938463,1.2,0.8112864410225544,0.43660661468714573,0.48178384670168034,0.5794253929574887,0.5823297748261548,-14.060377567951457
public_input_complements,low g,0.6,1,0.6898872607230374,1.2,0.8109655350577858,0.4368294918532021,0.4825861673451308,0.5811546168650045,0.5840676665045775,-14.049554507738232
public_input_complements,low g,0.6,1,0.6949243528226603,1.2,0.8112002633838662,0.4366664841360223,0.4819993423499421,0.5822690596354603,0.5851876954426669,-14.038634098976988
public_input_complements,low g,0.6,1,0.7000551224273222,1.2,0.8110194237021229,0.43679204286837,0.48245138889355643,0.5838728268238071,0.586799501547499,-14.027625063622388
public_input_complements,low g,0.6,1,0.7052810983759861,1.2,0.8109104350405405,0.43686773209711643,0.4827238662892311,0.585411526640743,0.5883459141293635,-14.016513770388576
public_input_complements,low g,0.6,1,0.7106038441612367,1.2,0.8107926780797583,0.4369495232131225,0.48301829206058633,0.5869771488101004,0.5899193840125029,-14.0053087798902
public_input_complements,low g,0.6,1,0.7160249586982449,1.2,0.8110055093919897,0.43680171769727066,0.48248620083411486,0.5881782410994972,0.5911264968020544,-13.99401478175696
public_input_complements,low g,0.6,1,0.7215460771139571,1.2,0.8109756521260678,0.43682245164115585,0.4825608434188289,0.5896747637996829,0.5926305208534912,-13.982636874059557
public_input_complements,low g,0.6,1,0.7271688715570458,1.2,0.8110808716815049,0.43674937748544707,0.4822977836870609,0.5910305219303998,0.5939930747501186,-13.97118684870301
public_input_complements,low g,0.6,1,0.7328950520291776,1.2,0.8108474750126754,0.4369114583189897,0.48288127495634237,0.5927965612246692,0.5957679663531891,-13.959648049770287
public_input_complements,low g,0.6,1,0.7387263672381705,1.2,0.8110235270246269,0.436789214389565,0.48244117605683345,0.5941012868739198,0.5970792319669725,-13.948018612352788
public_input_complements,low g,0.6,1,0.7446646054736273,1.2,0.8107549951631028,0.4369756848975705,0.48311248421564956,0.5959428475114171,0.598930023465579,-13.93630211200608
public_input_complements,low g,0.6,1,0.7507115955056528,1.2,0.8108648663980934,0.43689938412965357,0.48283780332195836,0.5973567590901333,0.6003510223055768,-13.924486263640517
public_input_complements,low g,0.6,1,0.7568692075072764,1.2,0.8107478289009804,0.43698067040937283,0.48313041918326505,0.5990542189391608,0.6020569907075055,-13.912602846438052
public_input_complements,low g,0.6,1,0.7631393540012239,1.2,0.8107733802578624,0.43696290763986656,0.48306650024424946,0.6005995203256409,0.6036100379494194,-13.900622444536722
public_input_complements,low g,0.6,1,0.7695239908317001,1.2,0.8107436114380798,0.43698359041737506,0.4831409438634503,0.6022266461879638,0.6052453198140683,-13.888568612158059
public_input_complements,low g,0.6,1,0.7760251181618615,1.2,0.8109275156396456,0.4368558844239386,0.48268119471606186,0.6036145933243852,0.6066402240644625,-13.876441213087821
public_input_complements,low g,0.6,1,0.7826447814976824,1.2,0.8106145167229022,0.4370732385876981,0.48346367862652584,0.6056134775607095,0.6086491277497169,-13.8642360279986
public_input_complements,low g,0.6,1,0.7893850727389358,1.2,0.8107920384575313,0.4369499779146804,0.4830199138381784,0.6070404378288883,0.6100832406860055,-13.851947356370017
public_input_complements,low g,0.6,1,0.7962481312580323,1.2,0.8105701973910636,0.4371040165722162,0.4835744784049233,0.6089646916791883,0.612017139898869,-13.839595453240934
public_input_complements,low g,0.6,1,0.8032361450074849,1.2,0.8108420942391947,0.4369152163823208,0.48289477314661816,0.6103079475505707,0.6133671288683262,-13.827142119559864
public_input_complements,low g,0.6,1,0.8103513516567865,1.2,0.8105114432710088,0.4371448130141788,0.4837213528396176,0.6123988575312921,0.615468519578941,-13.814631745687471
public_input_complements,low g,0.6,1,0.8175960397595149,1.2,0.810682218169012,0.43702623458724,0.4832944485394265,0.6138959016632971,0.6169730676758852,-13.802019806043006
public_input_complements,low g,0.6,1,0.8249725499515008,1.2,0.810577357485521,0.4370990408323222,0.48355657071229496,0.6157457532299528,0.6188321916621057,-13.78936923304409
public_input_complements,low g,0.6,1,0.8324832761809209,1.2,0.8106741281308394,0.4370318360083431,0.48331463764718174,0.6173642793983937,0.6204588307267273,-13.776625961059196
public_input_complements,low g,0.6,1,0.8401306669712053,1.2,0.8106406099913888,0.437055116378368,0.4833984413858863,0.619159217311294,0.6222627658033574,-13.763820444439778
public_input_complements,low g,0.6,1,0.8479172267176741,1.2,0.8105693347552969,0.43710462104036735,0.4835766466918967,0.6210175152318622,0.6241303784810154,-13.750942033699836
public_input_complements,low g,0.6,1,0.8558455170188431,1.2,0.8103336913273598,0.43726824466684777,0.4841657171530316,0.6230974218188328,0.6262207106431387,-13.73799820842417
public_input_complements,low g,0.6,1,0.8639181580433734,1.2,0.8105499530755437,0.4371180768148984,0.48362509284463695,0.6246303948228047,0.62776136770627,-13.724970707747941
public_input_complements,low g,0.6,1,0.8721378299336601,1.2,0.8104309077526437,0.43720075175083184,0.48392271602915327,0.6265985999618496,0.6297394385146299,-13.711904081041178
public_input_complements,low g,0.6,1,0.8805072742470966,1.2,0.8104384955453556,0.43719547814699267,0.48390373725214864,0.628424357091054,0.6315743472895287,-13.698735043684362
public_input_complements,low g,0.6,1,0.88902929543607,1.2,0.810329995050438,0.4372708193770649,0.48417497480402216,0.6304131736358503,0.6335731328187412,-13.685542124041
public_input_complements,low g,0.6,1,0.8977067623677852,1.2,0.8103209612689406,0.4372770939132171,0.4841975615836082,0.6322927562311044,0.635462136860961,-13.672240345022104
public_input_complements,low g,0.6,1,0.9065426098850453,1.2,0.8102526005271113,0.437324552615233,0.4843684331217921,0.6342642527792549,0.6374435155766833,-13.658902743019443
public_input_complements,low g,0.6,1,0.9155398404091444,1.2,0.8101966648290045,0.4373634245797282,0.48450833226320855,0.6362366810892264,0.6394258307247023,-13.64548628625391
public_input_complements,low g,0.6,1,0.9247015255860773,1.2,0.8103477623575743,0.4372584843481215,0.48413056383436825,0.6379592975105767,0.6411570817967973,-13.632040497612373
public_input_complements,low g,0.6,1,0.9340308079772923,1.2,0.8101438164376314,0.43740011495968556,0.4846404318752894,0.6401552608735946,0.6433640524719789,-13.618530943982762
public_input_complements,low g,0.6,1,0.9435309027962627,1.2,0.810113511296777,0.4374211555077766,0.4847161846000205,0.6421441291132817,0.6453628899552039,-13.604957968919468
public_input_complements,low g,0.6,1,0.9532050996921831,1.2,0.8100766881338635,0.43744672249598177,0.4848082324574572,0.6441578796646784,0.6473867344732454,-13.59130735819018
public_input_complements,low g,0.6,1,0.9630567645821445,1.2,0.8100937485695421,0.4374348606807652,0.48476555050091075,0.6461175857302277,0.6493562636063265,-13.577619871671953
public_input_complements,low g,0.6,1,0.9730893415331738,1.2,0.8100974616090549,0.4374322974116977,0.48475630080021215,0.6481107019846223,0.6513593703975213,-13.563860264026943
public_input_complements,low g,0.6,1,0.9833063546955787,1.2,0.8104588646896529,0.4371813394855042,0.48385282859903617,0.6496473767886828,0.6529037478160913,-13.550083699339854
public_input_complements,low g,0.6,1,0.9937114102890687,1.2,0.810013577468458,0.43749055001896064,0.48496601057249705,0.6522658083370333,0.6555353043071968,-13.536249103146194
public_input_complements,low g,0.6,1,1.0043081986431819,1.2,0.810260752554058,0.4373188869173623,0.4843480431874446,0.6539831124233052,0.657261216416023,-13.522361589272878
public_input_complements,low g,0.6,1,1.0151004962935855,1.2,0.8098857007105554,0.437579347023564,0.48528568886034285,0.6565455198873958,0.6598364680009777,-13.508400177899004
public_input_complements,low g,0.6,1,1.0260921681358672,1.2,0.8101902232373847,0.43736789111320507,0.4845244215671384,0.6582157450103965,0.6615150651622473,-13.494385049266214
public_input_complements,low g,0.6,1,1.037287169638491,1.2,0.8100068762381921,0.4374951979415907,0.48498275131564383,0.6605562791827049,0.6638673313109165,-13.480342097603753
public_input_complements,low g,0.6,1,1.0486895491166357,1.2,0.8101639818248945,0.4373861058833801,0.48459000688320675,0.662453602481974,0.6657741649828003,-13.466251368458888
public_input_complements,low g,0.6,1,1.0603034500686892,1.2,0.8101624837515425,0.43738716672233036,0.48459379636869115,0.664580778357043,0.6679120033713147,-13.452142443864535
public_input_complements,low g,0.6,1,1.0721331135772334,1.2,0.8101938032141539,0.43736540626294385,0.4845154743138048,0.6666788840936417,0.6700206259066833,-13.437969534926607
public_input_complements,low g,0.6,1,1.0841828807763967,1.2,0.8099871571247271,0.4375089101855987,0.485032088876166,0.6691192861226529,0.6724732605017704,-13.423740884353894
public_input_complements,low g,0.6,1,1.0964571953875313,1.2,0.8101185893509345,0.4374176495437922,0.4847035336636568,0.67111163025988,0.6744755913055444,-13.409477204062378
public_input_complements,low g,0.6,1,1.1089606063252093,1.2,0.8098568064180213,0.43759942803381036,0.48535795813500904,0.6736628727284907,0.6770396219302462,-13.395155565327476
public_input_complements,low g,0.6,1,1.1216977703756155,1.2,0.8102486820287101,0.4373272885331931,0.4843782612029871,0.6753232671566606,0.6787083391201222,-13.380797851262848
public_input_complements,low g,0.6,1,1.1346734549494641,1.2,0.810010923286087,0.4374924048178824,0.4849726711205389,0.677875067990014,0.6812729309083818,-13.366439392028624
public_input_complements,low g,0.6,1,1.147892540911644,1.2,0.8100274778561212,0.43748091658452837,0.4849313019664603,0.6800881613335831,0.6834971174284994,-13.35199945769385
public_input_complements,low g,0.6,1,1.1613600254898573,1.2,0.8100067514615336,0.43749529757345507,0.48498309129712946,0.6823692576782311,0.6857896478161574,-13.337574966304697
public_input_complements,low g,0.6,1,1.1750810252645967,1.2,0.8097911841689494,0.43764500198358597,0.48552202011559653,0.6849423511225613,0.6883756389450504,-13.32305894710159
public_input_complements,low g,0.6,1,1.189060779242872,1.2,0.8098838444540051,0.43758065726097195,0.4852903752296944,0.6870950205732685,0.6905390986962827,-13.308544923682373
public_input_complements,low g,0.6,1,1.2033046520181812,1.2,0.8096123050974319,0.437769217824318,0.4859692054030952,0.6897826651917938,0.693240215189521,-13.293957773431721
public_input_complements,low g,0.6,1,1.217818137019287,1.2,0.8100189041249013,0.4374868474921366,0.48495268645811396,0.6915152587365605,0.6949814933955716,-13.27936796770309
public_input_complements,low g,0.6,1,1.2326068598504607,1.2,0.8097522739614376,0.437672021904773,0.485619293352872,0.6942297403290386,0.6977095813836546,-13.264750517790905
public_input_complements,low g,0.6,1,1.247676581725918,1.2,0.8098652051873458,0.4375935940571774,0.48533695797615756,0.6964126280278914,0.6999034108526315,-13.250105175948693
public_input_complements,low g,0.6,1,1.2630332030012734,1.2,0.809746989064273,0.43767568470636997,0.48563248990148616,0.6989461345648764,0.7024496166439805,-13.23543159290012
public_input_complements,low g,0.6,1,1.2786827668049243,1.2,0.8098204788020397,0.43762464162156334,0.4854487471005372,0.7012159101414852,0.7047307695180133,-13.220703208414534
public_input_complements,low g,0.6,1,1.294631462772364,1.2,0.8097490066553457,0.4376743074913054,0.48562749752587403,0.7037132026089324,0.7072405797160456,-13.205948626816607
public_input_complements,low g,0.6,1,1.31088563088653,1.2,0.8101093468865627,0.43742403682219955,0.48472657264938823,0.7055880659679108,0.7091248408667195,-13.191182593337507
public_input_complements,low g,0.6,1,1.3274517654273796,1.2,0.8096165901360803,0.43776623520878943,0.4859584779149048,0.7087405481973256,0.712293124979068,-13.17640931237231
public_input_complements,low g,0.6,1,1.3443365190339982,1.2,0.8100023702558474,0.4374983444657513,0.48499405379017557,0.7106038458414594,0.7141657624415103,-13.161590463795463
public_input_complements,low g,0.6,1,1.3615467068826452,1.2,0.8095207807901698,0.4378327827289994,0.4861980299044689,0.7137772302969707,0.7173550535527998,-13.146765813308074
public_input_complements,low g,0.6,1,1.3790893109842512,1.2,0.8096682790873869,0.43773035460008347,0.48582928684879334,0.7160249575049703,0.7196140475403158,-13.131888586978867
public_input_complements,low g,0.6,1,1.3969714846049992,1.2,0.8096051737242788,0.4377741750520429,0.4859870443881339,0.7186041008925039,0.7222061189378788,-13.11702543821954
public_input_complements,low g,0.6,1,1.4152005568137338,1.2,0.8093136269767824,0.4379766417213477,0.48671591914132856,0.7215460763671694,0.7251628411259788,-13.102086624196604
public_input_complements,low g,0.6,1,1.4337840371600625,1.2,0.8098753432400984,0.4375865555143725,0.48531161667094624,0.7232039514690068,0.7268290263613465,-13.087185129042467
public_input_complements,low g,0.6,1,1.4527296204871472,1.2,0.8094682002643623,0.4378692906881558,0.48632946762205415,0.7263557402732952,0.7299966135727609,-13.072269043494854
public_input_complements,low g,0.6,1,1.4720451918832933,1.2,0.8097557380125412,0.4376696084022987,0.4856106161364241,0.7284564438754689,0.7321078469955599,-13.057313768243231
public_input_complements,low g,0.6,1,1.4917388317766058,1.2,0.8094432893203729,0.4378865916850848,0.4863917487194102,0.7314976080897738,0.7351642551089258,-13.042363627596291
public_input_complements,low g,0.6,1,1.5118188211770927,1.2,0.8096492310851923,0.4377435794883259,0.48587690060959166,0.7337505539936782,0.7374284939511686,-13.02736845353868
public_input_complements,low g,0.6,1,1.5322936470707536,1.2,0.8094039599909904,0.4379138953281783,0.4864900539178749,0.7367210515227178,0.7404138811610355,-13.012372118126873
public_input_complements,low g,0.6,1,1.5531720079703377,1.2,0.809764586948275,0.4376634678214599,0.4855885035460783,0.7387566448125643,0.7424596779047083,-12.997346236521937
public_input_complements,low g,0.6,1,1.5744628196276003,1.2,0.8095436416461306,0.4378169090818638,0.4861408819706953,0.7417205793460147,0.7454384692218335,-12.982325550955814
public_input_complements,low g,0.6,1,1.5961752209120554,1.2,0.8094200558403507,0.4379027305419579,0.4864498421302784,0.7445473521396675,0.7482794112730794,-12.967304823386891
public_input_complements,low g,0.6,1,1.618318579861377,1.2,0.8094099348735496,0.43790975494272416,0.4864751358027345,0.7472091639053362,0.7509545654257473,-12.952287961725089
public_input_complements,low g,0.6,1,1.6409024999087747,1.2,0.8093566580784463,0.43794675192688737,0.4866083260836306,0.7499544641598567,0.753713626555059,-12.937238890145009
public_input_complements,low g,0.6,1,1.6639368262928396,1.2,0.8094226185362141,0.4379009470908231,0.4864434271799638,0.7525225194400413,0.7562945542659036,-12.922186880790465
public_input_complements,low g,0.6,1,1.6874316526555453,1.2,0.8092611183606914,0.4380131055851468,0.4868471897032257,0.7554718197873495,0.7592586380427232,-12.907108564286117
public_input_complements,low g,0.6,1,1.7113973278342638,1.2,0.8094742442207303,0.4378650806241559,0.4863143299274466,0.7578278981281187,0.7616265262753219,-12.892035941104186
public_input_complements,low g,0.6,1,1.7358444628538618,1.2,0.8093179637760238,0.437973637892761,0.48670509407233997,0.760798636427625,0.7646121554625225,-12.8769836271411
public_input_complements,low g,0.6,1,1.7607839381251333,1.2,0.8095547043335136,0.43780922300719816,0.48611321736203433,0.7631393533744097,0.7669646053018288,-12.861885273271021
public_input_complements,low g,0.6,1,1.7862269108560356,1.2,0.8093674576777156,0.4379392543123942,0.48658133163705586,0.7661905334067869,0.770031079437764,-12.846850355489956
public_input_complements,low g,0.6,1,1.8121848226824113,1.2,0.8090233319691728,0.4381782360118747,0.4874416578164765,0.7695183330508796,0.7733755597469887,-12.831737557974948
public_input_complements,low g,0.6,1,1.8386694075250942,1.2,0.8093915435026692,0.437922532200428,0.48652112605025544,0.7716773200002498,0.7755453686634779,-12.81668337095378
public_input_complements,low g,0.6,1,1.8656926996805347,1.2,0.8091686179451063,0.43807733216372746,0.48707841952854514,0.7748344385381736,0.7787183123239285,-12.801584292554985
public_input_complements,low g,0.6,1,1.8932670421523103,1.2,0.8095134007045649,0.437837899495226,0.4862164622051234,0.7770517382513806,0.7809467262981996,-12.786501668810011
public_input_complements,low g,0.6,1,1.921405095231136,1.2,0.8094244118812677,0.4378997082012022,0.48643895783332924,0.7800112897337252,0.7839211125940839,-12.771450675897828
public_input_complements,low g,0.6,1,1.9501198453312445,1.2,0.8093050815415841,0.43798258844023596,0.4867373094893257,0.7830370135834378,0.7869620029477078,-12.756375320316673
public_input_complements,low g,0.6,1,1.979424614091259,1.2,0.8093383413182547,0.43795948071910357,0.4866541370350091,0.7858165462250519,0.7897554680546675,-12.741310834568738
public_input_complements,low g,0.6,1,2.009333067747975,1.2,0.808919666769158,0.4382502112726475,0.48770078957976054,0.7893850715949535,0.793341880732423,-12.726222345897558
public_input_complements,low g,0.6,1,2.0398592267917226,1.2,0.8093050996964163,0.43798256555793663,0.4867372419087269,0.7915847779944896,0.7955526132061713,-12.711172258103876
public_input_complements,low g,0.6,1,2.071017475912293,1.2,0.8091842220074444,0.4380664995649013,0.48703941705274245,0.794669389751605,0.7986526866440624,-12.69615841000345
public_input_complements,low g,0.6,1,2.1028225742447084,1.2,0.8091835142563164,0.43806697714875853,0.4870411563850021,0.7975588553433096,0.8015566357423182,-12.681114739202988
public_input_complements,low g,0.6,1,2.135289665924415,1.2,0.8092068016671797,0.4380508110394557,0.4869829501780446,0.800418677587676,0.8044307929053386,-12.66609111028431
public_input_complements,low g,0.6,1,2.168434290961828,1.2,0.8091993385142998,0.43805599208244994,0.48700160438379203,0.803344590228973,0.8073713717447827,-12.651053847641592
public_input_complements,low g,0.6,1,2.2022723964464688,1.2,0.8089060340850034,0.4382596764283176,0.48773486700016266,0.8067891036548969,0.8108331508661046,-12.636046687842107
public_input_complements,low g,0.6,1,2.23682034809129,1.2,0.8088435105702674,0.4383031091563759,0.4878912052075046,0.8098400666674744,0.813899406894424,-12.621004508959114
public_input_complements,low g,0.6,1,2.2720949421281498,1.2,0.8093983471930943,0.4379177987879724,0.48650409818892615,0.8117992096224796,0.8158683700943578,-12.606051874707267
public_input_complements,low g,0.6,1,2.308113417565749,1.2,0.8088627555466791,0.4382897345015402,0.4878430709766478,0.8157217813843263,0.8198106038289831,-12.5910843309118
public_input_complements,low g,0.6,1,2.344893468821764,1.2,0.809359516660007,0.4379447816848213,0.486601211779207,0.8177992169225115,0.8218984525561374,-12.576142952781792
public_input_complements,low g,0.6,1,2.382453258741261,1.2,0.8088411020622513,0.4383047727942361,0.48789720717329865,0.8217239067405814,0.8258428149637871,-12.561209437385399
public_input_complements,low g,0.6,1,2.4208114320139376,1.2,0.8088681753888531,0.43828598350922854,0.48782954899108066,0.8246733835856777,0.8288070761230939,-12.546253752281697
public_input_complements,low g,0.6,1,2.4599871290031343,1.2,0.808961159157105,0.4382213964591761,0.4875970571947156,0.8275127175614004,0.8316606423195967,-12.531359422785798
public_input_complements,low g,0.6,1,2.5,1.2,0.8087654005239107,0.4383573499317198,0.48808647532860405,0.8308938849622541,0.8350587578925763,-12.516451606531504
public_input_complements,low g,0.6,2,0.5,1.2,0.7322430841195049,0.5157122542587129,0.7873923085392562,0.6433476936308157,0.6465724873649877,-13.803172533272608
public_input_complements,low g,0.6,2,0.5000203210855501,1.2,0.7322423416356033,0.5157127405828306,0.7873941540062565,0.6433583025839021,0.6465831494956729,-13.802960169202056
public_input_complements,low g,0.6,2,0.5000812892976928,1.2,0.732231053462155,0.5157201897318362,0.7874223368496496,0.6433961037467024,0.6466211401375901,-13.802323064254969
public_input_complements,low g,0.6,2,0.5001829195049198,1.2,0.7323023581982288,0.5156730288937654,0.7872440713328314,0.6433996835342788,0.6466247378689264,-13.801261561278334
public_input_complements,low g,0.6,2,0.5003252364947652,1.2,0.7323840962290309,0.5156189792794832,0.7870397487768372,0.6434166082676352,0.6466417474378618,-13.799776821436382
public_input_complements,low g,0.6,2,0.5005082749838822,1.2,0.7323588359207802,0.5156356697688893,0.7871028631150607,0.6435243630617528,0.6467500423551327,-13.797868417420352
public_input_complements,low g,0.6,2,0.500732079632158,1.2,0.7323277676376805,0.5156562441742729,0.7871805941495704,0.6436562331594845,0.64688257345448,-13.79553569446609
public_input_complements,low g,0.6,2,0.5009967050608752,1.2,0.7322910139166288,0.5156805325476301,0.7872724339013963,0.6438120926880188,0.6470392142321522,-13.792778515179773
public_input_complements,low g,0.6,2,0.5013022158749305,1.2,0.7322545560852194,0.5157046509729838,0.7873635923215079,0.643988044595844,0.6472160481025856,-13.789596842355387
public_input_complements,low g,0.6,2,0.5016486866891229,1.2,0.7322068062319793,0.5157362289568448,0.787482961042145,0.6441917308194676,0.6474207553076539,-13.785990515985521
public_input_complements,low g,0.6,2,0.502036202158526,1.2,0.7322500445427764,0.5157076379586427,0.7873748783474255,0.6443555912208507,0.6475854370627169,-13.781959702636186
public_input_complements,low g,0.6,2,0.502464857012963,1.2,0.7325602462021834,0.5155024636554554,0.7865993413683894,0.6443630805936552,0.647592963976159,-13.777514930443438
public_input_complements,low g,0.6,2,0.5029347560956027,1.2,0.732497708084733,0.5155438346122505,0.7867557088158512,0.6446373726744415,0.6478686309517218,-13.772653913559886
public_input_complements,low g,0.6,2,0.5034460144056994,1.2,0.7324277884233734,0.5155900816770751,0.786930516820233,0.6449368727797552,0.6481696323075606,-13.767368957378835
public_input_complements,low g,0.6,2,0.5039987571454999,1.2,0.7323576942866379,0.5156364310746531,0.7871057313906755,0.64525682171166,0.6484911849901606,-13.761660160997263
public_input_complements,low g,0.6,2,0.5045931197713469,1.2,0.7323201591359385,0.515661256938505,0.7871995716005908,0.6455755527747856,0.6488115136993886,-13.755528932480097
public_input_complements,low g,0.6,2,0.5052292480490046,1.2,0.732229748994029,0.5157210594097248,0.7874256137472269,0.6459497034303506,0.6491875397929192,-13.748973249027163
public_input_complements,low g,0.6,2,0.5059072981132409,1.2,0.7321462018589355,0.5157763125585313,0.7876344750238133,0.646339696594478,0.6495794878059168,-13.741992797126219
public_input_complements,low g,0.6,2,0.5066274365316988,1.2,0.7322374922177821,0.5157159426434983,0.7874062656976721,0.6466340285102835,0.6498752950665898,-13.734594104602905
public_input_complements,low g,0.6,2,0.507389840373095,1.2,0.7321304499399102,0.5157867301810268,0.7876738541106587,0.6470804181085564,0.6503239222020355,-13.726775990059533
public_input_complements,low g,0.6,2,0.5081946972797818,1.2,0.7320305958593643,0.5158527816052105,0.7879235128212534,0.6475425084060611,0.6507883287367953,-13.718532630672218
public_input_complements,low g,0.6,2,0.5090422055447187,1.2,0.7321363780022812,0.5157827994688031,0.7876590111929644,0.6478882300950873,0.6511357833629994,-13.709866116224665
public_input_complements,low g,0.6,2,0.5099325741928927,1.2,0.7320849247282506,0.5158168252785874,0.7877876350035857,0.6483589779870736,0.6516088908886137,-13.700794476101514
public_input_complements,low g,0.6,2,0.5108660230672385,1.2,0.7324417533823999,0.5155808474076937,0.7868956085382497,0.6485778442257265,0.6518288541988534,-13.691313231525125
public_input_complements,low g,0.6,2,0.5118427829191048,1.2,0.7323097844996943,0.5156681016193592,0.7872254699730125,0.6491431014636888,0.6523969448005117,-13.68143358303763
public_input_complements,low g,0.6,2,0.5128630955033207,1.2,0.7323656719135929,0.515631175982983,0.7870858352158128,0.6496033892649355,0.6528595398039636,-13.67113081233969
public_input_complements,low g,0.6,2,0.5139272136779165,1.2,0.7322330415014543,0.5157188953057081,0.7874174130518917,0.6502102266998079,0.6534694190241366,-13.660419742881366
public_input_complements,low g,0.6,2,0.5150354015085564,1.2,0.732081361928063,0.515819206126854,0.7877965975676419,0.6508504618310452,0.6541128633473241,-13.649283403244805
public_input_complements,low g,0.6,2,0.5161879343777439,1.2,0.7319795834696391,0.5158865149528277,0.7880510324433742,0.6514779431252471,0.6547434899046022,-13.637723994667777
public_input_complements,low g,0.6,2,0.5173850990988615,1.2,0.7318195561222168,0.5159923406736031,0.7884510725255153,0.6521651667100419,0.6554341582119507,-13.625740294777591
public_input_complements,low g,0.6,2,0.5186271940351138,1.2,0.7317829057369141,0.5160165789122314,0.7885426952360268,0.6527903130983631,0.6560624381595835,-13.61333046724645
public_input_complements,low g,0.6,2,0.5199145292234401,1.2,0.7324088060399223,0.5156026220091188,0.786977940676759,0.6529901051637154,0.656263231686831,-13.60055804875311
public_input_complements,low g,0.6,2,0.5212474265034702,1.2,0.7322885495128149,0.5156821776733213,0.7872786294502778,0.653712377772511,0.6569891247021443,-13.587409112598898
public_input_complements,low g,0.6,2,0.5226262196515982,1.2,0.7321181521523148,0.5157948551459705,0.7877045793187463,0.6544892669969965,0.6577699081000731,-13.573835461243801
public_input_complements,low g,0.6,2,0.5240512545202515,1.2,0.7319285038605313,0.5159202984351736,0.7881787329904425,0.6553000755281935,0.6585847808259456,-13.559835949268646
public_input_complements,low g,0.6,2,0.5255228891824385,1.2,0.7318239841069427,0.5159894321067504,0.7884400479111673,0.656074250426102,0.6593628362916788,-13.545410684032808
public_input_complements,low g,0.6,2,0.5270414940816569,1.2,0.7317468651329365,0.5160404196550501,0.7886328066447171,0.6568507158381958,0.6601431937528471,-13.530583749394264
public_input_complements,low g,0.6,2,0.5286074521872524,1.2,0.7320849249624275,0.5158168367197371,0.7877876607179362,0.6573662485143248,0.6606613105472691,-13.515366360688661
public_input_complements,low g,0.6,2,0.5302211591553182,1.2,0.7320054523703672,0.5158693866047912,0.7879863164492995,0.6581856528237159,0.6614848221378532,-13.499762079627427
public_input_complements,low g,0.6,2,0.5318830234952302,1.2,0.7319694039731676,0.5158932414896487,0.7880764677253557,0.6589963988183215,0.6622996320136686,-13.483772175983646
public_input_complements,low g,0.6,2,0.5335934667419154,1.2,0.7319524685291674,0.5159044433002071,0.7881188088757025,0.6598149411841371,0.6631222773401672,-13.467372675715279
public_input_complements,low g,0.6,2,0.5353529236339561,1.2,0.7317373383707901,0.516046724144521,0.7886566319889836,0.6607897286591191,0.6641019509577009,-13.450561941095389
public_input_complements,low g,0.6,2,0.537161842297634,1.2,0.7318660565615721,0.5159615839021431,0.7883348157284885,0.6615505023550503,0.6648665380476523,-13.433331075004483
public_input_complements,low g,0.6,2,0.5390206844370244,1.2,0.7317761713636042,0.5160210471149494,0.7885595634931013,0.6624817091703967,0.665802412556585,-13.415743642212206
public_input_complements,low g,0.6,2,0.5409299255302531,1.2,0.7317812795165363,0.5160176582633507,0.7885467694247433,0.6633687431326155,0.6666938927950424,-13.397753083982275
public_input_complements,low g,0.6,2,0.5428900550320312,1.2,0.7318489695794299,0.5159728870138072,0.788377538167885,0.6642335936436523,0.6675630783873061,-13.379394155413166
public_input_complements,low g,0.6,2,0.5449015765825912,1.2,0.7315962872201558,0.5161400105649004,0.7890092567410387,0.6653400968425008,0.6686751279565197,-13.360618978074879
public_input_complements,low g,0.6,2,0.5469650082231464,1.2,0.7318531020366004,0.5159701537967362,0.7883672067743974,0.6661162562716716,0.6694551779010195,-13.341434192556573
public_input_complements,low g,0.6,2,0.5490808826180046,1.2,0.7317983745243608,0.516006378033986,0.7885040908567196,0.6671283877589979,0.6704723827185385,-13.321921054597366
public_input_complements,low g,0.6,2,0.5512497472834679,1.2,0.7315418166108427,0.5161760453103299,0.7891454541529856,0.668301638160103,0.6716515140617525,-13.301989396854758
public_input_complements,low g,0.6,2,0.5534721648236569,1.2,0.7316180129836847,0.5161256524582729,0.7889549667916784,0.6692654215919602,0.6726201284781659,-13.28165574869541
public_input_complements,low g,0.6,2,0.5557487131734017,1.2,0.7315632048783565,0.5161618837665422,0.7890919475041613,0.6703412799034698,0.6737013795519036,-13.260951810897833
public_input_complements,low g,0.6,2,0.5580799858483445,1.2,0.7317860665115226,0.5160144959279103,0.7885348102529779,0.6712445885048132,0.6746092160064536,-13.23990266074736
public_input_complements,low g,0.6,2,0.5604665922024078,1.2,0.731509201378465,0.5161976075376355,0.7892269725168926,0.6725179883993044,0.6758889988444784,-13.218464323004497
public_input_complements,low g,0.6,2,0.5629091576927818,1.2,0.7314308680660906,0.5162494260702446,0.7894228302612243,0.6736741980264442,0.6770510039964921,-13.196606027539184
public_input_complements,low g,0.6,2,0.5654083241525933,1.2,0.7314539347535298,0.5162341595921491,0.7893651392014647,0.6747806226458167,0.6781629745923485,-13.17438082180213
public_input_complements,low g,0.6,2,0.5679647500714233,1.2,0.7317034147554586,0.5160691604198455,0.7887414410767513,0.6757487213942392,0.6791359259559415,-13.151815750018901
public_input_complements,low g,0.6,2,0.5705791108838415,1.2,0.7314081283074145,0.5162644431498824,0.7894796287565189,0.6771218990373186,0.6805159866806003,-13.128888340995848
public_input_complements,low g,0.6,2,0.5732520992661372,1.2,0.7313266193577492,0.516318351737832,0.7896834023836541,0.6783660599217733,0.681766383947441,-13.10557347916713
public_input_complements,low g,0.6,2,0.5759844254414287,1.2,0.7310061921677874,0.5165302923030677,0.7904845107755704,0.6798011617936148,0.6832086792973505,-13.081837249796294
public_input_complements,low g,0.6,2,0.578776817493336,1.2,0.7315247637250404,0.5161873167994342,0.7891880707760763,0.6806625140470225,0.6840743490968956,-13.05778754777446
public_input_complements,low g,0.6,2,0.5816300216884137,1.2,0.7314615563140461,0.5162291098035793,0.789346064720472,0.6819579889679992,0.6853763176129365,-13.033415157134502
public_input_complements,low g,0.6,2,0.5845448028075416,1.2,0.7311412343733235,0.5164409719500085,0.790146890009296,0.6834588409084381,0.6868846926050338,-13.008637179889277
public_input_complements,low g,0.6,2,0.5875219444864789,1.2,0.7310138243857489,0.5165252354434782,0.7904654096000598,0.6848441060947965,0.6882769014620346,-12.983433729938376
public_input_complements,low g,0.6,2,0.5905622495657936,1.2,0.7315356824777633,0.5161800870955675,0.7891607550549841,0.6857850671401243,0.68922257909423,-12.95796326563261
public_input_complements,low g,0.6,2,0.5936665404503856,1.2,0.73118160953311,0.516414270074177,0.7900459549951236,0.6873765064162163,0.6908219954928898,-12.932150224490984
public_input_complements,low g,0.6,2,0.5968356594788269,1.2,0.7311175007979442,0.5164566675464733,0.7902062211974572,0.6887814193437408,0.6922339505757693,-12.90591701641405
public_input_complements,low g,0.6,2,0.600070469302753,1.2,0.731285818561979,0.5163453444065895,0.7897854225521661,0.6900399172766872,0.693498756755856,-12.879340448680686
public_input_complements,low g,0.6,2,0.6033718532765401,1.2,0.7312545261618522,0.5163660413261368,0.7898636555658265,0.6914643409666796,0.6949303203993072,-12.852447934714307
public_input_complements,low g,0.6,2,0.6067407158575169,1.2,0.7311166698963916,0.5164572279192671,0.7902083230245063,0.6929881908126234,0.6964618085743904,-12.825207303115825
public_input_complements,low g,0.6,2,0.6101779830169621,1.2,0.7307578327060889,0.5166945574220373,0.7911054235270918,0.6946955525985599,0.6981777285468933,-12.797589745571356
public_input_complements,low g,0.6,2,0.6136846026621482,1.2,0.7309766562988813,0.5165498243816699,0.7905583453987461,0.6960034134659131,0.6994921450941253,-12.769653580936323
public_input_complements,low g,0.6,2,0.6172615450697004,1.2,0.7311474172881415,0.5164368887703026,0.7901314464429049,0.6973673426619597,0.7008629110137179,-12.741364676900016
public_input_complements,low g,0.6,2,0.6209098033305457,1.2,0.7307753715764685,0.5166829493754085,0.7910615576069581,0.6991521473060945,0.7026566620283615,-12.712757397587254
public_input_complements,low g,0.6,2,0.6246303938067362,1.2,0.7309217463602615,0.516586145549895,0.7906956317469005,0.7005775765330771,0.7040892362490778,-12.683779721044612
public_input_complements,low g,0.6,2,0.6284243566004422,1.2,0.7308276325848175,0.5166483746339801,0.7909308810850493,0.7022023954353395,0.7057221995899804,-12.654510224362141
public_input_complements,low g,0.6,2,0.6322927560354111,1.2,0.7307453736074585,0.5167027907591057,0.7911365558341936,0.7038407980225454,0.7073688147043309,-12.624871675946972
public_input_complements,low g,0.6,2,0.6362366811512086,1.2,0.7309040018974859,0.5165978804808176,0.7907399910330084,0.7053220194827404,0.7088574608179925,-12.594885346321703
public_input_complements,low g,0.6,2,0.6402572462105554,1.2,0.7307290522441003,0.5167135934046133,0.7911773775975628,0.707073965701214,0.7106181887034306,-12.564666484499256
public_input_complements,low g,0.6,2,0.6443555912200942,1.2,0.7303764605022607,0.5169467727500207,0.7920588200947865,0.7089818788288627,0.7125356652854297,-12.534029928344175
public_input_complements,low g,0.6,2,0.6485328824649206,1.2,0.7305452192231698,0.5168351773293799,0.7916369629598641,0.7105215726945777,0.7140830768987639,-12.50307320828582
public_input_complements,low g,0.6,2,0.652790313057229,1.2,0.7306740137245116,0.516749981550495,0.7913149444320113,0.7121126592726352,0.7156821388314829,-12.471890999947757
public_input_complements,low g,0.6,2,0.6571291034994325,1.2,0.7303190513180577,0.5169847592253471,0.7922023826050297,0.7140915488247185,0.7176709476087243,-12.44030573785059
public_input_complements,low g,0.6,2,0.6615505022621248,1.2,0.7304453891858249,0.5169011829889651,0.791886493833148,0.7157288846581114,0.719316490622136,-12.408376324855524
public_input_complements,low g,0.6,2,0.6660557863772645,1.2,0.7305899313286834,0.5168056039110338,0.7915251783415413,0.717373932994482,0.7209697847976075,-12.376246538176275
public_input_complements,low g,0.6,2,0.6706462620469753,1.2,0.7303895917220814,0.5169380988534329,0.7920260164775045,0.7193042860902805,0.7229098138285647,-12.343760153174218
public_input_complements,low g,0.6,2,0.6753232652683625,1.2,0.7299642173890919,0.5172194268588333,0.7930894427267421,0.7214304585346576,0.7250466437566699,-12.310897335458954
public_input_complements,low g,0.6,2,0.6800881624747613,1.2,0.7304525513325353,0.51689645831677,0.7918686161298991,0.7228781354164505,0.7265015771490305,-12.277802844448885
public_input_complements,low g,0.6,2,0.6849423511938463,1.2,0.7302689256091008,0.5170179039160931,0.7923276804725987,0.7248646007199517,0.7284979996513019,-12.244441383709525
public_input_complements,low g,0.6,2,0.6898872607230374,1.2,0.7298300857574536,0.5173081498147605,0.7934247980224234,0.7270721364906909,0.7307166007411399,-12.210669625120856
public_input_complements,low g,0.6,2,0.6949243528226603,1.2,0.7304817626246174,0.5168771342421571,0.791795577836595,0.7284564452934725,0.7321078484206713,-12.176664131065163
public_input_complements,low g,0.6,2,0.7000551224273222,1.2,0.7301234140774954,0.5171141288566439,0.7926914301693729,0.7306482188344602,0.7343106082722521,-12.142415475980284
public_input_complements,low g,0.6,2,0.7052810983759861,1.2,0.7299066282987989,0.5172575314781933,0.7932334530937437,0.7327535054770447,0.7364264477080477,-12.107759576572
public_input_complements,low g,0.6,2,0.7106038441612367,1.2,0.7300273200845817,0.5171776866903057,0.7929316733290319,0.7346172885214468,0.7382995730038372,-12.072913571729334
public_input_complements,low g,0.6,2,0.7160249586982449,1.2,0.729879331488644,0.5172755496855286,0.7933016151981347,0.7367149894486013,0.7404077887006458,-12.037758009607412
public_input_complements,low g,0.6,2,0.7215460771139571,1.2,0.7298700679158804,0.5172816885971263,0.7933248018224021,0.7387263670615027,0.7424292483857879,-12.002272167119031
public_input_complements,low g,0.6,2,0.7271688715570458,1.2,0.7298417547572535,0.517300410904477,0.7933955771741004,0.7407756187546615,0.744488771995805,-11.966580885921882
public_input_complements,low g,0.6,2,0.7328950520291776,1.2,0.7299550301226605,0.5172254802806053,0.7931123591537526,0.7427347640170725,0.7464577375147105,-11.930557478009359
public_input_complements,low g,0.6,2,0.7387263672381705,1.2,0.7301144672252073,0.5171200510239915,0.7927138084972056,0.7446789432853361,0.7484116620221107,-11.894261189732198
public_input_complements,low g,0.6,2,0.7446646054736273,1.2,0.7296064466824075,0.5174560505923465,0.7939838760610343,0.7471817512218535,0.750927015335617,-11.8577374485263
public_input_complements,low g,0.6,2,0.7507115955056528,1.2,0.7297376270397102,0.5173692810355575,0.7936559023489342,0.7491945367771514,0.7529498900204962,-11.82090368153083
public_input_complements,low g,0.6,2,0.7568692075072764,1.2,0.7298229678420969,0.517312841832748,0.7934425574345754,0.7512664557671197,0.7550321945476206,-11.783812024164138
public_input_complements,low g,0.6,2,0.7631393540012239,1.2,0.7296523909171271,0.51742566470186,0.7938690166266917,0.7535689336780105,0.7573462136770682,-11.746488418779272
public_input_complements,low g,0.6,2,0.7695239908317001,1.2,0.7294754923167883,0.5175426606106339,0.7943112619481296,0.7559005287438575,0.7596894959118183,-11.708837061008555
public_input_complements,low g,0.6,2,0.7760251181618615,1.2,0.7296586019008224,0.5174215515688354,0.7938534770572965,0.7579610712548798,0.7617603669351588,-11.670977953741154
public_input_complements,low g,0.6,2,0.7826447814976824,1.2,0.7294011842098087,0.5175918004310311,0.79449701916777,0.760406006614342,0.7642175575841103,-11.632894294878202
public_input_complements,low g,0.6,2,0.7893850727389358,1.2,0.7292143264581855,0.5177153872520717,0.7949641718295132,0.7628172737854065,0.7666409112821674,-11.594433940957149
public_input_complements,low g,0.6,2,0.7962481312580323,1.2,0.7295992947193355,0.5174607883749325,0.7940017733150113,0.7647784171632328,0.7686118849320833,-11.555888797994065
public_input_complements,low g,0.6,2,0.8032361450074849,1.2,0.7290491300189004,0.5178246432189142,0.7953771608015971,0.7675390360347153,0.7713863414632439,-11.517019111424846
public_input_complements,low g,0.6,2,0.8103513516567865,1.2,0.7294584184993196,0.5175539479110182,0.7943539353628697,0.7695239912144665,0.7733812462722386,-11.477817806072824
public_input_complements,low g,0.6,2,0.8175960397595149,1.2,0.7292890645067647,0.5176659680798981,0.7947773510984442,0.7720152745029297,0.7758850171701519,-11.438572863161754
public_input_complements,low g,0.6,2,0.8249725499515008,1.2,0.72904789748256,0.5178254600611849,0.7953802459362074,0.7745913743426923,0.7784740297640972,-11.398947408162183
public_input_complements,low g,0.6,2,0.8324832761809209,1.2,0.7291588552901846,0.5177520591198601,0.7951028147936581,0.7768941182417836,0.7807883162150165,-11.359095798562477
public_input_complements,low g,0.6,2,0.8401306669712053,1.2,0.7289843714879645,0.5178674741797105,0.795539059951619,0.7794620433600634,0.7833691131115172,-11.319100720387635
public_input_complements,low g,0.6,2,0.8479172267176741,1.2,0.7287375334063433,0.518030719854198,0.7961561392229779,0.78211613834991,0.7860365118078632,-11.278791309029252
public_input_complements,low g,0.6,2,0.8558455170188431,1.2,0.728846810710048,0.5179584538004993,0.7958829625094846,0.7844899655998625,0.7884222379164225,-11.238271901584579
public_input_complements,low g,0.6,2,0.8639181580433734,1.2,0.7289603091701679,0.5178833821502948,0.7955992015467009,0.7868825375225902,0.7908268026558206,-11.197595125815017
public_input_complements,low g,0.6,2,0.8721378299336601,1.2,0.7289726095553677,0.5178752440749603,0.7955684440066424,0.7893850729213014,0.7933418820654193,-11.156602757200133
public_input_complements,low g,0.6,2,0.8805072742470966,1.2,0.7287660505377298,0.5180118477802539,0.7960848202278861,0.7921010088849095,0.7960714317146977,-11.11544566699918
public_input_complements,low g,0.6,2,0.88902929543607,1.2,0.7285950441195018,0.5181249701825523,0.796512388254527,0.7948107717625551,0.7987947773352917,-11.074118558145807
public_input_complements,low g,0.6,2,0.8977067623677852,1.2,0.7286812519908474,0.5180679292124808,0.7962968114630591,0.7973197172232707,0.8013162989374643,-11.032504923728
public_input_complements,low g,0.6,2,0.9065426098850453,1.2,0.728763282240678,0.5180137025791756,0.7960917952088924,0.7998550116637176,0.8038643015941785,-10.99073526565578
public_input_complements,low g,0.6,2,0.9155398404091444,1.2,0.7282448898153644,0.5183565441274958,0.7973877522657962,0.8029438986678527,0.8069686717088541,-10.948721090449597
public_input_complements,low g,0.6,2,0.9247015255860773,1.2,0.7286039899181602,0.5181190463459635,0.7964900071944852,0.8052809976796006,0.809317485478149,-10.90658239804434
public_input_complements,low g,0.6,2,0.9340308079772923,1.2,0.7284054288194034,0.5182503535651184,0.7969863730662851,0.8081361022649013,0.8121869013347393,-10.864169766566224
public_input_complements,low g,0.6,2,0.9435309027962627,1.2,0.7288175266746958,0.5179778219704696,0.7959561735543293,0.8104686377682211,0.8145311287209247,-10.82156378740347
public_input_complements,low g,0.6,2,0.9532050996921831,1.2,0.7282343418695802,0.5183635244329046,0.7974141315442473,0.8137178071097736,0.8177965845915776,-10.778867606366873
public_input_complements,low g,0.6,2,0.9630567645821445,1.2,0.7283090955822109,0.5183140753074125,0.7972272272150005,0.8163998407226487,0.8204920619538828,-10.735832695449156
public_input_complements,low g,0.6,2,0.9730893415331738,1.2,0.7284457265972013,0.518223707225794,0.7968856413908996,0.8190483788314028,0.8231538759151539,-10.692758428457921
public_input_complements,low g,0.6,2,0.9833063546955787,1.2,0.7278537297621237,0.5186152605077898,0.7983656810695439,0.8223843662254702,0.8265065850156208,-10.649422487995947
public_input_complements,low g,0.6,2,0.9937114102890687,1.2,0.7281083141620424,0.5184468866259259,0.7977292247055576,0.8249725493295041,0.8291077414414515,-10.605872784764728
public_input_complements,low g,0.6,2,1.0043081986431819,1.2,0.7280603671435881,0.5184785800529312,0.7978490524164599,0.8278606095131747,0.8320102780870362,-10.562281728062988
public_input_complements,low g,0.6,2,1.0151004962935855,1.2,0.7277441095710955,0.5186877591170183,0.7986397281063022,0.8310208449251814,0.8351863542449659,-10.518409006114531
public_input_complements,low g,0.6,2,1.0260921681358672,1.2,0.7282120457541272,0.5183782631924141,0.797469855166268,0.8334779489083075,0.8376557745130614,-10.474392904830871
public_input_complements,low g,0.6,2,1.037287169638491,1.2,0.7278933775822685,0.5185890247746658,0.7982665306066736,0.8366895791568247,0.8408835031251919,-10.430257851919906
public_input_complements,low g,0.6,2,1.0486895491166357,1.2,0.7273578901722456,0.5189431950178384,0.7996052761282121,0.8401306666083903,0.8443418390993874,-10.38584550390435
public_input_complements,low g,0.6,2,1.0603034500686892,1.2,0.7279099467894175,0.5185780784019365,0.7982251350261746,0.8425745044700069,0.8467979267492624,-10.341399963773313
public_input_complements,low g,0.6,2,1.0721331135772334,1.2,0.7274857194966224,0.5188586336604232,0.7992856616452175,0.8459619422848532,0.8502023441668155,-10.29678311607732
public_input_complements,low g,0.6,2,1.0841828807763967,1.2,0.7275814138148267,0.5187953595486678,0.7990464616415522,0.848881553845671,0.8531365903414833,-10.251901722040008
public_input_complements,low g,0.6,2,1.0964571953875313,1.2,0.7276917534492601,0.5187223779538039,0.7987705997499676,0.8518095932385883,0.8560793065929347,-10.207051884833902
public_input_complements,low g,0.6,2,1.1089606063252093,1.2,0.7270312702914795,0.5191592002506107,0.8004217958769054,0.8555010545269758,0.8597892714080319,-10.16188558882819
public_input_complements,low g,0.6,2,1.1216977703756155,1.2,0.7275758153795014,0.5187990479334532,0.7990604253335706,0.8580581026106351,0.8623591367485488,-10.116660980298443
public_input_complements,low g,0.6,2,1.1346734549494641,1.2,0.7272303221175216,0.5190275564739313,0.7999241759653546,0.8614974578010972,0.8658157317786462,-10.071342829438404
public_input_complements,low g,0.6,2,1.147892540911644,1.2,0.7276497297219457,0.518750182063054,0.7988756831970607,0.8642168785839295,0.8685487837148779,-10.025758908505175
public_input_complements,low g,0.6,2,1.1613600254898573,1.2,0.7274353479436149,0.5188919466299313,0.7994115870130696,0.86757736452539,0.8719261141622179,-9.980175076608187
public_input_complements,low g,0.6,2,1.1750810252645967,1.2,0.7271413160977149,0.5190864310298665,0.8001467094780226,0.8710417047156335,0.8754078194299288,-9.934370699509472
public_input_complements,low g,0.6,2,1.189060779242872,1.2,0.7272237406397193,0.5190319048633747,0.7999406195904144,0.8741592647539561,0.878541006302974,-9.888507793003562
public_input_complements,low g,0.6,2,1.2033046520181812,1.2,0.7270013466684819,0.5191790116809893,0.8004966518240022,0.877602745015616,0.8820017470812743,-9.842483233350752
public_input_complements,low g,0.6,2,1.217818137019287,1.2,0.7273429427285107,0.518953070779709,0.7996426217998691,0.8805072750053871,0.8849208360882059,-9.796315279276413
public_input_complements,low g,0.6,2,1.2326068598504607,1.2,0.7267471357586359,0.5193471149513376,0.8011321209509976,0.8843743412925429,0.888807286125791,-9.750103585057627
public_input_complements,low g,0.6,2,1.247676581725918,1.2,0.7269125805578771,0.519237713588032,0.8007185538597794,0.88750135263989,0.8919499716827443,-9.70371801847277
public_input_complements,low g,0.6,2,1.2630332030012734,1.2,0.7269555298865935,0.5192092952387224,0.8006111517148291,0.89077413405642,0.8952391579843928,-9.657279829666827
public_input_complements,low g,0.6,2,1.2786827668049243,1.2,0.7266591505103619,0.5194053005809438,0.8013520712072186,0.8944160046422348,0.8988992835224862,-9.61065449044061
public_input_complements,low g,0.6,2,1.294631462772364,1.2,0.7267305162452187,0.5193581141596847,0.8011736866689463,0.8977067624190288,0.9022065362912796,-9.563954899037398
public_input_complements,low g,0.6,2,1.31088563088653,1.2,0.7265155699855168,0.5195002822617434,0.8017110701841175,0.9013150367072973,0.9058328971296845,-9.517225224759827
public_input_complements,low g,0.6,2,1.3274517654273796,1.2,0.7265918478172047,0.5194498311722902,0.8015203692815496,0.9046467581044542,0.9091813188498424,-9.470308098768959
public_input_complements,low g,0.6,2,1.3443365190339982,1.2,0.7267324435589203,0.5193568224344458,0.801168829722403,0.9079335148544576,0.912484550536615,-9.423357585167691
public_input_complements,low g,0.6,2,1.3615467068826452,1.2,0.7263887813189913,0.519584126408752,0.8020280173760583,0.911748972083265,0.9163191328243699,-9.376334883666352
public_input_complements,low g,0.6,2,1.3790893109842512,1.2,0.7261446702034253,0.5197455815610855,0.8026383087771167,0.9154860695994091,0.9200749626197673,-9.32908531946941
public_input_complements,low g,0.6,2,1.3969714846049992,1.2,0.7266131263359336,0.5194357507481979,0.8014671563609795,0.9184947153988482,0.9230986893190345,-9.28194471828479
public_input_complements,low g,0.6,2,1.4152005568137338,1.2,0.7259438164597365,0.5198784184627872,0.8031404366138648,0.9227311430744265,0.9273563521767061,-9.234615645169896
public_input_complements,low g,0.6,2,1.4337840371600625,1.2,0.7264122739870659,0.51956860783131,0.8019693285743451,0.9257813597592438,0.9304218581362816,-9.187164926165323
public_input_complements,low g,0.6,2,1.4527296204871472,1.2,0.7261675675080286,0.5197304305261343,0.8025810489252441,0.9296154347903651,0.9342751515484731,-9.139812128640006
public_input_complements,low g,0.6,2,1.4720451918832933,1.2,0.7254559198082309,0.5202011049521849,0.8043601862233245,0.9339787383099579,0.9386603262179737,-9.09214376880124
public_input_complements,low g,0.6,2,1.4917388317766058,1.2,0.7263448491579982,0.5196131993609415,0.8021378869926172,0.936635274089968,0.9413301779389949,-9.044642993383343
public_input_complements,low g,0.6,2,1.5118188211770927,1.2,0.7256812357340021,0.5200520790588812,0.8037968795715404,0.9409988344344338,0.9457156107207086,-8.99698823518425
public_input_complements,low g,0.6,2,1.5322936470707536,1.2,0.7261521346207953,0.5197406542866793,0.8026196693013934,0.9441472057537644,0.9488797633169505,-8.94916566101883
public_input_complements,low g,0.6,2,1.5531720079703377,1.2,0.7258583946489688,0.5199349105012147,0.8033539823677861,0.948156214213069,0.9529088670147827,-8.901503209898308
public_input_complements,low g,0.6,2,1.5744628196276003,1.2,0.7256178077447093,0.520094028900639,0.8039554498019401,0.9521318387706649,0.9569044194734028,-8.853577697467749
public_input_complements,low g,0.6,2,1.5961752209120554,1.2,0.7261029167260253,0.5197731988794041,0.8027426983324633,0.955323051831662,0.960111628556435,-8.805715955949285
public_input_complements,low g,0.6,2,1.618318579861377,1.2,0.7254180627707107,0.5202261502611756,0.8044548460216356,0.9598426445800501,0.9646538758577503,-8.757809149848708
public_input_complements,low g,0.6,2,1.6409024999087747,1.2,0.725917552014423,0.5198957935083922,0.8032061076626107,0.9630573012860649,0.9678846460975599,-8.70976334061136
public_input_complements,low g,0.6,2,1.6639368262928396,1.2,0.7256698835314273,0.5200595924846543,0.8038252722237689,0.9671347639337039,0.9719825471117736,-8.66180115607741
public_input_complements,low g,0.6,2,1.6874316526555453,1.2,0.7253212242975109,0.5202901769384343,0.8046968969988582,0.9713519985799348,0.9762209207346377,-8.613727542076663
public_input_complements,low g,0.6,2,1.7113973278342638,1.2,0.7254832857610601,0.5201829898138743,0.8042917351368072,0.9750103350904593,0.9798975947332319,-8.565621184960648
public_input_complements,low g,0.6,2,1.7358444628538618,1.2,0.7254967932021169,0.5201740692197181,0.8042579957882038,0.9788593966912739,0.9837659498356098,-8.517493893096846
public_input_complements,low g,0.6,2,1.7607839381251333,1.2,0.7250123238942021,0.5204944859338634,0.8054691702037999,0.9833063540154197,0.9882351976261036,-8.46929849317835
public_input_complements,low g,0.6,2,1.7862269108560356,1.2,0.7250107108998555,0.520495556544722,0.805473211343574,0.9872189315244897,0.9921673870115518,-8.4211405325287
public_input_complements,low g,0.6,2,1.8121848226824113,1.2,0.725109978576307,0.5204298901435503,0.8052250122692651,0.991034875483625,0.9960024584693806,-8.372959072726983
public_input_complements,low g,0.6,2,1.8386694075250942,1.2,0.7252210497179683,0.5203564336657185,0.8049473418358812,0.9948569042478,0.9998436452324614,-8.32470556307341
public_input_complements,low g,0.6,2,1.8656926996805347,1.2,0.7249385908367423,0.520543269015326,0.8056535432900171,0.9991643234821264,1.00417265549555,-8.276448028321978
public_input_complements,low g,0.6,2,1.8932670421523103,1.2,0.7246893346025385,0.5207081130192583,0.8062766657251397,1.0034567985532268,1.0084866466874827,-8.228198023638072
public_input_complements,low g,0.6,2,1.921405095231136,1.2,0.724758951117739,0.5206620614856254,0.8061026043316597,1.0073923192749286,1.0124418942888946,-8.17992509404008
public_input_complements,low g,0.6,2,1.9501198453312445,1.2,0.7249766260619362,0.5205180941211521,0.805558411404837,1.0111696890438273,1.0162381982025537,-8.131649877263722
public_input_complements,low g,0.6,2,1.979424614091259,1.2,0.7250514700779079,0.5204685965301723,0.8053713068525229,1.0151375428937115,1.0202259410026273,-8.083323824614517
public_input_complements,low g,0.6,2,2.009333067747975,1.2,0.7247583034892184,0.5206624949741254,0.8061042351120979,1.0195725930260557,1.0246832219162727,-8.035112124852072
public_input_complements,low g,0.6,2,2.0398592267917226,1.2,0.7245208533006092,0.5208195330901173,0.8066978477477768,1.0239637695467576,1.0290964093008816,-7.9867797877876905
public_input_complements,low g,0.6,2,2.071017475912293,1.2,0.7249392109143596,0.5205428584091254,0.8056519919575368,1.0275724152659154,1.032723143431981,-7.938485776776169
public_input_complements,low g,0.6,2,2.1028225742447084,1.2,0.7243076790824815,0.5209605195083031,0.8072307791623502,1.032493258941215,1.0376686529388488,-7.890279821891057
public_input_complements,low g,0.6,2,2.135289665924415,1.2,0.7241261048823722,0.5210806134757502,0.8076847264806295,1.0368834983676203,1.0420808985319567,-7.841898912068148
public_input_complements,low g,0.6,2,2.168434290961828,1.2,0.7246257411547843,0.5207501641621216,0.8064356311649075,1.0404453853447424,1.0456606395418506,-7.793764077328433
public_input_complements,low g,0.6,2,2.2022723964464688,1.2,0.7239183299537704,0.5212180296531841,0.8082041612996513,1.045536173654649,1.050776945534351,-7.745490214859676
public_input_complements,low g,0.6,2,2.23682034809129,1.2,0.7247682417064323,0.5206559182038977,0.806079380780008,1.048689550017645,1.0539461282621445,-7.697174571951367
public_input_complements,low g,0.6,2,2.2720949421281498,1.2,0.7241944683867542,0.5210353858554074,0.8075137867333101,1.0536592566705572,1.0589407456733195,-7.6491380006620835
public_input_complements,low g,0.6,2,2.308113417565749,1.2,0.7234898994527028,0.5215013736652487,0.8092752160200813,1.0588222682266524,1.0641296369325368,-7.600839820908305
public_input_complements,low g,0.6,2,2.344893468821764,1.2,0.7245353356946967,0.5208099481211727,0.806661626644123,1.061768548765494,1.067090685764037,-7.552741513441484
public_input_complements,low g,0.6,2,2.382453258741261,1.2,0.7238257086478113,0.5212792877582748,0.8084357159879563,1.0669849886545462,1.0723332731668451,-7.504699627145822
public_input_complements,low g,0.6,2,2.4208114320139376,1.2,0.723493816963241,0.5214987989550317,0.8092654590667712,1.0717394946297194,1.0771116112023948,-7.456473135876247
public_input_complements,low g,0.6,2,2.4599871290031343,1.2,0.7241809217270199,0.521044366356201,0.8075477011688441,1.0751879332899594,1.0805773352333516,-7.408542218426842
public_input_complements,low g,0.6,2,2.5,1.2,0.7234211498117245,0.5215468523532905,0.8094471113255386,1.080543813953315,1.085960062360253,-7.360524674295488
public_input_complements,low g,0.6,3,0.5,1.2,0.6589391464437957,0.602089892061801,1.1866521454377177,0.7588905143865087,0.7626944689198726,-15.309523299495538
public_input_complements,low g,0.6,3,0.5000203210855501,1.2,0.6589383029379428,0.6020903952288466,1.1866542388105117,0.7589036618264863,0.7627076822616675,-15.308898039537073
public_input_complements,low g,0.6,3,0.5000812892976928,1.2,0.6589357796566528,0.6020919107693546,1.1866605266944237,0.7589431062634109,0.7627473244146549,-15.307022294650451
public_input_complements,low g,0.6,3,0.5001829195049198,1.2,0.6589316000981364,0.6020944484552339,1.1866710098646642,0.7590088498326553,0.7628133975249115,-15.303896169800115
public_input_complements,low g,0.6,3,0.5003252364947652,1.2,0.6589257163012459,0.6020979914435562,1.1866856944445474,0.7591008969976221,0.7629059060782127,-15.299519839924198
public_input_complements,low g,0.6,3,0.5005082749838822,1.2,0.6589181716743395,0.6021025522071193,1.1867045680081443,0.7592192500746309,0.7630248524024889,-15.293893549928915
public_input_complements,low g,0.6,3,0.500732079632158,1.2,0.6589089477465593,0.6021081253441449,1.1867276356082965,0.7593639159775949,0.7631702434463091,-15.287017614684236
public_input_complements,low g,0.6,3,0.5009967050608752,1.2,0.6588980527974142,0.6021147048152617,1.1867548739636957,0.7595348976361013,0.7633420821539453,-15.278892419013868
public_input_complements,low g,0.6,3,0.5013022158749305,1.2,0.6588854638401029,0.6021223010299714,1.1867863319183458,0.7597322128164474,0.7635403863807488,-15.269518417690104
public_input_complements,low g,0.6,3,0.5016486866891229,1.2,0.6588712237602081,0.6021309008778832,1.1868219340204536,0.7599558573117574,0.7637651518987566,-15.258896135413735
public_input_complements,low g,0.6,3,0.502036202158526,1.2,0.6588552901058655,0.6021405228711659,1.1868617687061103,0.7602058589567244,0.7640164066821841,-15.247026166813576
public_input_complements,low g,0.6,3,0.502464857012963,1.2,0.6588376943434402,0.6021511457967615,1.1869057518157153,0.7604822145397339,0.7642941475033178,-15.233909176416772
public_input_complements,low g,0.6,3,0.5029347560956027,1.2,0.6588184162199657,0.6021627810958199,1.1869539320220506,0.7607849470773109,0.7645983974940542,-15.219545898645377
public_input_complements,low g,0.6,3,0.5034460144056994,1.2,0.6587974793138307,0.6021754341701188,1.1870062991647439,0.7611140698640143,0.7649291700155914,-15.203937137789449
public_input_complements,low g,0.6,3,0.5039987571454999,1.2,0.6587760744001014,0.602188366596194,1.1870598282248441,0.7614690307583387,0.7652859101588029,-15.187083767988161
public_input_complements,low g,0.6,3,0.5045931197713469,1.2,0.6587505938090177,0.6022037414464143,1.1871234999438751,0.7618515357964648,0.7656703325114114,-15.168986733210605
public_input_complements,low g,0.6,3,0.5052292480490046,1.2,0.6587246263425848,0.6022194141605799,1.1871883984322955,0.7622599280680965,0.7660807718578234,-15.149647047231921
public_input_complements,low g,0.6,3,0.5059072981132409,1.2,0.6586970424381053,0.6022360905079476,1.187257406383636,0.7626947698663513,0.7665177933096625,-15.129065793598105
public_input_complements,low g,0.6,3,0.5066274365316988,1.2,0.6586677495406239,0.6022537792287779,1.1873306380636601,0.7631561044205274,0.7669814403129146,-15.10724412561519
public_input_complements,low g,0.6,3,0.507389840373095,1.2,0.6586368138194976,0.6022724574407713,1.187407970463378,0.7636439315559217,0.7674717126920009,-15.084183266299373
public_input_complements,low g,0.6,3,0.5081946972797818,1.2,0.6586042268731971,0.6022921322149475,1.1874894295487324,0.764158280440598,0.7679886397611906,-15.059884508362506
public_input_complements,low g,0.6,3,0.5090422055447187,1.2,0.6585699530167326,0.6023128247643642,1.1875751036979478,0.7646991933370909,0.7685322639948603,-15.034349214174675
public_input_complements,low g,0.6,3,0.5099325741928927,1.2,0.658534042321951,0.6023345111750749,1.1876648834369348,0.7652666764229301,0.7691025916015046,-15.00757881571727
public_input_complements,low g,0.6,3,0.5108660230672385,1.2,0.6584964599869532,0.6023572126601369,1.1877588562608266,0.76586077436888,0.7696996674758011,-14.979574814563005
public_input_complements,low g,0.6,3,0.5118427829191048,1.2,0.6584572278459044,0.6023808905259715,1.1878569042206084,0.7664814942416116,0.7703234987198426,-14.950338781818612
public_input_complements,low g,0.6,3,0.5128630955033207,1.2,0.6584163628821253,0.6024055736942493,1.1879590821743895,0.7671288770689028,0.7709741265670595,-14.919872358100205
public_input_complements,low g,0.6,3,0.5139272136779165,1.2,0.6583738433709203,0.6024312507238208,1.18806538342705,0.7678029534886174,0.7716515818088889,-14.888177253479238
public_input_complements,low g,0.6,3,0.5150354015085564,1.2,0.6583296733437647,0.6024579270164638,1.1881758173651311,0.7685037584442872,0.7723558995640172,-14.855255247440454
public_input_complements,low g,0.6,3,0.5161879343777439,1.2,0.6582838580981711,0.60248558843014,1.1882903435622962,0.7692313186508627,0.7730871066813048,-14.821108188831191
public_input_complements,low g,0.6,3,0.5173850990988615,1.2,0.6582364073836364,0.6025142393349795,1.1884089631244523,0.7699856699440122,0.7738452391760464,-14.785737995815598
public_input_complements,low g,0.6,3,0.5186271940351138,1.2,0.6581873215043093,0.6025438868020014,1.188531693311862,0.7707668524768777,0.774630337402653,-14.749146655821477
public_input_complements,low g,0.6,3,0.5199145292234401,1.2,0.6581366043889898,0.6025745210592979,1.188658505922306,0.7715748989573279,0.7754424342329418,-14.711336225483365
public_input_complements,low g,0.6,3,0.5212474265034702,1.2,0.6580842270037675,0.602606138768386,1.188789421696903,0.7724098526512478,0.7762815731496692,-14.672308830590236
public_input_complements,low g,0.6,3,0.5226262196515982,1.2,0.6580302403913407,0.6026387345274878,1.1889243761749388,0.7732717417292969,0.7771477824647004,-14.632066666020883
public_input_complements,low g,0.6,3,0.5240512545202515,1.2,0.657974619027011,0.6026723268487721,1.1890634408653387,0.774160621592802,0.778041117857063,-14.59061199569271
public_input_complements,low g,0.6,3,0.5255228891824385,1.2,0.6579173785627035,0.6027068874481619,1.1892065298585306,0.7750765186607418,0.7789616058781608,-14.547947152485378
public_input_complements,low g,0.6,3,0.5270414940816569,1.2,0.6578585290554781,0.6027424314993433,1.1893536707888903,0.776019482299472,0.7799092961417998,-14.50407453818703
public_input_complements,low g,0.6,3,0.5286074521872524,1.2,0.6577980477807603,0.6027789481987602,1.1895048595449595,0.7769895569651959,0.7808842333270208,-14.458996623419953
public_input_complements,low g,0.6,3,0.5302211591553182,1.2,0.6577359726553733,0.6028164412789496,1.1896600674815372,0.7779867835412383,0.781886458522077,-14.412715947570009
public_input_complements,low g,0.6,3,0.5318830234952302,1.2,0.6576722644602722,0.6028549053381334,1.1898193203996508,0.7790112145678716,0.7829160245306004,-14.365235118717393
public_input_complements,low g,0.6,3,0.5335934667419154,1.2,0.657606965632695,0.6028943457780895,1.189982589280079,0.7800628931473299,0.7839729746708757,-14.316556813555971
public_input_complements,low g,0.6,3,0.5353529236339561,1.2,0.6575400510647447,0.6029347517952617,1.190149872394685,0.781141868782877,0.7850573586943026,-14.26668377731898
public_input_complements,low g,0.6,3,0.537161842297634,1.2,0.6574715467141066,0.6029761183819267,1.190321131346599,0.782248184976482,0.7861692203209053,-14.21561882369514
public_input_complements,low g,0.6,3,0.5390206844370244,1.2,0.6574014533782206,0.6030184488765662,1.1904963736311693,0.7833818952374338,0.7873086133281887,-14.163364834749231
public_input_complements,low g,0.6,3,0.5409299255302531,1.2,0.657329753270326,0.6030617362081616,1.1906755994707474,0.7845430527756656,0.7884755911928019,-14.109924760833383
public_input_complements,low g,0.6,3,0.5428900550320312,1.2,0.6572576995721113,0.6031052571269345,1.190855759131194,0.7857311154947515,0.7896696091010496,-14.055301620498511
public_input_complements,low g,0.6,3,0.5449015765825912,1.2,0.6571816203648211,0.603151193217423,1.1910459435872573,0.7869479164274236,0.7908925092737783,-13.999498500400527
public_input_complements,low g,0.6,3,0.5469650082231464,1.2,0.6571051729606048,0.6031973531231809,1.191237052197376,0.7881917323832347,0.7921425598830131,-13.942518555212201
public_input_complements,low g,0.6,3,0.5490808826180046,1.2,0.6570271597255082,0.6032444627948748,1.1914320858569605,0.7894632076010419,0.7934204083968719,-13.884365007517701
public_input_complements,low g,0.6,3,0.5512497472834679,1.2,0.6569475679568493,0.6032925188940224,1.191631048975902,0.7907624014276599,0.794726114459646,-13.825041147718412
public_input_complements,low g,0.6,3,0.5534721648236569,1.2,0.6568664379333677,0.6033415301608847,1.1918339229862696,0.7920893697169509,0.796059734205167,-13.764550333926422
public_input_complements,low g,0.6,3,0.5557487131734017,1.2,0.656783719919007,0.6033914639412534,1.1920406765110663,0.7934441667820085,0.7974213222187735,-13.702895991858428
public_input_complements,low g,0.6,3,0.5580799858483445,1.2,0.656699479083136,0.6034423501884474,1.192251318784967,0.7948268559514654,0.7988109421465343,-13.640081614728876
public_input_complements,low g,0.6,3,0.5604665922024078,1.2,0.6566136523305977,0.6034941643509264,1.1924658519171034,0.7962375001515202,0.800228657230067,-13.576110763135057
public_input_complements,low g,0.6,3,0.5629091576927818,1.2,0.6565262902022198,0.6035469141373027,1.1926842445148396,0.7976761566206974,0.8016745249948053,-13.510987064940235
public_input_complements,low g,0.6,3,0.5654083241525933,1.2,0.656437391196484,0.6036006059810024,1.1929065140603257,0.7991428932740381,0.8031486136962164,-13.444714215158175
public_input_complements,low g,0.6,3,0.5679647500714233,1.2,0.6563469633038901,0.6036552203382088,1.1931326040162205,0.8006377641948064,0.8046509776886571,-13.377295975825335
public_input_complements,low g,0.6,3,0.5705791108838415,1.2,0.6562549898669165,0.6037107484686615,1.1933625093292384,0.8021608346331581,0.8061816825493515,-13.308736175880712
public_input_complements,low g,0.6,3,0.5732520992661372,1.2,0.6561614878479589,0.6037672149239006,1.19359627402301,0.8037121806276626,0.8077408046980135,-13.23903871103667
public_input_complements,low g,0.6,3,0.5759844254414287,1.2,0.6560664793669795,0.6038245880813664,1.1938337974271342,0.8052918500304569,0.8093283922266402,-13.168207543637381
public_input_complements,low g,0.6,3,0.578776817493336,1.2,0.6559699487908,0.6038828723111893,1.1940751060301942,0.8068999170965782,0.8109445197624737,-13.09624670253503
public_input_complements,low g,0.6,3,0.5816300216884137,1.2,0.6558719087515834,0.6039420703142582,1.1943201939090338,0.8085364504401582,0.8125892562635757,-13.023160282942836
public_input_complements,low g,0.6,3,0.5845448028075416,1.2,0.6557723828581714,0.6040021864607032,1.1945690483102152,0.8102015181346381,0.8142626701446064,-12.948952446292736
public_input_complements,low g,0.6,3,0.5875219444864789,1.2,0.655671328166151,0.6040631978682256,1.194821655338521,0.8118951888365641,0.8159648304062548,-12.873627420088344
public_input_complements,low g,0.6,3,0.5905622495657936,1.2,0.655568797986128,0.6041251089069553,1.1950779725387486,0.8136175261623954,0.8176958009838587,-12.79718949775291
public_input_complements,low g,0.6,3,0.5936665404503856,1.2,0.65546479786151,0.6041879212461334,1.1953379985138852,0.8153686028534914,0.8194556549833953,-12.7196430384776
public_input_complements,low g,0.6,3,0.5968356594788269,1.2,0.6553592974245155,0.6042516271771474,1.1956017444835183,0.8171484950271788,0.8212444689037306,-12.640992467061587
public_input_complements,low g,0.6,3,0.600070469302753,1.2,0.6552523196306081,0.6043162185973303,1.19586916736516,0.8189572684091208,0.8230623087999795,-12.5612422737461
public_input_complements,low g,0.6,3,0.6033718532765401,1.2,0.6551438903436948,0.604381702577701,1.196140258859314,0.8207949965617044,0.824909248603262,-12.480397014052006
public_input_complements,low g,0.6,3,0.6067407158575169,1.2,0.6550339919215804,0.6044480703779991,1.1964150148973691,0.8226617546342464,0.826785363839582,-12.398461308607438
public_input_complements,low g,0.6,3,0.6101779830169621,1.2,0.654922635310524,0.6045153051552967,1.1966933826952328,0.8245576083545433,0.8286907205661984,-12.315439842970441
public_input_complements,low g,0.6,3,0.6136846026621482,1.2,0.6548098438128809,0.6045834237525219,1.1969753807883834,0.8264826388741574,0.8306254003414469,-12.231337367455254
public_input_complements,low g,0.6,3,0.6172615450697004,1.2,0.6546955790710514,0.604652416397766,1.197261023260999,0.8284369271276429,0.8325894845055684,-12.146158696945264
public_input_complements,low g,0.6,3,0.6209098033305457,1.2,0.6545799311738827,0.6047222743507685,1.197550198313426,0.8304205283427638,0.8345830285631568,-12.059908710699506
public_input_complements,low g,0.6,3,0.6246303938067362,1.2,0.6544628022093915,0.6047929905405102,1.1978429862932356,0.8324335384938193,0.8366061289695846,-11.972592352175141
public_input_complements,low g,0.6,3,0.6284243566004422,1.2,0.6543442550371616,0.6048645622661017,1.198139317631835,0.8344760227423303,0.8386588512129964,-11.884214628814712
public_input_complements,low g,0.6,3,0.6322927560354111,1.2,0.6542243188709986,0.6049369965985627,1.1984391806798307,0.8365480589045837,0.8407412734997344,-11.794780611854328
public_input_complements,low g,0.6,3,0.6362366811512086,1.2,0.6541029636122557,0.6050102804275022,1.1987425729696595,0.8386497272716097,0.8428534765232897,-11.704295436115485
public_input_complements,low g,0.6,3,0.6402572462105554,1.2,0.6539813569978681,0.6050837210940541,1.199046606199762,0.8407804941584439,0.8449949239235907,-11.61276429978303
public_input_complements,low g,0.6,3,0.6443555912200942,1.2,0.6538572063438417,0.6051586816712446,1.19935695892753,0.8429416485404333,0.8471669111370003,-11.52019246423097
public_input_complements,low g,0.6,3,0.6485328824649206,1.2,0.653731664357593,0.6052345021544152,1.199670838993974,0.8451326800926953,0.8493689252806215,-11.426585253738141
public_input_complements,low g,0.6,3,0.652790313057229,1.2,0.6536047470303101,0.6053111421807458,1.1999881301466622,0.8473536466147755,0.8516010244437218,-11.331948055313429
public_input_complements,low g,0.6,3,0.6571291034994325,1.2,0.6534764474403358,0.6053886104904966,1.2003088610180574,0.8496046372705293,0.8538632982370916,-11.236286318442556
public_input_complements,low g,0.6,3,0.6615505022621248,1.2,0.653346809014393,0.6054668973117596,1.2006329639080178,0.8518857208602386,0.8561558158058765,-11.139605554862602
public_input_complements,low g,0.6,3,0.6660557863772645,1.2,0.6532158012005049,0.6055460194874622,1.2009605112063508,0.8541969967988681,0.8584786770633601,-11.041911338311937
public_input_complements,low g,0.6,3,0.6706462620469753,1.2,0.6530834396666889,0.6056259514344164,1.2012914236964014,0.856538532026475,0.8608319492851386,-10.94320930429636
public_input_complements,low g,0.6,3,0.6753232652683625,1.2,0.6529497134400222,0.6057066746404527,1.201625666366862,0.8589104032441619,0.8632157095567798,-10.843505149830364
public_input_complements,low g,0.6,3,0.6800881624747613,1.2,0.652814683110706,0.6057882305000399,1.201963281451393,0.8613127043021442,0.865630052198926,-10.742804633179375
public_input_complements,low g,0.6,3,0.6849423511938463,1.2,0.652678314158077,0.6058705705476902,1.2023041830823853,0.863745501235795,0.8680750435779532,-10.641113573606647
public_input_complements,low g,0.6,3,0.6898872607230374,1.2,0.6525406349737075,0.6059537132955723,1.2026483888524937,0.8662088829288889,0.8705507730231685,-10.538437851096475
public_input_complements,low g,0.6,3,0.6949243528226603,1.2,0.652401647934675,0.6060376500034261,1.2029958746738352,0.8687029292877646,0.8730573208414424,-10.43478340608759
public_input_complements,low g,0.6,3,0.7000551224273222,1.2,0.652261342919402,0.6061223708993428,1.2033466263945654,0.8712277225401495,0.8755947696726704,-10.330156239192654
public_input_complements,low g,0.6,3,0.7052810983759861,1.2,0.6521197629811115,0.606207880353453,1.2037006118168652,0.8737833409903105,0.8781631982136215,-10.224562410915393
public_input_complements,low g,0.6,3,0.7106038441612367,1.2,0.6519768725908532,0.6062941467431964,1.2040577879192464,0.8763698605334012,0.8807626827398753,-10.118008041360586
public_input_complements,low g,0.6,3,0.7160249586982449,1.2,0.6518327317352757,0.6063812070929113,1.2044181866835157,0.8789873739042827,0.8833933164511281,-10.010499309934852
public_input_complements,low g,0.6,3,0.7215460771139571,1.2,0.6516872977249057,0.6064690119054623,1.2047817278482624,0.881635948636606,0.8860551672195449,-9.90204245505289
public_input_complements,low g,0.6,3,0.7271688715570458,1.2,0.6515406118850497,0.6065575921658157,1.2051484470548364,0.8843156783192361,0.8887483291031067,-9.7926437738206
public_input_complements,low g,0.6,3,0.7328950520291776,1.2,0.6513926854277532,0.6066469239600245,1.2055182736889476,0.8870266324588345,0.8914728719568787,-9.682309621730667
public_input_complements,low g,0.6,3,0.7387263672381705,1.2,0.6512435096773257,0.6067370083197364,1.2058912189888993,0.889768898996869,0.8942288841631372,-9.571046412335154
public_input_complements,low g,0.6,3,0.7446646054736273,1.2,0.6510930823417893,0.606827835473043,1.2062672609732492,0.8925425582195988,0.8970164464105778,-9.458860616924465
public_input_complements,low g,0.6,3,0.7507115955056528,1.2,0.6509414315420146,0.6069194097900747,1.206646382376531,0.8953476913193495,0.8998356402985045,-9.345758764193654
public_input_complements,low g,0.6,3,0.7568692075072764,1.2,0.6507886035710104,0.6070117110894213,1.207028486775112,0.89818436097176,0.9026865288167188,-9.231747439907569
public_input_complements,low g,0.6,3,0.7631393540012239,1.2,0.650634532770487,0.6071047454104541,1.2074136548290806,0.9010526704663782,0.9055692157725099,-9.116833286545194
public_input_complements,low g,0.6,3,0.7695239908317001,1.2,0.6504792579621519,0.6071985067138017,1.2078018327149311,0.9039526918139981,0.9084837735376277,-9.001023002961695
public_input_complements,low g,0.6,3,0.7760251181618615,1.2,0.6503228187190557,0.6072929808574253,1.2081929457307887,0.9068844916900904,0.9114302691217545,-8.88432334402566
public_input_complements,low g,0.6,3,0.7826447814976824,1.2,0.6501651870390348,0.6073881634711948,1.208587011023413,0.909848157806387,0.9144087906762791,-8.766741120250128
public_input_complements,low g,0.6,3,0.7893850727389358,1.2,0.650006370677485,0.6074840632953709,1.2089840425482157,0.9128437768692923,0.9174194253422242,-8.64828319742541
public_input_complements,low g,0.6,3,0.7962481312580323,1.2,0.6498464123521586,0.6075806661879142,1.20938396245862,0.9158714135150157,0.9204622380797889,-8.528956496245337
public_input_complements,low g,0.6,3,0.8032361450074849,1.2,0.6496852886281912,0.6076779546683043,1.2097867507678763,0.918931145459991,0.9235373069949624,-8.408767991916266
public_input_complements,low g,0.6,3,0.8103513516567865,1.2,0.6495230387926954,0.6077759418469317,1.2101924007550828,0.9220230530818296,0.926644712868251,-8.287724713767552
public_input_complements,low g,0.6,3,0.8175960397595149,1.2,0.6493596354185924,0.6078746075423864,1.2106008897166953,0.9251472124221817,0.9297845321224646,-8.165833744854652
public_input_complements,low g,0.6,3,0.8249725499515008,1.2,0.6491951203792989,0.6079739588256874,1.2110121933437081,0.9283036985337724,0.9329568401865321,-8.043102221553147
public_input_complements,low g,0.6,3,0.8324832761809209,1.2,0.6490294845118612,0.6080739805231485,1.2114262831076397,0.9314925847978426,0.9361617108095192,-7.919537333146649
public_input_complements,low g,0.6,3,0.8401306669712053,1.2,0.6488627648066019,0.608174669296287,1.211843113725375,0.9347139398101674,0.9393992129310387,-7.795146321407959
public_input_complements,low g,0.6,3,0.8479172267176741,1.2,0.6486949326213449,0.6082760110030645,1.212262678710267,0.9379678408255857,0.9426694241931713,-7.669936480170168
public_input_complements,low g,0.6,3,0.8558455170188431,1.2,0.6485260065475829,0.6083780143837412,1.21268498118163,0.9412543667569685,0.94597242390434,-7.543915154894098
public_input_complements,low g,0.6,3,0.8639181580433734,1.2,0.6483560297885593,0.608480659256907,1.2131099278055975,0.9445735720359371,0.9493082667690061,-7.417089742232125
public_input_complements,low g,0.6,3,0.8721378299336601,1.2,0.6481849644122215,0.6085839526935815,1.2135375740786347,0.9479255467903995,0.9526770433668456,-7.289467689568923
public_input_complements,low g,0.6,3,0.8805072742470966,1.2,0.6480128570289252,0.608687884921856,1.213967849116965,0.9513103491535586,0.9560788121224548,-7.161056494578036
public_input_complements,low g,0.6,3,0.88902929543607,1.2,0.6478396536855155,0.6087924788240296,1.2144008637133739,0.9547280815047532,0.9595136759283518,-7.031863704745354
public_input_complements,low g,0.6,3,0.8977067623677852,1.2,0.6476654710669778,0.6088976586821855,1.2148363130995707,0.9581787415148609,0.9629816324437388,-6.90189691692409
public_input_complements,low g,0.6,3,0.9065426098850453,1.2,0.6474902696789715,0.609003468591681,1.2152743463027638,0.9616624389818772,0.9664827920169764,-6.771163776819552
public_input_complements,low g,0.6,3,0.9155398404091444,1.2,0.6473140438048217,0.6091098785991973,1.215714894635584,0.9651792282511924,0.9700172092658621,-6.63967197853214
public_input_complements,low g,0.6,3,0.9247015255860773,1.2,0.6471368163605671,0.6092168947441059,1.2161579501837918,0.9687291777984005,0.9735849530092254,-6.507429264052182
public_input_complements,low g,0.6,3,0.9340308079772923,1.2,0.6469586048745635,0.6093245153571658,1.216603491272636,0.972312351477601,0.9771860874212358,-6.374443422762171
public_input_complements,low g,0.6,3,0.9435309027962627,1.2,0.6467794085154919,0.609432728997227,1.2170514903136198,0.975928810409977,0.9808206739294475,-6.24072229092768
public_input_complements,low g,0.6,3,0.9532050996921831,1.2,0.6465992305351178,0.6095415285932704,1.2175019264905655,0.9795786161757661,0.9844887744227706,-6.1062737511804706
public_input_complements,low g,0.6,3,0.9630567645821445,1.2,0.6464180952623053,0.6096509027041463,1.2179547470547938,0.9832618207686595,0.9881904411555151,-5.971105731995868
public_input_complements,low g,0.6,3,0.9730893415331738,1.2,0.646236025801064,0.6097608486289656,1.2184099221932865,0.9869784806496223,0.9919257308716585,-5.835226207158409
public_input_complements,low g,0.6,3,0.9833063546955787,1.2,0.6460530121039354,0.6098713646984872,1.2188674578071068,0.9907286601842376,0.9956947082594175,-5.698643195221488
public_input_complements,low g,0.6,3,0.9937114102890687,1.2,0.6458690850009909,0.6099824384399133,1.2193272920837535,0.994512404604575,0.9994974187775886,-5.561364758963744
public_input_complements,low g,0.6,3,1.0043081986431819,1.2,0.6456842070730657,0.6100940779559115,1.219789482569418,0.9983297889929976,1.0033339378848867,-5.4233990048254626
public_input_complements,low g,0.6,3,1.0151004962935855,1.2,0.6454984513758086,0.6102062478913849,1.2202538683863913,1.0021808292532444,1.0072042815647682,-5.284754082359213
public_input_complements,low g,0.6,3,1.0260921681358672,1.2,0.6453118063013961,0.610318962388372,1.2207204962713198,1.0060655943955854,1.011108519173419,-5.14543818364006
public_input_complements,low g,0.6,3,1.037287169638491,1.2,0.6451242545106628,0.6104322089740752,1.2211893525809399,1.0099841359303294,1.0150467024793441,-5.005459542697134
public_input_complements,low g,0.6,3,1.0486895491166357,1.2,0.6449358406687904,0.6105459843100127,1.221660384357281,1.0139364931055903,1.01901887092739,-4.864826434925024
public_input_complements,low g,0.6,3,1.0603034500686892,1.2,0.6447465653790725,0.610660285695295,1.22213358428804,1.0179227156152855,1.0230250744605653,-4.723547176484324
public_input_complements,low g,0.6,3,1.0721331135772334,1.2,0.6445564430907147,0.6107750902476227,1.2226088810843796,1.0219428340013081,1.0270653437738553,-4.581630123702343
public_input_complements,low g,0.6,3,1.0841828807763967,1.2,0.644365479930594,0.6108904067072565,1.2230862903302309,1.0259969004512057,1.0311397313163981,-4.439083672454602
public_input_complements,low g,0.6,3,1.0964571953875313,1.2,0.6441736960261599,0.6110062236330467,1.2235657634783277,1.0300849478045613,1.0352482700923866,-4.295916257551199
public_input_complements,low g,0.6,3,1.1089606063252093,1.2,0.6439810884043551,0.6111225225128245,1.2240472575175008,1.0342070083191213,1.0393909925212594,-4.15213635210551
public_input_complements,low g,0.6,3,1.1216977703756155,1.2,0.6437876812665067,0.6112393174886286,1.2245307833752463,1.0383631271023275,1.0435679439365608,-4.0077524668955355
public_input_complements,low g,0.6,3,1.1346734549494641,1.2,0.6435934844836431,0.6113565900482897,1.225016285196308,1.0425533287254904,1.047779149032765,-3.862773149724784
public_input_complements,low g,0.6,3,1.147892540911644,1.2,0.6433984990169623,0.6114743287506583,1.2255037335996728,1.046777642874399,1.0520246376444615,-3.7172069847652116
public_input_complements,low g,0.6,3,1.1613600254898573,1.2,0.6432027574623458,0.6115925379658649,1.2259931068448622,1.0510360991693604,1.0563044395404306,-3.5710625918973653
public_input_complements,low g,0.6,3,1.1750810252645967,1.2,0.6430062479939358,0.6117111991817402,1.2264843707735067,1.0553287214784925,1.0606185787084284,-3.424348626041972
public_input_complements,low g,0.6,3,1.189060779242872,1.2,0.6428090014439074,0.6118303123982844,1.2269774945534309,1.0596555322612355,1.064967077720475,-3.277073776482283
public_input_complements,low g,0.6,3,1.2033046520181812,1.2,0.6426110198640185,0.6119498688752368,1.2274724544220694,1.0640165536106037,1.0693499587803248,-3.1292467661782326
public_input_complements,low g,0.6,3,1.217818137019287,1.2,0.6424123157827868,0.6120698632108192,1.2279692244328877,1.0684118045859692,1.0737672410428865,-2.980876351073633
public_input_complements,low g,0.6,3,1.2326068598504607,1.2,0.6422128967424892,0.6121902779245108,1.2284677536219955,1.072841294531484,1.07821893389915,-2.8319713193953455
public_input_complements,low g,0.6,3,1.247676581725918,1.2,0.6420127688014738,0.612311126126702,1.2289680684972537,1.0773050526620278,1.0827050667104343,-2.6825404909389876
public_input_complements,low g,0.6,3,1.2630332030012734,1.2,0.6418119685207966,0.6124323778640745,1.2294700580935642,1.0818030657079198,1.0872256261405449,-2.5325927163607975
public_input_complements,low g,0.6,3,1.2786827668049243,1.2,0.6416104948847003,0.6125540516487971,1.2299737694109112,1.0863353637047846,1.09178064237566,-2.382136876438312
public_input_complements,low g,0.6,3,1.294631462772364,1.2,0.6414083844581966,0.6126761087872905,1.2304790697694328,1.0909019213169997,1.0963700899531619,-2.2311818813517332
public_input_complements,low g,0.6,3,1.31088563088653,1.2,0.6412055655711257,0.612798565090835,1.2309860701145081,1.0955027822191963,1.1009940127666018,-2.079736669922485
public_input_complements,low g,0.6,3,1.3274517654273796,1.2,0.6410021461092505,0.6129214080866328,1.231494631577945,1.1001379134872626,1.1056523777268354,-1.9278102088860485
public_input_complements,low g,0.6,3,1.3443365190339982,1.2,0.6407980862258387,0.6130446256959409,1.2320047640028782,1.1048073233075697,1.1103451930612682,-1.7754114921154405
public_input_complements,low g,0.6,3,1.3615467068826452,1.2,0.6405934315265127,0.6131682212572418,1.2325164300764757,1.1095110029387736,1.1150724499847393,-1.6225495398645084
public_input_complements,low g,0.6,3,1.3790893109842512,1.2,0.6403881637106359,0.613292167518106,1.233029580404339,1.1142489369306399,1.1198341329695705,-1.4692333979924594
public_input_complements,low g,0.6,3,1.3969714846049992,1.2,0.6401823134905649,0.6134164759196831,1.2335442126939276,1.1190211210414254,1.124630237752756,-1.3154721371795235
public_input_complements,low g,0.6,3,1.4152005568137338,1.2,0.6399758701066558,0.6135411393909536,1.2340603201404727,1.1238275467237766,1.129460755744099,-1.1612748521398757
public_input_complements,low g,0.6,3,1.4337840371600625,1.2,0.6397688804959412,0.6136661377505075,1.2345778056763193,1.1286681745648137,1.134325647333162,-1.0066506608286678
public_input_complements,low g,0.6,3,1.4527296204871472,1.2,0.6395613149725454,0.6137914655965664,1.2350966855693253,1.1335429966676318,1.1392249045834564,-0.8516087036274431
public_input_complements,low g,0.6,3,1.4720451918832933,1.2,0.6393532466957577,0.613917116889759,1.2356168716584033,1.1384519695896955,1.14415848383469,-0.6961581425420516
public_input_complements,low g,0.6,3,1.4917388317766058,1.2,0.6391446227393596,0.6140431020395871,1.2361384427269746,1.1433950985564598,1.149126390338511,-0.5403081603696256
public_input_complements,low g,0.6,3,1.5118188211770927,1.2,0.6389355118138469,0.6141693877542496,1.2366612473677088,1.1483723135349835,1.1541285537109363,-0.38406795989017173
public_input_complements,low g,0.6,3,1.5322936470707536,1.2,0.6387258599923196,0.6142959773722289,1.2371853478002968,1.153383607999187,1.1591649673931743,-0.22744676301006717
public_input_complements,low g,0.6,3,1.5531720079703377,1.2,0.63851573917668,0.6144228621532641,1.2377106504120279,1.1584289228687457,1.1642355720087587,-0.07045380993773076
public_input_complements,low g,0.6,3,1.5744628196276003,1.2,0.638305128318253,0.6145500431290039,1.2382371788141924,1.163508232683791,1.1693403419702033,0.08690164167937908
public_input_complements,low g,0.6,3,1.5961752209120554,1.2,0.6380940752513458,0.6146774980547414,1.2387648299166316,1.1686214679043425,1.174479207388957,0.24461031759959173
public_input_complements,low g,0.6,3,1.618318579861377,1.2,0.6378825507985724,0.6148052269304771,1.2392936328967323,1.1737685977282242,1.1796521373084468,0.4026629278637426
public_input_complements,low g,0.6,3,1.6409024999087747,1.2,0.6376705974325354,0.6149332220475983,1.2398235261336983,1.1789495584664509,1.1848590677204456,0.561050167655182
public_input_complements,low g,0.6,3,1.6639368262928396,1.2,0.6374581951325835,0.6150614726025487,1.2403545028121474,1.1841643004297095,1.1900999486865715,0.7197627181848869
public_input_complements,low g,0.6,3,1.6874316526555453,1.2,0.6372453913104552,0.6151899725559566,1.240886500518541,1.1894127519602957,1.1953747081899342,0.8787912475707786
public_input_complements,low g,0.6,3,1.7113973278342638,1.2,0.6370322020006687,0.6153187219078221,1.2414195032183613,1.1946948526946328,1.2006832855643839,1.038126411734285
public_input_complements,low g,0.6,3,1.7358444628538618,1.2,0.6368185914804343,0.6154477011143284,1.241953498087557,1.200010539541541,1.2060256174024941,1.1977588552964278
public_input_complements,low g,0.6,3,1.7607839381251333,1.2,0.6366046339582976,0.6155769166089017,1.242488426898214,1.2053597303567805,1.2114016211482759,1.3576792124800647
public_input_complements,low g,0.6,3,1.7862269108560356,1.2,0.6363902882120902,0.6157063390758162,1.243024258052237,1.2107423477654893,1.2168112190390241,1.5178781080246235
public_input_complements,low g,0.6,3,1.8121848226824113,1.2,0.6361755936044375,0.615835985358,1.2435609940248342,1.2161583218885992,1.2222543408453999,1.6783461581040147
public_input_complements,low g,0.6,3,1.8386694075250942,1.2,0.6359605923038716,0.6159658369432841,1.244098546663246,1.2216075480770492,1.2277308813937873,1.8390739712437876
public_input_complements,low g,0.6,3,1.8656926996805347,1.2,0.6357452248301301,0.6160958780203887,1.244636936172515,1.227089954264837,1.2332407682569513,2.0000521492611574
public_input_complements,low g,0.6,3,1.8932670421523103,1.2,0.6355295570907462,0.6162261102585547,1.2451761007915032,1.2326054362972791,1.2387838967581306,2.161271288190833
public_input_complements,low g,0.6,3,1.921405095231136,1.2,0.6353135729936548,0.6163565276184106,1.245716041610477,1.2381539073418721,1.2443601796295722,2.3227219792339007
public_input_complements,low g,0.6,3,1.9501198453312445,1.2,0.6350973493034378,0.6164871192964003,1.2462566550288203,1.2437352399865156,1.2499694888205204,2.4843948096963198
public_input_complements,low g,0.6,3,1.979424614091259,1.2,0.6348808024807311,0.6166178759146701,1.2467980012913094,1.2493493594121698,1.2556117491369028,2.646280363955592
public_input_complements,low g,0.6,3,2.009333067747975,1.2,0.6346640016450003,0.6167487883389045,1.2473399885888383,1.2549961334674158,1.261286827764889,2.8083692244022913
public_input_complements,low g,0.6,3,2.0398592267917226,1.2,0.634446942603365,0.6168798515613798,1.2478826086751023,1.26067545475215,1.26699461676603,2.9706519724156912
public_input_complements,low g,0.6,3,2.071017475912293,1.2,0.6342296813915858,0.6170110689205788,1.2484258138071316,1.2663871974763299,1.2727349897197584,3.1331191893258232
public_input_complements,low g,0.6,3,2.1028225742447084,1.2,0.6340121823441329,0.6171424131640717,1.248969571955421,1.2721312368435358,1.2785078212041097,3.295761457389589
public_input_complements,low g,0.6,3,2.135289665924415,1.2,0.6337944340164561,0.6172738815909695,1.249513887855512,1.2779074567734572,1.2843129945569183,3.45856936077009
public_input_complements,low g,0.6,3,2.168434290961828,1.2,0.6335765375162064,0.6174054866740699,1.2500586913821832,1.2837157096943268,1.2901503614667105,3.6215334865133686
public_input_complements,low g,0.6,3,2.2022723964464688,1.2,0.6333584154637188,0.6175371816171259,1.2506039436732217,1.2895558544986854,1.2960197801187228,3.7846444255413214
public_input_complements,low g,0.6,3,2.23682034809129,1.2,0.6331401313981058,0.6176689963734567,1.2511496555935606,1.29542776361414,1.3019211223011034,3.9478927736441642
public_input_complements,low g,0.6,3,2.2720949421281498,1.2,0.6329216931594157,0.6178009124308932,1.2516957733189225,1.3013312812062376,1.307854231398275,4.11126913246979
public_input_complements,low g,0.6,3,2.308113417565749,1.2,0.6327030983602253,0.6179329096080248,1.2522422491061083,1.3072662487646627,1.3138189481053866,4.274764110527074
public_input_complements,low g,0.6,3,2.344893468821764,1.2,0.6324843713657693,0.6180649993460017,1.2527890870096987,1.3132325222226358,1.3198151276335206,4.438368324191712
public_input_complements,low g,0.6,3,2.382453258741261,1.2,0.6322655045682093,0.6181971577308762,1.2533362352352868,1.3192299320027252,1.3258425995552352,4.602072398707021
public_input_complements,low g,0.6,3,2.4208114320139376,1.2,0.6320465342283015,0.6183293787232773,1.2538836425203193,1.3252583037051349,1.3319011885965513,4.765866969197253
public_input_complements,low g,0.6,3,2.4599871290031343,1.2,0.6318274833400983,0.6184616710634652,1.2544313075815487,1.33131747688909,1.3379907335124819,4.92974268168361
public_input_complements,low g,0.6,3,2.5,1.2,0.631608326884896,0.6185940004279913,1.2549791701782342,1.337407263911604,1.3441110457194752,5.093690194094563
public_input_complements,baseline g,1.0,1,0.5,1.2,0.8060443292717219,0.44024696572785926,0.4948891167004543,0.5858487143348071,0.5887852932358636,-9.741841453667114
public_input_complements,baseline g,1.0,1,0.5000203210855501,1.2,0.8060419164048012,0.44024864954712967,0.4948951666169989,0.5858602747411911,0.5887969115890257,-9.741767835023094
public_input_complements,baseline g,1.0,1,0.5000812892976928,1.2,0.8060346783363417,0.44025369226468025,0.4949132969553678,0.5858949481305543,0.5888317587794764,-9.741546974069717
public_input_complements,baseline g,1.0,1,0.5001829195049198,1.2,0.8060198748900088,0.4402639813336405,0.4949503247906547,0.585955758817327,0.588892874281085,-9.741178855735251
public_input_complements,baseline g,1.0,1,0.5003252364947652,1.2,0.806002924866793,0.44027573914686235,0.4949926716904296,0.5860366916135523,0.5889742127546397,-9.740663454920034
public_input_complements,baseline g,1.0,1,0.5005082749838822,1.2,0.8059811446289495,0.4402908645986251,0.4950471229040807,0.586140759667471,0.5890788024518496,-9.740000736473231
public_input_complements,baseline g,1.0,1,0.500732079632158,1.2,0.8059545327705115,0.4403093402084074,0.4951136420796485,0.5862679538321509,0.589206634179933,-9.739190655210395
public_input_complements,baseline g,1.0,1,0.5009967050608752,1.2,0.8059236097885083,0.440330812575757,0.4951909453751268,0.5864177132615387,0.5893571442815845,-9.738233155875252
public_input_complements,baseline g,1.0,1,0.5013022158749305,1.2,0.8058984933886247,0.44034825459901866,0.49525373654525573,0.5865788272361107,0.5895190658433147,-9.73712817765444
public_input_complements,baseline g,1.0,1,0.5016486866891229,1.2,0.806012462509271,0.44026912098216636,0.49496883881220843,0.5866034264708383,0.5895437883822197,-9.735877030189485
public_input_complements,baseline g,1.0,1,0.502036202158526,1.2,0.8059669893454255,0.44030069189500803,0.49508250514779184,0.586822689300369,0.5897641502712568,-9.734479475971105
public_input_complements,baseline g,1.0,1,0.502464857012963,1.2,0.8059136767274981,0.44033771009222933,0.49521577707171743,0.5870684799288514,0.5900111729303916,-9.732934460198198
public_input_complements,baseline g,1.0,1,0.5029347560956027,1.2,0.8058584662243584,0.44037604456623,0.49535379003869845,0.5873342134142817,0.5902782384104608,-9.7312418777728
public_input_complements,baseline g,1.0,1,0.5034460144056994,1.2,0.805889524137878,0.44035447359866386,0.4952761388352359,0.5875219442492715,0.5904669102501768,-9.729401944521213
public_input_complements,baseline g,1.0,1,0.5039987571454999,1.2,0.8061052766046757,0.4402046379341085,0.4947367413329986,0.587521945107614,0.590466911112822,-9.727419110085004
public_input_complements,baseline g,1.0,1,0.5045931197713469,1.2,0.8061968424211735,0.4401410730294272,0.4945078753223894,0.5876776728666343,0.5906234194604825,-9.725294999100564
public_input_complements,baseline g,1.0,1,0.5052292480490046,1.2,0.8061488550039404,0.44017439036906564,0.4946278281932414,0.5880066165995981,0.5909540120307694,-9.723025351309381
public_input_complements,baseline g,1.0,1,0.5059072981132409,1.2,0.8062185145690699,0.44012601185443206,0.4944536710365033,0.5882222067245317,0.5911706828057014,-9.720609890652527
public_input_complements,baseline g,1.0,1,0.5066274365316988,1.2,0.8061347302574944,0.44018421059442925,0.49466316462647275,0.5886268398173251,0.5915773441303127,-9.71804993935306
public_input_complements,baseline g,1.0,1,0.507389840373095,1.2,0.8060428603490172,0.4402480063853993,0.49489283344344537,0.5890584300463589,0.5920110977143725,-9.71534260433776
public_input_complements,baseline g,1.0,1,0.5081946972797818,1.2,0.8060261576098513,0.44025958884883964,0.4949345543036425,0.5894239978302745,0.5923784979144304,-9.712487936089929
public_input_complements,baseline g,1.0,1,0.5090422055447187,1.2,0.8060623810571644,0.44023443953785424,0.49484400834460074,0.5897482823071895,0.5927044078740501,-9.709491794709097
public_input_complements,baseline g,1.0,1,0.5099325741928927,1.2,0.8060681132291656,0.4402304559900127,0.4948296717092619,0.5901244939177314,0.5930825052531375,-9.706351533628975
public_input_complements,baseline g,1.0,1,0.5108660230672385,1.2,0.8060348812261173,0.44025353812795676,0.49491276113026933,0.5905622485180092,0.5935224541074806,-9.70306497076609
public_input_complements,baseline g,1.0,1,0.5118427829191048,1.2,0.8063149448019403,0.4400590553972628,0.4942126148561473,0.5906663563824013,0.5936270838147145,-9.699642493988929
public_input_complements,baseline g,1.0,1,0.5128630955033207,1.2,0.8062002192320217,0.4401387292054987,0.4944994358518556,0.5912313268601131,0.594194886218731,-9.696078993855544
public_input_complements,baseline g,1.0,1,0.5139272136779165,1.2,0.8061565927138591,0.4401690225351402,0.4946084959620437,0.5917344601446246,0.5947005414693259,-9.692369359468518
public_input_complements,baseline g,1.0,1,0.5150354015085564,1.2,0.8060266015563382,0.44025928661476404,0.4949334575315522,0.5923528153446389,0.595321996187679,-9.688514044594836
public_input_complements,baseline g,1.0,1,0.5161879343777439,1.2,0.8059213959732205,0.4403323509985645,0.49519648218367873,0.5929614696550989,0.5959337013905662,-9.684511756412379
public_input_complements,baseline g,1.0,1,0.5173850990988615,1.2,0.8059494548047701,0.4403128603144305,0.49512632347439983,0.593438086915467,0.5964127077048937,-9.680363404545215
public_input_complements,baseline g,1.0,1,0.5186271940351138,1.2,0.8061374698284118,0.4401823073300199,0.49465631400443133,0.5937519524817048,0.5967281465288293,-9.676081130289575
public_input_complements,baseline g,1.0,1,0.5199145292234401,1.2,0.8059914097228947,0.44028372308547326,0.49502143214172756,0.5944610446812638,0.59744079306783,-9.671658856116219
public_input_complements,baseline g,1.0,1,0.5212474265034702,1.2,0.8059100524068569,0.44034022656505045,0.49522483697365216,0.5951152736944906,0.5980983014176324,-9.66708869939563
public_input_complements,baseline g,1.0,1,0.5226262196515982,1.2,0.8057542243535181,0.4404484560163916,0.49561444064188787,0.5958721012442326,0.5988589225812545,-9.66237374681507
public_input_complements,baseline g,1.0,1,0.5240512545202515,1.2,0.8055939417053404,0.4405597448328265,0.49601510713356506,0.5966523606056873,0.5996430930090342,-9.65751015197289
public_input_complements,baseline g,1.0,1,0.5255228891824385,1.2,0.805858922706015,0.4403757335918938,0.4953526618524756,0.596968366640926,0.5999606830311163,-9.652507343970623
public_input_complements,baseline g,1.0,1,0.5270414940816569,1.2,0.8059246693903852,0.44033006978216227,0.49518828133908527,0.5975280805630385,0.6005232025309387,-9.647375056685755
public_input_complements,baseline g,1.0,1,0.5286074521872524,1.2,0.8059027751695753,0.44034528779477,0.4952430464671278,0.5982055762336349,0.601204094162716,-9.642111918293791
public_input_complements,baseline g,1.0,1,0.5302211591553182,1.2,0.805855639454421,0.4403780218793154,0.4953608878049003,0.598930056960443,0.6019322063642796,-9.636702218586098
public_input_complements,baseline g,1.0,1,0.5318830234952302,1.2,0.805670151069798,0.44050683550794845,0.4958246136273706,0.599830920753426,0.6028375857558163,-9.63115089018955
public_input_complements,baseline g,1.0,1,0.5335934667419154,1.2,0.806040402191401,0.44024970871683866,0.4948989686369706,0.6001143093300768,0.603122394823619,-9.625464742542325
public_input_complements,baseline g,1.0,1,0.5353529236339561,1.2,0.8059551185173449,0.4403089437442456,0.4951121999702258,0.6009370535763366,0.6039492630925751,-9.619652972438848
public_input_complements,baseline g,1.0,1,0.537161842297634,1.2,0.8059421399293543,0.4403179585684881,0.4951446505785801,0.601695167675117,0.6047111772540894,-9.613700028955035
public_input_complements,baseline g,1.0,1,0.5390206844370244,1.2,0.8058096475203453,0.440409957633759,0.4954758609685741,0.602609104692532,0.6056296953998683,-9.607612843986892
public_input_complements,baseline g,1.0,1,0.5409299255302531,1.2,0.8058245383334972,0.44039961572918085,0.49543863164153334,0.6033718532741713,0.6063962672746835,-9.601384353593415
public_input_complements,baseline g,1.0,1,0.5428900550320312,1.2,0.8060024300773628,0.4402760985866862,0.4949939428698794,0.6039644323564242,0.606991816671947,-9.595038503647993
public_input_complements,baseline g,1.0,1,0.5449015765825912,1.2,0.8058305427886079,0.4403954497605383,0.4954236286941549,0.6049794466600164,0.6080119187559087,-9.588549954060529
public_input_complements,baseline g,1.0,1,0.5469650082231464,1.2,0.8057214785924425,0.44047118308464217,0.49569627687038476,0.6059405630430834,0.6089778527548941,-9.581919198086508
public_input_complements,baseline g,1.0,1,0.5490808826180046,1.2,0.8057671815506717,0.4404394411921492,0.4955820114243706,0.6067407152723661,0.6097820157639167,-9.575155140884174
public_input_complements,baseline g,1.0,1,0.5512497472834679,1.2,0.8058185105792769,0.4404037985407511,0.49545369426874564,0.6075524367003492,0.6105978059624896,-9.568265331459857
public_input_complements,baseline g,1.0,1,0.5534721648236569,1.2,0.8055810489827895,0.4405687095223401,0.4960473635854652,0.6087190176802467,0.6117702344538831,-9.561234278320072
public_input_complements,baseline g,1.0,1,0.5557487131734017,1.2,0.8055545861376645,0.4405870898703884,0.49611352798237457,0.6096585790859474,0.6127145054307286,-9.554060176968068
public_input_complements,baseline g,1.0,1,0.5580799858483445,1.2,0.8058280508822573,0.44039717330503575,0.49542984345662006,0.6102655159415505,0.6133244845699808,-9.546759659119237
public_input_complements,baseline g,1.0,1,0.5604665922024078,1.2,0.8057100506661145,0.4404791071166157,0.4957248207057755,0.611348883661577,0.6144132826933023,-9.539350248106881
public_input_complements,baseline g,1.0,1,0.5629091576927818,1.2,0.8055714222306343,0.44057538759367354,0.4960714149717005,0.6124755023816394,0.6155455486131994,-9.531798346564159
public_input_complements,baseline g,1.0,1,0.5654083241525933,1.2,0.8053789488532347,0.44070905277879563,0.4965526051489638,0.6136846019465574,0.6167607088149079,-9.524102741662519
public_input_complements,baseline g,1.0,1,0.5679647500714233,1.2,0.8057178518427632,0.44047369788822194,0.4957053355957964,0.6142859749612526,0.6173650962243835,-9.516296833113278
public_input_complements,baseline g,1.0,1,0.5705791108838415,1.2,0.8057235557261736,0.4404697459629403,0.49569109555377755,0.6152983136878855,0.6183825093200004,-9.508371734728755
public_input_complements,baseline g,1.0,1,0.5732520992661372,1.2,0.8056363839490115,0.44053027541647505,0.4959090109505746,0.6164393713879138,0.6195292865955518,-9.500310307672613
public_input_complements,baseline g,1.0,1,0.5759844254414287,1.2,0.8058332385734195,0.44039356500829796,0.49541686184450423,0.6172615463679243,0.6203555827447996,-9.492121294394147
public_input_complements,baseline g,1.0,1,0.578776817493336,1.2,0.8056020719088368,0.44055410034801384,0.49599478484287324,0.6186117158578703,0.6217125199874778,-9.483821228484414
public_input_complements,baseline g,1.0,1,0.5816300216884137,1.2,0.8056013612932408,0.440554593743151,0.49599656119196533,0.6197063008408803,0.6228125916005475,-9.475389277759641
public_input_complements,baseline g,1.0,1,0.5845448028075416,1.2,0.8055252847017575,0.4406074159089621,0.4961867336616006,0.6209098049607963,0.624022128309969,-9.466819094146336
public_input_complements,baseline g,1.0,1,0.5875219444864789,1.2,0.8055615901033452,0.4405822110614698,0.4960959857894297,0.6219974982382911,0.6251152736727059,-9.458141227519517
public_input_complements,baseline g,1.0,1,0.5905622495657936,1.2,0.8052884184524668,0.44077191358346157,0.49677891488781023,0.6234760811807678,0.6266012680430241,-9.449322500973054
public_input_complements,baseline g,1.0,1,0.5936665404503856,1.2,0.8054511425740895,0.4406589224355873,0.49637212988677926,0.6244492653021217,0.6275793302700863,-9.440385431101774
public_input_complements,baseline g,1.0,1,0.5968356594788269,1.2,0.8054910058488395,0.44063123376948155,0.4962724590932407,0.6255887130780591,0.6287244895517689,-9.43134112348486
public_input_complements,baseline g,1.0,1,0.600070469302753,1.2,0.8053069898268079,0.4407590252527437,0.49673250471911845,0.6270182284182932,0.6301611703674647,-9.422161361930094
public_input_complements,baseline g,1.0,1,0.6033718532765401,1.2,0.8051894507268816,0.4408406322787075,0.49702631499512673,0.6283868031380374,0.6315366050965392,-9.412839646215003
public_input_complements,baseline g,1.0,1,0.6067407158575169,1.2,0.8056667454496425,0.440509195143157,0.49583311605957675,0.62904964217479,0.6322027666277898,-9.403440263963372
public_input_complements,baseline g,1.0,1,0.6101779830169621,1.2,0.8054374457670433,0.4406684131744457,0.4964063266897595,0.6305924312604833,0.633753288975957,-9.393931908773906
public_input_complements,baseline g,1.0,1,0.6136846026621482,1.2,0.8052422546643843,0.44080398329321846,0.4968943492489677,0.6321136423084829,0.6352821251260662,-9.384276753203316
public_input_complements,baseline g,1.0,1,0.6172615450697004,1.2,0.8054747007073545,0.4406425510231843,0.4963132095027235,0.6331292284750117,0.6363028019394393,-9.374520904603552
public_input_complements,baseline g,1.0,1,0.6209098033305457,1.2,0.8053553070257833,0.4407254726566863,0.4966117139126592,0.634596082231877,0.6377770083313584,-9.364651430350575
public_input_complements,baseline g,1.0,1,0.6246303938067362,1.2,0.8052034079975889,0.4408309547489178,0.4969914542600737,0.6361228505604966,0.6393114296180727,-9.354660457754584
public_input_complements,baseline g,1.0,1,0.6284243566004422,1.2,0.8052332400943826,0.44081023931720165,0.4969168768307729,0.6374443418827095,0.6406395449431037,-9.344555091534051
public_input_complements,baseline g,1.0,1,0.6322927560354111,1.2,0.8053493363288352,0.4407296130421405,0.49662662784218836,0.6386772856088363,0.6418786688253764,-9.334343323706879
public_input_complements,baseline g,1.0,1,0.6362366811512086,1.2,0.8052019085342824,0.4408320139186268,0.49699524152995156,0.640257246626213,0.6434665494303097,-9.324003309673897
public_input_complements,baseline g,1.0,1,0.6402572462105554,1.2,0.805249274883532,0.44079910885443013,0.4968768002420372,0.6416135610621723,0.6448296624206711,-9.3135730940974
public_input_complements,baseline g,1.0,1,0.6443555912200942,1.2,0.8052508802374315,0.4407979924789729,0.4968727835171499,0.643046048129161,0.6462693298589639,-9.303009372506047
public_input_complements,baseline g,1.0,1,0.6485328824649206,1.2,0.8053652379334456,0.44071857514021406,0.4965868843694169,0.6443555916613214,0.6475854375053955,-9.292348599104596
public_input_complements,baseline g,1.0,1,0.652790313057229,1.2,0.8052251132674924,0.4408158750617537,0.49693717686589567,0.6460049398802232,0.649243053116649,-9.281598518338306
public_input_complements,baseline g,1.0,1,0.6571291034994325,1.2,0.8050988481779793,0.44090357420306875,0.49725287210064933,0.64765694905922,0.6509033430261154,-9.270723829141229
public_input_complements,baseline g,1.0,1,0.6615505022621248,1.2,0.8054936695399759,0.4406293746004295,0.49626577959695184,0.6486664501313824,0.6519179042434595,-9.259747015769815
public_input_complements,baseline g,1.0,1,0.6660557863772645,1.2,0.8053532772415982,0.4407268727540501,0.4966167679071499,0.6503749826576932,0.6536350008246976,-9.248690833420309
public_input_complements,baseline g,1.0,1,0.6706462620469753,1.2,0.805014299674769,0.4409622804802418,0.49746422616255337,0.6523578926352986,0.6556278501799281,-9.237504576202909
public_input_complements,baseline g,1.0,1,0.6753232652683625,1.2,0.8053216792278197,0.4407488270753872,0.49669578725501684,0.6535330112901209,0.6568088591415199,-9.226218155075449
public_input_complements,baseline g,1.0,1,0.6800881624747613,1.2,0.8049438546157399,0.4410112062572782,0.49764035089998093,0.6556074613616342,0.6588937074372883,-9.214823189287442
public_input_complements,baseline g,1.0,1,0.6849423511938463,1.2,0.8050112476125586,0.44096439611877075,0.49747184800398636,0.6571291028737434,0.6604229762092175,-9.203295350477442
public_input_complements,baseline g,1.0,1,0.6898872607230374,1.2,0.8053334329999106,0.440740653644956,0.49666637887319454,0.6583388672208728,0.6616388045253718,-9.191709179035316
public_input_complements,baseline g,1.0,1,0.6949243528226603,1.2,0.805231683239555,0.44081130285704095,0.4969207309316534,0.6601170211365127,0.6634258714746053,-9.180036470803367
public_input_complements,baseline g,1.0,1,0.7000551224273222,1.2,0.8052632345541559,0.4407894067730999,0.49684188407573987,0.6617412718469565,0.665058263775616,-9.168250679719598
public_input_complements,baseline g,1.0,1,0.7052810983759861,1.2,0.8052247485255356,0.4408161402714913,0.49693811446088565,0.6634764648689125,0.6668021544887897,-9.156378634040538
public_input_complements,baseline g,1.0,1,0.7106038441612367,1.2,0.8050136106037835,0.44096275369396865,0.4974659373751889,0.6654585130629986,0.6687941377407929,-9.144414269818345
public_input_complements,baseline g,1.0,1,0.7160249586982449,1.2,0.8051547965767296,0.4408647109788342,0.4971129791375521,0.6669968722003718,0.6703402079354315,-9.132344381333011
public_input_complements,baseline g,1.0,1,0.7215460771139571,1.2,0.804965043423095,0.44099648434069666,0.4975873627528098,0.6689917797729341,0.6723451150238138,-9.120163390171365
public_input_complements,baseline g,1.0,1,0.7271688715570458,1.2,0.8050473712506205,0.4409393181555723,0.4973815559654158,0.6706462620763395,0.6740078904542766,-9.107880590974947
public_input_complements,baseline g,1.0,1,0.7328950520291776,1.2,0.8048997845692751,0.441041797450865,0.49775049792459347,0.672626175384433,0.6759977281191267,-9.095534845489912
public_input_complements,baseline g,1.0,1,0.7387263672381705,1.2,0.804958797252141,0.4410008185881015,0.49760297089815825,0.674350444070344,0.6777306397377929,-9.083068896515393
public_input_complements,baseline g,1.0,1,0.7446646054736273,1.2,0.8052580105403307,0.4407930423222673,0.49685496087576675,0.6757705362678279,0.679157850177039,-9.070551838287566
public_input_complements,baseline g,1.0,1,0.7507115955056528,1.2,0.8051000846505411,0.44090270889531036,0.4972497665633294,0.677824373560796,0.68122198237228,-9.05795065375031
public_input_complements,baseline g,1.0,1,0.7568692075072764,1.2,0.8049143239727914,0.4410317163858941,0.49771418342073986,0.6799369786522744,0.6833451769408472,-9.045230394643575
public_input_complements,baseline g,1.0,1,0.7631393540012239,1.2,0.8050781155971167,0.4409179481209761,0.49730465234419174,0.6815956996813466,0.6850122123436775,-9.032456109984905
public_input_complements,baseline g,1.0,1,0.7695239908317001,1.2,0.8046733132345911,0.44119907519340634,0.49831668918316674,0.6840483384226078,0.6874771449877898,-9.019565604149259
public_input_complements,baseline g,1.0,1,0.7760251181618615,1.2,0.80503502933204,0.44094788368003507,0.4974123994168359,0.6854748930934543,0.6889108502936809,-9.006579621930952
public_input_complements,baseline g,1.0,1,0.7826447814976824,1.2,0.8047835289735245,0.44112253209805113,0.4980411403582662,0.68776057440787,0.6912079886333631,-8.993540812370712
public_input_complements,baseline g,1.0,1,0.7893850727389358,1.2,0.8046793895033324,0.4411948536882568,0.4983014944633024,0.6898650579723088,0.6933230209655669,-8.980386563253115
public_input_complements,baseline g,1.0,1,0.7962481312580323,1.2,0.804988316394299,0.4409803155305049,0.49752916515159157,0.6914178528510183,0.6948835992609963,-8.967179327545637
public_input_complements,baseline g,1.0,1,0.8032361450074849,1.2,0.8049987682108896,0.44097306294433913,0.497503047748883,0.6934022952535962,0.6968779887225115,-8.953908962265603
public_input_complements,baseline g,1.0,1,0.8103513516567865,1.2,0.8049048360960609,0.44103828878599155,0.49773786768168105,0.6955522476245249,0.6990387177745463,-8.940541484504415
public_input_complements,baseline g,1.0,1,0.8175960397595149,1.2,0.8049204505121287,0.44102743934423755,0.4976988184714245,0.6975691934237852,0.7010657735566975,-8.927087925991994
public_input_complements,baseline g,1.0,1,0.8249725499515008,1.2,0.8046170396771429,0.4412381736740598,0.49845741545882627,0.7000551218807034,0.703564162781861,-8.913541287378687
public_input_complements,baseline g,1.0,1,0.8324832761809209,1.2,0.804905401166401,0.44103791250324,0.4977364898405974,0.7017272526431466,0.7052446751346306,-8.899951227356407
public_input_complements,baseline g,1.0,1,0.8401306669712053,1.2,0.80464992556405,0.4412153153513851,0.4983751555949419,0.7041881896793803,0.7077179476690921,-8.886265929125166
public_input_complements,baseline g,1.0,1,0.8479172267176741,1.2,0.8050574301410676,0.4409323193379945,0.4973563796290006,0.7057260523802852,0.7092635189388642,-8.87251019211884
public_input_complements,baseline g,1.0,1,0.8558455170188431,1.2,0.8046040072976737,0.4412472070104713,0.4984899598449444,0.7085123768753296,0.712063809943561,-8.85869606688291
public_input_complements,baseline g,1.0,1,0.8639181580433734,1.2,0.8048556160079969,0.4410724714333884,0.49786092228812207,0.7103096423609163,0.7138700842598842,-8.844795009139249
public_input_complements,baseline g,1.0,1,0.8721378299336601,1.2,0.8047229147273323,0.4411646317064023,0.4981926897584968,0.7126787842978748,0.7162511015702205,-8.830858022611151
public_input_complements,baseline g,1.0,1,0.8805072742470966,1.2,0.8044298640260694,0.4413681494427488,0.4989253387702681,0.7153016663431707,0.7188871308664804,-8.816802563683606
public_input_complements,baseline g,1.0,1,0.88902929543607,1.2,0.804883138906608,0.44105338428443563,0.4977921711477731,0.7168610773121389,0.7204543584154587,-8.802704210682386
public_input_complements,baseline g,1.0,1,0.8977067623677852,1.2,0.8046080593307878,0.4412443970438353,0.4984798382838964,0.7195001978802604,0.7231067076304785,-8.788541405561157
public_input_complements,baseline g,1.0,1,0.9065426098850453,1.2,0.804752480584124,0.4411441074357476,0.49811879147709104,0.7215460783022081,0.725162843070717,-8.774276751170689
public_input_complements,baseline g,1.0,1,0.9155398404091444,1.2,0.8048782020962649,0.44105678020705386,0.4978044431509715,0.7236373478829932,0.7272645951838984,-8.760008508245324
public_input_complements,baseline g,1.0,1,0.9247015255860773,1.2,0.8043775824453474,0.44140444065765533,0.4990560093751881,0.7266753464678757,0.7303178218000584,-8.745645366882579
public_input_complements,baseline g,1.0,1,0.9340308079772923,1.2,0.8047389870381192,0.44115347129031207,0.4981525109489549,0.7284564443307816,0.7321078474531547,-8.731209654455553
public_input_complements,baseline g,1.0,1,0.9435309027962627,1.2,0.8045425944659673,0.44128986532237496,0.4986435146303626,0.7310866162358525,0.7347512031497636,-8.716750115721654
public_input_complements,baseline g,1.0,1,0.9532050996921831,1.2,0.8046687531775782,0.44120223045782747,0.4983280646113292,0.7332545961960836,0.7369300501547681,-8.702187110826852
public_input_complements,baseline g,1.0,1,0.9630567645821445,1.2,0.8044637521186331,0.44134459679196697,0.49884057695201567,0.7359403599458817,0.7396292763513856,-8.687579650213976
public_input_complements,baseline g,1.0,1,0.9730893415331738,1.2,0.8043450293382673,0.4414270435425009,0.49913738471353464,0.7385178258279925,0.7422196618349949,-8.672890193106943
public_input_complements,baseline g,1.0,1,0.9833063546955787,1.2,0.8046145271265343,0.4412398945176682,0.4984636450316292,0.7405258804521235,0.7442377818748162,-8.65819770622197
public_input_complements,baseline g,1.0,1,0.9937114102890687,1.2,0.8046405995606835,0.4412217951906375,0.4983984780510936,0.7429221326048047,0.7466460452913969,-8.643435803667328
public_input_complements,baseline g,1.0,1,1.0043081986431819,1.2,0.8046483154640837,0.4412164475381223,0.49837921121826045,0.7453659867701625,0.749102149326736,-8.628619735640802
public_input_complements,baseline g,1.0,1,1.0151004962935855,1.2,0.8043717649765209,0.4414085009550619,0.499070597086413,0.7482682347000821,0.7520189448349435,-8.613733680553267
public_input_complements,baseline g,1.0,1,1.0260921681358672,1.2,0.8044064227305603,0.4413844151839159,0.4989839140666981,0.7507115960353793,0.7544745535699009,-8.59879303395283
public_input_complements,baseline g,1.0,1,1.037287169638491,1.2,0.8044745911145527,0.4413370746259333,0.49881349007746334,0.7531219968741155,0.7568970365931209,-8.58380910876859
public_input_complements,baseline g,1.0,1,1.0486895491166357,1.2,0.8042422426837275,0.44149843991831084,0.4993943875398241,0.7560212833171079,0.759810855769886,-8.568750885638153
public_input_complements,baseline g,1.0,1,1.0603034500686892,1.2,0.8046349087468512,0.4412257417141411,0.49841269335569355,0.7579610721173349,0.761760367801937,-8.55367525491711
public_input_complements,baseline g,1.0,1,1.0721331135772334,1.2,0.8042959073435385,0.4414611706533908,0.49926022126778563,0.7610706463924861,0.7648855288830064,-8.53856685550247
public_input_complements,baseline g,1.0,1,1.0841828807763967,1.2,0.8046281517430456,0.44123044350403684,0.49842960622567417,0.7631393552892348,0.766964607226252,-8.52337346321381
public_input_complements,baseline g,1.0,1,1.0964571953875313,1.2,0.8043740032970415,0.4414069342481771,0.4990649746790212,0.766158070862826,0.7699984541746244,-8.508198743135255
public_input_complements,baseline g,1.0,1,1.1089606063252093,1.2,0.8041972765524851,0.4415296513913287,0.499506770452785,0.7690759159537439,0.7729309250249251,-8.492906603790761
public_input_complements,baseline g,1.0,1,1.1216977703756155,1.2,0.804365961938435,0.4414125242281306,0.499085090394327,0.7714602262200034,0.7753271866961294,-8.477617950953002
public_input_complements,baseline g,1.0,1,1.1346734549494641,1.2,0.8041199880261464,0.44158332639210085,0.4996999969807915,0.7745319477763989,0.7784143053209006,-8.462241174216928
public_input_complements,baseline g,1.0,1,1.147892540911644,1.2,0.8044265749206265,0.44137040610761047,0.49893350227181216,0.7767292192984225,0.7806225907122621,-8.446834941083099
public_input_complements,baseline g,1.0,1,1.1613600254898573,1.2,0.804255313763329,0.4414893554155227,0.4993616939342,0.7797215618453929,0.7836299324386677,-8.431443537229079
public_input_complements,baseline g,1.0,1,1.1750810252645967,1.2,0.8041396116732331,0.4415696979686773,0.4996509359391099,0.7826447816451497,0.7865678049386474,-8.415962790344516
public_input_complements,baseline g,1.0,1,1.189060779242872,1.2,0.8043355854648659,0.44143361054082025,0.499161013303306,0.7850754716593992,0.789010678837296,-8.400469724988309
public_input_complements,baseline g,1.0,1,1.2033046520181812,1.2,0.8041513416529515,0.4415615457513041,0.4996215971698652,0.788152383171119,0.7921030134321508,-8.384953341561769
public_input_complements,baseline g,1.0,1,1.217818137019287,1.2,0.8039956502048331,0.4416696809725591,0.5000108606958946,0.7912040138262675,0.7951699404496134,-8.369365841693588
public_input_complements,baseline g,1.0,1,1.2326068598504607,1.2,0.804099602665901,0.44159749063677767,0.49975097710953886,0.7938433434642068,0.797822499782418,-8.353759338651304
public_input_complements,baseline g,1.0,1,1.247676581725918,1.2,0.8043533993223846,0.44142124825944723,0.4991164969180215,0.7962481326592671,0.8002393430334809,-8.33808639836533
public_input_complements,baseline g,1.0,1,1.2630332030012734,1.2,0.8040306622664442,0.44164535994499415,0.49992331521474337,0.7996422783210246,0.8036505019211678,-8.32243546124587
public_input_complements,baseline g,1.0,1,1.2786827668049243,1.2,0.8039196864789451,0.44172244053084386,0.5002007850676777,0.8027013204113436,0.8067248775237743,-8.306733775845881
public_input_complements,baseline g,1.0,1,1.294631462772364,1.2,0.8042267310538671,0.4415092055394805,0.4994331529114109,0.8050682537097174,0.809103675124679,-8.291020627070138
public_input_complements,baseline g,1.0,1,1.31088563088653,1.2,0.8040494124261925,0.44163233058794354,0.49987642164376545,0.8082797224385305,0.8123312414074845,-8.27525586353419
public_input_complements,baseline g,1.0,1,1.3274517654273796,1.2,0.8043979362431175,0.44139031176807525,0.4990051371759252,0.810606626444775,0.8146698090685982,-8.259472024644413
public_input_complements,baseline g,1.0,1,1.3443365190339982,1.2,0.8038224238001217,0.44178997754221716,0.5004439276910675,0.8145476956888661,0.8186306330044836,-8.243676675565192
public_input_complements,baseline g,1.0,1,1.3615467068826452,1.2,0.8038171479144951,0.44179364304470314,0.5004571210620636,0.8175248611149382,0.8216227215343557,-8.227808696478867
public_input_complements,baseline g,1.0,1,1.3790893109842512,1.2,0.8040714934471234,0.4416170042032109,0.49982123563181236,0.82006693038815,0.8241775329828257,-8.211984251782965
public_input_complements,baseline g,1.0,1,1.3969714846049992,1.2,0.8037640620235831,0.4418305060735531,0.5005898310952916,0.8236109869472172,0.827739354199322,-8.196083534655175
public_input_complements,baseline g,1.0,1,1.4152005568137338,1.2,0.8041072641681017,0.44159217563847014,0.49973183521099385,0.8260296914929516,0.8301701825520446,-8.18018698226429
public_input_complements,baseline g,1.0,1,1.4337840371600625,1.2,0.8040328178345133,0.4416438531447466,0.4999179049581395,0.8292027982502381,0.8333591945731413,-8.164258597148748
public_input_complements,baseline g,1.0,1,1.4527296204871472,1.2,0.8039094801397927,0.44172952213735833,0.5002262876769014,0.8324832748920721,0.8366561146725711,-8.148296249940659
public_input_complements,baseline g,1.0,1,1.4720451918832933,1.2,0.8039302281721044,0.4417151068249827,0.5001744025698585,0.8355260064762481,0.8397140980122823,-8.132381874516476
public_input_complements,baseline g,1.0,1,1.4917388317766058,1.2,0.8036412152112551,0.44191580585443263,0.5008969254343194,0.8391454278807182,0.8433516618420415,-8.116405167931916
public_input_complements,baseline g,1.0,1,1.5118188211770927,1.2,0.8040578998461179,0.4416264622878616,0.49985525869566333,0.8415096644081018,0.845727749154335,-8.100412015552672
public_input_complements,baseline g,1.0,1,1.5322936470707536,1.2,0.8037142375779169,0.4418650949570202,0.5007143675292467,0.8452700365382994,0.8495069702282744,-8.08442096274538
public_input_complements,baseline g,1.0,1,1.5531720079703377,1.2,0.8038010281621149,0.44180483611500104,0.5004974178462875,0.8482668294220301,0.8525187845988461,-8.068357944929733
public_input_complements,baseline g,1.0,1,1.5744628196276003,1.2,0.8040420160054046,0.44163748437850814,0.4998949502521731,0.8509961117565683,0.8552617475180173,-8.052354141243535
public_input_complements,baseline g,1.0,1,1.5961752209120554,1.2,0.8034104454701491,0.44207606454326137,0.5014738539432956,0.8553536359583175,0.8596411139007231,-8.036299042570807
public_input_complements,baseline g,1.0,1,1.618318579861377,1.2,0.8039186934055542,0.4417231136458929,0.5002032320695746,0.8576218834382764,0.8619207310184895,-8.020247964218413
public_input_complements,baseline g,1.0,1,1.6409024999087747,1.2,0.8037501692556897,0.44184016509117385,0.5006245873412458,0.8611635356394776,0.8654801358252261,-8.004225879352983
public_input_complements,baseline g,1.0,1,1.6639368262928396,1.2,0.8040114445356438,0.44165871878854984,0.49997138804762387,0.8639181601366166,0.8682485679351168,-7.9881365422100625
public_input_complements,baseline g,1.0,1,1.6874316526555453,1.2,0.8037104834218587,0.4418677039906863,0.5007237571980236,0.8677484037160458,0.8720980106903845,-7.972073584773006
public_input_complements,baseline g,1.0,1,1.7113973278342638,1.2,0.8035845585186207,0.4419551608045631,0.5010385888192358,0.871269627741168,0.8756368849243832,-7.955956540435448
public_input_complements,baseline g,1.0,1,1.7358444628538618,1.2,0.8037288573228898,0.4418549496152817,0.5006778338461186,0.874295202264018,0.8786776252026408,-7.939881055417776
public_input_complements,baseline g,1.0,1,1.7607839381251333,1.2,0.8035857388171117,0.441954355403442,0.5010356688543232,0.877887122328753,0.8822875498416255,-7.923790220741619
public_input_complements,baseline g,1.0,1,1.7862269108560356,1.2,0.8039566811129516,0.4416967580994943,0.5001083163819563,0.8805072758831104,0.884920836970329,-7.907693622032976
public_input_complements,baseline g,1.0,1,1.8121848226824113,1.2,0.8034137212161756,0.4420737920671197,0.5014656696488031,0.8849103493800009,0.8893459809649682,-7.891617337837081
public_input_complements,baseline g,1.0,1,1.8386694075250942,1.2,0.8035707890480885,0.4419647245604497,0.501073016002483,0.8879769751745301,0.8924279782852602,-7.875524394227199
public_input_complements,baseline g,1.0,1,1.8656926996805347,1.2,0.8035409904861436,0.4419854012985867,0.5011474763188036,0.8914236521656447,0.8958919318166885,-7.859437970201974
public_input_complements,baseline g,1.0,1,1.8932670421523103,1.2,0.8035497980758564,0.4419792879701775,0.5011254639397271,0.8948120399742638,0.8992973039898782,-7.843318439803143
public_input_complements,baseline g,1.0,1,1.921405095231136,1.2,0.8038162020003221,0.4417943003484723,0.5004594867523782,0.8977067640111194,0.9022065378913507,-7.827217404801903
public_input_complements,baseline g,1.0,1,1.9501198453312445,1.2,0.8035544857512428,0.4419760445150416,0.501113770401247,0.9016649246213408,0.9061845388641955,-7.811135580808466
public_input_complements,baseline g,1.0,1,1.979424614091259,1.2,0.8034595190308091,0.4420419946381198,0.5013511893875298,0.9053113078646022,0.9098491996795253,-7.795029474516822
public_input_complements,baseline g,1.0,1,2.009333067747975,1.2,0.8037238446056088,0.4418584397679861,0.5006903852932414,0.9082531612590715,0.9128057991754996,-7.778976038060468
public_input_complements,baseline g,1.0,1,2.0398592267917226,1.2,0.8033596705079373,0.4421113379829271,0.5016008195351853,0.9124777720161792,0.9170515858821501,-7.7629242403038665
public_input_complements,baseline g,1.0,1,2.071017475912293,1.2,0.803578955122309,0.4419590686344874,0.5010526331281838,0.9155398419380725,0.9201290044934,-7.746830920518831
public_input_complements,baseline g,1.0,1,2.1028225742447084,1.2,0.8036338165279784,0.4419209411328282,0.5009154163189307,0.9189495210746061,0.9235557747177292,-7.730810793348478
public_input_complements,baseline g,1.0,1,2.135289665924415,1.2,0.8030114905593729,0.4423531313182849,0.5024712730881226,0.9237658363987499,0.9283962319229008,-7.714744893486171
public_input_complements,baseline g,1.0,1,2.168434290961828,1.2,0.8036908985410705,0.44188130516168034,0.5007727206081591,0.9259226061573289,0.9305638125348835,-7.698696938641598
public_input_complements,baseline g,1.0,1,2.2022723964464688,1.2,0.8031453486187596,0.4422601498328701,0.5021365750202398,0.9306250042267895,0.9352897814727564,-7.6826804642852915
public_input_complements,baseline g,1.0,1,2.23682034809129,1.2,0.8032339998524112,0.44219860800587263,0.5019149934402738,0.9340308090423542,0.9387126579560023,-7.666588227613255
public_input_complements,baseline g,1.0,1,2.2720949421281498,1.2,0.8037424987442923,0.44184549153063096,0.5006437629618707,0.936568016067886,0.9412625827846742,-7.650651315865316
public_input_complements,baseline g,1.0,1,2.308113417565749,1.2,0.8031383473031027,0.44226504445306863,0.5021541487155256,0.9414591388845789,0.9461782224565116,-7.634686118979191
public_input_complements,baseline g,1.0,1,2.344893468821764,1.2,0.8035582538857281,0.44197342404022577,0.5011043420411597,0.9442053605341517,0.9489382095993876,-7.618702946322335
public_input_complements,baseline g,1.0,1,2.382453258741261,1.2,0.8032002494581929,0.4422220408433799,0.5019993587635077,0.9486173986894619,0.9533723631879837,-7.60278181803742
public_input_complements,baseline g,1.0,1,2.4208114320139376,1.2,0.8029985510530095,0.4423621003779288,0.5025035857633167,0.952716916222584,0.9574924296382539,-7.586800379275033
public_input_complements,baseline g,1.0,1,2.4599871290031343,1.2,0.8035360795727968,0.44198883154465385,0.5011597965636556,0.9552422470846702,0.9600304187739633,-7.570882708855773
public_input_complements,baseline g,1.0,1,2.5,1.2,0.8029413299715762,0.44240184909133207,0.5026466640657012,0.9602246918859552,0.9650378381837454,-7.5549788985611155
public_input_complements,baseline g,1.0,2,0.5,1.2,0.7261570906154159,0.5197373596651667,0.802607241105182,0.7143787358086764,0.7179595741234299,-9.209093788989529
public_input_complements,baseline g,1.0,2,0.5000203210855501,1.2,0.7261541196623609,0.5197393255371023,0.8026146706557873,0.7143926655957482,0.7179735737338501,-9.208869187152986
public_input_complements,baseline g,1.0,2,0.5000812892976928,1.2,0.7261452129225152,0.5197452352316525,0.8026369805828726,0.7144344622500411,0.7180155798947445,-9.208195366757923
public_input_complements,baseline g,1.0,2,0.5001829195049198,1.2,0.7261303478263373,0.5197550625280355,0.8026741339872473,0.7145041176993085,0.7180855844934043,-9.207072283156279
public_input_complements,baseline g,1.0,2,0.5003252364947652,1.2,0.7261095333751227,0.5197688205366421,0.8027261516019816,0.714601642941644,0.7181835985830513,-9.205499861934848
public_input_complements,baseline g,1.0,2,0.5005082749838822,1.2,0.7260797623986915,0.5197885050827267,0.8028005671289328,0.7147292856604487,0.7183118811136466,-9.203477998929664
public_input_complements,baseline g,1.0,2,0.500732079632158,1.2,0.7260470588096191,0.5198101430279495,0.8028823455777705,0.7148825827158719,0.7184659465737577,-9.201006560232429
public_input_complements,baseline g,1.0,2,0.5009967050608752,1.2,0.7260084761116186,0.5198356517787587,0.8029787821226064,0.7150637143975639,0.7186479861817825,-9.198085382198975
public_input_complements,baseline g,1.0,2,0.5013022158749305,1.2,0.7259642858524612,0.5198648701274113,0.8030892395965078,0.7152725035968934,0.7188578219413289,-9.194714271458707
public_input_complements,baseline g,1.0,2,0.5016486866891229,1.2,0.7259453094017072,0.5198774404127736,0.8031367254544635,0.7154860436124392,0.719072432330657,-9.190893056256012
public_input_complements,baseline g,1.0,2,0.502036202158526,1.2,0.7260081271722993,0.5198358941061969,0.8029796806605554,0.7156621583425617,0.7192494298395378,-9.186623763730712
public_input_complements,baseline g,1.0,2,0.502464857012963,1.2,0.7261702524295615,0.519728672658188,0.8025743771592091,0.7157876985027878,0.7193755992724357,-9.181914837593382
public_input_complements,baseline g,1.0,2,0.5029347560956027,1.2,0.7262138752087055,0.519699809379229,0.8024652924633862,0.7160249586551135,0.7196140486962241,-9.176759928824499
public_input_complements,baseline g,1.0,2,0.5034460144056994,1.2,0.7265892827255065,0.5194515291335993,0.8015267853494967,0.7160379095637182,0.7196270645215282,-9.171172241857207
public_input_complements,baseline g,1.0,2,0.5039987571454999,1.2,0.7265296780968644,0.5194909412894781,0.8016757767476721,0.7163991052512835,0.7199900707100118,-9.165147814810645
public_input_complements,baseline g,1.0,2,0.5045931197713469,1.2,0.7264469234372748,0.5195456825309785,0.8018826845429845,0.7168011964451423,0.7203941773943672,-9.158676455183034
public_input_complements,baseline g,1.0,2,0.5052292480490046,1.2,0.7263550525261779,0.5196064445400432,0.8021123636906404,0.7172337096237608,0.7208288585543154,-9.151756512928166
public_input_complements,baseline g,1.0,2,0.5059072981132409,1.2,0.7262571665526532,0.5196711813566888,0.8023570727643172,0.7176943599425865,0.7212918178924732,-9.144387532460424
public_input_complements,baseline g,1.0,2,0.5066274365316988,1.2,0.7261503613157754,0.5197418191276242,0.8026240844656762,0.7181853578759481,0.7217852769632177,-9.13656902916243
public_input_complements,baseline g,1.0,2,0.507389840373095,1.2,0.7261715920264489,0.519727777397111,0.8025710071101988,0.7186041013027772,0.7222061193502085,-9.12830141329512
public_input_complements,baseline g,1.0,2,0.5081946972797818,1.2,0.7261774324971679,0.519723895150375,0.8025563617038827,0.719057959632761,0.7226622526545387,-9.119601469597349
public_input_complements,baseline g,1.0,2,0.5090422055447187,1.2,0.7260591866550278,0.5198021264351309,0.8028520360998493,0.719628637868831,0.723235791427171,-9.110452202497498
public_input_complements,baseline g,1.0,2,0.5099325741928927,1.2,0.7259492562959489,0.5198748199379579,0.8031268353233396,0.7202168344287974,0.7238269363346634,-9.100854269924742
public_input_complements,baseline g,1.0,2,0.5108660230672385,1.2,0.7258169627320948,0.5199623181463029,0.8034575748237202,0.7208456657204475,0.7244589196562802,-9.09080512592858
public_input_complements,baseline g,1.0,2,0.5118427829191048,1.2,0.7256811344878842,0.5200521416664077,0.8037971228115284,0.721501018153545,0.7251175570571187,-9.080304148111628
public_input_complements,baseline g,1.0,2,0.5128630955033207,1.2,0.7261000288857428,0.5197751065139438,0.8027499126878818,0.7217623930618996,0.7253802421126537,-9.069386091280734
public_input_complements,baseline g,1.0,2,0.5139272136779165,1.2,0.7262827134533969,0.5196542795248107,0.8022931925088737,0.7222248426676338,0.7258450097566829,-9.058055210988213
public_input_complements,baseline g,1.0,2,0.5150354015085564,1.2,0.7261730711732854,0.519726794976967,0.802567299834476,0.7229317124971564,0.7265554227859709,-9.046294158240734
public_input_complements,baseline g,1.0,2,0.5161879343777439,1.2,0.7262876669215238,0.5196509946752066,0.802280789001845,0.7234928146042924,0.7271193374291232,-9.03410162092901
public_input_complements,baseline g,1.0,2,0.5173850990988615,1.2,0.7261197484215185,0.5197620727867629,0.8027006326588599,0.7242916433459027,0.7279221703164639,-9.02147279446239
public_input_complements,baseline g,1.0,2,0.5186271940351138,1.2,0.7259424476705043,0.519879325165014,0.8031438618037476,0.7251216724816946,0.7287563599906128,-9.008392622020112
public_input_complements,baseline g,1.0,2,0.5199145292234401,1.2,0.7257626116592609,0.5199982586616463,0.8035934389853528,0.7259777924601408,0.7296167712883093,-8.994860258449435
public_input_complements,baseline g,1.0,2,0.5212474265034702,1.2,0.7256016688855458,0.5201047002917224,0.8039957913760807,0.7268437745681815,0.7304870941497302,-8.980876682251349
public_input_complements,baseline g,1.0,2,0.5226262196515982,1.2,0.7259831396790803,0.5198524109150628,0.8030421282762823,0.7273211552462363,0.7309668677083918,-8.966471151924534
public_input_complements,baseline g,1.0,2,0.5240512545202515,1.2,0.7260403329459355,0.5198145927184986,0.8028991633396196,0.7280688334421327,0.7317182936568412,-8.951668195600265
public_input_complements,baseline g,1.0,2,0.5255228891824385,1.2,0.7261772521865864,0.5197240307749296,0.8025568496109539,0.7287793929414637,0.7324324148504844,-8.93645965907053
public_input_complements,baseline g,1.0,2,0.5270414940816569,1.2,0.7259668351227835,0.5198632021194207,0.8030829072840628,0.729779528499459,0.7334375636088265,-8.920824441443447
public_input_complements,baseline g,1.0,2,0.5286074521872524,1.2,0.7258231928834724,0.5199581952413699,0.8034419939239545,0.7307529648825873,0.7344158793621306,-8.904746393840096
public_input_complements,baseline g,1.0,2,0.5302211591553182,1.2,0.7256029613214525,0.5201038676381717,0.803992610481921,0.7318095747180379,0.7354777854764215,-8.888215353931969
public_input_complements,baseline g,1.0,2,0.5318830234952302,1.2,0.7256370413288162,0.5200813229907222,0.8039073992141419,0.7326954120522835,0.7363680630887831,-8.871234291209156
public_input_complements,baseline g,1.0,2,0.5335934667419154,1.2,0.7260108954771312,0.5198340420081642,0.8029727117973855,0.7333435766058727,0.7370194765807174,-8.853891695416852
public_input_complements,baseline g,1.0,2,0.5353529236339561,1.2,0.7257712146032244,0.5199925902628865,0.8035719801130022,0.7344883782523995,0.7381700165693773,-8.836134778293621
public_input_complements,baseline g,1.0,2,0.537161842297634,1.2,0.7258702621037891,0.5199270719590667,0.8033243370993743,0.735396152253915,0.7390823408070111,-8.817947707281755
public_input_complements,baseline g,1.0,2,0.5390206844370244,1.2,0.725618887827983,0.5200933204304932,0.8039527629083758,0.7365992758254096,0.7402914950605042,-8.799339116617496
public_input_complements,baseline g,1.0,2,0.5409299255302531,1.2,0.7257043383471659,0.5200368055097665,0.8037391365489847,0.737566121185453,0.7412631867530824,-8.780287528364966
public_input_complements,baseline g,1.0,2,0.5428900550320312,1.2,0.7255719312012883,0.5201243750658986,0.8040701514481696,0.7387263673156245,0.7424292486411835,-8.760828483011206
public_input_complements,baseline g,1.0,2,0.5449015765825912,1.2,0.7257639020631068,0.5199974189370762,0.803590244086182,0.7396587627849709,0.7433663177622694,-8.741007575738134
public_input_complements,baseline g,1.0,2,0.5469650082231464,1.2,0.7255152819545267,0.5201618610750685,0.8042118189637286,0.7409588282336569,0.7446728998161355,-8.720744303614035
public_input_complements,baseline g,1.0,2,0.5490808826180046,1.2,0.7255814139081257,0.5201181190419154,0.8040464800789388,0.7420379931965907,0.7457574741159567,-8.700050259046535
public_input_complements,baseline g,1.0,2,0.5512497472834679,1.2,0.725564879458904,0.5201290371305674,0.8040877767532228,0.7432062008677857,0.7469315374524716,-8.678973731503053
public_input_complements,baseline g,1.0,2,0.5534721648236569,1.2,0.725306570841703,0.5202998790197646,0.8047335547751233,0.744588833417473,0.7483211004766552,-8.657463100559335
public_input_complements,baseline g,1.0,2,0.5557487131734017,1.2,0.7256532382205323,0.5200705916930015,0.8038668637391952,0.7455208594903214,0.7492577983496352,-8.635598939953033
public_input_complements,baseline g,1.0,2,0.5580799858483445,1.2,0.7253507598334006,0.5202706492299622,0.804623072620154,0.7469883416304787,0.7507326362746309,-8.613308069329829
public_input_complements,baseline g,1.0,2,0.5604665922024078,1.2,0.7253280722475988,0.5202856602702286,0.8046798052452799,0.7482603582447629,0.7520110288987277,-8.590590488365201
public_input_complements,baseline g,1.0,2,0.5629091576927818,1.2,0.7253784541664055,0.5202523287885514,0.8045538275260293,0.7494992718003244,0.7532561525343295,-8.56749951917251
public_input_complements,baseline g,1.0,2,0.5654083241525933,1.2,0.7254932425986451,0.5201764288549264,0.8042668980443282,0.7507115958304657,0.7544745533639602,-8.543981595808965
public_input_complements,baseline g,1.0,2,0.5679647500714233,1.2,0.7253395163647696,0.520278084236929,0.8046511786845856,0.7521620741582373,0.7559323022446058,-8.520124290589553
public_input_complements,baseline g,1.0,2,0.5705791108838415,1.2,0.7253648892044842,0.5202612995174365,0.8045877381010618,0.7534950432527611,0.757271952874521,-8.495859857312762
public_input_complements,baseline g,1.0,2,0.5732520992661372,1.2,0.7250308127721492,0.5204822619779339,0.805422957393805,0.7551403363278686,0.7589254930154872,-8.471166406827981
public_input_complements,baseline g,1.0,2,0.5759844254414287,1.2,0.725070189410302,0.5204562201067604,0.8053245177918307,0.7565124714635428,0.7603045060071508,-8.446072613367338
public_input_complements,baseline g,1.0,2,0.578776817493336,1.2,0.7253309684810985,0.5202837270525005,0.8046725244739728,0.7577313829762848,0.7615295273392763,-8.420638983973872
public_input_complements,baseline g,1.0,2,0.5816300216884137,1.2,0.725262886633894,0.5203287651810229,0.8048427527966658,0.7592393906475946,0.7630450939304946,-8.394849554418219
public_input_complements,baseline g,1.0,2,0.5845448028075416,1.2,0.7249826570441136,0.5205141105733107,0.8055433457361549,0.7609442207120325,0.7647584694911922,-8.36862295874386
public_input_complements,baseline g,1.0,2,0.5875219444864789,1.2,0.7248747561360698,0.5205854840668214,0.8058131217274813,0.7625357175873714,0.7663579437778165,-8.34195013859636
public_input_complements,baseline g,1.0,2,0.5905622495657936,1.2,0.7255063647228782,0.5201677277059094,0.8042340417141244,0.7635517644648329,0.7673790836114454,-8.314987047416103
public_input_complements,baseline g,1.0,2,0.5936665404503856,1.2,0.7251657062331794,0.5203930341857199,0.8050856953000333,0.7653829061866959,0.7692194039693857,-8.28770352189505
public_input_complements,baseline g,1.0,2,0.5968356594788269,1.2,0.7247872568158499,0.5206433321072552,0.8060318204034053,0.7672715139949067,0.7711174784636304,-8.25996453055464
public_input_complements,baseline g,1.0,2,0.600070469302753,1.2,0.7247702718665396,0.5206545780131709,0.8060743110673323,0.768891047005009,0.7727451294167283,-8.231783474213117
public_input_complements,baseline g,1.0,2,0.6033718532765401,1.2,0.7253590057245893,0.5202651959062112,0.8046024585906979,0.7700380694612344,0.7738979013469418,-8.203326047016404
public_input_complements,baseline g,1.0,2,0.6067407158575169,1.2,0.7249694586084934,0.5205228258643666,0.80557631045189,0.7720144243391992,0.7758841627449581,-8.17455480996242
public_input_complements,baseline g,1.0,2,0.6101779830169621,1.2,0.7245997720966322,0.5207673382747566,0.8065005511105159,0.7740014654589978,0.777881163949818,-8.145327201104623
public_input_complements,baseline g,1.0,2,0.6136846026621482,1.2,0.7244876882962955,0.5208414661983963,0.8067807570416673,0.7758023045408946,0.7796910297751772,-8.115704175461865
public_input_complements,baseline g,1.0,2,0.6172615450697004,1.2,0.7250702341409307,0.5204561857833115,0.8053243952156199,0.7770517376900296,0.7809467257340348,-8.085781037034788
public_input_complements,baseline g,1.0,2,0.6209098033305457,1.2,0.7247326345626364,0.5206794621144187,0.8061683855128654,0.779091484637088,0.7829966969552131,-8.055542713695546
public_input_complements,baseline g,1.0,2,0.6246303938067362,1.2,0.7246033977195019,0.5207649486862296,0.8064915059008668,0.7809842284802759,0.7848989282163965,-8.024889783985383
public_input_complements,baseline g,1.0,2,0.6284243566004422,1.2,0.724782286829565,0.5206466381699175,0.8060442885398078,0.7826447817951577,0.7865678050894075,-7.993835518258634
public_input_complements,baseline g,1.0,2,0.6322927560354111,1.2,0.7247491966753964,0.5206685184425786,0.8061270031523718,0.7845086912921552,0.7884410574716386,-7.962494002668827
public_input_complements,baseline g,1.0,2,0.6362366811512086,1.2,0.7246898171428026,0.5207077993440331,0.8062754717694646,0.7864208693915172,0.7903628204036105,-7.930834806130474
public_input_complements,baseline g,1.0,2,0.6402572462105554,1.2,0.724283231972519,0.5209766997596448,0.8072919230823554,0.7886534557886002,0.7926065976865794,-7.898776905507012
public_input_complements,baseline g,1.0,2,0.6443555912200942,1.2,0.7244783437196671,0.5208476508745926,0.8068041284639091,0.7904028297826282,0.7943647404542432,-7.86636448830618
public_input_complements,baseline g,1.0,2,0.6485328824649206,1.2,0.7247299513097281,0.5206812499356839,0.806175123544403,0.7921287921675019,0.7960993542615736,-7.833625508476143
public_input_complements,baseline g,1.0,2,0.652790313057229,1.2,0.7243246631716751,0.5209492904453152,0.8071883275583001,0.794441821288754,0.7984239774895444,-7.800594852488606
public_input_complements,baseline g,1.0,2,0.6571291034994325,1.2,0.724542428196608,0.5208052631742046,0.8066439086824881,0.7962481310412541,0.8002393414073576,-7.767130964082764
public_input_complements,baseline g,1.0,2,0.6615505022621248,1.2,0.7243852554145459,0.5209092226549086,0.8070368615667868,0.798402540787271,0.802404550177166,-7.733425587139365
public_input_complements,baseline g,1.0,2,0.6660557863772645,1.2,0.7242848941075991,0.520975594825337,0.807287754956265,0.8005349672859013,0.8045476655081019,-7.699355410128241
public_input_complements,baseline g,1.0,2,0.6706462620469753,1.2,0.7238963533430988,0.521232560408704,0.808259093663842,0.8029442373788794,0.8069690121176769,-7.664918052710178
public_input_complements,baseline g,1.0,2,0.6753232652683625,1.2,0.7243767960588403,0.5209148099339731,0.807057992871411,0.804625742101309,0.808658945417603,-7.630227817242959
public_input_complements,baseline g,1.0,2,0.6800881624747613,1.2,0.7239243696222813,0.5212140477745837,0.8081890907304744,0.8071458760898395,0.8111917116303194,-7.595182402864138
public_input_complements,baseline g,1.0,2,0.6849423511938463,1.2,0.7238120137400217,0.5212883439769858,0.8084699503997821,0.8093969988813591,0.8134541182217886,-7.559768395113906
public_input_complements,baseline g,1.0,2,0.6898872607230374,1.2,0.7243399449978609,0.520939183797156,0.8071501238540888,0.8111117782984383,0.8151774930064651,-7.524103214125416
public_input_complements,baseline g,1.0,2,0.6949243528226603,1.2,0.7238733393226102,0.5212477969334808,0.8083166641225241,0.8137285393081373,0.8178073705853093,-7.48814384711265
public_input_complements,baseline g,1.0,2,0.7000551224273222,1.2,0.7237491970237125,0.5213298902835625,0.8086269941394072,0.8160711476244477,0.8201617212746706,-7.451747404355299
public_input_complements,baseline g,1.0,2,0.7052810983759861,1.2,0.7242555672953315,0.5209949842083654,0.8073610568892415,0.8178799752399224,0.8219796156762988,-7.415143180730356
public_input_complements,baseline g,1.0,2,0.7106038441612367,1.2,0.723794282021164,0.5213000630966285,0.8085142610819895,0.8205769898755504,0.824690149154046,-7.378277896226868
public_input_complements,baseline g,1.0,2,0.7160249586982449,1.2,0.7236309160423567,0.5214081242692075,0.808922709800206,0.8230365593892482,0.8271620473112367,-7.340986816545012
public_input_complements,baseline g,1.0,2,0.7215460771139571,1.2,0.724080080371875,0.5211110522018547,0.8077997860219315,0.8249725503846757,0.8291077425019122,-7.3034261005983785
public_input_complements,baseline g,1.0,2,0.7271688715570458,1.2,0.7237076840627791,0.5213573393231189,0.8087307615220548,0.827675090727299,0.831823829384376,-7.2656674729137105
public_input_complements,baseline g,1.0,2,0.7328950520291776,1.2,0.723511987058449,0.5214867732311831,0.8092200146298745,0.8302467280490654,0.8344083570918608,-7.227525586443895
public_input_complements,baseline g,1.0,2,0.7387263672381705,1.2,0.7237153742928089,0.5213522666522497,0.8087115664744935,0.832483275669542,0.8366561154539381,-7.189028460454518
public_input_complements,baseline g,1.0,2,0.7446646054736273,1.2,0.7235363128282433,0.5214706926117061,0.8091592180151064,0.8350951875003425,0.8392811195472734,-7.150407874528531
public_input_complements,baseline g,1.0,2,0.7507115955056528,1.2,0.7233692109857068,0.5215812103504689,0.8095769740891565,0.8377245041656006,0.8419236157171622,-7.111423669513208
public_input_complements,baseline g,1.0,2,0.7568692075072764,1.2,0.723475006930066,0.5215112282140614,0.8093124586594254,0.8401306673198966,0.8443418398144601,-7.072057053645823
public_input_complements,baseline g,1.0,2,0.7631393540012239,1.2,0.7235686046688157,0.5214493286164814,0.8090784726333644,0.8425745042040893,0.8467979264820118,-7.032565264324372
public_input_complements,baseline g,1.0,2,0.7695239908317001,1.2,0.7231831030771227,0.521704301075483,0.8100422517620729,0.8454902611079688,0.8497282986781931,-6.9927735186767705
public_input_complements,baseline g,1.0,2,0.7760251181618615,1.2,0.7233537489610007,0.5215914297408833,0.8096156136913231,0.847917226640963,0.8521674294265463,-6.952570310298529
public_input_complements,baseline g,1.0,2,0.7826447814976824,1.2,0.7235627539677697,0.5214531994220677,0.8090931023214801,0.8503341351258569,0.8545964527156359,-6.912257899385139
public_input_complements,baseline g,1.0,2,0.7893850727389358,1.2,0.7229904628378017,0.5218317031656028,0.8105238399417858,0.8535123591021587,0.8577906076059151,-6.87165317403482
public_input_complements,baseline g,1.0,2,0.7962481312580323,1.2,0.7232058785077006,0.521689239900488,0.8099853175866064,0.8559780499639774,0.8602686577946113,-6.830638371837347
public_input_complements,baseline g,1.0,2,0.8032361450074849,1.2,0.7233584164548879,0.5215883431233601,0.8096039457488928,0.8585290508333009,0.8628324456090048,-6.789542418832899
public_input_complements,baseline g,1.0,2,0.8103513516567865,1.2,0.7228110324831662,0.521950364381478,0.8109723939340261,0.8617737070198336,0.866093365702354,-6.748137332666211
public_input_complements,baseline g,1.0,2,0.8175960397595149,1.2,0.7232679522874015,0.5216481782487878,0.8098301159808494,0.864088885382872,0.8684201489452302,-6.706378126631174
public_input_complements,baseline g,1.0,2,0.8249725499515008,1.2,0.7231299989307557,0.5217394089372756,0.8101749805389854,0.8670000045440251,0.8713458601519027,-6.664493743696321
public_input_complements,baseline g,1.0,2,0.8324832761809209,1.2,0.7225741334057403,0.5221070561680372,0.8115646699833683,0.8703434769169761,0.8747060917498661,-6.622318091638348
public_input_complements,baseline g,1.0,2,0.8401306669712053,1.2,0.7230271548093861,0.5218074306035254,0.8104320977994097,0.8727408515211942,0.8771154832442957,-6.57986834910787
public_input_complements,baseline g,1.0,2,0.8479172267176741,1.2,0.7225175759555704,0.5221444496163621,0.8117060357743389,0.8760999508078494,0.880491420086194,-6.537210346571255
public_input_complements,baseline g,1.0,2,0.8558455170188431,1.2,0.7226571566707065,0.5220521395767552,0.8113570958893743,0.8788560647685271,0.8832613491255904,-6.494292749708354
public_input_complements,baseline g,1.0,2,0.8639181580433734,1.2,0.7228038184101628,0.5219551391884021,0.810990437269133,0.8816317468564248,0.8860509443778528,-6.45116986467699
public_input_complements,baseline g,1.0,2,0.8721378299336601,1.2,0.722188012564427,0.5223624180201814,0.8125299515053442,0.8851868506052792,0.8896238681584058,-6.407766851198005
public_input_complements,baseline g,1.0,2,0.8805072742470966,1.2,0.7224136917769484,0.5222131699808494,0.8119657777396181,0.8879410213059576,0.8923918441971717,-6.36416225268534
public_input_complements,baseline g,1.0,2,0.88902929543607,1.2,0.722517293020364,0.5221446434783128,0.8117067583884496,0.8908425986795889,0.8953079657879134,-6.320367892470229
public_input_complements,baseline g,1.0,2,0.8977067623677852,1.2,0.7222843359063129,0.5222987235303169,0.8122891690604461,0.8941081763450505,0.8985899122295411,-6.276267138808578
public_input_complements,baseline g,1.0,2,0.9065426098850453,1.2,0.7221172734982508,0.52240919383524,0.8127067781200734,0.8973376222073447,0.9018355457565844,-6.231982926205495
public_input_complements,baseline g,1.0,2,0.9155398404091444,1.2,0.7222138702617857,0.5223453152553332,0.81246530473731,0.9003304414689548,0.9048433665871718,-6.187540593118012
public_input_complements,baseline g,1.0,2,0.9247015255860773,1.2,0.7219717235183429,0.5225054716114086,0.8130706860963319,0.9036942226927774,0.9082240088345453,-6.14281592413039
public_input_complements,baseline g,1.0,2,0.9340308079772923,1.2,0.7222648777670164,0.5223115819077162,0.8123377899996842,0.9065426099548787,0.9110866736972134,-6.097844082004678
public_input_complements,baseline g,1.0,2,0.9435309027962627,1.2,0.7222939439557031,0.5222923705753584,0.8122651525092096,0.909686904071737,0.9142467286539206,-6.0527990615765095
public_input_complements,baseline g,1.0,2,0.9532050996921831,1.2,0.7216450366516358,0.5227215411209484,0.813887418610675,0.9135570907601488,0.9181363147338377,-6.007451528772644
public_input_complements,baseline g,1.0,2,0.9630567645821445,1.2,0.722195781594849,0.5223572827417857,0.8125105356635212,0.9162210023172206,0.920813579203157,-5.961889800374671
public_input_complements,baseline g,1.0,2,0.9730893415331738,1.2,0.721958912060386,0.5225139516460456,0.8131027302728457,0.9197264591311859,0.9243366071925241,-5.916262796983263
public_input_complements,baseline g,1.0,2,0.9833063546955787,1.2,0.7213395008659311,0.5229236086252025,0.814651243496028,0.9236617458867818,0.9282916196550702,-5.87026982842603
public_input_complements,baseline g,1.0,2,0.9937114102890687,1.2,0.7222162723839245,0.5223437441783181,0.812459339412501,0.9260615442181057,0.9307034470255882,-5.824166827808446
public_input_complements,baseline g,1.0,2,1.0043081986431819,1.2,0.721645110257509,0.5227214768441808,0.8138871992250931,0.9300081786084602,0.9346698640031488,-5.777969030255045
public_input_complements,baseline g,1.0,2,1.0151004962935855,1.2,0.7210338235337851,0.5231257703595427,0.8154154236416579,0.9340308076998749,0.9387126566067937,-5.731350775226717
public_input_complements,baseline g,1.0,2,1.0260921681358672,1.2,0.7219007272589809,0.5225524315165091,0.8132481874204619,0.9365145301616942,0.941208828779262,-5.6848075902600215
public_input_complements,baseline g,1.0,2,1.037287169638491,1.2,0.7212778935776363,0.5229643609718077,0.8148052771064236,0.9406119508980162,0.9453267879224946,-5.638005749952498
public_input_complements,baseline g,1.0,2,1.0486895491166357,1.2,0.7217807803543637,0.5226317589953122,0.8135480490470046,0.943533163518836,0.9482626431825107,-5.590877820535468
public_input_complements,baseline g,1.0,2,1.0603034500686892,1.2,0.7215272059332011,0.5227994728725178,0.8141819985416695,0.9472955030048391,0.9520438414736678,-5.543846345360869
public_input_complements,baseline g,1.0,2,1.0721331135772334,1.2,0.7209395561888002,0.5231881306980519,0.8156511242343815,0.9514517137956167,0.9562208853577301,-5.496454156382769
public_input_complements,baseline g,1.0,2,1.0841828807763967,1.2,0.7213984125785291,0.5228846343279538,0.8145039380772705,0.9545002215413916,0.9592846738121709,-5.4489405942436715
public_input_complements,baseline g,1.0,2,1.0964571953875313,1.2,0.7211367117366205,0.5230577116689548,0.8151581783285688,0.9583629062098394,0.9631667202680927,-5.401359107852233
public_input_complements,baseline g,1.0,2,1.1089606063252093,1.2,0.7209253406912841,0.5231975174349158,0.8156866288511051,0.9622013681825238,0.9670244226114829,-5.353484107218437
public_input_complements,baseline g,1.0,2,1.1216977703756155,1.2,0.7210051623777065,0.5231447279233123,0.815487080552366,0.9657478687226224,0.9705887000595166,-5.30553765711213
public_input_complements,baseline g,1.0,2,1.1346734549494641,1.2,0.7208049910700305,0.5232771144935866,0.8159875046014242,0.9696339011260039,0.9744942112813805,-5.257445851657037
public_input_complements,baseline g,1.0,2,1.147892540911644,1.2,0.721016701061783,0.5231371034245251,0.8154582495050402,0.9730893416460898,0.9779669722691517,-5.209135261229713
public_input_complements,baseline g,1.0,2,1.1613600254898573,1.2,0.7209232948867623,0.5231988832088307,0.8156917722308659,0.97691435791993,0.981811161516852,-5.160771366955588
public_input_complements,baseline g,1.0,2,1.1750810252645967,1.2,0.720760582616151,0.5233064896798518,0.8160985359777533,0.980847355137728,0.9857638729652443,-5.112269919144589
public_input_complements,baseline g,1.0,2,1.189060779242872,1.2,0.7208839499631656,0.5232249065678349,0.8157901381326842,0.9844851578501368,0.9894199102396314,-5.063570450180938
public_input_complements,baseline g,1.0,2,1.2033046520181812,1.2,0.7209171822482772,0.5232029266633096,0.8157070554241093,0.988252991804674,0.9932066305404603,-5.01474843213964
public_input_complements,baseline g,1.0,2,1.217818137019287,1.2,0.7203886712034872,0.5235524560548714,0.8170282991289614,0.9926948676822528,0.9976707714135306,-4.965849754548694
public_input_complements,baseline g,1.0,2,1.2326068598504607,1.2,0.7204671958297835,0.5235005247800071,0.8168319943712727,0.9964698889363758,1.0014647150404343,-4.916795475453489
public_input_complements,baseline g,1.0,2,1.247676581725918,1.2,0.7206445419990303,0.5233832293380467,0.8163886221396596,1.000157403739917,1.0051707135888477,-4.867621013478354
public_input_complements,baseline g,1.0,2,1.2630332030012734,1.2,0.7204478263713314,0.5235133276208993,0.8168804006728685,1.0043081996598013,1.0093423154598637,-4.8182870236793365
public_input_complements,baseline g,1.0,2,1.2786827668049243,1.2,0.7204397051675788,0.5235187095968634,0.8169007281981076,1.008268244431623,1.0133222100387083,-4.76892120541121
public_input_complements,baseline g,1.0,2,1.294631462772364,1.2,0.7202603364648017,0.5236373294182706,0.8173491266558359,1.0124589374518065,1.0175339089950708,-4.719407685140201
public_input_complements,baseline g,1.0,2,1.31088563088653,1.2,0.7203436299432695,0.5235822489183565,0.8171409106035632,1.0163683604349367,1.021462928042452,-4.669755010440499
public_input_complements,baseline g,1.0,2,1.3274517654273796,1.2,0.7200549419576093,0.5237731718178003,0.8178626117251616,1.0207490040553575,1.0258655297303978,-4.620077739173681
public_input_complements,baseline g,1.0,2,1.3443365190339982,1.2,0.719826072789536,0.5239245442359217,0.8184347935375347,1.0250897384958262,1.0302280221927946,-4.57018211858955
public_input_complements,baseline g,1.0,2,1.3615467068826452,1.2,0.7203642650378912,0.5235685949117446,0.8170893082219455,1.028536178982941,1.0336917380347417,-4.5203026951520044
public_input_complements,baseline g,1.0,2,1.3790893109842512,1.2,0.7196164141861406,0.5240632167834975,0.8189589614788321,1.0335639583590988,1.0387447192598989,-4.4702858731075645
public_input_complements,baseline g,1.0,2,1.3969714846049992,1.2,0.7199694110474117,0.5238297493460534,0.8180764604694375,1.0372871696409345,1.0424865932159488,-4.420059410481181
public_input_complements,baseline g,1.0,2,1.4152005568137338,1.2,0.719927159819388,0.5238577032218967,0.8181821110878739,1.0415183523070197,1.0467389847734077,-4.370020876004828
public_input_complements,baseline g,1.0,2,1.4337840371600625,1.2,0.7192201684766606,0.5243252779200331,0.8199495618459745,1.046597395206753,1.051843486481622,-4.319639449730826
public_input_complements,baseline g,1.0,2,1.4527296204871472,1.2,0.7202417794124976,0.5236496062098179,0.8173955274713698,1.0495711392618743,1.05483213649085,-4.269279804937376
public_input_complements,baseline g,1.0,2,1.4720451918832933,1.2,0.7194833180382163,0.5241512437420767,0.8192917027688138,1.0547787071422423,1.0600658074138452,-4.21894175395072
public_input_complements,baseline g,1.0,2,1.4917388317766058,1.2,0.719205251791363,0.524335139539865,0.8199868446850509,1.0594217003741304,1.0647320737461579,-4.168260267491308
public_input_complements,baseline g,1.0,2,1.5118188211770927,1.2,0.7198032991587191,0.5239396168520664,0.8184917518617676,1.0629922233508584,1.0683204940437858,-4.117813986114098
public_input_complements,baseline g,1.0,2,1.5322936470707536,1.2,0.7190895520412395,0.5244116711940705,0.8202761182269127,1.0682449215136638,1.0735995214657004,-4.0671723213001885
public_input_complements,baseline g,1.0,2,1.5531720079703377,1.2,0.7194760840667345,0.5241560326910394,0.8193097980765429,1.0721331123680264,1.0775072019578258,-4.016308541658667
public_input_complements,baseline g,1.0,2,1.5744628196276003,1.2,0.7194125452283682,0.5241980495104539,0.8194686310613413,1.0766201916840823,1.0820167728525514,-3.965713783567975
public_input_complements,baseline g,1.0,2,1.5961752209120554,1.2,0.7190670669823667,0.524426536837874,0.8203323185659315,1.0814991570913421,1.0869201941756874,-3.914819218595107
public_input_complements,baseline g,1.0,2,1.618318579861377,1.2,0.719679640929905,0.5240214079680725,0.8188009123416834,1.085168436226578,1.0906078656491274,-3.863897084375237
public_input_complements,baseline g,1.0,2,1.6409024999087747,1.2,0.718968181819976,0.5244919309582886,0.8205795175934225,1.0905828846965142,1.096049454154961,-3.8130666171952896
public_input_complements,baseline g,1.0,2,1.6639368262928396,1.2,0.7186738697037072,0.5246865977790247,0.821315334059121,1.0954877378854493,1.1009788930228182,-3.762015213281985
public_input_complements,baseline g,1.0,2,1.6874316526555453,1.2,0.7192421474586217,0.5243107471645132,0.8198946271104943,1.0992873909254566,1.1047975919029471,-3.7110255158105083
public_input_complements,baseline g,1.0,2,1.7113973278342638,1.2,0.7189604365356623,0.5244970706068146,0.8205989196005934,1.1042326564960045,1.1097676457203227,-3.659988609369494
public_input_complements,baseline g,1.0,2,1.7358444628538618,1.2,0.7188651151945107,0.5245600996902426,0.8208371909029599,1.1089606066958708,1.114519294869188,-3.6088137613695346
public_input_complements,baseline g,1.0,2,1.7607839381251333,1.2,0.7188037913940221,0.5246006723169359,0.8209905334207886,1.113671458090713,1.1192537595049123,-3.557751926561371
public_input_complements,baseline g,1.0,2,1.7862269108560356,1.2,0.7185738731592568,0.5247527346930342,0.8215653291245448,1.1186374515544206,1.124244645114444,-3.506619333695626
public_input_complements,baseline g,1.0,2,1.8121848226824113,1.2,0.7186674571111105,0.5246908192841743,0.821331321025397,1.1231951292761582,1.1288251682908326,-3.455376253272117
public_input_complements,baseline g,1.0,2,1.8386694075250942,1.2,0.7188626452419615,0.5245617333747842,0.8208433660520489,1.1276393750652274,1.1332916909546238,-3.4042004823822687
public_input_complements,baseline g,1.0,2,1.8656926996805347,1.2,0.7181392944704761,0.5250401477427662,0.8226517606101178,1.1333671323379684,1.139048158730172,-3.3529722209662802
public_input_complements,baseline g,1.0,2,1.8932670421523103,1.2,0.7182910679963319,0.5249397726448528,0.8222723363621944,1.1379258109305421,1.1436296877942826,-3.3016923486526686
public_input_complements,baseline g,1.0,2,1.921405095231136,1.2,0.71843208705322,0.5248465118076617,0.8219198017265567,1.1425232599408,1.1482501816136041,-3.2505075550565437
public_input_complements,baseline g,1.0,2,1.9501198453312445,1.2,0.7180370476697846,0.5251077631729457,0.8229073592064562,1.147892540288587,1.1536463755911344,-3.1991392667113208
public_input_complements,baseline g,1.0,2,1.979424614091259,1.2,0.7183146737159843,0.5249241625382136,0.8222133269206843,1.1523506065460207,1.158126787998676,-3.147896116241359
public_input_complements,baseline g,1.0,2,2.009333067747975,1.2,0.7180110080418425,0.5251249813809382,0.8229724497301256,1.1576504859602958,1.1634532331690677,-3.096681629322407
public_input_complements,baseline g,1.0,2,2.0398592267917226,1.2,0.7182401671917927,0.524973431943794,0.8223995764567319,1.1622249205095851,1.1680505971669555,-3.045312854649681
public_input_complements,baseline g,1.0,2,2.071017475912293,1.2,0.7178960312039049,0.5252010283802673,0.8232599011625412,1.1676398563196397,1.17349267545571,-2.9940863267711433
public_input_complements,baseline g,1.0,2,2.1028225742447084,1.2,0.7176484294207631,0.5253647886629501,0.8238789112668078,1.172947336674703,1.1788267596667639,-2.9428171832669467
public_input_complements,baseline g,1.0,2,2.135289665924415,1.2,0.7182170044898686,0.5249887539583964,0.8224574894877748,1.1771058277081001,1.1830060952232095,-2.8915073388775916
public_input_complements,baseline g,1.0,2,2.168434290961828,1.2,0.7177914622346482,0.5252701876350323,0.8235213233216052,1.18272441011447,1.1886528408910917,-2.8402961685700534
public_input_complements,baseline g,1.0,2,2.2022723964464688,1.2,0.7172361844269176,0.5256374400708734,0.8249095296538232,1.1885642096353597,1.1945219125288946,-2.7890063754421637
public_input_complements,baseline g,1.0,2,2.23682034809129,1.2,0.7178177420039143,0.5252528125894274,0.8234556369489071,1.192768926697979,1.198747705823498,-2.737852826551883
public_input_complements,baseline g,1.0,2,2.2720949421281498,1.2,0.7176407468870402,0.5253698684048387,0.823898114655134,1.1981093315705764,1.2041148795869172,-2.686638241634831
public_input_complements,baseline g,1.0,2,2.308113417565749,1.2,0.7175800193984962,0.5254100304253315,0.8240499296061559,1.203304652649073,1.2093362423206908,-2.6353570101927835
public_input_complements,baseline g,1.0,2,2.344893468821764,1.2,0.7174813591412244,0.5254752976614522,0.8242966159549494,1.2085823492093135,1.2146403934450292,-2.5843590376969527
public_input_complements,baseline g,1.0,2,2.382453258741261,1.2,0.7172510363976261,0.5256276198455099,0.8248724054119905,1.2140840916668711,1.2201697135014182,-2.533172123805154
public_input_complements,baseline g,1.0,2,2.4208114320139376,1.2,0.7178497071406098,0.5252316838506217,0.8233757518326001,1.2183598662971369,1.2244669205412082,-2.4820611971198674
public_input_complements,baseline g,1.0,2,2.4599871290031343,1.2,0.7171000579510606,0.5257274759650977,0.8252498575377812,1.2247012769172583,1.2308401176143413,-2.4311189496640004
public_input_complements,baseline g,1.0,2,2.5,1.2,0.7168681002109187,0.5258808802011636,0.8258297360853206,1.2302870795464096,1.2364539191956874,-2.379976490804342
public_input_complements,baseline g,1.0,3,0.5,1.2,0.6544749771925158,0.6047856453934994,1.1978125659649366,0.8322243214249373,0.8363958631957807,-11.981657219376537
public_input_complements,baseline g,1.0,3,0.5000203210855501,1.2,0.6544740954053456,0.6047861714428442,1.197814754458679,0.832239295464054,0.8364109122925808,-11.981008457704709
public_input_complements,baseline g,1.0,3,0.5000812892976928,1.2,0.6544714735121762,0.6047877468899896,1.1978212897625578,0.8322842120775402,0.836456054051529,-11.979062207957659
public_input_complements,baseline g,1.0,3,0.5001829195049198,1.2,0.6544671458256657,0.604790381506844,1.1978321618373347,0.8323590716734927,0.8365312888827678,-11.975818575943613
public_input_complements,baseline g,1.0,3,0.5003252364947652,1.2,0.654461029101268,0.6047940540803494,1.1978474012343194,0.8324638848730459,0.8366366274606701,-11.97127773800948
public_input_complements,baseline g,1.0,3,0.5005082749838822,1.2,0.6544532090921855,0.6047987733507665,1.197866943911118,0.832598644083935,0.836772062154915,-11.965439941031164
public_input_complements,baseline g,1.0,3,0.500732079632158,1.2,0.654443650143762,0.6048045615628008,1.197890880778235,0.8327633759786374,0.8369376197716756,-11.958305502420075
public_input_complements,baseline g,1.0,3,0.5009967050608752,1.2,0.6544323457927192,0.6048113964717468,1.1979191630430992,0.8329580795258726,0.8371332992745028,-11.949874810103424
public_input_complements,baseline g,1.0,3,0.5013022158749305,1.2,0.6544192964430737,0.6048192676681025,1.1979517644444926,0.8331827601014092,0.8373591060661109,-11.94014832252376
public_input_complements,baseline g,1.0,3,0.5016486866891229,1.2,0.6544045050457925,0.6048281926323891,1.1979887254530615,0.8334374387996559,0.837615061346645,-11.929126568632194
public_input_complements,baseline g,1.0,3,0.502036202158526,1.2,0.6543879924509086,0.6048381696953653,1.1980300210723784,0.8337221246067412,0.8379011741472767,-11.916810147871452
public_input_complements,baseline g,1.0,3,0.502464857012963,1.2,0.6543697328518796,0.6048491917860117,1.1980756595445734,0.8340368351758245,0.8382174622096521,-11.903199730168716
public_input_complements,baseline g,1.0,3,0.5029347560956027,1.2,0.6543497463575516,0.6048612632744589,1.198125631616204,0.8343815861409957,0.8385639412462276,-11.888296055919685
public_input_complements,baseline g,1.0,3,0.5034460144056994,1.2,0.6543280368129532,0.6048743754204461,1.1981799117314345,0.8347563913570408,0.8389406251812365,-11.872099935973823
public_input_complements,baseline g,1.0,3,0.5039987571454999,1.2,0.6543045619655898,0.6048885396651229,1.1982385705625753,0.8351612866459889,0.8393475500162662,-11.854612251623273
public_input_complements,baseline g,1.0,3,0.5045931197713469,1.2,0.6542793828900308,0.6049037435356919,1.1983015160526274,0.8355962751443663,0.8397847189035654,-11.83583395457296
public_input_complements,baseline g,1.0,3,0.5052292480490046,1.2,0.6542524530881271,0.6049199978357094,1.1983688215357748,0.8360613965622743,0.8402521717522827,-11.815766066936554
public_input_complements,baseline g,1.0,3,0.5059072981132409,1.2,0.6542238188914853,0.6049373015335273,1.1984404381177964,0.836556666443716,0.840749924184336,-11.794409681202254
public_input_complements,baseline g,1.0,3,0.5066274365316988,1.2,0.6541934634323834,0.6049556431879963,1.1985163542465993,0.8370821098583541,0.8412780013950507,-11.771765960217879
public_input_complements,baseline g,1.0,3,0.507389840373095,1.2,0.6541613551165195,0.6049750227991162,1.1985966015164848,0.8376377626561881,0.8418364394141243,-11.747836137167187
public_input_complements,baseline g,1.0,3,0.5081946972797818,1.2,0.6541275461836131,0.6049954430677764,1.1986811343967434,0.8382236459903972,0.8424252595007673,-11.72262151553883
public_input_complements,baseline g,1.0,3,0.5090422055447187,1.2,0.6540920110095576,0.6050169056632175,1.1987699826578746,0.8388397986033862,0.8430445005915815,-11.69612346910644
public_input_complements,baseline g,1.0,3,0.5099325741928927,1.2,0.6540547529101368,0.605039397475049,1.1988631104178844,0.8394862469392617,0.843694189263225,-11.668343441893285
public_input_complements,baseline g,1.0,3,0.5108660230672385,1.2,0.6540157700813944,0.6050629386846813,1.1989605696113537,0.8401630377202375,0.844374372472108,-11.639282948149207
public_input_complements,baseline g,1.0,3,0.5118427829191048,1.2,0.653976213624575,0.6050868120817078,1.1990594275863868,0.8408695837192204,0.8450844600476489,-11.60894357229804
public_input_complements,baseline g,1.0,3,0.5128630955033207,1.2,0.653933828157391,0.6051124221336224,1.1991654284225266,0.8416071464588514,0.8458257198358973,-11.577326968957266
public_input_complements,baseline g,1.0,3,0.5139272136779165,1.2,0.6538897220287683,0.6051390597326862,1.199275702347224,0.8423751559350344,0.8465975789756001,-11.544434862831825
public_input_complements,baseline g,1.0,3,0.5150354015085564,1.2,0.6538438847355108,0.6051667228156037,1.1993902547384483,0.8431736554134001,0.8474000809492572,-11.510269048721508
public_input_complements,baseline g,1.0,3,0.5161879343777439,1.2,0.6537963685641017,0.6051954292569501,1.1995090777101622,0.844002686924065,0.8482332679976624,-11.47483139147206
public_input_complements,baseline g,1.0,3,0.5173850990988615,1.2,0.6537471413981595,0.6052251507726483,1.1996321331210984,0.8448622875974559,0.8490971774373595,-11.438123825935257
public_input_complements,baseline g,1.0,3,0.5186271940351138,1.2,0.6536962112224121,0.6052559075441082,1.1997594631171524,0.8457525133280132,0.8499918654429607,-11.400148356921989
public_input_complements,baseline g,1.0,3,0.5199145292234401,1.2,0.6536435885144782,0.6052876908310696,1.1998910355098982,0.8466734056660887,0.8509173737730901,-11.360907059164003
public_input_complements,baseline g,1.0,3,0.5212474265034702,1.2,0.6535892602103863,0.6053204918932715,1.2000268416525,0.8476250127573223,0.8518737508147185,-11.320402077263815
public_input_complements,baseline g,1.0,3,0.5226262196515982,1.2,0.6535332345812863,0.6053543151008447,1.2001668841292115,0.848607386716886,0.8528610489442462,-11.278635625646931
public_input_complements,baseline g,1.0,3,0.5240512545202515,1.2,0.653475541659704,0.6053891523511215,1.2003111127804815,0.8496205698358892,0.8538793106647679,-11.235609988514298
public_input_complements,baseline g,1.0,3,0.5255228891824385,1.2,0.6534161722834115,0.6054250171485476,1.2004595703135803,0.8506646259512547,0.8549286001331899,-11.191327519784341
public_input_complements,baseline g,1.0,3,0.5270414940816569,1.2,0.6533551012069339,0.605461891618547,1.2006122375735369,0.8517396071028622,0.8560089696502434,-11.14579064304483
public_input_complements,baseline g,1.0,3,0.5286074521872524,1.2,0.6532923552980039,0.6054997838637873,1.2007691078196436,0.8528455695223727,0.8571204757294514,-11.099001851493782
public_input_complements,baseline g,1.0,3,0.5302211591553182,1.2,0.6532279292805367,0.6055386841123599,1.200930162054565,0.8539825682876374,0.858263173724744,-11.050963707881898
public_input_complements,baseline g,1.0,3,0.5318830234952302,1.2,0.6531618249879467,0.605578596734395,1.2010954093002901,0.8551506660511936,0.859437126602706,-11.001678844450423
public_input_complements,baseline g,1.0,3,0.5335934667419154,1.2,0.6530940791678019,0.6056195156905213,1.2012647978074527,0.8563499137339783,0.8606423855395162,-10.951149962871952
public_input_complements,baseline g,1.0,3,0.5353529236339561,1.2,0.6530246492303617,0.6056614372482017,1.201438360894171,0.8575803822345478,0.8618790217891117,-10.899379834179467
public_input_complements,baseline g,1.0,3,0.537161842297634,1.2,0.652953562990831,0.6057043678408622,1.2016160867258705,0.8588421341049549,0.8631470982170885,-10.846371298704362
public_input_complements,baseline g,1.0,3,0.5390206844370244,1.2,0.6528808163010136,0.6057482895939275,1.201797935050302,0.8601352271172535,0.8644466728850844,-10.79212726600593
public_input_complements,baseline g,1.0,3,0.5409299255302531,1.2,0.652806428035714,0.6057932062399339,1.2019838962642817,0.8614597271594738,0.8657778120113946,-10.736650714797111
public_input_complements,baseline g,1.0,3,0.5428900550320312,1.2,0.6527303774681328,0.6058391308892727,1.2021740236608203,0.8628157153811554,0.8671405971523225,-10.679944692868556
public_input_complements,baseline g,1.0,3,0.5449015765825912,1.2,0.6526527142075915,0.6058860423288858,1.2023682149373602,0.8642032401582012,0.8685350769262562,-10.622012317020513
public_input_complements,baseline g,1.0,3,0.5469650082231464,1.2,0.6525733917204029,0.6059339415904209,1.2025665191902022,0.8656223845438533,0.869961334802744,-10.56285677297091
public_input_complements,baseline g,1.0,3,0.5490808826180046,1.2,0.6524924149049747,0.6059828259729891,1.2027689248119302,0.8670732196489137,0.871419442249032,-10.502481315281868
public_input_complements,baseline g,1.0,3,0.5512497472834679,1.2,0.6524098309116109,0.6060327042168507,1.202975406363046,0.868555814887433,0.8729094690271104,-10.440889267272995
public_input_complements,baseline g,1.0,3,0.5534721648236569,1.2,0.652325613697085,0.6060835632116153,1.2031859573205672,0.8700702452097492,0.8744314904630072,-10.37808402093267
public_input_complements,baseline g,1.0,3,0.5557487131734017,1.2,0.6522397672264169,0.6061353948546151,1.2034005535924468,0.8716165830041943,0.8759855793079028,-10.314069036829398
public_input_complements,baseline g,1.0,3,0.5580799858483445,1.2,0.6521523142687902,0.6061882055792768,1.203619188390133,0.8731949058262702,0.8775718135060473,-10.24884784401734
public_input_complements,baseline g,1.0,3,0.5604665922024078,1.2,0.6520632491691178,0.6062419960231931,1.2038418689524932,0.8748052956938625,0.8791902754864426,-10.182424039940578
public_input_complements,baseline g,1.0,3,0.5629091576927818,1.2,0.6519725926310527,0.606296748705843,1.2040685311542612,0.8764478199498216,0.8808410329294968,-10.114801290338049
public_input_complements,baseline g,1.0,3,0.5654083241525933,1.2,0.6518803093843428,0.6063524706982464,1.2042992278301008,0.878122573412239,0.8825241811285789,-10.0459833291339
public_input_complements,baseline g,1.0,3,0.5679647500714233,1.2,0.6517864269647542,0.6064091609687547,1.2045339288816321,0.8798296336058969,0.8842397979970658,-9.975973958341132
public_input_complements,baseline g,1.0,3,0.5705791108838415,1.2,0.6516909719485264,0.606466799335958,1.2047725576019932,0.8815690687300749,0.8859879520760873,-9.904777047952166
public_input_complements,baseline g,1.0,3,0.5732520992661372,1.2,0.6515939272281237,0.6065254113830449,1.2050151946473595,0.8833409837259917,0.8877687488328821,-9.83239653581948
public_input_complements,baseline g,1.0,3,0.5759844254414287,1.2,0.6514952858033238,0.606584960085677,1.2052617550494973,0.8851454473342415,0.8895822573526083,-9.758836427554812
public_input_complements,baseline g,1.0,3,0.578776817493336,1.2,0.651395086180431,0.6066454824681925,1.2055122922705588,0.886982560851584,0.8914285794397775,-9.684100796399022
public_input_complements,baseline g,1.0,3,0.5816300216884137,1.2,0.651293301297365,0.6067069273642145,1.2057667062753434,0.8888523918526511,0.8933077830077409,-9.608193783113538
public_input_complements,baseline g,1.0,3,0.5845448028075416,1.2,0.6511899719901242,0.60676934594012,1.2060250833251336,0.8907550515176468,0.8952199797939958,-9.53111959584188
public_input_complements,baseline g,1.0,3,0.5875219444864789,1.2,0.6510850802051322,0.6068326799585129,1.2062872968118132,0.8926906035293837,0.8971652338005661,-9.45288250999877
public_input_complements,baseline g,1.0,3,0.5905622495657936,1.2,0.6509786242074631,0.6068969577034702,1.2065534187279565,0.8946591581316788,0.8991436558238681,-9.373486868121688
public_input_complements,baseline g,1.0,3,0.5936665404503856,1.2,0.6508706338465773,0.6069621764741033,1.206823412515095,0.8966608018164057,0.9011553327893178,-9.29293707974893
public_input_complements,baseline g,1.0,3,0.5968356594788269,1.2,0.6507611114778644,0.6070283221283734,1.207097240689015,0.8986956218770791,0.9032003524279905,-9.211237621276721
public_input_complements,baseline g,1.0,3,0.600070469302753,1.2,0.6506500159036488,0.6070953869576676,1.2073749252991974,0.9007637204235247,0.9052788173615394,-9.128393035814412
public_input_complements,baseline g,1.0,3,0.6033718532765401,1.2,0.6505374358147225,0.6071633786705988,1.2076563968030447,0.9028651793597756,0.9073908099045435,-9.044407933044917
public_input_complements,baseline g,1.0,3,0.6067407158575169,1.2,0.650423315863085,0.6072322972671671,1.2079417105485577,0.9050001106231629,0.9095364425554218,-8.959286989065703
public_input_complements,baseline g,1.0,3,0.6101779830169621,1.2,0.6503076699944257,0.607302125266851,1.208230809168432,0.9071686009188195,0.9117158024539187,-8.873034946245127
public_input_complements,baseline g,1.0,3,0.6136846026621482,1.2,0.6501905349478654,0.607372852897742,1.2085236316501256,0.909370736936829,0.9139289767246538,-8.785656613059897
public_input_complements,baseline g,1.0,3,0.6172615450697004,1.2,0.650071898837812,0.60744450304214,1.2088202467188636,0.9116066367585877,0.9161760840409086,-8.697156863927658
public_input_complements,baseline g,1.0,3,0.6209098033305457,1.2,0.6499517642732187,0.607517048447615,1.2091205840706567,0.9138763867409588,0.918457211192412,-8.607540639052344
public_input_complements,baseline g,1.0,3,0.6246303938067362,1.2,0.6498301250850926,0.6075905005553166,1.2094246782943134,0.9161800988528229,0.9207724707092909,-8.516812944243544
public_input_complements,baseline g,1.0,3,0.6284243566004422,1.2,0.649707020146296,0.6076648425223172,1.2097324486791399,0.9185178586323421,0.9231219485584692,-8.424978850751344
public_input_complements,baseline g,1.0,3,0.6322927560354111,1.2,0.649582437881252,0.6077400683092451,1.2100438917989125,0.920889770709926,0.9255057498948186,-8.332043495079228
public_input_complements,baseline g,1.0,3,0.6362366811512086,1.2,0.6494563935366329,0.6078161893572502,1.2103590208267763,0.9232959445391125,0.9279239847205152,-8.238012078803294
public_input_complements,baseline g,1.0,3,0.6402572462105554,1.2,0.6493288790588949,0.6078931800831441,1.2106777802676347,0.9257364739405235,0.9303767473264588,-8.142889868387986
public_input_complements,baseline g,1.0,3,0.6443555912200942,1.2,0.6491999036521396,0.6079710633692258,1.2110002177570167,0.9282114782373612,0.9328641576339614,-8.046682194986271
public_input_complements,baseline g,1.0,3,0.6485328824649206,1.2,0.6490695197665981,0.6080498092621769,1.2113262064406491,0.9307210354575898,0.9353862940621043,-7.9493944542546
public_input_complements,baseline g,1.0,3,0.652790313057229,1.2,0.6489376549935526,0.6081294275339058,1.211655843000669,0.9332652782476102,0.9379432899221811,-7.851032106133513
public_input_complements,baseline g,1.0,3,0.6571291034994325,1.2,0.6488043798894667,0.6082099154835232,1.2119890501716046,0.9358442979093579,0.94053523697378,-7.751600674658496
public_input_complements,baseline g,1.0,3,0.6615505022621248,1.2,0.6486696813943256,0.6082912518979715,1.2123257883202354,0.9384581953816808,0.9431622366617074,-7.651105747739006
public_input_complements,baseline g,1.0,3,0.6660557863772645,1.2,0.6485335591137149,0.6083734492500477,1.2126660888234033,0.9411070895588054,0.9458244084761491,-7.549552976940384
public_input_complements,baseline g,1.0,3,0.6706462620469753,1.2,0.6483960433854561,0.6084564950669548,1.2130098903608593,0.9437910772476146,0.9485218497092348,-7.446948077269607
public_input_complements,baseline g,1.0,3,0.6753232652683625,1.2,0.6482571220124913,0.6085403876794511,1.213357200983265,0.9465102727919693,0.9512546752779764,-7.343296826941165
public_input_complements,baseline g,1.0,3,0.6800881624747613,1.2,0.6481167962817755,0.6086251200165174,1.2137080018392532,0.9492647844637783,0.9540229939969979,-7.238605067149512
public_input_complements,baseline g,1.0,3,0.6849423511938463,1.2,0.6479750854113153,0.6087106877080235,1.2140622628554147,0.9520547182150884,0.9568269123494327,-7.132878701831038
public_input_complements,baseline g,1.0,3,0.6898872607230374,1.2,0.6478319491925286,0.6087971294475488,1.2144201203551823,0.954880221991437,0.9596665790223986,-7.0261236974139445
public_input_complements,baseline g,1.0,3,0.6949243528226603,1.2,0.6476875164151705,0.6088843439339873,1.2147811939168536,0.9577413150756672,0.9625420133953941,-6.918346082599082
public_input_complements,baseline g,1.0,3,0.7000551224273222,1.2,0.647541727218772,0.6089723937748657,1.215145698917994,0.9606381658137068,0.9654533846581848,-6.8095519480594655
public_input_complements,baseline g,1.0,3,0.7052810983759861,1.2,0.647394539913289,0.6090612594263667,1.2155136285018058,0.9635708875942318,0.9684008067678095,-6.699747446215451
public_input_complements,baseline g,1.0,3,0.7106038441612367,1.2,0.6472460390033623,0.6091509288097479,1.215884868160051,0.9665395668345855,0.9713843665747803,-6.588938790965125
public_input_complements,baseline g,1.0,3,0.7160249586982449,1.2,0.6470962009760797,0.6092414140037516,1.2162594714092392,0.9695443326572595,0.974404193848818,-6.477132257402245
public_input_complements,baseline g,1.0,3,0.7215460771139571,1.2,0.6469450612808196,0.6093326931577272,1.2166373485229744,0.9725852780585809,0.9774603820523958,-6.36433418155268
public_input_complements,baseline g,1.0,3,0.7271688715570458,1.2,0.6467925780811337,0.6094247706418044,1.2170185521931085,0.9756625325202439,0.9805530613162378,-6.250550960080319
public_input_complements,baseline g,1.0,3,0.7328950520291776,1.2,0.6466387930962594,0.6095176393849641,1.2174030231359911,0.9787761970960294,0.9836823332006586,-6.13578905000913
public_input_complements,baseline g,1.0,3,0.7387263672381705,1.2,0.64648371102354,0.6096112923161867,1.2177907390898675,0.9819263823759078,0.9868483088499632,-6.020054968422758
public_input_complements,baseline g,1.0,3,0.7446646054736273,1.2,0.6463273192616703,0.6097057152934338,1.2181816775272187,0.9851131989438724,0.9900510994024498,-5.903355292165414
public_input_complements,baseline g,1.0,3,0.7507115955056528,1.2,0.6461696546613069,0.6098009278605219,1.2185758501442292,0.9883367663404192,0.9932908249978136,-5.785696657533719
public_input_complements,baseline g,1.0,3,0.7568692075072764,1.2,0.6460107300920925,0.6098968990324847,1.2189731671045991,0.9915971776197988,0.9965675791567413,-5.6670857599693125
public_input_complements,baseline g,1.0,3,0.7631393540012239,1.2,0.645850541285349,0.6099936358803415,1.2193736502414187,0.9948945548797471,0.9998814845889864,-5.5475293537304795
public_input_complements,baseline g,1.0,3,0.7695239908317001,1.2,0.6456890925552066,0.6100911296638318,1.2197772735297514,0.9982290076595562,1.003232651382909,-5.42703425157294
public_input_complements,baseline g,1.0,3,0.7760251181618615,1.2,0.6455263973584482,0.6101893733119363,1.2201840059484015,1.0016006440131815,1.006621188134087,-5.305607324415654
public_input_complements,baseline g,1.0,3,0.7826447814976824,1.2,0.645362454008815,0.6102883641237657,1.220593842474619,1.0050095787012774,1.0100472101784153,-5.183255501000473
public_input_complements,baseline g,1.0,3,0.7893850727389358,1.2,0.6451972970437063,0.6103880933590597,1.2210067268601976,1.008455912617143,1.013510818914923,-5.059985767549722
public_input_complements,baseline g,1.0,3,0.7962481312580323,1.2,0.6450309442737696,0.6104885653879483,1.2214226521498937,1.011939759480154,1.0170121286330056,-4.935805167409426
public_input_complements,baseline g,1.0,3,0.8032361450074849,1.2,0.6448633658227823,0.6105897616982627,1.2218416022357022,1.015461230289319,1.0205512508880572,-4.810720800692519
public_input_complements,baseline g,1.0,3,0.8103513516567865,1.2,0.6446945915498319,0.6106916795891137,1.2222635405495266,1.0190204301571324,1.024128291319451,-4.684739823913223
public_input_complements,baseline g,1.0,3,0.8175960397595149,1.2,0.6445246187361415,0.61079431302113,1.222688454808345,1.0226174703352298,1.027743361736473,-4.557869449611816
public_input_complements,baseline g,1.0,3,0.8249725499515008,1.2,0.64435346907411,0.6108976592934223,1.2231163166107506,1.0262524572532623,1.0313965691022562,-4.430116945976291
public_input_complements,baseline g,1.0,3,0.8324832761809209,1.2,0.6441811716232244,0.611001706964841,1.2235470684774403,1.0299254888093219,1.0350880118056074,-4.301489636455539
public_input_complements,baseline g,1.0,3,0.8401306669712053,1.2,0.6440076944328905,0.6111064577046275,1.2239807465054038,1.0336366880220325,1.0388178134817851,-4.1719948993594365
public_input_complements,baseline g,1.0,3,0.8479172267176741,1.2,0.6438330685356006,0.6112119011032797,1.224417293804946,1.0373861517952268,1.042586071520354,-4.041640167465282
public_input_complements,baseline g,1.0,3,0.8558455170188431,1.2,0.643657342647584,0.6113180361291499,1.224856659097224,1.0411739777702422,1.0463928840520813,-3.910432927604398
public_input_complements,baseline g,1.0,3,0.8639181580433734,1.2,0.6434804444129902,0.6114248540419778,1.2252988930272823,1.045000291283312,1.0502383770414498,-3.7783807202412762
public_input_complements,baseline g,1.0,3,0.8721378299336601,1.2,0.6433024488976065,0.6115323319594637,1.2257438636897011,1.0488651659279276,1.0541226244508404,-3.6454911390623357
public_input_complements,baseline g,1.0,3,0.8805072742470966,1.2,0.6431233309461228,0.6116404873621288,1.226191639661405,1.052768730596908,1.05804575581915,-3.511771830527324
public_input_complements,baseline g,1.0,3,0.88902929543607,1.2,0.6429431519385038,0.6117493081712304,1.2266421295588321,1.0567110683696725,1.0620078546422358,-3.3772304934463016
public_input_complements,baseline g,1.0,3,0.8977067623677852,1.2,0.6427618634028514,0.6118587835832119,1.2270953550178467,1.0606922933020548,1.0660090355476375,-3.241874878520846
public_input_complements,baseline g,1.0,3,0.9065426098850453,1.2,0.6425795020050931,0.6119689048578129,1.2275512576617138,1.0647124957789886,1.0700493893733456,-3.105712787898049
public_input_complements,baseline g,1.0,3,0.9155398404091444,1.2,0.6423960618142943,0.612079667624903,1.2280098325659643,1.0687717803731633,1.0741290212162231,-2.9687520747024605
public_input_complements,baseline g,1.0,3,0.9247015255860773,1.2,0.6422115840348273,0.6121910691835931,1.2284710318172176,1.0728702382339874,1.078248022682566,-2.831000642570358
public_input_complements,baseline g,1.0,3,0.9340308079772923,1.2,0.6420260588043338,0.6123030980927338,1.2289348368580164,1.0770079677815527,1.082406492685799,-2.6924664451683937
public_input_complements,baseline g,1.0,3,0.9435309027962627,1.2,0.6418395093325748,0.6124157526830835,1.2294012203322042,1.0811850637007276,1.0866045263854003,-2.553157485709639
public_input_complements,baseline g,1.0,3,0.9532050996921831,1.2,0.6416519295547096,0.612529020481845,1.229870157322193,1.0854016201240995,1.090842218385799,-2.413081816458976
public_input_complements,baseline g,1.0,3,0.9630567645821445,1.2,0.6414633531288998,0.6126429041899072,1.2303416208788294,1.089657729272375,1.0951196613699603,-2.2722475382314142
public_input_complements,baseline g,1.0,3,0.9730893415331738,1.2,0.6412737537066526,0.6127573879959904,1.2308155980753872,1.0939534861459197,1.0994369508144406,-2.1306627998813394
public_input_complements,baseline g,1.0,3,0.9833063546955787,1.2,0.6410831843627443,0.6128724708684465,1.2312920332744768,1.0982889716504058,1.1037941680304537,-1.988335797786807
public_input_complements,baseline g,1.0,3,0.9937114102890687,1.2,0.6408916395300697,0.6129881380276436,1.2317708953305968,1.1026642723626607,1.108191400028795,-1.8452747753200938
public_input_complements,baseline g,1.0,3,1.0043081986431819,1.2,0.6406991177254435,0.6131043911428229,1.2322521898733283,1.1070794843528378,1.1126287433611715,-1.7014880223124154
public_input_complements,baseline g,1.0,3,1.0151004962935855,1.2,0.6405056526135948,0.6132212302139843,1.2327358832379418,1.1115346903722785,1.1171062811937176,-1.5569838745143585
public_input_complements,baseline g,1.0,3,1.0260921681358672,1.2,0.6403112302287051,0.6133386198860309,1.2332219015681956,1.1160299592207281,1.1216240826710384,-1.411770713044798
public_input_complements,baseline g,1.0,3,1.037287169638491,1.2,0.6401158766090003,0.6134565867737991,1.2337102849371164,1.1205653925157248,1.126182249920033,-1.2658569638239037
public_input_complements,baseline g,1.0,3,1.0486895491166357,1.2,0.6399196195223018,0.6135751052941005,1.2342009420282438,1.1251410500922678,1.1307808430756237,-1.1192510970165195
public_input_complements,baseline g,1.0,3,1.0603034500686892,1.2,0.6397224468241443,0.6136941771161764,1.2346938891324375,1.1297570227714637,1.1354199534141607,-0.9719616264443465
public_input_complements,baseline g,1.0,3,1.0721331135772334,1.2,0.6395243750842814,0.6138137891296358,1.2351890771137335,1.1344133793949365,1.140099650122337,-0.8239971090090714
public_input_complements,baseline g,1.0,3,1.0841828807763967,1.2,0.6393254139076494,0.6139339244915509,1.2356864545293629,1.1391101859495798,1.1448199995178083,-0.6753661440958227
public_input_complements,baseline g,1.0,3,1.0964571953875313,1.2,0.6391255687821915,0.6140546017140909,1.23618606187561,1.1438475350702968,1.1495810946998113,-0.526077372966502
public_input_complements,baseline g,1.0,3,1.1089606063252093,1.2,0.6389248787179929,0.614175793544826,1.2366877924473547,1.1486254712585644,1.1543829803928873,-0.3761394781606082
public_input_complements,baseline g,1.0,3,1.1216977703756155,1.2,0.6387233283342941,0.6142975070547758,1.2371916791897686,1.1534440806105866,1.1592257431247999,-0.2255611828620614
public_input_complements,baseline g,1.0,3,1.1346734549494641,1.2,0.6385209721440179,0.6144197156291036,1.2376976014786751,1.1583033983895101,1.1641094183354526,-0.07435125028555145
public_input_complements,baseline g,1.0,3,1.147892540911644,1.2,0.6383177478345026,0.6145424300713662,1.2382056484627708,1.1632035241771028,1.1690341061057694,0.07748151697776073
public_input_complements,baseline g,1.0,3,1.1613600254898573,1.2,0.6381137100646304,0.6146656291685055,1.2387157127899373,1.1681444926146287,1.173999841250654,0.22992827758558487
public_input_complements,baseline g,1.0,3,1.1750810252645967,1.2,0.6379088798251531,0.6147893145897623,1.2392277776158163,1.173126364679322,1.1790066850529903,0.38298015211245495
public_input_complements,baseline g,1.0,3,1.189060779242872,1.2,0.6377032584558076,0.6149134846658958,1.2397418374542775,1.1781492026042384,1.1840547000577788,0.5366282237083819
public_input_complements,baseline g,1.0,3,1.2033046520181812,1.2,0.6374968725968055,0.6150381208847369,1.2402578196808807,1.1832130441925122,1.1891439242576427,0.6908635387663269
public_input_complements,baseline g,1.0,3,1.217818137019287,1.2,0.6372897049525774,0.6151632178445072,1.2407757281731782,1.1883179494771312,1.1942744179864861,0.8456771076091387
public_input_complements,baseline g,1.0,3,1.2326068598504607,1.2,0.6370817959705084,0.6152887695058353,1.2412955074819862,1.1934639563408982,1.1994462193170001,1.0010599051715792
public_input_complements,baseline g,1.0,3,1.247676581725918,1.2,0.6368731353849888,0.6154147687977023,1.2418171503085034,1.1986511157126,1.2046593794332539,1.1570028717030034
public_input_complements,baseline g,1.0,3,1.2630332030012734,1.2,0.6366637466493645,0.6155412157201076,1.2423406331993823,1.2038794703993834,1.209913941356965,1.3134969134701517
public_input_complements,baseline g,1.0,3,1.2786827668049243,1.2,0.636453632869669,0.6156680917608823,1.2428659070643624,1.2091490516784016,1.2152099365220648,1.4705329034714678
public_input_complements,baseline g,1.0,3,1.294631462772364,1.2,0.6362428281859798,0.6157953942191376,1.2433929310543579,1.2144598904617732,1.2205473959956188,1.628101682162188
public_input_complements,baseline g,1.0,3,1.31088563088653,1.2,0.6360313244590405,0.6159231099844826,1.2439216807424138,1.219812020087838,1.2259263532830766,1.78619405818685
public_input_complements,baseline g,1.0,3,1.3274517654273796,1.2,0.6358191367032955,0.6160512407261584,1.2444521452604818,1.2252054754257997,1.2313468434284238,1.9448008091199673
public_input_complements,baseline g,1.0,3,1.3443365190339982,1.2,0.6356062813325127,0.6161797733337739,1.2449842756285816,1.2306402751435852,1.2368088851931616,2.1039126822126244
public_input_complements,baseline g,1.0,3,1.3615467068826452,1.2,0.6353927773279096,0.6163087040747928,1.2455180435938753,1.23611644164813,1.24231250109654,2.2635203951536154
public_input_complements,baseline g,1.0,3,1.3790893109842512,1.2,0.6351786247256863,0.6164380165003411,1.246053408261161,1.2416339895936295,1.247857705866209,2.4236146368341576
public_input_complements,baseline g,1.0,3,1.3969714846049992,1.2,0.6349638668070563,0.616567718319032,1.246590345497419,1.2471929359856597,1.2534445165929855,2.5841860681246294
public_input_complements,baseline g,1.0,3,1.4152005568137338,1.2,0.6347484618054289,0.6166977910186964,1.2471288510850125,1.252793301386747,1.2590729539424659,2.7452253226583547
public_input_complements,baseline g,1.0,3,1.4337840371600625,1.2,0.6345324512857302,0.6168282198197019,1.247668846746409,1.258435076757852,1.2647430088303027,2.9067230076187984
public_input_complements,baseline g,1.0,3,1.4527296204871472,1.2,0.6343158717085831,0.6169590151315508,1.2482103218781888,1.2641182731370586,1.270454692349908,3.0686697045475606
public_input_complements,baseline g,1.0,3,1.4720451918832933,1.2,0.634098699415232,0.6170901584420736,1.2487532541548785,1.2698428938043738,1.2762080077977305,3.2310559701491552
public_input_complements,baseline g,1.0,3,1.4917388317766058,1.2,0.6338809513870962,0.6172216366408799,1.249297594028849,1.2756089285086685,1.2820029448712564,3.393872337107571
public_input_complements,baseline g,1.0,3,1.5118188211770927,1.2,0.633662658324404,0.6173534557673411,1.2498433258016712,1.281416375251042,1.2878395015615658,3.5571093149149986
public_input_complements,baseline g,1.0,3,1.5322936470707536,1.2,0.6334438387575836,0.6174856054119551,1.2503904050857124,1.287265217768657,1.2937176615243038,3.7207573907024845
public_input_complements,baseline g,1.0,3,1.5531720079703377,1.2,0.6332244787104875,0.6176180660309054,1.2509387973102815,1.293155439282713,1.2996374078965656,3.8848070300840076
public_input_complements,baseline g,1.0,3,1.5744628196276003,1.2,0.6330046182431432,0.6177508403250809,1.2514884691243575,1.2990870193604447,1.305598720143166,4.049248678006066
public_input_complements,baseline g,1.0,3,1.5961752209120554,1.2,0.6327842326968005,0.6178839151840907,1.2520394126204804,1.3050599428433085,1.3116015830295793,4.2140727596073795
public_input_complements,baseline g,1.0,3,1.618318579861377,1.2,0.6325633696242359,0.6180172825052674,1.252591560118848,1.3110741682595437,1.3176459548761665,4.379269681080334
public_input_complements,baseline g,1.0,3,1.6409024999087747,1.2,0.6323420297398115,0.6181509422886116,1.2531449109050992,1.3171296746680718,1.3237318146368817,4.54482983055209
public_input_complements,baseline g,1.0,3,1.6639368262928396,1.2,0.632120220049766,0.6182848841246209,1.2536994321157922,1.3232264249070154,1.3298591249635727,4.710743578961033
public_input_complements,baseline g,1.0,3,1.6874316526555453,1.2,0.6318979904990845,0.6184190868002376,1.2542550211127055,1.329364350888016,1.3360278174265865,4.877001280944338
public_input_complements,baseline g,1.0,3,1.7113973278342638,1.2,0.6316752873770177,0.6185535661267415,1.2548117708818078,1.3355434541106603,1.3422378935330266,5.043593275750181
public_input_complements,baseline g,1.0,3,1.7358444628538618,1.2,0.63145217579941,0.6186882965209444,1.2553695527586153,1.3417636474779453,1.3484892657493144,5.210509888119188
public_input_complements,baseline g,1.0,3,1.7607839381251333,1.2,0.6312286535774572,0.6188232790144936,1.2559283714945448,1.3480248899496488,1.3547818928295134,5.377741429216869
public_input_complements,baseline g,1.0,3,1.7862269108560356,1.2,0.6310047266759655,0.6189584869925535,1.2564881550135372,1.3543271062552393,1.361115699125796,5.54527819754142
public_input_complements,baseline g,1.0,3,1.8121848226824113,1.2,0.6307804366991288,0.6190939443690711,1.2570489211136435,1.3606702511359925,1.367490639152578,5.7131104798602195
public_input_complements,baseline g,1.0,3,1.8386694075250942,1.2,0.6305557403710051,0.6192296184898385,1.2576106319577534,1.3670542530774519,1.3739066410369356,5.881228552135666
public_input_complements,baseline g,1.0,3,1.8656926996805347,1.2,0.6303307153937523,0.6193655120557451,1.258173216552718,1.3734790224966864,1.380363614746901,6.049622680467775
public_input_complements,baseline g,1.0,3,1.8932670421523103,1.2,0.6301053342749323,0.6195016055229736,1.258736653844134,1.3799444843632391,1.3868614848759253,6.218283122046962
public_input_complements,baseline g,1.0,3,1.921405095231136,1.2,0.6298796268359719,0.6196379140652106,1.259300951702011,1.3864505703068142,1.3934001827110056,6.387200126107907
public_input_complements,baseline g,1.0,3,1.9501198453312445,1.2,0.6296535934329301,0.619774407729138,1.2598660353662483,1.3929971739627247,1.3999796013542998,6.556363934884567
public_input_complements,baseline g,1.0,3,1.979424614091259,1.2,0.6294272500234865,0.6199110827822184,1.2604318796075438,1.3995842034791666,1.406599648493594,6.72576478458615
public_input_complements,baseline g,1.0,3,2.009333067747975,1.2,0.6292006206014953,0.6200479358859694,1.2609984521392523,1.4062115589793291,1.413260223751444,6.8953929063683495
public_input_complements,baseline g,1.0,3,2.0398592267917226,1.2,0.628973693358279,0.6201849545675937,1.2615657337876236,1.4128791406879804,1.4199612268524915,7.065238527315379
public_input_complements,baseline g,1.0,3,2.071017475912293,1.2,0.6287465242475336,0.6203221327877195,1.2621336535971615,1.4195868222565318,1.4267025308148236,7.235291871423148
public_input_complements,baseline g,1.0,3,2.1028225742447084,1.2,0.6285190958480436,0.6204594776173666,1.262702246553495,1.4263345155337117,1.4334840470453083,7.405543160601634
public_input_complements,baseline g,1.0,3,2.135289665924415,1.2,0.6282914396464674,0.6205969580715682,1.263271404203308,1.4331220676837917,1.4403056219421246,7.575982615658743
public_input_complements,baseline g,1.0,3,2.168434290961828,1.2,0.6280635364769254,0.6207345812213435,1.2638411632768916,1.4399493805914478,1.4471671568981441,7.74660045732213
public_input_complements,baseline g,1.0,3,2.2022723964464688,1.2,0.6278340359877346,0.6208731666098526,1.2644149098711388,1.4468177669512141,1.4540699711878093,7.917386907232281
public_input_complements,baseline g,1.0,3,2.23682034809129,1.2,0.6276057224299878,0.6210110347879554,1.2649856879832932,1.4537241710560689,1.4610109937873028,8.088332188973693
public_input_complements,baseline g,1.0,3,2.2720949421281498,1.2,0.6273772192053246,0.6211490157083133,1.2655569358141254,1.4606699072409615,1.4679915456197061,8.259426529082422
public_input_complements,baseline g,1.0,3,2.308113417565749,1.2,0.6271485436311637,0.6212871093709265,1.2661286360462172,1.4676548324958656,1.4750114829581518,8.430660158077721
public_input_complements,baseline g,1.0,3,2.344893468821764,1.2,0.6269197042913539,0.6214252912242546,1.2667007191096944,1.4746787755590436,1.4820706336824496,8.602023311494936
public_input_complements,baseline g,1.0,3,2.382453258741261,1.2,0.626690724981454,0.6215635700085578,1.2672731829198032,1.4817415883447982,1.4891688489646182,8.773506230912972
public_input_complements,baseline g,1.0,3,2.4208114320139376,1.2,0.6264616004201664,0.6217019315817977,1.2678459976290188,1.4888431050347877,1.49630596215515,8.945099164999807
public_input_complements,baseline g,1.0,3,2.4599871290031343,1.2,0.6262323660548799,0.6218403601326942,1.268419088514732,1.4959831341195253,1.5034817807846115,9.11679237055724
public_input_complements,baseline g,1.0,3,2.5,1.2,0.6260030095108904,0.6219788556612473,1.2689924679516478,1.5031615162984937,1.5106961447539888,9.288576113560516
public_input_complements,high g,1.4,1,0.5,1.2,0.8000455965909926,0.4444127634210904,0.5098859723985626,0.6353230831125376,0.6385076533190982,-4.974698240212906
public_input_complements,high g,1.4,1,0.5000203210855501,1.2,0.8000430657754523,0.44441453273018644,0.5098923249217506,0.6353360541441386,0.6385206893682657,-4.974619448096766
public_input_complements,high g,1.4,1,0.5000812892976928,1.2,0.8000354296228025,0.4444198265154359,0.509911395650539,0.6353749744435468,0.6385598047564867,-4.974383065918069
public_input_complements,high g,1.4,1,0.5001829195049198,1.2,0.8000227280103303,0.4444286572496362,0.509943171648884,0.6354398406642194,0.6386249961204433,-4.9739890761848855
public_input_complements,high g,1.4,1,0.5003252364947652,1.2,0.8000057215902738,0.4444404705993651,0.5099856949043549,0.6355297249030889,0.6387153309059349,-4.973437450809089
public_input_complements,high g,1.4,1,0.5005082749838822,1.2,0.7999847818660322,0.44445499428386576,0.5100380057871179,0.635644176317616,0.6388303560105649,-4.97272815858366
public_input_complements,high g,1.4,1,0.500732079632158,1.2,0.7999568101170009,0.4444744223604733,0.5101079421816215,0.63578693678079,0.6389738320635385,-4.9718611516252516
public_input_complements,high g,1.4,1,0.5009967050608752,1.2,0.7999237497438305,0.44449737761412333,0.5101905859026761,0.6359556740861312,0.6391434151681423,-4.970836355489533
public_input_complements,high g,1.4,1,0.5013022158749305,1.2,0.7998906574193985,0.44452036552198115,0.5102733321080808,0.6361443934634637,0.6393330805052905,-4.969653702475875
public_input_complements,high g,1.4,1,0.5016486866891229,1.2,0.799955205724471,0.44447555287796925,0.5101119884919427,0.6362366806254377,0.6394258302585889,-4.968313611668675
public_input_complements,high g,1.4,1,0.502036202158526,1.2,0.8001137049903897,0.44436547569872575,0.509715722518858,0.6362366821291904,0.6394258317698791,-4.966818569113203
public_input_complements,high g,1.4,1,0.502464857012963,1.2,0.8002886357011352,0.44424399037417556,0.5092783835070842,0.6362366817967071,0.6394258314357293,-4.965169783735515
public_input_complements,high g,1.4,1,0.5029347560956027,1.2,0.8003254556667719,0.4442184217167291,0.5091863352413629,0.6364214391813674,0.6396115149206341,-4.963367350864299
public_input_complements,high g,1.4,1,0.5034460144056994,1.2,0.8002624902319555,0.444262159379752,0.5093437740283089,0.6367454525348234,0.6399371523977829,-4.961408016414317
public_input_complements,high g,1.4,1,0.5039987571454999,1.2,0.8001940346656379,0.44430969379968527,0.5095149039416823,0.6370960206555313,0.6402894777485085,-4.959291297179139
public_input_complements,high g,1.4,1,0.5045931197713469,1.2,0.8001266362399687,0.44435647668576317,0.5096833534012798,0.6374653318505233,0.6406606401235692,-4.957017052303461
public_input_complements,high g,1.4,1,0.5052292480490046,1.2,0.8003181614443771,0.4442235101988783,0.5092046205852001,0.6375445744323577,0.6407402799104978,-4.954589570891708
public_input_complements,high g,1.4,1,0.5059072981132409,1.2,0.8002462290028973,0.44427343960911675,0.509384400552795,0.6379592974951135,0.6411570817812565,-4.952007652809755
public_input_complements,high g,1.4,1,0.5066274365316988,1.2,0.8004996496891978,0.44409745370126325,0.5087508503055309,0.6380035469047862,0.6412015529920183,-4.949274213309726
public_input_complements,high g,1.4,1,0.507389840373095,1.2,0.8004032518708728,0.4441644047566544,0.5089918624035008,0.6384876926031103,0.6416881254807543,-4.946388283946167
public_input_complements,high g,1.4,1,0.5081946972797818,1.2,0.8003161158202725,0.4442249200681505,0.5092097115269327,0.6389808367566661,0.6421837415296664,-4.9433452528335025
public_input_complements,high g,1.4,1,0.5090422055447187,1.2,0.8002157979889472,0.44429457708818315,0.5094604885215285,0.6395099805087452,0.6427155376258404,-4.9401447240617
public_input_complements,high g,1.4,1,0.5099325741928927,1.2,0.8001406591956638,0.4443467436194664,0.5096483070223837,0.6400290129561894,0.6432371717342542,-4.936787531785448
public_input_complements,high g,1.4,1,0.5108660230672385,1.2,0.8003235864380316,0.4442197090718377,0.5091909851571379,0.6402572468160599,0.643466549621108,-4.93327609604704
public_input_complements,high g,1.4,1,0.5118427829191048,1.2,0.8004416736042157,0.44413770558171195,0.5088957704522823,0.640583237244188,0.6437941740830573,-4.929621312904592
public_input_complements,high g,1.4,1,0.5128630955033207,1.2,0.8003263946291251,0.44421776171207095,0.5091839706689482,0.6412110421904064,0.644425125914664,-4.925812440205755
public_input_complements,high g,1.4,1,0.5139272136779165,1.2,0.8001977129293905,0.44430713760163715,0.5095057042901459,0.6418753839740589,0.6450927977253649,-4.921846016524671
public_input_complements,high g,1.4,1,0.5150354015085564,1.2,0.8000686613808019,0.4443967514485112,0.5098283217479824,0.6425605285319571,0.6457813765846514,-4.9177216520794005
public_input_complements,high g,1.4,1,0.5161879343777439,1.2,0.8002013939969616,0.44430457266332835,0.5094964829558278,0.6429490145331206,0.6461718098799992,-4.913443103656068
public_input_complements,high g,1.4,1,0.5173850990988615,1.2,0.8002105159797253,0.4442982611028382,0.5094737280024053,0.643507219925189,0.6467328132882393,-4.9090170621926825
public_input_complements,high g,1.4,1,0.5186271940351138,1.2,0.8000666557564723,0.4443981542467641,0.5098333574165382,0.6442713400690229,0.647500763600233,-4.904438341702182
public_input_complements,high g,1.4,1,0.5199145292234401,1.2,0.8002381531993605,0.4442790568414999,0.5094046095782794,0.6446725543366162,0.6479039889627118,-4.899712383373199
public_input_complements,high g,1.4,1,0.5212474265034702,1.2,0.8001371864668951,0.4443491658622013,0.5096570117954597,0.6454252667244555,0.6486604743370964,-4.894834957344397
public_input_complements,high g,1.4,1,0.5226262196515982,1.2,0.7999792844351833,0.44445883783702245,0.5100518052927853,0.6462679167002144,0.6495073481134359,-4.889801344133346
public_input_complements,high g,1.4,1,0.5240512545202515,1.2,0.7999522483189304,0.4444776059089719,0.5101193804444489,0.6469715486651653,0.6502145070482883,-4.884614557086863
public_input_complements,high g,1.4,1,0.5255228891824385,1.2,0.7998018646736451,0.4445820227921229,0.5104953045573404,0.6478462426870563,0.6510935854922097,-4.879272220096841
public_input_complements,high g,1.4,1,0.5270414940816569,1.2,0.7998323202201088,0.4445608826121675,0.5104191862221732,0.6485205366349674,0.6517712593526003,-4.873781004658193
public_input_complements,high g,1.4,1,0.5286074521872524,1.2,0.8002161444314602,0.44429433746163394,0.5094596244856693,0.6487816166705576,0.6520336480573147,-4.868155474355481
public_input_complements,high g,1.4,1,0.5302211591553182,1.2,0.8001612895893138,0.44433243667921574,0.5095967736377924,0.6496004503318391,0.6528565861394038,-4.862385236107017
public_input_complements,high g,1.4,1,0.5318830234952302,1.2,0.8000852655014099,0.44438520600940895,0.5097867794789135,0.6504658662790216,0.6537263400020735,-4.8564712077030965
public_input_complements,high g,1.4,1,0.5335934667419154,1.2,0.7999311869990267,0.44449222922533693,0.5101720281277011,0.6514481859450308,0.6547135835658994,-4.8503995802082365
public_input_complements,high g,1.4,1,0.5353529236339561,1.2,0.7997278225388647,0.4446334508999417,0.5106804314050095,0.6525122065181562,0.6557829375643422,-4.844170318649688
public_input_complements,high g,1.4,1,0.537161842297634,1.2,0.8001672997809282,0.44432824782827396,0.5095817155281437,0.6528027944704617,0.6560749820948202,-4.83779863428674
public_input_complements,high g,1.4,1,0.5390206844370244,1.2,0.8003887697483913,0.4441744487972873,0.5090280396537492,0.6533815609975818,0.6566566497012303,-4.831315875311518
public_input_complements,high g,1.4,1,0.5409299255302531,1.2,0.8001808952713497,0.44431881262592243,0.5095477400006428,0.6545133945799695,0.657794156623059,-4.8246864129461215
public_input_complements,high g,1.4,1,0.5428900550320312,1.2,0.7999658210135208,0.44446818921878944,0.5100854676990645,0.6556754491813489,0.6589620360473677,-4.817898082533435
public_input_complements,high g,1.4,1,0.5449015765825912,1.2,0.7998868867053455,0.4445230001388356,0.5102827935945395,0.6566892847437593,0.6599809534816825,-4.810957113247023
public_input_complements,high g,1.4,1,0.5469650082231464,1.2,0.8001452342167545,0.44434357691389564,0.50963689191726,0.6573029234416351,0.6605976680563317,-4.803876205065102
public_input_complements,high g,1.4,1,0.5490808826180046,1.2,0.8002039313289893,0.4443028289374207,0.5094901791758395,0.6581856539674399,0.6614848232873102,-4.796662488355153
public_input_complements,high g,1.4,1,0.5512497472834679,1.2,0.8000019283615298,0.44444309544431115,0.5099951577981823,0.6594156981735363,0.6627210331156477,-4.789312272125023
public_input_complements,high g,1.4,1,0.5534721648236569,1.2,0.7999424796127304,0.44448439068318896,0.5101438042629578,0.6604882477219157,0.663798958841011,-4.781815148543163
public_input_complements,high g,1.4,1,0.5557487131734017,1.2,0.7999078664353652,0.444508420917828,0.5102303227471434,0.6615505021196637,0.6648665378110857,-4.774162635910967
public_input_complements,high g,1.4,1,0.5580799858483445,1.2,0.799895543088069,0.44451697667038237,0.510261126519957,0.6626055437114112,0.6659268678208194,-4.7663846790286435
public_input_complements,high g,1.4,1,0.5604665922024078,1.2,0.8000300934187088,0.44442353174314897,0.5099247351464931,0.6634956618467333,0.6668214476918621,-4.758463410706703
public_input_complements,high g,1.4,1,0.5629091576927818,1.2,0.7997813124193094,0.4445963041491853,0.5105467045429308,0.6648915824130212,0.6682243653391068,-4.750403618091654
public_input_complements,high g,1.4,1,0.5654083241525933,1.2,0.7997324556121479,0.44463022865786384,0.510668838288838,0.6660557854472342,0.6693944039653131,-4.742185459779204
public_input_complements,high g,1.4,1,0.5679647500714233,1.2,0.8002050114306208,0.44430206763165697,0.5094874546537583,0.6665771926721216,0.6699184247547916,-4.733866405541404
public_input_complements,high g,1.4,1,0.5705791108838415,1.2,0.7999420071272287,0.44448470435841414,0.5101449542869458,0.6680556725752784,0.6714043155693032,-4.725415242098055
public_input_complements,high g,1.4,1,0.5732520992661372,1.2,0.7999540790805022,0.44447633976692136,0.5101148148160479,0.6692045576541908,0.6725589594586387,-4.716814569450708
public_input_complements,high g,1.4,1,0.5759844254414287,1.2,0.799915583901643,0.44450306452505217,0.5102110354724698,0.6704391220590286,0.673799712143308,-4.708084824683968
public_input_complements,high g,1.4,1,0.578776817493336,1.2,0.7999384845512603,0.4444871565544677,0.5101537736063901,0.6716159517791253,0.6749824407469246,-4.6992288390365395
public_input_complements,high g,1.4,1,0.5816300216884137,1.2,0.799649876181015,0.444687571862011,0.5108752790409289,0.6732149785508348,0.6765894826736821,-4.69022081622403
public_input_complements,high g,1.4,1,0.5845448028075416,1.2,0.799737966787603,0.4446264150580258,0.5106550897377329,0.6743504427616691,0.6777306384225583,-4.6810662059952195
public_input_complements,high g,1.4,1,0.5875219444864789,1.2,0.7999673214397218,0.44446712400970895,0.5100816664212495,0.6753232652169294,0.6787083371706681,-4.671798553506107
public_input_complements,high g,1.4,1,0.5905622495657936,1.2,0.7999823360123978,0.4444567063872135,0.5100441497839835,0.6765940271959942,0.6799854688706604,-4.6624307743469755
public_input_complements,high g,1.4,1,0.5936665404503856,1.2,0.7998058970125878,0.44457923133765587,0.5104852426767491,0.6781351975682328,0.6815343643915377,-4.652916613653684
public_input_complements,high g,1.4,1,0.5968356594788269,1.2,0.7994932387977296,0.4447963485757552,0.5112668741259017,0.6798763019583929,0.6832841961037719,-4.6432478498342995
public_input_complements,high g,1.4,1,0.600070469302753,1.2,0.7998940936787732,0.4445179873746037,0.5102647590503709,0.6807071220447369,0.684119180693129,-4.633467565854908
public_input_complements,high g,1.4,1,0.6033718532765401,1.2,0.7999283489334037,0.44449421090855257,0.5101791466290699,0.6820373491971851,0.6854560756369266,-4.623581162818872
public_input_complements,high g,1.4,1,0.6067407158575169,1.2,0.7996111701787412,0.4447144719699234,0.5109720892762935,0.6838513181009237,0.6872791370976336,-4.61354833921312
public_input_complements,high g,1.4,1,0.6101779830169621,1.2,0.79985944587817,0.44454205193269164,0.5103513862964439,0.6849423520334561,0.688375639860511,-4.603370178443604
public_input_complements,high g,1.4,1,0.6136846026621482,1.2,0.79996807441632,0.4444666023304944,0.5100797866175479,0.6862376079468975,0.6896773882712368,-4.59311512692811
public_input_complements,high g,1.4,1,0.6172615450697004,1.2,0.799647722731408,0.44468908033149984,0.5108806907846317,0.6881233871361669,0.6915726199680287,-4.58271737565916
public_input_complements,high g,1.4,1,0.6209098033305457,1.2,0.7994642728750833,0.4448164753506001,0.511339313882213,0.6898504234778249,0.6933083131153742,-4.572173767858269
public_input_complements,high g,1.4,1,0.6246303938067362,1.2,0.7995900325455051,0.4447291181685878,0.5110248626986446,0.6911875169113422,0.694652108757618,-4.561520878392009
public_input_complements,high g,1.4,1,0.6284243566004422,1.2,0.7997190069146214,0.44463956422835094,0.5107024518186165,0.6925407055900403,0.6960120803227949,-4.550759776440641
public_input_complements,high g,1.4,1,0.6322927560354111,1.2,0.7995081881345233,0.44478597234772804,0.5112295121365694,0.6943709958049149,0.6978515449055502,-4.539868511347456
public_input_complements,high g,1.4,1,0.6362366811512086,1.2,0.7997312739444918,0.44463104716937585,0.5106717879413601,0.6956396358323133,0.6991265440175488,-4.528857680386237
public_input_complements,high g,1.4,1,0.6402572462105554,1.2,0.79973414651657,0.4446290540450106,0.5106646102206528,0.697225781529971,0.7007206403036021,-4.517732575594784
public_input_complements,high g,1.4,1,0.6443555912200942,1.2,0.7995748323547839,0.4447397013689563,0.5110629226021618,0.6990536237733233,0.702557644644327,-4.506501603780717
public_input_complements,high g,1.4,1,0.6485328824649206,1.2,0.7998258965622196,0.4445653279325863,0.5104352117721669,0.7003456836184412,0.7038561809663701,-4.49513968840192
public_input_complements,high g,1.4,1,0.652790313057229,1.2,0.7997682024768872,0.44460541590440306,0.5105794958766235,0.7020791024286479,0.7055982885745211,-4.483691600931994
public_input_complements,high g,1.4,1,0.6571291034994325,1.2,0.7996242518682228,0.4447053618839468,0.5109393298011025,0.703952913705984,0.7074814923699714,-4.472113354050887
public_input_complements,high g,1.4,1,0.6615505022621248,1.2,0.7998511145728793,0.44454784014472604,0.5103722201397292,0.7053397607436909,0.7088752910073837,-4.46041279982221
public_input_complements,high g,1.4,1,0.6660557863772645,1.2,0.7994620112585362,0.444818042057485,0.5113449595856314,0.7075963189873495,0.711143160296309,-4.448612503438211
public_input_complements,high g,1.4,1,0.6706462620469753,1.2,0.7993923164158598,0.4448664390842876,0.5115191920062014,0.7094360227311939,0.7129920855935444,-4.436657968415453
public_input_complements,high g,1.4,1,0.6753232652683625,1.2,0.7998225405990161,0.4445676831976645,0.5104436551079393,0.7106038450489177,0.7141657616449961,-4.424630803234362
public_input_complements,high g,1.4,1,0.6800881624747613,1.2,0.7994623473381881,0.44481781117119634,0.511344124791596,0.712891352371711,0.7164647351459609,-4.412509723690831
public_input_complements,high g,1.4,1,0.6849423511938463,1.2,0.7994201303780815,0.44484711937980487,0.5114496474822972,0.714759345568893,0.718342091698009,-4.4002472913613895
public_input_complements,high g,1.4,1,0.6898872607230374,1.2,0.7998228798739925,0.4445674250589463,0.5104427582533316,0.7160249582754573,0.7196140483146649,-4.387885808221046
public_input_complements,high g,1.4,1,0.6949243528226603,1.2,0.7995559596870183,0.4447527950027744,0.5111100775189745,0.718252338003189,0.7218525928297436,-4.37546407014595
public_input_complements,high g,1.4,1,0.7000551224273222,1.2,0.7993898681898384,0.44486812997457736,0.5115252925552487,0.7203615914570556,0.7239724189605454,-4.3629085167132455
public_input_complements,high g,1.4,1,0.7052810983759861,1.2,0.7995712654331151,0.44474215626589886,0.5110717921012264,0.7220016189024381,0.7256206670777078,-4.350229475152896
public_input_complements,high g,1.4,1,0.7106038441612367,1.2,0.7995746795576197,0.44473980100082067,0.5110632906041528,0.7239153120347467,0.7275439526367607,-4.337487488173346
public_input_complements,high g,1.4,1,0.7160249586982449,1.2,0.7991529919123058,0.44503264449200447,0.5121175201904239,0.7264584430508703,0.7300998311501509,-4.324605984872732
public_input_complements,high g,1.4,1,0.7215460771139571,1.2,0.7994204078467528,0.44484692551785426,0.5114489512718126,0.7280400872233624,0.7316894033470498,-4.311606841348045
public_input_complements,high g,1.4,1,0.7271688715570458,1.2,0.7994793612935058,0.4448060021915977,0.5113016034403453,0.7299410049327222,0.7335998494460797,-4.298554126196733
public_input_complements,high g,1.4,1,0.7328950520291776,1.2,0.7990221724884674,0.445123487456591,0.5124445604177692,0.7326091095521016,0.7362813279955187,-4.285366394594906
public_input_complements,high g,1.4,1,0.7387263672381705,1.2,0.7995649152828604,0.44474656893211,0.5110876736104973,0.7338543922126299,0.737532852661359,-4.272111321514256
public_input_complements,high g,1.4,1,0.7446646054736273,1.2,0.7993638426771794,0.44488620204917845,0.511590353749046,0.7361990853826446,0.739889298654797,-4.258767457947966
public_input_complements,high g,1.4,1,0.7507115955056528,1.2,0.7992202065195674,0.4449859726789407,0.5119494944669446,0.7384842465704882,0.7421859142607617,-4.245303858434712
public_input_complements,high g,1.4,1,0.7568692075072764,1.2,0.7994075271362298,0.4448558902073679,0.5114811957116849,0.7403076354991747,0.7440184429644883,-4.231777967799616
public_input_complements,high g,1.4,1,0.7631393540012239,1.2,0.7993561528669362,0.44489156718221484,0.5116096322466479,0.7425029646147165,0.7462247762130149,-4.218138522549334
public_input_complements,high g,1.4,1,0.7695239908317001,1.2,0.7993430701954323,0.4449006446139837,0.5116423221707727,0.7446646056865431,0.7483972525558047,-4.204406600369211
public_input_complements,high g,1.4,1,0.7760251181618615,1.2,0.7990195942846918,0.44512527090772586,0.512450990875996,0.7473096884111156,0.7510555938127088,-4.190581088718513
public_input_complements,high g,1.4,1,0.7826447814976824,1.2,0.79930832246456,0.44492478155150644,0.5117292056866941,0.7490684615633996,0.7528231828521056,-4.176659165842983
public_input_complements,high g,1.4,1,0.7893850727389358,1.2,0.799413518887807,0.44485171009668667,0.5114661749210362,0.7511207404204951,0.7548857487997817,-4.16265918628198
public_input_complements,high g,1.4,1,0.7962481312580323,1.2,0.7991874113113887,0.4450087340706401,0.512031454281194,0.7536925676164509,0.757470467333204,-4.148583127454327
public_input_complements,high g,1.4,1,0.8032361450074849,1.2,0.7990146488453695,0.445128701153793,0.5124633456468235,0.7562089593082894,0.7599994724908883,-4.134385201456091
public_input_complements,high g,1.4,1,0.8103513516567865,1.2,0.7993624192691381,0.44488721005251075,0.5115939544442852,0.7579610690250567,0.7617603646941588,-4.1201380394387765
public_input_complements,high g,1.4,1,0.8175960397595149,1.2,0.7992473598557637,0.4449671049751268,0.5118815868905102,0.7604359848390262,0.764247686075271,-4.105837517722723
public_input_complements,high g,1.4,1,0.8249725499515008,1.2,0.7990497833897112,0.44510431314857135,0.512375533011203,0.7630610295312722,0.7668858888587938,-4.091402421026814
public_input_complements,high g,1.4,1,0.8324832761809209,1.2,0.7992591537232843,0.4449588972212467,0.5118520642746087,0.7650864408038183,0.7689214525475921,-4.076933949422991
public_input_complements,high g,1.4,1,0.8401306669712053,1.2,0.7987957857511454,0.44528069115045643,0.5130105071338404,0.7681687717127295,0.77201923370448,-4.062333159358033
public_input_complements,high g,1.4,1,0.8479172267176741,1.2,0.7993347725910029,0.44490640724282976,0.5116630670535094,0.769728227050632,0.7735865058447933,-4.047644529555024
public_input_complements,high g,1.4,1,0.8558455170188431,1.2,0.7989405029815935,0.4451801962392684,0.5126487208952264,0.7727544272805049,0.776627874966443,-4.032925110781031
public_input_complements,high g,1.4,1,0.8639181580433734,1.2,0.7987087788260738,0.44534111390110753,0.5132280272003185,0.7755543242787212,0.7794418065067669,-4.018070811127135
public_input_complements,high g,1.4,1,0.8721378299336601,1.2,0.7993241604054264,0.4449137752721399,0.5116895941823958,0.7770517367300991,0.7809467247692925,-4.003186027299444
public_input_complements,high g,1.4,1,0.8805072742470966,1.2,0.7990527617601105,0.4451022416053998,0.5123680801075531,0.7799607009763191,0.7838702702594759,-3.9882677821668695
public_input_complements,high g,1.4,1,0.88902929543607,1.2,0.7989400642513499,0.445180516985513,0.5126498524373583,0.7826447811367399,0.7865678044276893,-3.9732430467267896
public_input_complements,high g,1.4,1,0.8977067623677852,1.2,0.7990673027064006,0.44509215346940956,0.5123317487875241,0.7849717758403483,0.7889064632407892,-3.958143273146665
public_input_complements,high g,1.4,1,0.9065426098850453,1.2,0.7989279180972826,0.4451889300424935,0.5126801707945035,0.7877454584321967,0.7916940489744866,-3.9429799717129708
public_input_complements,high g,1.4,1,0.9155398404091444,1.2,0.7988820244548311,0.4452208102604301,0.5127949257076978,0.7903939790691342,0.7943558453763632,-3.927716798654976
public_input_complements,high g,1.4,1,0.9247015255860773,1.2,0.7990425833693763,0.44510930740063437,0.5123935206159939,0.7927332887763634,0.7967068809222966,-3.912393791235931
public_input_complements,high g,1.4,1,0.9340308079772923,1.2,0.7984986525379049,0.4454870329954778,0.5137533387323273,0.796232799122383,0.8002239326369234,-3.8969866456889273
public_input_complements,high g,1.4,1,0.9435309027962627,1.2,0.7991835957095577,0.4450113703567358,0.5120409642609918,0.7977658719612948,0.8017646900354191,-3.8815578578846806
public_input_complements,high g,1.4,1,0.9532050996921831,1.2,0.7990087903724028,0.4451327772624795,0.512478008514553,0.8007158404974799,0.8047294453504265,-3.866073453516835
public_input_complements,high g,1.4,1,0.9630567645821445,1.2,0.798969099181199,0.4451603461153107,0.5125772484278722,0.8034693186853621,0.8074967254051613,-3.850499893174484
public_input_complements,high g,1.4,1,0.9730893415331738,1.2,0.7988368008866384,0.44525222703654826,0.512908009512306,0.8063989183497644,0.810441009748991,-3.834896034337043
public_input_complements,high g,1.4,1,0.9833063546955787,1.2,0.7985906413817727,0.44542316148659056,0.5135233874292628,0.8095417335300322,0.8135995783559072,-3.8191847090970628
public_input_complements,high g,1.4,1,0.9937114102890687,1.2,0.7989765260945553,0.4451551950256351,0.5125586951608166,0.8116596708260596,0.8157281318568099,-3.8034445068270433
public_input_complements,high g,1.4,1,1.0043081986431819,1.2,0.7984041776474013,0.4455526650732005,0.5139895789107118,0.8153961054224915,0.8194832954095961,-3.787614212504338
public_input_complements,high g,1.4,1,1.0151004962935855,1.2,0.7987659218695875,0.4453014436065106,0.5130851963204754,0.8175960411899089,0.8216942584009371,-3.7717131767961387
public_input_complements,high g,1.4,1,1.0260921681358672,1.2,0.79879884800897,0.44527855970064756,0.5130028409444287,0.8203675669522125,0.8244796764939365,-3.7558314939895334
public_input_complements,high g,1.4,1,1.037287169638491,1.2,0.798654458913523,0.4453788449386049,0.5133638461538635,0.823462164505136,0.8275897857816457,-3.7398391412399294
public_input_complements,high g,1.4,1,1.0486895491166357,1.2,0.7989861796574264,0.4451484843000941,0.512534546430777,0.825770284006068,0.829909474779722,-3.723830329615904
public_input_complements,high g,1.4,1,1.0603034500686892,1.2,0.7987185083713106,0.44533436448198727,0.513203718909782,0.829122671343889,0.8332786660290026,-3.707755879657669
public_input_complements,high g,1.4,1,1.0721331135772334,1.2,0.7985964270524883,0.44541914258365223,0.5135089209282007,0.8322514923429388,0.8364231703085755,-3.691602494746753
public_input_complements,high g,1.4,1,1.0841828807763967,1.2,0.7986554979901659,0.44537812065717913,0.513361242629341,0.8350919399071435,0.8392778556754458,-3.675447664956291
public_input_complements,high g,1.4,1,1.0964571953875313,1.2,0.7983841833717706,0.44556654289508163,0.5140395492816057,0.8385280448833872,0.842731184199558,-3.659201562284654
public_input_complements,high g,1.4,1,1.1089606063252093,1.2,0.7988748897888787,0.44522576581891377,0.5128127643799751,0.8406610767309611,0.8448749079137616,-3.642890805749244
public_input_complements,high g,1.4,1,1.1216977703756155,1.2,0.7987362639535313,0.4453220321539329,0.5131593254989638,0.8439129676520233,0.8481430990058981,-3.6266077374738943
public_input_complements,high g,1.4,1,1.1346734549494641,1.2,0.7982073796325362,0.44568931724398164,0.5144815456144642,0.8478776557812369,0.8521276602170605,-3.610221095263249
public_input_complements,high g,1.4,1,1.147892540911644,1.2,0.7990263507698441,0.44512058055897974,0.5124341032375523,0.8494856091572383,0.8537436734928999,-3.5938137134797223
public_input_complements,high g,1.4,1,1.1613600254898573,1.2,0.7984573700135578,0.44551570678261654,0.513856556636894,0.8535749827042591,0.857853545110127,-3.5773989610700716
public_input_complements,high g,1.4,1,1.1750810252645967,1.2,0.7985677946673225,0.4454390280627068,0.5135805059481243,0.8564802333365611,0.8607733583718253,-3.5608757256965333
public_input_complements,high g,1.4,1,1.189060779242872,1.2,0.7985702934616283,0.4454372860060404,0.5135742443114191,0.8596002700371291,0.863909034321437,-3.544367327775558
public_input_complements,high g,1.4,1,1.2033046520181812,1.2,0.7980492557198938,0.4457991221424683,0.5148768481078377,0.8636889296776649,0.8680181884537079,-3.5277556097766443
public_input_complements,high g,1.4,1,1.217818137019287,1.2,0.7984887471351936,0.4454939305119501,0.5137781427706187,0.8660653702728044,0.8704065410069018,-3.5111499636124206
public_input_complements,high g,1.4,1,1.2326068598504607,1.2,0.7983255979828421,0.4456072168228807,0.5141859903545802,0.8695563446958501,0.8739150140120626,-3.4945104052188882
public_input_complements,high g,1.4,1,1.247676581725918,1.2,0.7986716945660997,0.44536687912139367,0.5133207643361108,0.8721378293480159,0.8765094384098955,-3.4778153109874492
public_input_complements,high g,1.4,1,1.2630332030012734,1.2,0.7984071990021471,0.44555054236365216,0.5139819725033417,0.8758624293288411,0.8802527080258175,-3.4611460395798437
public_input_complements,high g,1.4,1,1.2786827668049243,1.2,0.7983309737209927,0.44560348871286826,0.5141725618988029,0.8792650774388819,0.8836724119804873,-3.444407417818087
public_input_complements,high g,1.4,1,1.294631462772364,1.2,0.7983517009471426,0.44558908754253124,0.5141207281447249,0.882510824682375,0.8869344285997427,-3.42763416125459
public_input_complements,high g,1.4,1,1.31088563088653,1.2,0.7982647425376488,0.44564949178101343,0.5143381597093404,0.8859803667378241,0.8904213618071173,-3.410791897914331
public_input_complements,high g,1.4,1,1.3274517654273796,1.2,0.798413805825209,0.44554597015893943,0.5139654897181003,0.8890292951750471,0.8934855730617308,-3.3939433730905586
public_input_complements,high g,1.4,1,1.3443365190339982,1.2,0.7980776036626382,0.4457794332262534,0.5148059721060692,0.893016330395599,0.8974925933794927,-3.377091574874713
public_input_complements,high g,1.4,1,1.3615467068826452,1.2,0.7984354907534148,0.44553091335407463,0.5139112820913865,0.8957113555492952,0.9002011274029884,-3.360200192489449
public_input_complements,high g,1.4,1,1.3790893109842512,1.2,0.798566195087409,0.4454401329970144,0.5135844921861421,0.8988557606952698,0.9033612939453477,-3.3433141881682262
public_input_complements,high g,1.4,1,1.3969714846049992,1.2,0.7982100747511737,0.4456874510039103,0.5144748194172727,0.9029566877610339,0.9074827769935716,-3.326394705907351
public_input_complements,high g,1.4,1,1.4152005568137338,1.2,0.7981352352822404,0.4457394166022236,0.5146619045785628,0.9065426110020534,0.9110866747496371,-3.3094080967562656
public_input_complements,high g,1.4,1,1.4337840371600625,1.2,0.7982903357605724,0.4456316990581885,0.5142741342051149,0.9097051529515987,0.9142650690066733,-3.292436231592763
public_input_complements,high g,1.4,1,1.4527296204871472,1.2,0.7977621950376608,0.44599846516991176,0.5155944897293487,0.914220978431387,0.9188035301558766,-3.2753886372604866
public_input_complements,high g,1.4,1,1.4720451918832933,1.2,0.7983564207702546,0.445585818504207,0.5141089471988326,0.9165659817577879,0.9211602878603663,-3.2583606749973884
public_input_complements,high g,1.4,1,1.4917388317766058,1.2,0.7982590397495731,0.44565343393438667,0.5143523775487021,0.9202858346628598,0.9248987866057188,-3.2413684947678165
public_input_complements,high g,1.4,1,1.5118188211770927,1.2,0.7979410913574008,0.44587424932917974,0.5151472871936276,0.9244673016636035,0.9291012132970264,-3.2242827989908167
public_input_complements,high g,1.4,1,1.5322936470707536,1.2,0.7983656451075394,0.4455794127136306,0.5140858863539028,0.927195054503208,0.9318426390546389,-3.2072501316870308
public_input_complements,high g,1.4,1,1.5531720079703377,1.2,0.7978082118534129,0.44596651797431847,0.5154794669711151,0.9319060693093849,0.9365772679208008,-3.190166164777323
public_input_complements,high g,1.4,1,1.5744628196276003,1.2,0.7983887881032425,0.4455633479054335,0.514028043372494,0.9343546470602835,0.9390381192187515,-3.173018494460104
public_input_complements,high g,1.4,1,1.5961752209120554,1.2,0.7979839427056805,0.4458444837181243,0.515040142125468,0.9388113762039427,0.9435171878102081,-3.1559410934639245
public_input_complements,high g,1.4,1,1.618318579861377,1.2,0.79775666436249,0.4460023130931988,0.5156083319188194,0.9429355892848008,0.9476620735951624,-3.1387498618782046
public_input_complements,high g,1.4,1,1.6409024999087747,1.2,0.798534329378985,0.44546226703826347,0.5136641674236642,0.9450251891049083,0.9497621475779561,-3.121638277308006
public_input_complements,high g,1.4,1,1.6639368262928396,1.2,0.7979321626135796,0.44588043567461716,0.5151695784435935,0.9499650157289952,0.954726735186038,-3.104534287941199
public_input_complements,high g,1.4,1,1.6874316526555453,1.2,0.7981662171632062,0.4457178984702754,0.5145844435325886,0.9532051004487113,0.9579830608979979,-3.087365325816992
public_input_complements,high g,1.4,1,1.7113973278342638,1.2,0.7979906769632465,0.44583981291319497,0.5150233189292546,0.9573148137333825,0.9621133742062347,-3.070248809053033
public_input_complements,high g,1.4,1,1.7358444628538618,1.2,0.7977726591993681,0.4459912098828569,0.5155683541476028,0.9615382000568503,0.9663579303417461,-3.0530585494127305
public_input_complements,high g,1.4,1,1.7607839381251333,1.2,0.7978713988507666,0.44592263491483264,0.515321492565272,0.9651203485909436,0.9699580344700882,-3.035880964982471
public_input_complements,high g,1.4,1,1.7862269108560356,1.2,0.7976831041377288,0.4460533888322131,0.5157922157398516,0.9693287244376151,0.9741875048884753,-3.018708948948137
public_input_complements,high g,1.4,1,1.8121848226824113,1.2,0.7977169485029253,0.44602989608806864,0.515707627047303,0.9730893407233601,0.9779669713417968,-3.0015096770031278
public_input_complements,high g,1.4,1,1.8386694075250942,1.2,0.7977299250273875,0.4460208671217874,0.5156751479556734,0.9769143579755347,0.9818111615727355,-2.9843525064707297
public_input_complements,high g,1.4,1,1.8656926996805347,1.2,0.7979472917631043,0.44586994233420446,0.5151317836787774,0.9803195467450163,0.9852334189219543,-2.967206993337193
public_input_complements,high g,1.4,1,1.8932670421523103,1.2,0.7980061613230057,0.4458290647725466,0.5149846185856949,0.9840829566497358,0.9890156929973237,-2.9500367083559964
public_input_complements,high g,1.4,1,1.921405095231136,1.2,0.7978869685535799,0.4459118251983057,0.5152825738747604,0.9882529907549589,0.9932066294854835,-2.9328643875510103
public_input_complements,high g,1.4,1,1.9501198453312445,1.2,0.7973620395923773,0.4462763531573364,0.5165948832274694,0.9933332989660099,0.9983124028474147,-2.9156801541143746
public_input_complements,high g,1.4,1,1.979424614091259,1.2,0.7976107540362161,0.4461036450280677,0.5159731192244104,0.996744941222782,1.0017411460321637,-2.8985103464670208
public_input_complements,high g,1.4,1,2.009333067747975,1.2,0.7979459810523055,0.4458708577766919,0.5151350717453491,0.9999783348471608,1.0049907471095314,-2.881354189184248
public_input_complements,high g,1.4,1,2.0398592267917226,1.2,0.79779375454279,0.4459765593140623,0.5155156135755847,1.0043081995045873,1.0093423153038716,-2.864199223257703
public_input_complements,high g,1.4,1,2.071017475912293,1.2,0.797805102123666,0.4459686750073158,0.5154872358921362,1.0082952925264885,1.0133493937127134,-2.8470773020735347
public_input_complements,high g,1.4,1,2.1028225742447084,1.2,0.7977045853638978,0.44603848179394157,0.5157385353110162,1.0125533836457614,1.017628828602543,-2.8299568185938
public_input_complements,high g,1.4,1,2.135289665924415,1.2,0.7976674618140673,0.446064251384358,0.515831321176146,1.0166898820867978,1.0217860613283,-2.812828484502303
public_input_complements,high g,1.4,1,2.168434290961828,1.2,0.797368924890486,0.4462715756495234,0.5165776785124847,1.0214409652750682,1.0265609594201563,-2.795714222308701
public_input_complements,high g,1.4,1,2.2022723964464688,1.2,0.7971255193585247,0.44644060683515635,0.517186191405413,1.0260921650028987,1.0312354733836437,-2.778555056996428
public_input_complements,high g,1.4,1,2.23682034809129,1.2,0.7979828191885143,0.445845245023888,0.5150429100630838,1.028237884092284,1.0333919479347229,-2.761492459726808
public_input_complements,high g,1.4,1,2.2720949421281498,1.2,0.7972872853611163,0.4463282756919401,0.5167817901334745,1.0339720395651333,1.0391548459814908,-2.7444294906571405
public_input_complements,high g,1.4,1,2.308113417565749,1.2,0.7976475868628399,0.44607806492947155,0.5158810333848187,1.0372871675576594,1.0424865911222312,-2.727350519512172
public_input_complements,high g,1.4,1,2.344893468821764,1.2,0.7976432549066991,0.44608106605716924,0.5158918477767865,1.0414639468017393,1.046684306559397,-2.710367275741165
public_input_complements,high g,1.4,1,2.382453258741261,1.2,0.7970828754758511,0.4464702199787295,0.5172927996782047,1.0469661095548324,1.052214049018062,-2.6933015921136394
public_input_complements,high g,1.4,1,2.4208114320139376,1.2,0.7978852984860366,0.4459129758972119,0.5152867294519411,1.0492794404122634,1.0545389754946706,-2.6762865527941253
public_input_complements,high g,1.4,1,2.4599871290031343,1.2,0.7972324891391371,0.44636631770377366,0.5169187571010141,1.0550503429482074,1.0603388047999533,-2.6593081494449127
public_input_complements,high g,1.4,1,2.5,1.2,0.7971795045796994,0.4464031093848366,0.5170512116915476,1.0594217011607876,1.0647320745367583,-2.6422509950857043
public_input_complements,high g,1.4,2,0.5,1.2,0.7197404453376479,0.5239811860409425,0.8186488846032098,0.782255560157515,0.786176632470187,-4.5162992590604585
public_input_complements,high g,1.4,2,0.5000203210855501,1.2,0.7197373726468428,0.5239832134887565,0.8186565555456571,0.7822713882074042,0.7861925398585063,-4.516061066866908
public_input_complements,high g,1.4,2,0.5000812892976928,1.2,0.7197281825689472,0.5239892924937168,0.8186795328068028,0.7823188618697396,0.7862402514835648,-4.515346472956532
public_input_complements,high g,1.4,2,0.5001829195049198,1.2,0.7197128537047464,0.523999430764436,0.8187178552689947,0.7823979974942732,0.7863197837770669,-4.514155425347711
public_input_complements,high g,1.4,2,0.5003252364947652,1.2,0.719692354795501,0.5240129720287927,0.8187690657658011,0.7825079938876007,0.7864303315296104,-4.51248783742094
public_input_complements,high g,1.4,2,0.5005082749838822,1.2,0.7196716873644468,0.5240266489177039,0.8188207523809056,0.7826447812280056,0.7865678045194123,-4.510343591371587
public_input_complements,high g,1.4,2,0.500732079632158,1.2,0.7198499000723481,0.5239087931029498,0.8183752426851424,0.7826447809568662,0.786567804246914,-4.50772525528239
public_input_complements,high g,1.4,2,0.5009967050608752,1.2,0.720060290844468,0.5237696490108881,0.8178492731122262,0.7826447812692735,0.7865678045608872,-4.504636950304626
public_input_complements,high g,1.4,2,0.5013022158749305,1.2,0.720170392686902,0.5236968225843955,0.8175740009345073,0.7827537673892706,0.7866773369760841,-4.501080701556912
public_input_complements,high g,1.4,2,0.5016486866891229,1.2,0.7201178258583604,0.5237315982587939,0.8177054389925843,0.7830232946147885,0.7869482152124422,-4.497051053750959
public_input_complements,high g,1.4,2,0.502036202158526,1.2,0.7200596329663476,0.5237700852002769,0.8178509202678808,0.7833241312330118,0.7872505597804896,-4.492546348084087
public_input_complements,high g,1.4,2,0.502464857012963,1.2,0.7199910681806906,0.5238154282637639,0.8180223231215261,0.7836602145588856,0.7875883277310447,-4.487566257277689
public_input_complements,high g,1.4,2,0.5029347560956027,1.2,0.7199201815173724,0.5238623124509475,0.8181995431213767,0.7840249446825155,0.7879548860720273,-4.482110420006453
public_input_complements,high g,1.4,2,0.5034460144056994,1.2,0.7198927313462459,0.5238804716846155,0.8182681784344622,0.7843806096935876,0.7883123338613864,-4.4761792362713235
public_input_complements,high g,1.4,2,0.5039987571454999,1.2,0.7201724203421391,0.5236954867637993,0.8175689436381579,0.7845094593503404,0.7884418293797316,-4.4697810412827526
public_input_complements,high g,1.4,2,0.5045931197713469,1.2,0.7200834359528219,0.5237543482093437,0.81779142578597,0.7849693172288339,0.7889039923054332,-4.46292133563744
public_input_complements,high g,1.4,2,0.5052292480490046,1.2,0.7199847585500153,0.5238195942324064,0.8180380811690827,0.7854639937381458,0.7894011483910668,-4.455585889917757
public_input_complements,high g,1.4,2,0.5059072981132409,1.2,0.720178077894243,0.5236917499135265,0.8175548109096351,0.7857439658260004,0.7896825238448517,-4.447780023371353
public_input_complements,high g,1.4,2,0.5066274365316988,1.2,0.7200696933958677,0.5237634229402235,0.8178257498325594,0.7863003103146099,0.7902416570218155,-4.439513617086679
public_input_complements,high g,1.4,2,0.507389840373095,1.2,0.7199826524227909,0.5238209970306594,0.818043368842745,0.7868659065439499,0.790810088314053,-4.430771744419187
public_input_complements,high g,1.4,2,0.5081946972797818,1.2,0.7198622443015994,0.5239006338145573,0.8183443931898169,0.7874861035138203,0.7914333940341718,-4.4215550028634905
public_input_complements,high g,1.4,2,0.5090422055447187,1.2,0.7197377762184689,0.5239829624210578,0.8186555825524904,0.7881366822195793,0.7920872337792642,-4.411860953186102
public_input_complements,high g,1.4,2,0.5099325741928927,1.2,0.7196047120435266,0.5240709567254291,0.8189882178097468,0.7888214343813987,0.7927754182755783,-4.401688887655636
public_input_complements,high g,1.4,2,0.5108660230672385,1.2,0.7196500159570742,0.5240409928822927,0.8188749558999657,0.7893850727687749,0.7933418819121283,-4.391040069153867
public_input_complements,high g,1.4,2,0.5118427829191048,1.2,0.7199548469241361,0.5238393827804857,0.8181128732220055,0.7897594943189727,0.7937181802581565,-4.379962731661755
public_input_complements,high g,1.4,2,0.5128630955033207,1.2,0.7198010492340037,0.523941102439256,0.8184973710982291,0.7905425671223001,0.7945051782302451,-4.368419230529595
public_input_complements,high g,1.4,2,0.5139272136779165,1.2,0.7196459014394903,0.5240437129889728,0.8188852396195003,0.791354000910608,0.795320679347343,-4.356397374513704
public_input_complements,high g,1.4,2,0.5150354015085564,1.2,0.7198097239135609,0.5239353724646176,0.8184757008361919,0.7919263393278947,0.7958958866228849,-4.343918090219782
public_input_complements,high g,1.4,2,0.5161879343777439,1.2,0.7200054480961396,0.5238059244145146,0.8179863884759794,0.7924986050576919,0.7964710208465898,-4.331002710998858
public_input_complements,high g,1.4,2,0.5173850990988615,1.2,0.7198774204689582,0.5238905870730353,0.8183064310126857,0.7933688060307362,0.7973455837201635,-4.317630434977301
public_input_complements,high g,1.4,2,0.5186271940351138,1.2,0.7196955170174515,0.5240108863435824,0.8187611732097937,0.7943115635791125,0.7982930668604163,-4.303780575084519
public_input_complements,high g,1.4,2,0.5199145292234401,1.2,0.7195098448335355,0.524133690645801,0.8192253655511412,0.7952850025596845,0.7992713852241837,-4.2894509856981795
public_input_complements,high g,1.4,2,0.5212474265034702,1.2,0.7193692497490427,0.5242266748321048,0.8195768487701711,0.7962481308532692,0.8002393412184303,-4.274640897675567
public_input_complements,high g,1.4,2,0.5226262196515982,1.2,0.7197882091105854,0.5239495895449122,0.8185294599772754,0.7967676980145275,0.8007615127209223,-4.259420908213604
public_input_complements,high g,1.4,2,0.5240512545202515,1.2,0.7198819486365355,0.5238876000873764,0.8182951283616342,0.7975876774604282,0.8015856023308999,-4.243748708057272
public_input_complements,high g,1.4,2,0.5255228891824385,1.2,0.7196708337468487,0.5240272163615172,0.8188228929610721,0.7986923854809571,0.8026958477234253,-4.22763345659557
public_input_complements,high g,1.4,2,0.5270414940816569,1.2,0.719450939609374,0.5241726578720302,0.8193726484443906,0.7998323605810191,0.8038415369724554,-4.211037462901445
public_input_complements,high g,1.4,2,0.5286074521872524,1.2,0.7195939608327525,0.5240780612142428,0.8190150820011503,0.8006927391505494,0.8047062282075124,-4.194009201515141
public_input_complements,high g,1.4,2,0.5302211591553182,1.2,0.7194462066718756,0.5241757858840217,0.8193844757130857,0.8018270126977874,0.8058461873245664,-4.176514785507494
public_input_complements,high g,1.4,2,0.5318830234952302,1.2,0.7192126077063468,0.5243302863141348,0.8199684816541111,0.8030621242996017,0.8070874899490484,-4.158543402071029
public_input_complements,high g,1.4,2,0.5335934667419154,1.2,0.7197796687795142,0.5239552411007444,0.8185508180369745,0.803643340203974,0.8076716192102651,-4.1401601609333305
public_input_complements,high g,1.4,2,0.5353529236339561,1.2,0.7196733474065639,0.524025558125435,0.8188166184219229,0.8048252349184953,0.8088594381966966,-4.121382642479027
public_input_complements,high g,1.4,2,0.537161842297634,1.2,0.7194505969863815,0.5241728860574297,0.8193735085918691,0.8061346555343641,0.8101754223107163,-4.102124202910448
public_input_complements,high g,1.4,2,0.5390206844370244,1.2,0.7191907297197699,0.5243447686041671,0.8200232054744812,0.8075041589762361,0.8115517904171575,-4.082388101730824
public_input_complements,high g,1.4,2,0.5409299255302531,1.2,0.7192949657421719,0.5242758173533912,0.8197625880153196,0.8085897267990646,0.8126427996713425,-4.06221838031677
public_input_complements,high g,1.4,2,0.5428900550320312,1.2,0.7192394803878353,0.5243125164736093,0.8199013069743106,0.8098400659532624,0.8138994061766319,-4.041584497011659
public_input_complements,high g,1.4,2,0.5449015765825912,1.2,0.7197591845275232,0.5239687823651011,0.8186020138765261,0.8106223614063734,0.8146856229020198,-4.0205770815290505
public_input_complements,high g,1.4,2,0.5469650082231464,1.2,0.7195100273283017,0.5241335822736761,0.8192249372683957,0.8120952288505022,0.8161658731249354,-3.999169964148938
public_input_complements,high g,1.4,2,0.5490808826180046,1.2,0.719216726294688,0.5243275618373244,0.819958183952364,0.8136349960880905,0.8177133584779208,-3.9772813866530474
public_input_complements,high g,1.4,2,0.5512497472834679,1.2,0.7189235853913677,0.524521437398978,0.8206910346295148,0.8152035255519432,0.8192897502284296,-3.954907115665241
public_input_complements,high g,1.4,2,0.5534721648236569,1.2,0.7193068608331461,0.5242679461570356,0.8197328410510107,0.816213285635575,0.8203045717555436,-3.932098594925035
public_input_complements,high g,1.4,2,0.5557487131734017,1.2,0.7192925039236038,0.5242774341950049,0.8197687168306673,0.8175960394647798,0.8216942566671608,-3.9089038845504454
public_input_complements,high g,1.4,2,0.5580799858483445,1.2,0.7194346567910728,0.5241834305642192,0.8194133637285765,0.8188702085493811,0.822974812550877,-3.885354295488482
public_input_complements,high g,1.4,2,0.5604665922024078,1.2,0.7191127986080905,0.5243962892728309,0.8202179854626899,0.8205784106369043,0.824691577036996,-3.8613379067293967
public_input_complements,high g,1.4,2,0.5629091576927818,1.2,0.7188243976936625,0.5245870253813434,0.8209389758712243,0.8222866602209141,0.8264083892576788,-3.8368368630624756
public_input_complements,high g,1.4,2,0.5654083241525933,1.2,0.718805361415447,0.5245996299901547,0.8209865994022238,0.8237875776433443,0.827916830059997,-3.811906215311449
public_input_complements,high g,1.4,2,0.5679647500714233,1.2,0.7191768507379088,0.5243539315257617,0.8200578659625186,0.8249725499203873,0.8291077420352965,-3.7865846869536983
public_input_complements,high g,1.4,2,0.5705791108838415,1.2,0.7191768512652478,0.5243539402660222,0.8200578852580905,0.8265127299243982,0.8306556422237047,-3.7609313166992115
public_input_complements,high g,1.4,2,0.5732520992661372,1.2,0.7189165158930237,0.524526102164536,0.8207086838161441,0.828312207884293,0.8324641401044098,-3.734806839905327
public_input_complements,high g,1.4,2,0.5759844254414287,1.2,0.7188762144022135,0.5245527643151402,0.8208094550645245,0.8299458525887518,0.8341059734870264,-3.7082426387129863
public_input_complements,high g,1.4,2,0.578776817493336,1.2,0.718519909251097,0.5247884143687702,0.8217002145372738,0.8318897365177055,0.8360596011747222,-3.6812271834767705
public_input_complements,high g,1.4,2,0.5816300216884137,1.2,0.7192463518223319,0.5243079513399158,0.8198840818165974,0.8328966738909641,0.8370715858425684,-3.6538580240513134
public_input_complements,high g,1.4,2,0.5845448028075416,1.2,0.7188772065854838,0.524552104310482,0.8208069659906894,0.8349106705878796,0.839095677739938,-3.6261358358661804
public_input_complements,high g,1.4,2,0.5875219444864789,1.2,0.7188180962382755,0.5245912125630441,0.8209547738547085,0.8366765615620931,0.8408704202794952,-3.597965152958855
public_input_complements,high g,1.4,2,0.5905622495657936,1.2,0.7185278252886746,0.5247831734191386,0.8216804120259318,0.838679812315493,0.842883712369083,-3.5693598536053024
public_input_complements,high g,1.4,2,0.5936665404503856,1.2,0.7188197356680796,0.5245901234400163,0.8209506642938776,0.8401875858464727,0.8443990436463379,-3.5403019558801723
public_input_complements,high g,1.4,2,0.5968356594788269,1.2,0.7188114806571804,0.5245955811338978,0.8209712973544998,0.8419947894648842,0.8462153059105839,-3.510974729516052
public_input_complements,high g,1.4,2,0.600070469302753,1.2,0.7187381692381735,0.5246440734224344,0.8211545892839077,0.8438902616036781,0.848120279143012,-3.481246631630345
public_input_complements,high g,1.4,2,0.6033718532765401,1.2,0.718371786481051,0.5248863830352286,0.8220705302428477,0.8460823482137325,0.8503233536329249,-3.45106611250892
public_input_complements,high g,1.4,2,0.6067407158575169,1.2,0.7184303491308446,0.524847646695288,0.8219241135740687,0.8479172264841658,0.8521674292689632,-3.4204165457860958
public_input_complements,high g,1.4,2,0.6101779830169621,1.2,0.7188109492340728,0.52459593453435,0.8209726302898332,0.8494856095444823,0.853743673882085,-3.389478940988307
public_input_complements,high g,1.4,2,0.6136846026621482,1.2,0.7186229506518469,0.5247202701883567,0.8214426221353461,0.8516044279704083,0.8558731129295682,-3.3582382854919732
public_input_complements,high g,1.4,2,0.6172615450697004,1.2,0.7181958247263558,0.5250027559636823,0.8225104257992757,0.8539742845941036,0.8582548485090237,-3.326509370519557
public_input_complements,high g,1.4,2,0.6209098033305457,1.2,0.7183419988271231,0.5249060790224628,0.8221449883958225,0.8558455170537469,0.8601354605604038,-3.2943068766035326
public_input_complements,high g,1.4,2,0.6246303938067362,1.2,0.7184408395876583,0.5248407077843474,0.8218978856672416,0.8577893413667729,0.8620890283333458,-3.2618749163777325
public_input_complements,high g,1.4,2,0.6284243566004422,1.2,0.7183962527594557,0.524870201114646,0.8220093633685616,0.8598958596957967,0.8642061056294346,-3.229089645599816
public_input_complements,high g,1.4,2,0.6322927560354111,1.2,0.717984427035536,0.5251425644305325,0.8230389090929118,0.8623755587787628,0.866698234255779,-3.1958354961721223
public_input_complements,high g,1.4,2,0.6362366811512086,1.2,0.7185676222489947,0.5247568521961891,0.821580918531962,0.8639543815013303,0.8682849708601766,-3.1621682904822292
public_input_complements,high g,1.4,2,0.6402572462105554,1.2,0.718160087635314,0.5250263968051789,0.8225997803188319,0.8664919768063963,0.8708352859146421,-3.128258239236942
public_input_complements,high g,1.4,2,0.6443555912200942,1.2,0.7181320581514643,0.5250449252505792,0.8226698323168495,0.8687035616157367,0.8730579563389717,-3.0939581894209174
public_input_complements,high g,1.4,2,0.6485328824649206,1.2,0.7180005528564142,0.5251319088507291,0.8229986164170395,0.8710433896204699,0.8754095127803859,-3.0592128815218205
public_input_complements,high g,1.4,2,0.652790313057229,1.2,0.718237874695703,0.524974944783413,0.822405300073078,0.8730634166132047,0.8774396652005585,-3.0241763133095145
public_input_complements,high g,1.4,2,0.6571291034994325,1.2,0.7178482279689439,0.5252326460893553,0.8233794133617142,0.8757103387925637,0.8800998551325546,-2.98877620945503
public_input_complements,high g,1.4,2,0.6615505022621248,1.2,0.7177660691457162,0.5252869925359351,0.8235848299257846,0.8780956437016894,0.8824971164322933,-2.9530023110217636
public_input_complements,high g,1.4,2,0.6660557863772645,1.2,0.7176886292638069,0.5253382022302627,0.823778413394429,0.8805072745263585,0.8849208356067763,-2.9168534237234507
public_input_complements,high g,1.4,2,0.6706462620469753,1.2,0.7178770367978544,0.5252136030357599,0.823307414887249,0.8826934957582643,0.8871180153182102,-2.8804511876035237
public_input_complements,high g,1.4,2,0.6753232652683625,1.2,0.7175883596346031,0.5254045259352038,0.8240291051864395,0.885370580846339,0.8898085193511314,-2.8435823976525296
public_input_complements,high g,1.4,2,0.6800881624747613,1.2,0.7177143368642247,0.5253211893253706,0.8237141205257161,0.8876774554991961,0.892126957261306,-2.806444404400091
public_input_complements,high g,1.4,2,0.6849423511938463,1.2,0.7179284206747296,0.5251796071792943,0.8231789284079103,0.889927993812133,0.8943887764444812,-2.7689689071215637
public_input_complements,high g,1.4,2,0.6898872607230374,1.2,0.7174119973220638,0.525521164073395,0.8244700027963963,0.8929228607421038,0.8973986552074096,-2.731140391282797
public_input_complements,high g,1.4,2,0.6949243528226603,1.2,0.7176875972176353,0.5253388894873505,0.8237810041396758,0.8951740441121764,0.8996611226810831,-2.692934090383867
public_input_complements,high g,1.4,2,0.7000551224273222,1.2,0.7177068652627498,0.5253261378128351,0.8237328152967602,0.8977067631045825,0.9022065369802696,-2.6544195154184846
public_input_complements,high g,1.4,2,0.7052810983759861,1.2,0.7174564161345558,0.5254917730758498,0.8243589252014718,0.9005374096884082,0.9050513722391423,-2.6156520740952995
public_input_complements,high g,1.4,2,0.7106038441612367,1.2,0.7172734387246349,0.5256127966278228,0.8248163840272671,0.9033338343640744,0.9078618140518272,-2.576483954016674
public_input_complements,high g,1.4,2,0.7160249586982449,1.2,0.7171977886043543,0.5256628317092971,0.8250055137123313,0.9060556459099073,0.910597268734809,-2.5369536070459904
public_input_complements,high g,1.4,2,0.7215460771139571,1.2,0.717431260840319,0.5255084325802897,0.8244218642517782,0.9084994658572566,0.9130533383806209,-2.497207398965303
public_input_complements,high g,1.4,2,0.7271688715570458,1.2,0.7172371430658742,0.5256368056494036,0.8249071321469734,0.9114028095841273,0.9159712351784846,-2.4571275102090295
public_input_complements,high g,1.4,2,0.7328950520291776,1.2,0.7171378515218265,0.525702483491725,0.8251553810374057,0.9142432148045445,0.9188258779893183,-2.416611525989588
public_input_complements,high g,1.4,2,0.7387263672381705,1.2,0.717377438263294,0.5255440180259394,0.8245563946195369,0.9167719743391765,0.921367312983866,-2.3758924560816856
public_input_complements,high g,1.4,2,0.7446646054736273,1.2,0.7171739803118873,0.5256785757712497,0.825065029537307,0.919781561237617,0.924391985499413,-2.3349280207921033
public_input_complements,high g,1.4,2,0.7507115955056528,1.2,0.7166454049226312,0.526028172140468,0.8263864894919504,0.9231566490474882,0.9277839910073336,-2.2935180068852143
public_input_complements,high g,1.4,2,0.7568692075072764,1.2,0.7172356296053268,0.5256378022115863,0.8249109058105508,0.9254190333999729,0.9300577156085771,-2.2518091979955184
public_input_complements,high g,1.4,2,0.7631393540012239,1.2,0.7170784753526884,0.5257417600230491,0.825303836379587,0.9284788059589207,0.9331328253413016,-2.2099749121533336
public_input_complements,high g,1.4,2,0.7695239908317001,1.2,0.7165402447192336,0.5260977137173565,0.8266493699917311,0.9319662046477988,0.9366377046888528,-2.167703217500624
public_input_complements,high g,1.4,2,0.7760251181618615,1.2,0.7170937211851147,0.5257316631467983,0.8252656908318239,0.934354647980078,0.9390381201431565,-2.1250353316940656
public_input_complements,high g,1.4,2,0.7826447814976824,1.2,0.7169481406218288,0.5258279452930972,0.8256296393029157,0.9375003911226966,0.9421996313888957,-2.082370414408238
public_input_complements,high g,1.4,2,0.7893850727389358,1.2,0.7164077546852663,0.5261853388099954,0.8269805937358032,0.9410935655797985,0.9458108167079153,-2.0392460878465446
public_input_complements,high g,1.4,2,0.7962481312580323,1.2,0.7169806186187815,0.5258064641854869,0.8255484421539028,0.9435503843561022,0.9482799503395831,-1.9957354748014016
public_input_complements,high g,1.4,2,0.8032361450074849,1.2,0.716802699072407,0.5259241288391796,0.8259932251348525,0.9468289165900965,0.9515749162847885,-1.952198745162357
public_input_complements,high g,1.4,2,0.8103513516567865,1.2,0.7162501072669132,0.5262896075957944,0.8273747227603483,0.9505395746315292,0.9553041740770559,-1.9082363781236573
public_input_complements,high g,1.4,2,0.8175960397595149,1.2,0.7167110792571656,0.5259847367115207,0.8262223036045635,0.9532050999080535,0.9579830603546301,-1.8639317328453942
public_input_complements,high g,1.4,2,0.8249725499515008,1.2,0.7166331684294235,0.5260362530100544,0.8264170533973801,0.9564766800251486,0.9612710393353053,-1.8195426232946328
public_input_complements,high g,1.4,2,0.8324832761809209,1.2,0.7160529252719698,0.5264200293257808,0.8278677012389013,0.9603228032397263,0.9651364413227238,-1.7747755153219282
public_input_complements,high g,1.4,2,0.8401306669712053,1.2,0.7165350100118184,0.526101169546612,0.8266624425198978,0.9630567647492164,0.9678841068713092,-1.7297050100733131
public_input_complements,high g,1.4,2,0.8479172267176741,1.2,0.7164379220253279,0.5261653890541733,0.8269051803495373,0.9664484867392316,0.9712928299385486,-1.684492119778104
public_input_complements,high g,1.4,2,0.8558455170188431,1.2,0.7162279954954618,0.5263042167701206,0.8274299681391717,0.9699970674464711,0.9748591979806045,-1.638973386628315
public_input_complements,high g,1.4,2,0.8639181580433734,1.2,0.716429878383469,0.5261707111235002,0.8269252944446295,0.9731280347966347,0.9780058593699209,-1.5931460158962674
public_input_complements,high g,1.4,2,0.8721378299336601,1.2,0.716065704210321,0.5264115678033127,0.8278357315675923,0.9769143578367245,0.9818111614332294,-1.547147465085811
public_input_complements,high g,1.4,2,0.8805072742470966,1.2,0.716001607710224,0.5264539582045896,0.8279959694977854,0.9804044363314853,0.9853187340192462,-1.5009138686823587
public_input_complements,high g,1.4,2,0.88902929543607,1.2,0.7161838957140707,0.526333393724305,0.8275402412526531,0.9836534817762123,0.988584065372038,-1.4543546219027754
public_input_complements,high g,1.4,2,0.8977067623677852,1.2,0.7155863114717899,0.5267286212490474,0.8290342015210496,0.9878062704228786,0.9927576699584205,-1.4076098884416814
public_input_complements,high g,1.4,2,0.9065426098850453,1.2,0.715754666497371,0.5266172866680139,0.8286133396656848,0.9911372634399734,0.9961053596474959,-1.3606698730860194
public_input_complements,high g,1.4,2,0.9155398404091444,1.2,0.7159324784496679,0.5264996775508282,0.8281687902356105,0.9944885400610007,0.9994734346124917,-1.3134233250210219
public_input_complements,high g,1.4,2,0.9247015255860773,1.2,0.7157152578673169,0.5266433470513563,0.8287118532451594,0.9983195555183256,1.0033236531147094,-1.2659766348340842
public_input_complements,high g,1.4,2,0.9340308079772923,1.2,0.7155320354034281,0.5267645247400525,0.8291699067070112,1.002147207043318,1.0071704908228132,-1.2183418083001478
public_input_complements,high g,1.4,2,0.9435309027962627,1.2,0.7156607947327475,0.5266793659855058,0.8288480073223797,1.005652315380629,1.0106931685887792,-1.1704328984212147
public_input_complements,high g,1.4,2,0.9532050996921831,1.2,0.7154809228216088,0.5267983365064761,0.8292977043750791,1.009544848066842,1.0146052126762781,-1.1223429145434616
public_input_complements,high g,1.4,2,0.9630567645821445,1.2,0.715244677425555,0.5269545735914773,0.8298882954799156,1.0135378884843855,1.018618268292207,-1.0740153879570644
public_input_complements,high g,1.4,2,0.9730893415331738,1.2,0.7153668419294825,0.5268737931796927,0.8295829210020607,1.017149918597462,1.0222484037815698,-1.0254750610039283
public_input_complements,high g,1.4,2,0.9833063546955787,1.2,0.715122788077861,0.527035192795519,0.8301930291823763,1.021222149481076,1.026341046807432,-0.9767840414206508
public_input_complements,high g,1.4,2,0.9937114102890687,1.2,0.7149376288331686,0.5271576376579139,0.8306558933749804,1.025261368566765,1.0304005125630442,-0.9277802755846247
public_input_complements,high g,1.4,2,1.0043081986431819,1.2,0.715510332385401,0.5267788784765499,0.8292241639994146,1.0284407004268785,1.0335957808904253,-0.8786949001373534
public_input_complements,high g,1.4,2,1.0151004962935855,1.2,0.714805346259888,0.5272451358662591,0.8309866218847879,1.0331643194395177,1.038343077141897,-0.8293819006467165
public_input_complements,high g,1.4,2,1.0260921681358672,1.2,0.7146601920036888,0.5273411299205212,0.8313494906560535,1.0372615156755296,1.0424608106595072,-0.7797355268972219
public_input_complements,high g,1.4,2,1.037287169638491,1.2,0.7151855526911921,0.5269936791431502,0.8300361116054729,1.0405896304901063,1.0458056077190145,-0.7301644361558677
public_input_complements,high g,1.4,2,1.0486895491166357,1.2,0.7145173396635446,0.5274356084342751,0.8317066202653912,1.04538433100702,1.0506243417722838,-0.6802279032713088
public_input_complements,high g,1.4,2,1.0603034500686892,1.2,0.715112322307792,0.5270421131942906,0.8302191904168592,1.0486895493576902,1.0539461275988817,-0.6300246936436178
public_input_complements,high g,1.4,2,1.0721331135772334,1.2,0.7148449992232815,0.5272189115742847,0.8308874922271963,1.053072011446188,1.0583505568700133,-0.5799501671357672
public_input_complements,high g,1.4,2,1.0841828807763967,1.2,0.7141696396587225,0.5276655840497737,0.8325759049661645,1.0579910527399197,1.0632942549608384,-0.5294278436764044
public_input_complements,high g,1.4,2,1.0964571953875313,1.2,0.7151599863162481,0.5270105836759172,0.8301000174607323,1.060900990425382,1.0662187787696484,-0.47878678167939226
public_input_complements,high g,1.4,2,1.1089606063252093,1.2,0.7145389346743495,0.5274213227070825,0.8316526252253139,1.0658278151125926,1.0711702992683743,-0.42815171501373817
public_input_complements,high g,1.4,2,1.1216977703756155,1.2,0.7142245609800926,0.5276292487395099,0.8324385751611161,1.0704142076463823,1.0757796811904092,-0.3770947177469819
public_input_complements,high g,1.4,2,1.1346734549494641,1.2,0.7147994101157962,0.527249055137333,0.8310014469356752,1.0739255143683362,1.0793085884105504,-0.326040573980638
public_input_complements,high g,1.4,2,1.147892540911644,1.2,0.7141707416966739,0.527664859768348,0.8325731602579395,1.0789777914527368,1.0843861901392242,-0.2748651761692451
public_input_complements,high g,1.4,2,1.1613600254898573,1.2,0.7138500708390225,0.5278769315880076,0.8333748100025788,1.0836822623450408,1.0891142422900082,-0.22334322669091167
public_input_complements,high g,1.4,2,1.1750810252645967,1.2,0.7144773329652472,0.5274620723527985,0.8318066471309,1.0872195602602583,1.0926692709848118,-0.17187858788468224
public_input_complements,high g,1.4,2,1.189060779242872,1.2,0.7140239825179582,0.5277619217325797,0.832940055971533,1.0921641210312758,1.0976386164698346,-0.12017987921970175
public_input_complements,high g,1.4,2,1.2033046520181812,1.2,0.7141083941218321,0.5277060869979213,0.8327290111894533,1.0964571962919718,1.1019532108598258,-0.06825239659283744
public_input_complements,high g,1.4,2,1.217818137019287,1.2,0.7140922376473056,0.527716765460024,0.832769386416029,1.1009129733819982,1.106431322625461,-0.016384634947656185
public_input_complements,high g,1.4,2,1.2326068598504607,1.2,0.7138780701563741,0.5278584260249067,0.8333048400681144,1.1056603599762842,1.111202505594078,0.035726517043082495
public_input_complements,high g,1.4,2,1.247676581725918,1.2,0.713984508257039,0.5277880305814097,0.833038745101598,1.110025497015185,1.1155895229734407,0.08802837224073246
public_input_complements,high g,1.4,2,1.2630332030012734,1.2,0.7136968798326762,0.527978252081727,0.8337577958886806,1.1149410550661676,1.1205297203616893,0.14034834618567205
public_input_complements,high g,1.4,2,1.2786827668049243,1.2,0.7134792824266089,0.5281221524685435,0.8343017593720482,1.1198020181222141,1.1254150490964512,0.19282634863299597
public_input_complements,high g,1.4,2,1.294631462772364,1.2,0.7135832867961316,0.5280533721974191,0.8340417613476152,1.1242727510111274,1.1299081916272269,0.2454792590475896
public_input_complements,high g,1.4,2,1.31088563088653,1.2,0.7137844690898093,0.5279203229215976,0.8335388232963744,1.128645757806126,1.1343031182100038,0.2981484255666724
public_input_complements,high g,1.4,2,1.3274517654273796,1.2,0.7130701027848112,0.5283927905706916,0.8353247462295175,1.1342801897587678,1.1399657928703388,0.35103824873989486
public_input_complements,high g,1.4,2,1.3443365190339982,1.2,0.7132262273704295,0.5282895270873357,0.8349344200636477,1.1387829624987573,1.1444911358526129,0.4040030762501905
public_input_complements,high g,1.4,2,1.3615467068826452,1.2,0.7133730385259959,0.5281924253978769,0.8345673822763892,1.1433296901811132,1.1490606541023185,0.45696305427749984
public_input_complements,high g,1.4,2,1.3790893109842512,1.2,0.7135310255849381,0.5280879513089778,0.8341724479838237,1.1478925412140293,1.1536463765212155,0.5102232644636371
public_input_complements,high g,1.4,2,1.3969714846049992,1.2,0.7132547560767935,0.528270659383522,0.8348630994050346,1.153083997126508,1.1588638547147463,0.5634361813280861
public_input_complements,high g,1.4,2,1.4152005568137338,1.2,0.712956075441056,0.5284681960775313,0.8356097932627848,1.158344369527769,1.1641505948423967,0.6167270894885859
public_input_complements,high g,1.4,2,1.4337840371600625,1.2,0.71318315002532,0.5283180238554517,0.8350421280788446,1.162912094856315,1.168741215989432,0.6702384121415053
public_input_complements,high g,1.4,2,1.4527296204871472,1.2,0.713085239360236,0.5283827694123577,0.8352868816669914,1.1679644230901114,1.1738188691238889,0.7237195603981368
public_input_complements,high g,1.4,2,1.4720451918832933,1.2,0.7125879609709994,0.5287116688620294,0.8365301040080831,1.1736136434470472,1.1794964063157034,0.7773357123388989
public_input_complements,high g,1.4,2,1.4917388317766058,1.2,0.7132161398111889,0.5282962078595581,0.834959659614289,1.177712243418636,1.183615550605144,0.8310332890930443
public_input_complements,high g,1.4,2,1.5118188211770927,1.2,0.7129111305640617,0.5284979246642487,0.8357221625744545,1.183162415445301,1.18909304173278,0.8847670016277709
public_input_complements,high g,1.4,2,1.5322936470707536,1.2,0.7123196230395292,0.5288891332860528,0.8372009312532387,1.18906077970037,1.1950209716617137,0.9386928197446665
public_input_complements,high g,1.4,2,1.5531720079703377,1.2,0.7127959014922278,0.5285741328713207,0.8360102318599276,1.1934656282397857,1.199447899596316,0.9924912712503131
public_input_complements,high g,1.4,2,1.5744628196276003,1.2,0.7125382733132126,0.5287445227598492,0.8366543043061252,1.1989585197469794,1.204968324336768,1.0464873140072495
public_input_complements,high g,1.4,2,1.5961752209120554,1.2,0.7130775947633807,0.5283878333429666,0.8353060112584674,1.203327659814729,1.2093593648102448,1.1006095409188932
public_input_complements,high g,1.4,2,1.618318579861377,1.2,0.7124253358082686,0.5288192251983215,0.8369366669415246,1.2094679171127327,1.2155304002760365,1.154568289281996
public_input_complements,high g,1.4,2,1.6409024999087747,1.2,0.712114538703865,0.5290247660123519,0.8377136306121493,1.2151486383436056,1.221239596240576,1.2088015337079083
public_input_complements,high g,1.4,2,1.6639368262928396,1.2,0.712695460547617,0.5286405720194057,0.8362613567923951,1.2195459764703687,1.2256589761164252,1.2629695874232345
public_input_complements,high g,1.4,2,1.6874316526555453,1.2,0.7119995815124813,0.5291007972004012,0.8380010265380284,1.225870550049137,1.2320152517521838,1.3171671393625743
public_input_complements,high g,1.4,2,1.7113973278342638,1.2,0.7121567192177476,0.5289968791141654,0.8376082026131797,1.2309607812183199,1.2371309978112812,1.371591277002631
public_input_complements,high g,1.4,2,1.7358444628538618,1.2,0.7123301810536324,0.5288821644217936,0.8371745678549953,1.2360563337513943,1.242252091907718,1.4257825090949776
public_input_complements,high g,1.4,2,1.7607839381251333,1.2,0.711542628551556,0.5294030176565403,0.8391434154934776,1.2426400719059254,1.2488688311870815,1.4802013749777538
public_input_complements,high g,1.4,2,1.7862269108560356,1.2,0.7117996322187494,0.5292330454452316,0.8385009148510361,1.2476765813075457,1.253930586197136,1.5347036149613844
public_input_complements,high g,1.4,2,1.8121848226824113,1.2,0.7119089089359816,0.5291607679503834,0.838227712775488,1.2529676692554257,1.2592481958337236,1.5889637001460706
public_input_complements,high g,1.4,2,1.8386694075250942,1.2,0.7115547520738873,0.5293950037646107,0.8391131164642499,1.2590052601463382,1.2653160502749177,1.6435609009465484
public_input_complements,high g,1.4,2,1.8656926996805347,1.2,0.7123220461945003,0.5288875164444392,0.837194841101488,1.2633382637631334,1.2696707731627257,1.698042999224536
public_input_complements,high g,1.4,2,1.8932670421523103,1.2,0.711490273746233,0.5294376364933261,0.8392742858206306,1.27019095293324,1.2765578115802405,1.752421744631234
public_input_complements,high g,1.4,2,1.921405095231136,1.2,0.7111954672318228,0.5296326169892874,0.840011308099881,1.276245929318658,1.2826431386610935,1.8070674015367327
public_input_complements,high g,1.4,2,1.9501198453312445,1.2,0.7119090965978697,0.5291606454362197,0.8382272472514763,1.2807430631895766,1.2871628145093474,1.861547623599459
public_input_complements,high g,1.4,2,1.979424614091259,1.2,0.7111326408300318,0.5296741676659944,0.8401683714364436,1.2876309348118014,1.2940852117317556,1.9160558273366712
public_input_complements,high g,1.4,2,2.009333067747975,1.2,0.7107807232872628,0.52990693473596,0.8410482046938944,1.2938850700774136,1.300370695980844,1.970723961646705
public_input_complements,high g,1.4,2,2.0398592267917226,1.2,0.7115018552583339,0.5294299874429984,0.8392453562623865,1.298449966729482,1.3049584742726021,2.025173115089242
public_input_complements,high g,1.4,2,2.071017475912293,1.2,0.7112130270583199,0.5296210089426587,0.8399674212236303,1.3046690677473582,1.3112087486640571,2.0797143113275167
public_input_complements,high g,1.4,2,2.1028225742447084,1.2,0.7109484325815703,0.5297960009892186,0.8406288976619778,1.3108856308692298,1.317456472438251,2.1344179985461675
public_input_complements,high g,1.4,2,2.135289665924415,1.2,0.7111591688975211,0.5296566384836658,0.8401020871834334,1.3163591607483478,1.3229574385000626,2.1888181117428074
public_input_complements,high g,1.4,2,2.168434290961828,1.2,0.7108115524238912,0.5298865417197296,0.8409711241964555,1.3227811233551303,1.32941159132837,2.2433308346391447
public_input_complements,high g,1.4,2,2.2022723964464688,1.2,0.7109443954070582,0.5297986813706717,0.8406390139416251,1.3284434645805434,1.3351023151572885,2.2979931427581803
public_input_complements,high g,1.4,2,2.23682034809129,1.2,0.7108201202205453,0.5298808716517285,0.840949696685575,1.3345635010690466,1.3412530284563506,2.3523920364827795
public_input_complements,high g,1.4,2,2.2720949421281498,1.2,0.7104172225886758,0.5301473340133254,0.8419569309535462,1.3411848026659017,1.347907519465576,2.4068518370882117
public_input_complements,high g,1.4,2,2.308113417565749,1.2,0.7106189688345341,0.5300138980452507,0.8414525519320946,1.3468230994321868,1.3535740783120138,2.461420624622738
public_input_complements,high g,1.4,2,2.344893468821764,1.2,0.7108829830477486,0.5298392910217029,0.8407925289894738,1.3523814395124434,1.3591602796878663,2.515735530442659
public_input_complements,high g,1.4,2,2.382453258741261,1.2,0.7100926088140059,0.5303620290086899,0.8427684729777026,1.3597688594048467,1.3665847291765776,2.5701805393546016
public_input_complements,high g,1.4,2,2.4208114320139376,1.2,0.7104466390996609,0.5301278901254379,0.8418834157048325,1.3652331077846394,1.3720763672153546,2.6246288856234745
public_input_complements,high g,1.4,2,2.4599871290031343,1.2,0.710507589573161,0.5300875685664435,0.8417310159355329,1.3712270759280016,1.3781003802490661,2.678824858694198
public_input_complements,high g,1.4,2,2.5,1.2,0.7097171704866372,0.5306103277664886,0.8437070528877593,1.3787325011906648,1.3856434266124174,2.7332230383178437
public_input_complements,high g,1.4,3,0.5,1.2,0.6497267435885159,0.6076529322416129,1.2096831400996502,0.9181431100504446,0.9227453215414878,-8.439683964533438
public_input_complements,high g,1.4,3,0.5000203210855501,1.2,0.6497258300040865,0.6076534838741462,1.2096854239392925,0.9181603076318954,0.9227626053261744,-8.439009198256887
public_input_complements,high g,1.4,3,0.5000812892976928,1.2,0.6497231134007455,0.6076551148577987,1.2096921919060262,0.9182118815696991,0.9228144377794171,-8.436984934923226
public_input_complements,high g,1.4,3,0.5001829195049198,1.2,0.6497185954066056,0.6076578507757586,1.2097035059203785,0.9182978498092621,0.9229008369365742,-8.433611281006375
public_input_complements,high g,1.4,3,0.5003252364947652,1.2,0.6497122667067958,0.607661666044838,1.2097193117485814,0.9184182048011267,0.923021795210346,-8.42888841396816
public_input_complements,high g,1.4,3,0.5005082749838822,1.2,0.6497041305602216,0.607666588949114,1.2097396763893773,0.918572969986703,0.9231773361596434,-8.42281658224531
public_input_complements,high g,1.4,3,0.500732079632158,1.2,0.6496941678336496,0.6076725912045091,1.2097645487183508,0.9187621428367305,0.9233674572425277,-8.415396105256516
public_input_complements,high g,1.4,3,0.5009967050608752,1.2,0.6496824444468405,0.6076796896539515,1.2097939046535746,0.918985729390183,0.9235921645282432,-8.406627373391524
public_input_complements,high g,1.4,3,0.5013022158749305,1.2,0.6496688611574966,0.6076878761947735,1.2098278233103206,0.9192437624036248,0.9238514909375475,-8.396510848002407
public_input_complements,high g,1.4,3,0.5016486866891229,1.2,0.6496535081407573,0.6076971589296427,1.209866234640475,0.9195362412438911,0.9241454358341014,-8.385047061407828
public_input_complements,high g,1.4,3,0.502036202158526,1.2,0.6496363065313044,0.6077075351576697,1.209909210800347,0.9198632012970487,0.9244740347813456,-8.372236616873057
public_input_complements,high g,1.4,3,0.502464857012963,1.2,0.6496173495918831,0.6077189863666858,1.209956612542964,0.9202246296773965,0.9248372748289891,-8.358080188616459
public_input_complements,high g,1.4,3,0.5029347560956027,1.2,0.649596569480831,0.6077315310688599,1.2100085536942167,0.9206205759735412,0.9252352058142024,-8.342578521779899
public_input_complements,high g,1.4,3,0.5034460144056994,1.2,0.6495739952881932,0.6077451780044525,1.2100650268748667,0.9210510630104768,0.9256678506763905,-8.325732432434135
public_input_complements,high g,1.4,3,0.5039987571454999,1.2,0.6495495928911015,0.6077599026219229,1.2101260052217548,0.9215161110798153,0.9261352298088771,-8.307542807562749
public_input_complements,high g,1.4,3,0.5045931197713469,1.2,0.6495234028484882,0.6077757065905129,1.2101914523223458,0.922015740296328,0.9266373634272596,-8.288010605048736
public_input_complements,high g,1.4,3,0.5052292480490046,1.2,0.6494954384462575,0.6077926111232801,1.2102614075839702,0.9225499910162136,0.9271742920900228,-8.267136853656925
public_input_complements,high g,1.4,3,0.5059072981132409,1.2,0.6494656543434174,0.6078105906370361,1.21033585279898,0.9231188919385804,0.9277460446401298,-8.244922653024574
public_input_complements,high g,1.4,3,0.5066274365316988,1.2,0.6494340911476573,0.6078296478326704,1.2104147540686956,0.9237224700999311,0.9283526482496046,-8.221369173643504
public_input_complements,high g,1.4,3,0.507389840373095,1.2,0.6494007048893491,0.6078498072617231,1.2104982163487708,0.9243607879331014,0.9289941656642284,-8.196477656835764
public_input_complements,high g,1.4,3,0.5081946972797818,1.2,0.6493655450259004,0.6078710318998561,1.210586098213342,0.9250338508953652,0.9296706023686304,-8.170249414752062
public_input_complements,high g,1.4,3,0.5090422055447187,1.2,0.649328608001797,0.607893343991776,1.2106784584737742,0.9257417145528456,0.9303820142074595,-8.142685830332512
public_input_complements,high g,1.4,3,0.5099325741928927,1.2,0.6492898830985032,0.6079167441750755,1.210775309432384,0.9264844254283898,0.9311284479367598,-8.113788357296311
public_input_complements,high g,1.4,3,0.5108660230672385,1.2,0.6492493476817618,0.6079412062289732,1.2108766085910072,0.9272620189471495,0.9319099391592525,-8.083558520120015
public_input_complements,high g,1.4,3,0.5118427829191048,1.2,0.64920703539878,0.6079667634452699,1.2109824049992701,0.9280745546523773,0.9327265477166518,-8.051997914007622
public_input_complements,high g,1.4,3,0.5128630955033207,1.2,0.6491629572962672,0.6079933798312758,1.2110925982046217,0.9289220581258111,0.9335782993189246,-8.019108204876243
public_input_complements,high g,1.4,3,0.5139272136779165,1.2,0.6491170817370697,0.6080210711982705,1.211207259119434,0.9298045983314002,0.9344652632757035,-7.984891129316209
public_input_complements,high g,1.4,3,0.5150354015085564,1.2,0.6490694390650482,0.6080498419163846,1.2113263682552509,0.9307222245032355,0.9353874890678662,-7.949348494574764
public_input_complements,high g,1.4,3,0.5161879343777439,1.2,0.6490200331279081,0.608079694686507,1.211449928473375,0.9316749933297033,0.9363450336679509,-7.912482178522521
public_input_complements,high g,1.4,3,0.5173850990988615,1.2,0.6489688458044851,0.6081106039254492,1.2115778943463305,0.9326629518403553,0.9373379443412457,-7.874294129626238
public_input_complements,high g,1.4,3,0.5186271940351138,1.2,0.6489158837544093,0.6081425696332114,1.2117102592144877,0.933686158472743,0.9383662798182217,-7.834786366913285
public_input_complements,high g,1.4,3,0.5199145292234401,1.2,0.6488611620258049,0.6081756244640014,1.2118470891427742,0.93474469139065,0.93943011865446,-7.793960979937002
public_input_complements,high g,1.4,3,0.5212474265034702,1.2,0.6488046812425257,0.6082097357636114,1.2119883023942846,0.9358385948650136,0.9405295053428071,-7.751820128751681
public_input_complements,high g,1.4,3,0.5226262196515982,1.2,0.6487464390639417,0.6082449052012824,1.2121339054560436,0.9369679366068139,0.9416645079336455,-7.708366043866004
public_input_complements,high g,1.4,3,0.5240512545202515,1.2,0.6486864362817681,0.6082811365095517,1.2122839068079583,0.938132786839314,0.9428351970022341,-7.663601026208961
public_input_complements,high g,1.4,3,0.5255228891824385,1.2,0.6486246768792951,0.6083184286567709,1.2124382999041234,0.9393332141278831,0.9440416414576274,-7.61752744709113
public_input_complements,high g,1.4,3,0.5270414940816569,1.2,0.6485611590979363,0.6083567799736994,1.212597082356733,0.9405692900471475,0.9452839132332209,-7.570147748162823
public_input_complements,high g,1.4,3,0.5286074521872524,1.2,0.6484959113108943,0.6083961833893177,1.2127602082281705,0.9418410774599986,0.9465620755070077,-7.521464441373245
public_input_complements,high g,1.4,3,0.5302211591553182,1.2,0.6484289223774233,0.6084366335018472,1.2129276752411648,0.9431486518772451,0.9478762041682958,-7.471480108922135
public_input_complements,high g,1.4,3,0.5318830234952302,1.2,0.6483601844282472,0.6084781498551053,1.213099539811834,0.9444921052457442,0.9492263916248282,-7.420197403212722
public_input_complements,high g,1.4,3,0.5335934667419154,1.2,0.6482897166133845,0.6085207085351446,1.2132757233879146,0.9458714982382335,0.9506126988534656,-7.367619046812126
public_input_complements,high g,1.4,3,0.5353529236339561,1.2,0.6482174993801801,0.6085643051718348,1.213456234666657,0.947286914926285,0.9520352103471909,-7.3137478323914324
public_input_complements,high g,1.4,3,0.537161842297634,1.2,0.648143575655511,0.6086089495370843,1.2136410549946062,0.9487384345553131,0.9534940057486372,-7.258586622678704
public_input_complements,high g,1.4,3,0.5390206844370244,1.2,0.6480679161655689,0.6086546362291153,1.2138302002275534,0.9502261468360027,0.9549891752181664,-7.202138350402432
public_input_complements,high g,1.4,3,0.5409299255302531,1.2,0.6479905506086157,0.6087013608777969,1.2140236298118317,0.9517501293852881,0.9565207967617695,-7.144406018239338
public_input_complements,high g,1.4,3,0.5428900550320312,1.2,0.6479113767964899,0.6087491544680963,1.214221522902261,0.9533105164488963,0.9580890052980827,-7.085392698744485
public_input_complements,high g,1.4,3,0.5449015765825912,1.2,0.647830603535092,0.6087979550300799,1.2144235167596262,0.9549073090825934,0.9596938018881644,-7.025101534323678
public_input_complements,high g,1.4,3,0.5469650082231464,1.2,0.6477480699913345,0.6088477733673046,1.21462979905305,0.9565406473379585,0.961335327285605,-6.963535737124589
public_input_complements,high g,1.4,3,0.5490808826180046,1.2,0.6476638592270154,0.6088986279919386,1.2148403327049597,0.9582106171089445,0.9630136678149027,-6.900698589004861
public_input_complements,high g,1.4,3,0.5512497472834679,1.2,0.6475779366954937,0.6089505151714456,1.2150551429903769,0.9599173217512459,0.9647289273498245,-6.8365934414534255
public_input_complements,high g,1.4,3,0.5534721648236569,1.2,0.6474903423946969,0.6090034157560631,1.2152741423433633,0.9616608380596193,0.9664811830700623,-6.7712237155282615
public_input_complements,high g,1.4,3,0.5557487131734017,1.2,0.6474010443456941,0.6090573428561818,1.215497395309061,0.963441282903816,0.9682705524311797,-6.704592901774061
public_input_complements,high g,1.4,3,0.5580799858483445,1.2,0.6473100575249657,0.6091122823297632,1.215724851782166,0.965258746064984,0.9700971256643539,-6.636704560158963
public_input_complements,high g,1.4,3,0.5604665922024078,1.2,0.6472174115766078,0.6091682325075658,1.2159564779721852,0.9671133231440787,0.9719609988497431,-6.567562319992802
public_input_complements,high g,1.4,3,0.5629091576927818,1.2,0.6471230846017006,0.6092251950588311,1.2161922999244357,0.9690051266741405,0.9738622850844613,-6.497169879846005
public_input_complements,high g,1.4,3,0.5654083241525933,1.2,0.6470270737578343,0.6092831726844481,1.2164323271903343,0.9709342668071423,0.9758010950726205,-6.425531007470964
public_input_complements,high g,1.4,3,0.5679647500714233,1.2,0.6469293916212946,0.609342151242378,1.216676512064772,0.9729008408157687,0.9777775265744866,-6.352649539719309
public_input_complements,high g,1.4,3,0.5705791108838415,1.2,0.646830074893451,0.6094021334335098,1.2169248245553872,0.9749049521250425,0.9797916835335028,-6.278529382451696
public_input_complements,high g,1.4,3,0.5732520992661372,1.2,0.6467290870788109,0.6094631078166941,1.2171772727378567,0.9769467155868021,0.9818436813772042,-6.203174510446641
public_input_complements,high g,1.4,3,0.5759844254414287,1.2,0.6466264653042042,0.6095250787620612,1.2174338303407557,0.9790262389101949,0.9839336283546334,-6.126588967310815
public_input_complements,high g,1.4,3,0.578776817493336,1.2,0.6465221847397917,0.6095880435687218,1.217694515484913,0.9811436428918796,0.9860616458679439,-6.048776865379884
public_input_complements,high g,1.4,3,0.5816300216884137,1.2,0.6464162707301728,0.6096520032683236,1.2179593053883426,0.9832990394299705,0.9882278463761425,-5.969742385623155
public_input_complements,high g,1.4,3,0.5845448028075416,1.2,0.6463087422498646,0.6097169356161611,1.2182281258206795,0.985492528615956,0.9904323304724275,-5.889489777541977
public_input_complements,high g,1.4,3,0.5875219444864789,1.2,0.6461995896107038,0.6097828584868098,1.2185010308705315,0.9877242454154294,0.9926752337989104,-5.808023359057269
public_input_complements,high g,1.4,3,0.5905622495657936,1.2,0.6460887862758962,0.609849756706583,1.2187780093832559,0.9899943094861481,0.9949566766131358,-5.725347516409113
public_input_complements,high g,1.4,3,0.5936665404503856,1.2,0.6459764047438701,0.6099176329763699,1.2190589955694326,0.9923028276980114,0.9972767663206905,-5.64146670404486
public_input_complements,high g,1.4,3,0.5968356594788269,1.2,0.6458624112841638,0.6099864644138713,1.2193439663198924,0.9946499195075973,0.9996356229769308,-5.556385444499961
public_input_complements,high g,1.4,3,0.600070469302753,1.2,0.6457468011177441,0.6100562826416465,1.2196330049641055,0.9970357339285891,1.0020333963424746,-5.4701083282769005
public_input_complements,high g,1.4,3,0.6033718532765401,1.2,0.6456296007898288,0.6101270429267456,1.2199259738402068,0.9994603632442035,1.0044701791631097,-5.382640013737085
public_input_complements,high g,1.4,3,0.6067407158575169,1.2,0.6455108320393865,0.610198778560969,1.2202229339060602,1.0019239535338935,1.006946118250516,-5.293985226957644
public_input_complements,high g,1.4,3,0.6101779830169621,1.2,0.6453904606043144,0.6102714622918877,1.2205238517287345,1.0044266273961764,1.0094613368177376,-5.20414876161466
public_input_complements,high g,1.4,3,0.6136846026621482,1.2,0.6452685164810146,0.6103450914186122,1.2208286906028176,1.006968507887165,1.0120159585377093,-5.113135478846483
public_input_complements,high g,1.4,3,0.6172615450697004,1.2,0.6451450066443547,0.6104196784139401,1.221137474535872,1.0095497356362595,1.0146101247447392,-5.020950307114273
public_input_complements,high g,1.4,3,0.6209098033305457,1.2,0.6450199397763865,0.6104952020648133,1.2214501421526096,1.0121704297801708,1.0172439551727128,-4.927598242067743
public_input_complements,high g,1.4,3,0.6246303938067362,1.2,0.6448933073017145,0.6105716667413623,1.2217667128838294,1.0148307324186538,1.0199175926336637,-4.83308434639355
public_input_complements,high g,1.4,3,0.6284243566004422,1.2,0.644765135267662,0.6106490653725676,1.2220871431177955,1.017530769989228,1.0226311641988814,-4.7374137496728554
public_input_complements,high g,1.4,3,0.6322927560354111,1.2,0.6446354404826062,0.6107273919190574,1.2224114010443323,1.0202706732929165,1.0253848013250324,-4.640591648225563
public_input_complements,high g,1.4,3,0.6362366811512086,1.2,0.6445041881191318,0.6108066453491844,1.222739518928242,1.0230505917711952,1.028178654202671,-4.54262330495111
public_input_complements,high g,1.4,3,0.6402572462105554,1.2,0.6443714182732216,0.610886823993707,1.2230714525271462,1.025870655311171,1.0310128533699656,-4.4435140491735226
public_input_complements,high g,1.4,3,0.6443555912200942,1.2,0.6442371391129809,0.6109679137105867,1.2234071585441162,1.02873099512248,1.0338875306942437,-4.343269276472568
public_input_complements,high g,1.4,3,0.6485328824649206,1.2,0.6441013364708126,0.6110499172007123,1.2237466578557568,1.031631761131551,1.0368028368534437,-4.241894448511057
public_input_complements,high g,1.4,3,0.652790313057229,1.2,0.6439640177891333,0.611132831763195,1.224089936310643,1.0345730948295966,1.0397589140480052,-4.139395092864829
public_input_complements,high g,1.4,3,0.6571291034994325,1.2,0.643825233138124,0.6112166530279044,1.2244369329831901,1.0375551258098323,1.0427558925207325,-4.035776802844216
public_input_complements,high g,1.4,3,0.6615505022621248,1.2,0.6436849281590651,0.6113013597817825,1.2247876495388823,1.0405780019650333,1.045793920905717,-3.9310452373055558
public_input_complements,high g,1.4,3,0.6660557863772645,1.2,0.6435431607065196,0.6113869732378872,1.225142080816392,1.0436418703612247,1.0488731470061545,-3.825206120465829
public_input_complements,high g,1.4,3,0.6706462620469753,1.2,0.6433999237986385,0.6114734705139193,1.2255001769579366,1.0467468665418216,1.0519937070448755,-3.71826524171098
public_input_complements,high g,1.4,3,0.6753232652683625,1.2,0.6432552145737525,0.6115608603501395,1.2258619625359937,1.0498931478201405,1.055155759123731,-3.6102284553923867
public_input_complements,high g,1.4,3,0.6800881624747613,1.2,0.6431090580621768,0.6116491198642483,1.2262273556806158,1.0530808424866094,1.058359432176209,-3.5011016806317636
public_input_complements,high g,1.4,3,0.6849423511938463,1.2,0.6429614383911699,0.6117382534263761,1.2265963831199482,1.0563101102504127,1.0616048867120393,-3.3908909011030994
public_input_complements,high g,1.4,3,0.6898872607230374,1.2,0.6428123912180699,0.611828266438301,1.2269690226146694,1.05958109788559,1.0648922702409689,-3.279602164826278
public_input_complements,high g,1.4,3,0.6949243528226603,1.2,0.6426618941444193,0.6119191322851869,1.2273452304519847,1.0628939467925624,1.0682217248721915,-3.167241583946919
public_input_complements,high g,1.4,3,0.7000551224273222,1.2,0.6425099869586499,0.61201087758187,1.227725032954715,1.0662488191272366,1.0715934135744236,-3.053815334508176
public_input_complements,high g,1.4,3,0.7052810983759861,1.2,0.642356673052201,0.6121034599022339,1.2281083213449477,1.0696458389914376,1.0750074610715539,-2.939329656230429
public_input_complements,high g,1.4,3,0.7106038441612367,1.2,0.6422019213701025,0.6121968987900959,1.2284951752244955,1.073085185296367,1.0784640471715792,-2.8237908522613764
public_input_complements,high g,1.4,3,0.7160249586982449,1.2,0.6420457995182485,0.6122911763708798,1.2288854825870166,1.0765669823222688,1.0819632967777015,-2.7072052889526743
public_input_complements,high g,1.4,3,0.7215460771139571,1.2,0.6418882945647564,0.612386299078012,1.2292792723450252,1.080091395642704,1.0855053762934228,-2.589579395598208
public_input_complements,high g,1.4,3,0.7271688715570458,1.2,0.6417293853075554,0.6124822588088252,1.2296765455735663,1.0836585834421146,1.0890904446960874,-2.4709196641896445
public_input_complements,high g,1.4,3,0.7328950520291776,1.2,0.6415691173387579,0.612579029980131,1.2300771931318875,1.0872686720515048,1.0927186289499362,-2.3512326491620543
public_input_complements,high g,1.4,3,0.7387263672381705,1.2,0.6414074757414823,0.6126766392067656,1.230481296048123,1.0909218440479114,1.0963901125471778,-2.2305249671160055
public_input_complements,high g,1.4,3,0.7446646054736273,1.2,0.6412444990379627,0.6127750652756709,1.2308887631068035,1.0946182317699933,1.100105028489821,-2.1088032965641568
public_input_complements,high g,1.4,3,0.7507115955056528,1.2,0.6410801574571792,0.6128743027850689,1.2312996106609317,1.0983579996428559,1.1038635420271556,-1.9860743776420597
public_input_complements,high g,1.4,3,0.7568692075072764,1.2,0.6409144893954664,0.6129743386245687,1.2317137677479622,1.1021412864392803,1.1076657926275644,-1.862345011834631
public_input_complements,high g,1.4,3,0.7631393540012239,1.2,0.6407475017685729,0.6130751798651897,1.2321312450165578,1.1059682554912715,1.1115119444417572,-1.737622061679605
public_input_complements,high g,1.4,3,0.7695239908317001,1.2,0.640579181354513,0.613176814034134,1.2325520247062758,1.1098390619285494,1.1154021533770444,-1.6119124504773525
public_input_complements,high g,1.4,3,0.7760251181618615,1.2,0.6404095629764368,0.6132792448639393,1.232976081265588,1.1137538587027587,1.1193365731517446,-1.4852231619882792
public_input_complements,high g,1.4,3,0.7826447814976824,1.2,0.6402386624404317,0.6133824501098988,1.2334033436325564,1.1177127849844881,1.1233153436340422,-1.357561240126361
public_input_complements,high g,1.4,3,0.7893850727389358,1.2,0.6400664396708953,0.6134864395439215,1.2338338761562055,1.121716021214459,1.1273386461691208,-1.2289337886356462
public_input_complements,high g,1.4,3,0.7962481312580323,1.2,0.6398929928631096,0.6135912044257466,1.2342675589304446,1.12576369163053,1.1314066056175844,-1.0993479707837963
public_input_complements,high g,1.4,3,0.8032361450074849,1.2,0.6397182125765526,0.6136967191721858,1.2347044378471566,1.1298559711326002,1.1355193977560212,-0.968811009017009
public_input_complements,high g,1.4,3,0.8103513516567865,1.2,0.6395422223383975,0.6138030066655384,1.2351444462187997,1.1339929999523324,1.1396771635190082,-0.8373301846377554
public_input_complements,high g,1.4,3,0.8175960397595149,1.2,0.6393649394889218,0.6139100483936355,1.2355876207208683,1.138174950167787,1.1438800758471508,-0.7049128374523601
public_input_complements,high g,1.4,3,0.8249725499515008,1.2,0.6391864629289077,0.6140178285451969,1.2360338231773613,1.1424019391915972,1.1481282527416155,-0.57156636543451
public_input_complements,high g,1.4,3,0.8324832761809209,1.2,0.6390067589295771,0.6141263673016331,1.2364831374476792,1.1466741534238212,1.1524218815367941,-0.4372982243499841
public_input_complements,high g,1.4,3,0.8401306669712053,1.2,0.638825805123381,0.6142356259693647,1.2369354897845204,1.150991729708883,1.156761099763047,-0.3021159274107825
public_input_complements,high g,1.4,3,0.8479172267176741,1.2,0.6386436464482239,0.6143456159895413,1.2373908636697966,1.155354822409264,1.1611460625566,-0.16602704489372222
public_input_complements,high g,1.4,3,0.8558455170188431,1.2,0.6384603077213717,0.6144563390314044,1.2378492384326365,1.159763584167359,1.1655769233249718,-0.029039203764865462
public_input_complements,high g,1.4,3,0.8639181580433734,1.2,0.6382757644550132,0.614567768874172,1.2383105734284299,1.1642181607367557,1.1700538285523423,0.10883991270591054
public_input_complements,high g,1.4,3,0.8721378299336601,1.2,0.6380900636017315,0.6146799105255678,1.2387748341437788,1.1687186991881566,1.1745769260466092,0.24760256533962544
public_input_complements,high g,1.4,3,0.8805072742470966,1.2,0.6379031780507329,0.6147927633479985,1.2392420461056952,1.1732653653717084,1.179146382489247,0.3872409594522317
public_input_complements,high g,1.4,3,0.88902929543607,1.2,0.6377151546198259,0.6149063077976471,1.2397121139495293,1.1778582853883377,1.1837623246132651,0.5277472452546048
public_input_complements,high g,1.4,3,0.8977067623677852,1.2,0.6375259728231395,0.6150205449061619,1.2401850607237663,1.182497622909047,1.1884249169100707,0.6691135182811765
public_input_complements,high g,1.4,3,0.9065426098850453,1.2,0.6373356587769718,0.6151354622007448,1.240660829329678,1.1871835147319938,1.1931342968635248,0.8113318198046979
public_input_complements,high g,1.4,3,0.9155398404091444,1.2,0.6371442358664332,0.6152510667524154,1.2411394139465663,1.1919161135275382,1.1978906179092512,0.9543941372753464
public_input_complements,high g,1.4,3,0.9247015255860773,1.2,0.6369516858177888,0.6153673356788747,1.2416207760085356,1.1966955602684513,1.2026940217266497,1.0982924047571663
public_input_complements,high g,1.4,3,0.9340308079772923,1.2,0.6367580446590231,0.6154842716810112,1.2421048861966084,1.2015219979195277,1.2075446519971287,1.2430185033788135
public_input_complements,high g,1.4,3,0.9435309027962627,1.2,0.6365633046027008,0.6156018693570473,1.2425917388802044,1.2063955762975138,1.2124426592883946,1.388564261791144
public_input_complements,high g,1.4,3,0.9532050996921831,1.2,0.6363674903686816,0.6157201112264614,1.2430812659178483,1.211316423112313,1.2173881719504986,1.534921456627882
public_input_complements,high g,1.4,3,0.9630567645821445,1.2,0.6361706073139182,0.6158390006277363,1.2435734702453787,1.2162846886808005,1.2223813410537832,1.682081812985789
public_input_complements,high g,1.4,3,0.9730893415331738,1.2,0.6359726559512335,0.6159585271513701,1.2440683254927696,1.221300512241806,1.2274223065350152,1.8300370049012793
public_input_complements,high g,1.4,3,0.9833063546955787,1.2,0.6357736799616587,0.6160786897657148,1.2445657854163767,1.2263640248633274,1.232511200119174,1.9787786558409586
public_input_complements,high g,1.4,3,0.9937114102890687,1.2,0.6355736604307438,0.6161994709902494,1.2450658255090352,1.231475363533518,1.2376481594810684,2.1282983392024493
public_input_complements,high g,1.4,3,1.0043081986431819,1.2,0.6353726205085497,0.6163208751951041,1.2455684334760888,1.2366346679839415,1.2428333250526693,2.278587578821102
public_input_complements,high g,1.4,3,1.0151004962935855,1.2,0.6351705758036252,0.6164428882382404,1.2460735585801639,1.24184206308518,1.248066822330476,2.4296378494830666
public_input_complements,high g,1.4,3,1.0260921681358672,1.2,0.6349675192662756,0.6165655013793974,1.246581186160147,1.247097684514475,1.2533487876718146,2.5814405774536358
public_input_complements,high g,1.4,3,1.037287169638491,1.2,0.6347635019406674,0.6166887162878165,1.2470912693182685,1.2524016549649313,1.2586793443847915,2.7339871410069083
public_input_complements,high g,1.4,3,1.0486895491166357,1.2,0.6345584784651142,0.6168125127820874,1.2476038032855905,1.2577541100908909,1.264058628803719,2.8872688709715053
public_input_complements,high g,1.4,3,1.0603034500686892,1.2,0.6343525029967463,0.6169368925314513,1.2481187380513785,1.263155167737032,1.269486759363974,3.0412770512768317
public_input_complements,high g,1.4,3,1.0721331135772334,1.2,0.6341455759659618,0.6170618511657782,1.248636062329831,1.2686049574750398,1.274963866286723,3.1960029195171558
public_input_complements,high g,1.4,3,1.0841828807763967,1.2,0.6339377081191668,0.6171873728737878,1.2491557260993216,1.2741035930298397,1.2804900638669396,3.3514376675159534
public_input_complements,high g,1.4,3,1.0964571953875313,1.2,0.6337289149190006,0.6173134603563692,1.2496777206062202,1.279651200766743,1.2860654791033441,3.507572441907821
public_input_complements,high g,1.4,3,1.1089606063252093,1.2,0.6335192080842131,0.6174400913688167,1.250201978875927,1.2852478838263839,1.2916902156535648,3.664398344719613
public_input_complements,high g,1.4,3,1.1216977703756155,1.2,0.6333085913692873,0.6175672740137974,1.2507285172809852,1.2908937732506947,1.2973644052163849,3.8219064339737265
public_input_complements,high g,1.4,3,1.1346734549494641,1.2,0.6330970818239077,0.6176949968501619,1.2512572903518941,1.2965889753344346,1.303088154619368,3.9800877242848394
public_input_complements,high g,1.4,3,1.147892540911644,1.2,0.6328847142267406,0.6178232517752422,1.2517882431829608,1.3023335903022817,1.3088615645895707,4.138933187476678
public_input_complements,high g,1.4,3,1.1613600254898573,1.2,0.6326714415658485,0.6179520240094072,1.2523213860735187,1.3081277398940756,1.3146847574770562,4.298433753208954
public_input_complements,high g,1.4,3,1.1750810252645967,1.2,0.632457347044491,0.6180813179227866,1.2528566466757107,1.3139715126469589,1.3205578222627603,4.458580309601532
public_input_complements,high g,1.4,3,1.189060779242872,1.2,0.6322423806150264,0.6182111183416941,1.2533940373457413,1.3198650259094904,1.3264808768834557,4.619363703884976
public_input_complements,high g,1.4,3,1.2033046520181812,1.2,0.632026617563672,0.6183414158882754,1.2539334595028038,1.3258083526264655,1.332453994649574,4.780774743040346
public_input_complements,high g,1.4,3,1.217818137019287,1.2,0.6318100212585502,0.6184722128693656,1.2544749555089538,1.331801615919714,1.3384772993000955,4.942804194473064
public_input_complements,high g,1.4,3,1.2326068598504607,1.2,0.6315926206855211,0.6186034857650715,1.255018437954916,1.3378448869121018,1.3445508623143918,5.1054427866671075
public_input_complements,high g,1.4,3,1.247676581725918,1.2,0.6313744222658086,0.6187352476857844,1.2555639329856794,1.3439382768965917,1.3506747955432834,5.268681209877056
public_input_complements,high g,1.4,3,1.2630332030012734,1.2,0.6311554417114342,0.6188674774184459,1.2561113721959853,1.3500818579264369,1.356849171401192,5.4325101168042025
public_input_complements,high g,1.4,3,1.2786827668049243,1.2,0.6309357155037709,0.6190001716245739,1.25666071081167,1.3562757077019039,1.3630740679778586,5.596920123300345
public_input_complements,high g,1.4,3,1.294631462772364,1.2,0.6307152189923166,0.619133322201501,1.2572119533562116,1.3625199197976114,1.3693495793169466,5.761901809075754
public_input_complements,high g,1.4,3,1.31088563088653,1.2,0.6304939799909111,0.6192669133379469,1.257765032740549,1.3688145564968124,1.3756757680139045,5.927445718408097
public_input_complements,high g,1.4,3,1.3274517654273796,1.2,0.630272016172956,0.6194009494040427,1.2583199421466857,1.3751597001511664,1.382052716833182,6.093542360875144
public_input_complements,high g,1.4,3,1.3443365190339982,1.2,0.6300493393168254,0.619535417289397,1.2588766372300366,1.3815554147999247,1.3884804901350278,6.260182212083663
public_input_complements,high g,1.4,3,1.3615467068826452,1.2,0.629825958484731,0.6196703088913424,1.2594350888013635,1.3880017667703362,1.394959154579158,6.427355714416279
public_input_complements,high g,1.4,3,1.3790893109842512,1.2,0.6296018817084859,0.6198056192021559,1.2599952763896693,1.3944988221689216,1.4014887766034536,6.595053277784275
public_input_complements,high g,1.4,3,1.3969714846049992,1.2,0.6293771391790006,0.6199413347173915,1.2605571362589996,1.4010466258019059,1.4080694012387316,6.7632652803870625
public_input_complements,high g,1.4,3,1.4152005568137338,1.2,0.6291517310174977,0.6200774493976783,1.261120653286335,1.407645238070191,1.4147010891886542,6.9319820694892735
public_input_complements,high g,1.4,3,1.4337840371600625,1.2,0.628925666144025,0.620213967613146,1.2616858294070292,1.4142947225075895,1.4213839043054997,7.101193962200021
public_input_complements,high g,1.4,3,1.4527296204871472,1.2,0.6286989688434454,0.6203508577412351,1.262252561785782,1.4209950955721649,1.428117863129827,7.270891246256104
public_input_complements,high g,1.4,3,1.4720451918832933,1.2,0.6284702694159454,0.6204889611757567,1.262824310144634,1.4277478494885458,1.4349044653660723,7.4410641808337
public_input_complements,high g,1.4,3,1.4917388317766058,1.2,0.6282437164579056,0.6206257701841504,1.2633906966795239,1.4345487212855015,1.4417394266747723,7.611702997350928
public_input_complements,high g,1.4,3,1.5118188211770927,1.2,0.6280151797185818,0.6207637766876968,1.2639620415736568,1.4414020462047665,1.4486271040281513,7.782797900282678
public_input_complements,high g,1.4,3,1.5322936470707536,1.2,0.627784679728667,0.6209029665443571,1.2645382891675154,1.4483078685911361,1.4555675419932839,7.954339067989931
public_input_complements,high g,1.4,3,1.5531720079703377,1.2,0.6275563877105568,0.621040836391701,1.2651090498864281,1.45526182824162,1.4625563585115715,8.126316653562892
public_input_complements,high g,1.4,3,1.5744628196276003,1.2,0.627326146194191,0.6211798721116377,1.2656846561311168,1.4622683303244104,1.469597980832203,8.29872078565285
public_input_complements,high g,1.4,3,1.5961752209120554,1.2,0.6270939568477076,0.6213200787118909,1.2662651186726288,1.469327434172272,1.4766924685853509,8.471541569338815
public_input_complements,high g,1.4,3,1.618318579861377,1.2,0.6268626148271372,0.6214597602944469,1.2668434297442688,1.4764361514656514,1.483836818472447,8.644769086982476
public_input_complements,high g,1.4,3,1.6409024999087747,1.2,0.6266307873691999,0.6215997686626193,1.2674230379887461,1.4835959774750693,1.4910325332590868,8.818393399103481
public_input_complements,high g,1.4,3,1.6639368262928396,1.2,0.6263984437514358,0.6217400748947366,1.2680039022870895,1.490806907318065,1.498279608038336,8.992404545260177
public_input_complements,high g,1.4,3,1.6874316526555453,1.2,0.6261656022566502,0.6218806675496499,1.2685859759366798,1.4980689284140851,1.5055780301665815,9.166792544938787
public_input_complements,high g,1.4,3,1.7113973278342638,1.2,0.6259322763146189,0.6220215641078798,1.269169288929354,1.5053820568854204,1.5129278158469268,9.341547398446597
public_input_complements,high g,1.4,3,1.7358444628538618,1.2,0.6256985012185814,0.6221627285767366,1.2697537165660322,1.5127462350378353,1.5203289070959427,9.516659087832833
public_input_complements,high g,1.4,3,1.7607839381251333,1.2,0.6254642791473981,0.6223041767674995,1.2703392959430704,1.5201614715560594,1.527781312641892,9.69211757778443
public_input_complements,high g,1.4,3,1.7862269108560356,1.2,0.6252296188326645,0.6224458787268506,1.2709259439248324,1.52762771595384,1.535284981745458,9.867912816567141
public_input_complements,high g,1.4,3,1.8121848226824113,1.2,0.6249945284338203,0.6225878485968284,1.271513687480701,1.5351449617522792,1.542839907895267,10.044034736943205
public_input_complements,high g,1.4,3,1.8386694075250942,1.2,0.6247590284262783,0.6227300553924662,1.2721024291686076,1.5427131404228716,1.5504460222193133,10.220473257126281
public_input_complements,high g,1.4,3,1.8656926996805347,1.2,0.6245231417715451,0.6228725072164314,1.2726921661540702,1.5503322205733832,1.5581032931680088,10.397218281716041
public_input_complements,high g,1.4,3,1.8932670421523103,1.2,0.6242868483885222,0.6230151757846463,1.2732828482605387,1.5580021433119255,1.565811661554268,10.574259702663612
public_input_complements,high g,1.4,3,1.921405095231136,1.2,0.6240502038470841,0.6231580769083912,1.2738744591933595,1.5657228594213353,1.5735710779142258,10.751587400230736
public_input_complements,high g,1.4,3,1.9501198453312445,1.2,0.6238132050136893,0.6233011974772751,1.2744669695198616,1.573494307660673,1.5813814806999709,10.9291912439649
public_input_complements,high g,1.4,3,1.979424614091259,1.2,0.623575878623785,0.623444521680018,1.2750603132293792,1.581316403397832,1.5892427848551767,11.10706109368075
public_input_complements,high g,1.4,3,2.009333067747975,1.2,0.6233381903227708,0.6235880387130637,1.275654497840479,1.589189090397985,1.5971549338631374,11.285186800440549
public_input_complements,high g,1.4,3,2.0398592267917226,1.2,0.6231002075444163,0.6237317523089492,1.2762494651910132,1.5971122751424878,1.6051178337364451,11.463558207557883
public_input_complements,high g,1.4,3,2.071017475912293,1.2,0.6228619373370219,0.623875641254616,1.276845155539444,1.6050858566619997,1.6131313829996476,11.642165151595805
public_input_complements,high g,1.4,3,2.1028225742447084,1.2,0.6226233586517211,0.6240197072193059,1.2774415940810342,1.6131097684001083,1.6211955147627177,11.820997463370857
public_input_complements,high g,1.4,3,2.135289665924415,1.2,0.6223845156784342,0.6241639354233863,1.278038699913257,1.6211838861547447,1.62931010420102,12.00004496898149
public_input_complements,high g,1.4,3,2.168434290961828,1.2,0.6221454145570307,0.6243083177641904,1.2786364467692177,1.6293081053442384,1.6374750462086676,12.179297490821249
public_input_complements,high g,1.4,3,2.2022723964464688,1.2,0.6219060621254688,0.6244528640136264,1.2792348520843788,1.6374823363635491,1.6456902507314721,12.358744848609653
public_input_complements,high g,1.4,3,2.23682034809129,1.2,0.6216664786658437,0.6245975327772262,1.2798337927527856,1.6457064135014818,1.653955551227608,12.538376860440499
public_input_complements,high g,1.4,3,2.2720949421281498,1.2,0.6214266740315846,0.6247423442363997,1.280433309051632,1.65398024486221,1.6622708553406191,12.718183343805583
public_input_complements,high g,1.4,3,2.308113417565749,1.2,0.621186677143444,0.6248872640676985,1.2810332868007188,1.6623036546725565,1.670635986416261,12.89815411666451
public_input_complements,high g,1.4,3,2.344893468821764,1.2,0.6209464738094252,0.6250323178543102,1.2816338037406811,1.6706765564428585,1.6790508575313408,13.078278998477789
public_input_complements,high g,1.4,3,2.382453258741261,1.2,0.6207061087448453,0.6251774685718976,1.2822347231877478,1.6790987485390856,1.6875152660411321,13.258547811294456
public_input_complements,high g,1.4,3,2.4208114320139376,1.2,0.62046557230234,0.62532271622046,1.282836054789282,1.6875700959833797,1.6960290762911978,13.438950380795934
public_input_complements,high g,1.4,3,2.4599871290031343,1.2,0.6202248755568234,0.6254680580991087,1.2834377807613624,1.696090442916504,1.704592131641054,13.619476537379944
public_input_complements,high g,1.4,3,2.5,1.2,0.6199840575128581,0.6256134854675832,1.2840398403886182,1.704659604015014,1.7132042458383177,13.800116117239522
