scenario_family,scenario,parameter_value,period,hc,parent_h,c_policy,l_policy,e_policy,perceived_hc_next_policy,true_expected_hc_next_policy,value_policy
rho,complements,-0.4,1,0.5,1.2,0.8060443292717219,0.44024696572785926,0.4948891167004543,0.5858487143348071,0.5887852932358636,-9.741841453667114
rho,complements,-0.4,1,0.5000203210855501,1.2,0.8060419164048012,0.44024864954712967,0.4948951666169989,0.5858602747411911,0.5887969115890257,-9.741767835023094
rho,complements,-0.4,1,0.5000812892976928,1.2,0.8060346783363417,0.44025369226468025,0.4949132969553678,0.5858949481305543,0.5888317587794764,-9.741546974069717
rho,complements,-0.4,1,0.5001829195049198,1.2,0.8060198748900088,0.4402639813336405,0.4949503247906547,0.585955758817327,0.588892874281085,-9.741178855735251
rho,complements,-0.4,1,0.5003252364947652,1.2,0.806002924866793,0.44027573914686235,0.4949926716904296,0.5860366916135523,0.5889742127546397,-9.740663454920034
rho,complements,-0.4,1,0.5005082749838822,1.2,0.8059811446289495,0.4402908645986251,0.4950471229040807,0.586140759667471,0.5890788024518496,-9.740000736473231
rho,complements,-0.4,1,0.500732079632158,1.2,0.8059545327705115,0.4403093402084074,0.4951136420796485,0.5862679538321509,0.589206634179933,-9.739190655210395
rho,complements,-0.4,1,0.5009967050608752,1.2,0.8059236097885083,0.440330812575757,0.4951909453751268,0.5864177132615387,0.5893571442815845,-9.738233155875252
rho,complements,-0.4,1,0.5013022158749305,1.2,0.8058984933886247,0.44034825459901866,0.49525373654525573,0.5865788272361107,0.5895190658433147,-9.73712817765444
rho,complements,-0.4,1,0.5016486866891229,1.2,0.806012462509271,0.44026912098216636,0.49496883881220843,0.5866034264708383,0.5895437883822197,-9.735877030189485
rho,complements,-0.4,1,0.502036202158526,1.2,0.8059669893454255,0.44030069189500803,0.49508250514779184,0.586822689300369,0.5897641502712568,-9.734479475971105
rho,complements,-0.4,1,0.502464857012963,1.2,0.8059136767274981,0.44033771009222933,0.49521577707171743,0.5870684799288514,0.5900111729303916,-9.732934460198198
rho,complements,-0.4,1,0.5029347560956027,1.2,0.8058584662243584,0.44037604456623,0.49535379003869845,0.5873342134142817,0.5902782384104608,-9.7312418777728
rho,complements,-0.4,1,0.5034460144056994,1.2,0.805889524137878,0.44035447359866386,0.4952761388352359,0.5875219442492715,0.5904669102501768,-9.729401944521213
rho,complements,-0.4,1,0.5039987571454999,1.2,0.8061052766046757,0.4402046379341085,0.4947367413329986,0.587521945107614,0.590466911112822,-9.727419110085004
rho,complements,-0.4,1,0.5045931197713469,1.2,0.8061968424211735,0.4401410730294272,0.4945078753223894,0.5876776728666343,0.5906234194604825,-9.725294999100564
rho,complements,-0.4,1,0.5052292480490046,1.2,0.8061488550039404,0.44017439036906564,0.4946278281932414,0.5880066165995981,0.5909540120307694,-9.723025351309381
rho,complements,-0.4,1,0.5059072981132409,1.2,0.8062185145690699,0.44012601185443206,0.4944536710365033,0.5882222067245317,0.5911706828057014,-9.720609890652527
rho,complements,-0.4,1,0.5066274365316988,1.2,0.8061347302574944,0.44018421059442925,0.49466316462647275,0.5886268398173251,0.5915773441303127,-9.71804993935306
rho,complements,-0.4,1,0.507389840373095,1.2,0.8060428603490172,0.4402480063853993,0.49489283344344537,0.5890584300463589,0.5920110977143725,-9.71534260433776
rho,complements,-0.4,1,0.5081946972797818,1.2,0.8060261576098513,0.44025958884883964,0.4949345543036425,0.5894239978302745,0.5923784979144304,-9.712487936089929
rho,complements,-0.4,1,0.5090422055447187,1.2,0.8060623810571644,0.44023443953785424,0.49484400834460074,0.5897482823071895,0.5927044078740501,-9.709491794709097
rho,complements,-0.4,1,0.5099325741928927,1.2,0.8060681132291656,0.4402304559900127,0.4948296717092619,0.5901244939177314,0.5930825052531375,-9.706351533628975
rho,complements,-0.4,1,0.5108660230672385,1.2,0.8060348812261173,0.44025353812795676,0.49491276113026933,0.5905622485180092,0.5935224541074806,-9.70306497076609
rho,complements,-0.4,1,0.5118427829191048,1.2,0.8063149448019403,0.4400590553972628,0.4942126148561473,0.5906663563824013,0.5936270838147145,-9.699642493988929
rho,complements,-0.4,1,0.5128630955033207,1.2,0.8062002192320217,0.4401387292054987,0.4944994358518556,0.5912313268601131,0.594194886218731,-9.696078993855544
rho,complements,-0.4,1,0.5139272136779165,1.2,0.8061565927138591,0.4401690225351402,0.4946084959620437,0.5917344601446246,0.5947005414693259,-9.692369359468518
rho,complements,-0.4,1,0.5150354015085564,1.2,0.8060266015563382,0.44025928661476404,0.4949334575315522,0.5923528153446389,0.595321996187679,-9.688514044594836
rho,complements,-0.4,1,0.5161879343777439,1.2,0.8059213959732205,0.4403323509985645,0.49519648218367873,0.5929614696550989,0.5959337013905662,-9.684511756412379
rho,complements,-0.4,1,0.5173850990988615,1.2,0.8059494548047701,0.4403128603144305,0.49512632347439983,0.593438086915467,0.5964127077048937,-9.680363404545215
rho,complements,-0.4,1,0.5186271940351138,1.2,0.8061374698284118,0.4401823073300199,0.49465631400443133,0.5937519524817048,0.5967281465288293,-9.676081130289575
rho,complements,-0.4,1,0.5199145292234401,1.2,0.8059914097228947,0.44028372308547326,0.49502143214172756,0.5944610446812638,0.59744079306783,-9.671658856116219
rho,complements,-0.4,1,0.5212474265034702,1.2,0.8059100524068569,0.44034022656505045,0.49522483697365216,0.5951152736944906,0.5980983014176324,-9.66708869939563
rho,complements,-0.4,1,0.5226262196515982,1.2,0.8057542243535181,0.4404484560163916,0.49561444064188787,0.5958721012442326,0.5988589225812545,-9.66237374681507
rho,complements,-0.4,1,0.5240512545202515,1.2,0.8055939417053404,0.4405597448328265,0.49601510713356506,0.5966523606056873,0.5996430930090342,-9.65751015197289
rho,complements,-0.4,1,0.5255228891824385,1.2,0.805858922706015,0.4403757335918938,0.4953526618524756,0.596968366640926,0.5999606830311163,-9.652507343970623
rho,complements,-0.4,1,0.5270414940816569,1.2,0.8059246693903852,0.44033006978216227,0.49518828133908527,0.5975280805630385,0.6005232025309387,-9.647375056685755
rho,complements,-0.4,1,0.5286074521872524,1.2,0.8059027751695753,0.44034528779477,0.4952430464671278,0.5982055762336349,0.601204094162716,-9.642111918293791
rho,complements,-0.4,1,0.5302211591553182,1.2,0.805855639454421,0.4403780218793154,0.4953608878049003,0.598930056960443,0.6019322063642796,-9.636702218586098
rho,complements,-0.4,1,0.5318830234952302,1.2,0.805670151069798,0.44050683550794845,0.4958246136273706,0.599830920753426,0.6028375857558163,-9.63115089018955
rho,complements,-0.4,1,0.5335934667419154,1.2,0.806040402191401,0.44024970871683866,0.4948989686369706,0.6001143093300768,0.603122394823619,-9.625464742542325
rho,complements,-0.4,1,0.5353529236339561,1.2,0.8059551185173449,0.4403089437442456,0.4951121999702258,0.6009370535763366,0.6039492630925751,-9.619652972438848
rho,complements,-0.4,1,0.537161842297634,1.2,0.8059421399293543,0.4403179585684881,0.4951446505785801,0.601695167675117,0.6047111772540894,-9.613700028955035
rho,complements,-0.4,1,0.5390206844370244,1.2,0.8058096475203453,0.440409957633759,0.4954758609685741,0.602609104692532,0.6056296953998683,-9.607612843986892
rho,complements,-0.4,1,0.5409299255302531,1.2,0.8058245383334972,0.44039961572918085,0.49543863164153334,0.6033718532741713,0.6063962672746835,-9.601384353593415
rho,complements,-0.4,1,0.5428900550320312,1.2,0.8060024300773628,0.4402760985866862,0.4949939428698794,0.6039644323564242,0.606991816671947,-9.595038503647993
rho,complements,-0.4,1,0.5449015765825912,1.2,0.8058305427886079,0.4403954497605383,0.4954236286941549,0.6049794466600164,0.6080119187559087,-9.588549954060529
rho,complements,-0.4,1,0.5469650082231464,1.2,0.8057214785924425,0.44047118308464217,0.49569627687038476,0.6059405630430834,0.6089778527548941,-9.581919198086508
rho,complements,-0.4,1,0.5490808826180046,1.2,0.8057671815506717,0.4404394411921492,0.4955820114243706,0.6067407152723661,0.6097820157639167,-9.575155140884174
rho,complements,-0.4,1,0.5512497472834679,1.2,0.8058185105792769,0.4404037985407511,0.49545369426874564,0.6075524367003492,0.6105978059624896,-9.568265331459857
rho,complements,-0.4,1,0.5534721648236569,1.2,0.8055810489827895,0.4405687095223401,0.4960473635854652,0.6087190176802467,0.6117702344538831,-9.561234278320072
rho,complements,-0.4,1,0.5557487131734017,1.2,0.8055545861376645,0.4405870898703884,0.49611352798237457,0.6096585790859474,0.6127145054307286,-9.554060176968068
rho,complements,-0.4,1,0.5580799858483445,1.2,0.8058280508822573,0.44039717330503575,0.49542984345662006,0.6102655159415505,0.6133244845699808,-9.546759659119237
rho,complements,-0.4,1,0.5604665922024078,1.2,0.8057100506661145,0.4404791071166157,0.4957248207057755,0.611348883661577,0.6144132826933023,-9.539350248106881
rho,complements,-0.4,1,0.5629091576927818,1.2,0.8055714222306343,0.44057538759367354,0.4960714149717005,0.6124755023816394,0.6155455486131994,-9.531798346564159
rho,complements,-0.4,1,0.5654083241525933,1.2,0.8053789488532347,0.44070905277879563,0.4965526051489638,0.6136846019465574,0.6167607088149079,-9.524102741662519
rho,complements,-0.4,1,0.5679647500714233,1.2,0.8057178518427632,0.44047369788822194,0.4957053355957964,0.6142859749612526,0.6173650962243835,-9.516296833113278
rho,complements,-0.4,1,0.5705791108838415,1.2,0.8057235557261736,0.4404697459629403,0.49569109555377755,0.6152983136878855,0.6183825093200004,-9.508371734728755
rho,complements,-0.4,1,0.5732520992661372,1.2,0.8056363839490115,0.44053027541647505,0.4959090109505746,0.6164393713879138,0.6195292865955518,-9.500310307672613
rho,complements,-0.4,1,0.5759844254414287,1.2,0.8058332385734195,0.44039356500829796,0.49541686184450423,0.6172615463679243,0.6203555827447996,-9.492121294394147
rho,complements,-0.4,1,0.578776817493336,1.2,0.8056020719088368,0.44055410034801384,0.49599478484287324,0.6186117158578703,0.6217125199874778,-9.483821228484414
rho,complements,-0.4,1,0.5816300216884137,1.2,0.8056013612932408,0.440554593743151,0.49599656119196533,0.6197063008408803,0.6228125916005475,-9.475389277759641
rho,complements,-0.4,1,0.5845448028075416,1.2,0.8055252847017575,0.4406074159089621,0.4961867336616006,0.6209098049607963,0.624022128309969,-9.466819094146336
rho,complements,-0.4,1,0.5875219444864789,1.2,0.8055615901033452,0.4405822110614698,0.4960959857894297,0.6219974982382911,0.6251152736727059,-9.458141227519517
rho,complements,-0.4,1,0.5905622495657936,1.2,0.8052884184524668,0.44077191358346157,0.49677891488781023,0.6234760811807678,0.6266012680430241,-9.449322500973054
rho,complements,-0.4,1,0.5936665404503856,1.2,0.8054511425740895,0.4406589224355873,0.49637212988677926,0.6244492653021217,0.6275793302700863,-9.440385431101774
rho,complements,-0.4,1,0.5968356594788269,1.2,0.8054910058488395,0.44063123376948155,0.4962724590932407,0.6255887130780591,0.6287244895517689,-9.43134112348486
rho,complements,-0.4,1,0.600070469302753,1.2,0.8053069898268079,0.4407590252527437,0.49673250471911845,0.6270182284182932,0.6301611703674647,-9.422161361930094
rho,complements,-0.4,1,0.6033718532765401,1.2,0.8051894507268816,0.4408406322787075,0.49702631499512673,0.6283868031380374,0.6315366050965392,-9.412839646215003
rho,complements,-0.4,1,0.6067407158575169,1.2,0.8056667454496425,0.440509195143157,0.49583311605957675,0.62904964217479,0.6322027666277898,-9.403440263963372
rho,complements,-0.4,1,0.6101779830169621,1.2,0.8054374457670433,0.4406684131744457,0.4964063266897595,0.6305924312604833,0.633753288975957,-9.393931908773906
rho,complements,-0.4,1,0.6136846026621482,1.2,0.8052422546643843,0.44080398329321846,0.4968943492489677,0.6321136423084829,0.6352821251260662,-9.384276753203316
rho,complements,-0.4,1,0.6172615450697004,1.2,0.8054747007073545,0.4406425510231843,0.4963132095027235,0.6331292284750117,0.6363028019394393,-9.374520904603552
rho,complements,-0.4,1,0.6209098033305457,1.2,0.8053553070257833,0.4407254726566863,0.4966117139126592,0.634596082231877,0.6377770083313584,-9.364651430350575
rho,complements,-0.4,1,0.6246303938067362,1.2,0.8052034079975889,0.4408309547489178,0.4969914542600737,0.6361228505604966,0.6393114296180727,-9.354660457754584
rho,complements,-0.4,1,0.6284243566004422,1.2,0.8052332400943826,0.44081023931720165,0.4969168768307729,0.6374443418827095,0.6406395449431037,-9.344555091534051
rho,complements,-0.4,1,0.6322927560354111,1.2,0.8053493363288352,0.4407296130421405,0.49662662784218836,0.6386772856088363,0.6418786688253764,-9.334343323706879
rho,complements,-0.4,1,0.6362366811512086,1.2,0.8052019085342824,0.4408320139186268,0.49699524152995156,0.640257246626213,0.6434665494303097,-9.324003309673897
rho,complements,-0.4,1,0.6402572462105554,1.2,0.805249274883532,0.44079910885443013,0.4968768002420372,0.6416135610621723,0.6448296624206711,-9.3135730940974
rho,complements,-0.4,1,0.6443555912200942,1.2,0.8052508802374315,0.4407979924789729,0.4968727835171499,0.643046048129161,0.6462693298589639,-9.303009372506047
rho,complements,-0.4,1,0.6485328824649206,1.2,0.8053652379334456,0.44071857514021406,0.4965868843694169,0.6443555916613214,0.6475854375053955,-9.292348599104596
rho,complements,-0.4,1,0.652790313057229,1.2,0.8052251132674924,0.4408158750617537,0.49693717686589567,0.6460049398802232,0.649243053116649,-9.281598518338306
rho,complements,-0.4,1,0.6571291034994325,1.2,0.8050988481779793,0.44090357420306875,0.49725287210064933,0.64765694905922,0.6509033430261154,-9.270723829141229
rho,complements,-0.4,1,0.6615505022621248,1.2,0.8054936695399759,0.4406293746004295,0.49626577959695184,0.6486664501313824,0.6519179042434595,-9.259747015769815
rho,complements,-0.4,1,0.6660557863772645,1.2,0.8053532772415982,0.4407268727540501,0.4966167679071499,0.6503749826576932,0.6536350008246976,-9.248690833420309
rho,complements,-0.4,1,0.6706462620469753,1.2,0.805014299674769,0.4409622804802418,0.49746422616255337,0.6523578926352986,0.6556278501799281,-9.237504576202909
rho,complements,-0.4,1,0.6753232652683625,1.2,0.8053216792278197,0.4407488270753872,0.49669578725501684,0.6535330112901209,0.6568088591415199,-9.226218155075449
rho,complements,-0.4,1,0.6800881624747613,1.2,0.8049438546157399,0.4410112062572782,0.49764035089998093,0.6556074613616342,0.6588937074372883,-9.214823189287442
rho,complements,-0.4,1,0.6849423511938463,1.2,0.8050112476125586,0.44096439611877075,0.49747184800398636,0.6571291028737434,0.6604229762092175,-9.203295350477442
rho,complements,-0.4,1,0.6898872607230374,1.2,0.8053334329999106,0.440740653644956,0.49666637887319454,0.6583388672208728,0.6616388045253718,-9.191709179035316
rho,complements,-0.4,1,0.6949243528226603,1.2,0.805231683239555,0.44081130285704095,0.4969207309316534,0.6601170211365127,0.6634258714746053,-9.180036470803367
rho,complements,-0.4,1,0.7000551224273222,1.2,0.8052632345541559,0.4407894067730999,0.49684188407573987,0.6617412718469565,0.665058263775616,-9.168250679719598
rho,complements,-0.4,1,0.7052810983759861,1.2,0.8052247485255356,0.4408161402714913,0.49693811446088565,0.6634764648689125,0.6668021544887897,-9.156378634040538
rho,complements,-0.4,1,0.7106038441612367,1.2,0.8050136106037835,0.44096275369396865,0.4974659373751889,0.6654585130629986,0.6687941377407929,-9.144414269818345
rho,complements,-0.4,1,0.7160249586982449,1.2,0.8051547965767296,0.4408647109788342,0.4971129791375521,0.6669968722003718,0.6703402079354315,-9.132344381333011
rho,complements,-0.4,1,0.7215460771139571,1.2,0.804965043423095,0.44099648434069666,0.4975873627528098,0.6689917797729341,0.6723451150238138,-9.120163390171365
rho,complements,-0.4,1,0.7271688715570458,1.2,0.8050473712506205,0.4409393181555723,0.4973815559654158,0.6706462620763395,0.6740078904542766,-9.107880590974947
rho,complements,-0.4,1,0.7328950520291776,1.2,0.8048997845692751,0.441041797450865,0.49775049792459347,0.672626175384433,0.6759977281191267,-9.095534845489912
rho,complements,-0.4,1,0.7387263672381705,1.2,0.804958797252141,0.4410008185881015,0.49760297089815825,0.674350444070344,0.6777306397377929,-9.083068896515393
rho,complements,-0.4,1,0.7446646054736273,1.2,0.8052580105403307,0.4407930423222673,0.49685496087576675,0.6757705362678279,0.679157850177039,-9.070551838287566
rho,complements,-0.4,1,0.7507115955056528,1.2,0.8051000846505411,0.44090270889531036,0.4972497665633294,0.677824373560796,0.68122198237228,-9.05795065375031
rho,complements,-0.4,1,0.7568692075072764,1.2,0.8049143239727914,0.4410317163858941,0.49771418342073986,0.6799369786522744,0.6833451769408472,-9.045230394643575
rho,complements,-0.4,1,0.7631393540012239,1.2,0.8050781155971167,0.4409179481209761,0.49730465234419174,0.6815956996813466,0.6850122123436775,-9.032456109984905
rho,complements,-0.4,1,0.7695239908317001,1.2,0.8046733132345911,0.44119907519340634,0.49831668918316674,0.6840483384226078,0.6874771449877898,-9.019565604149259
rho,complements,-0.4,1,0.7760251181618615,1.2,0.80503502933204,0.44094788368003507,0.4974123994168359,0.6854748930934543,0.6889108502936809,-9.006579621930952
rho,complements,-0.4,1,0.7826447814976824,1.2,0.8047835289735245,0.44112253209805113,0.4980411403582662,0.68776057440787,0.6912079886333631,-8.993540812370712
rho,complements,-0.4,1,0.7893850727389358,1.2,0.8046793895033324,0.4411948536882568,0.4983014944633024,0.6898650579723088,0.6933230209655669,-8.980386563253115
rho,complements,-0.4,1,0.7962481312580323,1.2,0.804988316394299,0.4409803155305049,0.49752916515159157,0.6914178528510183,0.6948835992609963,-8.967179327545637
rho,complements,-0.4,1,0.8032361450074849,1.2,0.8049987682108896,0.44097306294433913,0.497503047748883,0.6934022952535962,0.6968779887225115,-8.953908962265603
rho,complements,-0.4,1,0.8103513516567865,1.2,0.8049048360960609,0.44103828878599155,0.49773786768168105,0.6955522476245249,0.6990387177745463,-8.940541484504415
rho,complements,-0.4,1,0.8175960397595149,1.2,0.8049204505121287,0.44102743934423755,0.4976988184714245,0.6975691934237852,0.7010657735566975,-8.927087925991994
rho,complements,-0.4,1,0.8249725499515008,1.2,0.8046170396771429,0.4412381736740598,0.49845741545882627,0.7000551218807034,0.703564162781861,-8.913541287378687
rho,complements,-0.4,1,0.8324832761809209,1.2,0.804905401166401,0.44103791250324,0.4977364898405974,0.7017272526431466,0.7052446751346306,-8.899951227356407
rho,complements,-0.4,1,0.8401306669712053,1.2,0.80464992556405,0.4412153153513851,0.4983751555949419,0.7041881896793803,0.7077179476690921,-8.886265929125166
rho,complements,-0.4,1,0.8479172267176741,1.2,0.8050574301410676,0.4409323193379945,0.4973563796290006,0.7057260523802852,0.7092635189388642,-8.87251019211884
rho,complements,-0.4,1,0.8558455170188431,1.2,0.8046040072976737,0.4412472070104713,0.4984899598449444,0.7085123768753296,0.712063809943561,-8.85869606688291
rho,complements,-0.4,1,0.8639181580433734,1.2,0.8048556160079969,0.4410724714333884,0.49786092228812207,0.7103096423609163,0.7138700842598842,-8.844795009139249
rho,complements,-0.4,1,0.8721378299336601,1.2,0.8047229147273323,0.4411646317064023,0.4981926897584968,0.7126787842978748,0.7162511015702205,-8.830858022611151
rho,complements,-0.4,1,0.8805072742470966,1.2,0.8044298640260694,0.4413681494427488,0.4989253387702681,0.7153016663431707,0.7188871308664804,-8.816802563683606
rho,complements,-0.4,1,0.88902929543607,1.2,0.804883138906608,0.44105338428443563,0.4977921711477731,0.7168610773121389,0.7204543584154587,-8.802704210682386
rho,complements,-0.4,1,0.8977067623677852,1.2,0.8046080593307878,0.4412443970438353,0.4984798382838964,0.7195001978802604,0.7231067076304785,-8.788541405561157
rho,complements,-0.4,1,0.9065426098850453,1.2,0.804752480584124,0.4411441074357476,0.49811879147709104,0.7215460783022081,0.725162843070717,-8.774276751170689
rho,complements,-0.4,1,0.9155398404091444,1.2,0.8048782020962649,0.44105678020705386,0.4978044431509715,0.7236373478829932,0.7272645951838984,-8.760008508245324
rho,complements,-0.4,1,0.9247015255860773,1.2,0.8043775824453474,0.44140444065765533,0.4990560093751881,0.7266753464678757,0.7303178218000584,-8.745645366882579
rho,complements,-0.4,1,0.9340308079772923,1.2,0.8047389870381192,0.44115347129031207,0.4981525109489549,0.7284564443307816,0.7321078474531547,-8.731209654455553
rho,complements,-0.4,1,0.9435309027962627,1.2,0.8045425944659673,0.44128986532237496,0.4986435146303626,0.7310866162358525,0.7347512031497636,-8.716750115721654
rho,complements,-0.4,1,0.9532050996921831,1.2,0.8046687531775782,0.44120223045782747,0.4983280646113292,0.7332545961960836,0.7369300501547681,-8.702187110826852
rho,complements,-0.4,1,0.9630567645821445,1.2,0.8044637521186331,0.44134459679196697,0.49884057695201567,0.7359403599458817,0.7396292763513856,-8.687579650213976
rho,complements,-0.4,1,0.9730893415331738,1.2,0.8043450293382673,0.4414270435425009,0.49913738471353464,0.7385178258279925,0.7422196618349949,-8.672890193106943
rho,complements,-0.4,1,0.9833063546955787,1.2,0.8046145271265343,0.4412398945176682,0.4984636450316292,0.7405258804521235,0.7442377818748162,-8.65819770622197
rho,complements,-0.4,1,0.9937114102890687,1.2,0.8046405995606835,0.4412217951906375,0.4983984780510936,0.7429221326048047,0.7466460452913969,-8.643435803667328
rho,complements,-0.4,1,1.0043081986431819,1.2,0.8046483154640837,0.4412164475381223,0.49837921121826045,0.7453659867701625,0.749102149326736,-8.628619735640802
rho,complements,-0.4,1,1.0151004962935855,1.2,0.8043717649765209,0.4414085009550619,0.499070597086413,0.7482682347000821,0.7520189448349435,-8.613733680553267
rho,complements,-0.4,1,1.0260921681358672,1.2,0.8044064227305603,0.4413844151839159,0.4989839140666981,0.7507115960353793,0.7544745535699009,-8.59879303395283
rho,complements,-0.4,1,1.037287169638491,1.2,0.8044745911145527,0.4413370746259333,0.49881349007746334,0.7531219968741155,0.7568970365931209,-8.58380910876859
rho,complements,-0.4,1,1.0486895491166357,1.2,0.8042422426837275,0.44149843991831084,0.4993943875398241,0.7560212833171079,0.759810855769886,-8.568750885638153
rho,complements,-0.4,1,1.0603034500686892,1.2,0.8046349087468512,0.4412257417141411,0.49841269335569355,0.7579610721173349,0.761760367801937,-8.55367525491711
rho,complements,-0.4,1,1.0721331135772334,1.2,0.8042959073435385,0.4414611706533908,0.49926022126778563,0.7610706463924861,0.7648855288830064,-8.53856685550247
rho,complements,-0.4,1,1.0841828807763967,1.2,0.8046281517430456,0.44123044350403684,0.49842960622567417,0.7631393552892348,0.766964607226252,-8.52337346321381
rho,complements,-0.4,1,1.0964571953875313,1.2,0.8043740032970415,0.4414069342481771,0.4990649746790212,0.766158070862826,0.7699984541746244,-8.508198743135255
rho,complements,-0.4,1,1.1089606063252093,1.2,0.8041972765524851,0.4415296513913287,0.499506770452785,0.7690759159537439,0.7729309250249251,-8.492906603790761
rho,complements,-0.4,1,1.1216977703756155,1.2,0.804365961938435,0.4414125242281306,0.499085090394327,0.7714602262200034,0.7753271866961294,-8.477617950953002
rho,complements,-0.4,1,1.1346734549494641,1.2,0.8041199880261464,0.44158332639210085,0.4996999969807915,0.7745319477763989,0.7784143053209006,-8.462241174216928
rho,complements,-0.4,1,1.147892540911644,1.2,0.8044265749206265,0.44137040610761047,0.49893350227181216,0.7767292192984225,0.7806225907122621,-8.446834941083099
rho,complements,-0.4,1,1.1613600254898573,1.2,0.804255313763329,0.4414893554155227,0.4993616939342,0.7797215618453929,0.7836299324386677,-8.431443537229079
rho,complements,-0.4,1,1.1750810252645967,1.2,0.8041396116732331,0.4415696979686773,0.4996509359391099,0.7826447816451497,0.7865678049386474,-8.415962790344516
rho,complements,-0.4,1,1.189060779242872,1.2,0.8043355854648659,0.44143361054082025,0.499161013303306,0.7850754716593992,0.789010678837296,-8.400469724988309
rho,complements,-0.4,1,1.2033046520181812,1.2,0.8041513416529515,0.4415615457513041,0.4996215971698652,0.788152383171119,0.7921030134321508,-8.384953341561769
rho,complements,-0.4,1,1.217818137019287,1.2,0.8039956502048331,0.4416696809725591,0.5000108606958946,0.7912040138262675,0.7951699404496134,-8.369365841693588
rho,complements,-0.4,1,1.2326068598504607,1.2,0.804099602665901,0.44159749063677767,0.49975097710953886,0.7938433434642068,0.797822499782418,-8.353759338651304
rho,complements,-0.4,1,1.247676581725918,1.2,0.8043533993223846,0.44142124825944723,0.4991164969180215,0.7962481326592671,0.8002393430334809,-8.33808639836533
rho,complements,-0.4,1,1.2630332030012734,1.2,0.8040306622664442,0.44164535994499415,0.49992331521474337,0.7996422783210246,0.8036505019211678,-8.32243546124587
rho,complements,-0.4,1,1.2786827668049243,1.2,0.8039196864789451,0.44172244053084386,0.5002007850676777,0.8027013204113436,0.8067248775237743,-8.306733775845881
rho,complements,-0.4,1,1.294631462772364,1.2,0.8042267310538671,0.4415092055394805,0.4994331529114109,0.8050682537097174,0.809103675124679,-8.291020627070138
rho,complements,-0.4,1,1.31088563088653,1.2,0.8040494124261925,0.44163233058794354,0.49987642164376545,0.8082797224385305,0.8123312414074845,-8.27525586353419
rho,complements,-0.4,1,1.3274517654273796,1.2,0.8043979362431175,0.44139031176807525,0.4990051371759252,0.810606626444775,0.8146698090685982,-8.259472024644413
rho,complements,-0.4,1,1.3443365190339982,1.2,0.8038224238001217,0.44178997754221716,0.5004439276910675,0.8145476956888661,0.8186306330044836,-8.243676675565192
rho,complements,-0.4,1,1.3615467068826452,1.2,0.8038171479144951,0.44179364304470314,0.5004571210620636,0.8175248611149382,0.8216227215343557,-8.227808696478867
rho,complements,-0.4,1,1.3790893109842512,1.2,0.8040714934471234,0.4416170042032109,0.49982123563181236,0.82006693038815,0.8241775329828257,-8.211984251782965
rho,complements,-0.4,1,1.3969714846049992,1.2,0.8037640620235831,0.4418305060735531,0.5005898310952916,0.8236109869472172,0.827739354199322,-8.196083534655175
rho,complements,-0.4,1,1.4152005568137338,1.2,0.8041072641681017,0.44159217563847014,0.49973183521099385,0.8260296914929516,0.8301701825520446,-8.18018698226429
rho,complements,-0.4,1,1.4337840371600625,1.2,0.8040328178345133,0.4416438531447466,0.4999179049581395,0.8292027982502381,0.8333591945731413,-8.164258597148748
rho,complements,-0.4,1,1.4527296204871472,1.2,0.8039094801397927,0.44172952213735833,0.5002262876769014,0.8324832748920721,0.8366561146725711,-8.148296249940659
rho,complements,-0.4,1,1.4720451918832933,1.2,0.8039302281721044,0.4417151068249827,0.5001744025698585,0.8355260064762481,0.8397140980122823,-8.132381874516476
rho,complements,-0.4,1,1.4917388317766058,1.2,0.8036412152112551,0.44191580585443263,0.5008969254343194,0.8391454278807182,0.8433516618420415,-8.116405167931916
rho,complements,-0.4,1,1.5118188211770927,1.2,0.8040578998461179,0.4416264622878616,0.49985525869566333,0.8415096644081018,0.845727749154335,-8.100412015552672
rho,complements,-0.4,1,1.5322936470707536,1.2,0.8037142375779169,0.4418650949570202,0.5007143675292467,0.8452700365382994,0.8495069702282744,-8.08442096274538
rho,complements,-0.4,1,1.5531720079703377,1.2,0.8038010281621149,0.44180483611500104,0.5004974178462875,0.8482668294220301,0.8525187845988461,-8.068357944929733
rho,complements,-0.4,1,1.5744628196276003,1.2,0.8040420160054046,0.44163748437850814,0.4998949502521731,0.8509961117565683,0.8552617475180173,-8.052354141243535
rho,complements,-0.4,1,1.5961752209120554,1.2,0.8034104454701491,0.44207606454326137,0.5014738539432956,0.8553536359583175,0.8596411139007231,-8.036299042570807
rho,complements,-0.4,1,1.618318579861377,1.2,0.8039186934055542,0.4417231136458929,0.5002032320695746,0.8576218834382764,0.8619207310184895,-8.020247964218413
rho,complements,-0.4,1,1.6409024999087747,1.2,0.8037501692556897,0.44184016509117385,0.5006245873412458,0.8611635356394776,0.8654801358252261,-8.004225879352983
rho,complements,-0.4,1,1.6639368262928396,1.2,0.8040114445356438,0.44165871878854984,0.49997138804762387,0.8639181601366166,0.8682485679351168,-7.9881365422100625
rho,complements,-0.4,1,1.6874316526555453,1.2,0.8037104834218587,0.4418677039906863,0.5007237571980236,0.8677484037160458,0.8720980106903845,-7.972073584773006
rho,complements,-0.4,1,1.7113973278342638,1.2,0.8035845585186207,0.4419551608045631,0.5010385888192358,0.871269627741168,0.8756368849243832,-7.955956540435448
rho,complements,-0.4,1,1.7358444628538618,1.2,0.8037288573228898,0.4418549496152817,0.5006778338461186,0.874295202264018,0.8786776252026408,-7.939881055417776
rho,complements,-0.4,1,1.7607839381251333,1.2,0.8035857388171117,0.441954355403442,0.5010356688543232,0.877887122328753,0.8822875498416255,-7.923790220741619
rho,complements,-0.4,1,1.7862269108560356,1.2,0.8039566811129516,0.4416967580994943,0.5001083163819563,0.8805072758831104,0.884920836970329,-7.907693622032976
rho,complements,-0.4,1,1.8121848226824113,1.2,0.8034137212161756,0.4420737920671197,0.5014656696488031,0.8849103493800009,0.8893459809649682,-7.891617337837081
rho,complements,-0.4,1,1.8386694075250942,1.2,0.8035707890480885,0.4419647245604497,0.501073016002483,0.8879769751745301,0.8924279782852602,-7.875524394227199
rho,complements,-0.4,1,1.8656926996805347,1.2,0.8035409904861436,0.4419854012985867,0.5011474763188036,0.8914236521656447,0.8958919318166885,-7.859437970201974
rho,complements,-0.4,1,1.8932670421523103,1.2,0.8035497980758564,0.4419792879701775,0.5011254639397271,0.8948120399742638,0.8992973039898782,-7.843318439803143
rho,complements,-0.4,1,1.921405095231136,1.2,0.8038162020003221,0.4417943003484723,0.5004594867523782,0.8977067640111194,0.9022065378913507,-7.827217404801903
rho,complements,-0.4,1,1.9501198453312445,1.2,0.8035544857512428,0.4419760445150416,0.501113770401247,0.9016649246213408,0.9061845388641955,-7.811135580808466
rho,complements,-0.4,1,1.979424614091259,1.2,0.8034595190308091,0.4420419946381198,0.5013511893875298,0.9053113078646022,0.9098491996795253,-7.795029474516822
rho,complements,-0.4,1,2.009333067747975,1.2,0.8037238446056088,0.4418584397679861,0.5006903852932414,0.9082531612590715,0.9128057991754996,-7.778976038060468
rho,complements,-0.4,1,2.0398592267917226,1.2,0.8033596705079373,0.4421113379829271,0.5016008195351853,0.9124777720161792,0.9170515858821501,-7.7629242403038665
rho,complements,-0.4,1,2.071017475912293,1.2,0.803578955122309,0.4419590686344874,0.5010526331281838,0.9155398419380725,0.9201290044934,-7.746830920518831
rho,complements,-0.4,1,2.1028225742447084,1.2,0.8036338165279784,0.4419209411328282,0.5009154163189307,0.9189495210746061,0.9235557747177292,-7.730810793348478
rho,complements,-0.4,1,2.135289665924415,1.2,0.8030114905593729,0.4423531313182849,0.5024712730881226,0.9237658363987499,0.9283962319229008,-7.714744893486171
rho,complements,-0.4,1,2.168434290961828,1.2,0.8036908985410705,0.44188130516168034,0.5007727206081591,0.9259226061573289,0.9305638125348835,-7.698696938641598
rho,complements,-0.4,1,2.2022723964464688,1.2,0.8031453486187596,0.4422601498328701,0.5021365750202398,0.9306250042267895,0.9352897814727564,-7.6826804642852915
rho,complements,-0.4,1,2.23682034809129,1.2,0.8032339998524112,0.44219860800587263,0.5019149934402738,0.9340308090423542,0.9387126579560023,-7.666588227613255
rho,complements,-0.4,1,2.2720949421281498,1.2,0.8037424987442923,0.44184549153063096,0.5006437629618707,0.936568016067886,0.9412625827846742,-7.650651315865316
rho,complements,-0.4,1,2.308113417565749,1.2,0.8031383473031027,0.44226504445306863,0.5021541487155256,0.9414591388845789,0.9461782224565116,-7.634686118979191
rho,complements,-0.4,1,2.344893468821764,1.2,0.8035582538857281,0.44197342404022577,0.5011043420411597,0.9442053605341517,0.9489382095993876,-7.618702946322335
rho,complements,-0.4,1,2.382453258741261,1.2,0.8032002494581929,0.4422220408433799,0.5019993587635077,0.9486173986894619,0.9533723631879837,-7.60278181803742
rho,complements,-0.4,1,2.4208114320139376,1.2,0.8029985510530095,0.4423621003779288,0.5025035857633167,0.952716916222584,0.9574924296382539,-7.586800379275033
rho,complements,-0.4,1,2.4599871290031343,1.2,0.8035360795727968,0.44198883154465385,0.5011597965636556,0.9552422470846702,0.9600304187739633,-7.570882708855773
rho,complements,-0.4,1,2.5,1.2,0.8029413299715762,0.44240184909133207,0.5026466640657012,0.9602246918859552,0.9650378381837454,-7.5549788985611155
rho,complements,-0.4,2,0.5,1.2,0.7261570906154159,0.5197373596651667,0.802607241105182,0.7143787358086764,0.7179595741234299,-9.209093788989529
rho,complements,-0.4,2,0.5000203210855501,1.2,0.7261541196623609,0.5197393255371023,0.8026146706557873,0.7143926655957482,0.7179735737338501,-9.208869187152986
rho,complements,-0.4,2,0.5000812892976928,1.2,0.7261452129225152,0.5197452352316525,0.8026369805828726,0.7144344622500411,0.7180155798947445,-9.208195366757923
rho,complements,-0.4,2,0.5001829195049198,1.2,0.7261303478263373,0.5197550625280355,0.8026741339872473,0.7145041176993085,0.7180855844934043,-9.207072283156279
rho,complements,-0.4,2,0.5003252364947652,1.2,0.7261095333751227,0.5197688205366421,0.8027261516019816,0.714601642941644,0.7181835985830513,-9.205499861934848
rho,complements,-0.4,2,0.5005082749838822,1.2,0.7260797623986915,0.5197885050827267,0.8028005671289328,0.7147292856604487,0.7183118811136466,-9.203477998929664
rho,complements,-0.4,2,0.500732079632158,1.2,0.7260470588096191,0.5198101430279495,0.8028823455777705,0.7148825827158719,0.7184659465737577,-9.201006560232429
rho,complements,-0.4,2,0.5009967050608752,1.2,0.7260084761116186,0.5198356517787587,0.8029787821226064,0.7150637143975639,0.7186479861817825,-9.198085382198975
rho,complements,-0.4,2,0.5013022158749305,1.2,0.7259642858524612,0.5198648701274113,0.8030892395965078,0.7152725035968934,0.7188578219413289,-9.194714271458707
rho,complements,-0.4,2,0.5016486866891229,1.2,0.7259453094017072,0.5198774404127736,0.8031367254544635,0.7154860436124392,0.719072432330657,-9.190893056256012
rho,complements,-0.4,2,0.502036202158526,1.2,0.7260081271722993,0.5198358941061969,0.8029796806605554,0.7156621583425617,0.7192494298395378,-9.186623763730712
rho,complements,-0.4,2,0.502464857012963,1.2,0.7261702524295615,0.519728672658188,0.8025743771592091,0.7157876985027878,0.7193755992724357,-9.181914837593382
rho,complements,-0.4,2,0.5029347560956027,1.2,0.7262138752087055,0.519699809379229,0.8024652924633862,0.7160249586551135,0.7196140486962241,-9.176759928824499
rho,complements,-0.4,2,0.5034460144056994,1.2,0.7265892827255065,0.5194515291335993,0.8015267853494967,0.7160379095637182,0.7196270645215282,-9.171172241857207
rho,complements,-0.4,2,0.5039987571454999,1.2,0.7265296780968644,0.5194909412894781,0.8016757767476721,0.7163991052512835,0.7199900707100118,-9.165147814810645
rho,complements,-0.4,2,0.5045931197713469,1.2,0.7264469234372748,0.5195456825309785,0.8018826845429845,0.7168011964451423,0.7203941773943672,-9.158676455183034
rho,complements,-0.4,2,0.5052292480490046,1.2,0.7263550525261779,0.5196064445400432,0.8021123636906404,0.7172337096237608,0.7208288585543154,-9.151756512928166
rho,complements,-0.4,2,0.5059072981132409,1.2,0.7262571665526532,0.5196711813566888,0.8023570727643172,0.7176943599425865,0.7212918178924732,-9.144387532460424
rho,complements,-0.4,2,0.5066274365316988,1.2,0.7261503613157754,0.5197418191276242,0.8026240844656762,0.7181853578759481,0.7217852769632177,-9.13656902916243
rho,complements,-0.4,2,0.507389840373095,1.2,0.7261715920264489,0.519727777397111,0.8025710071101988,0.7186041013027772,0.7222061193502085,-9.12830141329512
rho,complements,-0.4,2,0.5081946972797818,1.2,0.7261774324971679,0.519723895150375,0.8025563617038827,0.719057959632761,0.7226622526545387,-9.119601469597349
rho,complements,-0.4,2,0.5090422055447187,1.2,0.7260591866550278,0.5198021264351309,0.8028520360998493,0.719628637868831,0.723235791427171,-9.110452202497498
rho,complements,-0.4,2,0.5099325741928927,1.2,0.7259492562959489,0.5198748199379579,0.8031268353233396,0.7202168344287974,0.7238269363346634,-9.100854269924742
rho,complements,-0.4,2,0.5108660230672385,1.2,0.7258169627320948,0.5199623181463029,0.8034575748237202,0.7208456657204475,0.7244589196562802,-9.09080512592858
rho,complements,-0.4,2,0.5118427829191048,1.2,0.7256811344878842,0.5200521416664077,0.8037971228115284,0.721501018153545,0.7251175570571187,-9.080304148111628
rho,complements,-0.4,2,0.5128630955033207,1.2,0.7261000288857428,0.5197751065139438,0.8027499126878818,0.7217623930618996,0.7253802421126537,-9.069386091280734
rho,complements,-0.4,2,0.5139272136779165,1.2,0.7262827134533969,0.5196542795248107,0.8022931925088737,0.7222248426676338,0.7258450097566829,-9.058055210988213
rho,complements,-0.4,2,0.5150354015085564,1.2,0.7261730711732854,0.519726794976967,0.802567299834476,0.7229317124971564,0.7265554227859709,-9.046294158240734
rho,complements,-0.4,2,0.5161879343777439,1.2,0.7262876669215238,0.5196509946752066,0.802280789001845,0.7234928146042924,0.7271193374291232,-9.03410162092901
rho,complements,-0.4,2,0.5173850990988615,1.2,0.7261197484215185,0.5197620727867629,0.8027006326588599,0.7242916433459027,0.7279221703164639,-9.02147279446239
rho,complements,-0.4,2,0.5186271940351138,1.2,0.7259424476705043,0.519879325165014,0.8031438618037476,0.7251216724816946,0.7287563599906128,-9.008392622020112
rho,complements,-0.4,2,0.5199145292234401,1.2,0.7257626116592609,0.5199982586616463,0.8035934389853528,0.7259777924601408,0.7296167712883093,-8.994860258449435
rho,complements,-0.4,2,0.5212474265034702,1.2,0.7256016688855458,0.5201047002917224,0.8039957913760807,0.7268437745681815,0.7304870941497302,-8.980876682251349
rho,complements,-0.4,2,0.5226262196515982,1.2,0.7259831396790803,0.5198524109150628,0.8030421282762823,0.7273211552462363,0.7309668677083918,-8.966471151924534
rho,complements,-0.4,2,0.5240512545202515,1.2,0.7260403329459355,0.5198145927184986,0.8028991633396196,0.7280688334421327,0.7317182936568412,-8.951668195600265
rho,complements,-0.4,2,0.5255228891824385,1.2,0.7261772521865864,0.5197240307749296,0.8025568496109539,0.7287793929414637,0.7324324148504844,-8.93645965907053
rho,complements,-0.4,2,0.5270414940816569,1.2,0.7259668351227835,0.5198632021194207,0.8030829072840628,0.729779528499459,0.7334375636088265,-8.920824441443447
rho,complements,-0.4,2,0.5286074521872524,1.2,0.7258231928834724,0.5199581952413699,0.8034419939239545,0.7307529648825873,0.7344158793621306,-8.904746393840096
rho,complements,-0.4,2,0.5302211591553182,1.2,0.7256029613214525,0.5201038676381717,0.803992610481921,0.7318095747180379,0.7354777854764215,-8.888215353931969
rho,complements,-0.4,2,0.5318830234952302,1.2,0.7256370413288162,0.5200813229907222,0.8039073992141419,0.7326954120522835,0.7363680630887831,-8.871234291209156
rho,complements,-0.4,2,0.5335934667419154,1.2,0.7260108954771312,0.5198340420081642,0.8029727117973855,0.7333435766058727,0.7370194765807174,-8.853891695416852
rho,complements,-0.4,2,0.5353529236339561,1.2,0.7257712146032244,0.5199925902628865,0.8035719801130022,0.7344883782523995,0.7381700165693773,-8.836134778293621
rho,complements,-0.4,2,0.537161842297634,1.2,0.7258702621037891,0.5199270719590667,0.8033243370993743,0.735396152253915,0.7390823408070111,-8.817947707281755
rho,complements,-0.4,2,0.5390206844370244,1.2,0.725618887827983,0.5200933204304932,0.8039527629083758,0.7365992758254096,0.7402914950605042,-8.799339116617496
rho,complements,-0.4,2,0.5409299255302531,1.2,0.7257043383471659,0.5200368055097665,0.8037391365489847,0.737566121185453,0.7412631867530824,-8.780287528364966
rho,complements,-0.4,2,0.5428900550320312,1.2,0.7255719312012883,0.5201243750658986,0.8040701514481696,0.7387263673156245,0.7424292486411835,-8.760828483011206
rho,complements,-0.4,2,0.5449015765825912,1.2,0.7257639020631068,0.5199974189370762,0.803590244086182,0.7396587627849709,0.7433663177622694,-8.741007575738134
rho,complements,-0.4,2,0.5469650082231464,1.2,0.7255152819545267,0.5201618610750685,0.8042118189637286,0.7409588282336569,0.7446728998161355,-8.720744303614035
rho,complements,-0.4,2,0.5490808826180046,1.2,0.7255814139081257,0.5201181190419154,0.8040464800789388,0.7420379931965907,0.7457574741159567,-8.700050259046535
rho,complements,-0.4,2,0.5512497472834679,1.2,0.725564879458904,0.5201290371305674,0.8040877767532228,0.7432062008677857,0.7469315374524716,-8.678973731503053
rho,complements,-0.4,2,0.5534721648236569,1.2,0.725306570841703,0.5202998790197646,0.8047335547751233,0.744588833417473,0.7483211004766552,-8.657463100559335
rho,complements,-0.4,2,0.5557487131734017,1.2,0.7256532382205323,0.5200705916930015,0.8038668637391952,0.7455208594903214,0.7492577983496352,-8.635598939953033
rho,complements,-0.4,2,0.5580799858483445,1.2,0.7253507598334006,0.5202706492299622,0.804623072620154,0.7469883416304787,0.7507326362746309,-8.613308069329829
rho,complements,-0.4,2,0.5604665922024078,1.2,0.7253280722475988,0.5202856602702286,0.8046798052452799,0.7482603582447629,0.7520110288987277,-8.590590488365201
rho,complements,-0.4,2,0.5629091576927818,1.2,0.7253784541664055,0.5202523287885514,0.8045538275260293,0.7494992718003244,0.7532561525343295,-8.56749951917251
rho,complements,-0.4,2,0.5654083241525933,1.2,0.7254932425986451,0.5201764288549264,0.8042668980443282,0.7507115958304657,0.7544745533639602,-8.543981595808965
rho,complements,-0.4,2,0.5679647500714233,1.2,0.7253395163647696,0.520278084236929,0.8046511786845856,0.7521620741582373,0.7559323022446058,-8.520124290589553
rho,complements,-0.4,2,0.5705791108838415,1.2,0.7253648892044842,0.5202612995174365,0.8045877381010618,0.7534950432527611,0.757271952874521,-8.495859857312762
rho,complements,-0.4,2,0.5732520992661372,1.2,0.7250308127721492,0.5204822619779339,0.805422957393805,0.7551403363278686,0.7589254930154872,-8.471166406827981
rho,complements,-0.4,2,0.5759844254414287,1.2,0.725070189410302,0.5204562201067604,0.8053245177918307,0.7565124714635428,0.7603045060071508,-8.446072613367338
rho,complements,-0.4,2,0.578776817493336,1.2,0.7253309684810985,0.5202837270525005,0.8046725244739728,0.7577313829762848,0.7615295273392763,-8.420638983973872
rho,complements,-0.4,2,0.5816300216884137,1.2,0.725262886633894,0.5203287651810229,0.8048427527966658,0.7592393906475946,0.7630450939304946,-8.394849554418219
rho,complements,-0.4,2,0.5845448028075416,1.2,0.7249826570441136,0.5205141105733107,0.8055433457361549,0.7609442207120325,0.7647584694911922,-8.36862295874386
rho,complements,-0.4,2,0.5875219444864789,1.2,0.7248747561360698,0.5205854840668214,0.8058131217274813,0.7625357175873714,0.7663579437778165,-8.34195013859636
rho,complements,-0.4,2,0.5905622495657936,1.2,0.7255063647228782,0.5201677277059094,0.8042340417141244,0.7635517644648329,0.7673790836114454,-8.314987047416103
rho,complements,-0.4,2,0.5936665404503856,1.2,0.7251657062331794,0.5203930341857199,0.8050856953000333,0.7653829061866959,0.7692194039693857,-8.28770352189505
rho,complements,-0.4,2,0.5968356594788269,1.2,0.7247872568158499,0.5206433321072552,0.8060318204034053,0.7672715139949067,0.7711174784636304,-8.25996453055464
rho,complements,-0.4,2,0.600070469302753,1.2,0.7247702718665396,0.5206545780131709,0.8060743110673323,0.768891047005009,0.7727451294167283,-8.231783474213117
rho,complements,-0.4,2,0.6033718532765401,1.2,0.7253590057245893,0.5202651959062112,0.8046024585906979,0.7700380694612344,0.7738979013469418,-8.203326047016404
rho,complements,-0.4,2,0.6067407158575169,1.2,0.7249694586084934,0.5205228258643666,0.80557631045189,0.7720144243391992,0.7758841627449581,-8.17455480996242
rho,complements,-0.4,2,0.6101779830169621,1.2,0.7245997720966322,0.5207673382747566,0.8065005511105159,0.7740014654589978,0.777881163949818,-8.145327201104623
rho,complements,-0.4,2,0.6136846026621482,1.2,0.7244876882962955,0.5208414661983963,0.8067807570416673,0.7758023045408946,0.7796910297751772,-8.115704175461865
rho,complements,-0.4,2,0.6172615450697004,1.2,0.7250702341409307,0.5204561857833115,0.8053243952156199,0.7770517376900296,0.7809467257340348,-8.085781037034788
rho,complements,-0.4,2,0.6209098033305457,1.2,0.7247326345626364,0.5206794621144187,0.8061683855128654,0.779091484637088,0.7829966969552131,-8.055542713695546
rho,complements,-0.4,2,0.6246303938067362,1.2,0.7246033977195019,0.5207649486862296,0.8064915059008668,0.7809842284802759,0.7848989282163965,-8.024889783985383
rho,complements,-0.4,2,0.6284243566004422,1.2,0.724782286829565,0.5206466381699175,0.8060442885398078,0.7826447817951577,0.7865678050894075,-7.993835518258634
rho,complements,-0.4,2,0.6322927560354111,1.2,0.7247491966753964,0.5206685184425786,0.8061270031523718,0.7845086912921552,0.7884410574716386,-7.962494002668827
rho,complements,-0.4,2,0.6362366811512086,1.2,0.7246898171428026,0.5207077993440331,0.8062754717694646,0.7864208693915172,0.7903628204036105,-7.930834806130474
rho,complements,-0.4,2,0.6402572462105554,1.2,0.724283231972519,0.5209766997596448,0.8072919230823554,0.7886534557886002,0.7926065976865794,-7.898776905507012
rho,complements,-0.4,2,0.6443555912200942,1.2,0.7244783437196671,0.5208476508745926,0.8068041284639091,0.7904028297826282,0.7943647404542432,-7.86636448830618
rho,complements,-0.4,2,0.6485328824649206,1.2,0.7247299513097281,0.5206812499356839,0.806175123544403,0.7921287921675019,0.7960993542615736,-7.833625508476143
rho,complements,-0.4,2,0.652790313057229,1.2,0.7243246631716751,0.5209492904453152,0.8071883275583001,0.794441821288754,0.7984239774895444,-7.800594852488606
rho,complements,-0.4,2,0.6571291034994325,1.2,0.724542428196608,0.5208052631742046,0.8066439086824881,0.7962481310412541,0.8002393414073576,-7.767130964082764
rho,complements,-0.4,2,0.6615505022621248,1.2,0.7243852554145459,0.5209092226549086,0.8070368615667868,0.798402540787271,0.802404550177166,-7.733425587139365
rho,complements,-0.4,2,0.6660557863772645,1.2,0.7242848941075991,0.520975594825337,0.807287754956265,0.8005349672859013,0.8045476655081019,-7.699355410128241
rho,complements,-0.4,2,0.6706462620469753,1.2,0.7238963533430988,0.521232560408704,0.808259093663842,0.8029442373788794,0.8069690121176769,-7.664918052710178
rho,complements,-0.4,2,0.6753232652683625,1.2,0.7243767960588403,0.5209148099339731,0.807057992871411,0.804625742101309,0.808658945417603,-7.630227817242959
rho,complements,-0.4,2,0.6800881624747613,1.2,0.7239243696222813,0.5212140477745837,0.8081890907304744,0.8071458760898395,0.8111917116303194,-7.595182402864138
rho,complements,-0.4,2,0.6849423511938463,1.2,0.7238120137400217,0.5212883439769858,0.8084699503997821,0.8093969988813591,0.8134541182217886,-7.559768395113906
rho,complements,-0.4,2,0.6898872607230374,1.2,0.7243399449978609,0.520939183797156,0.8071501238540888,0.8111117782984383,0.8151774930064651,-7.524103214125416
rho,complements,-0.4,2,0.6949243528226603,1.2,0.7238733393226102,0.5212477969334808,0.8083166641225241,0.8137285393081373,0.8178073705853093,-7.48814384711265
rho,complements,-0.4,2,0.7000551224273222,1.2,0.7237491970237125,0.5213298902835625,0.8086269941394072,0.8160711476244477,0.8201617212746706,-7.451747404355299
rho,complements,-0.4,2,0.7052810983759861,1.2,0.7242555672953315,0.5209949842083654,0.8073610568892415,0.8178799752399224,0.8219796156762988,-7.415143180730356
rho,complements,-0.4,2,0.7106038441612367,1.2,0.723794282021164,0.5213000630966285,0.8085142610819895,0.8205769898755504,0.824690149154046,-7.378277896226868
rho,complements,-0.4,2,0.7160249586982449,1.2,0.7236309160423567,0.5214081242692075,0.808922709800206,0.8230365593892482,0.8271620473112367,-7.340986816545012
rho,complements,-0.4,2,0.7215460771139571,1.2,0.724080080371875,0.5211110522018547,0.8077997860219315,0.8249725503846757,0.8291077425019122,-7.3034261005983785
rho,complements,-0.4,2,0.7271688715570458,1.2,0.7237076840627791,0.5213573393231189,0.8087307615220548,0.827675090727299,0.831823829384376,-7.2656674729137105
rho,complements,-0.4,2,0.7328950520291776,1.2,0.723511987058449,0.5214867732311831,0.8092200146298745,0.8302467280490654,0.8344083570918608,-7.227525586443895
rho,complements,-0.4,2,0.7387263672381705,1.2,0.7237153742928089,0.5213522666522497,0.8087115664744935,0.832483275669542,0.8366561154539381,-7.189028460454518
rho,complements,-0.4,2,0.7446646054736273,1.2,0.7235363128282433,0.5214706926117061,0.8091592180151064,0.8350951875003425,0.8392811195472734,-7.150407874528531
rho,complements,-0.4,2,0.7507115955056528,1.2,0.7233692109857068,0.5215812103504689,0.8095769740891565,0.8377245041656006,0.8419236157171622,-7.111423669513208
rho,complements,-0.4,2,0.7568692075072764,1.2,0.723475006930066,0.5215112282140614,0.8093124586594254,0.8401306673198966,0.8443418398144601,-7.072057053645823
rho,complements,-0.4,2,0.7631393540012239,1.2,0.7235686046688157,0.5214493286164814,0.8090784726333644,0.8425745042040893,0.8467979264820118,-7.032565264324372
rho,complements,-0.4,2,0.7695239908317001,1.2,0.7231831030771227,0.521704301075483,0.8100422517620729,0.8454902611079688,0.8497282986781931,-6.9927735186767705
rho,complements,-0.4,2,0.7760251181618615,1.2,0.7233537489610007,0.5215914297408833,0.8096156136913231,0.847917226640963,0.8521674294265463,-6.952570310298529
rho,complements,-0.4,2,0.7826447814976824,1.2,0.7235627539677697,0.5214531994220677,0.8090931023214801,0.8503341351258569,0.8545964527156359,-6.912257899385139
rho,complements,-0.4,2,0.7893850727389358,1.2,0.7229904628378017,0.5218317031656028,0.8105238399417858,0.8535123591021587,0.8577906076059151,-6.87165317403482
rho,complements,-0.4,2,0.7962481312580323,1.2,0.7232058785077006,0.521689239900488,0.8099853175866064,0.8559780499639774,0.8602686577946113,-6.830638371837347
rho,complements,-0.4,2,0.8032361450074849,1.2,0.7233584164548879,0.5215883431233601,0.8096039457488928,0.8585290508333009,0.8628324456090048,-6.789542418832899
rho,complements,-0.4,2,0.8103513516567865,1.2,0.7228110324831662,0.521950364381478,0.8109723939340261,0.8617737070198336,0.866093365702354,-6.748137332666211
rho,complements,-0.4,2,0.8175960397595149,1.2,0.7232679522874015,0.5216481782487878,0.8098301159808494,0.864088885382872,0.8684201489452302,-6.706378126631174
rho,complements,-0.4,2,0.8249725499515008,1.2,0.7231299989307557,0.5217394089372756,0.8101749805389854,0.8670000045440251,0.8713458601519027,-6.664493743696321
rho,complements,-0.4,2,0.8324832761809209,1.2,0.7225741334057403,0.5221070561680372,0.8115646699833683,0.8703434769169761,0.8747060917498661,-6.622318091638348
rho,complements,-0.4,2,0.8401306669712053,1.2,0.7230271548093861,0.5218074306035254,0.8104320977994097,0.8727408515211942,0.8771154832442957,-6.57986834910787
rho,complements,-0.4,2,0.8479172267176741,1.2,0.7225175759555704,0.5221444496163621,0.8117060357743389,0.8760999508078494,0.880491420086194,-6.537210346571255
rho,complements,-0.4,2,0.8558455170188431,1.2,0.7226571566707065,0.5220521395767552,0.8113570958893743,0.8788560647685271,0.8832613491255904,-6.494292749708354
rho,complements,-0.4,2,0.8639181580433734,1.2,0.7228038184101628,0.5219551391884021,0.810990437269133,0.8816317468564248,0.8860509443778528,-6.45116986467699
rho,complements,-0.4,2,0.8721378299336601,1.2,0.722188012564427,0.5223624180201814,0.8125299515053442,0.8851868506052792,0.8896238681584058,-6.407766851198005
rho,complements,-0.4,2,0.8805072742470966,1.2,0.7224136917769484,0.5222131699808494,0.8119657777396181,0.8879410213059576,0.8923918441971717,-6.36416225268534
rho,complements,-0.4,2,0.88902929543607,1.2,0.722517293020364,0.5221446434783128,0.8117067583884496,0.8908425986795889,0.8953079657879134,-6.320367892470229
rho,complements,-0.4,2,0.8977067623677852,1.2,0.7222843359063129,0.5222987235303169,0.8122891690604461,0.8941081763450505,0.8985899122295411,-6.276267138808578
rho,complements,-0.4,2,0.9065426098850453,1.2,0.7221172734982508,0.52240919383524,0.8127067781200734,0.8973376222073447,0.9018355457565844,-6.231982926205495
rho,complements,-0.4,2,0.9155398404091444,1.2,0.7222138702617857,0.5223453152553332,0.81246530473731,0.9003304414689548,0.9048433665871718,-6.187540593118012
rho,complements,-0.4,2,0.9247015255860773,1.2,0.7219717235183429,0.5225054716114086,0.8130706860963319,0.9036942226927774,0.9082240088345453,-6.14281592413039
rho,complements,-0.4,2,0.9340308079772923,1.2,0.7222648777670164,0.5223115819077162,0.8123377899996842,0.9065426099548787,0.9110866736972134,-6.097844082004678
rho,complements,-0.4,2,0.9435309027962627,1.2,0.7222939439557031,0.5222923705753584,0.8122651525092096,0.909686904071737,0.9142467286539206,-6.0527990615765095
rho,complements,-0.4,2,0.9532050996921831,1.2,0.7216450366516358,0.5227215411209484,0.813887418610675,0.9135570907601488,0.9181363147338377,-6.007451528772644
rho,complements,-0.4,2,0.9630567645821445,1.2,0.722195781594849,0.5223572827417857,0.8125105356635212,0.9162210023172206,0.920813579203157,-5.961889800374671
rho,complements,-0.4,2,0.9730893415331738,1.2,0.721958912060386,0.5225139516460456,0.8131027302728457,0.9197264591311859,0.9243366071925241,-5.916262796983263
rho,complements,-0.4,2,0.9833063546955787,1.2,0.7213395008659311,0.5229236086252025,0.814651243496028,0.9236617458867818,0.9282916196550702,-5.87026982842603
rho,complements,-0.4,2,0.9937114102890687,1.2,0.7222162723839245,0.5223437441783181,0.812459339412501,0.9260615442181057,0.9307034470255882,-5.824166827808446
rho,complements,-0.4,2,1.0043081986431819,1.2,0.721645110257509,0.5227214768441808,0.8138871992250931,0.9300081786084602,0.9346698640031488,-5.777969030255045
rho,complements,-0.4,2,1.0151004962935855,1.2,0.7210338235337851,0.5231257703595427,0.8154154236416579,0.9340308076998749,0.9387126566067937,-5.731350775226717
rho,complements,-0.4,2,1.0260921681358672,1.2,0.7219007272589809,0.5225524315165091,0.8132481874204619,0.9365145301616942,0.941208828779262,-5.6848075902600215
rho,complements,-0.4,2,1.037287169638491,1.2,0.7212778935776363,0.5229643609718077,0.8148052771064236,0.9406119508980162,0.9453267879224946,-5.638005749952498
rho,complements,-0.4,2,1.0486895491166357,1.2,0.7217807803543637,0.5226317589953122,0.8135480490470046,0.943533163518836,0.9482626431825107,-5.590877820535468
rho,complements,-0.4,2,1.0603034500686892,1.2,0.7215272059332011,0.5227994728725178,0.8141819985416695,0.9472955030048391,0.9520438414736678,-5.543846345360869
rho,complements,-0.4,2,1.0721331135772334,1.2,0.7209395561888002,0.5231881306980519,0.8156511242343815,0.9514517137956167,0.9562208853577301,-5.496454156382769
rho,complements,-0.4,2,1.0841828807763967,1.2,0.7213984125785291,0.5228846343279538,0.8145039380772705,0.9545002215413916,0.9592846738121709,-5.4489405942436715
rho,complements,-0.4,2,1.0964571953875313,1.2,0.7211367117366205,0.5230577116689548,0.8151581783285688,0.9583629062098394,0.9631667202680927,-5.401359107852233
rho,complements,-0.4,2,1.1089606063252093,1.2,0.7209253406912841,0.5231975174349158,0.8156866288511051,0.9622013681825238,0.9670244226114829,-5.353484107218437
rho,complements,-0.4,2,1.1216977703756155,1.2,0.7210051623777065,0.5231447279233123,0.815487080552366,0.9657478687226224,0.9705887000595166,-5.30553765711213
rho,complements,-0.4,2,1.1346734549494641,1.2,0.7208049910700305,0.5232771144935866,0.8159875046014242,0.9696339011260039,0.9744942112813805,-5.257445851657037
rho,complements,-0.4,2,1.147892540911644,1.2,0.721016701061783,0.5231371034245251,0.8154582495050402,0.9730893416460898,0.9779669722691517,-5.209135261229713
rho,complements,-0.4,2,1.1613600254898573,1.2,0.7209232948867623,0.5231988832088307,0.8156917722308659,0.97691435791993,0.981811161516852,-5.160771366955588
rho,complements,-0.4,2,1.1750810252645967,1.2,0.720760582616151,0.5233064896798518,0.8160985359777533,0.980847355137728,0.9857638729652443,-5.112269919144589
rho,complements,-0.4,2,1.189060779242872,1.2,0.7208839499631656,0.5232249065678349,0.8157901381326842,0.9844851578501368,0.9894199102396314,-5.063570450180938
rho,complements,-0.4,2,1.2033046520181812,1.2,0.7209171822482772,0.5232029266633096,0.8157070554241093,0.988252991804674,0.9932066305404603,-5.01474843213964
rho,complements,-0.4,2,1.217818137019287,1.2,0.7203886712034872,0.5235524560548714,0.8170282991289614,0.9926948676822528,0.9976707714135306,-4.965849754548694
rho,complements,-0.4,2,1.2326068598504607,1.2,0.7204671958297835,0.5235005247800071,0.8168319943712727,0.9964698889363758,1.0014647150404343,-4.916795475453489
rho,complements,-0.4,2,1.247676581725918,1.2,0.7206445419990303,0.5233832293380467,0.8163886221396596,1.000157403739917,1.0051707135888477,-4.867621013478354
rho,complements,-0.4,2,1.2630332030012734,1.2,0.7204478263713314,0.5235133276208993,0.8168804006728685,1.0043081996598013,1.0093423154598637,-4.8182870236793365
rho,complements,-0.4,2,1.2786827668049243,1.2,0.7204397051675788,0.5235187095968634,0.8169007281981076,1.008268244431623,1.0133222100387083,-4.76892120541121
rho,complements,-0.4,2,1.294631462772364,1.2,0.7202603364648017,0.5236373294182706,0.8173491266558359,1.0124589374518065,1.0175339089950708,-4.719407685140201
rho,complements,-0.4,2,1.31088563088653,1.2,0.7203436299432695,0.5235822489183565,0.8171409106035632,1.0163683604349367,1.021462928042452,-4.669755010440499
rho,complements,-0.4,2,1.3274517654273796,1.2,0.7200549419576093,0.5237731718178003,0.8178626117251616,1.0207490040553575,1.0258655297303978,-4.620077739173681
rho,complements,-0.4,2,1.3443365190339982,1.2,0.719826072789536,0.5239245442359217,0.8184347935375347,1.0250897384958262,1.0302280221927946,-4.57018211858955
rho,complements,-0.4,2,1.3615467068826452,1.2,0.7203642650378912,0.5235685949117446,0.8170893082219455,1.028536178982941,1.0336917380347417,-4.5203026951520044
rho,complements,-0.4,2,1.3790893109842512,1.2,0.7196164141861406,0.5240632167834975,0.8189589614788321,1.0335639583590988,1.0387447192598989,-4.4702858731075645
rho,complements,-0.4,2,1.3969714846049992,1.2,0.7199694110474117,0.5238297493460534,0.8180764604694375,1.0372871696409345,1.0424865932159488,-4.420059410481181
rho,complements,-0.4,2,1.4152005568137338,1.2,0.719927159819388,0.5238577032218967,0.8181821110878739,1.0415183523070197,1.0467389847734077,-4.370020876004828
rho,complements,-0.4,2,1.4337840371600625,1.2,0.7192201684766606,0.5243252779200331,0.8199495618459745,1.046597395206753,1.051843486481622,-4.319639449730826
rho,complements,-0.4,2,1.4527296204871472,1.2,0.7202417794124976,0.5236496062098179,0.8173955274713698,1.0495711392618743,1.05483213649085,-4.269279804937376
rho,complements,-0.4,2,1.4720451918832933,1.2,0.7194833180382163,0.5241512437420767,0.8192917027688138,1.0547787071422423,1.0600658074138452,-4.21894175395072
rho,complements,-0.4,2,1.4917388317766058,1.2,0.719205251791363,0.524335139539865,0.8199868446850509,1.0594217003741304,1.0647320737461579,-4.168260267491308
rho,complements,-0.4,2,1.5118188211770927,1.2,0.7198032991587191,0.5239396168520664,0.8184917518617676,1.0629922233508584,1.0683204940437858,-4.117813986114098
rho,complements,-0.4,2,1.5322936470707536,1.2,0.7190895520412395,0.5244116711940705,0.8202761182269127,1.0682449215136638,1.0735995214657004,-4.0671723213001885
rho,complements,-0.4,2,1.5531720079703377,1.2,0.7194760840667345,0.5241560326910394,0.8193097980765429,1.0721331123680264,1.0775072019578258,-4.016308541658667
rho,complements,-0.4,2,1.5744628196276003,1.2,0.7194125452283682,0.5241980495104539,0.8194686310613413,1.0766201916840823,1.0820167728525514,-3.965713783567975
rho,complements,-0.4,2,1.5961752209120554,1.2,0.7190670669823667,0.524426536837874,0.8203323185659315,1.0814991570913421,1.0869201941756874,-3.914819218595107
rho,complements,-0.4,2,1.618318579861377,1.2,0.719679640929905,0.5240214079680725,0.8188009123416834,1.085168436226578,1.0906078656491274,-3.863897084375237
rho,complements,-0.4,2,1.6409024999087747,1.2,0.718968181819976,0.5244919309582886,0.8205795175934225,1.0905828846965142,1.096049454154961,-3.8130666171952896
rho,complements,-0.4,2,1.6639368262928396,1.2,0.7186738697037072,0.5246865977790247,0.821315334059121,1.0954877378854493,1.1009788930228182,-3.762015213281985
rho,complements,-0.4,2,1.6874316526555453,1.2,0.7192421474586217,0.5243107471645132,0.8198946271104943,1.0992873909254566,1.1047975919029471,-3.7110255158105083
rho,complements,-0.4,2,1.7113973278342638,1.2,0.7189604365356623,0.5244970706068146,0.8205989196005934,1.1042326564960045,1.1097676457203227,-3.659988609369494
rho,complements,-0.4,2,1.7358444628538618,1.2,0.7188651151945107,0.5245600996902426,0.8208371909029599,1.1089606066958708,1.114519294869188,-3.6088137613695346
rho,complements,-0.4,2,1.7607839381251333,1.2,0.7188037913940221,0.5246006723169359,0.8209905334207886,1.113671458090713,1.1192537595049123,-3.557751926561371
rho,complements,-0.4,2,1.7862269108560356,1.2,0.7185738731592568,0.5247527346930342,0.8215653291245448,1.1186374515544206,1.124244645114444,-3.506619333695626
rho,complements,-0.4,2,1.8121848226824113,1.2,0.7186674571111105,0.5246908192841743,0.821331321025397,1.1231951292761582,1.1288251682908326,-3.455376253272117
rho,complements,-0.4,2,1.8386694075250942,1.2,0.7188626452419615,0.5245617333747842,0.8208433660520489,1.1276393750652274,1.1332916909546238,-3.4042004823822687
rho,complements,-0.4,2,1.8656926996805347,1.2,0.7181392944704761,0.5250401477427662,0.8226517606101178,1.1333671323379684,1.139048158730172,-3.3529722209662802
rho,complements,-0.4,2,1.8932670421523103,1.2,0.7182910679963319,0.5249397726448528,0.8222723363621944,1.1379258109305421,1.1436296877942826,-3.3016923486526686
rho,complements,-0.4,2,1.921405095231136,1.2,0.71843208705322,0.5248465118076617,0.8219198017265567,1.1425232599408,1.1482501816136041,-3.2505075550565437
rho,complements,-0.4,2,1.9501198453312445,1.2,0.7180370476697846,0.5251077631729457,0.8229073592064562,1.147892540288587,1.1536463755911344,-3.1991392667113208
rho,complements,-0.4,2,1.979424614091259,1.2,0.7183146737159843,0.5249241625382136,0.8222133269206843,1.1523506065460207,1.158126787998676,-3.147896116241359
rho,complements,-0.4,2,2.009333067747975,1.2,0.7180110080418425,0.5251249813809382,0.8229724497301256,1.1576504859602958,1.1634532331690677,-3.096681629322407
rho,complements,-0.4,2,2.0398592267917226,1.2,0.7182401671917927,0.524973431943794,0.8223995764567319,1.1622249205095851,1.1680505971669555,-3.045312854649681
rho,complements,-0.4,2,2.071017475912293,1.2,0.7178960312039049,0.5252010283802673,0.8232599011625412,1.1676398563196397,1.17349267545571,-2.9940863267711433
rho,complements,-0.4,2,2.1028225742447084,1.2,0.7176484294207631,0.5253647886629501,0.8238789112668078,1.172947336674703,1.1788267596667639,-2.9428171832669467
rho,complements,-0.4,2,2.135289665924415,1.2,0.7182170044898686,0.5249887539583964,0.8224574894877748,1.1771058277081001,1.1830060952232095,-2.8915073388775916
rho,complements,-0.4,2,2.168434290961828,1.2,0.7177914622346482,0.5252701876350323,0.8235213233216052,1.18272441011447,1.1886528408910917,-2.8402961685700534
rho,complements,-0.4,2,2.2022723964464688,1.2,0.7172361844269176,0.5256374400708734,0.8249095296538232,1.1885642096353597,1.1945219125288946,-2.7890063754421637
rho,complements,-0.4,2,2.23682034809129,1.2,0.7178177420039143,0.5252528125894274,0.8234556369489071,1.192768926697979,1.198747705823498,-2.737852826551883
rho,complements,-0.4,2,2.2720949421281498,1.2,0.7176407468870402,0.5253698684048387,0.823898114655134,1.1981093315705764,1.2041148795869172,-2.686638241634831
rho,complements,-0.4,2,2.308113417565749,1.2,0.7175800193984962,0.5254100304253315,0.8240499296061559,1.203304652649073,1.2093362423206908,-2.6353570101927835
rho,complements,-0.4,2,2.344893468821764,1.2,0.7174813591412244,0.5254752976614522,0.8242966159549494,1.2085823492093135,1.2146403934450292,-2.5843590376969527
rho,complements,-0.4,2,2.382453258741261,1.2,0.7172510363976261,0.5256276198455099,0.8248724054119905,1.2140840916668711,1.2201697135014182,-2.533172123805154
rho,complements,-0.4,2,2.4208114320139376,1.2,0.7178497071406098,0.5252316838506217,0.8233757518326001,1.2183598662971369,1.2244669205412082,-2.4820611971198674
rho,complements,-0.4,2,2.4599871290031343,1.2,0.7171000579510606,0.5257274759650977,0.8252498575377812,1.2247012769172583,1.2308401176143413,-2.4311189496640004
rho,complements,-0.4,2,2.5,1.2,0.7168681002109187,0.5258808802011636,0.8258297360853206,1.2302870795464096,1.2364539191956874,-2.379976490804342
rho,complements,-0.4,3,0.5,1.2,0.6544749771925158,0.6047856453934994,1.1978125659649366,0.8322243214249373,0.8363958631957807,-11.981657219376537
rho,complements,-0.4,3,0.5000203210855501,1.2,0.6544740954053456,0.6047861714428442,1.197814754458679,0.832239295464054,0.8364109122925808,-11.981008457704709
rho,complements,-0.4,3,0.5000812892976928,1.2,0.6544714735121762,0.6047877468899896,1.1978212897625578,0.8322842120775402,0.836456054051529,-11.979062207957659
rho,complements,-0.4,3,0.5001829195049198,1.2,0.6544671458256657,0.604790381506844,1.1978321618373347,0.8323590716734927,0.8365312888827678,-11.975818575943613
rho,complements,-0.4,3,0.5003252364947652,1.2,0.654461029101268,0.6047940540803494,1.1978474012343194,0.8324638848730459,0.8366366274606701,-11.97127773800948
rho,complements,-0.4,3,0.5005082749838822,1.2,0.6544532090921855,0.6047987733507665,1.197866943911118,0.832598644083935,0.836772062154915,-11.965439941031164
rho,complements,-0.4,3,0.500732079632158,1.2,0.654443650143762,0.6048045615628008,1.197890880778235,0.8327633759786374,0.8369376197716756,-11.958305502420075
rho,complements,-0.4,3,0.5009967050608752,1.2,0.6544323457927192,0.6048113964717468,1.1979191630430992,0.8329580795258726,0.8371332992745028,-11.949874810103424
rho,complements,-0.4,3,0.5013022158749305,1.2,0.6544192964430737,0.6048192676681025,1.1979517644444926,0.8331827601014092,0.8373591060661109,-11.94014832252376
rho,complements,-0.4,3,0.5016486866891229,1.2,0.6544045050457925,0.6048281926323891,1.1979887254530615,0.8334374387996559,0.837615061346645,-11.929126568632194
rho,complements,-0.4,3,0.502036202158526,1.2,0.6543879924509086,0.6048381696953653,1.1980300210723784,0.8337221246067412,0.8379011741472767,-11.916810147871452
rho,complements,-0.4,3,0.502464857012963,1.2,0.6543697328518796,0.6048491917860117,1.1980756595445734,0.8340368351758245,0.8382174622096521,-11.903199730168716
rho,complements,-0.4,3,0.5029347560956027,1.2,0.6543497463575516,0.6048612632744589,1.198125631616204,0.8343815861409957,0.8385639412462276,-11.888296055919685
rho,complements,-0.4,3,0.5034460144056994,1.2,0.6543280368129532,0.6048743754204461,1.1981799117314345,0.8347563913570408,0.8389406251812365,-11.872099935973823
rho,complements,-0.4,3,0.5039987571454999,1.2,0.6543045619655898,0.6048885396651229,1.1982385705625753,0.8351612866459889,0.8393475500162662,-11.854612251623273
rho,complements,-0.4,3,0.5045931197713469,1.2,0.6542793828900308,0.6049037435356919,1.1983015160526274,0.8355962751443663,0.8397847189035654,-11.83583395457296
rho,complements,-0.4,3,0.5052292480490046,1.2,0.6542524530881271,0.6049199978357094,1.1983688215357748,0.8360613965622743,0.8402521717522827,-11.815766066936554
rho,complements,-0.4,3,0.5059072981132409,1.2,0.6542238188914853,0.6049373015335273,1.1984404381177964,0.836556666443716,0.840749924184336,-11.794409681202254
rho,complements,-0.4,3,0.5066274365316988,1.2,0.6541934634323834,0.6049556431879963,1.1985163542465993,0.8370821098583541,0.8412780013950507,-11.771765960217879
rho,complements,-0.4,3,0.507389840373095,1.2,0.6541613551165195,0.6049750227991162,1.1985966015164848,0.8376377626561881,0.8418364394141243,-11.747836137167187
rho,complements,-0.4,3,0.5081946972797818,1.2,0.6541275461836131,0.6049954430677764,1.1986811343967434,0.8382236459903972,0.8424252595007673,-11.72262151553883
rho,complements,-0.4,3,0.5090422055447187,1.2,0.6540920110095576,0.6050169056632175,1.1987699826578746,0.8388397986033862,0.8430445005915815,-11.69612346910644
rho,complements,-0.4,3,0.5099325741928927,1.2,0.6540547529101368,0.605039397475049,1.1988631104178844,0.8394862469392617,0.843694189263225,-11.668343441893285
rho,complements,-0.4,3,0.5108660230672385,1.2,0.6540157700813944,0.6050629386846813,1.1989605696113537,0.8401630377202375,0.844374372472108,-11.639282948149207
rho,complements,-0.4,3,0.5118427829191048,1.2,0.653976213624575,0.6050868120817078,1.1990594275863868,0.8408695837192204,0.8450844600476489,-11.60894357229804
rho,complements,-0.4,3,0.5128630955033207,1.2,0.653933828157391,0.6051124221336224,1.1991654284225266,0.8416071464588514,0.8458257198358973,-11.577326968957266
rho,complements,-0.4,3,0.5139272136779165,1.2,0.6538897220287683,0.6051390597326862,1.199275702347224,0.8423751559350344,0.8465975789756001,-11.544434862831825
rho,complements,-0.4,3,0.5150354015085564,1.2,0.6538438847355108,0.6051667228156037,1.1993902547384483,0.8431736554134001,0.8474000809492572,-11.510269048721508
rho,complements,-0.4,3,0.5161879343777439,1.2,0.6537963685641017,0.6051954292569501,1.1995090777101622,0.844002686924065,0.8482332679976624,-11.47483139147206
rho,complements,-0.4,3,0.5173850990988615,1.2,0.6537471413981595,0.6052251507726483,1.1996321331210984,0.8448622875974559,0.8490971774373595,-11.438123825935257
rho,complements,-0.4,3,0.5186271940351138,1.2,0.6536962112224121,0.6052559075441082,1.1997594631171524,0.8457525133280132,0.8499918654429607,-11.400148356921989
rho,complements,-0.4,3,0.5199145292234401,1.2,0.6536435885144782,0.6052876908310696,1.1998910355098982,0.8466734056660887,0.8509173737730901,-11.360907059164003
rho,complements,-0.4,3,0.5212474265034702,1.2,0.6535892602103863,0.6053204918932715,1.2000268416525,0.8476250127573223,0.8518737508147185,-11.320402077263815
rho,complements,-0.4,3,0.5226262196515982,1.2,0.6535332345812863,0.6053543151008447,1.2001668841292115,0.848607386716886,0.8528610489442462,-11.278635625646931
rho,complements,-0.4,3,0.5240512545202515,1.2,0.653475541659704,0.6053891523511215,1.2003111127804815,0.8496205698358892,0.8538793106647679,-11.235609988514298
rho,complements,-0.4,3,0.5255228891824385,1.2,0.6534161722834115,0.6054250171485476,1.2004595703135803,0.8506646259512547,0.8549286001331899,-11.191327519784341
rho,complements,-0.4,3,0.5270414940816569,1.2,0.6533551012069339,0.605461891618547,1.2006122375735369,0.8517396071028622,0.8560089696502434,-11.14579064304483
rho,complements,-0.4,3,0.5286074521872524,1.2,0.6532923552980039,0.6054997838637873,1.2007691078196436,0.8528455695223727,0.8571204757294514,-11.099001851493782
rho,complements,-0.4,3,0.5302211591553182,1.2,0.6532279292805367,0.6055386841123599,1.200930162054565,0.8539825682876374,0.858263173724744,-11.050963707881898
rho,complements,-0.4,3,0.5318830234952302,1.2,0.6531618249879467,0.605578596734395,1.2010954093002901,0.8551506660511936,0.859437126602706,-11.001678844450423
rho,complements,-0.4,3,0.5335934667419154,1.2,0.6530940791678019,0.6056195156905213,1.2012647978074527,0.8563499137339783,0.8606423855395162,-10.951149962871952
rho,complements,-0.4,3,0.5353529236339561,1.2,0.6530246492303617,0.6056614372482017,1.201438360894171,0.8575803822345478,0.8618790217891117,-10.899379834179467
rho,complements,-0.4,3,0.537161842297634,1.2,0.652953562990831,0.6057043678408622,1.2016160867258705,0.8588421341049549,0.8631470982170885,-10.846371298704362
rho,complements,-0.4,3,0.5390206844370244,1.2,0.6528808163010136,0.6057482895939275,1.201797935050302,0.8601352271172535,0.8644466728850844,-10.79212726600593
rho,complements,-0.4,3,0.5409299255302531,1.2,0.652806428035714,0.6057932062399339,1.2019838962642817,0.8614597271594738,0.8657778120113946,-10.736650714797111
rho,complements,-0.4,3,0.5428900550320312,1.2,0.6527303774681328,0.6058391308892727,1.2021740236608203,0.8628157153811554,0.8671405971523225,-10.679944692868556
rho,complements,-0.4,3,0.5449015765825912,1.2,0.6526527142075915,0.6058860423288858,1.2023682149373602,0.8642032401582012,0.8685350769262562,-10.622012317020513
rho,complements,-0.4,3,0.5469650082231464,1.2,0.6525733917204029,0.6059339415904209,1.2025665191902022,0.8656223845438533,0.869961334802744,-10.56285677297091
rho,complements,-0.4,3,0.5490808826180046,1.2,0.6524924149049747,0.6059828259729891,1.2027689248119302,0.8670732196489137,0.871419442249032,-10.502481315281868
rho,complements,-0.4,3,0.5512497472834679,1.2,0.6524098309116109,0.6060327042168507,1.202975406363046,0.868555814887433,0.8729094690271104,-10.440889267272995
rho,complements,-0.4,3,0.5534721648236569,1.2,0.652325613697085,0.6060835632116153,1.2031859573205672,0.8700702452097492,0.8744314904630072,-10.37808402093267
rho,complements,-0.4,3,0.5557487131734017,1.2,0.6522397672264169,0.6061353948546151,1.2034005535924468,0.8716165830041943,0.8759855793079028,-10.314069036829398
rho,complements,-0.4,3,0.5580799858483445,1.2,0.6521523142687902,0.6061882055792768,1.203619188390133,0.8731949058262702,0.8775718135060473,-10.24884784401734
rho,complements,-0.4,3,0.5604665922024078,1.2,0.6520632491691178,0.6062419960231931,1.2038418689524932,0.8748052956938625,0.8791902754864426,-10.182424039940578
rho,complements,-0.4,3,0.5629091576927818,1.2,0.6519725926310527,0.606296748705843,1.2040685311542612,0.8764478199498216,0.8808410329294968,-10.114801290338049
rho,complements,-0.4,3,0.5654083241525933,1.2,0.6518803093843428,0.6063524706982464,1.2042992278301008,0.878122573412239,0.8825241811285789,-10.0459833291339
rho,complements,-0.4,3,0.5679647500714233,1.2,0.6517864269647542,0.6064091609687547,1.2045339288816321,0.8798296336058969,0.8842397979970658,-9.975973958341132
rho,complements,-0.4,3,0.5705791108838415,1.2,0.6516909719485264,0.606466799335958,1.2047725576019932,0.8815690687300749,0.8859879520760873,-9.904777047952166
rho,complements,-0.4,3,0.5732520992661372,1.2,0.6515939272281237,0.6065254113830449,1.2050151946473595,0.8833409837259917,0.8877687488328821,-9.83239653581948
rho,complements,-0.4,3,0.5759844254414287,1.2,0.6514952858033238,0.606584960085677,1.2052617550494973,0.8851454473342415,0.8895822573526083,-9.758836427554812
rho,complements,-0.4,3,0.578776817493336,1.2,0.651395086180431,0.6066454824681925,1.2055122922705588,0.886982560851584,0.8914285794397775,-9.684100796399022
rho,complements,-0.4,3,0.5816300216884137,1.2,0.651293301297365,0.6067069273642145,1.2057667062753434,0.8888523918526511,0.8933077830077409,-9.608193783113538
rho,complements,-0.4,3,0.5845448028075416,1.2,0.6511899719901242,0.60676934594012,1.2060250833251336,0.8907550515176468,0.8952199797939958,-9.53111959584188
rho,complements,-0.4,3,0.5875219444864789,1.2,0.6510850802051322,0.6068326799585129,1.2062872968118132,0.8926906035293837,0.8971652338005661,-9.45288250999877
rho,complements,-0.4,3,0.5905622495657936,1.2,0.6509786242074631,0.6068969577034702,1.2065534187279565,0.8946591581316788,0.8991436558238681,-9.373486868121688
rho,complements,-0.4,3,0.5936665404503856,1.2,0.6508706338465773,0.6069621764741033,1.206823412515095,0.8966608018164057,0.9011553327893178,-9.29293707974893
rho,complements,-0.4,3,0.5968356594788269,1.2,0.6507611114778644,0.6070283221283734,1.207097240689015,0.8986956218770791,0.9032003524279905,-9.211237621276721
rho,complements,-0.4,3,0.600070469302753,1.2,0.6506500159036488,0.6070953869576676,1.2073749252991974,0.9007637204235247,0.9052788173615394,-9.128393035814412
rho,complements,-0.4,3,0.6033718532765401,1.2,0.6505374358147225,0.6071633786705988,1.2076563968030447,0.9028651793597756,0.9073908099045435,-9.044407933044917
rho,complements,-0.4,3,0.6067407158575169,1.2,0.650423315863085,0.6072322972671671,1.2079417105485577,0.9050001106231629,0.9095364425554218,-8.959286989065703
rho,complements,-0.4,3,0.6101779830169621,1.2,0.6503076699944257,0.607302125266851,1.208230809168432,0.9071686009188195,0.9117158024539187,-8.873034946245127
rho,complements,-0.4,3,0.6136846026621482,1.2,0.6501905349478654,0.607372852897742,1.2085236316501256,0.909370736936829,0.9139289767246538,-8.785656613059897
rho,complements,-0.4,3,0.6172615450697004,1.2,0.650071898837812,0.60744450304214,1.2088202467188636,0.9116066367585877,0.9161760840409086,-8.697156863927658
rho,complements,-0.4,3,0.6209098033305457,1.2,0.6499517642732187,0.607517048447615,1.2091205840706567,0.9138763867409588,0.918457211192412,-8.607540639052344
rho,complements,-0.4,3,0.6246303938067362,1.2,0.6498301250850926,0.6075905005553166,1.2094246782943134,0.9161800988528229,0.9207724707092909,-8.516812944243544
rho,complements,-0.4,3,0.6284243566004422,1.2,0.649707020146296,0.6076648425223172,1.2097324486791399,0.9185178586323421,0.9231219485584692,-8.424978850751344
rho,complements,-0.4,3,0.6322927560354111,1.2,0.649582437881252,0.6077400683092451,1.2100438917989125,0.920889770709926,0.9255057498948186,-8.332043495079228
rho,complements,-0.4,3,0.6362366811512086,1.2,0.6494563935366329,0.6078161893572502,1.2103590208267763,0.9232959445391125,0.9279239847205152,-8.238012078803294
rho,complements,-0.4,3,0.6402572462105554,1.2,0.6493288790588949,0.6078931800831441,1.2106777802676347,0.9257364739405235,0.9303767473264588,-8.142889868387986
rho,complements,-0.4,3,0.6443555912200942,1.2,0.6491999036521396,0.6079710633692258,1.2110002177570167,0.9282114782373612,0.9328641576339614,-8.046682194986271
rho,complements,-0.4,3,0.6485328824649206,1.2,0.6490695197665981,0.6080498092621769,1.2113262064406491,0.9307210354575898,0.9353862940621043,-7.9493944542546
rho,complements,-0.4,3,0.652790313057229,1.2,0.6489376549935526,0.6081294275339058,1.211655843000669,0.9332652782476102,0.9379432899221811,-7.851032106133513
rho,complements,-0.4,3,0.6571291034994325,1.2,0.6488043798894667,0.6082099154835232,1.2119890501716046,0.9358442979093579,0.94053523697378,-7.751600674658496
rho,complements,-0.4,3,0.6615505022621248,1.2,0.6486696813943256,0.6082912518979715,1.2123257883202354,0.9384581953816808,0.9431622366617074,-7.651105747739006
rho,complements,-0.4,3,0.6660557863772645,1.2,0.6485335591137149,0.6083734492500477,1.2126660888234033,0.9411070895588054,0.9458244084761491,-7.549552976940384
rho,complements,-0.4,3,0.6706462620469753,1.2,0.6483960433854561,0.6084564950669548,1.2130098903608593,0.9437910772476146,0.9485218497092348,-7.446948077269607
rho,complements,-0.4,3,0.6753232652683625,1.2,0.6482571220124913,0.6085403876794511,1.213357200983265,0.9465102727919693,0.9512546752779764,-7.343296826941165
rho,complements,-0.4,3,0.6800881624747613,1.2,0.6481167962817755,0.6086251200165174,1.2137080018392532,0.9492647844637783,0.9540229939969979,-7.238605067149512
rho,complements,-0.4,3,0.6849423511938463,1.2,0.6479750854113153,0.6087106877080235,1.2140622628554147,0.9520547182150884,0.9568269123494327,-7.132878701831038
rho,complements,-0.4,3,0.6898872607230374,1.2,0.6478319491925286,0.6087971294475488,1.2144201203551823,0.954880221991437,0.9596665790223986,-7.0261236974139445
rho,complements,-0.4,3,0.6949243528226603,1.2,0.6476875164151705,0.6088843439339873,1.2147811939168536,0.9577413150756672,0.9625420133953941,-6.918346082599082
rho,complements,-0.4,3,0.7000551224273222,1.2,0.647541727218772,0.6089723937748657,1.215145698917994,0.9606381658137068,0.9654533846581848,-6.8095519480594655
rho,complements,-0.4,3,0.7052810983759861,1.2,0.647394539913289,0.6090612594263667,1.2155136285018058,0.9635708875942318,0.9684008067678095,-6.699747446215451
rho,complements,-0.4,3,0.7106038441612367,1.2,0.6472460390033623,0.6091509288097479,1.215884868160051,0.9665395668345855,0.9713843665747803,-6.588938790965125
rho,complements,-0.4,3,0.7160249586982449,1.2,0.6470962009760797,0.6092414140037516,1.2162594714092392,0.9695443326572595,0.974404193848818,-6.477132257402245
rho,complements,-0.4,3,0.7215460771139571,1.2,0.6469450612808196,0.6093326931577272,1.2166373485229744,0.9725852780585809,0.9774603820523958,-6.36433418155268
rho,complements,-0.4,3,0.7271688715570458,1.2,0.6467925780811337,0.6094247706418044,1.2170185521931085,0.9756625325202439,0.9805530613162378,-6.250550960080319
rho,complements,-0.4,3,0.7328950520291776,1.2,0.6466387930962594,0.6095176393849641,1.2174030231359911,0.9787761970960294,0.9836823332006586,-6.13578905000913
rho,complements,-0.4,3,0.7387263672381705,1.2,0.64648371102354,0.6096112923161867,1.2177907390898675,0.9819263823759078,0.9868483088499632,-6.020054968422758
rho,complements,-0.4,3,0.7446646054736273,1.2,0.6463273192616703,0.6097057152934338,1.2181816775272187,0.9851131989438724,0.9900510994024498,-5.903355292165414
rho,complements,-0.4,3,0.7507115955056528,1.2,0.6461696546613069,0.6098009278605219,1.2185758501442292,0.9883367663404192,0.9932908249978136,-5.785696657533719
rho,complements,-0.4,3,0.7568692075072764,1.2,0.6460107300920925,0.6098968990324847,1.2189731671045991,0.9915971776197988,0.9965675791567413,-5.6670857599693125
rho,complements,-0.4,3,0.7631393540012239,1.2,0.645850541285349,0.6099936358803415,1.2193736502414187,0.9948945548797471,0.9998814845889864,-5.5475293537304795
rho,complements,-0.4,3,0.7695239908317001,1.2,0.6456890925552066,0.6100911296638318,1.2197772735297514,0.9982290076595562,1.003232651382909,-5.42703425157294
rho,complements,-0.4,3,0.7760251181618615,1.2,0.6455263973584482,0.6101893733119363,1.2201840059484015,1.0016006440131815,1.006621188134087,-5.305607324415654
rho,complements,-0.4,3,0.7826447814976824,1.2,0.645362454008815,0.6102883641237657,1.220593842474619,1.0050095787012774,1.0100472101784153,-5.183255501000473
rho,complements,-0.4,3,0.7893850727389358,1.2,0.6451972970437063,0.6103880933590597,1.2210067268601976,1.008455912617143,1.013510818914923,-5.059985767549722
rho,complements,-0.4,3,0.7962481312580323,1.2,0.6450309442737696,0.6104885653879483,1.2214226521498937,1.011939759480154,1.0170121286330056,-4.935805167409426
rho,complements,-0.4,3,0.8032361450074849,1.2,0.6448633658227823,0.6105897616982627,1.2218416022357022,1.015461230289319,1.0205512508880572,-4.810720800692519
rho,complements,-0.4,3,0.8103513516567865,1.2,0.6446945915498319,0.6106916795891137,1.2222635405495266,1.0190204301571324,1.024128291319451,-4.684739823913223
rho,complements,-0.4,3,0.8175960397595149,1.2,0.6445246187361415,0.61079431302113,1.222688454808345,1.0226174703352298,1.027743361736473,-4.557869449611816
rho,complements,-0.4,3,0.8249725499515008,1.2,0.64435346907411,0.6108976592934223,1.2231163166107506,1.0262524572532623,1.0313965691022562,-4.430116945976291
rho,complements,-0.4,3,0.8324832761809209,1.2,0.6441811716232244,0.611001706964841,1.2235470684774403,1.0299254888093219,1.0350880118056074,-4.301489636455539
rho,complements,-0.4,3,0.8401306669712053,1.2,0.6440076944328905,0.6111064577046275,1.2239807465054038,1.0336366880220325,1.0388178134817851,-4.1719948993594365
rho,complements,-0.4,3,0.8479172267176741,1.2,0.6438330685356006,0.6112119011032797,1.224417293804946,1.0373861517952268,1.042586071520354,-4.041640167465282
rho,complements,-0.4,3,0.8558455170188431,1.2,0.643657342647584,0.6113180361291499,1.224856659097224,1.0411739777702422,1.0463928840520813,-3.910432927604398
rho,complements,-0.4,3,0.8639181580433734,1.2,0.6434804444129902,0.6114248540419778,1.2252988930272823,1.045000291283312,1.0502383770414498,-3.7783807202412762
rho,complements,-0.4,3,0.8721378299336601,1.2,0.6433024488976065,0.6115323319594637,1.2257438636897011,1.0488651659279276,1.0541226244508404,-3.6454911390623357
rho,complements,-0.4,3,0.8805072742470966,1.2,0.6431233309461228,0.6116404873621288,1.226191639661405,1.052768730596908,1.05804575581915,-3.511771830527324
rho,complements,-0.4,3,0.88902929543607,1.2,0.6429431519385038,0.6117493081712304,1.2266421295588321,1.0567110683696725,1.0620078546422358,-3.3772304934463016
rho,complements,-0.4,3,0.8977067623677852,1.2,0.6427618634028514,0.6118587835832119,1.2270953550178467,1.0606922933020548,1.0660090355476375,-3.241874878520846
rho,complements,-0.4,3,0.9065426098850453,1.2,0.6425795020050931,0.6119689048578129,1.2275512576617138,1.0647124957789886,1.0700493893733456,-3.105712787898049
rho,complements,-0.4,3,0.9155398404091444,1.2,0.6423960618142943,0.612079667624903,1.2280098325659643,1.0687717803731633,1.0741290212162231,-2.9687520747024605
rho,complements,-0.4,3,0.9247015255860773,1.2,0.6422115840348273,0.6121910691835931,1.2284710318172176,1.0728702382339874,1.078248022682566,-2.831000642570358
rho,complements,-0.4,3,0.9340308079772923,1.2,0.6420260588043338,0.6123030980927338,1.2289348368580164,1.0770079677815527,1.082406492685799,-2.6924664451683937
rho,complements,-0.4,3,0.9435309027962627,1.2,0.6418395093325748,0.6124157526830835,1.2294012203322042,1.0811850637007276,1.0866045263854003,-2.553157485709639
rho,complements,-0.4,3,0.9532050996921831,1.2,0.6416519295547096,0.612529020481845,1.229870157322193,1.0854016201240995,1.090842218385799,-2.413081816458976
rho,complements,-0.4,3,0.9630567645821445,1.2,0.6414633531288998,0.6126429041899072,1.2303416208788294,1.089657729272375,1.0951196613699603,-2.2722475382314142
rho,complements,-0.4,3,0.9730893415331738,1.2,0.6412737537066526,0.6127573879959904,1.2308155980753872,1.0939534861459197,1.0994369508144406,-2.1306627998813394
rho,complements,-0.4,3,0.9833063546955787,1.2,0.6410831843627443,0.6128724708684465,1.2312920332744768,1.0982889716504058,1.1037941680304537,-1.988335797786807
rho,complements,-0.4,3,0.9937114102890687,1.2,0.6408916395300697,0.6129881380276436,1.2317708953305968,1.1026642723626607,1.108191400028795,-1.8452747753200938
rho,complements,-0.4,3,1.0043081986431819,1.2,0.6406991177254435,0.6131043911428229,1.2322521898733283,1.1070794843528378,1.1126287433611715,-1.7014880223124154
rho,complements,-0.4,3,1.0151004962935855,1.2,0.6405056526135948,0.6132212302139843,1.2327358832379418,1.1115346903722785,1.1171062811937176,-1.5569838745143585
rho,complements,-0.4,3,1.0260921681358672,1.2,0.6403112302287051,0.6133386198860309,1.2332219015681956,1.1160299592207281,1.1216240826710384,-1.411770713044798
rho,complements,-0.4,3,1.037287169638491,1.2,0.6401158766090003,0.6134565867737991,1.2337102849371164,1.1205653925157248,1.126182249920033,-1.2658569638239037
rho,complements,-0.4,3,1.0486895491166357,1.2,0.6399196195223018,0.6135751052941005,1.2342009420282438,1.1251410500922678,1.1307808430756237,-1.1192510970165195
rho,complements,-0.4,3,1.0603034500686892,1.2,0.6397224468241443,0.6136941771161764,1.2346938891324375,1.1297570227714637,1.1354199534141607,-0.9719616264443465
rho,complements,-0.4,3,1.0721331135772334,1.2,0.6395243750842814,0.6138137891296358,1.2351890771137335,1.1344133793949365,1.140099650122337,-0.8239971090090714
rho,complements,-0.4,3,1.0841828807763967,1.2,0.6393254139076494,0.6139339244915509,1.2356864545293629,1.1391101859495798,1.1448199995178083,-0.6753661440958227
rho,complements,-0.4,3,1.0964571953875313,1.2,0.6391255687821915,0.6140546017140909,1.23618606187561,1.1438475350702968,1.1495810946998113,-0.526077372966502
rho,complements,-0.4,3,1.1089606063252093,1.2,0.6389248787179929,0.614175793544826,1.2366877924473547,1.1486254712585644,1.1543829803928873,-0.3761394781606082
rho,complements,-0.4,3,1.1216977703756155,1.2,0.6387233283342941,0.6142975070547758,1.2371916791897686,1.1534440806105866,1.1592257431247999,-0.2255611828620614
rho,complements,-0.4,3,1.1346734549494641,1.2,0.6385209721440179,0.6144197156291036,1.2376976014786751,1.1583033983895101,1.1641094183354526,-0.07435125028555145
rho,complements,-0.4,3,1.147892540911644,1.2,0.6383177478345026,0.6145424300713662,1.2382056484627708,1.1632035241771028,1.1690341061057694,0.07748151697776073
rho,complements,-0.4,3,1.1613600254898573,1.2,0.6381137100646304,0.6146656291685055,1.2387157127899373,1.1681444926146287,1.173999841250654,0.22992827758558487
rho,complements,-0.4,3,1.1750810252645967,1.2,0.6379088798251531,0.6147893145897623,1.2392277776158163,1.173126364679322,1.1790066850529903,0.38298015211245495
rho,complements,-0.4,3,1.189060779242872,1.2,0.6377032584558076,0.6149134846658958,1.2397418374542775,1.1781492026042384,1.1840547000577788,0.5366282237083819
rho,complements,-0.4,3,1.2033046520181812,1.2,0.6374968725968055,0.6150381208847369,1.2402578196808807,1.1832130441925122,1.1891439242576427,0.6908635387663269
rho,complements,-0.4,3,1.217818137019287,1.2,0.6372897049525774,0.6151632178445072,1.2407757281731782,1.1883179494771312,1.1942744179864861,0.8456771076091387
rho,complements,-0.4,3,1.2326068598504607,1.2,0.6370817959705084,0.6152887695058353,1.2412955074819862,1.1934639563408982,1.1994462193170001,1.0010599051715792
rho,complements,-0.4,3,1.247676581725918,1.2,0.6368731353849888,0.6154147687977023,1.2418171503085034,1.1986511157126,1.2046593794332539,1.1570028717030034
rho,complements,-0.4,3,1.2630332030012734,1.2,0.6366637466493645,0.6155412157201076,1.2423406331993823,1.2038794703993834,1.209913941356965,1.3134969134701517
rho,complements,-0.4,3,1.2786827668049243,1.2,0.636453632869669,0.6156680917608823,1.2428659070643624,1.2091490516784016,1.2152099365220648,1.4705329034714678
rho,complements,-0.4,3,1.294631462772364,1.2,0.6362428281859798,0.6157953942191376,1.2433929310543579,1.2144598904617732,1.2205473959956188,1.628101682162188
rho,complements,-0.4,3,1.31088563088653,1.2,0.6360313244590405,0.6159231099844826,1.2439216807424138,1.219812020087838,1.2259263532830766,1.78619405818685
rho,complements,-0.4,3,1.3274517654273796,1.2,0.6358191367032955,0.6160512407261584,1.2444521452604818,1.2252054754257997,1.2313468434284238,1.9448008091199673
rho,complements,-0.4,3,1.3443365190339982,1.2,0.6356062813325127,0.6161797733337739,1.2449842756285816,1.2306402751435852,1.2368088851931616,2.1039126822126244
rho,complements,-0.4,3,1.3615467068826452,1.2,0.6353927773279096,0.6163087040747928,1.2455180435938753,1.23611644164813,1.24231250109654,2.2635203951536154
rho,complements,-0.4,3,1.3790893109842512,1.2,0.6351786247256863,0.6164380165003411,1.246053408261161,1.2416339895936295,1.247857705866209,2.4236146368341576
rho,complements,-0.4,3,1.3969714846049992,1.2,0.6349638668070563,0.616567718319032,1.246590345497419,1.2471929359856597,1.2534445165929855,2.5841860681246294
rho,complements,-0.4,3,1.4152005568137338,1.2,0.6347484618054289,0.6166977910186964,1.2471288510850125,1.252793301386747,1.2590729539424659,2.7452253226583547
rho,complements,-0.4,3,1.4337840371600625,1.2,0.6345324512857302,0.6168282198197019,1.247668846746409,1.258435076757852,1.2647430088303027,2.9067230076187984
rho,complements,-0.4,3,1.4527296204871472,1.2,0.6343158717085831,0.6169590151315508,1.2482103218781888,1.2641182731370586,1.270454692349908,3.0686697045475606
rho,complements,-0.4,3,1.4720451918832933,1.2,0.634098699415232,0.6170901584420736,1.2487532541548785,1.2698428938043738,1.2762080077977305,3.2310559701491552
rho,complements,-0.4,3,1.4917388317766058,1.2,0.6338809513870962,0.6172216366408799,1.249297594028849,1.2756089285086685,1.2820029448712564,3.393872337107571
rho,complements,-0.4,3,1.5118188211770927,1.2,0.633662658324404,0.6173534557673411,1.2498433258016712,1.281416375251042,1.2878395015615658,3.5571093149149986
rho,complements,-0.4,3,1.5322936470707536,1.2,0.6334438387575836,0.6174856054119551,1.2503904050857124,1.287265217768657,1.2937176615243038,3.7207573907024845
rho,complements,-0.4,3,1.5531720079703377,1.2,0.6332244787104875,0.6176180660309054,1.2509387973102815,1.293155439282713,1.2996374078965656,3.8848070300840076
rho,complements,-0.4,3,1.5744628196276003,1.2,0.6330046182431432,0.6177508403250809,1.2514884691243575,1.2990870193604447,1.305598720143166,4.049248678006066
rho,complements,-0.4,3,1.5961752209120554,1.2,0.6327842326968005,0.6178839151840907,1.2520394126204804,1.3050599428433085,1.3116015830295793,4.2140727596073795
rho,complements,-0.4,3,1.618318579861377,1.2,0.6325633696242359,0.6180172825052674,1.252591560118848,1.3110741682595437,1.3176459548761665,4.379269681080334
rho,complements,-0.4,3,1.6409024999087747,1.2,0.6323420297398115,0.6181509422886116,1.2531449109050992,1.3171296746680718,1.3237318146368817,4.54482983055209
rho,complements,-0.4,3,1.6639368262928396,1.2,0.632120220049766,0.6182848841246209,1.2536994321157922,1.3232264249070154,1.3298591249635727,4.710743578961033
rho,complements,-0.4,3,1.6874316526555453,1.2,0.6318979904990845,0.6184190868002376,1.2542550211127055,1.329364350888016,1.3360278174265865,4.877001280944338
rho,complements,-0.4,3,1.7113973278342638,1.2,0.6316752873770177,0.6185535661267415,1.2548117708818078,1.3355434541106603,1.3422378935330266,5.043593275750181
rho,complements,-0.4,3,1.7358444628538618,1.2,0.63145217579941,0.6186882965209444,1.2553695527586153,1.3417636474779453,1.3484892657493144,5.210509888119188
rho,complements,-0.4,3,1.7607839381251333,1.2,0.6312286535774572,0.6188232790144936,1.2559283714945448,1.3480248899496488,1.3547818928295134,5.377741429216869
rho,complements,-0.4,3,1.7862269108560356,1.2,0.6310047266759655,0.6189584869925535,1.2564881550135372,1.3543271062552393,1.361115699125796,5.54527819754142
rho,complements,-0.4,3,1.8121848226824113,1.2,0.6307804366991288,0.6190939443690711,1.2570489211136435,1.3606702511359925,1.367490639152578,5.7131104798602195
rho,complements,-0.4,3,1.8386694075250942,1.2,0.6305557403710051,0.6192296184898385,1.2576106319577534,1.3670542530774519,1.3739066410369356,5.881228552135666
rho,complements,-0.4,3,1.8656926996805347,1.2,0.6303307153937523,0.6193655120557451,1.258173216552718,1.3734790224966864,1.380363614746901,6.049622680467775
rho,complements,-0.4,3,1.8932670421523103,1.2,0.6301053342749323,0.6195016055229736,1.258736653844134,1.3799444843632391,1.3868614848759253,6.218283122046962
rho,complements,-0.4,3,1.921405095231136,1.2,0.6298796268359719,0.6196379140652106,1.259300951702011,1.3864505703068142,1.3934001827110056,6.387200126107907
rho,complements,-0.4,3,1.9501198453312445,1.2,0.6296535934329301,0.619774407729138,1.2598660353662483,1.3929971739627247,1.3999796013542998,6.556363934884567
rho,complements,-0.4,3,1.979424614091259,1.2,0.6294272500234865,0.6199110827822184,1.2604318796075438,1.3995842034791666,1.406599648493594,6.72576478458615
rho,complements,-0.4,3,2.009333067747975,1.2,0.6292006206014953,0.6200479358859694,1.2609984521392523,1.4062115589793291,1.413260223751444,6.8953929063683495
rho,complements,-0.4,3,2.0398592267917226,1.2,0.628973693358279,0.6201849545675937,1.2615657337876236,1.4128791406879804,1.4199612268524915,7.065238527315379
rho,complements,-0.4,3,2.071017475912293,1.2,0.6287465242475336,0.6203221327877195,1.2621336535971615,1.4195868222565318,1.4267025308148236,7.235291871423148
rho,complements,-0.4,3,2.1028225742447084,1.2,0.6285190958480436,0.6204594776173666,1.262702246553495,1.4263345155337117,1.4334840470453083,7.405543160601634
rho,complements,-0.4,3,2.135289665924415,1.2,0.6282914396464674,0.6205969580715682,1.263271404203308,1.4331220676837917,1.4403056219421246,7.575982615658743
rho,complements,-0.4,3,2.168434290961828,1.2,0.6280635364769254,0.6207345812213435,1.2638411632768916,1.4399493805914478,1.4471671568981441,7.74660045732213
rho,complements,-0.4,3,2.2022723964464688,1.2,0.6278340359877346,0.6208731666098526,1.2644149098711388,1.4468177669512141,1.4540699711878093,7.917386907232281
rho,complements,-0.4,3,2.23682034809129,1.2,0.6276057224299878,0.6210110347879554,1.2649856879832932,1.4537241710560689,1.4610109937873028,8.088332188973693
rho,complements,-0.4,3,2.2720949421281498,1.2,0.6273772192053246,0.6211490157083133,1.2655569358141254,1.4606699072409615,1.4679915456197061,8.259426529082422
rho,complements,-0.4,3,2.308113417565749,1.2,0.6271485436311637,0.6212871093709265,1.2661286360462172,1.4676548324958656,1.4750114829581518,8.430660158077721
rho,complements,-0.4,3,2.344893468821764,1.2,0.6269197042913539,0.6214252912242546,1.2667007191096944,1.4746787755590436,1.4820706336824496,8.602023311494936
rho,complements,-0.4,3,2.382453258741261,1.2,0.626690724981454,0.6215635700085578,1.2672731829198032,1.4817415883447982,1.4891688489646182,8.773506230912972
rho,complements,-0.4,3,2.4208114320139376,1.2,0.6264616004201664,0.6217019315817977,1.2678459976290188,1.4888431050347877,1.49630596215515,8.945099164999807
rho,complements,-0.4,3,2.4599871290031343,1.2,0.6262323660548799,0.6218403601326942,1.268419088514732,1.4959831341195253,1.5034817807846115,9.11679237055724
rho,complements,-0.4,3,2.5,1.2,0.6260030095108904,0.6219788556612473,1.2689924679516478,1.5031615162984937,1.5106961447539888,9.288576113560516
rho,baseline rho,0.2,1,0.5,1.2,0.8543677014337265,0.40668907760877837,0.3740807062012348,0.545823765055001,0.5485597180628959,-8.95370782041046
rho,baseline rho,0.2,1,0.5000203210855501,1.2,0.8543662459421739,0.40669008831299974,0.3740843448139055,0.5458331171752842,0.5485691170608771,-8.953659522437695
rho,baseline rho,0.2,1,0.5000812892976928,1.2,0.8543619081602483,0.40669311939401603,0.37409522973082643,0.5458611599548496,0.5485973004054602,-8.95351462219453
rho,baseline rho,0.2,1,0.5001829195049198,1.2,0.8543546451092965,0.4066981479695279,0.37411335450488375,0.5459078935220306,0.5486442682256216,-8.953273100703424
rho,baseline rho,0.2,1,0.5003252364947652,1.2,0.8543444810717938,0.4067051979534825,0.37413874650772827,0.5459733361415405,0.5487100388776267,-8.952934926329448
rho,baseline rho,0.2,1,0.5005082749838822,1.2,0.854331425219279,0.40671426831423196,0.3741713943394621,0.5460574898415818,0.5487946143998448,-8.952500054773969
rho,baseline rho,0.2,1,0.500732079632158,1.2,0.854315459740049,0.40672534594138554,0.374211287493344,0.5461603591971119,0.5488979993901655,-8.95196842906341
rho,baseline rho,0.2,1,0.5009967050608752,1.2,0.8542965882408388,0.40673845101635336,0.37425846595448464,0.5462819748243433,0.5490202246182652,-8.95133997953479
rho,baseline rho,0.2,1,0.5013022158749305,1.2,0.8542748425404151,0.40675357646811605,0.3743128826307157,0.5464223282270576,0.5491612815453384,-8.950614623821421
rho,baseline rho,0.2,1,0.5016486866891229,1.2,0.8542501691439945,0.40677070751704153,0.3743745590928154,0.5465814455627156,0.5493211964599604,-8.949792266830597
rho,baseline rho,0.2,1,0.502036202158526,1.2,0.8542225664640147,0.4067898606120032,0.3744435324579122,0.5467593624951432,0.549500005204723,-8.94887280072176
rho,baseline rho,0.2,1,0.502464857012963,1.2,0.8543434154324149,0.4067059407470772,0.37414141658127187,0.5467767481561995,0.549517478011768,-8.947856773035957
rho,baseline rho,0.2,1,0.5029347560956027,1.2,0.8543743639741145,0.40668445963946703,0.3740640688471343,0.5469159904591526,0.5496574182696692,-8.946744861706186
rho,baseline rho,0.2,1,0.5034460144056994,1.2,0.8544571555586938,0.40662695252668785,0.37385706189895196,0.5470090682576298,0.5497509626225529,-8.945536426175934
rho,baseline rho,0.2,1,0.5039987571454999,1.2,0.8544189151755837,0.40665350630516733,0.373952658443578,0.5472611264092528,0.5500042842209186,-8.944231315231558
rho,baseline rho,0.2,1,0.5045931197713469,1.2,0.8543734141953906,0.40668511424234705,0.37406643256807903,0.5475372669760535,0.5502818089480704,-8.942828679055738
rho,baseline rho,0.2,1,0.5052292480490046,1.2,0.8543309182874793,0.4067146233839255,0.37417266822179995,0.547825313457812,0.5505712992688273,-8.941328326460411
rho,baseline rho,0.2,1,0.5059072981132409,1.2,0.8542829806695906,0.4067479020299848,0.3742924877151765,0.5481353261398735,0.5508828658959243,-8.939730060243578
rho,baseline rho,0.2,1,0.5066274365316988,1.2,0.8542311410937135,0.40678391389311497,0.37442211291541494,0.5484655475165489,0.5512147425141385,-8.938033669924971
rho,baseline rho,0.2,1,0.507389840373095,1.2,0.8541988433114127,0.4068063387272899,0.3745028483395336,0.5487881281347587,0.5515389400744259,-8.936239265683477
rho,baseline rho,0.2,1,0.5081946972797818,1.2,0.8542047849527288,0.4068022114522266,0.37448799178408093,0.5490808831484102,0.5518331625286901,-8.93434642630777
rho,baseline rho,0.2,1,0.5090422055447187,1.2,0.8542594905548814,0.40676421790588074,0.3743512201218212,0.5493312635027302,0.5520847979197588,-8.932357599201747
rho,baseline rho,0.2,1,0.5099325741928927,1.2,0.8541962555969264,0.40680815380098456,0.3745093566132004,0.5497375704948889,0.5524931415341912,-8.930270227380818
rho,baseline rho,0.2,1,0.5108660230672385,1.2,0.8542975953571041,0.40673775668824624,0.3742559590895078,0.5499637100026447,0.5527204145709466,-8.928084477705992
rho,baseline rho,0.2,1,0.5118427829191048,1.2,0.8542777999085462,0.40675152613800253,0.3743054965495394,0.5503497718762727,0.5531084115877692,-8.925803061282096
rho,baseline rho,0.2,1,0.5128630955033207,1.2,0.8542089971833091,0.4067993001844849,0.37447749121517826,0.5508099977652137,0.5535709443685783,-8.923422142136289
rho,baseline rho,0.2,1,0.5139272136779165,1.2,0.8541707061691357,0.40682588224704186,0.37457319948447476,0.5512497470559548,0.5540128979118123,-8.920941370904664
rho,baseline rho,0.2,1,0.5150354015085564,1.2,0.8543017685106649,0.40673487267293423,0.37424555646287333,0.5515034130483882,0.5542678354103241,-8.918365031114085
rho,baseline rho,0.2,1,0.5161879343777439,1.2,0.8542209936653632,0.4067909541051612,0.3744474672017851,0.5520256579586966,0.5547926980841392,-8.915689595112404
rho,baseline rho,0.2,1,0.5173850990988615,1.2,0.8541749232738853,0.4068229524671311,0.37456265405511785,0.552522538695748,0.5552920694462496,-8.912913538448219
rho,baseline rho,0.2,1,0.5186271940351138,1.2,0.8540886425140715,0.406882879121756,0.37477837638892164,0.5530835439421893,0.5558558867431911,-8.910037353933848
rho,baseline rho,0.2,1,0.5199145292234401,1.2,0.8541600953911559,0.40683325464648223,0.37459973464524565,0.5534721646653735,0.5562464554358566,-8.907061694385947
rho,baseline rho,0.2,1,0.5212474265034702,1.2,0.8541650174069119,0.4068298314714345,0.37458741857138655,0.5539563923250668,0.5567331102967947,-8.903989559503152
rho,baseline rho,0.2,1,0.5226262196515982,1.2,0.854072760410066,0.406893910984311,0.3748180873160458,0.5545731661080159,0.5573529756711963,-8.900815742869161
rho,baseline rho,0.2,1,0.5240512545202515,1.2,0.8539749766929591,0.4069618101363972,0.37506253320165894,0.5552129155864763,0.5579959319072625,-8.897539539863397
rho,baseline rho,0.2,1,0.5255228891824385,1.2,0.8539776713245437,0.40695992975428713,0.37505577694471653,0.5557487129596015,0.5585344149758967,-8.89416082636712
rho,baseline rho,0.2,1,0.5270414940816569,1.2,0.8539829351714454,0.40695628983498944,0.37504265087213184,0.5562978262315803,0.5590862806896056,-8.890685203909692
rho,baseline rho,0.2,1,0.5286074521872524,1.2,0.8540180512402764,0.4069318903886181,0.3749548319991387,0.5568275032309641,0.5596186127059974,-8.887108870710625
rho,baseline rho,0.2,1,0.5302211591553182,1.2,0.853907985680997,0.4070083251118484,0.3752299965605956,0.5575480584438602,0.5603427797169286,-8.883430883412542
rho,baseline rho,0.2,1,0.5318830234952302,1.2,0.8539687684903919,0.40696610569022273,0.37507801980048916,0.5580799867316848,0.5608773743063916,-8.879649401932628
rho,baseline rho,0.2,1,0.5335934667419154,1.2,0.8539563623965478,0.4069747257195446,0.37510904515766863,0.5587165300867614,0.5615171083483134,-8.87577205515743
rho,baseline rho,0.2,1,0.5353529236339561,1.2,0.85384027969328,0.4070553590656252,0.37539929588847043,0.5594947001676809,0.5622991790229958,-8.87178989501484
rho,baseline rho,0.2,1,0.537161842297634,1.2,0.8538816222482137,0.40702665262427873,0.3752959474202285,0.56010015749157,0.5629076712143504,-8.867704328381311
rho,baseline rho,0.2,1,0.5390206844370244,1.2,0.8538852006467873,0.4070241546636266,0.3752869734266463,0.5607679468316943,0.5635788078624717,-8.863519023290383
rho,baseline rho,0.2,1,0.5409299255302531,1.2,0.8537914068192088,0.4070892765032844,0.37552143042788566,0.5615702725935944,0.5643851552989892,-8.859230911930435
rho,baseline rho,0.2,1,0.5428900550320312,1.2,0.8536862951883831,0.4071622766103173,0.37578422228990227,0.5624035273177778,0.5652225867298589,-8.854836674469794
rho,baseline rho,0.2,1,0.5449015765825912,1.2,0.8537629497414505,0.4071090438383056,0.3755925849492896,0.5630343202176176,0.565856541492267,-8.850338081523741
rho,baseline rho,0.2,1,0.5469650082231464,1.2,0.8538843383115752,0.40702474061960875,0.37528910142677974,0.5636279222104899,0.5664531189275108,-8.845743060892797
rho,baseline rho,0.2,1,0.5490808826180046,1.2,0.8537736457603329,0.40710161590235816,0.3755658445887609,0.5645199313036117,0.5673495992348188,-8.841045821517469
rho,baseline rho,0.2,1,0.5512497472834679,1.2,0.8536804837802312,0.4071663271358155,0.3757987828331304,0.565408323772399,0.5682424447893871,-8.836241235783664
rho,baseline rho,0.2,1,0.5534721648236569,1.2,0.8538157202217148,0.40707240462472494,0.3754606737676912,0.5660369774775748,0.5688742496343735,-8.831339069365168
rho,baseline rho,0.2,1,0.5557487131734017,1.2,0.8537970358770437,0.40708536430322984,0.37550735101793276,0.566870053258554,0.5697115012250824,-8.82633058023408
rho,baseline rho,0.2,1,0.5580799858483445,1.2,0.8537769259520556,0.40709933635519724,0.3755576405751706,0.567722629240746,0.5705683507621693,-8.821221529155359
rho,baseline rho,0.2,1,0.5604665922024078,1.2,0.8538381921562718,0.407056796187327,0.37540448760835454,0.5684938256448994,0.5713434128043852,-8.816009804261393
rho,baseline rho,0.2,1,0.5629091576927818,1.2,0.8537547054231446,0.4071147738129439,0.37561320601281445,0.5694594488764705,0.5723138762425467,-8.810693004969686
rho,baseline rho,0.2,1,0.5654083241525933,1.2,0.8536931652529767,0.4071575078427649,0.3757670516873956,0.5704164729919935,0.5732756974614118,-8.805267809996703
rho,baseline rho,0.2,1,0.5679647500714233,1.2,0.8539859924272419,0.4069541469440308,0.3750349649718645,0.5709580505105536,0.5738199896485808,-8.799746611410248
rho,baseline rho,0.2,1,0.5705791108838415,1.2,0.8538670382232687,0.4070367663434573,0.37533237707859923,0.5720216886617328,0.5748889593081794,-8.794122495982423
rho,baseline rho,0.2,1,0.5732520992661372,1.2,0.8537518551100837,0.4071167369839906,0.37562029677533604,0.5730993105856695,0.5759719828344886,-8.788387457046944
rho,baseline rho,0.2,1,0.5759844254414287,1.2,0.8538237344561848,0.4070668244166799,0.37544060628384407,0.573965928427867,0.576842944616697,-8.782547960968564
rho,baseline rho,0.2,1,0.578776817493336,1.2,0.8538222665293959,0.40706784823129216,0.3754442856501953,0.5749411107606137,0.5778230150712285,-8.776604653168828
rho,baseline rho,0.2,1,0.5816300216884137,1.2,0.8537806542557647,0.4070967370934396,0.3755482978660649,0.5759844255489316,0.5788715594966858,-8.770549093523995
rho,baseline rho,0.2,1,0.5845448028075416,1.2,0.853771677391027,0.4071030001884421,0.375570803016008,0.5770064610766145,0.5798987179987702,-8.76439175147249
rho,baseline rho,0.2,1,0.5875219444864789,1.2,0.8537965514580222,0.4070857079317737,0.3755085776746089,0.5780055851204975,0.5809028501727643,-8.758122350178791
rho,baseline rho,0.2,1,0.5905622495657936,1.2,0.8538231799215373,0.4070672165107114,0.3754420077415995,0.5790215246485062,0.581923882118849,-8.751749840608928
rho,baseline rho,0.2,1,0.5936665404503856,1.2,0.8536695376383145,0.4071739048383562,0.37582609681253487,0.5802798974695793,0.5831885625599368,-8.74526780120831
rho,baseline rho,0.2,1,0.5968356594788269,1.2,0.8535946478117243,0.40722592867406554,0.3760133581242574,0.5814604336155516,0.5843750161679659,-8.738671657551738
rho,baseline rho,0.2,1,0.600070469302753,1.2,0.8539366118837698,0.4069884494047023,0.37515843883038713,0.5821426819757055,0.5850606843122566,-8.731977915819872
rho,baseline rho,0.2,1,0.6033718532765401,1.2,0.8537671484442221,0.40710612112941436,0.3755820731953131,0.5834798463251532,0.5864045512258981,-8.725178438252449
rho,baseline rho,0.2,1,0.6067407158575169,1.2,0.8538323531111931,0.40706084941371423,0.37541908162242965,0.58454480331735,0.5874748463372328,-8.718264811916047
rho,baseline rho,0.2,1,0.6101779830169621,1.2,0.8539959996871216,0.40694721947423984,0.37500999437723653,0.5855063694548651,0.5884412323450697,-8.71125258606581
rho,baseline rho,0.2,1,0.6136846026621482,1.2,0.8538290435256024,0.4070631605834351,0.3754273833346175,0.586900978298115,0.5898428316942373,-8.704130783059195
rho,baseline rho,0.2,1,0.6172615450697004,1.2,0.8539262081900405,0.4069956676674192,0.375184433971585,0.5879853983008503,0.5909326873748566,-8.696896651003641
rho,baseline rho,0.2,1,0.6209098033305457,1.2,0.8537678669221546,0.4071056206632578,0.3755802737104824,0.5894104728710665,0.5923649051610822,-8.689553231221556
rho,baseline rho,0.2,1,0.6246303938067362,1.2,0.8538437353545877,0.40705293245276003,0.375390598743374,0.5905622500471339,0.59352245564427,-8.682096983101262
rho,baseline rho,0.2,1,0.6284243566004422,1.2,0.8537500146241841,0.4071180199689689,0.3756249085087888,0.5919479076789439,0.5949150589138634,-8.674530159778767
rho,baseline rho,0.2,1,0.6322927560354111,1.2,0.853616831272054,0.4072105211696375,0.37595789445436306,0.5934045026701343,0.5963789551178311,-8.666840504634697
rho,baseline rho,0.2,1,0.6362366811512086,1.2,0.8537640128531916,0.4071082966745806,0.3755899079639026,0.5945284928827999,0.5975085793548832,-8.659048557058608
rho,baseline rho,0.2,1,0.6402572462105554,1.2,0.8536904397487495,0.4071594111071742,0.3757738882427469,0.5959523661624274,0.5989395898290261,-8.651141260971833
rho,baseline rho,0.2,1,0.6443555912200942,1.2,0.8537631700817716,0.40710889407171236,0.3755920411131272,0.5972123599390864,0.6002058993507733,-8.64311671217202
rho,baseline rho,0.2,1,0.6485328824649206,1.2,0.8537841111384411,0.4070943518750427,0.37553968891165124,0.5985592956537151,0.6015595866087678,-8.634991815563861
rho,baseline rho,0.2,1,0.652790313057229,1.2,0.8536929430214879,0.4071576559401168,0.37576759380916447,0.6000704685082356,0.6030783342487438,-8.626744276420784
rho,baseline rho,0.2,1,0.6571291034994325,1.2,0.8539477093203444,0.4069807448178676,0.37513069948624966,0.601162766272644,0.6041761071784809,-8.618400382784872
rho,baseline rho,0.2,1,0.6615505022621248,1.2,0.8538511956142234,0.4070477514097658,0.3753719474308707,0.6027247491134763,0.6057459194908849,-8.609941870549516
rho,baseline rho,0.2,1,0.6660557863772645,1.2,0.8538850650296744,0.4070242586656213,0.37528733368806766,0.6041424941900136,0.6071707710441916,-8.601367717961283
rho,baseline rho,0.2,1,0.6706462620469753,1.2,0.8536967560868878,0.4071550071812237,0.3757580594245556,0.6058674269517204,0.6089043500673474,-8.592670716251401
rho,baseline rho,0.2,1,0.6753232652683625,1.2,0.8538925140063416,0.40701907055160774,0.37526867838513134,0.6071223190464166,0.6101655323348447,-8.583859217156585
rho,baseline rho,0.2,1,0.6800881624747613,1.2,0.8536699485686944,0.40717363255759925,0.37582509775572015,0.6089377352743655,0.6119900483745047,-8.574931856263683
rho,baseline rho,0.2,1,0.6849423511938463,1.2,0.853844000121237,0.4070527544020893,0.375389949387276,0.6102655176152765,0.6133244862520962,-8.56587782504418
rho,baseline rho,0.2,1,0.6898872607230374,1.2,0.8537602204578076,0.4071109656148839,0.3755994652703416,0.6119490233165243,0.6150164305607886,-8.556719419849621
rho,baseline rho,0.2,1,0.6949243528226603,1.2,0.8536545917242495,0.40718429250753296,0.3758634800920218,0.6136846026511814,0.6167607095230638,-8.54743079785759
rho,baseline rho,0.2,1,0.7000551224273222,1.2,0.8538937027620291,0.40701824933920666,0.37526571581065726,0.6149968151603602,0.6180794995248169,-8.538041342383341
rho,baseline rho,0.2,1,0.7052810983759861,1.2,0.853703993185941,0.4071500041889002,0.3757400158620835,0.6168896032529408,0.6199817752571939,-8.528528313349405
rho,baseline rho,0.2,1,0.7106038441612367,1.2,0.8538527549634292,0.40704667642877684,0.3753680661227287,0.618366060400643,0.621465633177147,-8.518902996463545
rho,baseline rho,0.2,1,0.7160249586982449,1.2,0.8538490825253319,0.40704924136708565,0.3753772788275732,0.6200652366296285,0.6231733265624241,-8.509162219736004
rho,baseline rho,0.2,1,0.7215460771139571,1.2,0.8538216523934844,0.407068300231961,0.37544587610755153,0.6218200761098008,0.6249369622120955,-8.499296811167408
rho,baseline rho,0.2,1,0.7271688715570458,1.2,0.853694565618649,0.40715652542262093,0.37576352929421236,0.623730597323276,0.6268570599530057,-8.489298944900337
rho,baseline rho,0.2,1,0.7328950520291776,1.2,0.8538729306189914,0.40703267609273197,0.3753176497413097,0.6252650113093363,0.628399165221178,-8.4791959330575
rho,baseline rho,0.2,1,0.7387263672381705,1.2,0.8537161836554914,0.40714151708324375,0.375709493244315,0.6272655254459099,0.6304097069765907,-8.468965558297134
rho,baseline rho,0.2,1,0.7446646054736273,1.2,0.8538861449204809,0.4070234946589685,0.37528460354289117,0.6288605937290532,0.6320127705727754,-8.458607933019307
rho,baseline rho,0.2,1,0.7507115955056528,1.2,0.8536495751816401,0.4071877782901071,0.37587602592499125,0.6310189839311017,0.6341819797507343,-8.448134982318528
rho,baseline rho,0.2,1,0.7568692075072764,1.2,0.8538765281480871,0.40703018250221024,0.3753086660566871,0.6325892647138905,0.6357601315987021,-8.437527181771491
rho,baseline rho,0.2,1,0.7631393540012239,1.2,0.8537941937944886,0.40708734598644547,0.3755144735362337,0.6345960823295292,0.6377770084295002,-8.4268156542093
rho,baseline rho,0.2,1,0.7695239908317001,1.2,0.8538787129415542,0.4070286669617021,0.37530320769572256,0.6364072438115992,0.6395972483962789,-8.415974680324279
rho,baseline rho,0.2,1,0.7760251181618615,1.2,0.8539020115967936,0.407012475269211,0.37524493498470235,0.638326503939261,0.6415261288553652,-8.405011621150695
rho,baseline rho,0.2,1,0.7826447814976824,1.2,0.8538877199664368,0.4070224011658105,0.3752806665517141,0.6403230973871646,0.6435327302695741,-8.393920013314538
rho,baseline rho,0.2,1,0.7893850727389358,1.2,0.853738684913264,0.40712588846443554,0.3756532341699168,0.6425282662246922,0.6457489525618982,-8.382712922366828
rho,baseline rho,0.2,1,0.7962481312580323,1.2,0.8538911887070878,0.4070200072071531,0.375272026860363,0.6443555917158338,0.6475854375601812,-8.371371493739884
rho,baseline rho,0.2,1,0.8032361450074849,1.2,0.8538288510440512,0.40706328309759876,0.37542784044676225,0.6465000848092732,0.6497406799699843,-8.359908933832285
rho,baseline rho,0.2,1,0.8103513516567865,1.2,0.8538700566045021,0.40703466921709736,0.37532482890442814,0.6485328822561051,0.6517836668564214,-8.348306905911969
rho,baseline rho,0.2,1,0.8175960397595149,1.2,0.8537576090444536,0.4071127621764096,0.37560595725659124,0.6508026150779379,0.6540647767613689,-8.336593419616694
rho,baseline rho,0.2,1,0.8249725499515008,1.2,0.853864755023612,0.4070383417906028,0.37533806324408997,0.6528027940903974,0.6560749817128508,-8.324728466643403
rho,baseline rho,0.2,1,0.8324832761809209,1.2,0.8538920036480009,0.4070194256213012,0.3752699556940097,0.6549404122805028,0.6582233147587236,-8.312772499191972
rho,baseline rho,0.2,1,0.8401306669712053,1.2,0.8539032791382006,0.4070116055913223,0.3752417889390556,0.6571291035956267,0.6604229769347193,-8.300666521105802
rho,baseline rho,0.2,1,0.8479172267176741,1.2,0.8539265240769844,0.40699545966342987,0.3751836687960242,0.6593309588579328,0.6626358690424572,-8.288446438470034
rho,baseline rho,0.2,1,0.8558455170188431,1.2,0.8539586138985116,0.4069731899976263,0.3751034764963612,0.6615505024759124,0.6648665381691201,-8.276089264253232
rho,baseline rho,0.2,1,0.8639181580433734,1.2,0.8539274660733399,0.40699480235966073,0.37518130702352714,0.6638874737479263,0.6672152235583828,-8.263602768280794
rho,baseline rho,0.2,1,0.8721378299336601,1.2,0.8539422920479944,0.4069845001803096,0.37514422834147454,0.6661917039689347,0.6695310037814389,-8.250970295946757
rho,baseline rho,0.2,1,0.8805072742470966,1.2,0.8537141994114541,0.40714289429830824,0.37571445227289185,0.668864173605051,0.6722168692273524,-8.238210077415426
rho,baseline rho,0.2,1,0.88902929543607,1.2,0.854099213212338,0.406875532305504,0.3747519365675507,0.670715903694584,0.6740778811525853,-8.225316400693767
rho,baseline rho,0.2,1,0.8977067623677852,1.2,0.8538375300990351,0.4070572481879958,0.37540612598703604,0.673499757793641,0.6768756893783832,-8.212298673942833
rho,baseline rho,0.2,1,0.9065426098850453,1.2,0.8541772723748374,0.40682133292462835,0.3745568067423598,0.6754749691876192,0.6788608015606755,-8.199155205360078
rho,baseline rho,0.2,1,0.9155398404091444,1.2,0.8539275533452135,0.40699474682315373,0.37518109979279873,0.6783084604695188,0.6817084957767304,-8.18588176318206
rho,baseline rho,0.2,1,0.9247015255860773,1.2,0.8540866455151892,0.40688425903770964,0.3747833540062635,0.680600416360374,0.6840119401442974,-8.17245580286518
rho,baseline rho,0.2,1,0.9340308079772923,1.2,0.8538370709494157,0.40705758037539,0.37540730266142674,0.6835020615947782,0.6869281299359657,-8.158904062517639
rho,baseline rho,0.2,1,0.9435309027962627,1.2,0.8541251913668413,0.4068574858140912,0.37468697799159584,0.6856768531745188,0.6891138227038647,-8.145198752602553
rho,baseline rho,0.2,1,0.9532050996921831,1.2,0.8537829335628148,0.40709516601642437,0.375542625032662,0.6887798217431653,0.6922323449671876,-8.131364410268331
rho,baseline rho,0.2,1,0.9630567645821445,1.2,0.8539267394839104,0.4069953142669669,0.37518313933273817,0.6912267305175459,0.6946915189228406,-8.11739171751835
rho,baseline rho,0.2,1,0.9730893415331738,1.2,0.8540377886242698,0.4069181922866489,0.3749055067148919,0.6937539062129604,0.6972313621391438,-8.10329536188303
rho,baseline rho,0.2,1,0.9833063546955787,1.2,0.8539603720346853,0.40697195984826595,0.3750990612375691,0.6965858874677825,0.7000775387590791,-8.089053617781206
rho,baseline rho,0.2,1,0.9937114102890687,1.2,0.8538564735321728,0.40704408590727975,0.3753587520275514,0.6994922162488545,0.7029984355737907,-8.074665394630987
rho,baseline rho,0.2,1,1.0043081986431819,1.2,0.854119707868172,0.4068612852718906,0.37470066831911175,0.7019050803975507,0.7054233942543631,-8.060145997458854
rho,baseline rho,0.2,1,1.0151004962935855,1.2,0.8538994284911312,0.4070142718307367,0.3752513986632602,0.7050529242469158,0.7085870167366852,-8.04547815774496
rho,baseline rho,0.2,1,1.0260921681358672,1.2,0.8539050797040105,0.40701033404749365,0.37523724183857576,0.7079110732400633,0.7114594922612802,-8.030670272890468
rho,baseline rho,0.2,1,1.037287169638491,1.2,0.8540496390131813,0.40690995020931975,0.37487585343894936,0.7106038435890405,0.7141657601778011,-8.015702238992077
rho,baseline rho,0.2,1,1.0486895491166357,1.2,0.8539310499066806,0.4069923043990087,0.3751723275951784,0.7137182405355859,0.7172957681040056,-8.000616475063552
rho,baseline rho,0.2,1,1.0603034500686892,1.2,0.8543888802422138,0.40667439438577613,0.3740278116310628,0.71602495922563,0.7196140492696002,-7.9853655730158755
rho,baseline rho,0.2,1,1.0721331135772334,1.2,0.8541112139743173,0.40686718622618023,0.374721908274232,0.7194506033919592,0.7230568645487702,-7.97000386923902
rho,baseline rho,0.2,1,1.0841828807763967,1.2,0.8542184824119211,0.40679270760297725,0.37445376601050995,0.7223485065959587,0.7259692935530282,-7.954470294360286
rho,baseline rho,0.2,1,1.0964571953875313,1.2,0.8539732597328733,0.40696300493066073,0.37506683091735393,0.7258082919337143,0.7294464211369583,-7.938802475112111
rho,baseline rho,0.2,1,1.1089606063252093,1.2,0.8542238830684206,0.40678895224053524,0.37444025377113554,0.7285721163632601,0.732224099294109,-7.922961517963268
rho,baseline rho,0.2,1,1.1216977703756155,1.2,0.8538202072865759,0.4070692994950327,0.3754494796226948,0.7323519426128206,0.7360228720015901,-7.906977029810841
rho,baseline rho,0.2,1,1.1346734549494641,1.2,0.8541823546113956,0.4068177943064363,0.3745440810905069,0.7350287201016066,0.7387130668933748,-7.890853148795349
rho,baseline rho,0.2,1,1.147892540911644,1.2,0.8540992099891803,0.4068755252344846,0.37475192451730643,0.7384135430476747,0.7421148563350655,-7.874590112521034
rho,baseline rho,0.2,1,1.1613600254898573,1.2,0.8541197084909686,0.4068612923429099,0.3747006829697168,0.7416849035121901,0.7454026145621478,-7.858186362442267
rho,baseline rho,0.2,1,1.1750810252645967,1.2,0.854246631499288,0.406773175524375,0.37438342763336196,0.7448374225818687,0.7485709356994228,-7.841614604085572
rho,baseline rho,0.2,1,1.189060779242872,1.2,0.8540434826901503,0.4069142272509763,0.3748912481719585,0.748534201799615,0.7522862451001109,-7.824874373830758
rho,baseline rho,0.2,1,1.2033046520181812,1.2,0.8541780203211201,0.40682080687528355,0.3745549225294925,0.7517613455820604,0.7555295650080819,-7.807989060622413
rho,baseline rho,0.2,1,1.217818137019287,1.2,0.8540252769278136,0.4069268776243862,0.3749367787408606,0.755471819261535,0.759258637514273,-7.79094792581653
rho,baseline rho,0.2,1,1.2326068598504607,1.2,0.8544338963202971,0.40664312570700994,0.3739152552068446,0.7583650099453775,0.7621663303767686,-7.7737737697004246
rho,baseline rho,0.2,1,1.247676581725918,1.2,0.8540422292774931,0.4069151127401449,0.37489441424121994,0.7625357165146976,0.7663579426997659,-7.756433763806209
rho,baseline rho,0.2,1,1.2630332030012734,1.2,0.8542077260992081,0.40680017963428206,0.3744806619108413,0.7658930792079307,0.7697321342435315,-7.738945452074091
rho,baseline rho,0.2,1,1.2786827668049243,1.2,0.8542263145157586,0.4067872956736944,0.3744342441394214,0.7695239908750836,0.7733812459311545,-7.721258174155194
rho,baseline rho,0.2,1,1.294631462772364,1.2,0.8541114300927939,0.4068670566409972,0.37472141225176014,0.7734106367437976,0.7772873736933585,-7.703452637015859
rho,baseline rho,0.2,1,1.31088563088653,1.2,0.8543671168409053,0.4066894811439596,0.3740821624300475,0.7767653253523642,0.7806588777485524,-7.685458208180598
rho,baseline rho,0.2,1,1.3274517654273796,1.2,0.8542874367708648,0.40674481541246144,0.374281364520052,0.7806939511559041,0.7846071958708812,-7.667341801391707
rho,baseline rho,0.2,1,1.3443365190339982,1.2,0.8543115741577214,0.40672805627615727,0.37422102739877827,0.7845086900913286,0.7884410562647928,-7.649038061329647
rho,baseline rho,0.2,1,1.3615467068826452,1.2,0.8541804850680998,0.4068191001737138,0.37454877130712205,0.7886196409585307,0.7925726133589687,-7.63058615341159
rho,baseline rho,0.2,1,1.3790893109842512,1.2,0.8544562149300122,0.40662761690147636,0.37385943757717677,0.7921342791588365,0.7961048687565668,-7.611951920930789
rho,baseline rho,0.2,1,1.3969714846049992,1.2,0.854387607436308,0.40667527113468416,0.37403097821460973,0.7962481325129733,0.8002393428864539,-7.593152962809585
rho,baseline rho,0.2,1,1.4152005568137338,1.2,0.8543438856209443,0.4067056358121126,0.37414028773321906,0.8003749154780987,0.804386811437274,-7.574205042489314
rho,baseline rho,0.2,1,1.4337840371600625,1.2,0.8546047830071769,0.4065244432780766,0.3734880144734686,0.8040630836190481,0.8080934665979628,-7.555082192167672
rho,baseline rho,0.2,1,1.4527296204871472,1.2,0.8543371420677417,0.40671028913652074,0.3741570824671432,0.8086584752092181,0.8127118926843359,-7.5358051605026315
rho,baseline rho,0.2,1,1.4720451918832933,1.2,0.8543610680297836,0.4066937097201284,0.3740973449656938,0.8128369945221616,0.8169113569124968,-7.5163589993121835
rho,baseline rho,0.2,1,1.4917388317766058,1.2,0.8542617166920606,0.4067626979952423,0.3743457109776628,0.8172716443651943,0.8213682355303717,-7.496709680202125
rho,baseline rho,0.2,1,1.5118188211770927,1.2,0.8541943480352275,0.4068094667392814,0.37451410012162023,0.8217109156172198,0.8258297587221487,-7.476914821072679
rho,baseline rho,0.2,1,1.5322936470707536,1.2,0.8547142820728673,0.4064484077198972,0.3732142786021106,0.8252392337182883,0.8293757625912975,-7.4569331172415145
rho,baseline rho,0.2,1,1.5531720079703377,1.2,0.8544725237597997,0.4066162969468845,0.37381867764547105,0.8300793650528657,0.8342401551851516,-7.4368165356625315
rho,baseline rho,0.2,1,1.5744628196276003,1.2,0.8544954722740321,0.4066003432117014,0.37376126906324303,0.8345405292946779,0.8387236811057832,-7.416514191451887
rho,baseline rho,0.2,1,1.5961752209120554,1.2,0.8541161234329409,0.4068637946736923,0.3747096730622346,0.839732188217902,0.8439413633276548,-7.396006655442778
rho,baseline rho,0.2,1,1.618318579861377,1.2,0.8545019689199966,0.40659584235477564,0.3737450505663187,0.8437058376322853,0.8479349307426156,-7.375346205968542
rho,baseline rho,0.2,1,1.6409024999087747,1.2,0.8545171174508999,0.4065853234311746,0.37370718116043733,0.8483589369149588,0.8526113537825044,-7.354482113143083
rho,baseline rho,0.2,1,1.6639368262928396,1.2,0.8545074671813291,0.4065920472671065,0.37373135491562115,0.8531153791353762,0.8573916377687681,-7.333497087318034
rho,baseline rho,0.2,1,1.6874316526555453,1.2,0.8544652114921789,0.40662135817660405,0.3738369221692859,0.8579897725212151,0.8622904641531307,-7.312290482313814
rho,baseline rho,0.2,1,1.7113973278342638,1.2,0.8542018664579847,0.406804244301819,0.37449530123394453,0.8633057086085288,0.8676330464809691,-7.290903837324361
rho,baseline rho,0.2,1,1.7358444628538618,1.2,0.8546131979802224,0.40651860223042424,0.373466982837494,0.8675324327081765,0.8718809571233331,-7.26934834908705
rho,baseline rho,0.2,1,1.7607839381251333,1.2,0.8547968231570079,0.40639107865778873,0.3730079067438158,0.8722100246726747,0.8765819956151253,-7.247598264586687
rho,baseline rho,0.2,1,1.7862269108560356,1.2,0.8545207782291536,0.4065827645322374,0.37369799316047925,0.8777476673871533,0.8821473958792221,-7.2256877061059495
rho,baseline rho,0.2,1,1.8121848226824113,1.2,0.8545032384053477,0.4065949585348482,0.3737418720299246,0.8829066766891983,0.8873322648230073,-7.203578103520384
rho,baseline rho,0.2,1,1.8386694075250942,1.2,0.8544811794130326,0.4066102919906002,0.3737970512866641,0.8881419650074144,0.8925937951331235,-7.181263133985501
rho,baseline rho,0.2,1,1.8656926996805347,1.2,0.8544472918673129,0.40663382445997176,0.37388176896622616,0.8934674687867206,0.8979459931112104,-7.158787772683045
rho,baseline rho,0.2,1,1.8932670421523103,1.2,0.8547770066665218,0.4064048524776752,0.37305747468525674,0.8982215237091394,0.9027238778330946,-7.13611962171826
rho,baseline rho,0.2,1,1.921405095231136,1.2,0.8544336084040839,0.4066433283092212,0.3739159807438338,0.9042356687365932,0.9087681688879499,-7.113254199582642
rho,baseline rho,0.2,1,1.9501198453312445,1.2,0.8546278231389307,0.4065084340063865,0.37343039431486413,0.9093693119411355,0.9139275445861396,-7.090207125149128
rho,baseline rho,0.2,1,1.979424614091259,1.2,0.8545145945218218,0.40658707422810164,0.37371348581087793,0.9151237207535433,0.9197107974927532,-7.066938513933884
rho,baseline rho,0.2,1,2.009333067747975,1.2,0.8546921978423675,0.40646375261679885,0.3732695078099181,0.9204308606660364,0.9250445395547614,-7.043530599823599
rho,baseline rho,0.2,1,2.0398592267917226,1.2,0.8548076881160002,0.406383535278697,0.37298074808598536,0.9259226055166294,0.9305638118909726,-7.019877766256587
rho,baseline rho,0.2,1,2.071017475912293,1.2,0.8544164833184531,0.40665520863660676,0.37395876733661754,0.9324105824104343,0.9370843099042928,-6.996052508539096
rho,baseline rho,0.2,1,2.1028225742447084,1.2,0.8548522842418698,0.40635257757426696,0.3728692833185469,0.937471844942859,0.9421709421207363,-6.9720353012088765
rho,baseline rho,0.2,1,2.135289665924415,1.2,0.8547836695703599,0.40640023450836393,0.37304083696770624,0.9435309024831962,0.9482603708133828,-6.947789368582103
rho,baseline rho,0.2,1,2.168434290961828,1.2,0.8546209091401382,0.40651325560955687,0.37344772297650475,0.949845266018225,0.9546063852273449,-6.9233894490940475
rho,baseline rho,0.2,1,2.2022723964464688,1.2,0.8549852198618885,0.40626026213288186,0.37253694634513634,0.9552653869719797,0.9600536746504407,-6.898755381304564
rho,baseline rho,0.2,1,2.23682034809129,1.2,0.8545606363106335,0.4065551172606,0.37359841697226265,0.9622339022981614,0.9670571198050538,-6.873916564300768
rho,baseline rho,0.2,1,2.2720949421281498,1.2,0.8548570132658762,0.40634927858262415,0.372857428472592,0.9679419468733231,0.972793776072715,-6.848889517154065
rho,baseline rho,0.2,1,2.308113417565749,1.2,0.8549733735374766,0.4062684796586704,0.37256654252525145,0.9740688152424035,0.9789513554972981,-6.823660695696739
rho,baseline rho,0.2,1,2.344893468821764,1.2,0.8547393712970907,0.4064309956499542,0.37315157930681064,0.9809445880650225,0.985861593274615,-6.798222018237444
rho,baseline rho,0.2,1,2.382453258741261,1.2,0.8546023370369089,0.40652613416836636,0.3734941127667626,0.9877278831211858,0.9926788897387426,-6.772546716459868
rho,baseline rho,0.2,1,2.4208114320139376,1.2,0.854930805092495,0.4062980416358668,0.37267296484097734,0.9937114105704591,0.9986924097441685,-6.746671446324633
rho,baseline rho,0.2,1,2.4599871290031343,1.2,0.8550536249140557,0.40621274185498735,0.3723658974927171,1.0001749308655217,1.005188328569535,-6.720623291725891
rho,baseline rho,0.2,1,2.5,1.2,0.8548058556269527,0.4063848243030468,0.37298536486762845,1.0074465089844737,1.0124963556254891,-6.694346324191092
rho,baseline rho,0.2,2,0.5,1.2,0.7426221850475226,0.5088477576425928,0.7614445292858781,0.7189037477459129,0.7225072677773908,-8.279754000716503
rho,baseline rho,0.2,2,0.5000203210855501,1.2,0.7426205298202586,0.5088488467656206,0.761448654644169,0.718914636518182,0.7225182111298581,-8.279604130960202
rho,baseline rho,0.2,2,0.5000812892976928,1.2,0.7426155954419149,0.5088521131030558,0.7614609970758155,0.7189472928084018,0.7225510311104139,-8.279154503484055
rho,baseline rho,0.2,2,0.5001829195049198,1.2,0.7426073184837674,0.5088575778679565,0.7614816681207581,0.7190017575610883,0.7226057688688092,-8.278405063669114
rho,baseline rho,0.2,2,0.5003252364947652,1.2,0.7425957618283952,0.5088652225481538,0.7615105629108179,0.7190780018209089,0.7226823953045728,-8.277355720460692
rho,baseline rho,0.2,2,0.5005082749838822,1.2,0.742580907431861,0.5088750498445368,0.7615477056155484,0.7191760422082526,0.722780927121403,-8.276006346358699
rho,baseline rho,0.2,2,0.500732079632158,1.2,0.742562746752548,0.508887068497366,0.761593124599478,0.7192958991915556,0.7229013848903348,-8.274356777384817
rho,baseline rho,0.2,2,0.5009967050608752,1.2,0.7425413109099162,0.5089012300411537,0.7616466788234204,0.7194375390411794,0.7230437347126594,-8.272406813039659
rho,baseline rho,0.2,2,0.5013022158749305,1.2,0.7425187079581468,0.5089161899150433,0.7617032107691717,0.719599252770813,0.7232062590357363,-8.270156216305779
rho,baseline rho,0.2,2,0.5016486866891229,1.2,0.7425066334461293,0.5089241651133936,0.7617333730310475,0.7197712417178959,0.723379110081004,-8.267604988465859
rho,baseline rho,0.2,2,0.502036202158526,1.2,0.7424752526437153,0.5089449333807277,0.761811856263775,0.7199785080002977,0.7235874152899696,-8.264752650677806
rho,baseline rho,0.2,2,0.502464857012963,1.2,0.742442477158872,0.5089666056493996,0.7618937844539664,0.7202060658081191,0.7238161137360495,-8.261598789669032
rho,baseline rho,0.2,2,0.5029347560956027,1.2,0.7424025756787147,0.5089930009210251,0.7619935504101703,0.7204587565933797,0.7240700711391422,-8.258143021571746
rho,baseline rho,0.2,2,0.5034460144056994,1.2,0.7423640057611116,0.5090184938605544,0.7620899383146258,0.7207295090172475,0.7243421807151824,-8.254384926393692
rho,baseline rho,0.2,2,0.5039987571454999,1.2,0.7423194571678121,0.5090479703479251,0.7622013395812824,0.7210245086073921,0.7246386589969261,-8.250324070234672
rho,baseline rho,0.2,2,0.5045931197713469,1.2,0.7422715270890906,0.5090796594048002,0.7623211404409963,0.721341575224455,0.7249573149170206,-8.245959935410156
rho,baseline rho,0.2,2,0.5052292480490046,1.2,0.7423810577346535,0.5090072294424696,0.7620473386408677,0.7215460769761172,0.7251628417379791,-8.241293096098024
rho,baseline rho,0.2,2,0.5059072981132409,1.2,0.7426417378349597,0.5088348121061268,0.7613956160217361,0.7216430961408149,0.7252603472132635,-8.236333935977747
rho,baseline rho,0.2,2,0.5066274365316988,1.2,0.7426133879470507,0.5088535643667964,0.7614664960368438,0.7220016192052358,0.7256206673820232,-8.23107504288884
rho,baseline rho,0.2,2,0.507389840373095,1.2,0.7428120200701464,0.508722213052284,0.760969959132434,0.7221891066028062,0.7258090945640852,-8.225520580505563
rho,baseline rho,0.2,2,0.5081946972797818,1.2,0.7427828106311125,0.5087415186147279,0.7610429535870904,0.7225870809503135,0.7262090637663109,-8.21966444028647
rho,baseline rho,0.2,2,0.5090422055447187,1.2,0.7427429174638001,0.5087679138863537,0.7611427112304503,0.7230135116068548,0.726637631915413,-8.213505013729517
rho,baseline rho,0.2,2,0.5099325741928927,1.2,0.7428742732595842,0.5086810359574396,0.7608143162918891,0.7233155678403522,0.7269412022120815,-8.207044393479812
rho,baseline rho,0.2,2,0.5108660230672385,1.2,0.7427997861830964,0.5087302939218703,0.7610005204317056,0.7238100958760832,0.7274382090799072,-8.200283172957164
rho,baseline rho,0.2,2,0.5118427829191048,1.2,0.7427219916135023,0.5087817361717277,0.7611949860239765,0.7243270426348702,0.7279577470451057,-8.193214862881451
rho,baseline rho,0.2,2,0.5128630955033207,1.2,0.7426408529792659,0.5088354024322392,0.7613978397370527,0.7248665092157465,0.7284999177134716,-8.185838595913573
rho,baseline rho,0.2,2,0.5139272136779165,1.2,0.7425563830467978,0.5088912714903466,0.7616090206933084,0.7254285362467737,0.7290647619167155,-8.178153466158658
rho,baseline rho,0.2,2,0.5150354015085564,1.2,0.7424704451429419,0.5089481071573179,0.7618238618898553,0.7260116157120022,0.7296507640799262,-8.170158528965054
rho,baseline rho,0.2,2,0.5161879343777439,1.2,0.742398175654845,0.5089959165588971,0.7620045631007337,0.7266030760351218,0.7302451891102528,-8.161853337794915
rho,baseline rho,0.2,2,0.5173850990988615,1.2,0.7423799992163329,0.509007930841596,0.7620499879324067,0.7271688712909952,0.7308138204266484,-8.153237239938372
rho,baseline rho,0.2,2,0.5186271940351138,1.2,0.7426862748455009,0.5088053672413159,0.7612842980578037,0.7274809360600044,0.7311274494268217,-8.144332622534066
rho,baseline rho,0.2,2,0.5199145292234401,1.2,0.742792556363363,0.5087350757998135,0.7610185955506141,0.727981451606868,0.7316304738183045,-8.135125709858197
rho,baseline rho,0.2,2,0.5212474265034702,1.2,0.7429526124485941,0.5086292244958499,0.7606184687079935,0.7284564449820401,0.7321078481076777,-8.12561859910797
rho,baseline rho,0.2,2,0.5226262196515982,1.2,0.7428733043606621,0.508681681820059,0.7608167500072318,0.7291538259370944,0.7328087246993162,-8.115815065013521
rho,baseline rho,0.2,2,0.5240512545202515,1.2,0.7428241909563247,0.5087141506948669,0.7609395028196335,0.7298459263707284,0.7335042943008107,-8.105696775284686
rho,baseline rho,0.2,2,0.5255228891824385,1.2,0.7427097301437835,0.5087898655068016,0.7612256848256427,0.7306137153339904,0.7342759318222667,-8.09526640658367
rho,baseline rho,0.2,2,0.5270414940816569,1.2,0.7425936847294824,0.5088665910229577,0.7615157437105856,0.731403299115601,0.7350694734090527,-8.08451843536454
rho,baseline rho,0.2,2,0.5286074521872524,1.2,0.7424724521710797,0.508946778407741,0.761818841257677,0.7322178723319388,0.735888129690629,-8.073451526105845
rho,baseline rho,0.2,2,0.5302211591553182,1.2,0.7425549648989127,0.5088922081458919,0.76161256317597,0.7328802571532498,0.7365538347296736,-8.062070497748637
rho,baseline rho,0.2,2,0.5318830234952302,1.2,0.7429144259602132,0.5086544751079408,0.7607139235845968,0.7333278557768508,0.7370036769507121,-8.050410401863225
rho,baseline rho,0.2,2,0.5335934667419154,1.2,0.7428031721651059,0.5087280584700666,0.7609920644450053,0.7341958323428519,0.7378760042673559,-8.038441168154723
rho,baseline rho,0.2,2,0.5353529236339561,1.2,0.742757727835809,0.5087581024012504,0.7611056484102271,0.7350287198505263,0.738713066641036,-8.026149293198376
rho,baseline rho,0.2,2,0.537161842297634,1.2,0.742825055665354,0.5087135718099041,0.7609373251995084,0.7357864990395462,0.7394746442140477,-8.01355820742557
rho,baseline rho,0.2,2,0.5390206844370244,1.2,0.7426859060580497,0.5088056024977348,0.7612852004068129,0.7367411545558649,0.7404340849610553,-8.000643507086448
rho,baseline rho,0.2,2,0.5409299255302531,1.2,0.7427536864325082,0.5087607784125733,0.761115759007208,0.737540531176062,0.7412374684732357,-7.987406483038091
rho,baseline rho,0.2,2,0.5428900550320312,1.2,0.7426683202377862,0.5088172317574216,0.761329161388046,0.7384917376262867,0.7421934428656338,-7.973863335523104
rho,baseline rho,0.2,2,0.5449015765825912,1.2,0.7430051059156602,0.5085944972869392,0.7604872139311178,0.7391034258613737,0.7428081972007585,-7.960019021784236
rho,baseline rho,0.2,2,0.5469650082231464,1.2,0.7428500447856337,0.508697052300149,0.7608748698311043,0.7401568786979272,0.7438669304916299,-7.9458658870259615
rho,baseline rho,0.2,2,0.5490808826180046,1.2,0.7427140285417506,0.5087870212167166,0.7612149355777627,0.7412157290654946,0.7449310883687515,-7.931381837185365
rho,baseline rho,0.2,2,0.5512497472834679,1.2,0.7428512615900438,0.5086962566709364,0.7608718485396402,0.7420620671583191,0.7457816687489205,-7.916578775804597
rho,baseline rho,0.2,2,0.5534721648236569,1.2,0.7428982416620091,0.5086651693813233,0.7607543624948321,0.743007312974604,0.7467316526295767,-7.901471912234831
rho,baseline rho,0.2,2,0.5557487131734017,1.2,0.7427313733225178,0.5087755585665509,0.7611715935064196,0.7441581073243023,0.7478882153599579,-7.886039873362009
rho,baseline rho,0.2,2,0.5580799858483445,1.2,0.743117001884624,0.5085205033186128,0.7602074996419896,0.744855691208747,0.7485892958981744,-7.870293606537752
rho,baseline rho,0.2,2,0.5604665922024078,1.2,0.7429420886827571,0.5086361819189595,0.7606447719094434,0.7460575275669461,0.7497971564861887,-7.854248965068733
rho,baseline rho,0.2,2,0.5629091576927818,1.2,0.7427649093314804,0.5087533646186646,0.761087721623651,0.7472837907292733,0.7510295663181962,-7.837863315406536
rho,baseline rho,0.2,2,0.5654083241525933,1.2,0.7428204316494812,0.5087166399152583,0.7609489076783248,0.7483317910597432,0.7520828197721832,-7.821153502777076
rho,baseline rho,0.2,2,0.5679647500714233,1.2,0.742934289642659,0.508641333008635,0.7606642536209252,0.7493516689929426,0.7531078098647968,-7.80413719407704
rho,baseline rho,0.2,2,0.5705791108838415,1.2,0.7427467260372409,0.5087654017836627,0.7611332052081061,0.7506547695746411,0.7544174422653429,-7.7867845917940155
rho,baseline rho,0.2,2,0.5732520992661372,1.2,0.74305250333793,0.5085631545594971,0.7603687312030094,0.7515534048818764,0.7553205820008007,-7.769135282376551
rho,baseline rho,0.2,2,0.5759844254414287,1.2,0.7430845201459855,0.5085419659140539,0.7602886585470889,0.7527117536013477,0.7564847369673908,-7.7511548933358485
rho,baseline rho,0.2,2,0.578776817493336,1.2,0.7429418822675028,0.5086363131733836,0.7606452760097312,0.7540448033496155,0.7578244686553285,-7.732856119413874
rho,baseline rho,0.2,2,0.5816300216884137,1.2,0.7427404451206383,0.5087695536102665,0.7611489024674463,0.7554524098587793,0.7592391308214812,-7.71420427330463
rho,baseline rho,0.2,2,0.5845448028075416,1.2,0.7428597483603769,0.5086906367376642,0.7608506157606456,0.7566043486986144,0.7603968437787797,-7.695235531611489
rho,baseline rho,0.2,2,0.5875219444864789,1.2,0.743152713813919,0.5084968608078749,0.7601181664983415,0.7576278700024934,0.7614254955045446,-7.675963957846649
rho,baseline rho,0.2,2,0.5905622495657936,1.2,0.7431614376061919,0.5084911139903088,0.7600964089238285,0.7589226271880394,0.762726742687491,-7.656380285843324
rho,baseline rho,0.2,2,0.5936665404503856,1.2,0.7430099120428033,0.5085913322506096,0.7604752295015795,0.7603812932049531,0.7641927202982414,-7.636446967121527
rho,baseline rho,0.2,2,0.5968356594788269,1.2,0.7427909578735359,0.5087361349695225,0.7610225962373414,0.7619232342118493,0.7657423903165986,-7.616158812151415
rho,baseline rho,0.2,2,0.600070469302753,1.2,0.7429714696593407,0.5086167467713325,0.7605713120180416,0.7631393537525684,0.7669646056818831,-7.595529970523983
rho,baseline rho,0.2,2,0.6033718532765401,1.2,0.7433820292035235,0.5083452117388663,0.7595449110202251,0.7641769479329985,0.7680074008247861,-7.5746475486567535
rho,baseline rho,0.2,2,0.6067407158575169,1.2,0.7431708238330095,0.5084848791793837,0.7600728821458329,0.7657851899913429,0.7696237042299949,-7.553420432808803
rho,baseline rho,0.2,2,0.6101779830169621,1.2,0.7429377037410161,0.5086390703044019,0.7606557077093674,0.7674378135522774,0.7712846116010015,-7.531822998615624
rho,baseline rho,0.2,2,0.6136846026621482,1.2,0.7429935882064485,0.5086021305259869,0.7605160438264897,0.7688606919296549,0.7727146221859258,-7.509861496323231
rho,baseline rho,0.2,2,0.6172615450697004,1.2,0.7435746677985734,0.5082178096487466,0.7590633244847839,0.7698437547156393,0.773702612594631,-7.487609463682018
rho,baseline rho,0.2,2,0.6209098033305457,1.2,0.7433299576331789,0.5083796525249814,0.7596750942934791,0.7715819147926128,0.7754494852352475,-7.465067722466257
rho,baseline rho,0.2,2,0.6246303938067362,1.2,0.7431055153233938,0.5085280951631921,0.760236204506726,0.7733279783475515,0.7772043009701771,-7.442146897664433
rho,baseline rho,0.2,2,0.6284243566004422,1.2,0.7430801838309529,0.5085448499293661,0.7602995358088493,0.7749232146313197,0.7788075334090935,-7.418862406277277
rho,baseline rho,0.2,2,0.6322927560354111,1.2,0.7433916589658813,0.5083388517128884,0.7595208567189498,0.776244396532539,0.7801353377621516,-7.395241480429238
rho,baseline rho,0.2,2,0.6362366811512086,1.2,0.743464577173415,0.5082906229648483,0.7593385557108612,0.7778031966938248,0.7817019514417614,-7.371334079216927
rho,baseline rho,0.2,2,0.6402572462105554,1.2,0.7432033216130637,0.5084634111821644,0.7599916949480855,0.7796863664219913,0.7835945605974721,-7.347069129528136
rho,baseline rho,0.2,2,0.6443555912200942,1.2,0.7431688394749556,0.5084862052280715,0.7600778739823109,0.7813936639412563,0.7853104159811657,-7.322445796581505
rho,baseline rho,0.2,2,0.6485328824649206,1.2,0.7434443811968514,0.5083039632962347,0.7593890075590088,0.7828496727618859,0.7867737230763802,-7.297460272888909
rho,baseline rho,0.2,2,0.652790313057229,1.2,0.7435225821773804,0.5082522487656205,0.759193518023047,0.7845086905419438,0.7884410567176667,-7.272160153355005
rho,baseline rho,0.2,2,0.6571291034994325,1.2,0.7434874911266104,0.5082754577878583,0.7592812471362526,0.7862963015324788,0.7902376281455802,-7.246536642557082
rho,baseline rho,0.2,2,0.6615505022621248,1.2,0.7432295958381081,0.5084460246954097,0.7599259881710809,0.7883119473710225,0.7922633774509349,-7.2205439367145345
rho,baseline rho,0.2,2,0.6660557863772645,1.2,0.7434746036936826,0.5082839721459445,0.7593134451333197,0.7899017168148114,0.7938611156472223,-7.194184220812739
rho,baseline rho,0.2,2,0.6706462620469753,1.2,0.743450854882498,0.5082996862545782,0.7593728335428857,0.7917613791372858,0.7957300995658797,-7.16748972370752
rho,baseline rho,0.2,2,0.6753232652683625,1.2,0.74351824296619,0.5082551132371156,0.7592043538555882,0.7935663133423086,0.797544081041255,-7.140481252029527
rho,baseline rho,0.2,2,0.6800881624747613,1.2,0.7432239300755916,0.5084497713175912,0.7599401512727053,0.7957275270519072,0.7997161278796545,-7.113079031907768
rho,baseline rho,0.2,2,0.6849423511938463,1.2,0.7434826481672895,0.5082786827308252,0.7592934042662222,0.7974149393487042,0.8014119983657877,-7.08533380209005
rho,baseline rho,0.2,2,0.6898872607230374,1.2,0.7434204711951411,0.5083197901471241,0.7594488128585364,0.7994224677110557,0.8034295895059312,-7.0572536877298155
rho,baseline rho,0.2,2,0.6949243528226603,1.2,0.7435014450573214,0.508266243699887,0.7592463956540225,0.8013282582928771,0.8053449329027977,-7.028808908121323
rho,baseline rho,0.2,2,0.7000551224273222,1.2,0.7436114998133873,0.5081934428565831,0.7589712285853433,0.8032361452488072,0.8072623831818918,-6.9999764340686275
rho,baseline rho,0.2,2,0.7052810983759861,1.2,0.7436578194697236,0.5081628031975086,0.758855418182226,0.8052313964852262,0.8092676356567532,-6.9708605335397635
rho,baseline rho,0.2,2,0.7106038441612367,1.2,0.7433665393894273,0.5083554610825993,0.759583646345908,0.8075663754311962,0.811614318733396,-6.941331896990922
rho,baseline rho,0.2,2,0.7160249586982449,1.2,0.7433674376120354,0.5083548636854676,0.7595813932266051,0.8096631648469833,0.8137216183498676,-6.911433163455026
rho,baseline rho,0.2,2,0.7215460771139571,1.2,0.7439030639016064,0.5080006123225997,0.7582423248460499,0.811296394751533,0.815363034853382,-6.88122245030179
rho,baseline rho,0.2,2,0.7271688715570458,1.2,0.7435712947811977,0.5082200451005502,0.7590717675068503,0.81376047406205,0.8178394654128421,-6.850645988101919
rho,baseline rho,0.2,2,0.7328950520291776,1.2,0.7435608125664095,0.5082269769404715,0.7590979711345798,0.8159585830051608,0.8200485924228815,-6.819636990736686
rho,baseline rho,0.2,2,0.7387263672381705,1.2,0.7440495141881882,0.5079037546298204,0.7578762013122444,0.8177237183338583,0.8218225755292337,-6.788316770873129
rho,baseline rho,0.2,2,0.7446646054736273,1.2,0.7437549963962015,0.5080985439647201,0.758612501315784,0.8202477332505093,0.824359242123304,-6.756670144333533
rho,baseline rho,0.2,2,0.7507115955056528,1.2,0.7436875107578547,0.50814317688882,0.7587812144259893,0.822592494286515,0.8267157563229129,-6.724579741862786
rho,baseline rho,0.2,2,0.7568692075072764,1.2,0.7436669134030699,0.5081567982412243,0.7588327050080269,0.8249255171345272,0.8290604734966163,-6.692126847088668
rho,baseline rho,0.2,2,0.7631393540012239,1.2,0.7438703961685177,0.5080222290547645,0.758324019327688,0.8270806659388443,0.8312264250292702,-6.659374290734381
rho,baseline rho,0.2,2,0.7695239908317001,1.2,0.7438373734543441,0.5080440679329573,0.7584065726176034,0.8294896962675868,0.8336475306727864,-6.626199531011321
rho,baseline rho,0.2,2,0.7760251181618615,1.2,0.7435229126563692,0.5082520407616311,0.7591927157910101,0.8321967433028047,0.8363681468377356,-6.592610686324802
rho,baseline rho,0.2,2,0.7826447814976824,1.2,0.7440297321800182,0.507916839523378,0.7579256598590032,0.8341627952751902,0.8383440536866434,-6.558730590924123
rho,baseline rho,0.2,2,0.7893850727389358,1.2,0.74391902152496,0.5079900721859407,0.7582024621927537,0.836744599926017,0.8409387996871375,-6.524448110573043
rho,baseline rho,0.2,2,0.7962481312580323,1.2,0.7436219200182597,0.5081865638522798,0.758945206798711,0.8395374794829478,0.843745678611105,-6.4897419274910595
rho,baseline rho,0.2,2,0.8032361450074849,1.2,0.7441436369160769,0.5078414955924165,0.7576408750875238,0.8415869389033097,0.8458054109895622,-6.454690987257173
rho,baseline rho,0.2,2,0.8103513516567865,1.2,0.7440473696316053,0.5079051759402423,0.7578815694008642,0.8442578290887691,0.8484896890677892,-6.419294117343981
rho,baseline rho,0.2,2,0.8175960397595149,1.2,0.7437144540071776,0.5081253515117874,0.7587138432215561,0.8471901685827046,0.851436726974605,-6.38344351169387
rho,baseline rho,0.2,2,0.8249725499515008,1.2,0.744231043867076,0.5077836933165814,0.7574223725749308,0.8493450460943871,0.8536024058547641,-6.347214598675832
rho,baseline rho,0.2,2,0.8324832761809209,1.2,0.7441263538611369,0.5078529424313024,0.757684119573057,0.8521300379347343,0.8564013575248045,-6.310691060986529
rho,baseline rho,0.2,2,0.8401306669712053,1.2,0.7437327379276707,0.5081132756532101,0.7586681712538098,0.8552297349262679,0.8595165918121658,-6.273673650604263
rho,baseline rho,0.2,2,0.8479172267176741,1.2,0.7442467780299808,0.5077732898361247,0.7573830433183502,0.8574909660872568,0.8617891574415172,-6.236301312562606
rho,baseline rho,0.2,2,0.8558455170188431,1.2,0.7441803785396596,0.5078172001480401,0.7575490313960956,0.8603484480522363,0.8646609625944515,-6.1985907338997475
rho,baseline rho,0.2,2,0.8639181580433734,1.2,0.7438026894688188,0.5080669932332889,0.7584932511842803,0.8635455645571586,0.8678741047125446,-6.160392365239806
rho,baseline rho,0.2,2,0.8721378299336601,1.2,0.7442844482820264,0.5077483714114279,0.7572888580790923,0.8659453091080777,0.8702858780330824,-6.1218675542775145
rho,baseline rho,0.2,2,0.8805072742470966,1.2,0.7442377470663598,0.5077792550671818,0.7574056034260087,0.868896345922731,0.8732517069813261,-6.082948079289999
rho,baseline rho,0.2,2,0.88902929543607,1.2,0.744087959617176,0.5078783357389672,0.757780105838802,0.8719868419402725,0.8763576941746215,-6.043569583862756
rho,baseline rho,0.2,2,0.8977067623677852,1.2,0.7442754593597616,0.5077543295714657,0.7573113601083226,0.8747856620626442,0.8791705434412381,-6.00386093596684
rho,baseline rho,0.2,2,0.9065426098850453,1.2,0.7442422235577776,0.5077762997040829,0.7573944241710827,0.8778399025135685,0.8822400933361323,-5.963713776496665
rho,baseline rho,0.2,2,0.9155398404091444,1.2,0.7446408989254761,0.5075126244268227,0.7563977332745578,0.8805072746949159,0.8849208357761785,-5.923151101549431
rho,baseline rho,0.2,2,0.9247015255860773,1.2,0.7442627431590714,0.5077627382583159,0.7573431472107892,0.8839819025677651,0.888412880293719,-5.882231982688493
rho,baseline rho,0.2,2,0.9340308079772923,1.2,0.7444930842069502,0.5076103877901808,0.75676727530118,0.8868946396404324,0.891340217521721,-5.840854872409776
rho,baseline rho,0.2,2,0.9435309027962627,1.2,0.7446736683432942,0.5074909423862425,0.756315788988704,0.8898964476788135,0.8943570721855104,-5.799103008907976
rho,baseline rho,0.2,2,0.9532050996921831,1.2,0.7442261620462303,0.5077869324015869,0.757434600640569,0.8935661451126246,0.8980451640542563,-5.756917485591872
rho,baseline rho,0.2,2,0.9630567645821445,1.2,0.7444773182513611,0.5076208309958645,0.7568067264472598,0.8965802314677424,0.901074358580101,-5.714319579313573
rho,baseline rho,0.2,2,0.9730893415331738,1.2,0.7446178296808473,0.5075278979759373,0.7564554429285787,0.8997462542379189,0.9042562511054544,-5.671339218522232
rho,baseline rho,0.2,2,0.9833063546955787,1.2,0.7444687053930686,0.5076265195760347,0.756828241005378,0.9032462021404121,0.9077737425698156,-5.627909258673066
rho,baseline rho,0.2,2,0.9937114102890687,1.2,0.7445645731751676,0.5075631142098549,0.7565885698527832,0.9065426099808233,0.9110866737232881,-5.584025662318382
rho,baseline rho,0.2,2,1.0043081986431819,1.2,0.7448496024318118,0.5073745994111074,0.75587598903258,0.9096902698873045,0.9142501113407089,-5.539812426593742
rho,baseline rho,0.2,2,1.0151004962935855,1.2,0.7443795412326558,0.507685489393704,0.757051148712265,0.9136487634158277,0.9182284469006156,-5.495106958956313
rho,baseline rho,0.2,2,1.0260921681358672,1.2,0.74494321489575,0.5073126698602087,0.7556419203472033,0.9165999270066304,0.9211944032604769,-5.449981987831941
rho,baseline rho,0.2,2,1.037287169638491,1.2,0.7447480447914283,0.5074417513994685,0.7561298473825664,0.9203698757845191,0.9249832489852534,-5.404497597255952
rho,baseline rho,0.2,2,1.0486895491166357,1.2,0.7445445508407076,0.5075763461691167,0.7566386022708493,0.9241954302801365,0.9288279791525789,-5.358448026418985
rho,baseline rho,0.2,2,1.0603034500686892,1.2,0.7450602578294574,0.5072352712290036,0.7553493373179228,0.9273275884001316,0.9319758372804854,-5.312107765597466
rho,baseline rho,0.2,2,1.0721331135772334,1.2,0.7446474084150865,0.5075083332431274,0.7563814913803266,0.9314633883813819,0.9361323680454121,-5.2652865225265835
rho,baseline rho,0.2,2,1.0841828807763967,1.2,0.7454151722934792,0.5070005507598996,0.754462076829973,0.9344245594237403,0.9391083820193885,-5.217939697444935
rho,baseline rho,0.2,2,1.0964571953875313,1.2,0.744994112937916,0.5072790274041954,0.7555147212147993,0.9386663685977531,0.9433714533503677,-5.170326041492702
rho,baseline rho,0.2,2,1.1089606063252093,1.2,0.7445958597231335,0.5075423987781387,0.7565103007056853,0.9429355881502364,0.9476620724549112,-5.1221032240137365
rho,baseline rho,0.2,2,1.1216977703756155,1.2,0.7452835327690317,0.5070875969675758,0.7547911371534304,0.9461192559874807,0.950861698493599,-5.073565228086413
rho,baseline rho,0.2,2,1.1346734549494641,1.2,0.7448220820421909,0.507392788598094,0.7559447624982862,0.9505560814981444,0.9553207636846845,-5.0245332463855705
rho,baseline rho,0.2,2,1.147892540911644,1.2,0.7452547683054876,0.5071066373202822,0.7548630851369126,0.9541034303578532,0.9588858937045481,-4.975015074342462
rho,baseline rho,0.2,2,1.1613600254898573,1.2,0.7450957962662956,0.5072117643428202,0.7552604852632205,0.9583251194607321,0.963128744112117,-4.925137640755487
rho,baseline rho,0.2,2,1.1750810252645967,1.2,0.7449474025882734,0.5073099039889299,0.75563145965862,0.9625884596957073,0.9674134544289508,-4.874707739890047
rho,baseline rho,0.2,2,1.189060779242872,1.2,0.7454122594244177,0.5070024610953283,0.7544693223397869,0.9662515937572042,0.9710949500263417,-4.8238932515123345
rho,baseline rho,0.2,2,1.2033046520181812,1.2,0.7452063055373386,0.5071386656355709,0.7549841881241361,0.9706820362820369,0.9755476002367466,-4.7726104877808435
rho,baseline rho,0.2,2,1.217818137019287,1.2,0.745356323737113,0.5070394782609018,0.7546092129586122,0.9747855778282941,0.9796717108706017,-4.720848493714795
rho,baseline rho,0.2,2,1.2326068598504607,1.2,0.7455140936800786,0.5069351239852771,0.75421476751853,0.9789339781639077,0.9838409051494308,-4.668643361110927
rho,baseline rho,0.2,2,1.247676581725918,1.2,0.7455146381521448,0.5069347504034145,0.7542133757627992,0.9833063552421717,0.9882351988590048,-4.615940303586762
rho,baseline rho,0.2,2,1.2630332030012734,1.2,0.7452203811301666,0.5071293687586629,0.7549490272144809,0.98805456626246,0.993007210386077,-4.562803867315894
rho,baseline rho,0.2,2,1.2786827668049243,1.2,0.7452871226240342,0.5070852346314783,0.7547821895201584,0.9924683909854591,0.9974431594975701,-4.509219348387656
rho,baseline rho,0.2,2,1.294631462772364,1.2,0.7454221170411766,0.506995944231738,0.7544446844764054,0.9968643230301382,1.0018611262433195,-4.455132830503257
rho,baseline rho,0.2,2,1.31088563088653,1.2,0.7455673390096642,0.50689989631021,0.7540816258218923,1.0013059438169083,1.0063250107469328,-4.400591317747054
rho,baseline rho,0.2,2,1.3274517654273796,1.2,0.7456460997894495,0.5068478152687523,0.7538847452400809,1.005878382433524,1.0109203688074928,-4.345548830401776
rho,baseline rho,0.2,2,1.3443365190339982,1.2,0.7454657897998231,0.5069670509994602,0.7543354818669528,1.0107962356818578,1.0158628728978172,-4.290038786408733
rho,baseline rho,0.2,2,1.3615467068826452,1.2,0.7458938148174641,0.5066839863391716,0.7532654661997771,1.0151004965131996,1.0201887089263606,-4.234020773750846
rho,baseline rho,0.2,2,1.3790893109842512,1.2,0.7456759835345632,0.5068280523038615,0.7538100390905946,1.0201822078198548,1.0252958924169417,-4.177599700041074
rho,baseline rho,0.2,2,1.3969714846049992,1.2,0.7455196909520705,0.5069314127181925,0.7542007530927903,1.0252587803799882,1.0303979114029271,-4.12059042022977
rho,baseline rho,0.2,2,1.4152005568137338,1.2,0.7459325596023705,0.5066583480031795,0.7531685736688409,1.0297601398349059,1.0349218340160082,-4.063195027069984
rho,baseline rho,0.2,2,1.4337840371600625,1.2,0.7457702346388071,0.5067657104775212,0.753574396724211,1.0349702231850806,1.040158033017655,-4.005194326631868
rho,baseline rho,0.2,2,1.4527296204871472,1.2,0.7461811104591427,0.5064939788822153,0.7525472336457217,1.039596984303398,1.0448079858725894,-3.94679974550934
rho,baseline rho,0.2,2,1.4720451918832933,1.2,0.7456086811706578,0.5068725512726481,0.7539782651157082,1.0454034648457697,1.0506435715197993,-3.887857056873597
rho,baseline rho,0.2,2,1.4917388317766058,1.2,0.7464224120851215,0.5063343758279144,0.7519439522925886,1.0496987721193456,1.0549604091106815,-3.8283951290283826
rho,baseline rho,0.2,2,1.5118188211770927,1.2,0.7458401152165874,0.5067194950352563,0.753399699523374,1.0556542833761535,1.0609457724918927,-3.7685145218381337
rho,baseline rho,0.2,2,1.5322936470707536,1.2,0.7464562408756675,0.5063120092311356,0.7518593960605481,1.0603034500309445,1.0656182431915195,-3.7079659708725603
rho,baseline rho,0.2,2,1.5531720079703377,1.2,0.7460598647296546,0.5065741575267378,0.7528503245409868,1.0661863650078462,1.0715306464024572,-3.647129593343852
rho,baseline rho,0.2,2,1.5744628196276003,1.2,0.7457521978394303,0.5067776507115439,0.7536195139743515,1.072039741053919,1.0774133626180589,-3.585548548046901
rho,baseline rho,0.2,2,1.5961752209120554,1.2,0.7462747243183272,0.5064320520322056,0.7523131696907153,1.076999535608259,1.0823980182460606,-3.5236819632232903
rho,baseline rho,0.2,2,1.618318579861377,1.2,0.74595970288027,0.5066404125847808,0.7531007528620131,1.0830063347393675,1.0884349265831121,-3.4611164376784624
rho,baseline rho,0.2,2,1.6409024999087747,1.2,0.7464279260813368,0.5063307402787469,0.7519301928708612,1.0881683920774718,1.093622858841301,-3.3981514985380255
rho,baseline rho,0.2,2,1.6639368262928396,1.2,0.7461579505668353,0.5065092850855377,0.7526051080071644,1.0942711870983837,1.099756244249556,-3.3345877904941466
rho,baseline rho,0.2,2,1.6874316526555453,1.2,0.7466223171928446,0.506202168977552,0.7514442020482435,1.0995807468702619,1.1050924183005448,-3.2705246780917436
rho,baseline rho,0.2,2,1.7113973278342638,1.2,0.7463855728257878,0.5063587453209668,0.7520360615621651,1.1057967034841831,1.1113395325266544,-3.2059425067802456
rho,baseline rho,0.2,2,1.7358444628538618,1.2,0.7465210041686337,0.5062691782703395,0.7516974921484965,1.1116468311961498,1.1172189841258078,-3.1407733323239215
rho,baseline rho,0.2,2,1.7607839381251333,1.2,0.7465645252571785,0.5062403934101867,0.7515886869971248,1.1176841132056952,1.1232865281373599,-3.0751570280059717
rho,baseline rho,0.2,2,1.7862269108560356,1.2,0.7465870587357448,0.5062254776316544,0.7515323245328476,1.1238255034164197,1.1294587021946214,-3.0089128276018493
rho,baseline rho,0.2,2,1.8121848226824113,1.2,0.746681371574654,0.5061631145922558,0.7512965723205823,1.1299600088826074,1.1356239569974205,-2.942213650535875
rho,baseline rho,0.2,2,1.8386694075250942,1.2,0.7467556762055236,0.50611398081123,0.7511108322743463,1.1361993841888156,1.1418946073025007,-2.8748760992973286
rho,baseline rho,0.2,2,1.8656926996805347,1.2,0.7468425442295243,0.5060565134236781,0.7508936282153778,1.1425052349572131,1.148232066279411,-2.8070848430468875
rho,baseline rho,0.2,2,1.8932670421523103,1.2,0.7469508719506168,0.5059848605783911,0.7506227918411741,1.1488676228273436,1.1546263457514563,-2.738639144575039
rho,baseline rho,0.2,2,1.921405095231136,1.2,0.746995225040533,0.5059555382277439,0.7505119356599903,1.1553929649409933,1.1611843962785653,-2.6697430466370498
rho,baseline rho,0.2,2,1.9501198453312445,1.2,0.7470989097721576,0.5058869588895893,0.750252712989431,1.1619304751598218,1.1677546759037343,-2.6001801211771696
rho,baseline rho,0.2,2,1.979424614091259,1.2,0.7471381650270479,0.5058609998073527,0.7501545825360278,1.1686347762583265,1.174492582451343,-2.53016283619446
rho,baseline rho,0.2,2,2.009333067747975,1.2,0.7471793698300733,0.5058337631419157,0.7500516049757917,1.1754250923974836,1.1813169351917894,-2.4594774885329533
rho,baseline rho,0.2,2,2.0398592267917226,1.2,0.7468875353394336,0.5060267619546613,0.7507811607737384,1.1827244095028924,1.1886528402764487,-2.3883245907044377
rho,baseline rho,0.2,2,2.071017475912293,1.2,0.7473096976154465,0.5057475566588095,0.7497257608867336,1.1892155484234455,1.195176516166242,-2.3164978703227823
rho,baseline rho,0.2,2,2.1028225742447084,1.2,0.7470240764878457,0.5059364564805693,0.7504398068100857,1.1966942618515481,1.2026927168014045,-2.2442211210180565
rho,baseline rho,0.2,2,2.135289665924415,1.2,0.7474766638712025,0.5056371190080943,0.7493083220391552,1.2033276582397892,1.2093593632274104,-2.1712136565906297
rho,baseline rho,0.2,2,2.168434290961828,1.2,0.7471328309312778,0.5058645226142648,0.7501679063578751,1.2110737031223835,1.2171442353215562,-2.097798606979011
rho,baseline rho,0.2,2,2.2022723964464688,1.2,0.7476438562629477,0.5055265501029549,0.748890359370554,1.2178181365870993,1.2239224753996991,-2.0236193321576024
rho,baseline rho,0.2,2,2.23682034809129,1.2,0.7472328524144762,0.5057983759283469,0.7499178641910147,1.2258504278829825,1.2319950287232517,-1.9490270575182205
rho,baseline rho,0.2,2,2.2720949421281498,1.2,0.7478814699616645,0.505369390504447,0.7482963077024214,1.2326068607451384,1.2387853283460641,-1.8736664054038865
rho,baseline rho,0.2,2,2.308113417565749,1.2,0.7472671015389044,0.505775718538642,0.7498322281067357,1.2411112041569714,1.2473322999566445,-1.7978829511386183
rho,baseline rho,0.2,2,2.344893468821764,1.2,0.7481200001551056,0.505211628107029,0.7476999723916362,1.2477944986874314,1.254049094640348,-1.7213331157753806
rho,baseline rho,0.2,2,2.382453258741261,1.2,0.7473460171475158,0.5057235264241704,0.7496349407825028,1.256724811386491,1.2630241707180927,-1.6443302329797531
rho,baseline rho,0.2,2,2.4208114320139376,1.2,0.7481976376279329,0.5051602942292965,0.7475059096841119,1.263608843680892,1.2699427093679663,-1.5665848837644964
rho,baseline rho,0.2,2,2.4599871290031343,1.2,0.7474567510850239,0.5056502910607188,0.7493581090406864,1.2727193131845718,1.2790988452900722,-1.4883387254795617
rho,baseline rho,0.2,2,2.5,1.2,0.7482653413907643,0.5051155115386032,0.7473366387787881,1.279866252638387,1.2862816089269804,-1.4093890326234546
rho,baseline rho,0.2,3,0.5,1.2,0.6256449195577329,0.622195100520569,1.26988771013536,0.8928936871147353,0.8973693353466253,-10.097192489459463
rho,baseline rho,0.2,3,0.5000203210855501,1.2,0.6256452714603773,0.6221948952174687,1.269886848259815,0.8929047698230406,0.8973804736072373,-10.096721279549119
rho,baseline rho,0.2,3,0.5000812892976928,1.2,0.6256462771179319,0.6221942722371485,1.269884295119145,0.8929380277375933,0.8974138982277804,-10.09530763385838
rho,baseline rho,0.2,3,0.5001829195049198,1.2,0.6256480111570637,0.6221932201384588,1.2698799476668676,0.8929934372809324,0.8974695855126112,-10.092951504487324
rho,baseline rho,0.2,3,0.5003252364947652,1.2,0.6256504491507544,0.6221917530634384,1.2698738654588262,0.8930710202353427,0.8975475573531989,-10.08965281162455
rho,baseline rho,0.2,3,0.5005082749838822,1.2,0.6256535603498814,0.6221898639410678,1.2698660616797306,0.89317078856359,0.8976478257722728,-10.085411443523535
rho,baseline rho,0.2,3,0.500732079632158,1.2,0.6256573619198622,0.6221875712835159,1.2698565651483908,0.8932927607859857,0.8977704093829775,-10.080227256505236
rho,baseline rho,0.2,3,0.5009967050608752,1.2,0.6256618666172677,0.6221848511768358,1.269845303705992,0.8934369311784497,0.8979153024325409,-10.074100074941844
rho,baseline rho,0.2,3,0.5013022158749305,1.2,0.6256670574454966,0.6221817187947138,1.2698323320405722,0.8936033299546912,0.8980825352861194,-10.067029691274445
rho,baseline rho,0.2,3,0.5016486866891229,1.2,0.6256729599427517,0.6221781589634638,1.2698175869224921,0.8937919586090809,0.8982721094455739,-10.059015865981516
rho,baseline rho,0.2,3,0.502036202158526,1.2,0.6256795400269857,0.6221741912269021,1.2698011509806388,0.8940028596171755,0.8984840675993709,-10.05005832759814
rho,baseline rho,0.2,3,0.502464857012963,1.2,0.6256868150043751,0.6221697943719711,1.269782954215601,0.8942360375618913,0.8987184143533985,-10.04015677267738
rho,baseline rho,0.2,3,0.5029347560956027,1.2,0.6256947639560408,0.6221649869108394,1.2697630635304842,0.8944915356621018,0.898975193143166,-10.029310865809899
rho,baseline rho,0.2,3,0.5034460144056994,1.2,0.6257034537458082,0.6221597503313381,1.2697413660772354,0.8947693520592116,0.8992544021007612,-10.017520239581355
rho,baseline rho,0.2,3,0.5039987571454999,1.2,0.6257128036474402,0.6221540987755061,1.2697179777109167,0.895069547836013,0.8995561026151557,-10.0047844946025
rho,baseline rho,0.2,3,0.5045931197713469,1.2,0.6257228549695619,0.6221480295424542,1.269692850413894,0.8953921432022955,0.8998803149974409,-9.99110319945643
rho,baseline rho,0.2,3,0.5052292480490046,1.2,0.6257335972151834,0.6221415382620521,1.2696659838277538,0.8957371734441251,0.9002270747105547,-9.976475890706816
rho,baseline rho,0.2,3,0.5059072981132409,1.2,0.6257450536850899,0.6221346293044302,1.2696373655071143,0.8961046731263888,0.9005964164926417,-9.96090207287715
rho,baseline rho,0.2,3,0.5066274365316988,1.2,0.6257571988831658,0.622127295598569,1.2696070033836795,0.8964946846964885,0.900988383003872,-9.9443812184386
rho,baseline rho,0.2,3,0.507389840373095,1.2,0.6257700317119523,0.6221195425462468,1.2695749119729243,0.8969072548467552,0.9014030211706228,-9.92691276779215
rho,baseline rho,0.2,3,0.5081946972797818,1.2,0.6257835602825095,0.6221113718167046,1.2695410873101847,0.8973424278815745,0.9018403755193566,-9.908496129248174
rho,baseline rho,0.2,3,0.5090422055447187,1.2,0.625797795794433,0.6221027807090533,1.2695055114868552,0.897800246920739,0.9023004893860046,-9.889130679008911
rho,baseline rho,0.2,3,0.5099325741928927,1.2,0.6258127146247277,0.6220937729558305,1.2694682173975549,0.8982807710850351,0.9027834221876978,-9.868815761155023
rho,baseline rho,0.2,3,0.5108660230672385,1.2,0.6258283353017982,0.622084321942199,1.269429120402624,0.8987840308400928,0.9032892045427755,-9.84755068760847
rho,baseline rho,0.2,3,0.5118427829191048,1.2,0.6258446683978098,0.6220744690626274,1.2693883127537564,0.8993101061485821,0.9038179168147221,-9.82533473814054
rho,baseline rho,0.2,3,0.5128630955033207,1.2,0.6258617234893826,0.6220641853954456,1.2693457130329038,0.8998590334216513,0.9043695955971979,-9.802167160314086
rho,baseline rho,0.2,3,0.5139272136779165,1.2,0.6258794341802283,0.6220534840510435,1.2693014202025636,0.9004308995675034,0.9049443282340348,-9.778047169495819
rho,baseline rho,0.2,3,0.5150354015085564,1.2,0.6258978441488121,0.622042353588272,1.2692553621644553,0.901025748620657,0.9055421589804754,-9.752973948796388
rho,baseline rho,0.2,3,0.5161879343777439,1.2,0.6259169795883213,0.6220308054482807,1.2692075411452075,0.9016436469605198,0.9061631545486558,-9.7269466490696
rho,baseline rho,0.2,3,0.5173850990988615,1.2,0.6259367974918009,0.6220188281899197,1.2691579717319592,0.9022846668736639,0.9068073875874859,-9.699964388880089
rho,baseline rho,0.2,3,0.5186271940351138,1.2,0.6259573572634167,0.6220064315850977,1.2691066187939657,0.9029488700311755,0.9074749200771794,-9.67202625446941
rho,baseline rho,0.2,3,0.5199145292234401,1.2,0.6259785813170113,0.6219936075311475,1.2690535397903586,0.9036363454206819,0.9081658414514161,-9.64313129974232
rho,baseline rho,0.2,3,0.5212474265034702,1.2,0.6260005204957371,0.6219803526895865,1.2689986755851956,0.9043471536084072,0.9088802125800094,-9.613278546216062
rho,baseline rho,0.2,3,0.5226262196515982,1.2,0.6260231709140218,0.6219666801708055,1.2689420626302585,0.905081383325297,0.9096181226386705,-9.582466983011745
rho,baseline rho,0.2,3,0.5240512545202515,1.2,0.6260465320231381,0.621952575832766,1.2688836663454524,0.9058391070363433,0.9103796444556242,-9.550695566806294
rho,baseline rho,0.2,3,0.5255228891824385,1.2,0.626070591916227,0.6219380477781351,1.2688235187646604,0.9066204177085945,0.9111648714639178,-9.517963221813941
rho,baseline rho,0.2,3,0.5270414940816569,1.2,0.6260953482921692,0.6219230852033564,1.2687615953529678,0.9074253959209504,0.9119738846463545,-9.484268839740858
rho,baseline rho,0.2,3,0.5286074521872524,1.2,0.6261208425727249,0.6219076989119865,1.268697881524649,0.9082541276458418,0.9128067704063036,-9.449611279757725
rho,baseline rho,0.2,3,0.5302211591553182,1.2,0.6261470072204649,0.621891899313527,1.268632470674336,0.9091067305598143,0.9136636470101673,-9.413989368474432
rho,baseline rho,0.2,3,0.5318830234952302,1.2,0.6261739071909938,0.6218756520845288,1.2685652125869755,0.9099832598439285,0.9145445699156018,-9.37740189986856
rho,baseline rho,0.2,3,0.5335934667419154,1.2,0.6262015202742877,0.6218589784380504,1.2684961821658294,0.9108838338089398,0.9154496580263983,-9.339847635296113
rho,baseline rho,0.2,3,0.5353529236339561,1.2,0.6262298441058127,0.6218418827442216,1.2684253926308333,0.9118085570835226,0.9163790164956842,-9.301325303424193
rho,baseline rho,0.2,3,0.537161842297634,1.2,0.6262588616466109,0.6218243596012645,1.2683528476029298,0.9127575345791045,0.9173327507607578,-9.261833600197594
rho,baseline rho,0.2,3,0.5390206844370244,1.2,0.6262886262355172,0.6218063871585278,1.2682784394662654,0.913730844136247,0.918310939052358,-9.221371188788757
rho,baseline rho,0.2,3,0.5409299255302531,1.2,0.6263190857061383,0.6217879855974215,1.2682022705178566,0.9147286229587209,0.9193137192619928,-9.179936699589646
rho,baseline rho,0.2,3,0.5428900550320312,1.2,0.6263502590437426,0.6217691663590954,1.26812435019225,0.91575098622455,0.9203412071450179,-9.137528730139252
rho,baseline rho,0.2,3,0.5449015765825912,1.2,0.6263821516557373,0.6217498978209894,1.2680445945316001,0.9167980268532067,0.9213934960866662,-9.094145845081105
rho,baseline rho,0.2,3,0.5469650082231464,1.2,0.6264147810636511,0.6217302018337552,1.2679630402913964,0.9178698732750796,0.9224707151610867,-9.049786576141376
rho,baseline rho,0.2,3,0.5490808826180046,1.2,0.6264481185496016,0.6217100767281514,1.267879712043126,0.9189666536619532,0.9235729931825277,-9.004449422071215
rho,baseline rho,0.2,3,0.5512497472834679,1.2,0.6264821715148943,0.6216895137639176,1.2677945806746769,0.9200884847001034,0.9247004474221575,-8.95813284859696
rho,baseline rho,0.2,3,0.5534721648236569,1.2,0.6265169546022564,0.6216685031691451,1.2677076072698998,0.9212354834393913,0.9258531955165517,-8.910835288378468
rho,baseline rho,0.2,3,0.5557487131734017,1.2,0.6265524585906785,0.6216470705270225,1.267618864598445,0.9224078002784469,0.927031388618217,-8.862555140974393
rho,baseline rho,0.2,3,0.5580799858483445,1.2,0.626588678252493,0.6216251831833421,1.2675282767749285,0.9236055484227202,0.9282351405000477,-8.813290772767559
rho,baseline rho,0.2,3,0.5604665922024078,1.2,0.626625636133634,0.6216028781624419,1.2674359132218713,0.9248288836525788,0.929464607723264,-8.763040516946116
rho,baseline rho,0.2,3,0.5629091576927818,1.2,0.6266633294148316,0.6215801096997229,1.2673416630792795,0.9260779159114896,0.9307199007824266,-8.71180267342031
rho,baseline rho,0.2,3,0.5654083241525933,1.2,0.6267017247212301,0.6215569262606733,1.267245680110282,0.9273528303518531,0.9320012057580164,-8.659575508817268
rho,baseline rho,0.2,3,0.5679647500714233,1.2,0.6267408625293456,0.6215332881200659,1.2671478251608979,0.9286537356045694,0.9333086318254481,-8.606357256372732
rho,baseline rho,0.2,3,0.5705791108838415,1.2,0.6267807460595951,0.6215092023489198,1.2670481125751216,0.9299807853375515,0.9346423334228982,-8.552146115923767
rho,baseline rho,0.2,3,0.5732520992661372,1.2,0.6268213461682421,0.621484683089274,1.2669466066255142,0.9313341501997787,0.9360024820547277,-8.496940253845136
rho,baseline rho,0.2,3,0.5759844254414287,1.2,0.6268626913084188,0.6214597276402392,1.266843272149935,0.9327139770226883,0.9373892252883694,-8.440737802979712
rho,baseline rho,0.2,3,0.578776817493336,1.2,0.6269047622080333,0.6214343201905357,1.266738089145257,0.9341204201207369,0.9388027182117847,-8.38353686259532
rho,baseline rho,0.2,3,0.5816300216884137,1.2,0.6269475794905564,0.6214084678111826,1.266631054552421,0.935553641842761,0.9402431239875866,-8.325335498328684
rho,baseline rho,0.2,3,0.5845448028075416,1.2,0.6269911321194093,0.6213821607302719,1.2665221551345855,0.9370138051793669,0.9417106064233752,-8.266131742126268
rho,baseline rho,0.2,3,0.5875219444864789,1.2,0.6270354247124654,0.6213554103889527,1.266411414693693,0.9385010867853516,0.9432053430594338,-8.20592359219112
rho,baseline rho,0.2,3,0.5905622495657936,1.2,0.6270804549973863,0.6213282292600228,1.2662988664845103,0.9400156694799457,0.9447275176313777,-8.144709012921927
rho,baseline rho,0.2,3,0.5936665404503856,1.2,0.6271262569695983,0.6213005792874964,1.2661843819805425,0.9415576950197879,0.9462772726064043,-8.0824859348361
rho,baseline rho,0.2,3,0.5968356594788269,1.2,0.6271727767441919,0.6212724729441708,1.2660680460491278,0.943127367578817,0.9478548131818778,-8.019252254548167
rho,baseline rho,0.2,3,0.600070469302753,1.2,0.6272200521485942,0.6212439304114562,1.2659498709934627,0.9447248750111985,0.9494603281535872,-7.955005834679195
rho,baseline rho,0.2,3,0.6033718532765401,1.2,0.6272680610212129,0.621214935878073,1.26582983969992,0.9463504007202915,0.9510940018442046,-7.889744503800117
rho,baseline rho,0.2,3,0.6067407158575169,1.2,0.6273168261341282,0.6211854822730014,1.2657079118320071,0.9480041253634,0.9527560158165823,-7.823466056369451
rho,baseline rho,0.2,3,0.6101779830169621,1.2,0.6273663682673605,0.6211555810373915,1.2655840950295199,0.9496862466519567,0.9544465687731859,-7.756168252677173
rho,baseline rho,0.2,3,0.6136846026621482,1.2,0.6274166535292198,0.6211252065880545,1.2654583596355073,0.9513969557399756,0.9561658528261929,-7.687848818772285
rho,baseline rho,0.2,3,0.6172615450697004,1.2,0.6274676824871108,0.6210943969809766,1.2653307996136347,0.9531364820895957,0.957914098587926,-7.618505446413732
rho,baseline rho,0.2,3,0.6209098033305457,1.2,0.6275194822118619,0.6210631158294129,1.2652012975083995,0.9549050001589751,0.9596914813910183,-7.548135792971278
rho,baseline rho,0.2,3,0.6246303938067362,1.2,0.6275720265158113,0.6210313810079393,1.2650699239079095,0.9567027407966728,0.9614982332411623,-7.476737481399148
rho,baseline rho,0.2,3,0.6284243566004422,1.2,0.6276253458708321,0.620999195855038,1.2649366566330822,0.9585299129825744,0.9633345641657595,-7.404308100140623
rho,baseline rho,0.2,3,0.6322927560354111,1.2,0.6276794088429205,0.6209665287481494,1.2648014485674821,0.960386722718294,0.9652006811990114,-7.3308452030667315
rho,baseline rho,0.2,3,0.6362366811512086,1.2,0.6277342605219045,0.6209334167116112,1.2646643465897374,0.9622734064718929,0.9670968219942802,-7.256346309419773
rho,baseline rho,0.2,3,0.6402572462105554,1.2,0.6277898529551873,0.6208998429024957,1.2645253568146115,0.9641901934821884,0.9690232169394478,-7.180808903730165
rho,baseline rho,0.2,3,0.6443555912200942,1.2,0.6278462372572426,0.6208658056515619,1.264384423981237,0.9661372999014014,0.9709800832702027,-7.104230435744119
rho,baseline rho,0.2,3,0.6485328824649206,1.2,0.6279033875975792,0.6208312881158817,1.2642415320822709,0.9681149571505604,0.9729676535675759,-7.0266083203629055
rho,baseline rho,0.2,3,0.652790313057229,1.2,0.6279613033714284,0.6207963054691419,1.2640967194139199,0.9701234163314661,0.9749861801920211,-6.94793993757298
rho,baseline rho,0.2,3,0.6571291034994325,1.2,0.6280200078833105,0.6207608654199551,1.2639499818198578,0.9721629209690419,0.9770359078891355,-6.868222632363597
rho,baseline rho,0.2,3,0.6615505022621248,1.2,0.6280794856419278,0.6207249477869111,1.2638012846607591,0.9742337103669556,0.9791170771621017,-6.787453714655152
rho,baseline rho,0.2,3,0.6660557863772645,1.2,0.6281397498236498,0.6206885552708991,1.2636506214692633,0.9763360362900078,0.9812299410376963,-6.7056304592313785
rho,baseline rho,0.2,3,0.6706462620469753,1.2,0.6282007866131643,0.6206517009823098,1.2634980386268928,0.9784701701364754,0.9833747722745863,-6.622750105667471
rho,baseline rho,0.2,3,0.6753232652683625,1.2,0.628262613760159,0.6206143718107524,1.2633434858177495,0.9806363604014755,0.9855518206134751,-6.5388098582399365
rho,baseline rho,0.2,3,0.6800881624747613,1.2,0.6283252005858988,0.6205765677562269,1.2631869937205686,0.9828348833631534,0.9877613637173581,-6.453806885868779
rho,baseline rho,0.2,3,0.6849423511938463,1.2,0.6283886182218761,0.6205382719758052,1.2630284493660238,0.9850659789195718,0.9900036426867925,-6.367738322018528
rho,baseline rho,0.2,3,0.6898872607230374,1.2,0.6284527962284843,0.620499524194715,1.2628680218711876,0.9873299726325873,0.9922789847155201,-6.280601264664064
rho,baseline rho,0.2,3,0.6949243528226603,1.2,0.6285177630565362,0.6204602776167094,1.2627055665433695,0.9896271049608899,0.9945876314675351,-6.192392776153135
rho,baseline rho,0.2,3,0.7000551224273222,1.2,0.6285835424352535,0.6204205632267554,1.2625411366200066,0.9919576781227242,0.9969298866759573,-6.103109883179464
rho,baseline rho,0.2,3,0.7052810983759861,1.2,0.6286501210037141,0.6203803598117942,1.2623746927687822,0.9943219727289162,0.9993060323581807,-6.012749576674633
rho,baseline rho,0.2,3,0.7106038441612367,1.2,0.6287174945819809,0.6203396744428455,1.262206256734047,0.9967202921062356,1.0017163733614065,-5.921308811744272
rho,baseline rho,0.2,3,0.7160249586982449,1.2,0.6287856627688786,0.6202985017181315,1.26203581549896,0.9991529347244492,1.0041612096514871,-5.828784507578191
rho,baseline rho,0.2,3,0.7215460771139571,1.2,0.6288546537725932,0.6202568568113382,1.2618633785467706,1.0016202108288315,1.006640853028809,-5.735173547375606
rho,baseline rho,0.2,3,0.7271688715570458,1.2,0.6289244389967643,0.6202147060366104,1.2616888907981756,1.0041224172009133,1.0091556017625252,-5.640472778255099
rho,baseline rho,0.2,3,0.7328950520291776,1.2,0.628995034233635,0.6201720803789146,1.2615124134275886,1.0066598898694932,1.0117057935657865,-5.5446790111911675
rho,baseline rho,0.2,3,0.7387263672381705,1.2,0.6290664206819006,0.6201289629953226,1.2613339233984806,1.0092329458533291,1.0142917470464137,-5.447789020911702
rho,baseline rho,0.2,3,0.7446646054736273,1.2,0.6291386665426937,0.6200853407754441,1.2611533199435092,1.0118418848810242,1.016913763435406,-5.3497995458158405
rho,baseline rho,0.2,3,0.7507115955056528,1.2,0.6292116926640174,0.6200412393024672,1.260970745763311,1.01448708368708,1.0195722213556546,-5.250707287922841
rho,baseline rho,0.2,3,0.7568692075072764,1.2,0.6292855709351124,0.6199966363316858,1.260786073712795,1.0171688455830146,1.0222674256390323,-5.150508912736789
rho,baseline rho,0.2,3,0.7631393540012239,1.2,0.6293602490966332,0.6199515443358976,1.2605993870337362,1.0198875415327573,1.0249997491089335,-5.0492010492103905
rho,baseline rho,0.2,3,0.7695239908317001,1.2,0.6294357696833013,0.6199059360626731,1.2604105754963781,1.0226434913571716,1.02776951318933,-4.946780289619565
rho,baseline rho,0.2,3,0.7760251181618615,1.2,0.629512107296603,0.6198598316934225,1.2602197146298584,1.0254370757207159,1.030577100452769,-4.843243189516244
rho,baseline rho,0.2,3,0.7826447814976824,1.2,0.6295892829236311,0.6198132453701841,1.2600268185759058,1.0282686633372478,1.0334228814612942,-4.738586267617853
rho,baseline rho,0.2,3,0.7893850727389358,1.2,0.6296672690708438,0.6197661373677315,1.259831816150601,1.0311386037185812,1.0363072074786543,-4.63280600571858
rho,baseline rho,0.2,3,0.7962481312580323,1.2,0.6297461070048058,0.6197185288991223,1.2596347187806134,1.0340472771631506,1.039230460709538,-4.525898848619807
rho,baseline rho,0.2,3,0.8032361450074849,1.2,0.6298257961352662,0.6196704199643566,1.2594355270561952,1.0369950671480466,1.0421930265532222,-4.417861204033389
rho,baseline rho,0.2,3,0.8103513516567865,1.2,0.6299063281839048,0.6196217806101159,1.2592341748516225,1.039982343608713,1.0451952767994603,-4.308689442488857
rho,baseline rho,0.2,3,0.8175960397595149,1.2,0.6299877014488364,0.6195726424589597,1.2590307424192193,1.043009526952023,1.048237633962424,-4.1983798972667845
rho,baseline rho,0.2,3,0.8249725499515008,1.2,0.6300699121239957,0.6195230065425363,1.2588252361276644,1.0460770222227846,1.0513205051172163,-4.086928864288403
rho,baseline rho,0.2,3,0.8324832761809209,1.2,0.6301529468788829,0.6194728462460091,1.2586176031962035,1.049185223396859,1.0544442862145111,-3.9743326020287446
rho,baseline rho,0.2,3,0.8401306669712053,1.2,0.6302368778379781,0.6194221723729347,1.2584077983363915,1.0523345334794811,1.057609382279615,-3.8605873314343304
rho,baseline rho,0.2,3,0.8479172267176741,1.2,0.6303216700311398,0.6193709768206457,1.258195836391344,1.0555253806492848,1.0608162236374166,-3.74568923583888
rho,baseline rho,0.2,3,0.8558455170188431,1.2,0.6304072962195173,0.6193192622900312,1.25798175130892,1.0587582060946523,1.0640652536877637,-3.6296344608699056
rho,baseline rho,0.2,3,0.8639181580433734,1.2,0.6304938077802387,0.6192670331512216,1.2577655025673953,1.0620334356013679,1.067356900350701,-3.512419114349484
rho,baseline rho,0.2,3,0.8721378299336601,1.2,0.6305811571579336,0.6192142735929368,1.257547098446921,1.065351517157958,1.0706916138603069,-3.3940392662162835
rho,baseline rho,0.2,3,0.8805072742470966,1.2,0.6306693821333784,0.6191609923554375,1.2573265228775283,1.0687128987902554,1.0740698444881527,-3.274490948427795
rho,baseline rho,0.2,3,0.88902929543607,1.2,0.6307585055880716,0.6191071833993521,1.257103737975919,1.072118029366643,1.0774920433525834,-3.15377015487007
rho,baseline rho,0.2,3,0.8977067623677852,1.2,0.6308484797531742,0.6190528456930329,1.2568787889483193,1.0755673910448598,1.0809586950281638,-3.031872841277055
rho,baseline rho,0.2,3,0.9065426098850453,1.2,0.6309393326802715,0.6189979731971083,1.2566516327413453,1.07906144665838,1.0844702646683309,-2.908794925122501
rho,baseline rho,0.2,3,0.9155398404091444,1.2,0.6310310879519543,0.618942579021969,1.2564222783386163,1.0826006830630701,1.0880272415693257,-2.784532285542506
rho,baseline rho,0.2,3,0.9247015255860773,1.2,0.6311237153376505,0.6188866402853159,1.256190699131074,1.086185584190295,1.0916301120882297,-2.659080763235299
rho,baseline rho,0.2,3,0.9340308079772923,1.2,0.6312172298260048,0.6188301809010962,1.255956939532318,1.0898166643392155,1.095279393102139,-2.532436160380125
rho,baseline rho,0.2,3,0.9435309027962627,1.2,0.6313116351728012,0.6187731557423046,1.2557208836910831,1.0934943961594081,1.0989755596297954,-2.40459424052241
rho,baseline rho,0.2,3,0.9532050996921831,1.2,0.6314069384601069,0.6187156186762067,1.2554826583315901,1.0972193366622827,1.1027191714746405,-2.275550728521704
rho,baseline rho,0.2,3,0.9630567645821445,1.2,0.6315031424950148,0.6186575185364263,1.255242133549468,1.10099197113745,1.1065107163588097,-2.145301310410103
rho,baseline rho,0.2,3,0.9730893415331738,1.2,0.6316002456897749,0.6185988792369098,1.2549993703347089,1.1048128535789765,1.1103507510532757,-2.0138416333443927
rho,baseline rho,0.2,3,0.9833063546955787,1.2,0.6316982593030938,0.6185396926749906,1.2547543373015828,1.1086825179162805,1.114239812163789,-1.8811673054857518
rho,baseline rho,0.2,3,0.9937114102890687,1.2,0.6317971849595927,0.618479952811297,1.2545070178236686,1.1126015118023012,1.1181784500884113,-1.7472738959179601
rho,baseline rho,0.2,3,1.0043081986431819,1.2,0.6318970063353784,0.6184196700553306,1.2542574540820626,1.1165704108857462,1.122167243361301,-1.6121569345592057
rho,baseline rho,0.2,3,1.0151004962935855,1.2,0.6319977615582708,0.6183588296274596,1.2540055712363385,1.1205897630112267,1.126206742573152,-1.4758119120526798
rho,baseline rho,0.2,3,1.0260921681358672,1.2,0.6320994197611118,0.6182974429688337,1.2537514285734708,1.1246601683982187,1.1302975509520523,-1.3382342796987583
rho,baseline rho,0.2,3,1.037287169638491,1.2,0.6322020195450437,0.6182354949057659,1.2534949498008783,1.1287821936599962,1.1344402379514376,-1.1994194493358457
rho,baseline rho,0.2,3,1.0486895491166357,1.2,0.6323055482104594,0.6181729864699046,1.2532361501807832,1.1329564446329623,1.1386354124444777,-1.0593627932707923
rho,baseline rho,0.2,3,1.0603034500686892,1.2,0.6324099904070135,0.6181099105902301,1.2529750274991176,1.1371835316955605,1.142883687869152,-0.9180596441754867
rho,baseline rho,0.2,3,1.0721331135772334,1.2,0.6325153680450954,0.6180462699676315,1.2527115665545008,1.1414640713172668,1.1471856837850014,-0.77550529499538
rho,baseline rho,0.2,3,1.0841828807763967,1.2,0.6326216964419309,0.6179820750116105,1.2524457778869091,1.1457986987965487,1.151542038674941,-0.6316949988611267
rho,baseline rho,0.2,3,1.0964571953875313,1.2,0.6327289758646715,0.6179172880602359,1.2521775676769544,1.1501880260377302,1.1559533675104778,-0.48662396898361404
rho,baseline rho,0.2,3,1.1089606063252093,1.2,0.6328371502473735,0.6178519538464585,1.251907103107229,1.1546327610493965,1.1604203818491046,-0.3402873785983873
rho,baseline rho,0.2,3,1.1216977703756155,1.2,0.6329463293763009,0.6177860309758099,1.2516341715676105,1.1591334986189432,1.164943679459601,-0.19268036081075035
rho,baseline rho,0.2,3,1.1346734549494641,1.2,0.6330564555835028,0.6177195346219767,1.251358868417487,1.1636909455849862,1.1695239707236273,-0.04379800857196159
rho,baseline rho,0.2,3,1.147892540911644,1.2,0.6331675018482419,0.6176524724935715,1.2510812398257896,1.1683058043709913,1.1741619615855603,0.10636462544709335
rho,baseline rho,0.2,3,1.1613600254898573,1.2,0.6332795449782291,0.6175848085979042,1.2508011195789646,1.1729787186731377,1.1788582989681204,0.25781252896296003
rho,baseline rho,0.2,3,1.1750810252645967,1.2,0.633392531805357,0.6175165816285542,1.250518656959971,1.1777104485754784,1.1836137467652976,0.41055073011855026
rho,baseline rho,0.2,3,1.189060779242872,1.2,0.633506530667667,0.6174477545611832,1.2502336916623118,1.1825016633059,1.1884289775594974,0.564584297635025
rho,baseline rho,0.2,3,1.2033046520181812,1.2,0.633621450234851,0.6173783469396081,1.2499463635631352,1.1873531445079903,1.1933047769123122,0.7199183408420282
rho,baseline rho,0.2,3,1.217818137019287,1.2,0.6337373890814013,0.6173083506611621,1.249656553960925,1.1922655998577434,1.1982418560469765,0.876558009822352
rho,baseline rho,0.2,3,1.2326068598504607,1.2,0.633854274050859,0.6172377472136756,1.2493642900279112,1.1972397985905163,1.2032409880546564,1.0345084954618144
rho,baseline rho,0.2,3,1.247676581725918,1.2,0.633972161377093,0.6171665675821155,1.2490695924968818,1.2022765208898505,1.2083029570295791,1.1937750295533212
rho,baseline rho,0.2,3,1.2630332030012734,1.2,0.6340910385438021,0.6170947720412547,1.2487723752066744,1.2073765238682685,1.2134285238793092,1.354362884895222
rho,baseline rho,0.2,3,1.2786827668049243,1.2,0.634210913807884,0.6170223976154312,1.248472721868847,1.2125406357887187,1.2186185210184812,1.5162773753527103
rho,baseline rho,0.2,3,1.294631462772364,1.2,0.6343317660109054,0.6169494002092875,1.2481705441089646,1.2177696400122664,1.2238737357347733,1.679523855978795
rho,baseline rho,0.2,3,1.31088563088653,1.2,0.6344536735909201,0.6168758141462725,1.2478658487484204,1.2230643662396785,1.2291950018878453,1.8441077230757719
rho,baseline rho,0.2,3,1.3274517654273796,1.2,0.6345765403617687,0.6168016078038265,1.247558653422936,1.2284256621956706,1.23458317145165,2.0100344142900646
rho,baseline rho,0.2,3,1.3443365190339982,1.2,0.6347004341232558,0.6167267882529687,1.247248907897118,1.2338543666632733,1.2400390874136362,2.1773094087063436
rho,baseline rho,0.2,3,1.3615467068826452,1.2,0.6348253494842417,0.6166513571629404,1.2469366217085018,1.2393513537736156,1.2455636282865328,2.345938226920488
rho,baseline rho,0.2,3,1.3790893109842512,1.2,0.6349512673012847,0.6165753145337418,1.2466218140005298,1.2449175161321666,1.2511576911500129,2.5159264311299454
rho,baseline rho,0.2,3,1.3969714846049992,1.2,0.6350782153624821,0.6164986559952421,1.2463044461296988,1.2505537415169699,1.2568221682321257,2.6872796252245728
rho,baseline rho,0.2,3,1.4152005568137338,1.2,0.6352062100251745,0.6164213728071812,1.2459844800278634,1.2562609333427577,1.2625579674759893,2.860003454864792
rho,baseline rho,0.2,3,1.4337840371600625,1.2,0.6353352240449917,0.616343461237022,1.2456619336677706,1.2620400305724833,1.268366032551127,3.0341036075593317
rho,baseline rho,0.2,3,1.4527296204871472,1.2,0.6354652798682952,0.6162649206471711,1.2453367830192774,1.2678919735910976,1.27424730855619,3.209585812757359
rho,baseline rho,0.2,3,1.4720451918832933,1.2,0.6355963852115669,0.6161857685181498,1.2450090637875169,1.2738177404900572,1.280202778485339,3.3864558419202364
rho,baseline rho,0.2,3,1.4917388317766058,1.2,0.6357285389161182,0.6161059590853595,1.2446786634519142,1.279818273378207,1.286233389169758,3.5647195086225283
rho,baseline rho,0.2,3,1.5118188211770927,1.2,0.6358617235645139,0.6160255152310994,1.2443456562695365,1.28589459802051,1.2923401715160792,3.7443826685998323
rho,baseline rho,0.2,3,1.5322936470707536,1.2,0.635995978380758,0.6159444527666493,1.2440100422915985,1.2920477313511445,1.298524147555884,3.9254512198533966
rho,baseline rho,0.2,3,1.5531720079703377,1.2,0.6361313052410025,0.6158627329984301,1.2436717235270978,1.2982786726445192,1.3047863215724655,4.107931102730779
rho,baseline rho,0.2,3,1.5744628196276003,1.2,0.6362676914367249,0.6157803858797606,1.2433307870886,1.304588506120059,1.3111277832199206,4.291828299976191
rho,baseline rho,0.2,3,1.5961752209120554,1.2,0.6364051525552394,0.615697365646042,1.2429871037095288,1.3109782560362853,1.3175495618908886,4.477148836845766
rho,baseline rho,0.2,3,1.618318579861377,1.2,0.6365436905719521,0.6156137126600949,1.242640771675723,1.3174490482346464,1.3240527890701206,4.663898781140694
rho,baseline rho,0.2,3,1.6409024999087747,1.2,0.6366832851396704,0.6155294023703787,1.2422917503483497,1.324001977266098,1.330638564795033,4.852084243317027
rho,baseline rho,0.2,3,1.6639368262928396,1.2,0.6368239966149065,0.6154444418479127,1.2419399969353082,1.3306381562890492,1.3373080078037631,5.041711376546403
rho,baseline rho,0.2,3,1.6874316526555453,1.2,0.6369657855448785,0.6153588142497692,1.2415855090515482,1.3373587332392154,1.3440622717860793,5.232786376784521
rho,baseline rho,0.2,3,1.7113973278342638,1.2,0.6371086785790177,0.615272536418876,1.2412283018854702,1.3441648830210693,1.350902537535687,5.425315482845024
rho,baseline rho,0.2,3,1.7358444628538618,1.2,0.6372526604825435,0.6151855784019145,1.2408683162678118,1.3510577736106448,1.3578299788831243,5.619304976478762
rho,baseline rho,0.2,3,1.7607839381251333,1.2,0.637397767025853,0.615097962049536,1.240505570705194,1.358038623070837,1.3648458199968518,5.814761182428468
rho,baseline rho,0.2,3,1.7862269108560356,1.2,0.6375439869811295,0.6150096682119783,1.2401400288574245,1.365108650518552,1.371951286104625,6.011690468509671
rho,baseline rho,0.2,3,1.8121848226824113,1.2,0.637691308313026,0.6149207072987428,1.2397717286170509,1.372269125100892,1.3791476527151725,6.210099245665359
rho,baseline rho,0.2,3,1.8386694075250942,1.2,0.6378397522294268,0.6148310705695696,1.239400627065384,1.3795213079377824,1.3864361872698088,6.4099939680463365
rho,baseline rho,0.2,3,1.8656926996805347,1.2,0.6379893289880245,0.6147407422131783,1.23902667466951,1.386866480306816,1.3938181774685583,6.611381133068644
rho,baseline rho,0.2,3,1.8932670421523103,1.2,0.6381400316623866,0.6146497353399596,1.2386499109220728,1.3943059808369973,1.4012949686503302,6.814267281467361
rho,baseline rho,0.2,3,1.921405095231136,1.2,0.6382918748665833,0.6145580428788946,1.2382703036445903,1.4018411446393515,1.4088679026184228,7.018658997373816
rho,baseline rho,0.2,3,1.9501198453312445,1.2,0.6384448703457029,0.6144656517195921,1.2378878085257639,1.4094733262789414,1.4165383407276841,7.224562908370205
rho,baseline rho,0.2,3,1.979424614091259,1.2,0.6385989975096051,0.614372576004091,1.2375024812845568,1.417203943907062,1.4243077082379216,7.431985685537714
rho,baseline rho,0.2,3,2.009333067747975,1.2,0.63875429810063,0.6142788119998543,1.237114270907008,1.4250343996321593,1.4321774142856796,7.640934043533676
rho,baseline rho,0.2,3,2.0398592267917226,1.2,0.6389133088177841,0.6141827852913844,1.2367167298460144,1.4329636023479728,1.4401463622955044,7.851414740634773
rho,baseline rho,0.2,3,2.071017475912293,1.2,0.6390683553465302,0.614089150872331,1.2363290954203394,1.4410006010328364,1.448223646603923,8.06343457879466
rho,baseline rho,0.2,3,2.1028225742447084,1.2,0.6392296899558412,0.6139917240664973,1.2359257526253375,1.449136786312523,1.4564006146820399,8.27700040368967
rho,baseline rho,0.2,3,2.135289665924415,1.2,0.6393896387808258,0.6138951369852337,1.2355258814904946,1.4573812748554802,1.4646864288957937,8.492119104786351
rho,baseline rho,0.2,3,2.168434290961828,1.2,0.6395482596285125,0.6137993640453517,1.235129360660141,1.465735611113003,1.473082641438074,8.708797615369189
rho,baseline rho,0.2,3,2.2022723964464688,1.2,0.6397131163679894,0.6136998014195788,1.2347171903582441,1.4741937539656649,1.4815831809082163,8.927042912611128
rho,baseline rho,0.2,3,2.23682034809129,1.2,0.6398766457370244,0.613601057305318,1.2343083806093853,1.482764947509043,1.4901973377380209,9.146862017604077
rho,baseline rho,0.2,3,2.2720949421281498,1.2,0.6400413462309902,0.6135015889096314,1.2338966006205339,1.4914482947178713,1.498924210405863,9.368261995411046
rho,baseline rho,0.2,3,2.308113417565749,1.2,0.6402047411355636,0.613402927584307,1.2334881309838546,1.5002480409542454,1.5077680655538042,9.59124995509708
rho,baseline rho,0.2,3,2.344893468821764,1.2,0.6403744021419666,0.6133004722029615,1.2330639708101894,1.5091581134692948,1.516722799993194,9.815833049793113
rho,baseline rho,0.2,3,2.382453258741261,1.2,0.6405427591910628,0.6131988097499396,1.232643084227787,1.518188011953965,1.525797961032377,10.042018476701859
rho,baseline rho,0.2,3,2.4208114320139376,1.2,0.640712337656252,0.6130964142752313,1.2322191554034223,1.527336920273727,1.5349927284459328,10.269813477167597
rho,baseline rho,0.2,3,2.4599871290031343,1.2,0.6408831334334892,0.6129932776761695,1.2317921683141155,1.5366066340502895,1.5443089068561604,10.49922533669061
rho,baseline rho,0.2,3,2.5,1.2,0.6410551555698905,0.6128893895432526,1.2313620880555485,1.5459989746199867,1.5537483267288819,10.730261384963914
rho,substitutes,0.7,1,0.5,1.2,0.9305883866018502,0.353758034738206,0.18352896843267497,0.4831115991620475,0.48553320613026585,-8.144760587784724
rho,substitutes,0.7,1,0.5000203210855501,1.2,0.9305877708022654,0.35375846822670587,0.18353052056741942,0.48311936485185203,0.4855410107457525,-8.144727148680891
rho,substitutes,0.7,1,0.5000812892976928,1.2,0.9305859413809794,0.35375974851079506,0.18353511540233797,0.4831426345268096,0.48556439706044124,-8.144626824693908
rho,substitutes,0.7,1,0.5001829195049198,1.2,0.930582857338385,0.35376187559047373,0.18354279393703848,0.4831814316171547,0.48560338862201097,-8.14445959579814
rho,substitutes,0.7,1,0.5003252364947652,1.2,0.930578564797943,0.35376485820600234,0.18355352892702229,0.48323575045221023,0.48565797973136027,-8.144225428608237
rho,substitutes,0.7,1,0.5005082749838822,1.2,0.9305730527870677,0.3537687034284003,0.18356734661827695,0.48330561322570437,0.48572819269346384,-8.143924276368997
rho,substitutes,0.7,1,0.500732079632158,1.2,0.9305662900814984,0.3537733981472767,0.18358424991661937,0.483391034048341,0.4858140416897558,-8.14355607893758
rho,substitutes,0.7,1,0.5009967050608752,1.2,0.9305583203748333,0.35377893425996443,0.18360417762668985,0.48349199987622327,0.48591551361095636,-8.143120762761525
rho,substitutes,0.7,1,0.5013022158749305,1.2,0.9305516550038593,0.3537835320478655,0.18362077421953044,0.4836055548214381,0.4860296377527028,-8.14261824089676
rho,substitutes,0.7,1,0.5016486866891229,1.2,0.9305689656092244,0.3537715204660557,0.1835775185974559,0.4837052657981248,0.48612984853274,-8.142048434359381
rho,substitutes,0.7,1,0.502036202158526,1.2,0.9305556256800637,0.3537807934290164,0.18361088812661175,0.48385503195629237,0.4862803653968995,-8.141411329633177
rho,substitutes,0.7,1,0.502464857012963,1.2,0.9305426986439265,0.35378975811853003,0.18364317889209852,0.48401851338162205,0.4864446662762837,-8.140706692474124
rho,substitutes,0.7,1,0.5029347560956027,1.2,0.9305286182970283,0.3537995413195556,0.18367839095321184,0.48419761221418656,0.48662466284548245,-8.139934381831951
rho,substitutes,0.7,1,0.5034460144056994,1.2,0.9305248805013479,0.3538021574242411,0.18368777953501303,0.4843789041862442,0.48680686354733166,-8.139094257099723
rho,substitutes,0.7,1,0.5039987571454999,1.2,0.9305082376971257,0.35381370286334335,0.18372936048769611,0.48458958465854285,0.4870186000598923,-8.13818620408674
rho,substitutes,0.7,1,0.5045931197713469,1.2,0.9304905504479705,0.3538259709146302,0.1837735467276308,0.48481584162105007,0.48724599114014366,-8.13720997967361
rho,substitutes,0.7,1,0.5052292480490046,1.2,0.9304714533457283,0.35383926007964017,0.18382134842629455,0.48505818959768365,0.48748955389106535,-8.13616538828158
rho,substitutes,0.7,1,0.5059072981132409,1.2,0.9304510784021147,0.35385339874112864,0.18387226287872327,0.4853164377208776,0.4877490964883638,-8.1350522188104
rho,substitutes,0.7,1,0.5066274365316988,1.2,0.930464397024885,0.3538441557314866,0.1838389793551262,0.48554974043973187,0.4879835686419628,-8.13387033756524
rho,substitutes,0.7,1,0.507389840373095,1.2,0.9304415358877028,0.3538600266777331,0.18389612173620062,0.4858399318193187,0.4882752146118931,-8.132619669515565
rho,substitutes,0.7,1,0.5081946972797818,1.2,0.9304174488668356,0.3538767646009793,0.18395636267127957,0.48614616781845116,0.48858298562535907,-8.131299728834698
rho,substitutes,0.7,1,0.5090422055447187,1.2,0.9303921433623354,0.3538943432804433,0.18401963812342198,0.48646847487528405,0.4889069082530375,-8.129910249433507
rho,substitutes,0.7,1,0.5099325741928927,1.2,0.9303655362228278,0.3539128161893365,0.1840861467461392,0.4868070055374137,0.48924713580717255,-8.12845095091759
rho,substitutes,0.7,1,0.5108660230672385,1.2,0.9303401573964942,0.35393042212123005,0.18414955438536262,0.4871588540750522,0.4896007479929454,-8.126921538524053
rho,substitutes,0.7,1,0.5118427829191048,1.2,0.930409505750365,0.35388227346123735,0.18397620492590772,0.48741455882355567,0.4898577344668345,-8.125322242596097
rho,substitutes,0.7,1,0.5128630955033207,1.2,0.9303790885022307,0.3539033951290238,0.18405224497646078,0.48780205559788,0.4902471735768231,-8.123652983349672
rho,substitutes,0.7,1,0.5139272136779165,1.2,0.9303474045827428,0.35392539521495947,0.18413144908156967,0.4882060117591,0.49065315457672753,-8.12191269446182
rho,substitutes,0.7,1,0.5150354015085564,1.2,0.9303147661312863,0.35394804116351464,0.18421300278190528,0.4886261203310894,0.4910753689516972,-8.120101025149218
rho,substitutes,0.7,1,0.5161879343777439,1.2,0.9302805776020225,0.3539718018182858,0.1842985143254748,0.48906321369558553,0.49151465325580035,-8.11821760639531
rho,substitutes,0.7,1,0.5173850990988615,1.2,0.9303093255931616,0.3539518362511837,0.18422664070939507,0.4894416768870251,0.49189501350188164,-8.116262622001816
rho,substitutes,0.7,1,0.5186271940351138,1.2,0.9302725374575919,0.3539773776562005,0.18431859827980132,0.4899122876443674,0.4923679832054617,-8.11423555829111
rho,substitutes,0.7,1,0.5199145292234401,1.2,0.9302411377422877,0.3539991680689057,0.18439706528654848,0.4903919475995478,0.4928500474661729,-8.112135661734362
rho,substitutes,0.7,1,0.5212474265034702,1.2,0.9302017581958297,0.3540265386896559,0.18449556537382716,0.4908964812345025,0.4933571100864971,-8.109962461667312
rho,substitutes,0.7,1,0.5226262196515982,1.2,0.9302296512046523,0.3540071890318546,0.18442587710415367,0.49133760744406213,0.49380044745038365,-8.107716006774696
rho,substitutes,0.7,1,0.5240512545202515,1.2,0.930187653877548,0.3540363491431111,0.1845308602715721,0.4918764026261881,0.4943419433545991,-8.105396027598553
rho,substitutes,0.7,1,0.5255228891824385,1.2,0.9301443550300397,0.3540663914050538,0.18463905040487666,0.49243246856823786,0.49490079658878255,-8.103001371278898
rho,substitutes,0.7,1,0.5270414940816569,1.2,0.9301129877955708,0.3540881818177589,0.18471748493078854,0.4929904226062949,0.4954615473830939,-8.100531548386181
rho,substitutes,0.7,1,0.5286074521872524,1.2,0.9301018028217819,0.3540959577523805,0.18474546592335994,0.493540635083494,0.4960145178118121,-8.097986800077393
rho,substitutes,0.7,1,0.5302211591553182,1.2,0.9300545198550296,0.3541287914687903,0.18486366971755747,0.4941493303205709,0.4966262641464619,-8.095366066535675
rho,substitutes,0.7,1,0.5318830234952302,1.2,0.9300057587098772,0.35416264629892324,0.18498555729579716,0.49477596028136084,0.49725603510300137,-8.092668611847595
rho,substitutes,0.7,1,0.5335934667419154,1.2,0.9299916637904544,0.35417242949994887,0.18502078392943538,0.4953781566553281,0.49786124999885456,-8.089894167279095
rho,substitutes,0.7,1,0.5353529236339561,1.2,0.9299555674883973,0.35419750746314727,0.18511104863200084,0.49602266712657467,0.4985089910922824,-8.087042400547928
rho,substitutes,0.7,1,0.537161842297634,1.2,0.9299029865715527,0.35423400835128427,0.18524247146722145,0.49670310479946495,0.49919283947320153,-8.084112526958371
rho,substitutes,0.7,1,0.5390206844370244,1.2,0.9298812274329853,0.354249117991767,0.1852968674292315,0.4973639893740901,0.49985703674554266,-8.081103781949675
rho,substitutes,0.7,1,0.5409299255302531,1.2,0.9298259058101291,0.35428754065648244,0.1854351820078729,0.4980811937848063,0.5005778361583281,-8.078015994730386
rho,substitutes,0.7,1,0.5428900550320312,1.2,0.9297692557605512,0.3543268972758541,0.18557684235529365,0.49881694277499566,0.5013172731056781,-8.07484791992727
rho,substitutes,0.7,1,0.5449015765825912,1.2,0.9297731177664377,0.35432420108312107,0.1855671565731039,0.4994985159349032,0.5020022626652668,-8.07159938773077
rho,substitutes,0.7,1,0.5469650082231464,1.2,0.9297241472975911,0.35435820838073634,0.1856895828047994,0.50025955073949,0.5027671121726862,-8.068270400396365
rho,substitutes,0.7,1,0.5490808826180046,1.2,0.9296897653967835,0.35438208177776276,0.18577553124318413,0.5010207904953344,0.5035321676586859,-8.064859612924616
rho,substitutes,0.7,1,0.5512497472834679,1.2,0.9297611984561295,0.35433248018478825,0.18559695874301319,0.5016748292496293,0.5041894847958796,-8.061367251364308
rho,substitutes,0.7,1,0.5534721648236569,1.2,0.9297322333435394,0.3543525770063146,0.1856693329901002,0.5024648566418365,0.5049834722168697,-8.057794164497688
rho,substitutes,0.7,1,0.5557487131734017,1.2,0.9297888696581603,0.3543132617814112,0.18552777578968793,0.5031717440115053,0.5056939028742242,-8.054139602687814
rho,substitutes,0.7,1,0.5580799858483445,1.2,0.9297761541613125,0.3543221153979108,0.1855596150981748,0.5039784490940084,0.5065046515827807,-8.050401770750025
rho,substitutes,0.7,1,0.5604665922024078,1.2,0.9297384167395304,0.3543482912243975,0.18565389230516827,0.5048328205108616,0.5073633055541826,-8.046579597038374
rho,substitutes,0.7,1,0.5629091576927818,1.2,0.9296943305097871,0.3543789281825829,0.18576415436459198,0.5057131062027316,0.5082480036964453,-8.04267154541826
rho,substitutes,0.7,1,0.5654083241525933,1.2,0.9297087553438947,0.3543688982839887,0.18572806494952093,0.5065427268009749,0.5090817827852427,-8.038678045751585
rho,substitutes,0.7,1,0.5679647500714233,1.2,0.9296777634149647,0.35439040934491756,0.1858055207700573,0.5074447297767101,0.509988307069709,-8.03459789058985
rho,substitutes,0.7,1,0.5705791108838415,1.2,0.9296423510142167,0.3544150255355387,0.18589410414254703,0.5083708946650087,0.5109191143788294,-8.030429468502982
rho,substitutes,0.7,1,0.5732520992661372,1.2,0.9296421563628599,0.35441515678996294,0.18589458230346007,0.5092744285022386,0.5118271771982655,-8.02617379872529
rho,substitutes,0.7,1,0.5759844254414287,1.2,0.929591282956923,0.35445046995485574,0.1860217321455654,0.5102572200337533,0.5128148949928326,-8.021828348385135
rho,substitutes,0.7,1,0.578776817493336,1.2,0.9296012235177633,0.35444359095055245,0.18599693293543007,0.5111874910506753,0.5137498290126318,-8.01739294804222
rho,substitutes,0.7,1,0.5816300216884137,1.2,0.929596870251012,0.35444659207825013,0.18600776863800822,0.5121542945291035,0.5147214786136626,-8.012867489598047
rho,substitutes,0.7,1,0.5845448028075416,1.2,0.9295538152001538,0.35447648894372985,0.1861154009183027,0.5131868871605051,0.5157592471371683,-8.00825047864103
rho,substitutes,0.7,1,0.5875219444864789,1.2,0.9295527029788364,0.35447725461962387,0.1861181669995513,0.514189815201084,0.516767202375471,-8.003542004338009
rho,substitutes,0.7,1,0.5905622495657936,1.2,0.9295459300295656,0.35448197929181896,0.1861351452407634,0.5152197792541652,0.5178023291448527,-7.998739317213085
rho,substitutes,0.7,1,0.5936665404503856,1.2,0.92960841410243,0.3544385896274702,0.18597893949290578,0.5161879343830402,0.5187753371715064,-7.993844498289645
rho,substitutes,0.7,1,0.5968356594788269,1.2,0.9295751049618699,0.3544617229317909,0.18606221657079858,0.5172906452885652,0.5198835754384471,-7.988857523501416
rho,substitutes,0.7,1,0.600070469302753,1.2,0.9296511572147074,0.35440888932483017,0.18587204372692578,0.5182842091254543,0.5208821195347937,-7.983776350186914
rho,substitutes,0.7,1,0.6033718532765401,1.2,0.9296059468747275,0.35444030173081803,0.1859851048638394,0.5194433006261887,0.5220470210058537,-7.978598970992849
rho,substitutes,0.7,1,0.6067407158575169,1.2,0.9295490667718838,0.354479810817672,0.18612732459428777,0.520637796936363,0.5232475047536992,-7.9733222076249035
rho,substitutes,0.7,1,0.6101779830169621,1.2,0.9295396205010953,0.3544863620047114,0.18615092142908135,0.5217975100210879,0.5244130309244521,-7.967946427390325
rho,substitutes,0.7,1,0.6136846026621482,1.2,0.9294991150015195,0.35451448249007567,0.18625216717704413,0.5230162384445752,0.5256378682495843,-7.96246968152856
rho,substitutes,0.7,1,0.6172615450697004,1.2,0.9295684467265624,0.35446635234225193,0.18607887433270182,0.524126168153777,0.5267533615046058,-7.956892586716221
rho,substitutes,0.7,1,0.6209098033305457,1.2,0.9294736916014095,0.3545321483286065,0.1863157487883807,0.5254544357715575,0.5280882870915272,-7.951214659269184
rho,substitutes,0.7,1,0.6246303938067362,1.2,0.9294882004416225,0.3545220857758047,0.18627950483411568,0.5266750383568003,0.5293150079726896,-7.945433428844855
rho,substitutes,0.7,1,0.6284243566004422,1.2,0.9294296329635275,0.35456275533347337,0.186425918556775,0.5280060265132953,0.5306526677350828,-7.9395474829460575
rho,substitutes,0.7,1,0.6322927560354111,1.2,0.9294465404451726,0.3545510018903817,0.1863836236380519,0.5292701013691524,0.5319230787925227,-7.933554871267775
rho,substitutes,0.7,1,0.6362366811512086,1.2,0.9294117083526622,0.35457518896263335,0.186470699806626,0.530619727803824,0.5332794702578504,-7.927456492575802
rho,substitutes,0.7,1,0.6402572462105554,1.2,0.9294689054730175,0.3545354587613991,0.18632768545160464,0.5318830239944367,0.5345490987469701,-7.921249134535031
rho,substitutes,0.7,1,0.6443555912200942,1.2,0.9294391263634214,0.3545561415389076,0.18640213936061895,0.5332747616835093,0.53594781255024,-7.914939002198688
rho,substitutes,0.7,1,0.6485328824649206,1.2,0.9294461460158243,0.3545512785412689,0.1863846156333166,0.5346469152710738,0.5373268440862845,-7.90851879111254
rho,substitutes,0.7,1,0.652790313057229,1.2,0.9294402833451716,0.3545553459096949,0.18639926381976957,0.5360593558895613,0.5387463645928349,-7.901987849854427
rho,substitutes,0.7,1,0.6571291034994325,1.2,0.9294243342844998,0.35456640939480977,0.1864391100082895,0.5375090906000795,0.5402033661288301,-7.895342780545171
rho,substitutes,0.7,1,0.6615505022621248,1.2,0.9293891130721261,0.3545908845590982,0.18652719757552605,0.5390075676010957,0.5417093542770712,-7.888586063444379
rho,substitutes,0.7,1,0.6660557863772645,1.2,0.9293182467506531,0.3546400940580412,0.186704356414716,0.5405748350844013,0.5432844777213293,-7.881711712354857
rho,substitutes,0.7,1,0.6706462620469753,1.2,0.9293446211913334,0.3546217850577799,0.18663843453347123,0.5420512811738631,0.5447683245276121,-7.8747222416408755
rho,substitutes,0.7,1,0.6753232652683625,1.2,0.9292895257656162,0.3546600508848827,0.18677618414573044,0.5436524424249914,0.5463775116329112,-7.8676116062564185
rho,substitutes,0.7,1,0.6800881624747613,1.2,0.9292992666698763,0.35465325903964634,0.1867517728557599,0.5452023430281953,0.5479351811452184,-7.860382236419955
rho,substitutes,0.7,1,0.6849423511938463,1.2,0.9292607857544916,0.35467999523892674,0.18684800396159015,0.5468377720815243,0.5495788078207913,-7.853029513060708
rho,substitutes,0.7,1,0.6898872607230374,1.2,0.9292946999947891,0.3546564382180146,0.18676320655612266,0.5484134047790982,0.5511623384101285,-7.845560744180481
rho,substitutes,0.7,1,0.6949243528226603,1.2,0.9293645661316405,0.35460792741730895,0.18658855708974698,0.5499735006851354,0.5527302543294375,-7.837967655856932
rho,substitutes,0.7,1,0.7000551224273222,1.2,0.9293558887446756,0.3546139323735933,0.18661020518228602,0.5516569665872186,0.554422158639471,-7.830251748248846
rho,substitutes,0.7,1,0.7052810983759861,1.2,0.9292898738705522,0.3546597971162948,0.18677528790064452,0.5534388277778747,0.5562129514465138,-7.82240845160461
rho,substitutes,0.7,1,0.7106038441612367,1.2,0.9292190070222572,0.3547090109853681,0.18695245670613803,0.5552559236267033,0.5580391555261882,-7.814436413301193
rho,substitutes,0.7,1,0.7160249586982449,1.2,0.9292478697771588,0.35468896429857066,0.1868802931077539,0.556981745845637,0.5597736284649938,-7.806331699042136
rho,substitutes,0.7,1,0.7215460771139571,1.2,0.9291689389558432,0.35474378665976647,0.18707764022925255,0.5588685976075325,0.5616699381107045,-7.798095147028547
rho,substitutes,0.7,1,0.7271688715570458,1.2,0.9292241089898975,0.35470547236717603,0.18693971132320283,0.560623034167038,0.563433168820061,-7.789723221520369
rho,substitutes,0.7,1,0.7328950520291776,1.2,0.9291202246975812,0.3547776159067111,0.18719942566091485,0.562601963486996,0.5654220175645146,-7.7812185273475825
rho,substitutes,0.7,1,0.7387263672381705,1.2,0.929312124144673,0.3546443411463791,0.18671965273150593,0.5642520646596255,0.567080389903692,-7.772583884671418
rho,substitutes,0.7,1,0.7446646054736273,1.2,0.9292849679836256,0.35466317889687426,0.18678749843362272,0.5662008576957849,0.5690389513055958,-7.763814786742186
rho,substitutes,0.7,1,0.7507115955056528,1.2,0.9293360618724547,0.35462772470564885,0.18665982349174692,0.5680865426396715,0.5709340882845979,-7.754904538652289
rho,substitutes,0.7,1,0.7568692075072764,1.2,0.9292276328663072,0.35470302017112254,0.1869308907033176,0.5702000120764319,0.5730581515309957,-7.745853766502773
rho,substitutes,0.7,1,0.7631393540012239,1.2,0.9292348664130354,0.354697995965741,0.18691280487296513,0.5722055281373876,0.5750737202830409,-7.736660000539306
rho,substitutes,0.7,1,0.7695239908317001,1.2,0.9293335040408666,0.35462950378665326,0.18666622413830455,0.5741328800134391,0.5770107330505745,-7.727318310470814
rho,substitutes,0.7,1,0.7760251181618615,1.2,0.9293293886532145,0.35463234537584926,0.18667647735861992,0.5762203936393929,0.5791087103821227,-7.717835132531233
rho,substitutes,0.7,1,0.7826447814976824,1.2,0.9293477302439872,0.3546196095126137,0.18663062630325838,0.5783152635647824,0.5812140808867109,-7.708203593569699
rho,substitutes,0.7,1,0.7893850727389358,1.2,0.9294239567499624,0.354566670234417,0.18644005095637825,0.580374330167087,0.5832834686033104,-7.698431715387
rho,substitutes,0.7,1,0.7962481312580323,1.2,0.9294655351663617,0.3545378140264773,0.18633614313082947,0.5825118701568354,0.5854317230568452,-7.688508909025948
rho,substitutes,0.7,1,0.8032361450074849,1.2,0.9294199773475169,0.35456944754684533,0.1864500293536691,0.5847932824129264,0.5877245709394588,-7.678429147785579
rho,substitutes,0.7,1,0.8103513516567865,1.2,0.929346952276084,0.35462015844425776,0.18663258996351278,0.5871458636753758,0.5900889445645597,-7.6681911399717
rho,substitutes,0.7,1,0.8175960397595149,1.2,0.9293849910095036,0.35459373862109167,0.18653748441205442,0.5893991558908057,0.5923535314542218,-7.657796205138924
rho,substitutes,0.7,1,0.8249725499515008,1.2,0.9294533477147047,0.3545462614069067,0.18636657692421377,0.5916531531068211,0.5946188268782995,-7.647243985405559
rho,substitutes,0.7,1,0.8324832761809209,1.2,0.9296091944979601,0.3544380477668454,0.18597698867842588,0.5938374700263771,0.5968140927319783,-7.636527183537729
rho,substitutes,0.7,1,0.8401306669712053,1.2,0.92946985775081,0.35453482433992933,0.1863253628234374,0.5964271536039605,0.5994167571525136,-7.625653589956964
rho,substitutes,0.7,1,0.8479172267176741,1.2,0.9295723017038269,0.35446367466168793,0.1860692355654192,0.5987570994945106,0.6017583819454414,-7.614615990692591
rho,substitutes,0.7,1,0.8558455170188431,1.2,0.9295565555064713,0.35447459275033977,0.18610856483426266,0.6012746037698454,0.60428850526347,-7.603408299452074
rho,substitutes,0.7,1,0.8639181580433734,1.2,0.9296393946080523,0.35441706712539167,0.1859014703827937,0.6037109195230468,0.6067370331002043,-7.592028096321814
rho,substitutes,0.7,1,0.8721378299336601,1.2,0.9295803592813858,0.35445805742930486,0.1860490447659126,0.6063661551650875,0.6094055781662873,-7.580474299941502
rho,substitutes,0.7,1,0.8805072742470966,1.2,0.9295653736185854,0.35446846090976153,0.18608650194649964,0.6090094960388099,0.6120621688412778,-7.568747457653529
rho,substitutes,0.7,1,0.88902929543607,1.2,0.9296721509531576,0.3543943144739528,0.18581956831058055,0.6115442615858936,0.61460963995354,-7.5568418997328735
rho,substitutes,0.7,1,0.8977067623677852,1.2,0.9297486258696415,0.3543412183581436,0.18562840578394857,0.6141609727906157,0.6172394674777587,-7.544756762067863
rho,substitutes,0.7,1,0.9065426098850453,1.2,0.9296894236697019,0.35438234261737006,0.18577643638381755,0.6169927372186844,0.6200854261840921,-7.532493710340047
rho,substitutes,0.7,1,0.9155398404091444,1.2,0.9297890268097156,0.3543131534092862,0.1855273845543427,0.619671062040931,0.6227771761653784,-7.520046694336514
rho,substitutes,0.7,1,0.9247015255860773,1.2,0.9297109980080352,0.35436735008927284,0.18572247818479426,0.6226191875391216,0.6257400792041248,-7.507409420022825
rho,substitutes,0.7,1,0.9340308079772923,1.2,0.9297988172922947,0.3543063413826396,0.18550288009420676,0.6254060777419885,0.6285409387522666,-7.49457793154799
rho,substitutes,0.7,1,0.9435309027962627,1.2,0.9297425343308162,0.3543454540053318,0.18564364632070063,0.6284227724014584,0.6315727546566434,-7.481549267918908
rho,substitutes,0.7,1,0.9532050996921831,1.2,0.9297880267694384,0.3543138548084127,0.18552989961673308,0.6313601477106571,0.6345248536208513,-7.468336824222015
rho,substitutes,0.7,1,0.9630567645821445,1.2,0.9299588261113296,0.35419523061687536,0.18510287202112125,0.6341886792784217,0.6373675632621009,-7.45492726846436
rho,substitutes,0.7,1,0.9730893415331738,1.2,0.929891971026438,0.3542416671735203,0.18527003006836612,0.6373686671150224,0.640563490854065,-7.441315545092028
rho,substitutes,0.7,1,0.9833063546955787,1.2,0.9299455686499924,0.35420445781523746,0.1851360602309205,0.6404476778105049,0.643657935154885,-7.427494898710317
rho,substitutes,0.7,1,0.9937114102890687,1.2,0.929907455223167,0.35423092173376103,0.1852313357217567,0.6436956869411596,0.6469222249990587,-7.413461737188203
rho,substitutes,0.7,1,1.0043081986431819,1.2,0.9299712594392809,0.35418661225679465,0.1850718230353955,0.646867587235284,0.6501100245095713,-7.399225587977398
rho,substitutes,0.7,1,1.0151004962935855,1.2,0.930175306236708,0.3540449261087235,0.18456173415813498,0.6499147403432067,0.6531724515360094,-7.384781732413738
rho,substitutes,0.7,1,1.0260921681358672,1.2,0.930197516700231,0.3540294984228852,0.18450619989320116,0.6532488971821863,0.6565233209056928,-7.370125478168739
rho,substitutes,0.7,1,1.037287169638491,1.2,0.9300368343550955,0.35414108677250666,0.184907913073519,0.6568735567556526,0.6601661491608793,-7.3552454418972095
rho,substitutes,0.7,1,1.0486895491166357,1.2,0.9300861761181383,0.3541068115642648,0.1847845368606738,0.6602870050237502,0.6635967074096232,-7.34013783499123
rho,substitutes,0.7,1,1.0603034500686892,1.2,0.9302181259937983,0.35401517026957646,0.1844546417884869,0.6636526066199805,0.666979179154059,-7.324802564532132
rho,substitutes,0.7,1,1.0721331135772334,1.2,0.93033197555851,0.35393611507153044,0.18417003299599582,0.6671004405301402,0.6704442954036132,-7.309246679529289
rho,substitutes,0.7,1,1.0841828807763967,1.2,0.9303904661424396,0.35389549397934944,0.18402380085295517,0.670679747453912,0.6740415436780026,-7.293465258465297
rho,substitutes,0.7,1,1.0964571953875313,1.2,0.9302996100504377,0.3539585998123427,0.18425096554422254,0.6745134507047201,0.6778944634463241,-7.277442586907243
rho,substitutes,0.7,1,1.1089606063252093,1.2,0.9302669128810781,0.3539812827852358,0.18433265793503106,0.6783351010403947,0.6817352698840237,-7.261177029879055
rho,substitutes,0.7,1,1.1216977703756155,1.2,0.9304250641056449,0.3538714778867491,0.18393732812973346,0.6819736170060932,0.6853920239868975,-7.2446684911508346
rho,substitutes,0.7,1,1.1346734549494641,1.2,0.9305612086577086,0.3537769367654688,0.18359697475570408,0.6857050792783097,0.6891421902915895,-7.227915040103358
rho,substitutes,0.7,1,1.147892540911644,1.2,0.9304215735670398,0.3538738930584646,0.18394603543924387,0.6898611444545412,0.6933190878312099,-7.210917538864649
rho,substitutes,0.7,1,1.1613600254898573,1.2,0.9304841892877211,0.3538304020930103,0.18378947923318115,0.6938218664170939,0.6972996629952181,-7.193665205420473
rho,substitutes,0.7,1,1.1750810252645967,1.2,0.930599057740086,0.35375065693698754,0.1835023612438071,0.6977829649737136,0.7012806166409792,-7.176150506213119
rho,substitutes,0.7,1,1.189060779242872,1.2,0.9306146555865051,0.353739819968031,0.18346335554444188,0.7019435561897799,0.7054620629073034,-7.158377940080379
rho,substitutes,0.7,1,1.2033046520181812,1.2,0.9307197645554086,0.35366679697869885,0.18320051691858102,0.7060581727552513,0.7095973040741377,-7.140336807538142
rho,substitutes,0.7,1,1.217818137019287,1.2,0.9306855204566709,0.3536905892560299,0.18328615233635376,0.710428267163678,0.7139893036719441,-7.12202750024548
rho,substitutes,0.7,1,1.2326068598504607,1.2,0.9306695430103678,0.35370168102522215,0.1833260880041121,0.7148487070322987,0.7184319010876141,-7.103451324465995
rho,substitutes,0.7,1,1.247676581725918,1.2,0.9307313083600393,0.353658813040088,0.18317172780655105,0.7192423951451334,0.722847612653764,-7.084593492469713
rho,substitutes,0.7,1,1.2630332030012734,1.2,0.9308945672697571,0.35354542979818215,0.18276356109431652,0.7235786598870246,0.7272056130131259,-7.06544692672613
rho,substitutes,0.7,1,1.2786827668049243,1.2,0.9309355143100134,0.353516981495554,0.18266116572038327,0.728154642651153,0.7318045329863118,-7.046016548608719
rho,substitutes,0.7,1,1.294631462772364,1.2,0.9309127948166223,0.35353276965286384,0.18271798763356367,0.7328950522743076,0.7365687040115845,-7.026303365777856
rho,substitutes,0.7,1,1.31088563088653,1.2,0.9309569259916253,0.3535021283245481,0.18260767118939875,0.7376283105593442,0.7413256878525076,-7.006293718986852
rho,substitutes,0.7,1,1.3274517654273796,1.2,0.9309572348304636,0.35350190887940913,0.1826068883490602,0.7425029653092088,0.7462247769109883,-6.985977250570054
rho,substitutes,0.7,1,1.3443365190339982,1.2,0.930998387239307,0.3534733205820961,0.1825039852180207,0.7474079258816685,0.7511543237006321,-6.96535760531641
rho,substitutes,0.7,1,1.3615467068826452,1.2,0.9311277276348331,0.35338351994429074,0.18218067544483493,0.7522811526001713,0.7560519775697139,-6.9444342791654865
rho,substitutes,0.7,1,1.3790893109842512,1.2,0.9312467355420113,0.3533008705915456,0.1818831449357272,0.7572556584549222,0.7610514182388269,-6.923191251288946
rho,substitutes,0.7,1,1.3969714846049992,1.2,0.9311379046899753,0.35337644707803684,0.18215522099858433,0.762625864411727,0.7664485424650096,-6.9016271923956545
rho,substitutes,0.7,1,1.4152005568137338,1.2,0.9311954991540938,0.3533364604073257,0.1820112553257296,0.7678641667535766,0.7717131019066157,-6.879750652541778
rho,substitutes,0.7,1,1.4337840371600625,1.2,0.9312686615588159,0.35328564113778826,0.18182832329880672,0.7731746410094842,0.7770501950255042,-6.857538829648843
rho,substitutes,0.7,1,1.4527296204871472,1.2,0.9314263557383345,0.35317612870146875,0.18143408225683802,0.7784656367276076,0.7823677119700316,-6.834984670852888
rho,substitutes,0.7,1,1.4720451918832933,1.2,0.9314850843785535,0.3531353595119357,0.1812872921672276,0.7839873403256041,0.7879170932224926,-6.81209656187932
rho,substitutes,0.7,1,1.4917388317766058,1.2,0.9315080753585315,0.3531193916347139,0.1812298105724505,0.7896565881370037,0.7936147582568038,-6.788872420657217
rho,substitutes,0.7,1,1.5118188211770927,1.2,0.931432034105311,0.35317217947707613,0.18141987356517364,0.7955620118628779,0.7995497830422876,-6.765284607221311
rho,substitutes,0.7,1,1.5322936470707536,1.2,0.9316280277853951,0.35303607353705,0.18092989105463295,0.8011994564470265,0.8052154854350081,-6.741340612238977
rho,substitutes,0.7,1,1.5531720079703377,1.2,0.9316540375750393,0.35301800416333795,0.1808648514177708,0.8071739907294755,0.811219967195173,-6.717048230949278
rho,substitutes,0.7,1,1.5744628196276003,1.2,0.9316877526329641,0.3529946012791494,0.1807805861299987,0.813245389375959,0.8173217988540178,-6.692380542108092
rho,substitutes,0.7,1,1.5961752209120554,1.2,0.9318288400151105,0.35289662991180193,0.1804278805943818,0.8192784658135089,0.8233851162130573,-6.667331539248265
rho,substitutes,0.7,1,1.618318579861377,1.2,0.9320309191191373,0.352756298096496,0.1799226847692942,0.8253383122829441,0.8294753377893253,-6.641902122705211
rho,substitutes,0.7,1,1.6409024999087747,1.2,0.9318231051660353,0.35290060034925264,0.18044219158835045,0.8320787278943463,0.8362495398745807,-6.616103333411438
rho,substitutes,0.7,1,1.6639368262928396,1.2,0.9318748176971611,0.3528646783460783,0.18031288753036823,0.8385770523831656,0.8427804373504513,-6.589901429999157
rho,substitutes,0.7,1,1.6874316526555453,1.2,0.9319865505686755,0.35278710873522184,0.1800336042994038,0.8451106973216517,0.8493468323204796,-6.563297775167021
rho,substitutes,0.7,1,1.7113973278342638,1.2,0.9321907047242859,0.35264532565617546,0.1795231986930532,0.8516361280054808,0.855904971861728,-6.536297225234481
rho,substitutes,0.7,1,1.7358444628538618,1.2,0.9323058795156258,0.3525653452437337,0.1792352662108389,0.8584087132190834,0.8627115047999857,-6.508884011741563
rho,substitutes,0.7,1,1.7607839381251333,1.2,0.9322245057540288,0.3526218699363689,0.1794387333085281,0.8655830491609647,0.869921802250428,-6.481049632439151
rho,substitutes,0.7,1,1.7862269108560356,1.2,0.9324341176130145,0.3524763042424509,0.1789146995506795,0.8724779862072701,0.8768513003125022,-6.452778686736735
rho,substitutes,0.7,1,1.8121848226824113,1.2,0.9323851589753082,0.35251029032700804,0.17903706813102926,0.8798683141171539,0.8842786723951921,-6.424095846667784
rho,substitutes,0.7,1,1.8386694075250942,1.2,0.932463377785723,0.35245596239259724,0.17884150098228702,0.8872140570534973,0.8916612360212318,-6.394970269966526
rho,substitutes,0.7,1,1.8656926996805347,1.2,0.9324605278364873,0.3524579413749238,0.17884862553334818,0.8948120394807638,0.8992973034939044,-6.365384541656869
rho,substitutes,0.7,1,1.8932670421523103,1.2,0.9326532539987696,0.3523240991707788,0.1783668002101125,0.9022725919125839,0.9067952521004116,-6.335359032104597
rho,substitutes,0.7,1,1.921405095231136,1.2,0.9326813560473757,0.35230460411651454,0.17829658884429578,0.9101102991928182,0.914672246051878,-6.304877326710283
rho,substitutes,0.7,1,1.9501198453312445,1.2,0.9328210872634521,0.3522075694047123,0.17794726265072663,0.9179348734959282,0.9225360411968982,-6.27390619324691
rho,substitutes,0.7,1,1.979424614091259,1.2,0.9329508581962052,0.35211745072155154,0.1776228353623464,0.9259226049177576,0.9305638112890988,-6.242459477240959
rho,substitutes,0.7,1,2.009333067747975,1.2,0.9328793089595483,0.352167142174482,0.17780171813733292,0.934352402993072,0.9390358639031061,-6.210544800513885
rho,substitutes,0.7,1,2.0398592267917226,1.2,0.9328103301386785,0.3522150316641087,0.1779741382557964,0.9429355885516251,0.9476620728583117,-6.1781235401763475
rho,substitutes,0.7,1,2.071017475912293,1.2,0.9329154242693226,0.3521420598411534,0.17771142498756876,0.951427441363623,0.9561964912596648,-6.145210452680264
rho,substitutes,0.7,1,2.1028225742447084,1.2,0.9330814699440777,0.35202673631050013,0.17729628048660268,0.9599933471928855,0.9648053338705762,-6.1117952777652125
rho,substitutes,0.7,1,2.135289665924415,1.2,0.933182906157145,0.35195629073227425,0.17704268182456734,0.9688189931746457,0.9736752185869177,-6.077856779397893
rho,substitutes,0.7,1,2.168434290961828,1.2,0.9333000103554885,0.3518749788693666,0.1767499440023434,0.9777916110374802,0.982692811883953,-6.043378871221195
rho,substitutes,0.7,1,2.2022723964464688,1.2,0.9333243602589739,0.3518580585253195,0.17668904615571634,0.9870736678256444,0.992021395175386,-6.0083768637005655
rho,substitutes,0.7,1,2.23682034809129,1.2,0.9334742152320754,0.3517540021136401,0.17631442933338737,0.996349322840487,1.0013435446044752,-5.972831772547163
rho,substitutes,0.7,1,2.2720949421281498,1.2,0.9335248775571003,0.35171883434521023,0.17618780462855388,1.0059523115730356,1.0109946685183582,-5.936727568959622
rho,substitutes,0.7,1,2.308113417565749,1.2,0.9337884876543805,0.35153576579919443,0.17552876647187937,1.0154258577797641,1.0205157010730606,-5.9000624073173915
rho,substitutes,0.7,1,2.344893468821764,1.2,0.9335893585569541,0.35167404021336734,0.1760265683039195,1.025774902271432,1.0309166203661178,-5.8628302338486
rho,substitutes,0.7,1,2.382453258741261,1.2,0.933769716553533,0.35154878371509535,0.17557565627107302,1.0357552014924891,1.0409469460452034,-5.824995068610297
rho,substitutes,0.7,1,2.4208114320139376,1.2,0.9338040507849737,0.3515249789649668,0.17548990377935456,1.0461513151907915,1.0513951704802753,-5.7866016904633435
rho,substitutes,0.7,1,2.4599871290031343,1.2,0.933849260449323,0.3514935648897377,0.1753768397125105,1.0567344254556694,1.0620313288061134,-5.747588840861228
rho,substitutes,0.7,1,2.5,1.2,0.9340392865260838,0.35136158185464467,0.17490173027994876,1.067307468481352,1.0726573694305093,-5.707970286564649
rho,substitutes,0.7,2,0.5,1.2,0.7694708121533955,0.49109073192487784,0.6943229678522276,0.7096650151666083,0.713222225858318,-7.533261144216452
rho,substitutes,0.7,2,0.5000203210855501,1.2,0.7694797864999416,0.49108480101726953,0.6943005422072259,0.7096650147057803,0.7132222253951802,-7.533156824617186
rho,substitutes,0.7,2,0.5000812892976928,1.2,0.7694842454112004,0.49108183691390994,0.6942893607095476,0.7096847773788304,0.7132420871290411,-7.532843861792338
rho,substitutes,0.7,2,0.5001829195049198,1.2,0.7694807230188256,0.4910841665957998,0.6942981668204482,0.7097273882450846,0.7132849115831512,-7.5323221911457985
rho,substitutes,0.7,2,0.5003252364947652,1.2,0.7694723875169673,0.49108967108592755,0.6943189865059165,0.709790045782342,0.7133478831926212,-7.531591712056121
rho,substitutes,0.7,2,0.5005082749838822,1.2,0.769466657273341,0.4910934634727076,0.6943333178827601,0.7098662421489971,0.7134244614951536,-7.5306522838397
rho,substitutes,0.7,2,0.500732079632158,1.2,0.7694596750667597,0.49109808851303827,0.694350789680811,0.7099593834557905,0.7135180696746902,-7.529503726003224
rho,substitutes,0.7,2,0.5009967050608752,1.2,0.7694515605699992,0.49110345904785285,0.6943710845505311,0.7100693747160052,0.713628612268391,-7.52814581765712
rho,substitutes,0.7,2,0.5013022158749305,1.2,0.7694518915625272,0.49110325374475255,0.6943702879305718,0.7101878090038987,0.7137476402106231,-7.526578340761433
rho,substitutes,0.7,2,0.5016486866891229,1.2,0.7694449824269712,0.4911078074372963,0.694387524840817,0.7103284952606523,0.7138890316601734,-7.5248010078141405
rho,substitutes,0.7,2,0.502036202158526,1.2,0.7694330312696178,0.49111570588608155,0.6944173896800154,0.7104895553305043,0.714050899046985,-7.522813431404916
rho,substitutes,0.7,2,0.502464857012963,1.2,0.7694922844702868,0.4910765289866218,0.6942692832713716,0.7106038440087777,0.7141657605996423,-7.520615396772824
rho,substitutes,0.7,2,0.5029347560956027,1.2,0.7696993218497634,0.4909395833220257,0.6937516531245911,0.7106038449450967,0.7141657615406547,-7.518208651871032
rho,substitutes,0.7,2,0.5034460144056994,1.2,0.7697016616380455,0.49093804052908796,0.6937458142819258,0.7108002565548872,0.7143631576677363,-7.515592470270088
rho,substitutes,0.7,2,0.5039987571454999,1.2,0.7696845302297259,0.4909493762949597,0.693788655207243,0.7110298866723251,0.7145939388109277,-7.5127646475400915
rho,substitutes,0.7,2,0.5045931197713469,1.2,0.7696604891553374,0.4909652886356745,0.6938487854703725,0.7112817120487852,0.7148470264673402,-7.509724630443485
rho,substitutes,0.7,2,0.5052292480490046,1.2,0.7696450127973422,0.4909755123962193,0.6938874493172833,0.7115421117348374,0.7151087314122505,-7.506471831423443
rho,substitutes,0.7,2,0.5059072981132409,1.2,0.7696239272855918,0.4909894413844772,0.6939401257744027,0.7118236441165262,0.7153916749808752,-7.503005622116747
rho,substitutes,0.7,2,0.5066274365316988,1.2,0.7696015592213044,0.49100424879088445,0.6939960770364217,0.7121225740811974,0.7156921033382299,-7.4993253316983965
rho,substitutes,0.7,2,0.507389840373095,1.2,0.769577899768648,0.49101991443403065,0.6940552661677337,0.712438943015135,0.7160100580780481,-7.495430247530627
rho,substitutes,0.7,2,0.5081946972797818,1.2,0.769552969142292,0.491036385478298,0.6941175531224879,0.7127727591490529,0.7163455474723004,-7.491319614712396
rho,substitutes,0.7,2,0.5090422055447187,1.2,0.7695274424658565,0.4910532687980071,0.6941813711680238,0.7131235305470903,0.7166980771192875,-7.486992647496953
rho,substitutes,0.7,2,0.5099325741928927,1.2,0.769510127062097,0.4910647314481728,0.6942246838623591,0.7134835448272596,0.7170598959785457,-7.482448689284343
rho,substitutes,0.7,2,0.5108660230672385,1.2,0.7694812516280336,0.4910838273373862,0.6942968687731585,0.7138702929495553,0.7174485826838718,-7.477686747741155
rho,substitutes,0.7,2,0.5118427829191048,1.2,0.769576190057644,0.49102101499820794,0.6940594719582919,0.7141643769395488,0.7177441407759995,-7.472706942489294
rho,substitutes,0.7,2,0.5128630955033207,1.2,0.7695440641036725,0.49104228373169856,0.6941398353998202,0.7145873040883253,0.7181691878559313,-7.4675097105901695
rho,substitutes,0.7,2,0.5139272136779165,1.2,0.7695113198231187,0.4910639401890904,0.6942216965257382,0.7150275275996274,0.7186116179967665,-7.462091665788826
rho,substitutes,0.7,2,0.5150354015085564,1.2,0.7694769243795188,0.4910866716274712,0.6943076468715859,0.715486043290453,0.7190724320070567,-7.456451749846922
rho,substitutes,0.7,2,0.5161879343777439,1.2,0.7696773035627196,0.4909541467317534,0.6938067012248972,0.7157541666651935,0.7193418993558062,-7.450592494429194
rho,substitutes,0.7,2,0.5173850990988615,1.2,0.7698938259314017,0.4908109662562322,0.6932654455377332,0.7160249587668135,0.7196140488084839,-7.444515593332529
rho,substitutes,0.7,2,0.5186271940351138,1.2,0.7699323712185392,0.49078546624568364,0.6931690662266715,0.7164700103682521,0.7200613312403582,-7.438222863065193
rho,substitutes,0.7,2,0.5199145292234401,1.2,0.7698918874816489,0.49081224654032146,0.6932702876718002,0.7170020999781734,0.7205960879605484,-7.431704726499088
rho,substitutes,0.7,2,0.5212474265034702,1.2,0.769850872585369,0.49083936339248374,0.6933728035887843,0.7175519472782592,0.7211486913816954,-7.4249594710965265
rho,substitutes,0.7,2,0.5226262196515982,1.2,0.7698086635650604,0.4908672715037284,0.6934783082053958,0.7181202529133633,0.7217198456606501,-7.417985768178008
rho,substitutes,0.7,2,0.5240512545202515,1.2,0.7698817535487665,0.49081893605280447,0.6932955934189942,0.7186041014609745,0.7222061195091989,-7.410782667572683
rho,substitutes,0.7,2,0.5255228891824385,1.2,0.7698466756937259,0.49084213800402304,0.6933832932993986,0.7192012069225139,0.7228062179743194,-7.4033531809078506
rho,substitutes,0.7,2,0.5270414940816569,1.2,0.7698110739381164,0.49086568628467453,0.6934723025555253,0.7198164991431167,0.7234245943600126,-7.3956912857917505
rho,substitutes,0.7,2,0.5286074521872524,1.2,0.7697634816623786,0.49089717440857966,0.6935913098962803,0.72046025020575,0.7240715722382757,-7.387795648985902
rho,substitutes,0.7,2,0.5302211591553182,1.2,0.7697151648861795,0.49092912430506197,0.6937120890377013,0.7211225918283793,0.7247372338621045,-7.3796644055751415
rho,substitutes,0.7,2,0.5318830234952302,1.2,0.7699570120422129,0.490769173252087,0.6931074728935206,0.7215460771355592,0.7251628418982201,-7.371298568995563
rho,substitutes,0.7,2,0.5335934667419154,1.2,0.7701363521553104,0.49065055343068,0.6926591030254718,0.7220429739764941,0.7256622294449353,-7.362708483397728
rho,substitutes,0.7,2,0.5353529236339561,1.2,0.7701157774927658,0.49066414753065457,0.6927105091067589,0.7227352569234781,0.7263579824746316,-7.353887062652683
rho,substitutes,0.7,2,0.537161842297634,1.2,0.7702000788093043,0.4906084097269714,0.6924997944514667,0.7233530567475603,0.726978879033219,-7.344827452477826
rho,substitutes,0.7,2,0.5390206844370244,1.2,0.7701483268712241,0.4906426250285761,0.6926291466935863,0.7241100260017466,0.7277396426115819,-7.335529478398859
rho,substitutes,0.7,2,0.5409299255302531,1.2,0.7700909609007451,0.4906805701094343,0.692772572107452,0.7248907465027135,0.7285242764903452,-7.325986369325654
rho,substitutes,0.7,2,0.5428900550320312,1.2,0.7700321589510901,0.4907194518458378,0.6929195578352703,0.7256916382702576,0.7293291827445804,-7.316196203391718
rho,substitutes,0.7,2,0.5449015765825912,1.2,0.7699828703950019,0.4907520704872389,0.6930428254700561,0.7265031699985007,0.7301447822925392,-7.306157142694163
rho,substitutes,0.7,2,0.5469650082231464,1.2,0.7701194438705504,0.4906617209177894,0.6927013391709961,0.7271688717697586,0.7308138209078117,-7.295868739130396
rho,substitutes,0.7,2,0.5490808826180046,1.2,0.7702126216220346,0.49060012355428495,0.6924684585990839,0.7278924085002078,0.7315409843812147,-7.2853446758382745
rho,substitutes,0.7,2,0.5512497472834679,1.2,0.7704526503179472,0.49044135585442383,0.6918683447598863,0.7285048567813082,0.7321565025720994,-7.274575847146199
rho,substitutes,0.7,2,0.5534721648236569,1.2,0.7703915068050522,0.4904817901556736,0.6920211932680158,0.7294045475808176,0.7330607030905085,-7.2635615902052475
rho,substitutes,0.7,2,0.5557487131734017,1.2,0.7703683117283737,0.4904971350525753,0.6920791905708672,0.7302903765313338,0.7339509722771171,-7.25229010032724
rho,substitutes,0.7,2,0.5580799858483445,1.2,0.7702992684601001,0.49054280323243715,0.6922518092710676,0.7312370180863206,0.7349023588926444,-7.24075889526997
rho,substitutes,0.7,2,0.5604665922024078,1.2,0.7702288883827069,0.49058935960235667,0.6924277791954383,0.7322050901951915,0.7358752834831547,-7.228964323389585
rho,substitutes,0.7,2,0.5629091576927818,1.2,0.7704938653586955,0.4904141121179676,0.6917653409248552,0.7328950514956094,0.7365687032289829,-7.216909476784284
rho,substitutes,0.7,2,0.5654083241525933,1.2,0.7705527295237625,0.49037518191607643,0.6916181830618987,0.7337889480571527,0.7374670804656872,-7.204612501607321
rho,substitutes,0.7,2,0.5679647500714233,1.2,0.7704777402582083,0.4904247720679013,0.6918056427917921,0.7348228240223809,0.7385061387557571,-7.192046273664844
rho,substitutes,0.7,2,0.5705791108838415,1.2,0.7706102422622033,0.4903371442743732,0.6914744009520754,0.7356927716826194,0.7393804470467891,-7.179218359673845
rho,substitutes,0.7,2,0.5732520992661372,1.2,0.7705365166116144,0.4903859017726474,0.6916587086087501,0.7367676845594142,0.7404607479468008,-7.166119757638798
rho,substitutes,0.7,2,0.5759844254414287,1.2,0.7706319438075563,0.4903228003097845,0.6914201672950352,0.7377131281469909,0.7414109305900816,-7.152747756958131
rho,substitutes,0.7,2,0.578776817493336,1.2,0.7706754893399702,0.49029398382707184,0.691311265979829,0.7387263666215921,0.7424292479436723,-7.139104995521722
rho,substitutes,0.7,2,0.5816300216884137,1.2,0.7708022802905693,0.49021012553802445,0.6909942844296703,0.7396870456361219,0.7433947423818018,-7.125203162312765
rho,substitutes,0.7,2,0.5845448028075416,1.2,0.7707298002038716,0.4902580661940279,0.6911754939241839,0.7408476898796742,0.7445612043788352,-7.111017268792593
rho,substitutes,0.7,2,0.5875219444864789,1.2,0.7708552028591746,0.49017512604835684,0.6908619830184988,0.7418537670803332,0.7455723245624486,-7.096546951688081
rho,substitutes,0.7,2,0.5905622495657936,1.2,0.7709072276376032,0.4901407195856907,0.6907319243827432,0.7429478510850879,0.746671892686099,-7.081804269850876
rho,substitutes,0.7,2,0.5936665404503856,1.2,0.7708181339466755,0.4901996453080027,0.6909546616118745,0.7441908849447851,0.7479211572789471,-7.066774009423512
rho,substitutes,0.7,2,0.5968356594788269,1.2,0.7711089663748442,0.49000728528685716,0.6902275566557482,0.7451168470016354,0.7488517607399223,-7.051462731683916
rho,substitutes,0.7,2,0.600070469302753,1.2,0.7710156116806731,0.49006902367669425,0.6904609340180697,0.7464098943330881,0.7501512894980963,-7.035867955704942
rho,substitutes,0.7,2,0.6033718532765401,1.2,0.7710588792705896,0.4900404185364534,0.6903527899700866,0.7476040818113057,0.7513514628659582,-7.019970883910927
rho,substitutes,0.7,2,0.6067407158575169,1.2,0.7711886626131162,0.4899545812650794,0.690028327696084,0.7487443862197138,0.7524974830739997,-7.00378366388511
rho,substitutes,0.7,2,0.6101779830169621,1.2,0.7710957185422243,0.4900160561144202,0.6902606967252809,0.7501084019667904,0.7538683359784609,-6.987302744649254
rho,substitutes,0.7,2,0.6136846026621482,1.2,0.7713306428516914,0.48986068163628815,0.6896733830994103,0.7512024803737803,0.7549678984762879,-6.970523357511594
rho,substitutes,0.7,2,0.6172615450697004,1.2,0.7712803444479991,0.489893953211328,0.689799141435293,0.752577074662836,0.7563493829478906,-6.953446047924096
rho,substitutes,0.7,2,0.6209098033305457,1.2,0.7713176613400075,0.4898692771140695,0.6897058591547025,0.7538978311161796,0.7576767597205066,-6.936064168153523
rho,substitutes,0.7,2,0.6246303938067362,1.2,0.7712107193675848,0.48993999060292204,0.6899731793198425,0.7553733878905114,0.7591597127539491,-6.9183608484091215
rho,substitutes,0.7,2,0.6284243566004422,1.2,0.7713405164617553,0.48985415333154814,0.689648703294196,0.756661534434548,0.7604543161594076,-6.900350045537292
rho,substitutes,0.7,2,0.6322927560354111,1.2,0.771574657146125,0.48969931364302155,0.6890633861962481,0.7578813523993322,0.7616802484871849,-6.882039263275458
rho,substitutes,0.7,2,0.6362366811512086,1.2,0.7716061967877403,0.4896784370035625,0.6889844983363396,0.759309461294423,0.7631155158079019,-6.863416045195368
rho,substitutes,0.7,2,0.6402572462105554,1.2,0.7715423419825268,0.48972067493735716,0.6891441487753994,0.7608499234949789,0.7646636996073711,-6.844458467972723
rho,substitutes,0.7,2,0.6443555912200942,1.2,0.771430351279315,0.4897947271430797,0.6894240898811899,0.762460550715044,0.7662824001299736,-6.825161515957363
rho,substitutes,0.7,2,0.6485328824649206,1.2,0.7720264917941628,0.4894004678964425,0.687933769394969,0.7634592378486265,0.7672860932036452,-6.805556292748006
rho,substitutes,0.7,2,0.652790313057229,1.2,0.7719227709172671,0.48946906844765514,0.6881930763220148,0.7651167202745082,0.7689518837947606,-6.785642453450176
rho,substitutes,0.7,2,0.6571291034994325,1.2,0.7718045319755454,0.48954727247998137,0.6884886820090522,0.7668151581631657,0.7706588351387634,-6.765375662593929
rho,substitutes,0.7,2,0.6615505022621248,1.2,0.7717161238486825,0.4896057276894556,0.6887096665510031,0.76851481174429,0.7723670082689171,-6.7447516569089006
rho,substitutes,0.7,2,0.6660557863772645,1.2,0.7721965767325298,0.48928797991561374,0.6875085617160823,0.7697282271527262,0.7735865059473991,-6.723793409496676
rho,substitutes,0.7,2,0.6706462620469753,1.2,0.772205683732667,0.48928196621906883,0.687485815652181,0.7713967338431408,0.7752633760624035,-6.702528563659245
rho,substitutes,0.7,2,0.6753232652683625,1.2,0.772093490061281,0.48935613553717683,0.6877662253370362,0.773204322557581,0.7770800253529798,-6.68089326583616
rho,substitutes,0.7,2,0.6800881624747613,1.2,0.7721121213214804,0.4893438260914218,0.6877196762538643,0.7749230137781475,0.7788073315491405,-6.6588901421241316
rho,substitutes,0.7,2,0.6849423511938463,1.2,0.7723719107926728,0.4891720132232302,0.6870702151976136,0.7764527687940876,0.7803447544940078,-6.636533219942738
rho,substitutes,0.7,2,0.6898872607230374,1.2,0.7724800885640031,0.48910045293878823,0.6867997387011688,0.7781502433091398,0.782050737635475,-6.613843303749502
rho,substitutes,0.7,2,0.6949243528226603,1.2,0.772495059177804,0.4890905728067873,0.6867623599479896,0.779963119057537,0.7838727004613764,-6.590776034149107
rho,substitutes,0.7,2,0.7000551224273222,1.2,0.7723603751643455,0.48917964376138884,0.6870990568864845,0.7819432928286442,0.7858627998948166,-6.567332459797543
rho,substitutes,0.7,2,0.7052810983759861,1.2,0.7725940696021921,0.4890250719834889,0.6865147936563606,0.7836199255707785,0.7875478367935445,-6.543517316462083
rho,substitutes,0.7,2,0.7106038441612367,1.2,0.7727192450940146,0.4889422940772086,0.6862018778730945,0.7854271854447799,0.7893641555953624,-6.519336786596067
rho,substitutes,0.7,2,0.7160249586982449,1.2,0.7727419957848259,0.48892725578451274,0.6861450203344491,0.7873601852538049,0.7913068446062514,-6.494780977832244
rho,substitutes,0.7,2,0.7215460771139571,1.2,0.7727001388097186,0.48895492863933854,0.6862496393443014,0.7893850719126757,0.7933418810517376,-6.469814818133182
rho,substitutes,0.7,2,0.7271688715570458,1.2,0.7728154049224183,0.48887869921920857,0.685961484906747,0.7912999766769395,0.7952663843160762,-6.444476361226762
rho,substitutes,0.7,2,0.7328950520291776,1.2,0.7731010709686998,0.4886897623731108,0.6852473100935157,0.793092847713454,0.7970682421560595,-6.418751831867915
rho,substitutes,0.7,2,0.7387263672381705,1.2,0.7729515461495343,0.488788640442685,0.6856210903744754,0.795317842951177,0.7993043902288237,-6.392619498057503
rho,substitutes,0.7,2,0.7446646054736273,1.2,0.7731796616492164,0.4886377940739084,0.685050855310408,0.797232205667427,0.8012283487281213,-6.366078101863624
rho,substitutes,0.7,2,0.7507115955056528,1.2,0.7731803646490158,0.4886373121199209,0.6850490592389646,0.7993900036021279,0.8033969626699803,-6.339140036674714
rho,substitutes,0.7,2,0.7568692075072764,1.2,0.7733088024184579,0.4885523832200149,0.684728002724536,0.8014665857842115,0.8054839537635677,-6.31178492955907
rho,substitutes,0.7,2,0.7631393540012239,1.2,0.7735166035717849,0.4884149354200211,0.6842084699608231,0.8035065178009994,0.8075341109821416,-6.28399987988945
rho,substitutes,0.7,2,0.7695239908317001,1.2,0.7735154647367433,0.4884156852846352,0.6842113094888094,0.8057751288756363,0.8098140935171121,-6.255822787780364
rho,substitutes,0.7,2,0.7760251181618615,1.2,0.7736005962541882,0.4883593844072692,0.6839984875814983,0.8080019362549139,0.8120520628148281,-6.2271881164382075
rho,substitutes,0.7,2,0.7826447814976824,1.2,0.7736295146487613,0.4883402743760172,0.6839262276360458,0.8103184732500402,0.8143802114999641,-6.198118342721681
rho,substitutes,0.7,2,0.7893850727389358,1.2,0.7738555682362571,0.4881907665287259,0.6833610902508933,0.8124919548705785,0.8165645877424628,-6.168649960762002
rho,substitutes,0.7,2,0.7962481312580323,1.2,0.773686663289108,0.4883024790617522,0.6837833592229463,0.8150686394624029,0.8191541880195519,-6.138700477778025
rho,substitutes,0.7,2,0.8032361450074849,1.2,0.7739287162028343,0.4881423853132033,0.6831782136875109,0.8173060463679224,0.8214028099738563,-6.108298787893972
rho,substitutes,0.7,2,0.8103513516567865,1.2,0.7741691287868466,0.4879833796560342,0.682577176273039,0.8195849993991696,0.8236931863047102,-6.077479869216323
rho,substitutes,0.7,2,0.8175960397595149,1.2,0.7740089162156227,0.48808933226110357,0.6829776893525601,0.8222752717681832,0.8263969437200909,-6.046169014235245
rho,substitutes,0.7,2,0.8249725499515008,1.2,0.7742290149735211,0.4879437551260358,0.6824274216523283,0.824655373101569,0.8287889753610578,-6.014382992147258
rho,substitutes,0.7,2,0.8324832761809209,1.2,0.7744338827057198,0.4878082677961997,0.681915268656061,0.8270915769438103,0.8312373907258761,-5.9821640731468495
rho,substitutes,0.7,2,0.8401306669712053,1.2,0.7744623573047797,0.4877894485578735,0.6818441120244776,0.8297341597441595,0.8338932195276347,-5.949442973046992
rho,substitutes,0.7,2,0.8479172267176741,1.2,0.7745256972772216,0.4877475542526227,0.6816857557677267,0.8323880170337173,0.8365603793322145,-5.916213133984521
rho,substitutes,0.7,2,0.8558455170188431,1.2,0.774733989649693,0.48760979714753394,0.681165030280914,0.8349513708967606,0.8391365820599661,-5.882546807746049
rho,substitutes,0.7,2,0.8639181580433734,1.2,0.7747504860844807,0.48759888342901236,0.6811237815325195,0.8377380172261102,0.8419371965121694,-5.848358864606531
rho,substitutes,0.7,2,0.8721378299336601,1.2,0.7749601982504788,0.4874601825973589,0.6805994958803314,0.8403903955048674,0.8446028698923758,-5.813637954752517
rho,substitutes,0.7,2,0.8805072742470966,1.2,0.7751765401942057,0.4873171034229433,0.6800586503690298,0.8430827511761882,0.8473087210526602,-5.778461791162868
rho,substitutes,0.7,2,0.88902929543607,1.2,0.7750119627008419,0.48742592860217515,0.6804700433688916,0.8461778532138127,0.8504193373538103,-5.742743621167983
rho,substitutes,0.7,2,0.8977067623677852,1.2,0.7752307171472823,0.4872812739806141,0.6799232122407506,0.8489629506914177,0.853218395190617,-5.706478474674585
rho,substitutes,0.7,2,0.9065426098850453,1.2,0.7754615099430159,0.48712863271955315,0.6793462290649307,0.8517851864680449,0.8560547774829448,-5.669739967838453
rho,substitutes,0.7,2,0.9155398404091444,1.2,0.7752565737328585,0.48726417558589635,0.6798585764959546,0.8550651059962419,0.8593511376761941,-5.632415279778796
rho,substitutes,0.7,2,0.9247015255860773,1.2,0.7756689067978161,0.4869914588695575,0.6788277219183406,0.8578166791131328,0.8621165031107295,-5.594560418713012
rho,substitutes,0.7,2,0.9340308079772923,1.2,0.7757117817377721,0.486963098757644,0.6787205262445646,0.8609658758956193,0.8652814853077786,-5.556181873569452
rho,substitutes,0.7,2,0.9435309027962627,1.2,0.7760193422432501,0.48675968232240296,0.67795161726396,0.8639181581035946,0.8682485658919044,-5.517191198215289
rho,substitutes,0.7,2,0.9532050996921831,1.2,0.7761649552588122,0.48666336752189626,0.6775875622808484,0.8670753948545155,0.8714216283578972,-5.477684976749533
rho,substitutes,0.7,2,0.9630567645821445,1.2,0.7759645960500055,0.48679590655965277,0.6780885200272873,0.8706126565631768,0.8749766206646584,-5.43758935777618
rho,substitutes,0.7,2,0.9730893415331738,1.2,0.7763195309279285,0.48656113762506126,0.6772011292057105,0.8736808311849978,0.8780601745757715,-5.396913638925937
rho,substitutes,0.7,2,0.9833063546955787,1.2,0.7764104838752589,0.4865010100374663,0.6769738068897148,0.8770536659221224,0.8814499157173712,-5.355647648078678
rho,substitutes,0.7,2,0.9937114102890687,1.2,0.7764758351270384,0.4864577657695806,0.6768103776383703,0.8805072738246441,0.8849208349015446,-5.313773963082678
rho,substitutes,0.7,2,1.0043081986431819,1.2,0.7765556269755625,0.4864049947701462,0.6766109011631294,0.8840048181202228,0.8884359107108615,-5.271324315937093
rho,substitutes,0.7,2,1.0151004962935855,1.2,0.7768156490634675,0.4862330321353613,0.6759608678195321,0.8873898291834906,0.8918378892126932,-5.228237560116344
rho,substitutes,0.7,2,1.0260921681358672,1.2,0.7769952776145659,0.4861142369641726,0.6755118118201775,0.8909103813922572,0.8953760882628428,-5.18455132868693
rho,substitutes,0.7,2,1.037287169638491,1.2,0.7769597048181951,0.48613775966163586,0.6756007340943952,0.8946961511441736,0.8991808342646097,-5.140204564695939
rho,substitutes,0.7,2,1.0486895491166357,1.2,0.7774365361259227,0.4858223944053018,0.674408654385302,0.8980553989841442,0.90255692040445,-5.095242563290412
rho,substitutes,0.7,2,1.0603034500686892,1.2,0.7773897112075028,0.4858533548106208,0.6745256975029854,0.9019762871358584,0.906497462089812,-5.049642392430357
rho,substitutes,0.7,2,1.0721331135772334,1.2,0.7774092213182393,0.4858404550387532,0.6744769307096532,0.9058979473025586,0.9104387796599014,-5.00335518508583
rho,substitutes,0.7,2,1.0841828807763967,1.2,0.7778178050985947,0.48557022047178655,0.6734554549314171,0.9095122453766732,0.9140711944785045,-4.956443434314388
rho,substitutes,0.7,2,1.0964571953875313,1.2,0.7775725598378596,0.4857324325597535,0.6740685972076614,0.9138186866566056,0.9183992218851823,-4.908825076547142
rho,substitutes,0.7,2,1.1089606063252093,1.2,0.7780636446493092,0.48540763480195703,0.6728408710815292,0.9174863332318087,0.9220852526153487,-4.860540654811318
rho,substitutes,0.7,2,1.1216977703756155,1.2,0.7780135001942632,0.4854408050758913,0.6729662457178585,0.9217418138048002,0.9263620638734792,-4.811576380999384
rho,substitutes,0.7,2,1.1346734549494641,1.2,0.7784468413992242,0.4851541947263913,0.6718828722402314,0.9256017544089095,0.9302413525103824,-4.761862932312679
rho,substitutes,0.7,2,1.147892540911644,1.2,0.7784331514404818,0.4851632509451022,0.67191710170301,0.9299629179610919,0.9346243764858414,-4.711509373401624
rho,substitutes,0.7,2,1.1613600254898573,1.2,0.7786000375426892,0.4850528759019133,0.6714998850028501,0.9342222018435715,0.9389050101176281,-4.660336263814407
rho,substitutes,0.7,2,1.1750810252645967,1.2,0.7788506853585737,0.48488710938447427,0.6708732787254141,0.9384738044038536,0.9431779239244295,-4.608547049448944
rho,substitutes,0.7,2,1.189060779242872,1.2,0.7787636636891979,0.4849446693328714,0.6710908463577545,0.9431271153431516,0.9478545596818759,-4.555914946232249
rho,substitutes,0.7,2,1.2033046520181812,1.2,0.7792169886856628,0.4846448384652593,0.6699575049535456,0.9473327618184327,0.9520812870478417,-4.502616210191664
rho,substitutes,0.7,2,1.217818137019287,1.2,0.7791923885903789,0.4846611042064264,0.6700189957497964,0.9520796951506864,0.9568520144824414,-4.448486112711544
rho,substitutes,0.7,2,1.2326068598504607,1.2,0.7796262525814566,0.48437415459851285,0.6689343300479709,0.9564596392921548,0.961253913185282,-4.393628785775109
rho,substitutes,0.7,2,1.247676581725918,1.2,0.7795972447537833,0.4843933430485713,0.6690068572803765,0.9613706953693543,0.96618958603351,-4.33795722459512
rho,substitutes,0.7,2,1.2630332030012734,1.2,0.7799632390413891,0.48415129324373646,0.6680918940354055,0.9659782687893328,0.9708202550113675,-4.281499663125643
rho,substitutes,0.7,2,1.2786827668049243,1.2,0.7799597755295888,0.48415360004332697,0.6681005893686769,0.9710302888328484,0.9758975984107333,-4.2242457217568745
rho,substitutes,0.7,2,1.294631462772364,1.2,0.780173981657059,0.4840119236671643,0.6675650612200699,0.975954409480559,0.9808464013159047,-4.166159463454694
rho,substitutes,0.7,2,1.31088563088653,1.2,0.7803525533459179,0.4838938113829331,0.6671186108705742,0.9809999740460821,0.9859172568790601,-4.107257386407564
rho,substitutes,0.7,2,1.3274517654273796,1.2,0.7805684188836834,0.4837510344425931,0.6665789272321176,0.9860970475501022,0.9910398795703409,-4.047497989154027
rho,substitutes,0.7,2,1.3443365190339982,1.2,0.7807452622839253,0.48363408970019583,0.6661368531561189,0.9913223682197583,0.9962913922688507,-3.986898322415912
rho,substitutes,0.7,2,1.3615467068826452,1.2,0.7809160649358688,0.4835211241355099,0.6657098446034675,0.9966452530272379,1.0016409581474601,-3.9254187063695754
rho,substitutes,0.7,2,1.3790893109842512,1.2,0.7811543871700585,0.48336349569340537,0.6651140210625851,1.0019947183761286,1.007017237802999,-3.8630741379843174
rho,substitutes,0.7,2,1.3969714846049992,1.2,0.7813013912214446,0.4832662714897829,0.6647465125173833,1.0075296584028277,1.0125799218320373,-3.799825717751455
rho,substitutes,0.7,2,1.4152005568137338,1.2,0.7815379911092852,0.483109787707213,0.6641550074106741,1.0130727360075455,1.018150784228874,-3.7356829435638517
rho,substitutes,0.7,2,1.4337840371600625,1.2,0.7819122476900053,0.48286228020849686,0.6632194038228658,1.0185775114351105,1.0236831524580958,-3.670629412078511
rho,substitutes,0.7,2,1.4527296204871472,1.2,0.7819158866702909,0.48285985359563166,0.663210261284602,1.0245518379972438,1.0296874254567425,-3.6046203197159254
rho,substitutes,0.7,2,1.4720451918832933,1.2,0.7822905430687161,0.482612065075898,0.6622736205234208,1.030259010154812,1.0354232049337988,-3.5377146207242802
rho,substitutes,0.7,2,1.4917388317766058,1.2,0.7823118924260086,0.4825979405564482,0.6622202367560162,1.036423847347596,1.0416189435016066,-3.469779018291719
rho,substitutes,0.7,2,1.5118188211770927,1.2,0.7826672692223584,0.4823629064121191,0.6613318025203279,1.042361185023997,1.0475860422069598,-3.400967883993558
rho,substitutes,0.7,2,1.5322936470707536,1.2,0.7828994055825773,0.4822093769610004,0.6607514613649719,1.048530636457449,1.0537864181444128,-3.331053416833509
rho,substitutes,0.7,2,1.5531720079703377,1.2,0.7830536179344982,0.4821073893916037,0.6603659412056591,1.0548894910552984,1.060177146633576,-3.2602754578719484
rho,substitutes,0.7,2,1.5744628196276003,1.2,0.7837041236716592,0.48167716507808267,0.6587396867254324,1.0608609183254802,1.0661785058075102,-3.188364799436309
rho,substitutes,0.7,2,1.5961752209120554,1.2,0.7834157201707197,0.4818679011865951,0.6594606797204783,1.0678955590545245,1.073248407819947,-3.115523100148389
rho,substitutes,0.7,2,1.618318579861377,1.2,0.7840673668626089,0.4814369172365517,0.6578315614298905,1.0740974190247712,1.0794813547426616,-3.0415708115097626
rho,substitutes,0.7,2,1.6409024999087747,1.2,0.7839921596510344,0.4814866642259892,0.6580195948135092,1.081155793645655,1.0865751096135663,-2.9665888245071073
rho,substitutes,0.7,2,1.6639368262928396,1.2,0.7844485380770372,0.48118482172184274,0.6568786375881024,1.087796937143896,1.0932495419821224,-2.890539254479787
rho,substitutes,0.7,2,1.6874316526555453,1.2,0.7843688878917667,0.4812375099323406,0.657077784634782,1.0951088846982855,1.1005981408261512,-2.813371181190292
rho,substitutes,0.7,2,1.7113973278342638,1.2,0.7848005740250528,0.4809519903751095,0.6559985401456958,1.102027039824994,1.1075509733497408,-2.7351368112733168
rho,substitutes,0.7,2,1.7358444628538618,1.2,0.7852251886567218,0.4806711796787936,0.6549370468547823,1.1090816915098967,1.11464098662337,-2.655727028122866
rho,substitutes,0.7,2,1.7607839381251333,1.2,0.7853982518771117,0.4805567214558987,0.6545043923848668,1.1165266219964785,1.1221232349793124,-2.5752473650026015
rho,substitutes,0.7,2,1.7862269108560356,1.2,0.7855657166262099,0.4804459516177893,0.6540857016429366,1.1241131390892467,1.1297477796472584,-2.493558606125586
rho,substitutes,0.7,2,1.8121848226824113,1.2,0.7857855095938868,0.4803005797858219,0.6535362053603575,1.131784346662603,1.1374574393085928,-2.410744621335903
rho,substitutes,0.7,2,1.8386694075250942,1.2,0.7862767833479738,0.4799756622147509,0.6523080185550814,1.1393160861526512,1.1450269317999424,-2.3266853732816304
rho,substitutes,0.7,2,1.8656926996805347,1.2,0.7861258806793412,0.48007547860911165,0.6526853048061243,1.1476564555807434,1.153409107503768,-2.2414586403575862
rho,substitutes,0.7,2,1.8932670421523103,1.2,0.7868111631886523,0.47962223913530333,0.6509720751702159,1.1552770055806945,1.1610678556695542,-2.1550349181938766
rho,substitutes,0.7,2,1.921405095231136,1.2,0.7869988462746278,0.4794981060835079,0.6505028583227683,1.1635638883116206,1.1693962765730286,-2.0673151521411075
rho,substitutes,0.7,2,1.9501198453312445,1.2,0.7871659087437839,0.47938763410934376,0.6500852454162078,1.1720259780154094,1.1779007826779717,-1.97838484374223
rho,substitutes,0.7,2,1.979424614091259,1.2,0.787564042022361,0.479124308499999,0.6490898896556366,1.1804031448116792,1.1863199401975504,-1.8881546944743184
rho,substitutes,0.7,2,2.009333067747975,1.2,0.7878465622950228,0.4789374573391115,0.6483835909500824,1.1890607790123457,1.1950209709702408,-1.7965854220234192
rho,substitutes,0.7,2,2.0398592267917226,1.2,0.7882367018367935,0.47867942384577505,0.6474082314454246,1.1977682788511161,1.2037721173335865,-1.703775420136381
rho,substitutes,0.7,2,2.071017475912293,1.2,0.7885863673225517,0.47844815920592665,0.64653405775649,1.2066844925760851,1.2127330237658387,-1.6096144561691998
rho,substitutes,0.7,2,2.1028225742447084,1.2,0.788551771584665,0.4784710431117897,0.6466205541928742,1.2161769618610925,1.222273074251144,-1.5140486075026858
rho,substitutes,0.7,2,2.135289665924415,1.2,0.7889273467303972,0.4782226386827552,0.6456815978020918,1.2254100215648012,1.231552414859214,-1.4171915846902845
rho,substitutes,0.7,2,2.168434290961828,1.2,0.789685616992448,0.4777211536179788,0.6437859594131281,1.2344131444289925,1.2406006660645619,-1.3188759771489476
rho,substitutes,0.7,2,2.2022723964464688,1.2,0.7894435309671053,0.47788125713843616,0.644391160222868,1.2446616492070983,1.2509005416866452,-1.2191223967260072
rho,substitutes,0.7,2,2.23682034809129,1.2,0.7899929147438156,0.4775179169026497,0.6430177207913941,1.2542523334904545,1.260539299475028,-1.1180549745962802
rho,substitutes,0.7,2,2.2720949421281498,1.2,0.7907588679941141,0.47701132214266606,0.6411028106254527,1.2637984968896685,1.2701333132174077,-1.0153999960754212
rho,substitutes,0.7,2,2.308113417565749,1.2,0.7905758526454186,0.4771323685769382,0.6415603592870772,1.274555779180647,1.28094451661026,-0.9113350783355585
rho,substitutes,0.7,2,2.344893468821764,1.2,0.7910594537840616,0.47681253074775576,0.6403513659518487,1.2847948052898246,1.2912348660513902,-0.8057990952894412
rho,substitutes,0.7,2,2.382453258741261,1.2,0.7917854206463977,0.4763323972054066,0.6385364562154647,1.2949725389442028,1.3014636158080124,-0.6986276415762456
rho,substitutes,0.7,2,2.4208114320139376,1.2,0.7916407605539235,0.47642806614329386,0.6388980934590669,1.3062984090621392,1.3128462570861656,-0.5900516181830839
rho,substitutes,0.7,2,2.4599871290031343,1.2,0.792153445132306,0.4760889897293241,0.6376163835738011,1.3171230891476404,1.3237251961063918,-0.47985035714755875
rho,substitutes,0.7,2,2.5,1.2,0.7925062657639927,0.475855632333246,0.6367343083678094,1.3283365209765783,1.3349948354962777,-0.36799900943490305
rho,substitutes,0.7,3,0.5,1.2,0.6040503360953235,0.6352353001246982,1.3238741494144266,0.9463004458197403,0.9510437965436722,-8.567891212576956
rho,substitutes,0.7,3,0.5000203210855501,1.2,0.6040512601069079,0.6352347370510152,1.3238718267278136,0.9463083233007692,0.9510517135107391,-8.567552647263968
rho,substitutes,0.7,3,0.5000812892976928,1.2,0.6040540082752357,0.6352330831850637,1.3238649703564622,0.9463319926754216,0.9510755015286257,-8.56653690537761
rho,substitutes,0.7,3,0.5001829195049198,1.2,0.6040585850188638,0.6352303102427654,1.3238535056241654,0.9463714350705751,0.9511151416296078,-8.564843849093055
rho,substitutes,0.7,3,0.5003252364947652,1.2,0.6040650255686888,0.6352264350670489,1.3238374391378604,0.9464266605105864,0.951170643888289,-8.562473248668713
rho,substitutes,0.7,3,0.5005082749838822,1.2,0.6040732786332543,0.6352214451851164,1.3238167912065744,0.9464976865334769,0.9512420259306007,-8.559424782411972
rho,substitutes,0.7,3,0.500732079632158,1.2,0.6040833741484044,0.635215350368876,1.3237915561678832,0.9465845256388834,0.9513293003188346,-8.555698036627977
rho,substitutes,0.7,3,0.5009967050608752,1.2,0.6040953189695226,0.6352081418780676,1.323761705455597,0.9466871862625134,0.9514324755309819,-8.551292505550427
rho,substitutes,0.7,3,0.5013022158749305,1.2,0.6041090813895575,0.6351998230511733,1.3237272790695567,0.9468057017325672,0.9515515850623015,-8.546207591251642
rho,substitutes,0.7,3,0.5016486866891229,1.2,0.604124710270364,0.6351903949198412,1.323688230710521,0.9469400812605543,0.9516866381704758,-8.540442603552282
rho,substitutes,0.7,3,0.502036202158526,1.2,0.604142185647897,0.6351798460429217,1.3236445519227202,0.9470903492404972,0.9518376593718026,-8.53399675989878
rho,substitutes,0.7,3,0.502464857012963,1.2,0.6041614807370399,0.6351681780896558,1.3235962736376647,0.947256545749554,0.9520046889443279,-8.526869185232908
rho,substitutes,0.7,3,0.5029347560956027,1.2,0.6041826524339218,0.6351554025011932,1.3235433673790418,0.9474386952836343,0.9521877515067474,-8.519058911852024
rho,substitutes,0.7,3,0.5034460144056994,1.2,0.6042056704242362,0.6351414974268823,1.3234858091841393,0.9476368270010873,0.9523868763635669,-8.510564879244168
rho,substitutes,0.7,3,0.5039987571454999,1.2,0.6042305459975896,0.635126486386616,1.3234236461867641,0.947850995818453,0.9526021187065971,-8.501385933907633
rho,substitutes,0.7,3,0.5045931197713469,1.2,0.604257291809565,0.6351103387894823,1.3233567897435088,0.9480812169207165,0.9528334937969379,-8.491520829171833
rho,substitutes,0.7,3,0.5052292480490046,1.2,0.6042858751942308,0.6350930721160022,1.3232853159419182,0.9483275609297994,0.953081072610505,-8.480968224971898
rho,substitutes,0.7,3,0.5059072981132409,1.2,0.6043163495643964,0.635074670554896,1.323209132093965,0.9485900483095773,0.9533448757137493,-8.469726687646654
rho,substitutes,0.7,3,0.5066274365316988,1.2,0.6043486875958233,0.635055145547313,1.323128293943702,0.9488687498385745,0.9536249742399743,-8.457794689681498
rho,substitutes,0.7,3,0.507389840373095,1.2,0.6043828948350134,0.6350344742109544,1.3230427391049968,0.9491637022028677,0.9539214050591461,-8.445170609471562
rho,substitutes,0.7,3,0.5081946972797818,1.2,0.604419001905677,0.63501268109736,1.322952497940165,0.9494749748100618,0.9542342379267765,-8.431852731040477
rho,substitutes,0.7,3,0.5090422055447187,1.2,0.6044569781747731,0.6349897399857487,1.3228575359498262,0.9498026198818231,0.9545635253262944,-8.417839243766224
rho,substitutes,0.7,3,0.5099325741928927,1.2,0.6044968728820566,0.6349656515137136,1.322757805478008,0.9501466888489049,0.9549093189462509,-8.403128242078813
rho,substitutes,0.7,3,0.5108660230672385,1.2,0.6045386524809206,0.6349404221146807,1.322653356051946,0.9505072673444789,0.9552717048490554,-8.387717725139288
rho,substitutes,0.7,3,0.5118427829191048,1.2,0.6045823376238832,0.6349140409850937,1.3225441401830893,0.950884413684269,0.9556507416427408,-8.371605596521658
rho,substitutes,0.7,3,0.5128630955033207,1.2,0.6046279448989007,0.6348865091566007,1.3224301438460953,0.9512782002394017,0.9560465020611951,-8.354789663859979
rho,substitutes,0.7,3,0.5139272136779165,1.2,0.6046754567213566,0.6348578141564039,1.3223113536431503,0.9516887030568693,0.9564590625325983,-8.337267638489903
rho,substitutes,0.7,3,0.5150354015085564,1.2,0.6047249039188325,0.6348279543152622,1.3221877346002786,0.9521159948441417,0.9568884961288673,-8.319037135074392
rho,substitutes,0.7,3,0.5161879343777439,1.2,0.6047762898369999,0.6347969296331755,1.3220592833718077,0.9525601618688456,0.9573348895500476,-8.300095671209371
rho,substitutes,0.7,3,0.5173850990988615,1.2,0.6048296002788751,0.6347647357400138,1.321926003299319,0.953021296083114,0.9577983352091841,-8.28044066701897
rho,substitutes,0.7,3,0.5186271940351138,1.2,0.6048848523554906,0.6347313601629792,1.321787846289349,0.9534994767119991,0.958278912728446,-8.260069444737466
rho,substitutes,0.7,3,0.5199145292234401,1.2,0.6049420708421991,0.6346968110047391,1.3216448076935725,0.9539948003844396,0.9587767192211266,-8.238979228266592
rho,substitutes,0.7,3,0.5212474265034702,1.2,0.6050012682912433,0.6346610714223659,1.3214968331219132,0.9545073515963044,0.9592918396066326,-8.217167142729012
rho,substitutes,0.7,3,0.5226262196515982,1.2,0.6050624221882308,0.6346241430851005,1.3213439492351586,0.9550372442580415,0.9598243883663898,-8.194630213992975
rho,substitutes,0.7,3,0.5240512545202515,1.2,0.6051255595369651,0.6345860112133112,1.3211860923168997,0.9555845673131929,0.9603744548897719,-8.171365368200004
rho,substitutes,0.7,3,0.5255228891824385,1.2,0.6051906972508836,0.6345466845472582,1.3210232671645055,0.9561494352175268,0.9609421542062593,-8.147369431257355
rho,substitutes,0.7,3,0.5270414940816569,1.2,0.6052578133298714,0.6345061418738834,1.320855443084855,0.9567319549557199,0.961527593836791,-8.122639128331166
rho,substitutes,0.7,3,0.5286074521872524,1.2,0.6053269621936423,0.6344643902642064,1.3206825832226463,0.9573322353889224,0.9621308831881865,-8.097171083316352
rho,substitutes,0.7,3,0.5302211591553182,1.2,0.6053981273318678,0.6344214166078364,1.3205046715219972,0.9579503958633722,0.9627521422049088,-8.070961818291465
rho,substitutes,0.7,3,0.5318830234952302,1.2,0.6054713122481232,0.6343772128021059,1.3203216843523073,0.958586557238819,0.9633914923525201,-8.044007752961683
rho,substitutes,0.7,3,0.5335934667419154,1.2,0.605546550328167,0.6343317869496823,1.3201336084548436,0.9592408476367882,0.9640490623947571,-8.016305204083952
rho,substitutes,0.7,3,0.5353529236339561,1.2,0.6056238441368005,0.6342851195067487,1.319940392717963,0.959913387149279,0.9647249730255831,-7.987850384881014
rho,substitutes,0.7,3,0.537161842297634,1.2,0.6057032117585828,0.6342371946620253,1.3197419797818877,0.9606042979261138,0.9654193470070989,-7.958639404435427
rho,substitutes,0.7,3,0.5390206844370244,1.2,0.605784645095206,0.6341880248883094,1.3195384087273543,0.961313736902848,0.9661323420615023,-7.928668267064307
rho,substitutes,0.7,3,0.5409299255302531,1.2,0.6058681569397497,0.6341375906417841,1.3193296182144416,0.9620418332187871,0.9668640879754128,-7.897932871697302
rho,substitutes,0.7,3,0.5428900550320312,1.2,0.605953767783602,0.6340858848514301,1.3191155701873503,0.9627887276184087,0.9676147261987922,-7.866429011219896
rho,substitutes,0.7,3,0.5449015765825912,1.2,0.6060415040489788,0.6340329085488955,1.318896240786477,0.9635545696190436,0.9683844069984303,-7.834152371810156
rho,substitutes,0.7,3,0.5469650082231464,1.2,0.606131352934026,0.6339786448912522,1.3186716009758443,0.9643395113987462,0.969173283315177,-7.8010985322609265
rho,substitutes,0.7,3,0.5490808826180046,1.2,0.606223358892886,0.6339230938785003,1.3184416063013082,0.9651437045853585,0.9699815075369121,-7.767262963286838
rho,substitutes,0.7,3,0.5512497472834679,1.2,0.6063175054571412,0.6338662353292299,1.3182062231006655,0.9659673086630325,0.9708092399472054,-7.732641026814173
rho,substitutes,0.7,3,0.5534721648236569,1.2,0.6064138117744751,0.6338080752828119,1.3179654472280293,0.9668104970083493,0.9716566547916916,-7.697227975256475
rho,substitutes,0.7,3,0.5557487131734017,1.2,0.6065123220822763,0.6337485935578365,1.3177191843153895,0.9676734187654977,0.9725239019621478,-7.661018950783994
rho,substitutes,0.7,3,0.5580799858483445,1.2,0.6066130017258291,0.6336877874534144,1.3174674623084517,0.9685562666909648,0.9734111751812569,-7.624008984558186
rho,substitutes,0.7,3,0.5604665922024078,1.2,0.6067159277318734,0.6336256509301743,1.3172101891786792,0.9694591999321692,0.9743186343941675,-7.586192995979292
rho,substitutes,0.7,3,0.5629091576927818,1.2,0.6068210571696051,0.6335621688144295,1.3169473701654373,0.9703824134073894,0.9752464754961899,-7.5475657918917145
rho,substitutes,0.7,3,0.5654083241525933,1.2,0.6069284194442002,0.633497326326548,1.3166789391509446,0.9713260840561762,0.9761948763137881,-7.508122065798169
rho,substitutes,0.7,3,0.5679647500714233,1.2,0.6070380627934724,0.6334311268050121,1.3164048561901773,0.9722904020385559,0.9771640279601695,-7.467856397043531
rho,substitutes,0.7,3,0.5705791108838415,1.2,0.607149962058301,0.6333635483991705,1.3161250921652383,0.9732755659154659,0.9781541299915627,-7.426763249991216
rho,substitutes,0.7,3,0.5732520992661372,1.2,0.6072641639742948,0.6332945900773754,1.3158395977779054,0.9742817728120298,0.9791653805211843,-7.384836973186428
rho,substitutes,0.7,3,0.5759844254414287,1.2,0.6073806647108133,0.6332242360283467,1.3155483375835997,0.9753092293703185,0.9801979872269037,-7.342071798501277
rho,substitutes,0.7,3,0.578776817493336,1.2,0.6074994896539361,0.6331524775118238,1.3152512644854337,0.976358143671841,0.9812521592332423,-7.298461840269819
rho,substitutes,0.7,3,0.5816300216884137,1.2,0.6076206638641295,0.6330793118269178,1.314948346713934,0.9774287339490648,0.9823281158665625,-7.254001094405734
rho,substitutes,0.7,3,0.5845448028075416,1.2,0.6077441862105597,0.6330047133904402,1.3146395218512934,0.9785212139498695,0.9834260719461597,-7.208683437511061
rho,substitutes,0.7,3,0.5875219444864789,1.2,0.6078700992753645,0.6329286822023911,1.3143247473153745,0.9796358091799366,0.9845462541080673,-7.162502625965217
rho,substitutes,0.7,3,0.5905622495657936,1.2,0.6079984017461211,0.6328511980813603,1.3140039742879774,0.9807727486435535,0.9856888925044615,-7.11545229500531
rho,substitutes,0.7,3,0.5936665404503856,1.2,0.6081291330616656,0.6327722583264586,1.313677156621257,0.9819322677846452,0.9868542237594348,-7.067525957791036
rho,substitutes,0.7,3,0.5968356594788269,1.2,0.6082623090227803,0.6326918417246279,1.3133442258211951,0.9831146005523773,0.9880424829948278,-7.018717004458331
rho,substitutes,0.7,3,0.600070469302753,1.2,0.608397923517904,0.632609942236497,1.3130051729975545,0.9843200057859429,0.9892539303472708,-6.969018701153601
rho,substitutes,0.7,3,0.6033718532765401,1.2,0.6085360158438591,0.6325265527910462,1.3126599412890991,0.9855487328040702,0.990488816385207,-6.91842418906655
rho,substitutes,0.7,3,0.6067407158575169,1.2,0.6086766234293903,0.6324416494743283,1.3123084338648412,0.9868010240396647,0.991747384756742,-6.866926483443243
rho,substitutes,0.7,3,0.6101779830169621,1.2,0.6088197419899495,0.6323552333179916,1.3119506575719413,0.9880771612876021,0.9930299186692542,-6.814518472578505
rho,substitutes,0.7,3,0.6136846026621482,1.2,0.6089654122292423,0.6322672689669389,1.3115864838846334,0.9893773890038106,0.994336663804012,-6.7611929168190565
rho,substitutes,0.7,3,0.6172615450697004,1.2,0.6091136185992143,0.6321777591220595,1.3112159350599812,0.9907020063839985,0.9956679208564487,-6.706942447522793
rho,substitutes,0.7,3,0.6209098033305457,1.2,0.6092644233200244,0.632086696712334,1.310838931313413,0.9920512861980691,0.9970239639637326,-6.651759566038749
rho,substitutes,0.7,3,0.6246303938067362,1.2,0.6094178434160034,0.6319940517844437,1.3104553812165545,0.9934255039375861,0.9984050699983343,-6.595636642654458
rho,substitutes,0.7,3,0.6284243566004422,1.2,0.6095738870363654,0.6318998199682582,1.3100652657647878,0.9948249650112033,0.999811545899775,-6.538565915532305
rho,substitutes,0.7,3,0.6322927560354111,1.2,0.6097325908238624,0.6318039871217391,1.309668513186537,0.9962499645567784,1.0012436882852969,-6.480539489647283
rho,substitutes,0.7,3,0.6362366811512086,1.2,0.6098939845283629,0.6317065374336062,1.3092650544567146,0.9977008054260135,1.0027018015246527,-6.421549335702605
rho,substitutes,0.7,3,0.6402572462105554,1.2,0.6100580658782664,0.6316074496908013,1.3088548391536836,0.9991778034277234,1.0041862030096553,-6.361587289037285
rho,substitutes,0.7,3,0.6443555912200942,1.2,0.6102248802493406,0.6315067195231945,1.3084378110462742,1.0006812795861015,1.005697215373639,-6.300645048525398
rho,substitutes,0.7,3,0.6485328824649206,1.2,0.6103944487536925,0.6314043213475973,1.3080138854737389,1.0022115529560727,1.0072351592707978,-6.238714175465069
rho,substitutes,0.7,3,0.652790313057229,1.2,0.6105667990552028,0.6313002393527295,1.3075829954969769,1.003768955651246,1.008800368479467,-6.175786092453585
rho,substitutes,0.7,3,0.6571291034994325,1.2,0.6107419400568963,0.6311944708377023,1.307145125503956,1.005353843866823,1.0103932009802845,-6.111852082253346
rho,substitutes,0.7,3,0.6615505022621248,1.2,0.6109199202603606,0.6310869929202163,1.3067001701534566,1.0069665524097904,1.0120139932584635,-6.046903286659406
rho,substitutes,0.7,3,0.6660557863772645,1.2,0.6111007720504384,0.6309777897889918,1.3062480577854167,1.0086074347267666,1.0136631005322814,-5.980930705341893
rho,substitutes,0.7,3,0.6706462620469753,1.2,0.6112845261333693,0.6308668358608402,1.3057886941449577,1.0102768448447128,1.015340878603267,-5.913925194690728
rho,substitutes,0.7,3,0.6753232652683625,1.2,0.6114711731548885,0.6307541284348724,1.3053220818773341,1.0119751762468627,1.017047722926996,-5.84587746664153
rho,substitutes,0.7,3,0.6800881624747613,1.2,0.6116607693189198,0.6306396402586592,1.3048480970835894,1.0137027896225155,1.0187839960007314,-5.776778087514392
rho,substitutes,0.7,3,0.6849423511938463,1.2,0.6118533133017761,0.6305233501191418,1.3043666883941718,1.015460077531579,1.020550092352095,-5.706617476819614
rho,substitutes,0.7,3,0.6898872607230374,1.2,0.6120488975068077,0.6304052590479686,1.303877765968346,1.0172474285778197,1.0223464025327385,-5.635385906075185
rho,substitutes,0.7,3,0.6949243528226603,1.2,0.6122474927954549,0.6302853219181344,1.3033812468491905,1.0190652422791717,1.0241733280631866,-5.563073497608142
rho,substitutes,0.7,3,0.7000551224273222,1.2,0.612449174133809,0.6301635485015475,1.302877080344035,1.0209139375008145,1.0260312899081907,-5.489670223351015
rho,substitutes,0.7,3,0.7052810983759861,1.2,0.6126539256161516,0.6300399001046286,1.3023651862437458,1.0227939325529174,1.0279207084747077,-5.4151659036377895
rho,substitutes,0.7,3,0.7106038441612367,1.2,0.6128618044768102,0.6299143598844499,1.301845465476163,1.0247056488075397,1.0298420072469334,-5.339550205990257
rho,substitutes,0.7,3,0.7160249586982449,1.2,0.6130728462396913,0.6297869234708813,1.3013178716619775,1.026649534185349,1.0317956363907475,-5.262812643895913
rho,substitutes,0.7,3,0.7215460771139571,1.2,0.6132870884717438,0.6296575538395848,1.3007822752657843,1.0286260190885819,1.0337820284657862,-5.184942575594244
rho,substitutes,0.7,3,0.7271688715570458,1.2,0.6135045531855621,0.6295262395494106,1.3002386258551732,1.030635569464435,1.0358016517548163,-5.105929202841219
rho,substitutes,0.7,3,0.7328950520291776,1.2,0.6137252636748709,0.6293929577180591,1.2996868432967879,1.0326786515507087,1.0378549748326649,-5.025761569687088
rho,substitutes,0.7,3,0.7387263672381705,1.2,0.613949272747786,0.6292576871324729,1.2991268220892764,1.0347557334597552,1.039942468158107,-4.944428561244758
rho,substitutes,0.7,3,0.7446646054736273,1.2,0.6141765962538663,0.6291204076112413,1.2985584962524568,1.0368673065831813,1.0420646255858605,-4.861918902452437
rho,substitutes,0.7,3,0.7507115955056528,1.2,0.6144072847670818,0.6289810996105476,1.2979817666655182,1.039013862062717,1.0442219407195132,-4.778221156843448
rho,substitutes,0.7,3,0.7568692075072764,1.2,0.6146413884694986,0.628839751051649,1.2973965531427973,1.0411959080293707,1.046414924237091,-4.693323725307571
rho,substitutes,0.7,3,0.7631393540012239,1.2,0.6148789002294479,0.6286963168075399,1.296802750720481,1.0434139555163187,1.0486440897333342,-4.607214844858243
rho,substitutes,0.7,3,0.7695239908317001,1.2,0.6151198845061561,0.6285507898072009,1.2962002773749306,1.0456685343149712,1.0509099696552444,-4.519882587394781
rho,substitutes,0.7,3,0.7760251181618615,1.2,0.6153643825675963,0.6284031411289617,1.2955890199967444,1.047960175495443,1.0532130977349357,-4.431314858472113
rho,substitutes,0.7,3,0.7826447814976824,1.2,0.6156124270822092,0.6282533583000245,1.2949689149350512,1.0502894380796335,1.0555540357964162,-4.341499396064452
rho,substitutes,0.7,3,0.7893850727389358,1.2,0.6158640674639382,0.6281014140679596,1.2943398450808732,1.052656875498236,1.0579333400444628,-4.250423769342717
rho,substitutes,0.7,3,0.7962481312580323,1.2,0.6161193123301003,0.6279472757785596,1.2937017207038415,1.055063062385149,1.060351587993338,-4.158075377444611
rho,substitutes,0.7,3,0.8032361450074849,1.2,0.6163782358909942,0.6277909303214333,1.293054435027446,1.0575085802351392,1.0628093640525635,-4.064441448256524
rho,substitutes,0.7,3,0.8103513516567865,1.2,0.6166408287742984,0.627632339640595,1.2923979028929393,1.0599940303965214,1.0653072725847246,-3.9695090371956674
rho,substitutes,0.7,3,0.8175960397595149,1.2,0.6169072015610877,0.6274715003975622,1.2917320054264563,1.0625200161097152,1.0678459198539962,-3.8732650260038457
rho,substitutes,0.7,3,0.8249725499515008,1.2,0.6171773471884645,0.6273083657960886,1.2910566334490192,1.0650871570792262,1.070425928671166,-3.775696121542274
rho,substitutes,0.7,3,0.8324832761809209,1.2,0.6174513031437039,0.6271429216941353,1.290371714344528,1.0676960986576427,1.0730479476236652,-3.6767888545953524
rho,substitutes,0.7,3,0.8401306669712053,1.2,0.6177291590308651,0.6269751435401621,1.2896770975228975,1.0703474742859447,1.0757126133276103,-3.576529578691295
rho,substitutes,0.7,3,0.8479172267176741,1.2,0.6180109133645222,0.6268050074202216,1.2889727250673078,1.073041962207331,1.078420607425908,-3.474904468915938
rho,substitutes,0.7,3,0.8558455170188431,1.2,0.6182966311758387,0.6266324631995848,1.2882584074119294,1.075780211536714,1.0811725822871727,-3.3718995207601727
rho,substitutes,0.7,3,0.8639181580433734,1.2,0.6185863434552763,0.6264575152483822,1.287534124421705,1.0785629422987446,1.0839692615451941,-3.267500548948705
rho,substitutes,0.7,3,0.8721378299336601,1.2,0.618880119506932,0.6262801124002373,1.286799679695257,1.0813908311746583,1.0868113252730864,-3.161693186318956
rho,substitutes,0.7,3,0.8805072742470966,1.2,0.6191779776647668,0.6261002556867974,1.2860550574612375,1.084264630234064,1.089699529310223,-3.0544628826731137
rho,substitutes,0.7,3,0.88902929543607,1.2,0.6194799793855006,0.6259178797996474,1.2853000340368232,1.0871850382391397,1.0926345759213423,-2.9457949036883257
rho,substitutes,0.7,3,0.8977067623677852,1.2,0.619786169378788,0.6257329891089176,1.2845345755677628,1.0901528331772032,1.0956172469934393,-2.835674329797524
rho,substitutes,0.7,3,0.9065426098850453,1.2,0.6200965992136944,0.6255455264088596,1.2837584883859128,1.093168756319744,1.0986482875136423,-2.724086055130399
rho,substitutes,0.7,3,0.9155398404091444,1.2,0.6204113130623992,0.6253554775574348,1.2829716931902688,1.096233603862223,1.1017284976683588,-2.6110147864372624
rho,substitutes,0.7,3,0.9247015255860773,1.2,0.620730381145407,0.625162818003103,1.2821740587743007,1.0993481719261582,1.1048586775696827,-2.496445042057427
rho,substitutes,0.7,3,0.9340308079772923,1.2,0.6210538055292112,0.6249675096898777,1.2813654885404446,1.1025132858027091,1.1080396566455621,-2.3803611508943496
rho,substitutes,0.7,3,0.9435309027962627,1.2,0.6213816598869735,0.6247695209951993,1.2805458302651012,1.1057297701903588,1.1112722637282988,-2.2627472514228506
rho,substitutes,0.7,3,0.9532050996921831,1.2,0.6217140262383909,0.6245688290367688,1.2797149450889425,1.1089984726355124,1.1145573506126418,-2.143587290710792
rho,substitutes,0.7,3,0.9630567645821445,1.2,0.622050917410613,0.6243653870183394,1.278872703942942,1.1123202627752036,1.1178957912946987,-2.02286502346985
rho,substitutes,0.7,3,0.9730893415331738,1.2,0.6223924568762316,0.6241591421042934,1.2780188521108329,1.115695987274542,1.1212884366835059,-1.9005640111400925
rho,substitutes,0.7,3,0.9833063546955787,1.2,0.622738606307438,0.6239501286180795,1.2771535131798712,1.1191266395608024,1.1247362851859124,-1.7766676209650498
rho,substitutes,0.7,3,0.9937114102890687,1.2,0.6230894220627436,0.6237382621015202,1.2762764209974322,1.1226131023289097,1.1282402239213705,-1.6511590251698323
rho,substitutes,0.7,3,1.0043081986431819,1.2,0.6234450250323293,0.6235235327827067,1.2753874303999138,1.1261563194672697,1.1318012015095458,-1.5240212000955653
rho,substitutes,0.7,3,1.0151004962935855,1.2,0.6238054291480513,0.6233058965662818,1.2744864179225925,1.1297572632490431,1.1354201950971388,-1.3952369254011918
rho,substitutes,0.7,3,1.0260921681358672,1.2,0.6241707106244228,0.6230853289007052,1.2735732463649287,1.133416922888982,1.1390981988573614,-1.2647887832954678
rho,substitutes,0.7,3,1.037287169638491,1.2,0.6245409016027668,0.6228617732178217,1.2726477430703018,1.1371362976694994,1.14283621708155,-1.132659157803194
rho,substitutes,0.7,3,1.0486895491166357,1.2,0.6249160890793903,0.6226352147379992,1.2717097843297993,1.1409164259788416,1.1466352933628936,-0.9988302340620185
rho,substitutes,0.7,3,1.0603034500686892,1.2,0.6252963196651287,0.6224056083342329,1.2707592114371056,1.1447583574666744,1.15049648261245,-0.8632839976677236
rho,substitutes,0.7,3,1.0721331135772334,1.2,0.625681641996596,0.6221729223839627,1.2697958972051668,1.1486631761060233,1.1544208742366804,-0.726002234050708
rho,substitutes,0.7,3,1.0841828807763967,1.2,0.6260721406933307,0.62193711549272,1.2688196541905856,1.1526319696094838,1.1584095614003638,-0.5869665279037104
rho,substitutes,0.7,3,1.0964571953875313,1.2,0.6264678629944529,0.6216981506361672,1.2678303431857862,1.1566658668135519,1.1624636785983122,-0.4461582626411875
rho,substitutes,0.7,3,1.1089606063252093,1.2,0.6268688751381495,0.621456002231116,1.266827834403942,1.1607660251381609,1.16658438905205,-0.3035586199128337
rho,substitutes,0.7,3,1.1216977703756155,1.2,0.6272752096644325,0.6212106103709287,1.265811946496954,1.1649336103946357,1.1707728644165563,-0.15914857916560354
rho,substitutes,0.7,3,1.1346734549494641,1.2,0.6276869881647671,0.6209619565434366,1.2647825118891292,1.1691698196244953,1.1750303077335453,-0.012908917247145268
rho,substitutes,0.7,3,1.147892540911644,1.2,0.6281042580149914,0.6207099879130216,1.263739351960954,1.1734758732724417,1.1793579455652237,0.13517979193451612
rho,substitutes,0.7,3,1.1613600254898573,1.2,0.62852704879401,0.6204546745263653,1.2626823627294812,1.1778530451835862,1.1837570581418784,0.2851371777051481
rho,substitutes,0.7,3,1.1750810252645967,1.2,0.6289554777468607,0.6201959766582401,1.2616113282722075,1.182302599410072,1.1882289158517392,0.4369830728475739
rho,substitutes,0.7,3,1.189060779242872,1.2,0.629389551619806,0.6199338398037877,1.2605261064528022,1.1868258544756178,1.1927748438276533,0.5907375137905282
rho,substitutes,0.7,3,1.2033046520181812,1.2,0.6298294074298791,0.6196682373481708,1.2594264941429767,1.191424137868668,1.1973961762121288,0.7464207407198495
rho,substitutes,0.7,3,1.217818137019287,1.2,0.6302750622027071,0.6193991272593287,1.258312369909465,1.1960988358082223,1.2020943061726164,0.9040531976454904
rho,substitutes,0.7,3,1.2326068598504607,1.2,0.6307265875542716,0.6191264431971975,1.2571834973475666,1.2008513263027374,1.2068706186248694,1.0636555323858286
rho,substitutes,0.7,3,1.247676581725918,1.2,0.6311840891954692,0.6188501807916473,1.2560397598909823,1.2056830608103681,1.2117265723025066,1.225248596512949
rho,substitutes,0.7,3,1.2630332030012734,1.2,0.6316476277699414,0.618570274096669,1.2548809330861839,1.210595486485635,1.216663621613941,1.3888534452035115
rho,substitutes,0.7,3,1.2786827668049243,1.2,0.6321172559521329,0.6182866833870355,1.2537068655812629,1.215590109474704,1.2216832802549276,1.5544913370452633
rho,substitutes,0.7,3,1.294631462772364,1.2,0.632593061821511,0.6179993558271293,1.2525173380530776,1.2206684469458349,1.2267870729985637,1.7221837337532255
rho,substitutes,0.7,3,1.31088563088653,1.2,0.6330751204426623,0.6177082658337616,1.251312211888401,1.2258320794837687,1.2319765883523042,1.8919522998300655
rho,substitutes,0.7,3,1.3274517654273796,1.2,0.6335634947547177,0.6174133507994062,1.250091268631007,1.2310825962537868,1.2372534234471546,2.063818902132769
rho,substitutes,0.7,3,1.3443365190339982,1.2,0.6340582694740005,0.6171145622585752,1.2488543031763002,1.2364216282095561,1.2426192174119712,2.2378056093768786
rho,substitutes,0.7,3,1.3615467068826452,1.2,0.634559524948457,0.6168118756597285,1.2476011741903084,1.24185086668164,1.248075670055147,2.4139346915585094
rho,substitutes,0.7,3,1.3790893109842512,1.2,0.6350673468178862,0.61650521695419,1.2463316120963217,1.2473719972943038,1.2536244754501744,2.5922286192800756
rho,substitutes,0.7,3,1.3969714846049992,1.2,0.6355818063677723,0.6161945692990316,1.245045503771022,1.2529868004150915,1.2592674228887262,2.772710063020158
rho,substitutes,0.7,3,1.4152005568137338,1.2,0.6361029768056157,0.6158798455351866,1.2437425595037874,1.2586970356377454,1.265006280784546,2.955401892280455
rho,substitutes,0.7,3,1.4337840371600625,1.2,0.636630929109296,0.6155610271504861,1.2424226623325114,1.2645045652169566,1.2708429207269147,3.140327174684412
rho,substitutes,0.7,3,1.4527296204871472,1.2,0.637165770802594,0.6152380542382927,1.2410855559253247,1.2704112456437135,1.2767792085125202,3.327509174945927
rho,substitutes,0.7,3,1.4720451918832933,1.2,0.6377075704286148,0.6149108800023599,1.2397310554972472,1.2764190027929196,1.2828170796697551,3.516971353775941
rho,substitutes,0.7,3,1.4917388317766058,1.2,0.6382564408021434,0.6145794482685876,1.2383589086970277,1.2825297840679555,1.2889584913633991,3.7087373666727075
rho,substitutes,0.7,3,1.5118188211770927,1.2,0.6388123993360162,0.6142437112090813,1.2369689793073413,1.2887456244420359,1.2952054887670137,3.902831062633842
rho,substitutes,0.7,3,1.5322936470707536,1.2,0.6393756079402158,0.6139036170198707,1.2355609767371427,1.2950685519990845,1.3015601101303342,4.099276482741334
rho,substitutes,0.7,3,1.5531720079703377,1.2,0.6399460947532063,0.6135591189047097,1.2341347566060925,1.3015006955627682,1.3080244949478015,4.298097858678318
rho,substitutes,0.7,3,1.5744628196276003,1.2,0.640523982005492,0.6132101525868308,1.2326900370201952,1.3080441853496798,1.3146007841137632,4.499319611106909
rho,substitutes,0.7,3,1.5961752209120554,1.2,0.6411093550310172,0.6128566739708761,1.2312266231126388,1.3147012339671298,1.3212912013262703,4.702966347969396
rho,substitutes,0.7,3,1.618318579861377,1.2,0.6417022877897365,0.6124986187800785,1.2297442812599781,1.3214740930559215,1.3280980095125225,4.909062862659932
rho,substitutes,0.7,3,1.6409024999087747,1.2,0.6423028751973789,0.6121359429190805,1.2282428070136167,1.328365078877092,1.3350235365438632,5.117634132096627
rho,substitutes,0.7,3,1.6639368262928396,1.2,0.6429112217394635,0.611768590851375,1.2267219579353519,1.3353765497151162,1.3420701525257182,5.328705314672432
rho,substitutes,0.7,3,1.6874316526555453,1.2,0.6435274030655247,0.6113964912291752,1.2251814811477462,1.3425109171128153,1.349240281088817,5.542301748096216
rho,substitutes,0.7,3,1.7113973278342638,1.2,0.6441515235271034,0.6110196053589018,1.2236211761844085,1.3497706699859553,1.3565364236246678,5.758448947118395
rho,substitutes,0.7,3,1.7358444628538618,1.2,0.6447836858865146,0.6106378679321394,1.2220407780569191,1.3571583341201123,1.3639611185793996,5.977172601126442
rho,substitutes,0.7,3,1.7607839381251333,1.2,0.64542396003647,0.6102512217431395,1.2204400747734883,1.3646765160553622,1.3715169855584244,6.1984985716323475
rho,substitutes,0.7,3,1.7862269108560356,1.2,0.6460724753495641,0.6098596156255258,1.2188188098642418,1.3723278695636734,1.3792066916357986,6.422452889623996
rho,substitutes,0.7,3,1.8121848226824113,1.2,0.646729308256671,0.6094629836332892,1.217176743088419,1.380115119226663,1.3870329750501615,6.649061752799779
rho,substitutes,0.7,3,1.8386694075250942,1.2,0.6473945633811993,0.6090612594263667,1.2155136050338955,1.3880410456912213,1.3949986303864534,6.878351522669758
rho,substitutes,0.7,3,1.8656926996805347,1.2,0.6480683221901911,0.6086543895315466,1.2138291814061704,1.3961085181018784,1.4031065411708517,7.110348721534448
rho,substitutes,0.7,3,1.8932670421523103,1.2,0.6487507148852911,0.6082423173806745,1.2121232014883039,1.4043204553495812,1.4113596409253044,7.345080029321222
rho,substitutes,0.7,3,1.921405095231136,1.2,0.6494418308404801,0.6078249786969823,1.2103954162428237,1.4126798563674807,1.4197609436151781,7.582572280298336
rho,substitutes,0.7,3,1.9501198453312445,1.2,0.6501417790108532,0.607402313573833,1.2086455679065478,1.42118979098864,1.4283135344611382,7.82285245964797
rho,substitutes,0.7,3,1.979424614091259,1.2,0.6508506336487867,0.6069742408915311,1.2068733807257763,1.4298533984986332,1.437020568484493,8.065947699903823
rho,substitutes,0.7,3,2.009333067747975,1.2,0.6515685523080337,0.6065407290275169,1.205078618596318,1.4386739108942372,1.4458852938824707,8.311885277254675
rho,substitutes,0.7,3,2.0398592267917226,1.2,0.652295585935541,0.6061016897910756,1.2032610115054903,1.44765462795815,1.4549110269779988,8.560692607700668
rho,substitutes,0.7,3,2.071017475912293,1.2,0.6530318924114651,0.6056570730474784,1.201420277038471,1.4567989272737827,1.4641011622846956,8.812397243074187
rho,substitutes,0.7,3,2.1028225742447084,1.2,0.6537775302631352,0.6052067993462709,1.199556159313001,1.466110280891411,1.4734591892565616,9.067026866919324
rho,substitutes,0.7,3,2.135289665924415,1.2,0.6545326448098623,0.6047508239545025,1.1976684018931218,1.4755922476684622,1.482988684589871,9.324609290224048
rho,substitutes,0.7,3,2.168434290961828,1.2,0.6552973251610195,0.6042890505787912,1.1957566764766976,1.4852484490176134,1.492693287849707,9.585172447005121
rho,substitutes,0.7,3,2.2022723964464688,1.2,0.6560716824817909,0.6038214371870756,1.1938207674909047,1.4950826401551986,1.502576773075505,9.848744389761956
rho,substitutes,0.7,3,2.23682034809129,1.2,0.656855851439045,0.6033479086990314,1.1918603537693488,1.5050986311987076,1.512642969483047,10.11535328476071
rho,substitutes,0.7,3,2.2720949421281498,1.2,0.6576499213131881,0.6028684008378915,1.189875186368134,1.5153003561985585,1.522895830842262,10.385027407193562
rho,substitutes,0.7,3,2.308113417565749,1.2,0.6584540179295275,0.6023828351848493,1.1878649446696379,1.5256918218756423,1.5333393839578118,10.657795136171398
rho,substitutes,0.7,3,2.344893468821764,1.2,0.6592682487815318,0.6018911491323784,1.1858293656632957,1.5362771589462485,1.5439777802512882,10.933684949583252
rho,substitutes,0.7,3,2.382453258741261,1.2,0.6600927292972472,0.6013932767344701,1.1837681701111764,1.5470605972517393,1.554815270766221,11.212725418795063
rho,substitutes,0.7,3,2.4208114320139376,1.2,0.660927586549406,0.6008891385406703,1.1816810335856185,1.5580464576051876,1.5658561979738495,11.494945203201235
rho,substitutes,0.7,3,2.4599871290031343,1.2,0.6617729273456561,0.6003786686049699,1.1795676854690889,1.5692391923378026,1.5771050365227857,11.780373044633953
rho,substitutes,0.7,3,2.5,1.2,0.6626288645531886,0.5998617989180648,1.1774278439592842,1.5806433638441246,1.5885663716766671,12.069037761613082
