scenario_family,scenario,parameter_value,period,hc,parent_h,c_policy,l_policy,e_policy,perceived_hc_next_policy,true_expected_hc_next_policy,value_policy
parent_human_capital_complements,low h,0.8,1,0.5,0.8,0.618351018336463,0.27111979162327904,0.12206148160105891,0.5370634171667198,0.5397554587480892,-16.25845479461487
parent_human_capital_complements,low h,0.8,1,0.5000203210855501,0.8,0.618349204099165,0.27112009822748495,0.12206373734841333,0.5370724120119127,0.5397644986801312,-16.25839055239843
parent_human_capital_complements,low h,0.8,1,0.5000812892976928,0.8,0.6183437814806791,0.2711210463241799,0.12207052522613995,0.5370994051047293,0.5397916270763886,-16.25819782297683
parent_human_capital_complements,low h,0.8,1,0.5001829195049198,0.8,0.6183353999255297,0.2711219018600299,0.12208013875291332,0.5371435831388274,0.5398360265538041,-16.25787659805094
parent_human_capital_complements,low h,0.8,1,0.5003252364947652,0.8,0.6183591272566321,0.27108436738537217,0.12200236177830379,0.5371618304448342,0.539854365324813,-16.257427022683846
parent_human_capital_complements,low h,0.8,1,0.5005082749838822,0.8,0.6185252317509271,0.271107011664686,0.12186886504622074,0.5371618857852323,0.5398544209426059,-16.256849777312766
parent_human_capital_complements,low h,0.8,1,0.500732079632158,0.8,0.6185244621425952,0.271089599594743,0.12184456127383486,0.5372373228447296,0.5399302361319376,-16.2561451014863
parent_human_capital_complements,low h,0.8,1,0.5009967050608752,0.8,0.6185010258163964,0.2710936713332993,0.12187386090355466,0.5373542583164195,0.5400477577451185,-16.25531228212954
parent_human_capital_complements,low h,0.8,1,0.5013022158749305,0.8,0.618473878637348,0.271098441770093,0.12190787751158591,0.5374892988280713,0.5401834751501519,-16.25435124009507
parent_human_capital_complements,low h,0.8,1,0.5016486866891229,0.8,0.618486956696725,0.2710560029033283,0.1218336874840677,0.537588347295619,0.5402830201002093,-16.253262156533985
parent_human_capital_complements,low h,0.8,1,0.502036202158526,0.8,0.6185916672510425,0.2710779387124964,0.1217605644949523,0.5376980843984401,0.5403933072625473,-16.25204713841717
parent_human_capital_complements,low h,0.8,1,0.502464857012963,0.8,0.6185542380758099,0.27108443436302876,0.12180734740695154,0.537886780386637,0.540582949093321,-16.250704348681474
parent_human_capital_complements,low h,0.8,1,0.5029347560956027,0.8,0.6185130307296591,0.27109140592817704,0.12185859380691585,0.538093495753955,0.5407907006257298,-16.249233450338092
parent_human_capital_complements,low h,0.8,1,0.5034460144056994,0.8,0.618467716741949,0.2710994682855943,0.12191551758930674,0.5383188131111498,0.5410171473908775,-16.24763437300558
parent_human_capital_complements,low h,0.8,1,0.5039987571454999,0.8,0.6184190287763716,0.2711079042248741,0.12197635330744722,0.5385618920569275,0.5412614447749413,-16.24590704817306
parent_human_capital_complements,low h,0.8,1,0.5045931197713469,0.8,0.6183667647694396,0.27111698165664294,0.1220416888161262,0.5388230232558314,0.5415238848994268,-16.244051401927315
parent_human_capital_complements,low h,0.8,1,0.5052292480490046,0.8,0.6184405126294754,0.27110473481841413,0.1219503055090409,0.5390207547777027,0.541722607554676,-16.24206783880575
parent_human_capital_complements,low h,0.8,1,0.5059072981132409,0.8,0.6183816428975871,0.2711144025762955,0.12202309681227842,0.5393172689678852,0.542020608028422,-16.239958874721605
parent_human_capital_complements,low h,0.8,1,0.5066274365316988,0.8,0.6183185877850039,0.27112535768928536,0.12210192728756694,0.5396326099503842,0.5423375296641735,-16.23772155249946
parent_human_capital_complements,low h,0.8,1,0.507389840373095,0.8,0.618251898979809,0.27113692434144576,0.12218527207187292,0.5399660605017772,0.542672651643411,-16.235355776898636
parent_human_capital_complements,low h,0.8,1,0.5081946972797818,0.8,0.6181816212226794,0.27114912271418684,0.12227311548574976,0.540317624654668,0.5430259780189516,-16.232861447442378
parent_human_capital_complements,low h,0.8,1,0.5090422055447187,0.8,0.6182800933193681,0.271149782718845,0.12217559379576881,0.5405899733385887,0.5432996918563314,-16.23023914957945
parent_human_capital_complements,low h,0.8,1,0.5099325741928927,0.8,0.6182412596877289,0.2711210877186482,0.1221731066271246,0.5409299114684244,0.5436413339331339,-16.227494218443788
parent_human_capital_complements,low h,0.8,1,0.5108660230672385,0.8,0.6182627273482493,0.2711350395892054,0.12217172966020656,0.5412825342435699,0.5439957242372953,-16.224625044244437
parent_human_capital_complements,low h,0.8,1,0.5118427829191048,0.8,0.6181781399428741,0.271149727182338,0.12227746719969265,0.5417066012555108,0.5444219168939793,-16.221627593605668
parent_human_capital_complements,low h,0.8,1,0.5128630955033207,0.8,0.6180900038781745,0.27116505356707066,0.1223876732584073,0.5421488435157936,0.5448663759028168,-16.21850153195961
parent_human_capital_complements,low h,0.8,1,0.5139272136779165,0.8,0.6179988412619394,0.2711808417243805,0.12250157082116866,0.5426088906457663,0.5453287290286248,-16.215246733952913
parent_human_capital_complements,low h,0.8,1,0.5150354015085564,0.8,0.6180924359945789,0.2711646042672909,0.12238459415032003,0.5429674931089656,0.545689128994151,-16.211865453097293
parent_human_capital_complements,low h,0.8,1,0.5161879343777439,0.8,0.6179935591365587,0.27118176693877627,0.12250818525527911,0.5434643296512357,0.546188455939953,-16.208361364343215
parent_human_capital_complements,low h,0.8,1,0.5173850990988615,0.8,0.6180343970605138,0.2711746984426527,0.1224571686969061,0.5438881878139671,0.5466144387005665,-16.204732102793525
parent_human_capital_complements,low h,0.8,1,0.5186271940351138,0.8,0.6179283801753168,0.27119310707477834,0.12258969401236412,0.5444215159797722,0.5471504401849276,-16.200977137203786
parent_human_capital_complements,low h,0.8,1,0.5199145292234401,0.8,0.6178893391404562,0.27115990954841446,0.12258093060926063,0.544901564967508,0.547632895428228,-16.197094643261828
parent_human_capital_complements,low h,0.8,1,0.5212474265034702,0.8,0.6180287290226716,0.27117546244930546,0.1224639369043283,0.5453365598852341,0.5480700707670529,-16.193097111858844
parent_human_capital_complements,low h,0.8,1,0.5226262196515982,0.8,0.617911913826766,0.2711959584358826,0.12261026632090502,0.5459249465049427,0.5486614066869661,-16.18897217820585
parent_human_capital_complements,low h,0.8,1,0.5240512545202515,0.8,0.6177917405128495,0.2712168263350812,0.1227604894096675,0.5465314145390034,0.5492709146546981,-16.184718372470098
parent_human_capital_complements,low h,0.8,1,0.5255228891824385,0.8,0.6179999846080574,0.27121301543613213,0.12254675761997288,0.5469650445665498,0.5497067182618028,-16.180340592032163
parent_human_capital_complements,low h,0.8,1,0.5270414940816569,0.8,0.6179087121648668,0.2711963162064652,0.12261398317244321,0.5475632939900428,0.5503079664230102,-16.175849760806567
parent_human_capital_complements,low h,0.8,1,0.5286074521872524,0.8,0.6177777703737753,0.2712192573180766,0.12277796016425502,0.5482250545301114,0.55097304405159,-16.171230292581296
parent_human_capital_complements,low h,0.8,1,0.5302211591553182,0.8,0.6176696112892994,0.27123802809091513,0.12291314916161843,0.5488881810650853,0.5516394945221528,-16.16648285650091
parent_human_capital_complements,low h,0.8,1,0.5318830234952302,0.8,0.617713030882863,0.27123048741271244,0.12285887099144295,0.5494698659484174,0.5522240951130961,-16.16161418452727
parent_human_capital_complements,low h,0.8,1,0.5335934667419154,0.8,0.6177496414673588,0.27122411594558493,0.1228130854942836,0.5500718656024156,0.5528291123029174,-16.15662323693686
parent_human_capital_complements,low h,0.8,1,0.5353529236339561,0.8,0.6176048905261053,0.2712492598547922,0.12299404366479535,0.5508070617672921,0.5535679936539061,-16.151512182595884
parent_human_capital_complements,low h,0.8,1,0.537161842297634,0.8,0.6176224778394618,0.2712461900801967,0.12297203587602146,0.5514535223801531,0.5542176946640739,-16.146275827015202
parent_human_capital_complements,low h,0.8,1,0.5390206844370244,0.8,0.6174712045741889,0.27127247864893855,0.12316116468028268,0.5522254318576104,0.5549934733538886,-16.14091780526032
parent_human_capital_complements,low h,0.8,1,0.5409299255302531,0.8,0.6173392347186829,0.2712953739959514,0.12332610383548702,0.5530011190575068,0.5557730487020547,-16.135431571083583
parent_human_capital_complements,low h,0.8,1,0.5428900550320312,0.8,0.6176381907683552,0.2712434743436469,0.12295241228649627,0.5535132851754845,0.5562877820633823,-16.129828340210334
parent_human_capital_complements,low h,0.8,1,0.5449015765825912,0.8,0.617476346455154,0.2712713666436116,0.12315442151164673,0.5543407386375181,0.5571193831531543,-16.124117438955043
parent_human_capital_complements,low h,0.8,1,0.5469650082231464,0.8,0.6173104172601166,0.2713004052723523,0.12336216633207064,0.5551875366601549,0.5579704257685433,-16.118277412289086
parent_human_capital_complements,low h,0.8,1,0.5490808826180046,0.8,0.6173527845016918,0.2712930459833028,0.12330920171426421,0.5559147503192289,0.5587012846012528,-16.112312446234398
parent_human_capital_complements,low h,0.8,1,0.5512497472834679,0.8,0.6173470163942253,0.2712940196631861,0.12331637192076275,0.5566894847334831,0.559479902387919,-16.106232996591054
parent_human_capital_complements,low h,0.8,1,0.5534721648236569,0.8,0.6171716019976108,0.2713245024846479,0.12353568158028219,0.557591536419829,0.5603864756271588,-16.10003455462911
parent_human_capital_complements,low h,0.8,1,0.5557487131734017,0.8,0.6172568208375989,0.271309680936202,0.12342911971053204,0.5583392315574458,0.5611379186022495,-16.093714791698922
parent_human_capital_complements,low h,0.8,1,0.5580799858483445,0.8,0.6170739227391588,0.27134145985303304,0.12365777944920872,0.5592791205004161,0.562082518758152,-16.087279257375027
parent_human_capital_complements,low h,0.8,1,0.5604665922024078,0.8,0.6170896134541702,0.27133874951826137,0.12363818585212613,0.5601050074972489,0.5629125455307838,-16.08071891589301
parent_human_capital_complements,low h,0.8,1,0.5629091576927818,0.8,0.617084561931623,0.27133958217181214,0.12364443639578643,0.560960744041333,0.5637725714721454,-16.074049716616468
parent_human_capital_complements,low h,0.8,1,0.5654083241525933,0.8,0.6169139916241911,0.2713692225678148,0.12385768887346227,0.5619421102537956,0.5647588568032186,-16.06725975786824
parent_human_capital_complements,low h,0.8,1,0.5679647500714233,0.8,0.616773501760878,0.27137746027501364,0.12401004103514165,0.5629091227229873,0.5657307164425834,-16.060343577755845
parent_human_capital_complements,low h,0.8,1,0.5705791108838415,0.8,0.6170658636334501,0.2713426018116787,0.12366748297536725,0.5636280382275163,0.566453235526075,-16.053332233042443
parent_human_capital_complements,low h,0.8,1,0.5732520992661372,0.8,0.6169043057835446,0.27137090908797423,0.12386980330313829,0.5646532727305127,0.5674836090384034,-16.046205918293886
parent_human_capital_complements,low h,0.8,1,0.5759844254414287,0.8,0.6170057799988463,0.27135330315608064,0.12374297654590985,0.5655199513744315,0.5683546319271031,-16.038961700818135
parent_human_capital_complements,low h,0.8,1,0.578776817493336,0.8,0.6168727284516976,0.27137638529402464,0.12390926637169797,0.5665592252222464,0.5693991151567591,-16.031612726572487
parent_human_capital_complements,low h,0.8,1,0.5816300216884137,0.8,0.6168958201736904,0.27137214527670606,0.12388006902476645,0.5675106757504326,0.5703553348505644,-16.024151200068278
parent_human_capital_complements,low h,0.8,1,0.5845448028075416,0.8,0.6169476430431653,0.2713631533347629,0.12381529775889331,0.5684593408220682,0.57130875512566,-16.0165834970797
parent_human_capital_complements,low h,0.8,1,0.5875219444864789,0.8,0.6168141378806222,0.27138631389151324,0.12398215412315694,0.5695488105855744,0.5724036858790816,-16.008901364207382
parent_human_capital_complements,low h,0.8,1,0.5905622495657936,0.8,0.6168139578548839,0.2713867315687331,0.12398293560409178,0.5705656089641663,0.5734255809807561,-16.001099790027162
parent_human_capital_complements,low h,0.8,1,0.5936665404503856,0.8,0.6169381102760522,0.2713648186418643,0.12382722856823233,0.5715143546305088,0.5743790822545414,-15.993215542635436
parent_human_capital_complements,low h,0.8,1,0.5968356594788269,0.8,0.616741987270235,0.27139910529125577,0.12407272434917337,0.5726964201035409,0.5755670728554142,-15.985211551139644
parent_human_capital_complements,low h,0.8,1,0.600070469302753,0.8,0.6169237605153706,0.27136729642110613,0.12384514633102225,0.5736388104781803,0.5765141869814643,-15.977098723417349
parent_human_capital_complements,low h,0.8,1,0.6033718532765401,0.8,0.616911876774475,0.27136959177954706,0.12386033538807273,0.5747291979787579,0.5776100400721331,-15.968894509426555
parent_human_capital_complements,low h,0.8,1,0.6067407158575169,0.8,0.6167128373374514,0.2714043576820369,0.12410943772468172,0.5759638177110814,0.5788508483616185,-15.960575244396843
parent_human_capital_complements,low h,0.8,1,0.6101779830169621,0.8,0.6167253642262773,0.27140196539262074,0.12409346593909648,0.5770706793396274,0.5799632581571662,-15.95215165441979
parent_human_capital_complements,low h,0.8,1,0.6136846026621482,0.8,0.6167765761572961,0.27139282368408424,0.12402908994778511,0.5781675035590379,0.5810655802308554,-15.943615433594655
parent_human_capital_complements,low h,0.8,1,0.6172615450697004,0.8,0.6167833360389475,0.271391670284289,0.12402066917042873,0.5793114666607603,0.5822152774714875,-15.934988225849
parent_human_capital_complements,low h,0.8,1,0.6209098033305457,0.8,0.6165887489574055,0.2714257216772616,0.12426429025785123,0.5806109400883283,0.5835212645367175,-15.926253256593311
parent_human_capital_complements,low h,0.8,1,0.6246303938067362,0.8,0.6168761330371217,0.2714253339533604,0.12397634785571726,0.5816300669315695,0.5845454997745189,-15.917400866658099
parent_human_capital_complements,low h,0.8,1,0.6284243566004422,0.8,0.6167674261226535,0.271394678483006,0.12404091089287525,0.582868065881251,0.5857897042197595,-15.908483989529497
parent_human_capital_complements,low h,0.8,1,0.6322927560354111,0.8,0.6166473056690235,0.2714155322401658,0.1241910607568153,0.5841666761009575,0.5870948237502807,-15.899453492053738
parent_human_capital_complements,low h,0.8,1,0.6362366811512086,0.8,0.6167363241743606,0.2713998480848505,0.12407945706782406,0.5853364478131154,0.5882704589675464,-15.890327132920453
parent_human_capital_complements,low h,0.8,1,0.6402572462105554,0.8,0.6166775069641697,0.2714100418920766,0.1241529533604207,0.5866260725876541,0.5895665480131682,-15.881106161625095
parent_human_capital_complements,low h,0.8,1,0.6443555912200942,0.8,0.616643604921709,0.27141592870432757,0.12419533241252273,0.5879151687447928,0.5908621057916845,-15.871775141604727
parent_human_capital_complements,low h,0.8,1,0.6485328824649206,0.8,0.6164373985890339,0.27145202605728347,0.1244535189334543,0.5893424033946063,0.5922964944849513,-15.86234279204291
parent_human_capital_complements,low h,0.8,1,0.652790313057229,0.8,0.6165067872745882,0.27139829114987407,0.12430675198123041,0.5905622412036836,0.5935224467564918,-15.852812720779411
parent_human_capital_complements,low h,0.8,1,0.6571291034994325,0.8,0.6165041545772678,0.2714403880573361,0.12437000422529615,0.5919105184860224,0.5948774823068325,-15.843193109723622
parent_human_capital_complements,low h,0.8,1,0.6615505022621248,0.8,0.6163374134893777,0.2714690759865136,0.12457805593120194,0.5933611530696431,0.5963353882265631,-15.833460519089495
parent_human_capital_complements,low h,0.8,1,0.6660557863772645,0.8,0.6167937483404963,0.27138985958072465,0.12400764945574726,0.5943861880450698,0.5973655612111856,-15.823675598242168
parent_human_capital_complements,low h,0.8,1,0.6706462620469753,0.8,0.6165741661324339,0.2714282337799524,0.12428249051069762,0.5959088844323337,0.5988958901458533,-15.813798587655743
parent_human_capital_complements,low h,0.8,1,0.6753232652683625,0.8,0.6165749139474505,0.2714278645682202,0.1242812110307866,0.597291061103797,0.6002849950067137,-15.803811631992943
parent_human_capital_complements,low h,0.8,1,0.6800881624747613,0.8,0.6164473631786072,0.2714502523780571,0.12444100024579513,0.5987825880040947,0.6017839982167112,-15.79374147658711
parent_human_capital_complements,low h,0.8,1,0.6849423511938463,0.8,0.6164407966104575,0.2714513714544034,0.12444917828388347,0.6002041593835368,0.603212695252346,-15.78356007127217
parent_human_capital_complements,low h,0.8,1,0.6898872607230374,0.8,0.6163363879489929,0.27144529952046254,0.12454484336047326,0.6016951476334851,0.6047111571119984,-15.77329194458091
parent_human_capital_complements,low h,0.8,1,0.6949243528226603,0.8,0.6163494635910979,0.27146722118759187,0.12456333491903436,0.6031546972820548,0.6061780227836269,-15.762936907910017
parent_human_capital_complements,low h,0.8,1,0.7000551224273222,0.8,0.6164054074627284,0.2714575278465222,0.12449343263626358,0.6045817306376715,0.6076122091737056,-15.752510599934148
parent_human_capital_complements,low h,0.8,1,0.7052810983759861,0.8,0.6164242066570828,0.2714540033703688,0.12446955819624843,0.6060522771357529,0.6090901268167834,-15.741980281613145
parent_human_capital_complements,low h,0.8,1,0.7106038441612367,0.8,0.6165620158729035,0.2714300788069657,0.12429729760912708,0.6074525890928726,0.6104974578667978,-15.731384651087954
parent_human_capital_complements,low h,0.8,1,0.7160249586982449,0.8,0.6162474812452853,0.2714849910281175,0.12469090583520404,0.6092019356771899,0.6122555730873595,-15.720698159644243
parent_human_capital_complements,low h,0.8,1,0.7215460771139571,0.8,0.6164641776198085,0.2714470873417275,0.12441962815227912,0.6105775691828749,0.6136381019846865,-15.709917465491662
parent_human_capital_complements,low h,0.8,1,0.7271688715570458,0.8,0.6163069197901975,0.2714743839138018,0.12461619304567716,0.6122459946486006,0.6153148904678615,-15.699064457571442
parent_human_capital_complements,low h,0.8,1,0.7328950520291776,0.8,0.6162970415873809,0.2714763655970175,0.12462892487232438,0.6138229312872207,0.6168997315342765,-15.688108902212512
parent_human_capital_complements,low h,0.8,1,0.7387263672381705,0.8,0.6163150834423072,0.2714729723752883,0.12460599677810785,0.615395679814427,0.6184803634962821,-15.677094470511726
parent_human_capital_complements,low h,0.8,1,0.7446646054736273,0.8,0.6160866677795509,0.2715126312287356,0.12489152118982833,0.6171696794241972,0.6202632553161008,-15.665981916470779
parent_human_capital_complements,low h,0.8,1,0.7507115955056528,0.8,0.6162131869062043,0.2715025272814654,0.12475045237910601,0.618705020705229,0.6218062925273301,-15.65479928692195
parent_human_capital_complements,low h,0.8,1,0.7568692075072764,0.8,0.61610590977485,0.27150953317006266,0.12486781799004022,0.6204142771981216,0.6235241167040474,-15.643535494366418
parent_human_capital_complements,low h,0.8,1,0.7631393540012239,0.8,0.6162764850993321,0.27147965314751066,0.12465421543308336,0.6219401000511955,0.6250575877760002,-15.632201041160648
parent_human_capital_complements,low h,0.8,1,0.7695239908317001,0.8,0.6161432108390514,0.2715257161222931,0.12485382037705058,0.6237306801937758,0.6268571432388955,-15.620776666090112
parent_human_capital_complements,low h,0.8,1,0.7760251181618615,0.8,0.6162222985923951,0.271489101460253,0.1247220075103692,0.6253412845722047,0.6284758208053675,-15.609293518537248
parent_human_capital_complements,low h,0.8,1,0.7826447814976824,0.8,0.6160236848153827,0.2715235476481462,0.12497022379794784,0.6271985787392319,0.6303424246981492,-15.597722501424673
parent_human_capital_complements,low h,0.8,1,0.7893850727389358,0.8,0.6163232854350845,0.2714715423246058,0.12459573551234784,0.6286920590089397,0.6318433910688618,-15.5860665831367
parent_human_capital_complements,low h,0.8,1,0.7962481312580323,0.8,0.616061676944615,0.2715172061343374,0.12492309988883092,0.6306331142534,0.6337941758932242,-15.574370282003091
parent_human_capital_complements,low h,0.8,1,0.8032361450074849,0.8,0.616171655889096,0.27149811898538456,0.12478563544985782,0.6323053858824916,0.6354748298187392,-15.562568524443268
parent_human_capital_complements,low h,0.8,1,0.8103513516567865,0.8,0.6160684854110554,0.2715157319882976,0.12491416865209318,0.6341591229653578,0.637337858797401,-15.550720472797067
parent_human_capital_complements,low h,0.8,1,0.8175960397595149,0.8,0.6158307451826148,0.2715569390364606,0.1252112470298885,0.6361352792801085,0.639323920636901,-15.538784013388998
parent_human_capital_complements,low h,0.8,1,0.8249725499515008,0.8,0.61598219802745,0.2715310540028999,0.1250225197367259,0.6378265094802359,0.6410236281636845,-15.526787908589796
parent_human_capital_complements,low h,0.8,1,0.8324832761809209,0.8,0.61586541540917,0.27155128477973955,0.12516843467365502,0.6397437104954363,0.6429504391889653,-15.514722089982914
parent_human_capital_complements,low h,0.8,1,0.8401306669712053,0.8,0.6160601352344643,0.2715172404577863,0.12492469102474787,0.6414333742240971,0.6446485723923113,-15.502599607898523
parent_human_capital_complements,low h,0.8,1,0.8479172267176741,0.8,0.6159577066835611,0.27153499885716226,0.12505269167075267,0.6433739178213115,0.6465988430047854,-15.490401169331788
parent_human_capital_complements,low h,0.8,1,0.8558455170188431,0.8,0.6160440279953591,0.27152001340008436,0.12494479130076241,0.6451823611045161,0.64841635114767,-15.478157974079346
parent_human_capital_complements,low h,0.8,1,0.8639181580433734,0.8,0.6158080138701986,0.2715609922628479,0.12523981498830236,0.6472641264782487,0.6505085514137631,-15.465832220907041
parent_human_capital_complements,low h,0.8,1,0.8721378299336601,0.8,0.6160632805646802,0.2715166730139732,0.12492072857544129,0.6489714895209955,0.652224472649376,-15.453439586482528
parent_human_capital_complements,low h,0.8,1,0.8805072742470966,0.8,0.6158184517635383,0.2715590704862696,0.12522660973668992,0.6510958675370814,0.6543594991545809,-15.441001643515413
parent_human_capital_complements,low h,0.8,1,0.88902929543607,0.8,0.6160987521050063,0.27151082322606024,0.12487683334052041,0.6528157148548868,0.6560879672429417,-15.4284711850361
parent_human_capital_complements,low h,0.8,1,0.8977067623677852,0.8,0.6159515434286618,0.27153632053571974,0.12506075814277473,0.6548967454346764,0.6581794290319215,-15.415941866561983
parent_human_capital_complements,low h,0.8,1,0.9065426098850453,0.8,0.6157495637245729,0.27156504715847646,0.12530410418363327,0.6570348835130098,0.6603282845719729,-15.40331348869044
parent_human_capital_complements,low h,0.8,1,0.9155398404091444,0.8,0.6159773116733753,0.27153161874582393,0.1250282193206111,0.6588510951490293,0.6621536000067031,-15.390648853870307
parent_human_capital_complements,low h,0.8,1,0.9247015255860773,0.8,0.6157151742583076,0.2715773636752509,0.12535622943405372,0.661079468048799,0.6643931426721155,-15.377917091279073
parent_human_capital_complements,low h,0.8,1,0.9340308079772923,0.8,0.6157932032604156,0.27156379245757556,0.12525865787849316,0.6630464221847342,0.6663699562066864,-15.36511941093032
parent_human_capital_complements,low h,0.8,1,0.9435309027962627,0.8,0.6156153370074713,0.2715944620699687,0.1254806883732837,0.6652410897521606,0.6685756245910739,-15.352266123109358
parent_human_capital_complements,low h,0.8,1,0.9532050996921831,0.8,0.6160083331072751,0.27152622365946893,0.12498942896236018,0.6669802929988013,0.6703235456302673,-15.339367655840073
parent_human_capital_complements,low h,0.8,1,0.9630567645821445,0.8,0.6159248944225424,0.2715409499461808,0.12509407349995788,0.6691312810253394,0.6724853155291566,-15.326430622750639
parent_human_capital_complements,low h,0.8,1,0.9730893415331738,0.8,0.6159710738718593,0.2715327007978323,0.12503601527701927,0.6711907327185047,0.674555090266893,-15.313453264448631
parent_human_capital_complements,low h,0.8,1,0.9833063546955787,0.8,0.6157069731811153,0.27157852414606554,0.12536610158921907,0.6735281161047824,0.6769041898361506,-15.300405782319096
parent_human_capital_complements,low h,0.8,1,0.9937114102890687,0.8,0.6159184276913454,0.27154209460571543,0.1251021885408849,0.6754827353833912,0.6788686066846658,-15.287296521603798
parent_human_capital_complements,low h,0.8,1,1.0043081986431819,0.8,0.615722746345018,0.2715758067402745,0.12534641536097724,0.6777978266592739,0.6811953024038602,-15.274156299307172
parent_human_capital_complements,low h,0.8,1,1.0151004962935855,0.8,0.615561178223351,0.27158789404000155,0.1255253891942512,0.680088140741705,0.6834970967334041,-15.26093496518007
parent_human_capital_complements,low h,0.8,1,1.0260921681358672,0.8,0.6158911585359244,0.27154656717856385,0.12513589820120768,0.6820041598416335,0.6854227199190381,-15.247729499417375
parent_human_capital_complements,low h,0.8,1,1.037287169638491,0.8,0.6154907804538197,0.27161632112957174,0.1256367219727637,0.6845484795164634,0.687979793049311,-15.234444758485353
parent_human_capital_complements,low h,0.8,1,1.0486895491166357,0.8,0.6158455122978808,0.27155447269836847,0.12519292838776985,0.6864603373806333,0.6899012341409052,-15.221129773848684
parent_human_capital_complements,low h,0.8,1,1.0603034500686892,0.8,0.6156346894638103,0.2715910432650512,0.12545641283786346,0.6888770271870778,0.6923300376554152,-15.207758427981291
parent_human_capital_complements,low h,0.8,1,1.0721331135772334,0.8,0.6156841910706325,0.2715825103947962,0.12539462389787398,0.691085363701332,0.6945494435025117,-15.194349251757217
parent_human_capital_complements,low h,0.8,1,1.0841828807763967,0.8,0.615677265920985,0.27158370248817065,0.12540326566198073,0.6933593976994469,0.6968348761434772,-15.180905750645868
parent_human_capital_complements,low h,0.8,1,1.0964571953875313,0.8,0.61571945622845,0.2715763714831986,0.12535051870735595,0.6956070401101735,0.6990937849086719,-15.16741256493426
parent_human_capital_complements,low h,0.8,1,1.1089606063252093,0.8,0.6157170230077641,0.27157678479028813,0.12535354709025082,0.6979104804357287,0.7014087712769075,-15.153891620923218
parent_human_capital_complements,low h,0.8,1,1.1216977703756155,0.8,0.6156890471374447,0.27158189178460634,0.12538887703238843,0.7002535390603505,0.7037635745317599,-15.140317910806791
parent_human_capital_complements,low h,0.8,1,1.1346734549494641,0.8,0.6154744364729487,0.27161893286412686,0.12565682685139407,0.7027793266795378,0.7063020227140748,-15.12671704308745
parent_human_capital_complements,low h,0.8,1,1.147892540911644,0.8,0.6153809226229472,0.27163504613781164,0.1257735438155016,0.7052151127878569,0.7087500182510708,-15.113065316538055
parent_human_capital_complements,low h,0.8,1,1.1613600254898573,0.8,0.6156361136455242,0.27159108465951953,0.12545504826418397,0.7073553077749819,0.710900941010212,-15.099422745686603
parent_human_capital_complements,low h,0.8,1,1.1750810252645967,0.8,0.6155758176765336,0.27160126702559595,0.12553000684032473,0.7097942903721565,0.7133521490585307,-15.085705149177517
parent_human_capital_complements,low h,0.8,1,1.189060779242872,0.8,0.6155916970425773,0.27159880068750375,0.1255105759474281,0.7121816745116119,0.7157515000107845,-15.07198533728167
parent_human_capital_complements,low h,0.8,1,1.2033046520181812,0.8,0.6154012838004668,0.2716316088207251,0.12574823290137754,0.7147729761205189,0.7183557905730592,-15.058202376025475
parent_human_capital_complements,low h,0.8,1,1.217818137019287,0.8,0.6156517919086133,0.27158810204399086,0.1254350750347335,0.7169786453876209,0.7205725158033714,-15.044405005434186
parent_human_capital_complements,low h,0.8,1,1.2326068598504607,0.8,0.6154317730461286,0.2716229833896251,0.12570532303493154,0.7196285723017417,0.7232357255314253,-15.030578861647605
parent_human_capital_complements,low h,0.8,1,1.247676581725918,0.8,0.6155283110019558,0.27160045018332524,0.1255763372620326,0.7220015788025871,0.7256206267768556,-15.016697486358318
parent_human_capital_complements,low h,0.8,1,1.2630332030012734,0.8,0.6155710195776585,0.2716021525147646,0.1255360800436025,0.724454367995961,0.728085710627225,-15.002849514239736
parent_human_capital_complements,low h,0.8,1,1.2786827668049243,0.8,0.6152504030613729,0.2715705630897539,0.12581120778787266,0.7271688671018532,0.7308138162165083,-14.988921853153105
parent_human_capital_complements,low h,0.8,1,1.294631462772364,0.8,0.6155159373240121,0.271611696089241,0.1256049050444951,0.7295218846906344,0.7331786283550357,-14.975001654536996
parent_human_capital_complements,low h,0.8,1,1.31088563088653,0.8,0.615119948654351,0.27168036361811027,0.12609977495572772,0.7324271183404412,0.7360984245491137,-14.961024414611991
parent_human_capital_complements,low h,0.8,1,1.3274517654273796,0.8,0.6153679456043649,0.27163740847390916,0.12578992259806432,0.7347430754430081,0.7384259904349667,-14.94704106163458
parent_human_capital_complements,low h,0.8,1,1.3443365190339982,0.8,0.6153061419263096,0.27164804991167385,0.12586704994650078,0.7373670787317735,0.7410631465949522,-14.933038314180276
parent_human_capital_complements,low h,0.8,1,1.3615467068826452,0.8,0.6155325722997634,0.27160881040468765,0.1255841146829868,0.7397322532200673,0.7434401765697047,-14.919021475336208
parent_human_capital_complements,low h,0.8,1,1.3790893109842512,0.8,0.615344215260611,0.2716345941371428,0.1258096002968747,0.7425028981170319,0.7462247093820092,-14.904977108376283
parent_human_capital_complements,low h,0.8,1,1.3969714846049992,0.8,0.6154606665778823,0.2716213251535431,0.1256740416432197,0.7450107028113074,0.7487450844996262,-14.890911120027837
parent_human_capital_complements,low h,0.8,1,1.4152005568137338,0.8,0.6152844426596344,0.2716521445325294,0.12589464546720788,0.7478104844680472,0.7515589001203221,-14.87681218122598
parent_human_capital_complements,low h,0.8,1,1.4337840371600625,0.8,0.6151260905545837,0.27167929570814064,0.12609209526513884,0.7506095518099333,0.7543719978456463,-14.862698729467724
parent_human_capital_complements,low h,0.8,1,1.4527296204871472,0.8,0.6155066306707648,0.2716135623293124,0.12561689908344492,0.7528989291113872,0.7566728506985788,-14.848604251586462
parent_human_capital_complements,low h,0.8,1,1.4720451918832933,0.8,0.615297888192744,0.27164980944886147,0.12587783741361652,0.7557800387216097,0.7595684019308209,-14.834471814641763
parent_human_capital_complements,low h,0.8,1,1.4917388317766058,0.8,0.615457699358831,0.2716218071075306,0.1256777028760131,0.7583137604968732,0.7621148240393346,-14.82033303488917
parent_human_capital_complements,low h,0.8,1,1.5118188211770927,0.8,0.6150475663393242,0.2716930281335589,0.12619039417300054,0.7614281443024912,0.7652448187587425,-14.806166211491021
parent_human_capital_complements,low h,0.8,1,1.5322936470707536,0.8,0.6155506458232822,0.2716056709515464,0.12556152034694473,0.7636499388134426,0.7674777500610253,-14.791972375240166
parent_human_capital_complements,low h,0.8,1,1.5531720079703377,0.8,0.615117500953054,0.2716811292940043,0.12610332523031223,0.766822386893437,0.770666100103196,-14.777803452166927
parent_human_capital_complements,low h,0.8,1,1.5744628196276003,0.8,0.615028658574744,0.27156027235155245,0.12601813361149164,0.7695239834637466,0.7733812384826682,-14.763563255731567
parent_human_capital_complements,low h,0.8,1,1.5961752209120554,0.8,0.6153312479381616,0.27164403370962453,0.1258361606036978,0.7721303996423889,0.776000719376774,-14.749404925074668
parent_human_capital_complements,low h,0.8,1,1.618318579861377,0.8,0.6151339183916564,0.2716780224950708,0.12608243400124547,0.7751151283322182,0.7790004090814208,-14.735186948346767
parent_human_capital_complements,low h,0.8,1,1.6409024999087747,0.8,0.6153783898521312,0.2716355536749875,0.1257768074398507,0.777664837855961,0.7815628990773367,-14.720975256965374
parent_human_capital_complements,low h,0.8,1,1.6639368262928396,0.8,0.6151500036812672,0.2716752266704734,0.12606232272421458,0.780713743943465,0.7846270878702027,-14.706752517382625
parent_human_capital_complements,low h,0.8,1,1.6874316526555453,0.8,0.615130924944782,0.2716785387725072,0.12608617088762836,0.7835633677552561,0.7874909954807919,-14.692502670384393
parent_human_capital_complements,low h,0.8,1,1.7113973278342638,0.8,0.6151919915384937,0.2716679370599696,0.12600983782786257,0.7863447526455513,0.7902863221208677,-14.678265202337602
parent_human_capital_complements,low h,0.8,1,1.7358444628538618,0.8,0.6148893858588873,0.2715961044947708,0.12620900461358264,0.7893850675486078,0.7933418766657949,-14.66399678738002
parent_human_capital_complements,low h,0.8,1,1.7607839381251333,0.8,0.6151813097775833,0.27166979352813253,0.12602319290292757,0.7920891083050172,0.7960594714829005,-14.649762070873473
parent_human_capital_complements,low h,0.8,1,1.7862269108560356,0.8,0.615040947690559,0.27169444674309173,0.12619905561949313,0.7951259458149248,0.7991115312041731,-14.635540656635387
parent_human_capital_complements,low h,0.8,1,1.8121848226824113,0.8,0.6152221056501707,0.2716629727612253,0.12597257512599377,0.797837601460742,0.8018367790804786,-14.62129034660448
parent_human_capital_complements,low h,0.8,1,1.8386694075250942,0.8,0.6149936263919206,0.27170238491710397,0.12625780788870922,0.8009978470189777,0.8050128654354956,-14.607041592100671
parent_human_capital_complements,low h,0.8,1,1.8656926996805347,0.8,0.6152807476519,0.27167092674651755,0.12592538686308535,0.8036434339461832,0.8076717134223591,-14.592772481843578
parent_human_capital_complements,low h,0.8,1,1.8932670421523103,0.8,0.614858188400925,0.2717258961734175,0.12642710208879626,0.8070228609936403,0.8110680799183845,-14.578530164054186
parent_human_capital_complements,low h,0.8,1,1.921405095231136,0.8,0.6150132647813502,0.27171967447288337,0.1262630664596019,0.809840175155014,0.8138995159257596,-14.564259058268634
parent_human_capital_complements,low h,0.8,1,1.9501198453312445,0.8,0.615180873439851,0.2716701257155268,0.12602410759050758,0.8126097251118228,0.8166829483094981,-14.550060155287207
parent_human_capital_complements,low h,0.8,1,1.979424614091259,0.8,0.6149578538867755,0.27170884624418745,0.12630288470485446,0.8158410969423496,0.8199305174587298,-14.53581590726149
parent_human_capital_complements,low h,0.8,1,2.009333067747975,0.8,0.6151032851804682,0.2716762531859747,0.12611051940733542,0.8186757166180602,0.8227793457246934,-14.521597718814672
parent_human_capital_complements,low h,0.8,1,2.0398592267917226,0.8,0.6146923090207507,0.2717547082859999,0.12663447091108926,0.8221524743439571,0.8262735307712145,-14.50735935430043
parent_human_capital_complements,low h,0.8,1,2.071017475912293,0.8,0.6148136289941877,0.2716666796581797,0.12638638971359112,0.8249725229032174,0.8291077148827026,-14.493107226360816
parent_human_capital_complements,low h,0.8,1,2.1028225742447084,0.8,0.6149631399639981,0.27170792810081107,0.12629627650116992,0.8279274031621202,0.8320774065405401,-14.478925330510382
parent_human_capital_complements,low h,0.8,1,2.135289665924415,0.8,0.6147627747010144,0.271742731027639,0.1265467579787859,0.8312083111044309,0.8353747601023495,-14.46471711315478
parent_human_capital_complements,low h,0.8,1,2.168434290961828,0.8,0.6151208598242438,0.271680269388024,0.12609872809451073,0.8338757171548471,0.8380555365812338,-14.450536249762528
parent_human_capital_complements,low h,0.8,1,2.2022723964464688,0.8,0.6148726696098281,0.2717233769997074,0.12640899326975058,0.837238674324393,0.8414353506437413,-14.436366276386735
parent_human_capital_complements,low h,0.8,1,2.23682034809129,0.8,0.6149780164260632,0.2717053490204636,0.1262776861634045,0.8402154762904378,0.8444270738917352,-14.422163929032735
parent_human_capital_complements,low h,0.8,1,2.2720949421281498,0.8,0.6150360455833632,0.27169502395881323,0.12620478891732784,0.8432573236212025,0.8474841685456964,-14.408026389158042
parent_human_capital_complements,low h,0.8,1,2.308113417565749,0.8,0.6146333574080701,0.27176495055871364,0.1267081713964776,0.8468407419738765,0.8510855488576112,-14.393875844339147
parent_human_capital_complements,low h,0.8,1,2.344893468821764,0.8,0.6150441250954938,0.2716796622189838,0.126174588499843,0.8494855711371258,0.8537436352822109,-14.379726954407468
parent_human_capital_complements,low h,0.8,1,2.382453258741261,0.8,0.6147881259325036,0.271738083105009,0.12651471373870943,0.8529454741874761,0.8572208811687726,-14.365643041566813
parent_human_capital_complements,low h,0.8,1,2.4208114320139376,0.8,0.6149110909917663,0.2717169614372226,0.12636133347783435,0.8559619949446242,0.8602525222991387,-14.351506731204292
parent_human_capital_complements,low h,0.8,1,2.4599871290031343,0.8,0.6149127081938316,0.2717164266476172,0.12635894617873725,0.859130931500474,0.8634373432155769,-14.33744505156762
parent_human_capital_complements,low h,0.8,1,2.5,0.8,0.6144697276378108,0.2717933476949652,0.12691269304293915,0.8628356973306937,0.8671606792617996,-14.32335737284483
parent_human_capital_complements,low h,0.8,2,0.5,0.8,0.5315444215578161,0.2963722857655727,0.2665704745197298,0.6120229594518197,0.6150907373025043,-16.107639439647638
parent_human_capital_complements,low h,0.8,2,0.5000203210855501,0.8,0.5315415900272469,0.2963727475381499,0.26657400425043587,0.6120333469026517,0.6151011768206502,-16.107439238923135
parent_human_capital_complements,low h,0.8,2,0.5000812892976928,0.8,0.5315331977727453,0.29637412475321445,0.266584478854115,0.6120644782106465,0.6151324641749757,-16.106838627756108
parent_human_capital_complements,low h,0.8,2,0.5001829195049198,0.8,0.5315192178147343,0.2963764402930656,0.26660195990838087,0.6121163697877835,0.6151846158597258,-16.1058375791863
parent_human_capital_complements,low h,0.8,2,0.5003252364947652,0.8,0.5314996417267479,0.29637969789024016,0.2666264614832953,0.612189027635065,0.6152576379059823,-16.10443604828296
parent_human_capital_complements,low h,0.8,2,0.5005082749838822,0.8,0.5314744507838636,0.296383852417733,0.26665793407174876,0.6122824459798869,0.6153515245122062,-16.10263397215448
parent_human_capital_complements,low h,0.8,2,0.500732079632158,0.8,0.5314436781241513,0.2963889893653699,0.266696473796288,0.6123966472029511,0.6154662981712832,-16.100431269972603
parent_human_capital_complements,low h,0.8,2,0.5009967050608752,0.8,0.5314472379815209,0.2963883505737698,0.26669194808601904,0.6125181787172364,0.6155884388648188,-16.097828163161864
parent_human_capital_complements,low h,0.8,2,0.5013022158749305,0.8,0.5314053017593425,0.29639529218559946,0.26674438002528394,0.6126739091738413,0.615744949923586,-16.09482491174775
parent_human_capital_complements,low h,0.8,2,0.5016486866891229,0.8,0.5313577624423484,0.29640314216889707,0.266803788517024,0.6128504234049003,0.6159223489359101,-16.09142082006856
parent_human_capital_complements,low h,0.8,2,0.502036202158526,0.8,0.5313046496710527,0.296411963131189,0.26687023858330505,0.6130477413130894,0.61612065590423,-16.087615735801112
parent_human_capital_complements,low h,0.8,2,0.502464857012963,0.8,0.5312458536217324,0.29642181601076034,0.2669439321865372,0.6132659227214301,0.6163399309514311,-16.083409488828725
parent_human_capital_complements,low h,0.8,2,0.5029347560956027,0.8,0.5311815549423081,0.29643244330648627,0.26702429933709915,0.6135048440473158,0.6165800498754466,-16.078801891232285
parent_human_capital_complements,low h,0.8,2,0.5034460144056994,0.8,0.5314658557186583,0.2965075906746079,0.26685362138134894,0.6136846189666456,0.6167607259203095,-16.07379443945721
parent_human_capital_complements,low h,0.8,2,0.5039987571454999,0.8,0.5314695075673997,0.296373621586169,0.26664740827088773,0.6138956524332885,0.6169728171966059,-16.06840190216214
parent_human_capital_complements,low h,0.8,2,0.5045931197713469,0.8,0.5315339788288843,0.29637449833507695,0.2665842626537521,0.6141516696713372,0.6172301177264008,-16.062616910377486
parent_human_capital_complements,low h,0.8,2,0.5052292480490046,0.8,0.5314477312384067,0.2963882950372628,0.2666913708579346,0.6144736105519689,0.6175536723424123,-16.056432127317123
parent_human_capital_complements,low h,0.8,2,0.5059072981132409,0.8,0.5316297503579004,0.29635861761692206,0.2664644794788858,0.6147242207723997,0.6178055387518004,-16.049851167094268
parent_human_capital_complements,low h,0.8,2,0.5066274365316988,0.8,0.5315321193627167,0.2963747706158339,0.2665865338084241,0.6150881108499713,0.6181712528359763,-16.042881171136155
parent_human_capital_complements,low h,0.8,2,0.507389840373095,0.8,0.5314292185096314,0.2963913358901875,0.26671448135633213,0.6154726486517055,0.618557718141463,-16.035510923774552
parent_human_capital_complements,low h,0.8,2,0.5081946972797818,0.8,0.5313204461650861,0.2964093638694313,0.26685051200549403,0.6158783621180224,0.6189654652549929,-16.027740099404426
parent_human_capital_complements,low h,0.8,2,0.5090422055447187,0.8,0.531340683811062,0.2964411956218802,0.2668784039692209,0.6162707979646483,0.619359868194486,-16.01956864599799
parent_human_capital_complements,low h,0.8,2,0.5099325741928927,0.8,0.5312417714237054,0.29642233061895545,0.2669487924721552,0.6166998713055257,0.6197910922744346,-16.01100681633875
parent_human_capital_complements,low h,0.8,2,0.5108660230672385,0.8,0.5311182238459118,0.29644105729643666,0.2671006547863005,0.6171672003673626,0.6202607638329422,-16.002043985112916
parent_human_capital_complements,low h,0.8,2,0.5118427829191048,0.8,0.5314194077433533,0.2963929554326903,0.26672674087087456,0.6175105611817662,0.6206058457505902,-15.992702274554432
parent_human_capital_complements,low h,0.8,2,0.5128630955033207,0.8,0.531323442753212,0.2964088166070284,0.26684668795661504,0.6180072069212476,0.6211049809372006,-15.982973886816254
parent_human_capital_complements,low h,0.8,2,0.5139272136779165,0.8,0.531181592688359,0.2964323261941007,0.2670240845171214,0.6185386056623072,0.6216390433255344,-15.972846040611977
parent_human_capital_complements,low h,0.8,2,0.5150354015085564,0.8,0.5311928829644267,0.29643045018212094,0.26700995771094027,0.6190370133155684,0.6221399492575539,-15.962326207053184
parent_human_capital_complements,low h,0.8,2,0.5161879343777439,0.8,0.5313174736794959,0.2964098044289505,0.2668541506170773,0.6195158599889412,0.6226211961598654,-15.951428296181257
parent_human_capital_complements,low h,0.8,2,0.5173850990988615,0.8,0.5311591910085601,0.2964359846255674,0.26705201774529785,0.6201103153825047,0.6232186312734894,-15.940137352682758
parent_human_capital_complements,low h,0.8,2,0.5186271940351138,0.8,0.5309953551656758,0.29646318696755536,0.2672569835292681,0.620725933846651,0.6238373355380286,-15.928445290839981
parent_human_capital_complements,low h,0.8,2,0.5199145292234401,0.8,0.5312801566924795,0.2963909737494746,0.2668629956167261,0.6211991109325506,0.6243128844339414,-15.91637830237712
parent_human_capital_complements,low h,0.8,2,0.5212474265034702,0.8,0.5312539758691458,0.2964185584135857,0.2669308844521959,0.6218135486206907,0.6249304020038102,-15.903945614351036
parent_human_capital_complements,low h,0.8,2,0.5226262196515982,0.8,0.5310728283937041,0.29645028449479877,0.26716000176243176,0.6224933484699287,0.6256136093639725,-15.891112734698165
parent_human_capital_complements,low h,0.8,2,0.5240512545202515,0.8,0.5309286933581017,0.2964741306393956,0.26734019216866445,0.6231792019950478,0.6263029007441929,-15.877879780161466
parent_human_capital_complements,low h,0.8,2,0.5255228891824385,0.8,0.5311750598819386,0.29644700401532487,0.26705281018923266,0.6237545701967826,0.6268811529910407,-15.864254787991328
parent_human_capital_complements,low h,0.8,2,0.5270414940816569,0.8,0.5309867179563517,0.29646459413593856,0.2672677483771875,0.6244897759762944,0.6276200440048583,-15.850274495165682
parent_human_capital_complements,low h,0.8,2,0.5286074521872524,0.8,0.5312305729009912,0.29642460746522736,0.2669634335864326,0.6250998510925698,0.6282331771353798,-15.83593175619694
parent_human_capital_complements,low h,0.8,2,0.5302211591553182,0.8,0.5310247112628099,0.2964564435878066,0.2672174314419538,0.6258835619962563,0.6290208164063188,-15.821204150543444
parent_human_capital_complements,low h,0.8,2,0.5318830234952302,0.8,0.5309796957748819,0.29646568492820746,0.2672764198365678,0.6266324227289854,0.6297734308190914,-15.806083359794766
parent_human_capital_complements,low h,0.8,2,0.5335934667419154,0.8,0.5307617469967802,0.2965017523278447,0.267548902522921,0.6274599909671941,0.6306051472603567,-15.790575374778498
parent_human_capital_complements,low h,0.8,2,0.5353529236339561,0.8,0.5305383335674696,0.2965387819662156,0.2678283047654484,0.6283090165380895,0.6314584285896363,-15.774665719669592
parent_human_capital_complements,low h,0.8,2,0.537161842297634,0.8,0.5310859710618404,0.29644811872154087,0.2671435844451294,0.6289096297859806,0.6320620524239611,-15.7584315525243
parent_human_capital_complements,low h,0.8,2,0.5390206844370244,0.8,0.531026182559572,0.2964561925201077,0.26721558053083083,0.6297399486010136,0.6328965332293743,-15.74184585157452
parent_human_capital_complements,low h,0.8,2,0.5409299255302531,0.8,0.530785826393027,0.29649774049592564,0.26751875723681273,0.6306539699780709,0.6338151361576501,-15.724864366659846
parent_human_capital_complements,low h,0.8,2,0.5428900550320312,0.8,0.5305411852605875,0.2965382559168708,0.26782465768572117,0.631588584698141,0.6347544356535002,-15.707481725883508
parent_human_capital_complements,low h,0.8,2,0.5449015765825912,0.8,0.5309238504936239,0.29647488924427023,0.26734618204371274,0.6323233289542478,0.635492862830517,-15.689725063467863
parent_human_capital_complements,low h,0.8,2,0.5469650082231464,0.8,0.5309558348561664,0.2964696069001705,0.26730621077689143,0.6332000855943098,0.6363740142315261,-15.671640645017934
parent_human_capital_complements,low h,0.8,2,0.5490808826180046,0.8,0.530743387574429,0.29650478610975,0.26757184902351305,0.6341822871314367,0.6373611390743458,-15.653196407643275
parent_human_capital_complements,low h,0.8,2,0.5512497472834679,0.8,0.5306618372446181,0.2965182321123726,0.26767372970928927,0.6351381562576315,0.6383217995144744,-15.634373545440035
parent_human_capital_complements,low h,0.8,2,0.5534721648236569,0.8,0.5304042586432451,0.2965590497673933,0.2679930246050535,0.6361751928443755,0.6393640342687414,-15.615163674890466
parent_human_capital_complements,low h,0.8,2,0.5557487131734017,0.8,0.5305956708630217,0.29652921550943995,0.2677565029872515,0.6370747241399967,0.6402680744837456,-15.595620101381144
parent_human_capital_complements,low h,0.8,2,0.5580799858483445,0.8,0.5307971257137885,0.29649584430253567,0.2675045908716456,0.6379893414953551,0.6411872763776761,-15.57570973531838
parent_human_capital_complements,low h,0.8,2,0.5604665922024078,0.8,0.5305166181504978,0.2965422879302,0.2678553211999647,0.6390945168714861,0.6422979914684332,-15.555458022968102
parent_human_capital_complements,low h,0.8,2,0.5629091576927818,0.8,0.5302799032035008,0.29658158027280407,0.2681514461689789,0.6402041650309908,0.6434132017624842,-15.53481127102088
parent_human_capital_complements,low h,0.8,2,0.5654083241525933,0.8,0.5306460831652104,0.2965208411460387,0.26769342864760015,0.6411188600133683,0.6443324816725408,-15.513863075823634
parent_human_capital_complements,low h,0.8,2,0.5679647500714233,0.8,0.5303526710186729,0.2965693704589133,0.2680602171152041,0.6422884618239595,0.6455079461366047,-15.492537914174918
parent_human_capital_complements,low h,0.8,2,0.5705791108838415,0.8,0.5303479118544767,0.29656832273035394,0.2680633921138185,0.643374271740756,0.6465991986982584,-15.470838600897748
parent_human_capital_complements,low h,0.8,2,0.5732520992661372,0.8,0.5307022876167522,0.29652201305800296,0.2676389961269483,0.6443557273197545,0.6475855738438194,-15.44880878408891
parent_human_capital_complements,low h,0.8,2,0.5759844254414287,0.8,0.5304426888624677,0.29655448193281075,0.26794768781994216,0.6455696395315293,0.6488055708158772,-15.426468110453735
parent_human_capital_complements,low h,0.8,2,0.578776817493336,0.8,0.5303214127950919,0.2965745673131875,0.2680993329824476,0.6467574787999636,0.6499993641534221,-15.403745256317638
parent_human_capital_complements,low h,0.8,2,0.5816300216884137,0.8,0.5303010361422267,0.29657648908976586,0.26812261536149934,0.6479284051470854,0.6511761597932836,-15.38065599444597
parent_human_capital_complements,low h,0.8,2,0.5845448028075416,0.8,0.5304621418951238,0.29655124991882453,0.267923347982139,0.6490544522043153,0.6523078511848766,-15.357267315210983
parent_human_capital_complements,low h,0.8,2,0.5875219444864789,0.8,0.5303308032140708,0.2965729575425931,0.2680875085903301,0.6503059370671028,0.6535656091416441,-15.333554559413965
parent_human_capital_complements,low h,0.8,2,0.5905622495657936,0.8,0.5300421608557571,0.2966207642432832,0.26844843468008733,0.651634902292052,0.6549012358325047,-15.309465535183769
parent_human_capital_complements,low h,0.8,2,0.5936665404503856,0.8,0.5302163019737639,0.29655551988946177,0.26817564409910233,0.6528027335524067,0.6560749208714122,-15.284993234920758
parent_human_capital_complements,low h,0.8,2,0.5968356594788269,0.8,0.5303537605254177,0.29656916245492404,0.26805881310642754,0.6540289691890294,0.6573073030397419,-15.260306210668402
parent_human_capital_complements,low h,0.8,2,0.600070469302753,0.8,0.5299973033796798,0.2966281736670616,0.2685044952049175,0.6554436915029884,0.65872911667881,-15.235237449234145
parent_human_capital_complements,low h,0.8,2,0.6033718532765401,0.8,0.5298489334817332,0.29665282958290984,0.26869014484762654,0.6568025710495821,0.6600948076374763,-15.209795344928605
parent_human_capital_complements,low h,0.8,2,0.6067407158575169,0.8,0.5300332092972804,0.29662245950370325,0.268459949472319,0.6580591603036752,0.6613576955714173,-15.18406010842429
parent_human_capital_complements,low h,0.8,2,0.6101779830169621,0.8,0.529986981410367,0.29661509147439313,0.2684950368989154,0.6594154440691568,0.6627207777375647,-15.15802132445168
parent_human_capital_complements,low h,0.8,2,0.6136846026621482,0.8,0.5298203874684406,0.2966574061577529,0.2687256106420818,0.6608471236730002,0.6641596336652864,-15.13164005097605
parent_human_capital_complements,low h,0.8,2,0.6172615450697004,0.8,0.5299537445690172,0.29663807231123157,0.268563020765565,0.6621835335707807,0.6655027423455562,-15.10491792100248
parent_human_capital_complements,low h,0.8,2,0.6209098033305457,0.8,0.5301278473159385,0.2966065128395395,0.2683412000974452,0.6635226897137921,0.6668486110366684,-15.077895831929883
parent_human_capital_complements,low h,0.8,2,0.6246303938067362,0.8,0.5297511753097541,0.29666885466587994,0.2688121329450563,0.6650888927676103,0.6684226647159638,-15.050572348092881
parent_human_capital_complements,low h,0.8,2,0.6284243566004422,0.8,0.5300903494753666,0.2966127432803343,0.26838811836449894,0.666407454305064,0.6697478355706286,-15.022897742956284
parent_human_capital_complements,low h,0.8,2,0.6322927560354111,0.8,0.529705054136367,0.2966765020469663,0.26886981695864604,0.6680183777933001,0.6713668338464522,-14.99495454153234
parent_human_capital_complements,low h,0.8,2,0.6362366811512086,0.8,0.5296539576306141,0.29668499789288333,0.26893375918342555,0.6695242982276074,0.6728803027383491,-14.966653085432878
parent_human_capital_complements,low h,0.8,2,0.6402572462105554,0.8,0.529989975842048,0.2966293183265963,0.2685135534677656,0.6709040312483486,0.6742669516996372,-14.938074369437935
parent_human_capital_complements,low h,0.8,2,0.6443555912200942,0.8,0.5295914663868392,0.29669526574878546,0.2690117754253245,0.6725825252168671,0.6759538591541853,-14.909213276483463
parent_human_capital_complements,low h,0.8,2,0.6485328824649206,0.8,0.5294068778341604,0.2967258939667103,0.26924267384350553,0.674200824764948,0.6775802704625078,-14.879982937666167
parent_human_capital_complements,low h,0.8,2,0.652790313057229,0.8,0.5298616476418294,0.29665055273663793,0.2686739880959672,0.6755956347265679,0.6789820719381552,-14.850489253543953
parent_human_capital_complements,low h,0.8,2,0.6571291034994325,0.8,0.5296731327310675,0.2966817244844288,0.26890963468938894,0.6772565586616859,0.6806513212891439,-14.820728442368827
parent_human_capital_complements,low h,0.8,2,0.6615505022621248,0.8,0.5292572984812862,0.29675059731639836,0.26942960466110827,0.6790258433685273,0.6824294745724845,-14.790629554724406
parent_human_capital_complements,low h,0.8,2,0.6660557863772645,0.8,0.5296629123573608,0.2966835193767132,0.2689225689402296,0.6804998186315449,0.6839108381672542,-14.760214475207277
parent_human_capital_complements,low h,0.8,2,0.6706462620469753,0.8,0.529509421164736,0.29670881408416144,0.2691143057305161,0.6822097380116287,0.6856293285538985,-14.729595258772985
parent_human_capital_complements,low h,0.8,2,0.6753232652683625,0.8,0.5290817245374843,0.2967796059918203,0.26964903972214815,0.6840471045908646,0.6874759049714392,-14.698612878246943
parent_human_capital_complements,low h,0.8,2,0.6800881624747613,0.8,0.5294111370307077,0.2967251854965645,0.26923734344009786,0.6856113759254728,0.689048017248742,-14.66733151999982
parent_human_capital_complements,low h,0.8,2,0.6849423511938463,0.8,0.5292758575982868,0.29674745786325707,0.26940629869095795,0.6873769939446333,0.6908224854650531,-14.635853757147984
parent_human_capital_complements,low h,0.8,2,0.6898872607230374,0.8,0.5291120066707534,0.29677457908554966,0.26961115690659765,0.689174903223837,0.6926294068020221,-14.604011729333894
parent_human_capital_complements,low h,0.8,2,0.6949243528226603,0.8,0.5292081134971608,0.2967587778178489,0.26949115856342676,0.6908917332127221,0.6943548424370386,-14.571919477899916
parent_human_capital_complements,low h,0.8,2,0.7000551224273222,0.8,0.5290623083165601,0.29678305912018677,0.26967367707316237,0.6927245982064294,0.6961968947047594,-14.539564297994488
parent_human_capital_complements,low h,0.8,2,0.7052810983759861,0.8,0.5288447509968819,0.29681889833442443,0.2699454232847679,0.6946069234096093,0.6980886551022844,-14.506910749743415
parent_human_capital_complements,low h,0.8,2,0.7106038441612367,0.8,0.5289799496104414,0.2967964691301192,0.26977631171429894,0.6963705229416423,0.6998610947137592,-14.474002398328743
parent_human_capital_complements,low h,0.8,2,0.7160249586982449,0.8,0.5290645562437419,0.29678242739960603,0.2696704739844624,0.6981747404858407,0.701674355936033,-14.440834168092984
parent_human_capital_complements,low h,0.8,2,0.7215460771139571,0.8,0.5290977604709174,0.29686874662496754,0.26976778442603355,0.7000551462861611,0.7035641873096515,-14.407355903418859
parent_human_capital_complements,low h,0.8,2,0.7271688715570458,0.8,0.5289719537707402,0.2967977167600007,0.2697861939703809,0.7019503207931962,0.7054688614184355,-14.373677393012992
parent_human_capital_complements,low h,0.8,2,0.7328950520291776,0.8,0.5288068573114112,0.29682505305730195,0.2699926229112294,0.7039176051999434,0.7074460068793078,-14.339694238091505
parent_human_capital_complements,low h,0.8,2,0.7387263672381705,0.8,0.5291365310391641,0.2967704730235444,0.269580424172435,0.7057059367481366,0.7092433024766899,-14.305457314953319
parent_human_capital_complements,low h,0.8,2,0.7446646054736273,0.8,0.5286558357992578,0.2968500085063367,0.27018137706232326,0.7078436623097614,0.711391743432284,-14.271007799812258
parent_human_capital_complements,low h,0.8,2,0.7507115955056528,0.8,0.5287768276703282,0.29683000321400754,0.2700301371892513,0.7097584001476627,0.713316078933538,-14.236212627113073
parent_human_capital_complements,low h,0.8,2,0.7568692075072764,0.8,0.5288552868439111,0.2968169694868267,0.26993197102017086,0.7117111420721386,0.7152786090176433,-14.201279398874885
parent_human_capital_complements,low h,0.8,2,0.7631393540012239,0.8,0.5283639256643958,0.29689838972185933,0.27054643959505553,0.7139188633276745,0.7174973965220244,-14.166039734536458
parent_human_capital_complements,low h,0.8,2,0.7695239908317001,0.8,0.5284810281078935,0.29687692879565936,0.27039688823114344,0.7158974414219126,0.7194858922802319,-14.130505710899978
parent_human_capital_complements,low h,0.8,2,0.7760251181618615,0.8,0.5285535840555974,0.2968668830857852,0.2703091431701098,0.717916727150198,0.7215152997203514,-14.094852603562178
parent_human_capital_complements,low h,0.8,2,0.7826447814976824,0.8,0.5283064172299464,0.2969078407354907,0.2706182379621156,0.7200889922177284,0.7236984533118449,-14.058892315733367
parent_human_capital_complements,low h,0.8,2,0.7893850727389358,0.8,0.528694446687618,0.29684362289717053,0.27013311113290395,0.7220181325440547,0.7256372634942976,-14.022641120818196
parent_human_capital_complements,low h,0.8,2,0.7962481312580323,0.8,0.528491409360312,0.29687717819411696,0.27038688406919287,0.724214786709043,0.7278449284341089,-13.986282410719888
parent_human_capital_complements,low h,0.8,2,0.8032361450074849,0.8,0.5279769746876259,0.29696250792831513,0.2710303372999866,0.72656417710202,0.7302060951954376,-13.949594870804109
parent_human_capital_complements,low h,0.8,2,0.8103513516567865,0.8,0.5286156521600884,0.2968740757653137,0.27025795039706585,0.7284566117737602,0.7321080157354447,-13.912689278771284
parent_human_capital_complements,low h,0.8,2,0.8175960397595149,0.8,0.5281538603006586,0.29693302436992497,0.27080887254666797,0.7308206636496896,0.734483917470715,-13.87563218975135
parent_human_capital_complements,low h,0.8,2,0.8249725499515008,0.8,0.5284540158917643,0.2968959903614237,0.27045272153470834,0.7328952421948258,0.7365688948840832,-13.838237665653883
parent_human_capital_complements,low h,0.8,2,0.8324832761809209,0.8,0.5282804762058313,0.2969120780519202,0.270650585808672,0.7351822950600309,0.7388674116494816,-13.800727330246382
parent_human_capital_complements,low h,0.8,2,0.8401306669712053,0.8,0.5280431524944202,0.2969929237721203,0.27101014824902564,0.7375405818635172,0.741237519414763,-13.762949356071623
parent_human_capital_complements,low h,0.8,2,0.8479172267176741,0.8,0.52810514123377,0.29694105677402355,0.2708697366085536,0.7397581286309305,0.7434661816816045,-13.724988773715637
parent_human_capital_complements,low h,0.8,2,0.8558455170188431,0.8,0.5279167185968664,0.29697227968819107,0.27110536829167853,0.7421220221411096,0.7458419242573128,-13.686784498044748
parent_human_capital_complements,low h,0.8,2,0.8639181580433734,0.8,0.5276496180540762,0.2970144005096002,0.2714361555164394,0.744541122986812,0.7482731508964653,-13.648375481879048
parent_human_capital_complements,low h,0.8,2,0.8721378299336601,0.8,0.527731178983909,0.29700291934726547,0.2713372350691565,0.746832210876185,0.7505757229116746,-13.609808899789238
parent_human_capital_complements,low h,0.8,2,0.8805072742470966,0.8,0.5278129993240529,0.2969894124063578,0.2712349922343601,0.7491433595167244,0.7528984562329838,-13.570990440175153
parent_human_capital_complements,low h,0.8,2,0.88902929543607,0.8,0.5278453745840797,0.296984018989244,0.2711944621276573,0.7514972302429831,0.7552641257853583,-13.53199067428438
parent_human_capital_complements,low h,0.8,2,0.8977067623677852,0.8,0.5276210937244123,0.29702110853425223,0.27147482237937703,0.7539856928298104,0.7577650618428098,-13.49281769587748
parent_human_capital_complements,low h,0.8,2,0.9065426098850453,0.8,0.5274195085334641,0.29705466383119866,0.2717271431793083,0.7564863275283276,0.7602782310249151,-13.453380521304556
parent_human_capital_complements,low h,0.8,2,0.9155398404091444,0.8,0.5277327239579226,0.29700263292446993,0.27133525702387606,0.7587796293744888,0.762583028094417,-13.413851669556394
parent_human_capital_complements,low h,0.8,2,0.9247015255860773,0.8,0.5272179070202367,0.2970878754996012,0.27197896073516037,0.7614635807148761,0.7652804327968835,-13.374073956268834
parent_human_capital_complements,low h,0.8,2,0.9340308079772923,0.8,0.527894811771665,0.2969758411886825,0.271132660105623,0.7636353355811203,0.7674630736296963,-13.334087524392132
parent_human_capital_complements,low h,0.8,2,0.9435309027962627,0.8,0.5273245506892476,0.2970701655657129,0.27184553964611047,0.7663888787941471,0.7702304190355157,-13.294031555154618
parent_human_capital_complements,low h,0.8,2,0.9532050996921831,0.8,0.5270907842345707,0.29710907288530486,0.2721381339680104,0.7690134186010936,0.7728681144029911,-13.253636029629707
parent_human_capital_complements,low h,0.8,2,0.9630567645821445,0.8,0.5274816833670014,0.2970441378365783,0.271649053041905,0.7713757271406895,0.7752422640634178,-13.21322679787632
parent_human_capital_complements,low h,0.8,2,0.9730893415331738,0.8,0.5269037979382147,0.29713779076780095,0.2723685417027005,0.7742000228852552,0.7780807166493164,-13.172560615758968
parent_human_capital_complements,low h,0.8,2,0.9833063546955787,0.8,0.5272716494995213,0.29707900774106294,0.27191181020496585,0.776615516220619,0.7805083176954093,-13.13169812920995
parent_human_capital_complements,low h,0.8,2,0.9937114102890687,0.8,0.5270545110670459,0.29711492537410683,0.2721832560986037,0.7793197860814199,0.7832261427652971,-13.09077061724966
parent_human_capital_complements,low h,0.8,2,1.0043081986431819,0.8,0.5267384056456688,0.2971597494592684,0.27256713553674505,0.7820888111705804,0.7860090476504772,-13.049592410861237
parent_human_capital_complements,low h,0.8,2,1.0151004962935855,0.8,0.5272101411718032,0.29708756349361715,0.27198625483054595,0.7845197009438092,0.7884521223094011,-13.008271587371674
parent_human_capital_complements,low h,0.8,2,1.0260921681358672,0.8,0.5269175751105323,0.29713746732066737,0.2723542754783168,0.7873254730354216,0.7912719583921494,-12.966854858013658
parent_human_capital_complements,low h,0.8,2,1.037287169638491,0.8,0.5269411831392685,0.2971335877748204,0.27232480157626004,0.7900045867805503,0.7939645012508103,-12.925199113277444
parent_human_capital_complements,low h,0.8,2,1.0486895491166357,0.8,0.5270726981917297,0.29711180610237586,0.2721603526350626,0.7926539202556828,0.7966271145652505,-12.88344517846262
parent_human_capital_complements,low h,0.8,2,1.0603034500686892,0.8,0.5264384255662231,0.29721697285014087,0.27295363738319,0.7956872124338709,0.7996756111837543,-12.841527918701608
parent_human_capital_complements,low h,0.8,2,1.0721331135772334,0.8,0.5268015624450133,0.2971566557707257,0.2724993010803241,0.7982693853902265,0.8022707273359164,-12.799476903047157
parent_human_capital_complements,low h,0.8,2,1.0841828807763967,0.8,0.5265738575378093,0.29719208874889314,0.27278058065051713,0.8011529999842861,0.805168796108279,-12.75728162373359
parent_human_capital_complements,low h,0.8,2,1.0964571953875313,0.8,0.5269584846746828,0.29713068087720906,0.2723031048116574,0.803766392788871,0.8077952885988109,-12.714914391468286
parent_human_capital_complements,low h,0.8,2,1.1089606063252093,0.8,0.5263467964019557,0.2972318401631854,0.27306774592478067,0.8068797536791188,0.8109242552754639,-12.672484583995086
parent_human_capital_complements,low h,0.8,2,1.1216977703756155,0.8,0.5260879642262595,0.2972616003724627,0.2733715755369041,0.8098396978137687,0.8138990361918313,-12.629818776988952
parent_human_capital_complements,low h,0.8,2,1.1346734549494641,0.8,0.5265032897993641,0.29720594805860534,0.27287210366524717,0.8125055180611943,0.8165782189188546,-12.58716341279777
parent_human_capital_complements,low h,0.8,2,1.147892540911644,0.8,0.5258508848135783,0.29731182764664643,0.27368459858815103,0.8157064429616452,0.8197951885221383,-12.544244408967648
parent_human_capital_complements,low h,0.8,2,1.1613600254898573,0.8,0.5266103816424461,0.29718827347981386,0.27273828785903254,0.8182388018162423,0.8223402408783175,-12.501281933603755
parent_human_capital_complements,low h,0.8,2,1.1750810252645967,0.8,0.5260044919277365,0.29728852169343317,0.27349575287273453,0.8214630333456319,0.8255806339355037,-12.458219320570322
parent_human_capital_complements,low h,0.8,2,1.189060779242872,0.8,0.5260877431809193,0.2972749319635889,0.27339195394802707,0.8243688105572533,0.8285009764160112,-12.414935493352129
parent_human_capital_complements,low h,0.8,2,1.2033046520181812,0.8,0.5261464949501365,0.2972649919249506,0.27331817284038873,0.8273072776186354,0.831454172604833,-12.371671939869033
parent_human_capital_complements,low h,0.8,2,1.217818137019287,0.8,0.5258593648246147,0.2973125377860335,0.273677192307868,0.830440161382772,0.8346027600141875,-12.328216482121567
parent_human_capital_complements,low h,0.8,2,1.2326068598504607,0.8,0.5263093973529454,0.2972380406506615,0.27311452011085485,0.8332236645096469,0.8374002155085483,-12.284639947992899
parent_human_capital_complements,low h,0.8,2,1.247676581725918,0.8,0.525968451305867,0.2972944041355538,0.2735406877470904,0.8364268865609257,0.8406194937771762,-12.241035948986632
parent_human_capital_complements,low h,0.8,2,1.2630332030012734,0.8,0.5253857120891301,0.2973910783758843,0.27426959841520704,0.8397756838592673,0.8439850769918297,-12.197225523717796
parent_human_capital_complements,low h,0.8,2,1.2786827668049243,0.8,0.525850160975388,0.29723517784840753,0.27356942793140426,0.8425744460658926,0.8467978680523962,-12.153406893107858
parent_human_capital_complements,low h,0.8,2,1.294631462772364,0.8,0.525495897145103,0.29737263812119874,0.2741315316941495,0.8458889725693912,0.8501290086891327,-12.109493682080135
parent_human_capital_complements,low h,0.8,2,1.31088563088653,0.8,0.5255744558183527,0.2973597982559686,0.27403355914467176,0.8489644197919549,0.8532198716550514,-12.065377978183538
parent_human_capital_complements,low h,0.8,2,1.3274517654273796,0.8,0.5256666453299829,0.29734433084490325,0.2739179829075109,0.8520529378783774,0.8563238710028069,-12.021350023701839
parent_human_capital_complements,low h,0.8,2,1.3443365190339982,0.8,0.524982112893865,0.2974574946416701,0.2747736190043403,0.8555667882492859,0.8598553346219964,-11.977057676781472
parent_human_capital_complements,low h,0.8,2,1.3615467068826452,0.8,0.5258428109689828,0.2973151794739073,0.2736977403955651,0.8582950385913523,0.862597260375812,-11.932798859115817
parent_human_capital_complements,low h,0.8,2,1.3790893109842512,0.8,0.5251925021288094,0.29742282733939673,0.27451081280835854,0.8618356887779948,0.8661556581453709,-11.88845680631872
parent_human_capital_complements,low h,0.8,2,1.3969714846049992,0.8,0.5255642189895973,0.2973613137964766,0.27404608747067544,0.8648588594968516,0.8691939825705175,-11.84396083099484
parent_human_capital_complements,low h,0.8,2,1.4152005568137338,0.8,0.5253718798683634,0.2973930900124186,0.2742864722304136,0.8682008566041889,0.8725527315080673,-11.799485441456724
parent_human_capital_complements,low h,0.8,2,1.4337840371600625,0.8,0.5250243850994663,0.2974508024282981,0.2747212281721206,0.8716474056671765,0.8760165564701261,-11.754842883744782
parent_human_capital_complements,low h,0.8,2,1.4527296204871472,0.8,0.5250933430494069,0.2974391785703895,0.27463469494902204,0.8748921300720034,0.8792775451237153,-11.710223374237108
parent_human_capital_complements,low h,0.8,2,1.4720451918832933,0.8,0.5248607038916684,0.2974754485722379,0.2749221743495553,0.8783186949271914,0.8827212857067158,-11.665480119395822
parent_human_capital_complements,low h,0.8,2,1.4917388317766058,0.8,0.5252836191860657,0.29740765072125724,0.2743967487044753,0.8814130027620791,0.8858311038241714,-11.620708034404203
parent_human_capital_complements,low h,0.8,2,1.5118188211770927,0.8,0.5245816164598849,0.29752406774506845,0.27527477397065875,0.8851382571579199,0.8895750311353778,-11.575847904265721
parent_human_capital_complements,low h,0.8,2,1.5322936470707536,0.8,0.5247412742759006,0.2974976452210133,0.27507516529827153,0.8884147970757836,0.8928679947779266,-11.530948185480383
parent_human_capital_complements,low h,0.8,2,1.5531720079703377,0.8,0.5247764552546132,0.29749162175255994,0.27503087683525734,0.8917789531341035,0.896249013738663,-11.48604194288772
parent_human_capital_complements,low h,0.8,2,1.5744628196276003,0.8,0.524884505817196,0.29747375768194817,0.2748958157979097,0.8951225814004251,0.8996094020114158,-11.440993085374803
parent_human_capital_complements,low h,0.8,2,1.5961752209120554,0.8,0.5249787867343139,0.29745809910982124,0.2747778591197358,0.8984930812230562,0.9029967965347143,-11.395966313188683
parent_human_capital_complements,low h,0.8,2,1.618318579861377,0.8,0.5246726830835113,0.29750873428931646,0.2751605231619351,0.9021072486111161,0.9066290800121962,-11.350896014821302
parent_human_capital_complements,low h,0.8,2,1.6409024999087747,0.8,0.5243816791020373,0.29755462191431725,0.2755209092324105,0.9057331091470994,0.9102731152497493,-11.305719540138366
parent_human_capital_complements,low h,0.8,2,1.6639368262928396,0.8,0.5245189437940472,0.29753423159897596,0.2753528143836046,0.9091405126117618,0.9136975983953548,-11.260596310089301
parent_human_capital_complements,low h,0.8,2,1.6874316526555453,0.8,0.5241713536877594,0.29759171582945576,0.2757873206463778,0.9128410733251104,0.9174167082464706,-11.215401319256204
parent_human_capital_complements,low h,0.8,2,1.7113973278342638,0.8,0.5246799746239189,0.29750755093620257,0.27515144239161937,0.9160737713578301,0.9206656102455113,-11.170108148979864
parent_human_capital_complements,low h,0.8,2,1.7358444628538618,0.8,0.5243899806546144,0.2975554616388873,0.2755138773433832,0.9197818255489227,0.9243922511355848,-11.12493899723011
parent_human_capital_complements,low h,0.8,2,1.7607839381251333,0.8,0.5237135969621138,0.29766755482479546,0.276359745932977,0.9237338358562741,0.9283640709770383,-11.079569473152079
parent_human_capital_complements,low h,0.8,2,1.7862269108560356,0.8,0.5245621916606955,0.2975270160371481,0.27529865658747243,0.9268239740102417,0.931469698512961,-11.034295529163664
parent_human_capital_complements,low h,0.8,2,1.8121848226824113,0.8,0.5239413067701694,0.29762973932912024,0.2760748590954605,0.9307857571450706,0.9354513401683936,-10.989015245821347
parent_human_capital_complements,low h,0.8,2,1.8386694075250942,0.8,0.5240068450998531,0.29759133247568487,0.2759512496033826,0.9343522610276735,0.9390357212261032,-10.943519940250713
parent_human_capital_complements,low h,0.8,2,1.8656926996805347,0.8,0.5241217140327102,0.29759984516452964,0.2758492518560586,0.9379386354158255,0.9426400723906855,-10.898312288063703
parent_human_capital_complements,low h,0.8,2,1.8932670421523103,0.8,0.5234543763088904,0.2977104598342677,0.27668383896052234,0.9419914631353317,0.9467132149936753,-10.852886944773301
parent_human_capital_complements,low h,0.8,2,1.921405095231136,0.8,0.5243685239712816,0.2975590187692484,0.27554071240782196,0.9451246359233716,0.9498620928756714,-10.80749415597405
parent_human_capital_complements,low h,0.8,2,1.9501198453312445,0.8,0.5236426354778364,0.29767908445261787,0.2764481402145219,0.9492535047865702,0.9540116577801725,-10.762178990269286
parent_human_capital_complements,low h,0.8,2,1.979424614091259,0.8,0.5234013783681473,0.29771879447244176,0.2767494388741847,0.9531131025640469,0.9578906018720177,-10.71669222828718
parent_human_capital_complements,low h,0.8,2,2.009333067747975,0.8,0.5238994140278026,0.29763658130908555,0.27612709691153475,0.9565454125237537,0.9613401163569933,-10.671388638771052
parent_human_capital_complements,low h,0.8,2,2.0398592267917226,0.8,0.5235411695865586,0.2977999538678672,0.2767323606616567,0.9605734808052189,0.9653883754147426,-10.625977344236487
parent_human_capital_complements,low h,0.8,2,2.071017475912293,0.8,0.5237263451019596,0.297665248025205,0.2763435099121504,0.9641699482911666,0.9690028702689838,-10.580589791259513
parent_human_capital_complements,low h,0.8,2,2.1028225742447084,0.8,0.523482060209348,0.29770562241981735,0.2766488408894159,0.9681070663024935,0.9729597231664683,-10.535263068344484
parent_human_capital_complements,low h,0.8,2,2.135289665924415,0.8,0.5231419027098969,0.29776225985470783,0.2770746341904214,0.9721229904848502,0.9769957772525588,-10.489874921402013
parent_human_capital_complements,low h,0.8,2,2.168434290961828,0.8,0.5233175549391256,0.2977328846684426,0.27685456667955965,0.9758380511846367,0.9807294597715971,-10.444542535178085
parent_human_capital_complements,low h,0.8,2,2.2022723964464688,0.8,0.5234247898317045,0.29771518180557366,0.276720565058323,0.9796123885397254,0.9845227160714085,-10.399232266536597
parent_human_capital_complements,low h,0.8,2,2.23682034809129,0.8,0.5235458448576179,0.29769507084200864,0.27656910225549913,0.9833946296027146,0.9883239156966213,-10.353881946857443
parent_human_capital_complements,low h,0.8,2,2.2720949421281498,0.8,0.5228716833279466,0.2978068715657497,0.277412306479467,0.9876957829118403,0.9926466286264285,-10.308613257695521
parent_human_capital_complements,low h,0.8,2,2.308113417565749,0.8,0.5229853631182904,0.29778790256083026,0.2772699455536851,0.9915183285958573,0.9964883349004224,-10.263390958530124
parent_human_capital_complements,low h,0.8,2,2.344893468821764,0.8,0.5231117403414154,0.2977668990370772,0.27711181100264537,0.9953489924549392,1.0003382000420036,-10.21814618008977
parent_human_capital_complements,low h,0.8,2,2.382453258741261,0.8,0.5228691586360343,0.29775833351261455,0.2773414416350389,0.999402951524897,1.0044124796663625,-10.172929674211883
parent_human_capital_complements,low h,0.8,2,2.4208114320139376,0.8,0.5226031950521924,0.29785131499802936,0.277747993224828,1.0035493244311777,1.0085796363533268,-10.127772437656892
parent_human_capital_complements,low h,0.8,2,2.4599871290031343,0.8,0.5226894224219343,0.2978368027546784,0.2776398233431394,1.0074561624898395,1.012506057519252,-10.082643862580339
parent_human_capital_complements,low h,0.8,2,2.5,0.8,0.5229240364096894,0.29779797218465154,0.27734649753350377,1.0112821748071184,1.0163512478030794,-10.037558454183838
parent_human_capital_complements,low h,0.8,3,0.5,0.8,0.42706739562582896,0.329848136071079,0.46916111770787783,0.6757374300349536,0.6791245779984818,-17.848755820481333
parent_human_capital_complements,low h,0.8,3,0.5000203210855501,0.8,0.4270665082942612,0.32984826732550326,0.4691622223967722,0.6757484566402148,0.6791356598748319,-17.848158922247578
parent_human_capital_complements,low h,0.8,3,0.5000812892976928,0.8,0.4270639207412924,0.3298486479783851,0.46916544031091323,0.6757815211158356,0.6791688900868266,-17.846368262418423
parent_human_capital_complements,low h,0.8,3,0.5001829195049198,0.8,0.42705958574646097,0.32984930091202386,0.4691708565638505,0.6758366373563142,0.6792242825986102,-17.843383945535138
parent_human_capital_complements,low h,0.8,3,0.5003252364947652,0.8,0.42705352005726277,0.32985020761425055,0.46917842375193614,0.6759138013580513,0.6793018333865157,-17.839206145866783
parent_human_capital_complements,low h,0.8,3,0.5005082749838822,0.8,0.4270457482986374,0.3298514024085142,0.469188174089862,0.6760130177561602,0.6794015471088896,-17.833835107362646
parent_human_capital_complements,low h,0.8,3,0.500732079632158,0.8,0.4270362045875147,0.32985282371893604,0.46920007149104337,0.6761342918743638,0.6795234291161404,-17.82727114367359
parent_human_capital_complements,low h,0.8,3,0.5009967050608752,0.8,0.4270249269174734,0.32985452168024515,0.46921416098501256,0.6762776304631329,0.6796674861925757,-17.8195146381122
parent_human_capital_complements,low h,0.8,3,0.5013022158749305,0.8,0.4270119618685295,0.32985650066257177,0.46923040322868925,0.6764430316581929,0.679833716464576,-17.81056604367315
parent_human_capital_complements,low h,0.8,3,0.5016486866891229,0.8,0.4269972362554355,0.329858692019018,0.4692487577280583,0.6766305035682983,0.6800221280815415,-17.800425883001928
parent_human_capital_complements,low h,0.8,3,0.502036202158526,0.8,0.42698082889111577,0.3298611856095397,0.4692692944782819,0.6768400551057998,0.6802327300004959,-17.789094748355577
parent_human_capital_complements,low h,0.8,3,0.502464857012963,0.8,0.4269626522337755,0.32986393566953853,0.46929202523498026,0.6770717027597671,0.6804655387931607,-17.776573301616892
parent_human_capital_complements,low h,0.8,3,0.5029347560956027,0.8,0.42694274671605437,0.3298669209859562,0.4693168744366891,0.6773254448939053,0.6807205528150392,-17.762862274278614
parent_human_capital_complements,low h,0.8,3,0.5034460144056994,0.8,0.42692112434720697,0.32987018732339146,0.46934390586032926,0.6776012975769451,0.6809977882154067,-17.74796246737414
parent_human_capital_complements,low h,0.8,3,0.5039987571454999,0.8,0.4268977873727661,0.32987371179954483,0.46937307936728007,0.677899267594414,0.6812972518138039,-17.7318747514999
parent_human_capital_complements,low h,0.8,3,0.5045931197713469,0.8,0.4268727134743533,0.3298774954460642,0.46940441898432894,0.6782193712517114,0.6816189599973604,-17.71460006675298
parent_human_capital_complements,low h,0.8,3,0.5052292480490046,0.8,0.42684593159235096,0.3298815416014322,0.4694379012996207,0.6785616167896207,0.6819629210481676,-17.696139422722528
parent_human_capital_complements,low h,0.8,3,0.5059072981132409,0.8,0.426817420875893,0.3298858388244989,0.4694735282174771,0.6789260198259461,0.6823291506623138,-17.67649389844181
parent_human_capital_complements,low h,0.8,3,0.5066274365316988,0.8,0.42678723000727725,0.32989040395819236,0.46951127894748923,0.679312589085168,0.6827176576080112,-17.65566464236195
parent_human_capital_complements,low h,0.8,3,0.507389840373095,0.8,0.42675527000436364,0.32989520704919373,0.4695511928691011,0.6797213511431698,0.6831284685943552,-17.63365287229719
parent_human_capital_complements,low h,0.8,3,0.5081946972797818,0.8,0.4267216080652446,0.3299002797200629,0.46959325515117956,0.6801523156525218,0.6835615933223,-17.61045987540726
parent_human_capital_complements,low h,0.8,3,0.5090422055447187,0.8,0.4266862553808085,0.3299056176006698,0.46963744736590063,0.6806054970644682,0.684017046315527,-17.5860870081441
parent_human_capital_complements,low h,0.8,3,0.5099325741928927,0.8,0.42664917850512296,0.3299112048797342,0.4696837767757168,0.6810809168562577,0.6844948491589398,-17.560535696200553
parent_human_capital_complements,low h,0.8,3,0.5108660230672385,0.8,0.42661040244450615,0.32991705736853616,0.46973224455778967,0.6815785921821497,0.6849950190927839,-17.533807434468585
parent_human_capital_complements,low h,0.8,3,0.5118427829191048,0.8,0.4265699337424671,0.3299231706969454,0.46978283693167444,0.6820985408850122,0.6855175740493654,-17.505903786990803
parent_human_capital_complements,low h,0.8,3,0.5128630955033207,0.8,0.42652774143486816,0.3299295394631838,0.4698355759161642,0.6826407883561149,0.686062539547228,-17.476826386896917
parent_human_capital_complements,low h,0.8,3,0.5139272136779165,0.8,0.426483869020838,0.32993615595863857,0.46989040524666736,0.6832053467270607,0.6866299277787845,-17.446576936371358
parent_human_capital_complements,low h,0.8,3,0.5150354015085564,0.8,0.4264382900966305,0.3299430251910335,0.469947359619721,0.6837922440384511,0.6872197669251905,-17.41515720656088
parent_human_capital_complements,low h,0.8,3,0.5161879343777439,0.8,0.42639099470245,0.3299501535937944,0.47000645964887355,0.6844015063948528,0.6878320832218625,-17.382569037534825
parent_human_capital_complements,low h,0.8,3,0.5173850990988615,0.8,0.42634204454540864,0.3299575445054038,0.47006764915554006,0.6850331469470466,0.6884668898854999,-17.34881433823473
parent_human_capital_complements,low h,0.8,3,0.5186271940351138,0.8,0.4262914105954496,0.32996518751635995,0.47013093993164246,0.6856871939587402,0.6891242153214827,-17.313895086378622
parent_human_capital_complements,low h,0.8,3,0.5199145292234401,0.8,0.4262390482810845,0.3299730718231065,0.4701963586579798,0.6863636793220241,0.6898040915817611,-17.27781332840298
parent_human_capital_complements,low h,0.8,3,0.5212474265034702,0.8,0.42618502932220403,0.3299812267413687,0.4702638821615025,0.6870626212941111,0.6905065370150627,-17.24057117940461
parent_human_capital_complements,low h,0.8,3,0.5226262196515982,0.8,0.4261293529706198,0.3299896256563104,0.47033346711623014,0.6877840424247672,0.6912315742841845,-17.202170823060218
parent_human_capital_complements,low h,0.8,3,0.5240512545202515,0.8,0.4260719554142052,0.32999828104072915,0.4704051979892423,0.6885279846781788,0.6919792455636594,-17.16261451151895
parent_human_capital_complements,low h,0.8,3,0.5255228891824385,0.8,0.4260129401226129,0.33000718749284663,0.4704789623655411,0.6892944565516302,0.6927495593933649,-17.121904565389364
parent_human_capital_complements,low h,0.8,3,0.5270414940816569,0.8,0.42595222193029475,0.3300163389732915,0.470554835409476,0.6900835022502361,0.6935425601999939,-17.080043373577396
parent_human_capital_complements,low h,0.8,3,0.5286074521872524,0.8,0.4258898739332679,0.3300257600336043,0.47063278468238073,0.6908951427184975,0.694358269033033,-17.037033393261652
parent_human_capital_complements,low h,0.8,3,0.5302211591553182,0.8,0.4258258123157693,0.33003540490918626,0.47071281821384303,0.6917294163988896,0.6951967245276505,-16.992877149774156
parent_human_capital_complements,low h,0.8,3,0.5318830234952302,0.8,0.42576011826325133,0.3300453176953949,0.4707949278403226,0.6925863476644378,0.6960579511790423,-16.94757723652069
parent_human_capital_complements,low h,0.8,3,0.5335934667419154,0.8,0.42569275855828514,0.3300554674072637,0.47087909546814355,0.6934659696061574,0.6969419822440931,-16.90113631488486
parent_human_capital_complements,low h,0.8,3,0.5353529236339561,0.8,0.42562378728281636,0.3300658806596287,0.47096531108952877,0.6943683099546634,0.6978488455924181,-16.853557114126794
parent_human_capital_complements,low h,0.8,3,0.537161842297634,0.8,0.425553161234262,0.3300765406095624,0.4710535900151732,0.6952934076311207,0.6987785803402757,-16.804842431278722
parent_human_capital_complements,low h,0.8,3,0.5390206844370244,0.8,0.4254808888489271,0.330087451627195,0.47114393104570773,0.6962412963690545,0.6997312203902808,-16.754995131050002
parent_human_capital_complements,low h,0.8,3,0.5409299255302531,0.8,0.4254069843758344,0.33009859353111604,0.47123628651169375,0.6972120050730984,0.7007067947919522,-16.70401814572655
parent_human_capital_complements,low h,0.8,3,0.5428900550320312,0.8,0.42533143565221876,0.3301099919045142,0.4713307109416567,0.6982055765326415,0.7017053465491615,-16.65191447502904
parent_human_capital_complements,low h,0.8,3,0.5449015765825912,0.8,0.4252542624895321,0.3301216113922925,0.4714271259761043,0.6992220371928464,0.7027269022396285,-16.59868718604949
parent_human_capital_complements,low h,0.8,3,0.5469650082231464,0.8,0.42517548328559673,0.3301334987906974,0.4715255907117981,0.7002614292125049,0.7037715042334666,-16.544339413076727
parent_human_capital_complements,low h,0.8,3,0.5490808826180046,0.8,0.4250950988326164,0.33014563725680124,0.4716260764646464,0.7013237872526583,0.7048391873654565,-16.48887435752456
parent_human_capital_complements,low h,0.8,3,0.5512497472834679,0.8,0.42501307653761977,0.33015801097932396,0.47172858964414066,0.7024091531419553,0.7059299936739135,-16.43229528778181
parent_human_capital_complements,low h,0.8,3,0.5534721648236569,0.8,0.42492945739102256,0.3301706226591546,0.4718330937325374,0.7035175586703106,0.7070439551081005,-16.374605539102355
parent_human_capital_complements,low h,0.8,3,0.5557487131734017,0.8,0.4248442227227995,0.3301834739655345,0.4719396101641256,0.7046490474156961,0.7081811154644244,-16.315808513452687
parent_human_capital_complements,low h,0.8,3,0.5580799858483445,0.8,0.4247574396830849,0.33019657196948293,0.4720480834983788,0.7058036481102413,0.7093415036190354,-16.255907679407304
parent_human_capital_complements,low h,0.8,3,0.5604665922024078,0.8,0.4246690135782299,0.3302099052298503,0.47215858948240214,0.7069814177055876,0.7105251768090458,-16.19490657196575
parent_human_capital_complements,low h,0.8,3,0.5629091576927818,0.8,0.4245790546853534,0.3302235064008443,0.47227107191444473,0.7081823824549782,0.7117321614192942,-16.132808792468882
parent_human_capital_complements,low h,0.8,3,0.5654083241525933,0.8,0.42448745530253573,0.33023728999263924,0.47238549692527476,0.709406589439035,0.7129625047663949,-16.069618008420356
parent_human_capital_complements,low h,0.8,3,0.5679647500714233,0.8,0.42439432129024357,0.3302513360932827,0.47250189128023257,0.7106540754718812,0.7142162438490024,-16.005337953329445
parent_human_capital_complements,low h,0.8,3,0.5705791108838415,0.8,0.42429958974414883,0.3302656245213644,0.47262028446323057,0.7119248920900089,0.7154934304619368,-15.939972426571138
parent_human_capital_complements,low h,0.8,3,0.5732520992661372,0.8,0.42420333161547963,0.33028016234790375,0.47274061723264893,0.7132190704424858,0.7167940959104013,-15.873525293250493
parent_human_capital_complements,low h,0.8,3,0.5759844254414287,0.8,0.42410551036378435,0.3302949212888232,0.4728628792905068,0.7145366564691882,0.7181182863645466,-15.80600048401189
parent_human_capital_complements,low h,0.8,3,0.578776817493336,0.8,0.4240061170947098,0.3303099023757708,0.47298708123956656,0.7158776966604252,0.7194660485477157,-15.737401994880809
parent_human_capital_complements,low h,0.8,3,0.5816300216884137,0.8,0.4239052328048841,0.3303251361996585,0.47311319274175023,0.7172422258958662,0.7208374175144124,-15.667733887109945
parent_human_capital_complements,low h,0.8,3,0.5845448028075416,0.8,0.42380275313953764,0.3303405850985548,0.47324125578366905,0.7186303030738462,0.7222324524582017,-15.597000286981036
parent_human_capital_complements,low h,0.8,3,0.5875219444864789,0.8,0.42369873800970215,0.3303562490724598,0.4733712104542912,0.7200419623877323,0.7236511877438448,-15.525205385668446
parent_human_capital_complements,low h,0.8,3,0.5905622495657936,0.8,0.42359321923221765,0.33037217992534357,0.47350311072415124,0.7214772535808728,0.7250936733640304,-15.452353439009247
parent_human_capital_complements,low h,0.8,3,0.5936665404503856,0.8,0.42348619511704494,0.330388320451458,0.4736368635505695,0.7229362130091205,0.7265599458568451,-15.378448767378355
parent_human_capital_complements,low h,0.8,3,0.5968356594788269,0.8,0.4233776410241118,0.3304046874937307,0.4737725214655062,0.7244188958021724,0.7280500606283251,-15.30349575543234
parent_human_capital_complements,low h,0.8,3,0.600070469302753,0.8,0.42326760940816915,0.3304212924933113,0.4739100509607543,0.7259253412034429,0.7295640571185928,-15.227498851969248
parent_human_capital_complements,low h,0.8,3,0.6033718532765401,0.8,0.42315603113897304,0.33043811860727224,0.4740494932746697,0.7274556076190652,0.7311019940265442,-15.150462569693659
parent_human_capital_complements,low h,0.8,3,0.6067407158575169,0.8,0.4230430181551476,0.33045517020574355,0.47419074370556363,0.7290097217425767,0.7326638981795176,-15.072391485065989
parent_human_capital_complements,low h,0.8,3,0.6101779830169621,0.8,0.42292850570415963,0.330472446651132,0.47433386595011495,0.7305877448199014,0.734249831130434,-14.993290238022233
parent_human_capital_complements,low h,0.8,3,0.6136846026621482,0.8,0.4228125122040295,0.330489948581031,0.4744788426461578,0.732189722070985,0.7358598383259048,-14.913163531820812
parent_human_capital_complements,low h,0.8,3,0.6172615450697004,0.8,0.4226950190138604,0.3305076672551798,0.4746256779607173,0.7338157046434037,0.737493971169885,-14.83201613280266
parent_human_capital_complements,low h,0.8,3,0.6209098033305457,0.8,0.42257605264757514,0.33052557709039027,0.47477430301411105,0.7354657316294365,0.7391522689506037,-14.74985287019322
parent_human_capital_complements,low h,0.8,3,0.6246303938067362,0.8,0.4224556805345939,0.33054375316698603,0.4749247747099349,0.7371398532803689,0.7408347821712327,-14.666678635829122
parent_human_capital_complements,low h,0.8,3,0.6284243566004422,0.8,0.4223338624388201,0.3305621405860536,0.4750770423716846,0.7388381169519657,0.742541558424908,-14.582498383984076
parent_human_capital_complements,low h,0.8,3,0.6322927560354111,0.8,0.4222105809746357,0.3305807316389802,0.4752311106195155,0.7405605746365402,0.744272649964556,-14.497317131094423
parent_human_capital_complements,low h,0.8,3,0.6362366811512086,0.8,0.42208585015245725,0.3305995209239878,0.4753869564976665,0.742307272567075,0.7460281032549024,-14.411139955539031
parent_human_capital_complements,low h,0.8,3,0.6402572462105554,0.8,0.42195972608360344,0.33061854713465544,0.4755445879713859,0.7440782570165579,0.7478079648008802,-14.323971997380086
parent_human_capital_complements,low h,0.8,3,0.6443555912200942,0.8,0.4218321961463836,0.33063780693250083,0.4757040121338377,0.7458735803153841,0.7496122871951911,-14.235818458120278
parent_human_capital_complements,low h,0.8,3,0.6485328824649206,0.8,0.42170321884122874,0.3306572420801278,0.47586517404346285,0.7476932901962375,0.7514411184097805,-14.146684600463054
parent_human_capital_complements,low h,0.8,3,0.652790313057229,0.8,0.42157286232368085,0.33067689667289374,0.4760280785666311,0.7495374317885701,0.7532945038003123,-14.056575748021693
parent_human_capital_complements,low h,0.8,3,0.6571291034994325,0.8,0.4214411263840844,0.3306967723800398,0.4761927286772615,0.7514060561016942,0.7551724946317842,-13.965497285068828
parent_human_capital_complements,low h,0.8,3,0.6615505022621248,0.8,0.42130799014175224,0.3307168621305468,0.4763591335464332,0.753299216795805,0.7570751448333646,-13.873454656263263
parent_human_capital_complements,low h,0.8,3,0.6660557863772645,0.8,0.42117348487280537,0.33073714844389346,0.4765272329502821,0.7552169546510291,0.7590024953895907,-13.780453366392791
parent_human_capital_complements,low h,0.8,3,0.6706462620469753,0.8,0.4210375967257949,0.3307576313200798,0.4766970407402572,0.757159323259805,0.7609546001615348,-13.68649898005587
parent_human_capital_complements,low h,0.8,3,0.6753232652683625,0.8,0.4209003583449191,0.33077833968077663,0.47686857216644696,0.75912637220031,0.7629315089758855,-13.591597121392548
parent_human_capital_complements,low h,0.8,3,0.6800881624747613,0.8,0.4207605233500905,0.33080577020816415,0.47705383211462926,0.7611197087724397,0.7649348371891629,-13.495753473417292
parent_human_capital_complements,low h,0.8,3,0.6849423511938463,0.8,0.42062061001500917,0.33082692349851045,0.47722877529852414,0.7631362685229893,0.7669615049875264,-13.398973779251921
parent_human_capital_complements,low h,0.8,3,0.6898872607230374,0.8,0.42047932662886645,0.3308482619105468,0.477405395094999,0.7651776565214118,0.769013125485873,-13.301263839503036
parent_human_capital_complements,low h,0.8,3,0.6949243528226603,0.8,0.4203367561728682,0.33086981269670274,0.47758365365287153,0.7672439109257263,0.7710897370334899,-13.202629513494024
parent_human_capital_complements,low h,0.8,3,0.7000551224273222,0.8,0.420192843283231,0.3308915546439202,0.47776357120710083,0.7693350894231734,0.7731913976067762,-13.103076718580006
parent_human_capital_complements,low h,0.8,3,0.7052810983759861,0.8,0.42004761694213344,0.33091348068117993,0.47794510706590043,0.7714512343989313,0.7753181498033666,-13.002611429802801
parent_human_capital_complements,low h,0.8,3,0.7106038441612367,0.8,0.41990109035952916,0.33093561472242894,0.47812828762081316,0.7735923976342249,0.7774700456640405,-12.901239679588578
parent_human_capital_complements,low h,0.8,3,0.7160249586982449,0.8,0.41975333371801915,0.33095796550792783,0.47831305716310923,0.7757586153117887,0.7796471215528991,-12.79896755738443
parent_human_capital_complements,low h,0.8,3,0.7215460771139571,0.8,0.41960425506449595,0.3309804785328175,0.4784994173858498,0.7779499454606589,0.7818494357898504,-12.69580120934669
parent_human_capital_complements,low h,0.8,3,0.7271688715570458,0.8,0.41945389977393316,0.33100318001787965,0.4786873663356755,0.780166432608797,0.7840770331260531,-12.591746837983102
parent_human_capital_complements,low h,0.8,3,0.7328950520291776,0.8,0.41930228487461774,0.33102607973502274,0.4788769031665798,0.782408123737099,0.7863299607778961,-12.486810701801595
parent_human_capital_complements,low h,0.8,3,0.7387263672381705,0.8,0.41914940230714315,0.331049184755266,0.47906804764757727,0.7846750704276635,0.7886082705860341,-12.380999114956499
parent_human_capital_complements,low h,0.8,3,0.7446646054736273,0.8,0.4189953186784415,0.33107246782617994,0.47926068804171246,0.7869673004135112,0.7909119904225004,-12.274318446852122
parent_human_capital_complements,low h,0.8,3,0.7507115955056528,0.8,0.4188400057190267,0.3310959447590446,0.47945487880195103,0.7892848706738556,0.793241177552118,-12.166775121834164
parent_human_capital_complements,low h,0.8,3,0.7568692075072764,0.8,0.4186834144916037,0.3311195643874831,0.4796505841340683,0.7916278285514633,0.7955958795549598,-12.058375618759005
parent_human_capital_complements,low h,0.8,3,0.7631393540012239,0.8,0.41852568683009395,0.3311434165714514,0.4798478110122295,0.7939962079633145,0.797976130518016,-11.949126470638095
parent_human_capital_complements,low h,0.8,3,0.7695239908317001,0.8,0.41836671563833194,0.3311674353649408,0.48004655732601,0.7963900651164824,0.8003819869300985,-11.839034264236975
parent_human_capital_complements,low h,0.8,3,0.7760251181618615,0.8,0.41820657056241783,0.33119163220910086,0.4802467723758531,0.7988094325183769,0.8028134814615616,-11.72810563967004
parent_human_capital_complements,low h,0.8,3,0.7826447814976824,0.8,0.41804522108062175,0.33121601314330307,0.4804484966846881,0.8012543633769011,0.8052706675870139,-11.616347290027328
parent_human_capital_complements,low h,0.8,3,0.7893850727389358,0.8,0.4178827247865897,0.33124055798613733,0.48065163923845367,0.8037248849778067,0.8077535727289776,-11.503765960916535
parent_human_capital_complements,low h,0.8,3,0.7962481312580323,0.8,0.41771904190889275,0.3312652869190137,0.4808562732289938,0.8062210544597752,0.8102622543125432,-11.39036845011077
parent_human_capital_complements,low h,0.8,3,0.8032361450074849,0.8,0.4175542306100092,0.3312901895324305,0.48106232325569565,0.8087428996857728,0.8127967403403402,-11.276161607056768
parent_human_capital_complements,low h,0.8,3,0.8103513516567865,0.8,0.41738829126934607,0.33131528497615004,0.4812698206511583,0.811290467193841,0.8153570775836834,-11.161152332500885
parent_human_capital_complements,low h,0.8,3,0.8175960397595149,0.8,0.4172211800312049,0.331340519776961,0.4814787207194424,0.8138637974455358,0.817943306706943,-11.045347578011597
parent_human_capital_complements,low h,0.8,3,0.8249725499515008,0.8,0.4170529706957138,0.33136592285653427,0.48168899755470695,0.8164629208235216,0.8205554582450771,-10.92875434555666
parent_human_capital_complements,low h,0.8,3,0.8324832761809209,0.8,0.4168835984769018,0.3313914871438504,0.48190070423331444,0.8190878910977729,0.8231935862375833,-10.811379687066099
parent_human_capital_complements,low h,0.8,3,0.8401306669712053,0.8,0.4167132092708792,0.3314172540333778,0.4821137634083944,0.8217387230058955,0.8258577054959401,-10.693230703926652
parent_human_capital_complements,low h,0.8,3,0.8479172267176741,0.8,0.41654171021158815,0.33144317879216556,0.482328193868238,0.8244154670340307,0.8285478667593515,-10.574314546568734
parent_human_capital_complements,low h,0.8,3,0.8558455170188431,0.8,0.41636910062055793,0.3314692294035995,0.4825439432718028,0.8271181541951707,0.8312641011962633,-10.454638413955811
parent_human_capital_complements,low h,0.8,3,0.8639181580433734,0.8,0.41619549388227406,0.3314955021610615,0.48276105769644373,0.8298468158809843,0.8340064403556954,-10.334209553144955
parent_human_capital_complements,low h,0.8,3,0.8721378299336601,0.8,0.4160207689359635,0.33152188329064847,0.48297946979335027,0.832601491522483,0.8367749238663078,-10.213035258751056
parent_human_capital_complements,low h,0.8,3,0.8805072742470966,0.8,0.41584502527791406,0.3315484370691279,0.4831991865085617,0.8353822067764274,0.8395695775134667,-10.091122872497403
parent_human_capital_complements,low h,0.8,3,0.88902929543607,0.8,0.41566825586465167,0.3315751591263696,0.4834202076486163,0.8381889962846476,0.8423904361126449,-9.968479782696116
parent_human_capital_complements,low h,0.8,3,0.8977067623677852,0.8,0.41549043416905795,0.33160200639866405,0.48364248842712965,0.8410218897131786,0.8452375294785788,-9.845113423731052
parent_human_capital_complements,low h,0.8,3,0.9065426098850453,0.8,0.41531161295615937,0.33162902194972066,0.483866047392578,0.8438809158768722,0.8481108865705554,-9.721031275568702
parent_human_capital_complements,low h,0.8,3,0.9155398404091444,0.8,0.4151317892094225,0.33165619870852026,0.48409087585188704,0.8467661046341682,0.8510105373966809,-9.5962408632139
parent_human_capital_complements,low h,0.8,3,0.9247015255860773,0.8,0.41495101814953006,0.3316835252339132,0.4843168996378302,0.8496774695862962,0.8539364956263606,-9.47074975617025
parent_human_capital_complements,low h,0.8,3,0.9340308079772923,0.8,0.4147692411605275,0.331710981344489,0.48454414394594625,0.8526150486812285,0.8568887993977824,-9.344565567943626
parent_human_capital_complements,low h,0.8,3,0.9435309027962627,0.8,0.4145864883890046,0.3317385986628078,0.48477263099660506,0.8555788689215895,0.8598674758489218,-9.217695955472593
parent_human_capital_complements,low h,0.8,3,0.9532050996921831,0.8,0.41440280572282684,0.33176636574771984,0.4850022959553971,0.8585689423434656,0.8628725370761962,-9.090148618554977
parent_human_capital_complements,low h,0.8,3,0.9630567645821445,0.8,0.4142181407484439,0.3317942624178149,0.4852331578154575,0.8615853017637352,0.8659040160609793,-8.961931299331305
parent_human_capital_complements,low h,0.8,3,0.9730893415331738,0.8,0.4140325934768389,0.3318223001142426,0.48546513551234677,0.8646279483163033,0.8689619139428598,-8.8330517816712
parent_human_capital_complements,low h,0.8,3,0.9833063546955787,0.8,0.4138461063073724,0.33185049194739386,0.4856983083575118,0.8676969210864962,0.8720462700030803,-8.703517890665683
parent_human_capital_complements,low h,0.8,3,0.9937114102890687,0.8,0.4136587029713048,0.3318788008929307,0.4859325913073884,0.8707922260609612,0.875157090258296,-8.573337491961695
parent_human_capital_complements,low h,0.8,3,1.0043081986431819,0.8,0.41347040657186124,0.33190723775440933,0.4861679791494406,0.8739138788995642,0.8782943904468683,-8.442518491235433
parent_human_capital_complements,low h,0.8,3,1.0151004962935855,0.8,0.41328122012185153,0.3319358331227417,0.48640451952940866,0.8770619034722046,0.8814581945583451,-8.311068833589001
parent_human_capital_complements,low h,0.8,3,1.0260921681358672,0.8,0.4130912041868097,0.33196455974549843,0.48664210675173564,0.8802362940312756,0.8846484968163093,-8.178996502891083
parent_human_capital_complements,low h,0.8,3,1.037287169638491,0.8,0.4129002711291269,0.3319933887010085,0.4868807805597431,0.8834370803342121,0.8878653271273559,-8.04630952124403
parent_human_capital_complements,low h,0.8,3,1.0486895491166357,0.8,0.4127085116430643,0.3320223788642615,0.48712054775615266,0.8866642660244212,0.8911086891531541,-7.913015948317282
parent_human_capital_complements,low h,0.8,3,1.0603034500686892,0.8,0.4125159697721601,0.33205149051003036,0.48736129851245014,0.8899178414474856,0.8943785731908943,-7.779123880696518
parent_human_capital_complements,low h,0.8,3,1.0721331135772334,0.8,0.4123225266111591,0.33208069741753327,0.48760310831227593,0.8931978403351526,0.8976750131414045,-7.644641451331641
parent_human_capital_complements,low h,0.8,3,1.0841828807763967,0.8,0.4121295412821917,0.33210317341808493,0.4878333138981569,0.8965022749399629,0.9009960112936,-7.509576828378477
parent_human_capital_complements,low h,0.8,3,1.0964571953875313,0.8,0.41193452162580346,0.3321326058100983,0.4880770735957193,0.8998350834989902,0.9043455256250499,-7.373938216308015
parent_human_capital_complements,low h,0.8,3,1.1089606063252093,0.8,0.4117387227374878,0.3321621334638458,0.4883217702786409,0.9031943015622163,0.9077215818388892,-7.237733852690985
parent_human_capital_complements,low h,0.8,3,1.1216977703756155,0.8,0.41154216052381054,0.3321917809308679,0.48856742869770664,0.9065799331548129,0.9111241839804658,-7.100972009199929
parent_human_capital_complements,low h,0.8,3,1.1346734549494641,0.8,0.4113448093273081,0.33222154114014524,0.48881406280077233,0.9099919837707292,0.9145533375712677,-6.963660990536065
parent_human_capital_complements,low h,0.8,3,1.147892540911644,0.8,0.4111467167978398,0.33225143093460563,0.4890616528298671,0.9134304435061508,0.9180090326578373,-6.825809133754495
parent_human_capital_complements,low h,0.8,3,1.1613600254898573,0.8,0.4109478939000806,0.3322814035180026,0.4893101103257317,0.9168952944833054,0.9214912512727897,-6.687424807585147
parent_human_capital_complements,low h,0.8,3,1.1750810252645967,0.8,0.4107483424880808,0.33231150131645226,0.4895595036919641,0.9203865412048562,0.9249999979413576,-6.548516411687725
parent_human_capital_complements,low h,0.8,3,1.189060779242872,0.8,0.4105481016255531,0.3323417347394565,0.4898098111029868,0.9239041683436818,0.9285352572595921,-6.40909237600397
parent_human_capital_complements,low h,0.8,3,1.2033046520181812,0.8,0.41034711720481193,0.33237202806909805,0.4900609612776144,0.9274481621340986,0.932097015392809,-6.269161160039371
parent_human_capital_complements,low h,0.8,3,1.217818137019287,0.8,0.41014546803844915,0.33240244828303356,0.49031298631825443,0.9310185063200088,0.9356852560034264,-6.128731252111589
parent_human_capital_complements,low h,0.8,3,1.2326068598504607,0.8,0.4099420722124343,0.33243921438090807,0.4905772668023495,0.9346170538464434,0.9393018413244008,-5.9878111685666475
parent_human_capital_complements,low h,0.8,3,1.247676581725918,0.8,0.40973903519434784,0.3324698469689632,0.49083103138625517,0.9382400694494811,0.9429430173687225,-5.846409453413383
parent_human_capital_complements,low h,0.8,3,1.2630332030012734,0.8,0.40953542456842795,0.3325006451348915,0.49108564377495234,0.9418893724464944,0.9466106125731306,-5.704534677025348
parent_human_capital_complements,low h,0.8,3,1.2786827668049243,0.8,0.409331143865122,0.33253150153821587,0.49134102268216345,0.945564941683098,0.9503046056772029,-5.562195435741188
parent_human_capital_complements,low h,0.8,3,1.294631462772364,0.8,0.40912624631544153,0.3325624636127761,0.4915971934273156,0.9492667517299954,0.9540249711241781,-5.419400351063316
parent_human_capital_complements,low h,0.8,3,1.31088563088653,0.8,0.4089207164243841,0.33259352094907046,0.4918541542672765,0.952994779173731,0.9577716853832396,-5.27615806886832
parent_human_capital_complements,low h,0.8,3,1.3274517654273796,0.8,0.40871459403306565,0.3326246610743014,0.49211184470597735,0.9567489821582502,0.9615447063885293,-5.132477258632013
parent_human_capital_complements,low h,0.8,3,1.3443365190339982,0.8,0.40850790043632257,0.3326558769174496,0.4923702317389739,0.9605293228576248,0.965343996124515,-4.988366612673568
parent_human_capital_complements,low h,0.8,3,1.3615467068826452,0.8,0.40830062528782096,0.3326872109046311,0.49262939597024813,0.9643357828784975,0.9691695361056429,-4.843834845394294
parent_human_capital_complements,low h,0.8,3,1.3790893109842512,0.8,0.4080927970943853,0.3327186135387106,0.49288922692571935,0.9681683063445067,0.9730212701754696,-4.698890692418979
parent_human_capital_complements,low h,0.8,3,1.3969714846049992,0.8,0.40788439748777267,0.3327500831504467,0.493149740209367,0.9720268606508046,0.976899165565715,-4.553542909873263
parent_human_capital_complements,low h,0.8,3,1.4152005568137338,0.8,0.4076755333769696,0.33278168671749603,0.49341093982720374,0.9759113927249754,0.9808031689379366,-4.407800273549862
parent_human_capital_complements,low h,0.8,3,1.4337840371600625,0.8,0.4074661019366004,0.3328133343799029,0.4936727797965188,0.9798218658818125,0.9847332434230425,-4.26167157809046
parent_human_capital_complements,low h,0.8,3,1.4527296204871472,0.8,0.4072561336296188,0.3328450375788166,0.4939352486009015,0.983758229165081,0.9886893378093785,-4.115165636189813
parent_human_capital_complements,low h,0.8,3,1.4720451918832933,0.8,0.40704570757706204,0.33287685518922683,0.4941983646162975,0.9877204273383675,0.9926713965836576,-3.9682912777731567
parent_human_capital_complements,low h,0.8,3,1.4917388317766058,0.8,0.40683478043699906,0.3329087222967726,0.4944620636864563,0.9917084050615125,0.9966793641283266,-3.821057349139892
parent_human_capital_complements,low h,0.8,3,1.5118188211770927,0.8,0.40662340644671413,0.33294065535032713,0.49472631881342755,0.9957220973570025,1.000713175140171,-3.673472712157539
parent_human_capital_complements,low h,0.8,3,1.5322936470707536,0.8,0.4064126722700683,0.3329661139664074,0.49497921245830234,0.9997593381116522,1.004770652648318,-3.525546243242036
parent_human_capital_complements,low h,0.8,3,1.5531720079703377,0.8,0.40620042149087976,0.3329981537228457,0.4952445210741526,1.0038242660099466,1.0088559560824943,-3.3772868332139296
parent_human_capital_complements,low h,0.8,3,1.5744628196276003,0.8,0.40598769102344695,0.3330302251018439,0.4955103617452065,1.0079147317412054,1.0129669253585558,-3.228703385368095
parent_human_capital_complements,low h,0.8,3,1.5961752209120554,0.8,0.4057745910179926,0.3330623917425761,0.49577672970771336,1.0120306549321945,1.0171034797003955,-3.079804815334584
parent_human_capital_complements,low h,0.8,3,1.618318579861377,0.8,0.40556105365902995,0.333094588336627,0.4960435846264243,1.0161719703949927,1.0212655535933362,-2.9306000500429965
parent_human_capital_complements,low h,0.8,3,1.6409024999087747,0.8,0.4053471210663573,0.3331268519083345,0.4963109456938446,1.020338605043775,1.0254530735852092,-2.7810980268293237
parent_human_capital_complements,low h,0.8,3,1.6639368262928396,0.8,0.40513283597736577,0.3331591868278291,0.4965787774095191,1.0245304734414955,1.029665953810713,-2.631307692585012
parent_human_capital_complements,low h,0.8,3,1.6874316526555453,0.8,0.4049181834945032,0.33319155170064213,0.49684702612176007,1.028747491889499,1.0339041101516517,-2.481238002866097
parent_human_capital_complements,low h,0.8,3,1.7113973278342638,0.8,0.404703170196686,0.333223983551112,0.4971157465639554,1.0329895891265908,1.038167470989632,-2.330897920975094
parent_human_capital_complements,low h,0.8,3,1.7358444628538618,0.8,0.40448782159705976,0.33325647967834937,0.49738490875028674,1.0372566737933886,1.042455944507331,-2.180296417112692
parent_human_capital_complements,low h,0.8,3,1.7607839381251333,0.8,0.40427213996684963,0.33328899701864484,0.49765443909602614,1.0415486470680588,1.0467694313875684,-2.0294424674699316
parent_human_capital_complements,low h,0.8,3,1.7862269108560356,0.8,0.40405617222408174,0.3333215830058382,0.4979243692335863,1.0458654187104628,1.0511078409378751,-1.8783450532882944
parent_human_capital_complements,low h,0.8,3,1.8121848226824113,0.8,0.40383988663619347,0.3333542043481283,0.4981946757643069,1.0502068970125515,1.055471080990514,-1.7270131599892462
parent_human_capital_complements,low h,0.8,3,1.8386694075250942,0.8,0.40362332245661736,0.333386871455017,0.4984653366728907,1.0545729771611985,1.05985904620698,-1.575455776247249
parent_human_capital_complements,low h,0.8,3,1.8656926996805347,0.8,0.4034064667076259,0.3334195685152244,0.4987363387535857,1.058963560118002,1.0642716370524392,-1.4236818930691943
parent_human_capital_complements,low h,0.8,3,1.8932670421523103,0.8,0.4031893674280778,0.3334523298521994,0.4990076908071644,1.0633785386447228,1.0687087457511188,-1.271700502868189
parent_human_capital_complements,low h,0.8,3,1.921405095231136,0.8,0.4029720330366274,0.3334851080321021,0.49927930586453356,1.0678177909432405,1.073170249894383,-1.1195205985659813
parent_human_capital_complements,low h,0.8,3,1.9501198453312445,0.8,0.4027544452886014,0.3335179292757144,0.4995512455919816,1.072281222166416,1.0776560541596694,-0.9671511725992761
parent_human_capital_complements,low h,0.8,3,1.979424614091259,0.8,0.4025366595750272,0.33355077443327374,0.499823422886474,1.0767686968103962,1.0821660223639085,-0.8146012160597706
parent_human_capital_complements,low h,0.8,3,2.009333067747975,0.8,0.40231863635866527,0.33358365121339306,0.5000958900507136,1.0812801149556672,1.0867000540867382,-0.661879717680335
parent_human_capital_complements,low h,0.8,3,2.0398592267917226,0.8,0.40210042942018287,0.3336165535767006,0.5003685833028333,1.0858153386010925,1.091258010635288,-0.5089956629576928
parent_human_capital_complements,low h,0.8,3,2.071017475912293,0.8,0.4018820495375258,0.33364950003536564,0.5006415225210397,1.0903742477605423,1.0958397714219956,-0.35595803315309027
parent_human_capital_complements,low h,0.8,3,2.1028225742447084,0.8,0.4016635143561398,0.3336824710455712,0.5009146576953261,1.0949567052830464,1.1004451986084187,-0.20277580438217324
parent_human_capital_complements,low h,0.8,3,2.135289665924415,0.8,0.401444781160736,0.33371543601640513,0.5011879808824309,1.0995625873947419,1.105074167800275,-0.04945794663137759
parent_human_capital_complements,low h,0.8,3,2.168434290961828,0.8,0.401225934523848,0.3337484309405578,0.5014614671137156,1.1041917442949944,1.1097265284460516,0.10398657718349424
parent_human_capital_complements,low h,0.8,3,2.2022723964464688,0.8,0.4010069788323558,0.33378147870032837,0.5017351498953879,1.108844045673333,1.1144021495820933,0.2575488121980216
parent_human_capital_complements,low h,0.8,3,2.23682034809129,0.8,0.40078787699869434,0.33381450794793,0.5020089481630777,1.113519342967361,1.1191008819013317,0.4112198125139912
parent_human_capital_complements,low h,0.8,3,2.2720949421281498,0.8,0.40056869385535043,0.33384757858999986,0.5022828962896893,1.1182174896896824,1.123822578182099,0.5649906422287767
parent_human_capital_complements,low h,0.8,3,2.308113417565749,0.8,0.400349380485603,0.3338806492320697,0.5025569746427044,1.122938343544197,1.1285670954150335,0.7188523763560246
parent_human_capital_complements,low h,0.8,3,2.344893468821764,0.8,0.40013002755130556,0.33391371987413965,0.5028310925602697,1.1276817232496563,1.1333342514102105,0.8727961017899188
parent_human_capital_complements,low h,0.8,3,2.382453258741261,0.8,0.3999106162872329,0.33394683024143657,0.503105334592586,1.1324474942050644,1.1381239108919436,1.02681291834834
parent_human_capital_complements,low h,0.8,3,2.4208114320139376,0.8,0.39969113560411607,0.33397993520695546,0.5033796370986021,1.1372354890977756,1.1429359057089294,1.1808939396536653
parent_human_capital_complements,low h,0.8,3,2.4599871290031343,0.8,0.3994716046100456,0.3340130341331027,0.5036539799143724,1.1420455403874703,1.1477700674810485,1.3350302941633387
parent_human_capital_complements,low h,0.8,3,2.5,0.8,0.39925207062113943,0.3340461417995106,0.50392834019885,1.1468774717555428,1.1526262190058947,1.489213126133473
parent_human_capital_complements,baseline h,1.2,1,0.5,1.2,0.8311881654425837,0.3227788670177115,0.2160141873156731,0.5702924224118547,0.5731510250751525,-12.334459119231827
parent_human_capital_complements,baseline h,1.2,1,0.5000203210855501,1.2,0.831185214616087,0.32277921938651594,0.21601789925878753,0.5703021561929565,0.5731608076470351,-12.334391570175383
parent_human_capital_complements,baseline h,1.2,1,0.5000812892976928,1.2,0.8311762975932413,0.32278024590201726,0.21602903355511607,0.5703313606846361,0.5731901585268383,-12.334188919908588
parent_human_capital_complements,baseline h,1.2,1,0.5001829195049198,1.2,0.8311614395219868,0.32278196507638446,0.21604760504300352,0.5703800401573201,0.5732390820063947,-12.333851159139394
parent_human_capital_complements,baseline h,1.2,1,0.5003252364947652,1.2,0.8312178474207876,0.32277593723780085,0.21597817701286215,0.5704176974183739,0.5732769280252551,-12.333378496655072
parent_human_capital_complements,baseline h,1.2,1,0.5005082749838822,1.2,0.8312549385006758,0.32272607917534935,0.21583339251807881,0.570452243849056,0.5733116476206416,-12.332771051876739
parent_human_capital_complements,baseline h,1.2,1,0.500732079632158,1.2,0.8314434105713338,0.32274923099183905,0.21569492837103857,0.570498274252506,0.573357908752449,-12.332029732498532
parent_human_capital_complements,baseline h,1.2,1,0.5009967050608752,1.2,0.831459753234121,0.32270810236248226,0.21558974786884072,0.5705790788257968,0.5734391183603491,-12.331154026893975
parent_human_capital_complements,baseline h,1.2,1,0.5013022158749305,1.2,0.831685509197511,0.3227211519009431,0.21539217890852608,0.5706407976599305,0.573501146561426,-12.33014544843244
parent_human_capital_complements,baseline h,1.2,1,0.5016486866891229,1.2,0.8316349021946751,0.3227271612273577,0.2154557660564175,0.5708064859018553,0.5736676653191198,-12.329002819713741
parent_human_capital_complements,baseline h,1.2,1,0.502036202158526,1.2,0.8315786022315953,0.3227336595787791,0.21552610245856743,0.5709914736540229,0.5738535803262539,-12.327725588827649
parent_human_capital_complements,baseline h,1.2,1,0.502464857012963,1.2,0.831516331569633,0.3227408664003463,0.21560393985511506,0.5711959943310264,0.574059126167417,-12.326313697425999
parent_human_capital_complements,baseline h,1.2,1,0.5029347560956027,1.2,0.8315269198042123,0.3227396160695757,0.21559065090607124,0.5713884554095822,0.5742525519611437,-12.32476739629979
parent_human_capital_complements,baseline h,1.2,1,0.5034460144056994,1.2,0.8314527397882461,0.3227482643829751,0.21568351127898006,0.5716320693017731,0.5744973869730509,-12.323087050395523
parent_human_capital_complements,baseline h,1.2,1,0.5039987571454999,1.2,0.8313727159686276,0.3227575171645255,0.21578352110674748,0.5718951410292504,0.5747617773530497,-12.32127191797222
parent_human_capital_complements,baseline h,1.2,1,0.5045931197713469,1.2,0.8312874919828382,0.3227673831544877,0.2158900556308553,0.5721774751035558,0.5750455266327918,-12.319321918380746
parent_human_capital_complements,baseline h,1.2,1,0.5052292480490046,1.2,0.831246945999454,0.32277209638553317,0.21594078219329754,0.5724590863501073,0.5753285494615908,-12.317237364201839
parent_human_capital_complements,baseline h,1.2,1,0.5059072981132409,1.2,0.8311491548480539,0.3227834207102553,0.21606303388609766,0.5727808364640415,0.5756519123546827,-12.315018282594735
parent_human_capital_complements,baseline h,1.2,1,0.5066274365316988,1.2,0.831045375127849,0.32279542085091545,0.2161927339101284,0.5731221882548386,0.5759949751784517,-12.31266410473756
parent_human_capital_complements,baseline h,1.2,1,0.507389840373095,1.2,0.8315652075028429,0.3227712839133927,0.21562076575008537,0.5732521185822202,0.5761255567843094,-12.310178421167333
parent_human_capital_complements,baseline h,1.2,1,0.5081946972797818,1.2,0.8315600953079179,0.32273579809960734,0.21554922858723397,0.5735660716728151,0.57644108357132,-12.307568570240758
parent_human_capital_complements,baseline h,1.2,1,0.5090422055447187,1.2,0.8314825569264217,0.3227447715293816,0.2156461495770426,0.5739484572776775,0.576825385892003,-12.304824917849679
parent_human_capital_complements,baseline h,1.2,1,0.5099325741928927,1.2,0.8317394917539775,0.3227148915068296,0.2153246739007743,0.5742130139885916,0.5770912686989491,-12.301951386570169
parent_human_capital_complements,baseline h,1.2,1,0.5108660230672385,1.2,0.8316729821620319,0.32272276000229616,0.21540817944292764,0.574625472846978,0.5775057950159668,-12.298948952757556
parent_human_capital_complements,baseline h,1.2,1,0.5118427829191048,1.2,0.8315342119822873,0.32273884332266234,0.21558168959466345,0.575084321448578,0.5779669436057536,-12.295813048087695
parent_human_capital_complements,baseline h,1.2,1,0.5128630955033207,1.2,0.8313895490122813,0.3227555839467975,0.21576251231280114,0.575562846793112,0.5784478675685588,-12.292542521461094
parent_human_capital_complements,baseline h,1.2,1,0.5139272136779165,1.2,0.8313604482454611,0.3227141487132349,0.21570211297512626,0.5759843995106971,0.5788715333279341,-12.289138814508899
parent_human_capital_complements,baseline h,1.2,1,0.5150354015085564,1.2,0.8315044104983016,0.3227422523556714,0.21561885458994864,0.5764081288046201,0.5792973865737816,-12.28560998555513
parent_human_capital_complements,baseline h,1.2,1,0.5161879343777439,1.2,0.8314385437236174,0.3227498354599902,0.2157011008699616,0.5769066222777387,0.5797983787558325,-12.281947733688881
parent_human_capital_complements,baseline h,1.2,1,0.5173850990988615,1.2,0.8312712310294269,0.3227692608357088,0.21591037237570398,0.5774637141381567,0.5803582630508214,-12.27815305628953
parent_human_capital_complements,baseline h,1.2,1,0.5186271940351138,1.2,0.8312946035397734,0.32276657338323633,0.21588119496801714,0.5779606947980229,0.5808577348366118,-12.274225448755601
parent_human_capital_complements,baseline h,1.2,1,0.5199145292234401,1.2,0.8314079291929573,0.32274826438297505,0.21572832187426888,0.5784351093341821,0.5813345273855297,-12.270174254605491
parent_human_capital_complements,baseline h,1.2,1,0.5212474265034702,1.2,0.8315432681584896,0.3227377683416734,0.21557031145952482,0.578924126453578,0.5818259957134371,-12.265995549515582
parent_human_capital_complements,baseline h,1.2,1,0.5226262196515982,1.2,0.8314573799210191,0.3227477056794225,0.21567766434653357,0.5795175126945434,0.5824223563153131,-12.261689715687055
parent_human_capital_complements,baseline h,1.2,1,0.5240512545202515,1.2,0.8312605026433395,0.32277050242621874,0.215923782597293,0.5801737109807636,0.5830818438091309,-12.257251883183363
parent_human_capital_complements,baseline h,1.2,1,0.5255228891824385,1.2,0.8311285777983477,0.3227857503921451,0.21608864304868564,0.5808208506958035,0.5837322273254913,-12.252679819358194
parent_human_capital_complements,baseline h,1.2,1,0.5270414940816569,1.2,0.8309199402679865,0.32280992602324704,0.21634949994222707,0.5815169303340106,0.5844317960774048,-12.24797493237494
parent_human_capital_complements,baseline h,1.2,1,0.5286074521872524,1.2,0.831343213136605,0.32276090768536564,0.21582034746378503,0.5819714387653525,0.5848885827417394,-12.243151443305022
parent_human_capital_complements,baseline h,1.2,1,0.5302211591553182,1.2,0.8311943042313044,0.32277817435884565,0.21600655238380215,0.5826780064901137,0.5855986921519596,-12.238203913148169
parent_human_capital_complements,baseline h,1.2,1,0.5318830234952302,1.2,0.8310056551598215,0.32280001323703844,0.21624237343218167,0.5834184885475744,0.5863428858911793,-12.233122943387265
parent_human_capital_complements,baseline h,1.2,1,0.5335934667419154,1.2,0.8308492473709838,0.32281810112291953,0.21643785105452248,0.5841633237942572,0.587091454640073,-12.227910381043362
parent_human_capital_complements,baseline h,1.2,1,0.5353529236339561,1.2,0.8313023482917339,0.3227655953332227,0.21587133762802707,0.5846742568437281,0.5876049487521121,-12.222573417558085
parent_human_capital_complements,baseline h,1.2,1,0.537161842297634,1.2,0.8311841150640664,0.3227793190183803,0.21601921401563492,0.5854383903548039,0.5883729124983516,-12.21712426100108
parent_human_capital_complements,baseline h,1.2,1,0.5390206844370244,1.2,0.8313469400309084,0.3227604741968658,0.21581568423432199,0.586103654515609,0.5890415113096397,-12.211558562010131
parent_human_capital_complements,baseline h,1.2,1,0.5409299255302531,1.2,0.831216687533773,0.32277558383734856,0.21597857355489986,0.5869079468911974,0.5898498352175378,-12.205863671689071
parent_human_capital_complements,baseline h,1.2,1,0.5428900550320312,1.2,0.8312997327430345,0.322765784825043,0.2158743624790585,0.5876410806414162,0.5905866438159723,-12.200041051939728
parent_human_capital_complements,baseline h,1.2,1,0.5449015765825912,1.2,0.8312915311165596,0.3227668941294809,0.21588496020311895,0.5884298995630838,0.5913794167089391,-12.194101844404654
parent_human_capital_complements,baseline h,1.2,1,0.5469650082231464,1.2,0.8310207522079067,0.32279826514100046,0.21622350049665418,0.5893458378040192,0.592299946109413,-12.188035248832303
parent_human_capital_complements,baseline h,1.2,1,0.5490808826180046,1.2,0.8311375267776443,0.3227847423888128,0.21607751678219142,0.590117702414552,0.5930756797074068,-12.181847221908155
parent_human_capital_complements,baseline h,1.2,1,0.5512497472834679,1.2,0.8312099385338327,0.32277634514311226,0.21598696697528968,0.5909255589237608,0.5938875856142194,-12.175539339674486
parent_human_capital_complements,baseline h,1.2,1,0.5534721648236569,1.2,0.8310437416023573,0.3227955820586583,0.21619471564434473,0.5918511375130066,0.5948178036854508,-12.169109063428602
parent_human_capital_complements,baseline h,1.2,1,0.5557487131734017,1.2,0.8308000404914924,0.32282379947499795,0.21649936637450343,0.5928271815258133,0.5957987401392313,-12.162549285397667
parent_human_capital_complements,baseline h,1.2,1,0.5580799858483445,1.2,0.8309069443132233,0.32280014282222147,0.21634136418277494,0.5936664358874033,0.5966422012808151,-12.155864371649802
parent_human_capital_complements,baseline h,1.2,1,0.5604665922024078,1.2,0.8311169403821193,0.32278707644083293,0.21610314473007983,0.5944940238054252,0.5974739375005392,-12.149084223358642
parent_human_capital_complements,baseline h,1.2,1,0.5629091576927818,1.2,0.8309003582646735,0.32281218435734993,0.21637395994720238,0.595512339412003,0.5984973574353364,-12.142174678507592
parent_human_capital_complements,baseline h,1.2,1,0.5654083241525933,1.2,0.8305850016672959,0.32284868794637606,0.21676816429687654,0.5965905149387464,0.5995809373393978,-12.135133798893904
parent_human_capital_complements,baseline h,1.2,1,0.5679647500714233,1.2,0.830964828152603,0.32280468944374585,0.21629330104588812,0.5973918109051715,0.6003862498185691,-12.127981960964158
parent_human_capital_complements,baseline h,1.2,1,0.5705791108838415,1.2,0.83098677030302,0.3228021588288861,0.2162658927673739,0.5983625186678635,0.60136182327417,-12.120728933962912
parent_human_capital_complements,baseline h,1.2,1,0.5732520992661372,1.2,0.8308454335318733,0.32281852150102847,0.21644257291034807,0.5994206979458694,0.6024253066978799,-12.113351241785447
parent_human_capital_complements,baseline h,1.2,1,0.5759844254414287,1.2,0.830967771050529,0.322804364327371,0.21628965589659233,0.6003841511989257,0.603393589280464,-12.105854793880553
parent_human_capital_complements,baseline h,1.2,1,0.578776817493336,1.2,0.8307860270283957,0.322825402174573,0.2165168416686819,0.6014956331780253,0.6045106425861689,-12.098247706453467
parent_human_capital_complements,baseline h,1.2,1,0.5816300216884137,1.2,0.8308466944813651,0.3228183761045655,0.2164409979044964,0.6025211432366232,0.605541293035327,-12.090528672184266
parent_human_capital_complements,baseline h,1.2,1,0.5845448028075416,1.2,0.8310821411904912,0.32279096575858823,0.2161463448480594,0.6034889356202635,0.6065139364984777,-12.082695550480004
parent_human_capital_complements,baseline h,1.2,1,0.5875219444864789,1.2,0.8307236541271619,0.3228326530914976,0.216594876550473,0.6047310710199473,0.6077622981277627,-12.07475329675105
parent_human_capital_complements,baseline h,1.2,1,0.5905622495657936,1.2,0.8304738239717305,0.32285526908673406,0.2168935572556151,0.6059404464134168,0.6089777355406188,-12.066682451378465
parent_human_capital_complements,baseline h,1.2,1,0.5936665404503856,1.2,0.8309319756302833,0.32280838489955055,0.21633413575274574,0.6068692928327237,0.6099112378219778,-12.05850116229018
parent_human_capital_complements,baseline h,1.2,1,0.5968356594788269,1.2,0.8307546686472604,0.3228290562359094,0.21655609282230381,0.6080877180712658,0.6111357704424436,-12.050228474522271
parent_human_capital_complements,baseline h,1.2,1,0.600070469302753,1.2,0.8306192984013094,0.32286926942277894,0.21677832355189292,0.6093223467782483,0.6123765877515734,-12.041826219254293
parent_human_capital_complements,baseline h,1.2,1,0.6033718532765401,1.2,0.8310700847158937,0.3227925782300717,0.216161884261061,0.6102863109682436,0.6133453838321787,-12.033318601588546
parent_human_capital_complements,baseline h,1.2,1,0.6067407158575169,1.2,0.8308014541347931,0.3228235843999893,0.2164974881691838,0.6115992597280266,0.6146649137750075,-12.024722826437403
parent_human_capital_complements,baseline h,1.2,1,0.6101779830169621,1.2,0.830441000346117,0.3228653501517049,0.2169481559815657,0.6129712298920951,0.6160437609681421,-12.01600268180273
parent_human_capital_complements,baseline h,1.2,1,0.6136846026621482,1.2,0.8306763828047061,0.32283807646193,0.21665386235306267,0.6140994138917433,0.6171776000136214,-12.007166764145897
parent_human_capital_complements,baseline h,1.2,1,0.6172615450697004,1.2,0.8306704618969831,0.32283877079003714,0.21666128300949722,0.6153518423129477,0.6184363062584123,-11.998241879029475
parent_human_capital_complements,baseline h,1.2,1,0.6209098033305457,1.2,0.8304693090598434,0.32286252437378893,0.21691374358754079,0.6167093067485045,0.6198005750127682,-11.989202223163893
parent_human_capital_complements,baseline h,1.2,1,0.6246303938067362,1.2,0.8305909613613258,0.32284796803508065,0.21676064959444857,0.6179412764275621,0.6210387199655403,-11.980059843779527
parent_human_capital_complements,baseline h,1.2,1,0.6284243566004422,1.2,0.8306372382864576,0.32284252178234885,0.21670260876341574,0.6192249818698047,0.6223288600080894,-11.970812970372853
parent_human_capital_complements,baseline h,1.2,1,0.6322927560354111,1.2,0.8302105365672434,0.3228924828151472,0.21723722631347453,0.6207386923332572,0.623850157976815,-11.961458621010838
parent_human_capital_complements,baseline h,1.2,1,0.6362366811512086,1.2,0.830575610961438,0.32284972320213795,0.21677979115518003,0.6219160387240478,0.6250334058409481,-11.95201495842755
parent_human_capital_complements,baseline h,1.2,1,0.6402572462105554,1.2,0.8301944749596764,0.32289388561340004,0.2172563179652678,0.6234466031228244,0.6265716422257003,-11.942456543003075
parent_human_capital_complements,baseline h,1.2,1,0.6443555912200942,1.2,0.8306653419042079,0.32286617573423626,0.21672559768174246,0.6246304444408245,0.6277614175730012,-11.932798963937493
parent_human_capital_complements,baseline h,1.2,1,0.6485328824649206,1.2,0.8302575025138046,0.32288661888519554,0.21717759427821798,0.6261923072097727,0.6293311092116582,-11.923052120674303
parent_human_capital_complements,baseline h,1.2,1,0.652790313057229,1.2,0.8299976333370775,0.3229166655172685,0.21750236418022248,0.6277245973985265,0.6308710800369457,-11.913185989851304
parent_human_capital_complements,baseline h,1.2,1,0.6571291034994325,1.2,0.8304290274432523,0.3228666762003928,0.21696299314959608,0.6289614627278115,0.632114145179494,-11.903221935194487
parent_human_capital_complements,baseline h,1.2,1,0.6615505022621248,1.2,0.8302169677880379,0.3228912738788449,0.2172281837902673,0.6305093027596748,0.633669743791804,-11.893182540119689
parent_human_capital_complements,baseline h,1.2,1,0.6660557863772645,1.2,0.8300257419599573,0.32291387676369054,0.2174682318496141,0.6320668242969365,0.6352350724382604,-11.883017425564434
parent_human_capital_complements,baseline h,1.2,1,0.6706462620469753,1.2,0.8305549078092902,0.3228521780990805,0.21680579688472362,0.6333116183736583,0.6364861060712574,-11.872786560686126
parent_human_capital_complements,baseline h,1.2,1,0.6753232652683625,1.2,0.8303205777272643,0.3228793036915034,0.21709871824638313,0.6349257421461436,0.6381083206728219,-11.862464595321242
parent_human_capital_complements,baseline h,1.2,1,0.6800881624747613,1.2,0.8302163624687714,0.32289135499854027,0.2172289643280757,0.636498740027409,0.639689203238779,-11.852031244563259
parent_human_capital_complements,baseline h,1.2,1,0.6849423511938463,1.2,0.8303082714880501,0.32288067216630734,0.21711398039117363,0.6379994553855833,0.6411974409639901,-11.841500774292832
parent_human_capital_complements,baseline h,1.2,1,0.6898872607230374,1.2,0.8298772021575359,0.32293106501836427,0.2176538982821309,0.6397622340636908,0.6429690556069921,-11.830879508361537
parent_human_capital_complements,baseline h,1.2,1,0.6949243528226603,1.2,0.8301527614504561,0.32289866749134344,0.21730836033084552,0.6412141715862549,0.6444282709966747,-11.82017104009666
parent_human_capital_complements,baseline h,1.2,1,0.7000551224273222,1.2,0.8299764080014613,0.322919191761998,0.2175290462044543,0.6428959578890556,0.6461184872883992,-11.809360312691366
parent_human_capital_complements,baseline h,1.2,1,0.7052810983759861,1.2,0.8304729883296116,0.32296739055671964,0.2171365752729028,0.6443556057360423,0.6475854516506663,-11.798469420554357
parent_human_capital_complements,baseline h,1.2,1,0.7106038441612367,1.2,0.8301652854835041,0.32289727176410987,0.21729282152697327,0.6460611165270751,0.649299511350115,-11.787524759105256
parent_human_capital_complements,baseline h,1.2,1,0.7160249586982449,1.2,0.829866714607493,0.3229323496725838,0.21766716068528802,0.647857624962241,0.6511050248212863,-11.776467829637392
parent_human_capital_complements,baseline h,1.2,1,0.7215460771139571,1.2,0.8301121578810569,0.32290337802149977,0.21735913864538287,0.6494144167107703,0.6526696200209289,-11.76533396598571
parent_human_capital_complements,baseline h,1.2,1,0.7271688715570458,1.2,0.8298285908244724,0.32293620196600115,0.21771360542209015,0.6512417107847573,0.654506073444578,-11.75410336039492
parent_human_capital_complements,baseline h,1.2,1,0.7328950520291776,1.2,0.8300580320223077,0.3229097521895163,0.21742703270704758,0.6528431440276459,0.6561155339050014,-11.742759581934799
parent_human_capital_complements,baseline h,1.2,1,0.7387263672381705,1.2,0.8299340638340921,0.3229240150344096,0.21758180864023272,0.6546320816492848,0.6579134386137849,-11.731378493037425
parent_human_capital_complements,baseline h,1.2,1,0.7446646054736273,1.2,0.8297890307219984,0.32294079975390216,0.21776309674643038,0.6564503123176342,0.6597407832012866,-11.719882226099037
parent_human_capital_complements,baseline h,1.2,1,0.7507115955056528,1.2,0.8301232912110569,0.3229020677840919,0.2173451752025818,0.6580557441576748,0.6613542623019139,-11.708329759254799
parent_human_capital_complements,baseline h,1.2,1,0.7568692075072764,1.2,0.8300754071586314,0.32290764799213695,0.2174051125043845,0.6598644116177318,0.6631719957453421,-11.696713898466216
parent_human_capital_complements,baseline h,1.2,1,0.7631393540012239,1.2,0.830048309695748,0.32291055925987866,0.21743849830558992,0.661681625070879,0.6649983180188291,-11.684993232700041
parent_human_capital_complements,baseline h,1.2,1,0.7695239908317001,1.2,0.8301163062586534,0.3229100746050021,0.21736945488815132,0.6634767292903617,0.6668024202356568,-11.673198208889385
parent_human_capital_complements,baseline h,1.2,1,0.7760251181618615,1.2,0.8295976230864375,0.322963420119269,0.21800336437118364,0.66556814796218,0.6689043221871934,-11.661325424696933
parent_human_capital_complements,baseline h,1.2,1,0.7826447814976824,1.2,0.8298326485074556,0.3229357428943129,0.21770855614426018,0.6673132244019513,0.6706581458590203,-11.64937415831383
parent_human_capital_complements,baseline h,1.2,1,0.7893850727389358,1.2,0.8297478284364324,0.32294534200529634,0.2178141102950078,0.669234649313736,0.672589201953255,-11.637333526497525
parent_human_capital_complements,baseline h,1.2,1,0.7962481312580323,1.2,0.83017364019271,0.32289627083179695,0.21728230480397154,0.6709215475825732,0.6742845558348524,-11.625235275436163
parent_human_capital_complements,baseline h,1.2,1,0.8032361450074849,1.2,0.8296131159784876,0.32296119173848475,0.2179830581766395,0.6731179004926902,0.6764919180097461,-11.613074133437351
parent_human_capital_complements,baseline h,1.2,1,0.8103513516567865,1.2,0.8296332754484336,0.3229593053170032,0.2179588240362934,0.6750445409397844,0.6784282157822698,-11.600819068995378
parent_human_capital_complements,baseline h,1.2,1,0.8175960397595149,1.2,0.8298594240469108,0.32293265897767864,0.2176751193448752,0.6768856003098286,0.6802785035008099,-11.588525653675736
parent_human_capital_complements,baseline h,1.2,1,0.8249725499515008,1.2,0.8295065092131988,0.32297351532627855,0.2181162838915629,0.6790372948019828,0.6824409834064891,-11.5761430003618
parent_human_capital_complements,baseline h,1.2,1,0.8324832761809209,1.2,0.829737501326622,0.32294671214934145,0.21782739691595554,0.680913234267663,0.684326326057872,-11.563678204348331
parent_human_capital_complements,baseline h,1.2,1,0.8401306669712053,1.2,0.8295467613348371,0.32296885326160985,0.21806596171024,0.6830217673503508,0.6864454282066194,-11.551165783649477
parent_human_capital_complements,baseline h,1.2,1,0.8479172267176741,1.2,0.8298192903798163,0.322975072261255,0.21780686570449442,0.6849423739563969,0.688375661893341,-11.538542903138865
parent_human_capital_complements,baseline h,1.2,1,0.8558455170188431,1.2,0.8297420073464563,0.32294625307765334,0.217821899301275,0.687001682948878,0.6904452932151028,-11.525910655683159
parent_human_capital_complements,baseline h,1.2,1,0.8639181580433734,1.2,0.8295023778018596,0.32297447216323416,0.21812248207072626,0.6891934490297797,0.692648045569204,-11.513182217676059
parent_human_capital_complements,baseline h,1.2,1,0.8721378299336601,1.2,0.8297083869246764,0.3229505873250581,0.2178648816974491,0.6911740781046936,0.6946386025886706,-11.500408224132133
parent_human_capital_complements,baseline h,1.2,1,0.8805072742470966,1.2,0.8296695701481402,0.32295460352710736,0.21791237347041154,0.6932995411558192,0.6967747195676759,-11.487575092542066
parent_human_capital_complements,baseline h,1.2,1,0.88902929543607,1.2,0.8295544075389478,0.32296793241734445,0.21805632648251613,0.6954842352342798,0.6989703644707763,-11.474660054710498
parent_human_capital_complements,baseline h,1.2,1,0.8977067623677852,1.2,0.8297056860262254,0.3229504446294842,0.21786727437346032,0.6975486384460978,0.7010451155467557,-11.461681412316178
parent_human_capital_complements,baseline h,1.2,1,0.9065426098850453,1.2,0.8291142848603176,0.32301938173822137,0.2186075796942407,0.700022288571528,0.7035311648950385,-11.448640966683238
parent_human_capital_complements,baseline h,1.2,1,0.9155398404091444,1.2,0.8295784221872955,0.32296518505823474,0.2180263775384917,0.7019591712793758,0.7054777562678616,-11.435563581999217
parent_human_capital_complements,baseline h,1.2,1,0.9247015255860773,1.2,0.8294079842076405,0.32298487397444964,0.21823934357717084,0.704249772544513,0.7077798392196208,-11.422414479576576
parent_human_capital_complements,baseline h,1.2,1,0.9340308079772923,1.2,0.829733514482618,0.3229471826621793,0.2178324000676893,0.7062955428404399,0.7098358639818297,-11.409222997852305
parent_human_capital_complements,baseline h,1.2,1,0.9435309027962627,1.2,0.8291715953484744,0.3230127107379074,0.21853585984540552,0.7088342591043081,0.7123873056139266,-11.39596510208261
parent_human_capital_complements,baseline h,1.2,1,0.9532050996921831,1.2,0.8297971686265946,0.3229406031910625,0.21775453426610045,0.7107556410154152,0.7143183184919419,-11.382645957793514
parent_human_capital_complements,baseline h,1.2,1,0.9630567645821445,1.2,0.8291912279879119,0.32300999063122726,0.21851035177553912,0.7133573661291176,0.7169330848070472,-11.36928877246568
parent_human_capital_complements,baseline h,1.2,1,0.9730893415331738,1.2,0.8292414980428308,0.3230490504183015,0.2185444508607005,0.7156621811503014,0.7192494527616019,-11.35583327971349
parent_human_capital_complements,baseline h,1.2,1,0.9833063546955787,1.2,0.8294622396292195,0.322979084093174,0.21817258201203643,0.7178193225360401,0.7214174068635332,-11.34238845821066
parent_human_capital_complements,baseline h,1.2,1,0.9937114102890687,1.2,0.8291432522621589,0.32301555232710333,0.21857034076438442,0.7203256410011879,0.7239362883022679,-11.328870623119716
parent_human_capital_complements,baseline h,1.2,1,1.0043081986431819,1.2,0.829447560274794,0.3229808463312507,0.21819106780070738,0.7225104951986175,0.7261320941269368,-11.315288008835752
parent_human_capital_complements,baseline h,1.2,1,1.0151004962935855,1.2,0.8292971554293903,0.3229977296509598,0.21837794061668295,0.7249628487438579,0.7285967401454773,-11.301692189916427
parent_human_capital_complements,baseline h,1.2,1,1.0260921681358672,1.2,0.8293967030398737,0.322986687378903,0.21825454169855688,0.7272968436512173,0.7309424342509957,-11.28800636004138
parent_human_capital_complements,baseline h,1.2,1,1.037287169638491,1.2,0.8292694689460964,0.32300149041517995,0.2184137503506925,0.7297751434936701,0.7334331566231045,-11.27431168928752
parent_human_capital_complements,baseline h,1.2,1,1.0486895491166357,1.2,0.8286704509946585,0.32307025654426574,0.21916130314095536,0.7325359531413115,0.7362078048866935,-11.260531779572672
parent_human_capital_complements,baseline h,1.2,1,1.0603034500686892,1.2,0.8290788383541021,0.323023479059966,0.21865187641542438,0.7347536600529235,0.7384366281004603,-11.246729655167872
parent_human_capital_complements,baseline h,1.2,1,1.0721331135772334,1.2,0.8290150945525501,0.32303086290055605,0.21873156931265103,0.7372538765466827,0.7409493769815474,-11.232887808870053
parent_human_capital_complements,baseline h,1.2,1,1.0841828807763967,1.2,0.8293803614718529,0.3229880760351172,0.21827388276400034,0.7395291473765956,0.743236052653956,-11.219014730849247
parent_human_capital_complements,baseline h,1.2,1,1.0964571953875313,1.2,0.8291127909217437,0.32301952983557336,0.2186093935230946,0.7421828995023088,0.7459031067675549,-11.205089852456439
parent_human_capital_complements,baseline h,1.2,1,1.1089606063252093,1.2,0.8293310685444817,0.32309423394328685,0.2185524767730181,0.74466464203681,0.7483972890882781,-11.191115806843738
parent_human_capital_complements,baseline h,1.2,1,1.1216977703756155,1.2,0.8288382843544062,0.32305084260969685,0.21895153568253906,0.7473990314859682,0.7511453847215879,-11.177120614879101
parent_human_capital_complements,baseline h,1.2,1,1.1346734549494641,1.2,0.8288119518609718,0.3230543970391689,0.21898554574363294,0.7499725980874931,0.7537318513793859,-11.163065594984797
parent_human_capital_complements,baseline h,1.2,1,1.147892540911644,1.2,0.829020965424599,0.323030171273338,0.2187242045258111,0.7524277343019325,0.7561992940153128,-11.14898400848724
parent_human_capital_complements,baseline h,1.2,1,1.1613600254898573,1.2,0.8287068727441698,0.3230665311351424,0.21911683450773767,0.7552053701625927,0.7589908528336644,-11.13486806766342
parent_human_capital_complements,baseline h,1.2,1,1.1750810252645967,1.2,0.829164772057975,0.3230135292494194,0.21854445112077095,0.7575506899726739,0.7613479286082158,-11.120716457150436
parent_human_capital_complements,baseline h,1.2,1,1.189060779242872,1.2,0.8289430215655759,0.32303370011962174,0.21880977069280708,0.7603074024647318,0.7641184591791432,-11.10655421571026
parent_human_capital_complements,baseline h,1.2,1,1.2033046520181812,1.2,0.828686575754395,0.3230689076132786,0.21914226469028683,0.7631140046988898,0.7669391295655442,-11.092312450065045
parent_human_capital_complements,baseline h,1.2,1,1.217818137019287,1.2,0.8289634492987707,0.32303635761877547,0.21879508315778423,0.7656179478755252,0.7694556238095831,-11.078096001153664
parent_human_capital_complements,baseline h,1.2,1,1.2326068598504607,1.2,0.8282945460056655,0.3231143334657022,0.21963241428025115,0.7687043465063403,0.7725574930779155,-11.063786615174223
parent_human_capital_complements,baseline h,1.2,1,1.247676581725918,1.2,0.8292820190675937,0.32299941180098896,0.21839671042254252,0.7708176884853652,0.7746814282276934,-11.049493320645665
parent_human_capital_complements,baseline h,1.2,1,1.2630332030012734,1.2,0.8286011207389538,0.32307875779196094,0.21924899609168205,0.7739513866780575,0.7778308341479436,-11.035167750529835
parent_human_capital_complements,baseline h,1.2,1,1.2786827668049243,1.2,0.8289589430088888,0.32303736125197746,0.21880175729538248,0.7764767639159165,0.7803688698918854,-11.02079560141679
parent_human_capital_complements,baseline h,1.2,1,1.294631462772364,1.2,0.8287523968771612,0.32306124172002326,0.21905988523808906,0.7793620322169276,0.7832686006604402,-11.006428310561702
parent_human_capital_complements,baseline h,1.2,1,1.31088563088653,1.2,0.8283167612420221,0.3231116988488478,0.21960450827148903,0.782406671930109,0.7863285016936933,-10.991993069334118
parent_human_capital_complements,baseline h,1.2,1,1.3274517654273796,1.2,0.8288641478401857,0.323048330507006,0.21892024605494734,0.7848675362536809,0.7888017011510193,-10.977552036164557
parent_human_capital_complements,baseline h,1.2,1,1.3443365190339982,1.2,0.8286004534159594,0.3230783700680597,0.21924882593104938,0.7878439713598923,0.791793055700287,-10.963099737097869
parent_human_capital_complements,baseline h,1.2,1,1.3615467068826452,1.2,0.8287596540684403,0.32305989008814706,0.21904970852195743,0.7905775611539372,0.7945403476701958,-10.948607645212867
parent_human_capital_complements,baseline h,1.2,1,1.3790893109842512,1.2,0.828970641290441,0.3230355162249642,0.2187860737554817,0.7932956864345609,0.797272097610487,-10.934125127335538
parent_human_capital_complements,baseline h,1.2,1,1.3969714846049992,1.2,0.8287980050593728,0.3230555901641912,0.21900206969528035,0.796271356688232,0.8002626834733754,-10.919597933143358
parent_human_capital_complements,baseline h,1.2,1,1.4152005568137338,1.2,0.828383551318421,0.32310395993856417,0.21952100214887765,0.7994185475639325,0.8034256497089889,-10.905052279031038
parent_human_capital_complements,baseline h,1.2,1,1.4337840371600625,1.2,0.8281894953848098,0.32312646486078667,0.21976366871448938,0.8024459061213757,0.8064681829643501,-10.890467915101107
parent_human_capital_complements,baseline h,1.2,1,1.4527296204871472,1.2,0.8289134735917472,0.32304213168877116,0.21885753085599857,0.8049069876841118,0.8089416007497562,-10.875900969234472
parent_human_capital_complements,baseline h,1.2,1,1.4720451918832933,1.2,0.8286132106557829,0.3230768915518895,0.21923287509629838,0.808037403843138,0.812087708185078,-10.861312382233963
parent_human_capital_complements,baseline h,1.2,1,1.4917388317766058,1.2,0.8289904600737533,0.32303367993821147,0.21876228859278346,0.8107513004205483,0.814815208225693,-10.846703442673931
parent_human_capital_complements,baseline h,1.2,1,1.5118188211770927,1.2,0.8282871723114148,0.3231146427707971,0.2196404560735069,0.8141786386409673,0.8182597260504341,-10.832095945951764
parent_human_capital_complements,baseline h,1.2,1,1.5322936470707536,1.2,0.8285151149294774,0.32308874629608675,0.21935657707007,0.8170234144084119,0.8211187613157531,-10.817437718161816
parent_human_capital_complements,baseline h,1.2,1,1.5531720079703377,1.2,0.8284648136337001,0.32309407003465485,0.2194183776411545,0.8200647325916951,0.82417532416987,-10.80281192311398
parent_human_capital_complements,baseline h,1.2,1,1.5744628196276003,1.2,0.8281723367648106,0.3231283822672347,0.21978496893241628,0.8232834644895085,0.8274101900284622,-10.788124705673486
parent_human_capital_complements,baseline h,1.2,1,1.5961752209120554,1.2,0.8288257919985738,0.3230522268957808,0.21896701809631275,0.8258960663988474,0.830035887659369,-10.773459780343243
parent_human_capital_complements,baseline h,1.2,1,1.618318579861377,1.2,0.8285137474734423,0.3230884026675429,0.2193572022884505,0.8291626789854117,0.8333188742096631,-10.758796305414421
parent_human_capital_complements,baseline h,1.2,1,1.6409024999087747,1.2,0.8282917085452807,0.3231138787641443,0.21963426958527119,0.8323878940960221,0.8365602557782914,-10.744088443469643
parent_human_capital_complements,baseline h,1.2,1,1.6639368262928396,1.2,0.828326233246109,0.3231105666621106,0.2195925907440499,0.8354605352156258,0.8396482985756006,-10.729427127337168
parent_human_capital_complements,baseline h,1.2,1,1.6874316526555453,1.2,0.8280685745905115,0.32313994891939507,0.21991371507538174,0.8387453057928321,0.8429495341338434,-10.714729207881643
parent_human_capital_complements,baseline h,1.2,1,1.7113973278342638,1.2,0.8284685803834027,0.3230940956178432,0.21941466615113875,0.8416044542450603,0.8458230141273284,-10.700015174270144
parent_human_capital_complements,baseline h,1.2,1,1.7358444628538618,1.2,0.8281916859501995,0.3231256991848926,0.2197598242891684,0.8449371085375973,0.849172373419024,-10.68532185813483
parent_human_capital_complements,baseline h,1.2,1,1.7607839381251333,1.2,0.8284258748364712,0.32309849684290465,0.2194668783442028,0.84793901596403,0.8521893279690498,-10.670572687537273
parent_human_capital_complements,baseline h,1.2,1,1.7862269108560356,1.2,0.8285020599536381,0.32309020192995763,0.2193727762150704,0.8510649670570299,0.8553309479571087,-10.655888748364823
parent_human_capital_complements,baseline h,1.2,1,1.8121848226824113,1.2,0.8277347854483874,0.3231785627451721,0.22033091008118427,0.854788378414097,0.8590730229912714,-10.641163171727605
parent_human_capital_complements,baseline h,1.2,1,1.8386694075250942,1.2,0.8283369196756749,0.3231093435837696,0.2195792624652672,0.8575839099919236,0.8618825672294449,-10.626437204802317
parent_human_capital_complements,baseline h,1.2,1,1.8656926996805347,1.2,0.8281538644561042,0.3231300617163748,0.21980706885126539,0.8609382025295141,0.8652536732283487,-10.611754298916814
parent_human_capital_complements,baseline h,1.2,1,1.8932670421523103,1.2,0.8286074715623448,0.3231291805973365,0.21935155852790195,0.8639181827935564,0.868248590705625,-10.597017955873415
parent_human_capital_complements,baseline h,1.2,1,1.921405095231136,1.2,0.8283153503880597,0.32311138517362253,0.219605241586965,0.8673275642373097,0.8716750617449828,-10.582336608878528
parent_human_capital_complements,baseline h,1.2,1,1.9501198453312445,1.2,0.8278427335298406,0.3232109575713038,0.22029293482417572,0.8709856191402803,0.8753514527244592,-10.56761610383175
parent_human_capital_complements,baseline h,1.2,1,1.979424614091259,1.2,0.8280877162049869,0.32313818835055963,0.2198907706322219,0.8740558943141952,0.8784371177167275,-10.552914817629784
parent_human_capital_complements,baseline h,1.2,1,2.009333067747975,1.2,0.8279906968165919,0.32314940867328706,0.2200120259177082,0.8774324964563666,0.8818306451475705,-10.53821533466387
parent_human_capital_complements,baseline h,1.2,1,2.0398592267917226,1.2,0.828406454126322,0.3231484121111044,0.21959411603366352,0.8805073011984476,0.8849208624125597,-10.523518029964851
parent_human_capital_complements,baseline h,1.2,1,2.071017475912293,1.2,0.8276988218459236,0.32318319922665245,0.22037688848364567,0.8843050312674242,0.8887376286827254,-10.508844378486899
parent_human_capital_complements,baseline h,1.2,1,2.1028225742447084,1.2,0.8280167581715459,0.32314590978032204,0.2199784069539499,0.8874280389937136,0.891876290550387,-10.49415947690133
parent_human_capital_complements,baseline h,1.2,1,2.135289665924415,1.2,0.8282154912340527,0.32312285759569664,0.21972988117265224,0.8906512289040016,0.8951156367673341,-10.479511952337326
parent_human_capital_complements,baseline h,1.2,1,2.168434290961828,1.2,0.8277744420754205,0.32317442672984814,0.2202823196610515,0.8943591811024749,0.898842175153548,-10.464850943481697
parent_human_capital_complements,baseline h,1.2,1,2.2022723964464688,1.2,0.8276574538093422,0.32306411866431595,0.22016104250558027,0.8977067457119411,0.9022065195004473,-10.450191465453063
parent_human_capital_complements,baseline h,1.2,1,2.23682034809129,1.2,0.8275856684093534,0.32319628412020995,0.22051830529030017,0.9013133232829976,0.9058311751168099,-10.435561144591883
parent_human_capital_complements,baseline h,1.2,1,2.2720949421281498,1.2,0.8279550855890847,0.3231529984578559,0.22005539107988414,0.9044667025959477,0.9090003608093438,-10.42092502263197
parent_human_capital_complements,baseline h,1.2,1,2.308113417565749,1.2,0.8281333326119243,0.3231328804232715,0.21983368910234213,0.9077761701984458,0.9123264171872327,-10.406328439191537
parent_human_capital_complements,baseline h,1.2,1,2.344893468821764,1.2,0.8277597806124203,0.3231756699895994,0.22029966656511454,0.9115142515978343,0.9160832357976098,-10.39175058094052
parent_human_capital_complements,baseline h,1.2,1,2.382453258741261,1.2,0.8274822318957409,0.32320830714316945,0.22064771153350526,0.9151974935247488,0.9197849400515132,-10.377138603160418
parent_human_capital_complements,baseline h,1.2,1,2.4208114320139376,1.2,0.8281672771973004,0.32312850645063956,0.21979029673608108,0.918161778615705,0.922764083683321,-10.362605629123951
parent_human_capital_complements,baseline h,1.2,1,2.4599871290031343,1.2,0.827437150258288,0.3232130133031955,0.22070295847661442,0.9222203108179,0.9268429593628381,-10.348063238474017
parent_human_capital_complements,baseline h,1.2,1,2.5,1.2,0.827816430035226,0.3231695936855281,0.22022989232551457,0.9254441144520841,0.9300829223799852,-10.333500049478804
parent_human_capital_complements,baseline h,1.2,2,0.5,1.2,0.6982491166549107,0.34587325992458495,0.4361914368540481,0.6453052597482236,0.6485398658233927,-12.66264000688199
parent_human_capital_complements,baseline h,1.2,2,0.5000203210855501,1.2,0.698245005096829,0.3458737233664034,0.4361965994981738,0.6453163534617311,0.6485510151443706,-12.662433973823216
parent_human_capital_complements,baseline h,1.2,2,0.5000812892976928,1.2,0.6982325787487831,0.34587508206929896,0.436212107384387,0.645349642996851,0.6485844715439798,-12.661815864985877
parent_human_capital_complements,baseline h,1.2,2,0.5001829195049198,1.2,0.6982118791537639,0.3458774188222081,0.436238106735004,0.6454051473974091,0.6486402541615034,-12.660785651393468
parent_human_capital_complements,baseline h,1.2,2,0.5003252364947652,1.2,0.698182898928335,0.34588059800057636,0.4362742973369724,0.6454828292580844,0.6487183254041259,-12.659343284730959
parent_human_capital_complements,baseline h,1.2,2,0.5005082749838822,1.2,0.6981458418579252,0.34588450583050073,0.43632021736565046,0.6455826185409628,0.6488186148828662,-12.657488697371507
parent_human_capital_complements,baseline h,1.2,2,0.500732079632158,1.2,0.6981003463413757,0.34588951859473266,0.4363770818314778,0.6457047045860304,0.6489413128867814,-12.655221802479126
parent_human_capital_complements,baseline h,1.2,2,0.5009967050608752,1.2,0.6980465917572656,0.3458954282892829,0.4364442396028281,0.6458489953425616,0.6490863269037395,-12.652542493856
parent_human_capital_complements,baseline h,1.2,2,0.5013022158749305,1.2,0.6979845930400522,0.34590224738694886,0.43652170403354773,0.6460154988383198,0.6492536650017433,-12.649450646088315
parent_human_capital_complements,baseline h,1.2,2,0.5016486866891229,1.2,0.6979277926105094,0.345908577459608,0.43659286106788175,0.6462012206887973,0.6494403177868703,-12.645946263593814
parent_human_capital_complements,baseline h,1.2,2,0.502036202158526,1.2,0.6978510791490282,0.34591456390372327,0.4366831517846163,0.6464110220806675,0.6496511708125936,-12.642029192443772
parent_human_capital_complements,baseline h,1.2,2,0.502464857012963,1.2,0.698038242085346,0.34589651741231053,0.43645505940577445,0.6465832629356872,0.649824275028492,-12.63770351309476
parent_human_capital_complements,baseline h,1.2,2,0.5029347560956027,1.2,0.6979433547698622,0.3459067640551546,0.4365731861072285,0.6468386102007307,0.6500809022270279,-12.632967850820691
parent_human_capital_complements,baseline h,1.2,2,0.5034460144056994,1.2,0.6978400460340424,0.345918240847359,0.43670252420776806,0.6471163525965578,0.6503600368124075,-12.627819430257286
parent_human_capital_complements,baseline h,1.2,2,0.5039987571454999,1.2,0.6977426930363639,0.34592896507406035,0.4368241997516049,0.6474131361808229,0.6506583080305794,-12.622258211642954
parent_human_capital_complements,baseline h,1.2,2,0.5045931197713469,1.2,0.697624669182762,0.3459395307939077,0.4369661866578206,0.6477342657947686,0.6509810473134137,-12.616284026886527
parent_human_capital_complements,baseline h,1.2,2,0.5052292480490046,1.2,0.6979216526096167,0.3459092832288647,0.4366006017534486,0.6479835542993349,0.651231585381809,-12.609902916613738
parent_human_capital_complements,baseline h,1.2,2,0.5059072981132409,1.2,0.6977872539407408,0.3459215785325812,0.43676288617115344,0.6483492236615002,0.65159908766928,-12.603118300225583
parent_human_capital_complements,baseline h,1.2,2,0.5066274365316988,1.2,0.6983524233228198,0.34586186862220614,0.4360622947123438,0.6485784748992505,0.6518294880336416,-12.59593023103395
parent_human_capital_complements,baseline h,1.2,2,0.507389840373095,1.2,0.6982000183949266,0.3458784867321777,0.43625238951365225,0.6489898306651705,0.6522429057289189,-12.588350557563833
parent_human_capital_complements,baseline h,1.2,2,0.5081946972797818,1.2,0.6980392424075043,0.34589633062137926,0.43645363544178395,0.6494236820681715,0.6526789318211272,-12.580358823522062
parent_human_capital_complements,baseline h,1.2,2,0.5090422055447187,1.2,0.698165305991004,0.3458844088995254,0.43630053339311964,0.6498134853871947,0.6530706890374182,-12.571962097271417
parent_human_capital_complements,baseline h,1.2,2,0.5099325741928927,1.2,0.697989740205364,0.3459016913842854,0.43651529585419524,0.6502910490968266,0.6535506465451063,-12.563160314216498
parent_human_capital_complements,baseline h,1.2,2,0.5108660230672385,1.2,0.6978044801289369,0.34592211602307565,0.43674687901139886,0.6507920210499116,0.6540541296305561,-12.553946022571768
parent_human_capital_complements,baseline h,1.2,2,0.5118427829191048,1.2,0.6976885888184308,0.34593486602834994,0.43689168733386685,0.6512977831013932,0.6545624268248706,-12.544320357090621
parent_human_capital_complements,baseline h,1.2,2,0.5128630955033207,1.2,0.6974870105540594,0.34595709700057425,0.4371436854432431,0.6518436570552392,0.6551110369832969,-12.534284289797547
parent_human_capital_complements,baseline h,1.2,2,0.5139272136779165,1.2,0.6972771416974862,0.34598042583608685,0.43740646409875883,0.6524121112913492,0.655682340608123,-12.523834578336716
parent_human_capital_complements,baseline h,1.2,2,0.5150354015085564,1.2,0.6980204164375627,0.34596044445770474,0.43661787159251153,0.6528028371599317,0.6560750249982721,-12.512981471923595
parent_human_capital_complements,baseline h,1.2,2,0.5161879343777439,1.2,0.6982714653772519,0.34587075656215477,0.4361634105057153,0.6532876697461573,0.6565622878179493,-12.501784489347036
parent_human_capital_complements,baseline h,1.2,2,0.5173850990988615,1.2,0.6980374769246249,0.3458965746180588,0.43645595430913237,0.6539234114201272,0.6572012161603212,-12.490188362539847
parent_human_capital_complements,baseline h,1.2,2,0.5186271940351138,1.2,0.6978126994704578,0.3459213873715196,0.4367370070881488,0.6545777735777074,0.657858858321866,-12.47818105679518
parent_human_capital_complements,baseline h,1.2,2,0.5199145292234401,1.2,0.6975638749066786,0.34594866813231384,0.4370477044174092,0.6552583496514396,0.6585428457973642,-12.465761271382412
parent_human_capital_complements,baseline h,1.2,2,0.5212474265034702,1.2,0.6973234275477288,0.3459752633052616,0.43734846962860463,0.6559578654444891,0.6592458679279178,-12.452929092627702
parent_human_capital_complements,baseline h,1.2,2,0.5226262196515982,1.2,0.6973470828194874,0.3459726542715955,0.43731889706849136,0.6566174481968365,0.6599087568525699,-12.439701380319878
parent_human_capital_complements,baseline h,1.2,2,0.5240512545202515,1.2,0.6978678893107528,0.3459127962638685,0.4366623326157011,0.657182384107535,0.660476524516305,-12.426077446768717
parent_human_capital_complements,baseline h,1.2,2,0.5255228891824385,1.2,0.6975838524981213,0.34594667500794857,0.43702320641990594,0.657955050875779,0.661253064292842,-12.412091112727538
parent_human_capital_complements,baseline h,1.2,2,0.5270414940816569,1.2,0.6977306620021234,0.34593025950018824,0.43683916654430355,0.6586481761138478,0.6619496638356249,-12.397715374081459
parent_human_capital_complements,baseline h,1.2,2,0.5286074521872524,1.2,0.6977118709697729,0.3459814109571198,0.43697396908097486,0.6594158508281798,0.6627211865354757,-12.38294193058518
parent_human_capital_complements,baseline h,1.2,2,0.5302211591553182,1.2,0.6974406273800942,0.3459622110659118,0.43720166731739396,0.6602319607826176,0.6635413872580836,-12.367780927216915
parent_human_capital_complements,baseline h,1.2,2,0.5318830234952302,1.2,0.6971460519315003,0.34599479101373365,0.4375701340876476,0.6610899794608025,0.6644037067727907,-12.352208287770566
parent_human_capital_complements,baseline h,1.2,2,0.5335934667419154,1.2,0.6975457956150806,0.34595061716132186,0.4370702041067973,0.6618075628140121,0.6651248870275267,-12.336248052711936
parent_human_capital_complements,baseline h,1.2,2,0.5353529236339561,1.2,0.6972389728150118,0.345982089473947,0.43744840611190006,0.6627096031565858,0.6660314488661336,-12.319917521068982
parent_human_capital_complements,baseline h,1.2,2,0.537161842297634,1.2,0.6976706906623191,0.3459832014792739,0.4370192102926742,0.6634766213865941,0.6668023117910195,-12.303203491973413
parent_human_capital_complements,baseline h,1.2,2,0.5390206844370244,1.2,0.6973789171891722,0.34596899584012886,0.4372787653762402,0.6644032249996835,0.6677335600240478,-12.286127086715727
parent_human_capital_complements,baseline h,1.2,2,0.5409299255302531,1.2,0.697025218766882,0.3460081128329513,0.4377211811382518,0.6653802600081185,0.6687154924408428,-12.268639108075845
parent_human_capital_complements,baseline h,1.2,2,0.5428900550320312,1.2,0.6974177482319763,0.3459624974887074,0.43722519607241206,0.6662027279336736,0.6695420830040311,-12.250756375670203
parent_human_capital_complements,baseline h,1.2,2,0.5449015765825912,1.2,0.6973521640983181,0.34597195557335814,0.4373122311420582,0.6671550194840313,0.6704991479356491,-12.232548105061504
parent_human_capital_complements,baseline h,1.2,2,0.5469650082231464,1.2,0.6969972200228238,0.3460111667962669,0.4377561062711097,0.6681958816142156,0.6715452274089728,-12.213932731128292
parent_human_capital_complements,baseline h,1.2,2,0.5490808826180046,1.2,0.6970591121820403,0.34600442881829624,0.4376789323778555,0.6691597832517441,0.6725139606235658,-12.194921483902402
parent_human_capital_complements,baseline h,1.2,2,0.5512497472834679,1.2,0.6970621229571633,0.3460040269523563,0.4376750101707808,0.670158603452615,0.6735177874315282,-12.17554865214112
parent_human_capital_complements,baseline h,1.2,2,0.5534721648236569,1.2,0.697402822723312,0.3459665779675243,0.4372493761070331,0.6710985638250149,0.6744624593749019,-12.155830304340647
parent_human_capital_complements,baseline h,1.2,2,0.5557487131734017,1.2,0.6970184167655868,0.3460087559946817,0.43772944183035145,0.6722315005585124,0.6756010749774084,-12.135744839164811
parent_human_capital_complements,baseline h,1.2,2,0.5580799858483445,1.2,0.6966025988972059,0.3460547617637159,0.43824960078290187,0.673393537982994,0.6767689371387197,-12.115248278733285
parent_human_capital_complements,baseline h,1.2,2,0.5604665922024078,1.2,0.6969675390515626,0.3460144728589291,0.4377932853924886,0.6743910560213343,0.6777714552570347,-12.094377331410538
parent_human_capital_complements,baseline h,1.2,2,0.5629091576927818,1.2,0.6972880658487342,0.3459768114999775,0.4373873426332149,0.6754192512362346,0.6788048043218974,-12.073164376039927
parent_human_capital_complements,baseline h,1.2,2,0.5654083241525933,1.2,0.6969380508576376,0.34601763789525875,0.43782995188880924,0.6766305807960713,0.6800222056964202,-12.051627006750195
parent_human_capital_complements,baseline h,1.2,2,0.5679647500714233,1.2,0.6968112031388983,0.3460316099472262,0.4379884882214108,0.6778092673770089,0.6812068004684315,-12.0297002575218
parent_human_capital_complements,baseline h,1.2,2,0.5705791108838415,1.2,0.6963826436035814,0.34607893032379855,0.4385243703707937,0.6790820382399082,0.6824859511218304,-12.007382915701443
parent_human_capital_complements,baseline h,1.2,2,0.5732520992661372,1.2,0.6971346987498577,0.3459959558546785,0.4375841291285534,0.6800919248936866,0.6835008998535265,-11.984678875689049
parent_human_capital_complements,baseline h,1.2,2,0.5759844254414287,1.2,0.6970164062702537,0.34600920362522025,0.437732467551746,0.6813329103803206,0.6847481058057984,-11.961712726285771
parent_human_capital_complements,baseline h,1.2,2,0.578776817493336,1.2,0.6966049694921326,0.3460543511575154,0.43824629893311245,0.6826664172648551,0.6860882969214078,-11.938372655836552
parent_human_capital_complements,baseline h,1.2,2,0.5816300216884137,1.2,0.69614889616961,0.34610481265647025,0.4388168189352647,0.6840327950095041,0.6874615236630037,-11.914626822108573
parent_human_capital_complements,baseline h,1.2,2,0.5845448028075416,1.2,0.696753331244077,0.34603802280882195,0.4380609044863313,0.6851629479945536,0.688597341563465,-11.890510837437564
parent_human_capital_complements,baseline h,1.2,2,0.5875219444864789,1.2,0.6967429345825489,0.3460393313769886,0.4380742689804613,0.6864641107946455,0.6899050264692339,-11.866139272265483
parent_human_capital_complements,baseline h,1.2,2,0.5905622495657936,1.2,0.6962649299389092,0.34609190144345303,0.43867150253484244,0.6879012786546069,0.6913493981630717,-11.841381493692623
parent_human_capital_complements,baseline h,1.2,2,0.5936665404503856,1.2,0.69614998129387,0.346104628566428,0.43881531629478887,0.6892716247629879,0.6927266131599057,-11.81623989082701
parent_human_capital_complements,baseline h,1.2,2,0.5968356594788269,1.2,0.6964358391493182,0.34607304518078885,0.43845782732071115,0.690565138968023,0.6940266111318754,-11.79078080440098
parent_human_capital_complements,baseline h,1.2,2,0.600070469302753,1.2,0.6963731164689603,0.3460799639103192,0.4385362416796438,0.691966012669517,0.6954345067420195,-11.764997213505893
parent_human_capital_complements,baseline h,1.2,2,0.6033718532765401,1.2,0.6962057078003873,0.3460983355181068,0.438745317154679,0.6934145889810568,0.6968903440725375,-11.73886805051636
parent_human_capital_complements,baseline h,1.2,2,0.6067407158575169,1.2,0.6957377924999864,0.3460447476764017,0.4390916952300927,0.6949243092596286,0.6984076318554975,-11.712360916294248
parent_human_capital_complements,baseline h,1.2,2,0.6101779830169621,1.2,0.6959948426515297,0.3461217128191071,0.4390092020222052,0.6963470624336344,0.6998375166094657,-11.68557074201265
parent_human_capital_complements,baseline h,1.2,2,0.6136846026621482,1.2,0.6962527599264521,0.34609317465652295,0.43868656019454194,0.6977555668003443,0.7012530811336942,-11.658434980371299
parent_human_capital_complements,baseline h,1.2,2,0.6172615450697004,1.2,0.6957191289312584,0.3461521330330426,0.4393539087876822,0.6993837275537754,0.7028894030768643,-11.630963076629143
parent_human_capital_complements,baseline h,1.2,2,0.6209098033305457,1.2,0.6959428643141728,0.34612756967803937,0.43907446371562064,0.7008445613058938,0.7043575592886373,-11.60315115307051
parent_human_capital_complements,baseline h,1.2,2,0.6246303938067362,1.2,0.6958109014261874,0.34614199643156474,0.4392391464806015,0.7024164543615449,0.7059373314910187,-11.575045423907177
parent_human_capital_complements,baseline h,1.2,2,0.6284243566004422,1.2,0.6956999700249757,0.34615413322842725,0.43937760413709737,0.7040052466099107,0.7075340875936708,-11.546580349631052
parent_human_capital_complements,baseline h,1.2,2,0.6322927560354111,1.2,0.6962985810692671,0.346088309989643,0.4386297059872434,0.7054366144789374,0.7089726302239984,-11.517786904356923
parent_human_capital_complements,baseline h,1.2,2,0.6362366811512086,1.2,0.6957319701152542,0.34615056632615776,0.4393375143124716,0.7071850886454771,0.71072986865377,-11.488747487958772
parent_human_capital_complements,baseline h,1.2,2,0.6402572462105554,1.2,0.6951926268458206,0.3462101820064465,0.44001206594480013,0.7089495897589841,0.7125032143659149,-11.459307181438476
parent_human_capital_complements,baseline h,1.2,2,0.6443555912200942,1.2,0.695448911018951,0.3461817734290453,0.43969135111812396,0.7105338000511199,0.7140953655451856,-11.429556248549643
parent_human_capital_complements,baseline h,1.2,2,0.6485328824649206,1.2,0.6956439025771173,0.34616025966722735,0.4394475663481543,0.7121554949438255,0.7157251892173684,-11.399584994286322
parent_human_capital_complements,baseline h,1.2,2,0.652790313057229,1.2,0.695053779171427,0.3462228492227842,0.44017964286584765,0.7140000912339672,0.7175790315848918,-11.36922212771486
parent_human_capital_complements,baseline h,1.2,2,0.6571291034994325,1.2,0.6953096286668561,0.34622822142683995,0.43993597752921704,0.7156623795155447,0.7192496521211549,-11.338518052218717
parent_human_capital_complements,baseline h,1.2,2,0.6615505022621248,1.2,0.6955496430583652,0.34617067562048154,0.4395654492488869,0.7173279602447185,0.7209235816084767,-11.307618477821565
parent_human_capital_complements,baseline h,1.2,2,0.6660557863772645,1.2,0.6952706723766209,0.3462014579751299,0.4399142343109739,0.7191611456163584,0.7227659558600312,-11.276374222439696
parent_human_capital_complements,baseline h,1.2,2,0.6706462620469753,1.2,0.6946548020016262,0.34626689078912387,0.4406785063081068,0.7211039685865903,0.7247185172709275,-11.244773982785787
parent_human_capital_complements,baseline h,1.2,2,0.6753232652683625,1.2,0.6953811356886689,0.34618930099685713,0.439776198972203,0.7227213321279873,0.7263439878808129,-11.212916674425653
parent_human_capital_complements,baseline h,1.2,2,0.6800881624747613,1.2,0.6951232709991827,0.3462177095742583,0.4400984943152352,0.7246170651691158,0.7282492233233542,-11.180819026121585
parent_human_capital_complements,baseline h,1.2,2,0.6849423511938463,1.2,0.694485596758621,0.3462881622235035,0.440895955164285,0.7266356604744043,0.730277936879717,-11.14833657804011
parent_human_capital_complements,baseline h,1.2,2,0.6898872607230374,1.2,0.6950257056777532,0.3462258389093321,0.44021449696861203,0.7283660003062276,0.7320169500760411,-11.115581708058649
parent_human_capital_complements,baseline h,1.2,2,0.6949243528226603,1.2,0.694939063862716,0.346238014399774,0.4403287527959716,0.7302858577531733,0.7339464308484868,-11.082618816812925
parent_human_capital_complements,baseline h,1.2,2,0.7000551224273222,1.2,0.6942482328194006,0.34631167618070613,0.4411866487584408,0.7323872116580479,0.7360583178336424,-11.049274490677636
parent_human_capital_complements,baseline h,1.2,2,0.7052810983759861,1.2,0.6948173579417705,0.34625153445107254,0.44048112219326213,0.7341782453027982,0.737858329071897,-11.01570086187364
parent_human_capital_complements,baseline h,1.2,2,0.7106038441612367,1.2,0.6946108282022274,0.34627422886511533,0.4407391228638542,0.7361975567784981,0.7398877623884904,-10.981852879617456
parent_human_capital_complements,baseline h,1.2,2,0.7160249586982449,1.2,0.6943946177339564,0.34629817194068746,0.44100963622752287,0.7382426148587095,0.7419430713649875,-10.947682998668718
parent_human_capital_complements,baseline h,1.2,2,0.7215460771139571,1.2,0.6945371032907186,0.3462823353178899,0.44083123321025575,0.7402139875151227,0.7439243255679627,-10.913294933567043
parent_human_capital_complements,baseline h,1.2,2,0.7271688715570458,1.2,0.6943540986226796,0.3463027414445112,0.44106051897347187,0.742296094970748,0.7460168696306407,-10.878587639820818
parent_human_capital_complements,baseline h,1.2,2,0.7328950520291776,1.2,0.6940574457018249,0.3463323959825526,0.4414244283866044,0.7444310181828375,0.7481624941898642,-10.843623291502809
parent_human_capital_complements,baseline h,1.2,2,0.7387263672381705,1.2,0.6942598684400719,0.3463129564647953,0.44117791682208385,0.7464554625740036,0.7501970861507699,-10.808436801543746
parent_human_capital_complements,baseline h,1.2,2,0.7446646054736273,1.2,0.6944206089953324,0.3463534022071947,0.4411089072105852,0.7485342588364864,0.7522863024228807,-10.772924867308092
parent_human_capital_complements,baseline h,1.2,2,0.7507115955056528,1.2,0.6938622505619328,0.346145943986716,0.4411967503999391,0.7507115755921229,0.7544745330241722,-10.737167387742437
parent_human_capital_complements,baseline h,1.2,2,0.7568692075072764,1.2,0.6943505330034005,0.3463028797699548,0.441064398314857,0.7528027879141852,0.7565762275916205,-10.701200421841918
parent_human_capital_complements,baseline h,1.2,2,0.7631393540012239,1.2,0.693593139233788,0.3463838338622799,0.44200539596586275,0.7551814937536429,0.7589668567437167,-10.66493470395147
parent_human_capital_complements,baseline h,1.2,2,0.7695239908317001,1.2,0.6942655861026505,0.34631230083026754,0.44117071218039633,0.7571891922680014,0.7609846188887579,-10.628402393733516
parent_human_capital_complements,baseline h,1.2,2,0.7760251181618615,1.2,0.6939010254480619,0.3463524928040789,0.44162642823158904,0.7595069780333814,0.7633140226036342,-10.591705440222084
parent_human_capital_complements,baseline h,1.2,2,0.7826447814976824,1.2,0.6932352410754283,0.34642598900713795,0.44245890199276056,0.761932931636783,0.765752136350077,-10.554659889601266
parent_human_capital_complements,baseline h,1.2,2,0.7893850727389358,1.2,0.6942795089805203,0.34631070250082274,0.44115316429134577,0.7639022493597504,0.7677313253192095,-10.517408248653892
parent_human_capital_complements,baseline h,1.2,2,0.7962481312580323,1.2,0.6935319389868084,0.3463931879449359,0.4420878112723061,0.7663987330916929,0.7702403227279336,-10.479982184182285
parent_human_capital_complements,baseline h,1.2,2,0.8032361450074849,1.2,0.6932683880602558,0.34641991707319697,0.44241198386175495,0.7687816981875453,0.7726352324860362,-10.442173644291906
parent_human_capital_complements,baseline h,1.2,2,0.8103513516567865,1.2,0.6938969824365733,0.3463528946700189,0.4416313826750298,0.77093609097712,0.7748004242144079,-10.404268276128416
parent_human_capital_complements,baseline h,1.2,2,0.8175960397595149,1.2,0.6931334052751484,0.3464372049597351,0.44258617557353086,0.773509565776551,0.7773867986099522,-10.366098956575204
parent_human_capital_complements,baseline h,1.2,2,0.8249725499515008,1.2,0.6927441463806661,0.3464774426981451,0.4430666936587271,0.7759993379709673,0.7798890508394283,-10.327609207831827
parent_human_capital_complements,baseline h,1.2,2,0.8324832761809209,1.2,0.6934845712536502,0.34639834173550055,0.4421468678024651,0.7781897231784168,0.7820904153984202,-10.289023913318864
parent_human_capital_complements,baseline h,1.2,2,0.8401306669712053,1.2,0.693089435334572,0.346441979766659,0.4426409747762108,0.7807293575132453,0.7846427797033273,-10.250164878660993
parent_human_capital_complements,baseline h,1.2,2,0.8479172267176741,1.2,0.6932298009959843,0.34642647803214477,0.44246545118092007,0.7831374482969548,0.7870629410923213,-10.2110373942215
parent_human_capital_complements,baseline h,1.2,2,0.8558455170188431,1.2,0.6930007296396413,0.346451862599549,0.44275209473613597,0.7856764354193548,0.7896146549406342,-10.171753729794977
parent_human_capital_complements,baseline h,1.2,2,0.8639181580433734,1.2,0.6926392400032976,0.3464917708514539,0.4432040962878,0.7882780676855209,0.7922293279428029,-10.132257595343976
parent_human_capital_complements,baseline h,1.2,2,0.8721378299336601,1.2,0.6927295728056585,0.3464817355510816,0.4430910034241945,0.7907708732381804,0.7947346287352937,-10.092502167959351
parent_human_capital_complements,baseline h,1.2,2,0.8805072742470966,1.2,0.6929742177116494,0.34645464865223796,0.4427849254316263,0.7932411081590072,0.7972172457601887,-10.052594833060551
parent_human_capital_complements,baseline h,1.2,2,0.88902929543607,1.2,0.6921204224249713,0.34654611292790344,0.44384616169551383,0.7960592782649034,0.800049542002526,-10.012421638450002
parent_human_capital_complements,baseline h,1.2,2,0.8977067623677852,1.2,0.6926918703817775,0.3464857615250393,0.44313783675701157,0.7984801398607582,0.8024825382176277,-9.972105447250588
parent_human_capital_complements,baseline h,1.2,2,0.9065426098850453,1.2,0.6924281412799658,0.34649714575639873,0.44342738529554665,0.8011648450623114,0.805180700560005,-9.93156687546615
parent_human_capital_complements,baseline h,1.2,2,0.9155398404091444,1.2,0.6930050343974803,0.3464726722613514,0.44279498629126474,0.8036436047356962,0.8076718850679582,-9.890793790169138
parent_human_capital_complements,baseline h,1.2,2,0.9247015255860773,1.2,0.6921926027475117,0.34654097327937755,0.44376232465011667,0.8065399087939555,0.8105827069107248,-9.849920451584305
parent_human_capital_complements,baseline h,1.2,2,0.9340308079772923,1.2,0.6918614158706641,0.3465747241075159,0.4441700584051821,0.8093230753832266,0.8133798241805796,-9.808753604793706
parent_human_capital_complements,baseline h,1.2,2,0.9435309027962627,1.2,0.6925134481008623,0.3465054362992155,0.4433608814257585,0.811832933958432,0.8159022634742475,-9.767494939198588
parent_human_capital_complements,baseline h,1.2,2,0.9532050996921831,1.2,0.6916228024879358,0.3466038253437829,0.44447467339176394,0.8148361153529537,0.818920498378154,-9.725998885786836
parent_human_capital_complements,baseline h,1.2,2,0.9630567645821445,1.2,0.6917861356381632,0.3465857875926307,0.4442704306219232,0.8175408147362184,0.8216387551234954,-9.684275878151105
parent_human_capital_complements,baseline h,1.2,2,0.9730893415331738,1.2,0.6919359581856535,0.34656911394615214,0.4440827922442196,0.8202726098413166,0.8243842434085414,-9.642516184280016
parent_human_capital_complements,baseline h,1.2,2,0.9833063546955787,1.2,0.6915429091113345,0.3466125907695678,0.44457444675404534,0.8231961619351718,0.8273224498682508,-9.600440272709415
parent_human_capital_complements,baseline h,1.2,2,0.9937114102890687,1.2,0.6921726186512742,0.34654303068051046,0.44378697493212355,0.8258250340059117,0.829964499215082,-9.558265640715716
parent_human_capital_complements,baseline h,1.2,2,1.0043081986431819,1.2,0.6913891133191554,0.34662668096556853,0.44476019911075415,0.8289175870313324,0.8330725537270515,-9.515933480554548
parent_human_capital_complements,baseline h,1.2,2,1.0151004962935855,1.2,0.6909379601156302,0.3466764606092138,0.4453242525460667,0.8319322301190081,0.8361023077760877,-9.473353923475228
parent_human_capital_complements,baseline h,1.2,2,1.0260921681358672,1.2,0.691618103641541,0.3466042218079447,0.4444802714188778,0.8346151182623339,0.8387986439521955,-9.430725464962197
parent_human_capital_complements,baseline h,1.2,2,1.037287169638491,1.2,0.691241210856754,0.3466457566733717,0.44495136527845297,0.8376542024395096,0.8418529616022027,-9.387896220303803
parent_human_capital_complements,baseline h,1.2,2,1.0486895491166357,1.2,0.6913637645002048,0.3466287595797595,0.44479026222669005,0.8405568681709463,0.844770177006166,-9.344818062940108
parent_human_capital_complements,baseline h,1.2,2,1.0603034500686892,1.2,0.691471662840172,0.34662029805729144,0.4446631731537649,0.8434902899885452,0.8477183026618152,-9.301753011998777
parent_human_capital_complements,baseline h,1.2,2,1.0721331135772334,1.2,0.6906634532108643,0.3467066798901793,0.44566729678006245,0.846739545257968,0.8509838448910533,-9.258433185091386
parent_human_capital_complements,baseline h,1.2,2,1.0841828807763967,1.2,0.6913668018319463,0.34653621865386386,0.444577342075017,0.8494855568931898,0.853743620966877,-9.214938257586425
parent_human_capital_complements,baseline h,1.2,2,1.0964571953875313,1.2,0.6908884507536176,0.3466846198976063,0.4453922671741536,0.852720166706687,0.8569944443295364,-9.17144865433726
parent_human_capital_complements,baseline h,1.2,2,1.1089606063252093,1.2,0.6909504270094806,0.34686936249098405,0.4457492871200713,0.8558455705730978,0.8601355143480214,-9.127613218438862
parent_human_capital_complements,baseline h,1.2,2,1.1216977703756155,1.2,0.691196959079803,0.346650535850426,0.44500645622896307,0.8587642755115131,0.8630688493558231,-9.083828806122257
parent_human_capital_complements,baseline h,1.2,2,1.1346734549494641,1.2,0.6902911412126104,0.3467505117832884,0.44613901951188784,0.862170952100182,0.8664926019819539,-9.039839930401339
parent_human_capital_complements,baseline h,1.2,2,1.147892540911644,1.2,0.6908489610601214,0.34668900968151806,0.4454417128975616,0.865118087671962,0.8694545101322628,-8.995681736400202
parent_human_capital_complements,baseline h,1.2,2,1.1613600254898573,1.2,0.6905976020088767,0.3467167010485129,0.4457558759691504,0.8683566535782136,0.872709309417674,-8.951474205213188
parent_human_capital_complements,baseline h,1.2,2,1.1750810252645967,1.2,0.6901248962854168,0.3467659677532041,0.44634031857885026,0.8716922450135813,0.8760616205746902,-8.907046185396394
parent_human_capital_complements,baseline h,1.2,2,1.189060779242872,1.2,0.6902434023065214,0.3467559079012913,0.4461989968136073,0.8748562751318358,0.8792415104599121,-8.86259340892561
parent_human_capital_complements,baseline h,1.2,2,1.2033046520181812,1.2,0.6899316008614192,0.346787351929839,0.4465821133154556,0.8781861114452758,0.8825880376473315,-8.817964226842925
parent_human_capital_complements,baseline h,1.2,2,1.217818137019287,1.2,0.6905571022182756,0.3467211578100813,0.44580648369498876,0.8812239965594898,0.885641150224049,-8.773242801961304
parent_human_capital_complements,baseline h,1.2,2,1.2326068598504607,1.2,0.6895724737082134,0.3468269094821807,0.4470309569973725,0.8848309486362714,0.8892661822233544,-8.728404978383262
parent_human_capital_complements,baseline h,1.2,2,1.247676581725918,1.2,0.689816769930029,0.34680297887940603,0.4467323861684638,0.8880449814938175,0.8924963254876417,-8.683452832501265
parent_human_capital_complements,baseline h,1.2,2,1.2630332030012734,1.2,0.6898838123301136,0.34679540554699567,0.44664816745047253,0.8913410190717499,0.8958088845226868,-8.638444940550455
parent_human_capital_complements,baseline h,1.2,2,1.2786827668049243,1.2,0.6894768626094506,0.3468131884979121,0.44709544890381403,0.8948118486701572,0.8992971117268557,-8.593238953135078
parent_human_capital_complements,baseline h,1.2,2,1.294631462772364,1.2,0.6902029710794997,0.3467601866121891,0.4462491321569453,0.8979372357953876,0.902438164920245,-8.547995712578675
parent_human_capital_complements,baseline h,1.2,2,1.31088563088653,1.2,0.6897269892435985,0.34688528190271817,0.4470088301117662,0.9015264258411617,0.9060453458559918,-8.50268422536837
parent_human_capital_complements,baseline h,1.2,2,1.3274517654273796,1.2,0.6893723177465785,0.3468519988865287,0.4472880157280686,0.9050289206955406,0.9095653970388883,-8.457215111702945
parent_human_capital_complements,baseline h,1.2,2,1.3443365190339982,1.2,0.6895812929709334,0.3468288083764598,0.44702644442687756,0.9083901713566401,0.9129434960390402,-8.411719910505672
parent_human_capital_complements,baseline h,1.2,2,1.3615467068826452,1.2,0.689092923701381,0.34688264728586377,0.44763692034295827,0.9120219140246684,0.9165934428929479,-8.366137788599424
parent_human_capital_complements,baseline h,1.2,2,1.3790893109842512,1.2,0.6888288963662013,0.34679095315555747,0.4476929853906031,0.9155398046234954,0.9201289669917827,-8.320344575691967
parent_human_capital_complements,baseline h,1.2,2,1.3969714846049992,1.2,0.6894245748760424,0.3468459737488342,0.4472220935863136,0.9188887114767657,0.9234946603105111,-8.274674737899266
parent_human_capital_complements,baseline h,1.2,2,1.4152005568137338,1.2,0.6884632462215878,0.34695219156364115,0.4484243242447503,0.9227629214212953,0.9273882898132014,-8.228797565101274
parent_human_capital_complements,baseline h,1.2,2,1.4337840371600625,1.2,0.6896341682064677,0.34689273272096494,0.4471185496046808,0.9259226726315398,0.9305638793422979,-8.182826628697674
parent_human_capital_complements,baseline h,1.2,2,1.4527296204871472,1.2,0.6887997629789315,0.3469149849062473,0.4480034227884375,0.9297650706852296,0.9344255374963819,-8.136936409911236
parent_human_capital_complements,baseline h,1.2,2,1.4720451918832933,1.2,0.6877714739907018,0.34702540571403484,0.4492821461687294,0.9337365850030904,0.9384169591126044,-8.090750709237934
parent_human_capital_complements,baseline h,1.2,2,1.4917388317766058,1.2,0.6890633386908341,0.346885789439894,0.44767363175884556,0.9368817764489432,0.9415779158961862,-8.044726687377233
parent_human_capital_complements,baseline h,1.2,2,1.5118188211770927,1.2,0.6881108381035428,0.3469909464157508,0.44886462836738006,0.9408755294353036,0.9455916876526981,-7.9985503045534525
parent_human_capital_complements,baseline h,1.2,2,1.5322936470707536,1.2,0.6887956116808847,0.34691584044209733,0.4480095144417921,0.9442849042013914,0.9490181519809184,-7.952216181141404
parent_human_capital_complements,baseline h,1.2,2,1.5531720079703377,1.2,0.6883797835208898,0.34696129457859837,0.4485284325833714,0.9481261974185746,0.9528786997604799,-7.906037812430043
parent_human_capital_complements,baseline h,1.2,2,1.5744628196276003,1.2,0.6880343731421827,0.34699667639038906,0.44895408891121963,0.9519636010970656,0.9567353385049552,-7.8596085019186885
parent_human_capital_complements,baseline h,1.2,2,1.5961752209120554,1.2,0.6887435062451457,0.3469185164534201,0.448067689071211,0.9554262844789057,0.9602153786594761,-7.813239101844222
parent_human_capital_complements,baseline h,1.2,2,1.618318579861377,1.2,0.6877582024074147,0.3470299207129993,0.4493056577696677,0.9595552558374939,0.9643650465731274,-7.766834584286004
parent_human_capital_complements,baseline h,1.2,2,1.6409024999087747,1.2,0.6884817629637372,0.3469558200417891,0.44841403689104053,0.9630572325995167,0.9678845770667188,-7.7202835835275785
parent_human_capital_complements,baseline h,1.2,2,1.6639368262928396,1.2,0.6881303719846467,0.3469887109639472,0.44884002448158544,0.9669861998957615,0.971833238393492,-7.673824101458387
parent_human_capital_complements,baseline h,1.2,2,1.6874316526555453,1.2,0.6876366639899303,0.34704318262557976,0.44945727420488457,0.9709964982109057,0.9758636384125934,-7.627263823302747
parent_human_capital_complements,baseline h,1.2,2,1.7113973278342638,1.2,0.6878127481597595,0.3470238117547204,0.4492372568999464,0.974770001103441,0.9796560560670904,-7.580661544377486
parent_human_capital_complements,baseline h,1.2,2,1.7358444628538618,1.2,0.6874573895512726,0.3470628160052876,0.44968107714871963,0.9787721832064464,0.9836782991913704,-7.53404736362899
parent_human_capital_complements,baseline h,1.2,2,1.7607839381251333,1.2,0.6869656372199079,0.3471141155595712,0.4502891768691998,0.9828494911247836,0.9877760447006984,-7.487385166247671
parent_human_capital_complements,baseline h,1.2,2,1.7862269108560356,1.2,0.6872104756537245,0.3470903804879884,0.4499905072930333,0.9866626535531405,0.9916083206852678,-7.440733178789509
parent_human_capital_complements,baseline h,1.2,2,1.8121848226824113,1.2,0.6873605052813071,0.34707365130500284,0.4498025358784393,0.990531927465199,0.995496989413521,-7.394062288302628
parent_human_capital_complements,baseline h,1.2,2,1.8386694075250942,1.2,0.6875274620980718,0.34705523123172755,0.4495938023354864,0.9944151078273666,0.999399634298255,-7.347322657815378
parent_human_capital_complements,baseline h,1.2,2,1.8656926996805347,1.2,0.6871243053058835,0.3470997803352431,0.4500979964944478,0.9985479106591385,1.003553152890429,-7.300598466105794
parent_human_capital_complements,baseline h,1.2,2,1.8932670421523103,1.2,0.6867698763124913,0.3471390040309493,0.45054138482970185,1.002683783705774,1.0077097570869826,-7.25388499343058
parent_human_capital_complements,baseline h,1.2,2,1.921405095231136,1.2,0.6868761730766044,0.34712714221573276,0.45040818546867767,1.0066549633926887,1.011700842394914,-7.207130650240654
parent_human_capital_complements,baseline h,1.2,2,1.9501198453312445,1.2,0.686542808123103,0.34716063927528307,0.45081752175323897,1.010824231309512,1.0158910088541389,-7.160378076237334
parent_human_capital_complements,baseline h,1.2,2,1.979424614091259,1.2,0.686123467635271,0.3472069402073734,0.451341872755052,1.0150526916935723,1.0201406644840774,-7.113585218002353
parent_human_capital_complements,baseline h,1.2,2,2.009333067747975,1.2,0.6868902152741656,0.34712543988429334,0.45039028238341183,1.0188160515472564,1.0239228882575298,-7.066895235779278
parent_human_capital_complements,baseline h,1.2,2,2.0398592267917226,1.2,0.6865593988401545,0.34715912643566393,0.4507974999159313,1.0230485191485448,1.0281765711909563,-7.020109779393646
parent_human_capital_complements,baseline h,1.2,2,2.071017475912293,1.2,0.6867498784935735,0.3471383783497401,0.4505599636036373,1.027086958307683,1.032235253110619,-6.9733319978463495
parent_human_capital_complements,baseline h,1.2,2,2.1028225742447084,1.2,0.6862628950551157,0.3471946835972363,0.45117464734341645,1.0314303118731725,1.0366003778264554,-6.9266871889088595
parent_human_capital_complements,baseline h,1.2,2,2.135289665924415,1.2,0.6859347224500023,0.34722765293820057,0.45157759441383655,1.0357256169845992,1.0409172132443507,-6.879859776442842
parent_human_capital_complements,baseline h,1.2,2,2.168434290961828,1.2,0.6867296410173798,0.34714312860512353,0.4505909746590404,1.039569693962485,1.044780558738273,-6.833210489207351
parent_human_capital_complements,baseline h,1.2,2,2.2022723964464688,1.2,0.6856483013537109,0.3472625141024246,0.45194308063058797,1.044228289946587,1.0494625060319207,-6.786540906191483
parent_human_capital_complements,baseline h,1.2,2,2.23682034809129,1.2,0.6859713374538317,0.3472560043098535,0.451605280320916,1.0483262629151473,1.0535810201754674,-6.7397152079802805
parent_human_capital_complements,baseline h,1.2,2,2.2720949421281498,1.2,0.6861296198806246,0.34720927696028264,0.45134102026529654,1.0524795339298503,1.0577551095477666,-6.693223294873858
parent_human_capital_complements,baseline h,1.2,2,2.308113417565749,1.2,0.6851177179605005,0.3473211305196417,0.45260660605804703,1.0571753644336395,1.062474477999908,-6.646546252459116
parent_human_capital_complements,baseline h,1.2,2,2.344893468821764,1.2,0.6865426627171081,0.3471612551845839,0.4508190640415282,1.060831726467469,1.0661491676247017,-6.599871479442472
parent_human_capital_complements,baseline h,1.2,2,2.382453258741261,1.2,0.6856171464899654,0.3472658103931784,0.45198171148176325,1.0655336423737274,1.0708746519825194,-6.553432500844424
parent_human_capital_complements,baseline h,1.2,2,2.4208114320139376,1.2,0.6851466814758073,0.34731490444897717,0.4525635218144731,1.0700549143938811,1.075418586972985,-6.506788669626593
parent_human_capital_complements,baseline h,1.2,2,2.4599871290031343,1.2,0.6859734804247115,0.3472265735870813,0.451536388470789,1.0740259393981173,1.0794095168228883,-6.460315407254875
parent_human_capital_complements,baseline h,1.2,2,2.5,1.2,0.6850505109646381,0.34732837873567723,0.45269025200787794,1.0787892863259751,1.0841967401265826,-6.413921167701137
parent_human_capital_complements,baseline h,1.2,3,0.5,1.2,0.549543481339394,0.3742444333613335,0.7300796911301584,0.709022683244563,0.7125766742341149,-15.468010623304291
parent_human_capital_complements,baseline h,1.2,3,0.5000203210855501,1.2,0.5495423026186574,0.37424455754473845,0.7300811783224725,0.7090344521363063,0.7125885021176737,-15.467402134146347
parent_human_capital_complements,baseline h,1.2,3,0.5000812892976928,1.2,0.5495386734265642,0.3742449082443017,0.7300856786522811,0.7090697675108234,0.7126239945112421,-15.465576701784324
parent_human_capital_complements,baseline h,1.2,3,0.5001829195049198,1.2,0.549532645419304,0.3742455083423225,0.730093197303025,0.7091286281495045,0.7126831501901024,-15.462534431534294
parent_human_capital_complements,baseline h,1.2,3,0.5003252364947652,1.2,0.5495242080006675,0.3742463665790615,0.7301037665817212,0.7092110394122157,0.7127659745409869,-15.458275498923346
parent_human_capital_complements,baseline h,1.2,3,0.5005082749838822,1.2,0.5495133639349647,0.3742474688124801,0.7301173485952357,0.7093170021268784,0.7128724683959673,-15.452800149668269
parent_human_capital_complements,baseline h,1.2,3,0.500732079632158,1.2,0.5495001188217546,0.374248797562057,0.7301338943223948,0.7094465172113014,0.7130026326774525,-15.446108699677948
parent_human_capital_complements,baseline h,1.2,3,0.5009967050608752,1.2,0.5494844826175422,0.37425037571009145,0.7301534506463248,0.7095995928221318,0.7131564755829753,-15.438201535061422
parent_human_capital_complements,baseline h,1.2,3,0.5013022158749305,1.2,0.5494664015007584,0.3742522092959551,0.7301760863903939,0.7097762434403698,0.7133340116661222,-15.429079112104176
parent_human_capital_complements,baseline h,1.2,3,0.5016486866891229,1.2,0.5494459426487877,0.3742542650278468,0.7302016516803838,0.7099764624992534,0.7135352343272147,-15.418741957214227
parent_human_capital_complements,baseline h,1.2,3,0.502036202158526,1.2,0.5494230671722264,0.37425656038628763,0.7302302288273119,0.7102002665158995,0.7137601601661626,-15.40719066698112
parent_human_capital_complements,baseline h,1.2,3,0.502464857012963,1.2,0.5493978115335368,0.37425911825357705,0.7302618382083484,0.7104476643036981,0.7140087980405332,-15.394425908109032
parent_human_capital_complements,baseline h,1.2,3,0.5029347560956027,1.2,0.5493701226545071,0.3742619026370248,0.7302964434958623,0.710718667214239,0.7142811593588162,-15.380448417397282
parent_human_capital_complements,baseline h,1.2,3,0.5034460144056994,1.2,0.5493400584495571,0.3742649320487998,0.7303340327596612,0.7110132825857612,0.7145772514960336,-15.365259001731426
parent_human_capital_complements,baseline h,1.2,3,0.5039987571454999,1.2,0.5493075771869356,0.3742682098273846,0.7303746560242876,0.7113315289451871,0.7148970930719745,-15.348858538064942
parent_human_capital_complements,baseline h,1.2,3,0.5045931197713469,1.2,0.5492727092014269,0.3742717114212387,0.7304182219689299,0.7116734118928822,0.7152406897150764,-15.3312479733585
parent_human_capital_complements,baseline h,1.2,3,0.5052292480490046,1.2,0.549235451955967,0.37427547385470006,0.7304648250991077,0.7120389526095984,0.7156080627122601,-15.31242832460557
parent_human_capital_complements,baseline h,1.2,3,0.5059072981132409,1.2,0.5491957733751904,0.37427946010343077,0.7305144055217314,0.7124281645650027,0.7159992256007096,-15.292400678744318
parent_human_capital_complements,baseline h,1.2,3,0.5066274365316988,1.2,0.5491537691352824,0.37428370012074924,0.7305669419646585,0.7128410571295432,0.7164141877978426,-15.27116619265636
parent_human_capital_complements,baseline h,1.2,3,0.507389840373095,1.2,0.549109354689548,0.374288198276786,0.7306225298299882,0.7132776594596689,0.7168529786062554,-15.248726093144201
parent_human_capital_complements,baseline h,1.2,3,0.5081946972797818,1.2,0.549062517794874,0.37429289299566243,0.7306810284063514,0.7137379812680563,0.7173156077873092,-15.225081676833868
parent_human_capital_complements,baseline h,1.2,3,0.5090422055447187,1.2,0.549013353163691,0.3742978458532571,0.7307424959357994,0.7142220403094206,0.7178020931847157,-15.200234310207826
parent_human_capital_complements,baseline h,1.2,3,0.5099325741928927,1.2,0.5489617829387954,0.37430304540842024,0.7308069818557204,0.7147298651480005,0.7183124635058917,-15.174185429527268
parent_human_capital_complements,baseline h,1.2,3,0.5108660230672385,1.2,0.5489078183721579,0.3743084758498721,0.7308744356389241,0.715261473111392,0.7188467361652887,-15.146936540771897
parent_human_capital_complements,baseline h,1.2,3,0.5118427829191048,1.2,0.5488515496157507,0.3743141529888925,0.7309448064086581,0.7158168776583155,0.7194049246890892,-15.118489219609065
parent_human_capital_complements,baseline h,1.2,3,0.5128630955033207,1.2,0.5487928916386717,0.3743200741245923,0.7310181724868154,0.7163961126491036,0.7199870631073512,-15.088845111366322
parent_human_capital_complements,baseline h,1.2,3,0.5139272136779165,1.2,0.5487318255219895,0.3743262103353009,0.7310944809508977,0.7169991999229969,0.7205931733687848,-15.058005930934831
parent_human_capital_complements,baseline h,1.2,3,0.5150354015085564,1.2,0.5486684177148262,0.37433260031459736,0.7311737614666336,0.7176261627147694,0.7212232788246292,-15.025973462751333
parent_human_capital_complements,baseline h,1.2,3,0.5161879343777439,1.2,0.5486026949646265,0.3743392211801824,0.7312559304469464,0.7182770198306891,0.7218773983754189,-14.992749560707367
parent_human_capital_complements,baseline h,1.2,3,0.5173850990988615,1.2,0.5485346048673487,0.374346086042447,0.7313410728620895,0.7189518073880699,0.7225555683195066,-14.958336148138054
parent_human_capital_complements,baseline h,1.2,3,0.5186271940351138,1.2,0.5484641436372284,0.3743531932321499,0.7314291883514317,0.7196505536248945,0.7232578170364188,-14.922735217716593
parent_human_capital_complements,baseline h,1.2,3,0.5199145292234401,1.2,0.5483913647515986,0.3743605111267311,0.7315201448872013,0.7203732751206741,0.7239841611887715,-14.885948831381452
parent_human_capital_complements,baseline h,1.2,3,0.5212474265034702,1.2,0.5483162347822259,0.37436810027042144,0.7316141262895006,0.7211200164095938,0.7247346455339785,-14.847979120346137
parent_human_capital_complements,baseline h,1.2,3,0.5226262196515982,1.2,0.5482387664278072,0.3743759017882314,0.7317109736141594,0.7218907965015224,0.7255092891771959,-14.80882828491595
parent_human_capital_complements,baseline h,1.2,3,0.5240512545202515,1.2,0.5481589680694035,0.3743839227511803,0.7318106960445283,0.722685647127,0.7263081240080138,-14.768498594503342
parent_human_capital_complements,baseline h,1.2,3,0.5255228891824385,1.2,0.5480768913386986,0.37439221599488615,0.7319133731925984,0.7235046031093452,0.7271311850243034,-14.726992387536116
parent_human_capital_complements,baseline h,1.2,3,0.5270414940816569,1.2,0.5479924363361955,0.3744007118408032,0.7320189318763596,0.724347698918718,0.7279785068690072,-14.68431207134066
parent_human_capital_complements,baseline h,1.2,3,0.5286074521872524,1.2,0.5479056955459299,0.3744094527150475,0.7321273849982478,0.7252149639853535,0.72885011911988,-14.640460122102667
parent_human_capital_complements,baseline h,1.2,3,0.5302211591553182,1.2,0.5478166831386168,0.374418449027121,0.7322387442447517,0.7261064333295791,0.729746056972789,-14.595439084768431
parent_human_capital_complements,baseline h,1.2,3,0.5318830234952302,1.2,0.5477253363790435,0.37442765334318384,0.732352954525425,0.7270221429421629,0.730666356598907,-14.549251572947085
parent_human_capital_complements,baseline h,1.2,3,0.5335934667419154,1.2,0.5476316715893157,0.374437065663236,0.7324699995181623,0.7279621274464189,0.7316110527950981,-14.50190026883961
parent_human_capital_complements,baseline h,1.2,3,0.5353529236339561,1.2,0.5475357618892954,0.37444674923239724,0.7325899632039791,0.7289264257464024,0.732580184660425,-14.453387923157916
parent_human_capital_complements,baseline h,1.2,3,0.537161842297634,1.2,0.5474375426630593,0.3744566576484756,0.7327127949357539,0.7299150767472836,0.7335737912950706,-14.403717354987965
parent_human_capital_complements,baseline h,1.2,3,0.5390206844370244,1.2,0.5473370003924395,0.37446676159574577,0.7328384354113929,0.7309281163711138,0.7345919088011467,-14.35289145171391
parent_human_capital_complements,baseline h,1.2,3,0.5409299255302531,1.2,0.5472342354717856,0.37447710953969543,0.7329669046248175,0.731965579745101,0.7356345724819371,-14.300913168932594
parent_human_capital_complements,baseline h,1.2,3,0.5428900550320312,1.2,0.5471291962473015,0.37448770521286145,0.733098263501446,0.7330275151634486,0.7367018308737202,-14.247785530342489
parent_human_capital_complements,baseline h,1.2,3,0.5449015765825912,1.2,0.5470219214887515,0.3744985220004078,0.7332324071602612,0.7341139543910163,0.7377937159005789,-14.193511627599204
parent_human_capital_complements,baseline h,1.2,3,0.5469650082231464,1.2,0.5469123795020183,0.3745095528313149,0.7333693497309677,0.735224942720682,0.7389102730824214,-14.138094620255924
parent_human_capital_complements,baseline h,1.2,3,0.5490808826180046,1.2,0.5468005811273529,0.3745208172493997,0.7335091289201559,0.7363605251997477,0.7400515476923509,-14.081537735632555
parent_human_capital_complements,baseline h,1.2,3,0.5512497472834679,1.2,0.5466865561353937,0.3745323169239034,0.7336517191035821,0.7375207419481739,0.74121758005143,-14.023844268682872
parent_human_capital_complements,baseline h,1.2,3,0.5534721648236569,1.2,0.5465702671735804,0.37454400338933835,0.7337970372455358,0.7387056339730275,0.7424084113722744,-13.965017581874848
parent_human_capital_complements,baseline h,1.2,3,0.5557487131734017,1.2,0.546451839132539,0.3745559735766799,0.7339451992319337,0.7399152467849406,0.743624087393639,-13.90506110511384
parent_human_capital_complements,baseline h,1.2,3,0.5580799858483445,1.2,0.5463311463023681,0.3745681261848224,0.7340960791407305,0.7411496253521758,0.7448646533091908,-13.843978335534583
parent_human_capital_complements,baseline h,1.2,3,0.5604665922024078,1.2,0.5462083298433063,0.3745800479066762,0.7342485091568773,0.7424087239680675,0.7461300631831588,-13.781772837234605
parent_human_capital_complements,baseline h,1.2,3,0.5629091576927818,1.2,0.5460831866067399,0.3745926269322992,0.7344048986930911,0.7436927745573905,0.7474205501028454,-13.71844824194317
parent_human_capital_complements,baseline h,1.2,3,0.5654083241525933,1.2,0.5459559163522347,0.37460545972651016,0.7345640456084164,0.74500172670737,0.7487360634027805,-13.654008247630944
parent_human_capital_complements,baseline h,1.2,3,0.5679647500714233,1.2,0.5458264014373198,0.3746185005247103,0.7347259538660604,0.7463356368205822,0.7500766597682599,-13.588456619208005
parent_human_capital_complements,baseline h,1.2,3,0.5705791108838415,1.2,0.5456947606667326,0.37463175973640167,0.734890530518489,0.7476945397754167,0.7514423742525013,-13.521797188152346
parent_human_capital_complements,baseline h,1.2,3,0.5732520992661372,1.2,0.5455609423638876,0.3746452552361597,0.735057871642733,0.7490784955894376,0.7528332671739085,-13.454033852408559
parent_human_capital_complements,baseline h,1.2,3,0.5759844254414287,1.2,0.5454249179512554,0.37465893649520127,0.7352278803028243,0.7504875495360602,0.7542493840328306,-13.385170576171408
parent_human_capital_complements,baseline h,1.2,3,0.578776817493336,1.2,0.5452868306253507,0.3746728725544785,0.7354005847999736,0.7519217453190778,0.755690768752127,-13.315211389782203
parent_human_capital_complements,baseline h,1.2,3,0.5816300216884137,1.2,0.5451465563498664,0.3746870041449476,0.7355759619461831,0.7533811408329653,0.75715747951647,-13.244160389539026
parent_human_capital_complements,baseline h,1.2,3,0.5845448028075416,1.2,0.5450041436665503,0.3747013524796666,0.7357540158929414,0.7548657852924289,0.7586495657872554,-13.172021737545128
parent_human_capital_complements,baseline h,1.2,3,0.5875219444864789,1.2,0.5448596242843613,0.37471591588939435,0.7359347107848939,0.756375726605025,0.7601670757121772,-13.098799661529164
parent_human_capital_complements,baseline h,1.2,3,0.5905622495657936,1.2,0.5447129361759668,0.37473068190133324,0.7361180776669447,0.7579110242065322,0.7617100690249375,-13.024498454690596
parent_human_capital_complements,baseline h,1.2,3,0.5936665404503856,1.2,0.5445641961591435,0.374745664657522,0.736304034850141,0.7594717180418653,0.7632785858706754,-12.949122475492402
parent_human_capital_complements,baseline h,1.2,3,0.5968356594788269,1.2,0.5444133522607687,0.3747608668588498,0.736492641016614,0.7610578698719487,0.7648726883198932,-12.872676147523258
parent_human_capital_complements,baseline h,1.2,3,0.600070469302753,1.2,0.5442604269968946,0.3747762874736687,0.7366838710876983,0.7626695308951585,0.7664924278276002,-12.795163959273985
parent_human_capital_complements,baseline h,1.2,3,0.6033718532765401,1.2,0.5441054058467589,0.37479190298208603,0.7368776811607427,0.764306753799682,0.7681378573460841,-12.716590463958779
parent_human_capital_complements,baseline h,1.2,3,0.6067407158575169,1.2,0.5439482777685245,0.37480770258054563,0.7370740554415507,0.7659695935281727,0.7698090320933997,-12.636960279329525
parent_human_capital_complements,baseline h,1.2,3,0.6101779830169621,1.2,0.5437891708446444,0.374823769057984,0.7372730714953876,0.767658103028107,0.7715060052824236,-12.556278087488883
parent_human_capital_complements,baseline h,1.2,3,0.6136846026621482,1.2,0.5436279715548258,0.3748399890345525,0.7374745612070024,0.7693723335681714,0.7732288284388279,-12.474548634627634
parent_human_capital_complements,baseline h,1.2,3,0.6172615450697004,1.2,0.5434647287270062,0.3748564361648727,0.7376786587065374,0.7711123483311392,0.7749775650620908,-12.391776730913646
parent_human_capital_complements,baseline h,1.2,3,0.6209098033305457,1.2,0.5432995005030203,0.37487308692905197,0.7378852474287445,0.7728781915463894,0.7767522596032919,-12.30796725018196
parent_human_capital_complements,baseline h,1.2,3,0.6246303938067362,1.2,0.543132209100369,0.3748899429963315,0.7380944093025184,0.7746699317306075,0.7785529809225581,-12.223125129797651
parent_human_capital_complements,baseline h,1.2,3,0.6284243566004422,1.2,0.5429629424877356,0.3749069929255616,0.7383060279393594,0.7764876116515966,0.7803797720020668,-12.137255370363288
parent_human_capital_complements,baseline h,1.2,3,0.6322927560354111,1.2,0.5427916736892895,0.37492425959904163,0.7385201871547298,0.7783312971295901,0.7822326989919769,-12.050363035563812
parent_human_capital_complements,baseline h,1.2,3,0.6362366811512086,1.2,0.5426184180721516,0.3749417059924336,0.7387367796130533,0.7802010369965978,0.7841118109690696,-11.962453251864728
parent_human_capital_complements,baseline h,1.2,3,0.6402572462105554,1.2,0.5424431410047865,0.3749593533187955,0.7389558926391011,0.7820968984126231,0.7860171754299892,-11.873531208345483
parent_human_capital_complements,baseline h,1.2,3,0.6443555912200942,1.2,0.5422660024615371,0.3749772173894073,0.7391774055337506,0.7840189196194133,0.7879488308081707,-11.783602156384795
parent_human_capital_complements,baseline h,1.2,3,0.6485328824649206,1.2,0.5420868286546487,0.3749952551405595,0.7394013851145007,0.785967176216071,0.7899068530816588,-11.692671409486453
parent_human_capital_complements,baseline h,1.2,3,0.652790313057229,1.2,0.5419057735561512,0.3750135113052029,0.7396277885259726,0.7879417130264329,0.7918912872989701,-11.600744342973137
parent_human_capital_complements,baseline h,1.2,3,0.6571291034994325,1.2,0.5417227651579708,0.3750319586309077,0.7398566200812038,0.7899425942223063,0.7939021979535751,-11.507826393758442
parent_human_capital_complements,baseline h,1.2,3,0.6615505022621248,1.2,0.5415378194510032,0.3750505725661336,0.7400878028032725,0.7919698717628894,0.7959396372651182,-11.413923060060663
parent_human_capital_complements,baseline h,1.2,3,0.6660557863772645,1.2,0.5413509770148042,0.3750693847334405,0.7403213746630617,0.7940236047574996,0.7980036646392035,-11.319039901172081
parent_human_capital_complements,baseline h,1.2,3,0.6706462620469753,1.2,0.5411622818734596,0.3750884207160165,0.7405573551851252,0.7961038507150335,0.8000943378729922,-11.223182537161142
parent_human_capital_complements,baseline h,1.2,3,0.6753232652683625,1.2,0.5409716349424946,0.3751076047959447,0.7407956553706317,0.7982106688844697,0.8022117165124496,-11.126356648576692
parent_human_capital_complements,baseline h,1.2,3,0.6800881624747613,1.2,0.5407791873248535,0.37512700021834455,0.7410362812175142,0.8003441081655001,0.8043558497023784,-11.028567976202655
parent_human_capital_complements,baseline h,1.2,3,0.6849423511938463,1.2,0.5405848490244103,0.37514659490447316,0.7412792927183007,0.8025042387240385,0.8065268079604005,-10.929822320760927
parent_human_capital_complements,baseline h,1.2,3,0.6898872607230374,1.2,0.5403886420870521,0.3751663524675859,0.741524577442431,0.8046911093236782,0.8087246402945378,-10.830125542572382
parent_human_capital_complements,baseline h,1.2,3,0.6949243528226603,1.2,0.5401906502127034,0.37518630659353835,0.7417721353656457,0.8069047729363719,0.8109493999422657,-10.729483561310566
parent_human_capital_complements,baseline h,1.2,3,0.7000551224273222,1.2,0.5399908429174742,0.37520645458144136,0.742021990262826,0.8091452924800719,0.8132011501369145,-10.627902355678156
parent_human_capital_complements,baseline h,1.2,3,0.7052810983759861,1.2,0.5397892062062474,0.3752267664779764,0.7422740817250458,0.8114127229694225,0.8154799461688903,-10.525387963072989
parent_human_capital_complements,baseline h,1.2,3,0.7106038441612367,1.2,0.5395874437602588,0.3752391216883302,0.7425065345135531,0.8137052632890224,0.8177839778946631,-10.421946478996542
parent_human_capital_complements,baseline h,1.2,3,0.7160249586982449,1.2,0.5393822196915999,0.3752597358189407,0.7427629640826486,0.8160266690915539,0.820117019792203,-10.317584057922836
parent_human_capital_complements,baseline h,1.2,3,0.7215460771139571,1.2,0.5391752590314413,0.37528053403959355,0.7430215875229088,0.8183751507236305,0.8224772732374483,-10.212306911156041
parent_human_capital_complements,baseline h,1.2,3,0.7271688715570458,1.2,0.5389665103578183,0.37530151031091696,0.7432824412544992,0.8207507727997803,0.8248648031688088,-10.106121307693213
parent_human_capital_complements,baseline h,1.2,3,0.7328950520291776,1.2,0.5387560900901888,0.375322696255471,0.743545487408401,0.8231535813906856,0.8272796558878971,-9.999033573601928
parent_human_capital_complements,baseline h,1.2,3,0.7387263672381705,1.2,0.5385439208551878,0.37534403196661825,0.7438106545498918,0.8255836337905683,0.8297218889761238,-9.891050091664432
parent_human_capital_complements,baseline h,1.2,3,0.7446646054736273,1.2,0.5383299758764805,0.3753655201452478,0.7440779761643149,0.8280409917176965,0.8321915644611206,-9.78217730099728
parent_human_capital_complements,baseline h,1.2,3,0.7507115955056528,1.2,0.5381143697992069,0.3753871907446784,0.7443474120105741,0.8305257000306239,0.8346887274262961,-9.672421696721113
parent_human_capital_complements,baseline h,1.2,3,0.7568692075072764,1.2,0.5378970865623924,0.37540902962287115,0.7446189430208192,0.8330378145843489,0.8372134340066228,-9.5617898295754
parent_human_capital_complements,baseline h,1.2,3,0.7631393540012239,1.2,0.5376781278143624,0.3754310482209759,0.7448925959665414,0.8355773932383024,0.8397657423515534,-9.450288305538917
parent_human_capital_complements,baseline h,1.2,3,0.7695239908317001,1.2,0.5374575048474491,0.3754532165856739,0.7451682851513647,0.8381444834740465,0.8423457001806521,-9.337923785477335
parent_human_capital_complements,baseline h,1.2,3,0.7760251181618615,1.2,0.5372352441466277,0.3754755542607819,0.7454460326371541,0.8407391399105067,0.844953362386623,-9.224702984714908
parent_human_capital_complements,baseline h,1.2,3,0.7826447814976824,1.2,0.5370113033395432,0.37549804337172443,0.7457258363958201,0.8433614199340612,0.8475887866434948,-9.110632672663739
parent_human_capital_complements,baseline h,1.2,3,0.7893850727389358,1.2,0.5367858173607675,0.37552071927359826,0.7460076493148505,0.8460113630689233,0.8502520126735966,-8.995719672426583
parent_human_capital_complements,baseline h,1.2,3,0.7962481312580323,1.2,0.5365586999980136,0.3755435661551233,0.7462915183313124,0.8486890329516016,0.8529431044324164,-8.87997086036234
parent_human_capital_complements,baseline h,1.2,3,0.8032361450074849,1.2,0.5363300213174357,0.3755665611340004,0.746577316539421,0.8513944661226706,0.8556620986436893,-8.763393165722029
parent_human_capital_complements,baseline h,1.2,3,0.8103513516567865,1.2,0.5360997108380504,0.37558968466641274,0.7468650658733186,0.8541277216829418,0.8584090547044703,-8.645993570165363
parent_human_capital_complements,baseline h,1.2,3,0.8175960397595149,1.2,0.5358678940678385,0.375613009131795,0.7471548206155401,0.8568888455630941,0.8611840187756672,-8.52777910735388
parent_human_capital_complements,baseline h,1.2,3,0.8249725499515008,1.2,0.5356344728334266,0.3756364490403216,0.7474464665827321,0.8596778862271425,0.8639870395642217,-8.408756862554071
parent_human_capital_complements,baseline h,1.2,3,0.8324832761809209,1.2,0.535399579015616,0.3756600615977408,0.7477400139931719,0.8624948837696123,0.8668181573656343,-8.288933972137901
parent_human_capital_complements,baseline h,1.2,3,0.8401306669712053,1.2,0.5351631763527269,0.3756838266226422,0.7480354489779162,0.8653398886277118,0.8696774228699299,-8.168317623161444
parent_human_capital_complements,baseline h,1.2,3,0.8479172267176741,1.2,0.5349252479406341,0.3757077370440066,0.748332770876678,0.8682129500450524,0.8725648855675553,-8.04691505290059
parent_human_capital_complements,baseline h,1.2,3,0.8558455170188431,1.2,0.5346858436942322,0.37573179723196437,0.748631940629967,0.871114107784449,0.875480585420637,-7.924733548397021
parent_human_capital_complements,baseline h,1.2,3,0.8639181580433734,1.2,0.5344449518182985,0.375756002816385,0.7489329591776017,0.8740434090147755,0.8784245698344841,-7.801780445971005
parent_human_capital_complements,baseline h,1.2,3,0.8721378299336601,1.2,0.5342026223230552,0.37578036086828787,0.7492357940737717,0.8770008921077448,0.8813968773731483,-7.67806313075741
parent_human_capital_complements,baseline h,1.2,3,0.8805072742470966,1.2,0.5339588672825902,0.3758048589148757,0.7495404022619608,0.8799865965157548,0.8843975476867835,-7.553589036215206
parent_human_capital_complements,baseline h,1.2,3,0.88902929543607,1.2,0.5337137061455701,0.3758295219017432,0.7498468262583597,0.8830005674781441,0.8874266262414913,-7.4283656436138195
parent_human_capital_complements,baseline h,1.2,3,0.8977067623677852,1.2,0.5334670931723732,0.37585428078793826,0.7501549403048654,0.8860428398369389,0.8904841480539445,-7.30240048158535
parent_human_capital_complements,baseline h,1.2,3,0.9065426098850453,1.2,0.5332191058999235,0.3758792220949343,0.7504648817838931,0.8891134602286184,0.8935701599943887,-7.175701125525537
parent_human_capital_complements,baseline h,1.2,3,0.9155398404091444,1.2,0.5329697639200042,0.3759042771758334,0.750776460584766,0.8922124501276486,0.8966846836449309,-7.0482751972030675
parent_human_capital_complements,baseline h,1.2,3,0.9247015255860773,1.2,0.532719042443466,0.3759294722514174,0.7510897666290546,0.8953398580843851,0.8998277677992863,-6.920130364107105
parent_human_capital_complements,baseline h,1.2,3,0.9340308079772923,1.2,0.5324669462157638,0.3759547756991262,0.7514047166208655,0.8984957137299703,0.9029994422371244,-6.79127433901338
parent_human_capital_complements,baseline h,1.2,3,0.9435309027962627,1.2,0.5322135955400771,0.3759802544966167,0.7517213566295187,0.9016800471737887,0.9061997372187531,-6.661714879380339
parent_human_capital_complements,baseline h,1.2,3,0.9532050996921831,1.2,0.5319588871160001,0.37600585580827095,0.7520396587117446,0.9048928993940709,0.9094286939278077,-6.5314597868476065
parent_human_capital_complements,baseline h,1.2,3,0.9630567645821445,1.2,0.5317028752578232,0.3760315725630694,0.752359550988841,0.908134292827986,0.9126863349139237,-6.4005169066761045
parent_human_capital_complements,baseline h,1.2,3,0.9730893415331738,1.2,0.5314456282495169,0.3760574390844611,0.7526810504362843,0.9114042552113711,0.9159726880519651,-6.268894127157204
parent_human_capital_complements,baseline h,1.2,3,0.9833063546955787,1.2,0.5311868756669074,0.37608446607666746,0.7530069380675344,0.9147030931901551,0.9192880615249295,-6.1365993784977455
parent_human_capital_complements,baseline h,1.2,3,0.9937114102890687,1.2,0.5309271034022436,0.37611058199651676,0.7533315822771038,0.9180302833466352,0.9226319292914721,-6.003640634528629
parent_human_capital_complements,baseline h,1.2,3,1.0043081986431819,1.2,0.5306660871658802,0.3761368291707904,0.7536577964943629,0.9213861272024919,0.9260045943846572,-5.870025908680566
parent_human_capital_complements,baseline h,1.2,3,1.0151004962935855,1.2,0.5304038474678128,0.3761631847171889,0.7539855033696843,0.9247706419703561,0.9294060741033943,-5.735763255698179
parent_human_capital_complements,baseline h,1.2,3,1.0260921681358672,1.2,0.5301404837091921,0.3761897058414607,0.754314745600996,0.9281838473305436,0.9328363882266472,-5.600860770432567
parent_human_capital_complements,baseline h,1.2,3,1.037287169638491,1.2,0.5298758581126413,0.3762162922741479,0.7546454118963417,0.9316257678639018,0.936295561458475,-5.465326587284158
parent_human_capital_complements,baseline h,1.2,3,1.0486895491166357,1.2,0.529610101629258,0.37624300996125926,0.7549775351145096,0.9350964162140015,0.9397836065058255,-5.329168879532432
parent_human_capital_complements,baseline h,1.2,3,1.0603034500686892,1.2,0.5293431600894161,0.376269843091515,0.7553111301499069,0.9385958179667162,0.943300549082821,-5.192395858742212
parent_human_capital_complements,baseline h,1.2,3,1.0721331135772334,1.2,0.5290751215289575,0.3762967758536351,0.755646069691472,0.942123970991249,0.9468463870479845,-5.0550157741570825
parent_human_capital_complements,baseline h,1.2,3,1.0841828807763967,1.2,0.5288059831687213,0.3763238556814594,0.7559824743440235,0.945680902624709,0.9504211478754526,-4.917036911986157
parent_human_capital_complements,baseline h,1.2,3,1.0964571953875313,1.2,0.5285357545243365,0.3763510182982204,0.7563201749284427,0.9492666099806045,0.9540248286642653,-4.778467594860539
parent_human_capital_complements,baseline h,1.2,3,1.1089606063252093,1.2,0.5282644286521059,0.3763782832477347,0.756659226935267,0.9528811109411056,0.9576574473862273,-4.639316181080318
parent_human_capital_complements,baseline h,1.2,3,1.1216977703756155,1.2,0.5279920599609647,0.37640567404989517,0.7569996343789749,0.9565244110568849,0.961319009619834,-4.499591064005269
parent_human_capital_complements,baseline h,1.2,3,1.1346734549494641,1.2,0.527718629977647,0.3764331557436593,0.7573413288896026,0.9601965135877106,0.9650095186411933,-4.359300671389868
parent_human_capital_complements,baseline h,1.2,3,1.147892540911644,1.2,0.527444200049453,0.3764607589199394,0.7576843251076761,0.9638974203702715,0.9687289762962004,-4.218453464674747
parent_human_capital_complements,baseline h,1.2,3,1.1613600254898573,1.2,0.5271687420075093,0.37648844591680386,0.7580285576498313,0.9676271316838528,0.9724773828655406,-4.0770579383339784
parent_human_capital_complements,baseline h,1.2,3,1.1750810252645967,1.2,0.5268922999889781,0.376516252726943,0.7583740717847481,0.9713856497117127,0.9762547405434154,-3.935122619143582
parent_human_capital_complements,baseline h,1.2,3,1.189060779242872,1.2,0.5266148582964286,0.3765441352549993,0.7587207736769893,0.9751729665242547,0.9800610413604816,-3.792656065531239
parent_human_capital_complements,baseline h,1.2,3,1.2033046520181812,1.2,0.526336466763873,0.37657210764301163,0.7590686486213678,0.9789890734959096,0.9838962766479336,-3.6496668668237526
parent_human_capital_complements,baseline h,1.2,3,1.217818137019287,1.2,0.5260556173173276,0.37660858564884936,0.7594401094344139,0.9828363246344795,0.9877628122130868,-3.506163642280852
parent_human_capital_complements,baseline h,1.2,3,1.2326068598504607,1.2,0.5257753617229841,0.37663681450633857,0.7597904855107607,0.9867100183818001,0.9916559229311188,-3.3621550414222097
parent_human_capital_complements,baseline h,1.2,3,1.247676581725918,1.2,0.5254941925732972,0.37666514029480314,0.7601420159189936,0.9906124761121021,0.9955779418121969,-3.2176497417432834
parent_human_capital_complements,baseline h,1.2,3,1.2630332030012734,1.2,0.5252122022533283,0.37669358589654234,0.7604946651136826,0.9945436736567379,0.9995288445665276,-3.0726564489920234
parent_human_capital_complements,baseline h,1.2,3,1.2786827668049243,1.2,0.5249292428159487,0.37672207289274984,0.7608483862496418,0.9985036064594803,1.0035086266150455,-2.9271838961721808
parent_human_capital_complements,baseline h,1.2,3,1.294631462772364,1.2,0.5246455369566554,0.37675070091529,0.7612032041169248,1.002492238779026,1.0075172520372937,-2.7812408428053508
parent_human_capital_complements,baseline h,1.2,3,1.31088563088653,1.2,0.5243609380180355,0.3767793632612791,0.7615590003229816,1.0065095537710111,1.0115547039044748,-2.634836074127726
parent_human_capital_complements,baseline h,1.2,3,1.3274517654273796,1.2,0.524075527291753,0.3768081083962048,0.7619158139644195,1.010555525724053,1.0156209563763277,-2.4879784003798964
parent_human_capital_complements,baseline h,1.2,3,1.3443365190339982,1.2,0.5237893326305931,0.37683695753312507,0.7622736698816892,1.0146301301407694,1.019715984832677,-2.3406766559972074
parent_human_capital_complements,baseline h,1.2,3,1.3615467068826452,1.2,0.5235023610567826,0.3768658719784609,0.7626324649377141,1.0187333288290898,1.0238397508900128,-2.192939698803128
parent_human_capital_complements,baseline h,1.2,3,1.3790893109842512,1.2,0.523214596509463,0.3768948779529938,0.7629922803257734,1.0228651021723523,1.0279922348333446,-2.044776409281097
parent_human_capital_complements,baseline h,1.2,3,1.3969714846049992,1.2,0.5229261234008313,0.3769239509051834,0.7633529706476438,1.0270253943458123,1.0321733805581053,-1.8961956896931504
parent_human_capital_complements,baseline h,1.2,3,1.4152005568137338,1.2,0.5226369266931312,0.37695309520515996,0.7637145617964858,1.031214174372339,1.0363831569318906,-1.7472064633557354
parent_human_capital_complements,baseline h,1.2,3,1.4337840371600625,1.2,0.5223470118808085,0.37698232062483183,0.7640770725512736,1.0354314057674874,1.0406215272873758,-1.5978176737913643
parent_human_capital_complements,baseline h,1.2,3,1.4527296204871472,1.2,0.522056401285721,0.3770116059511411,0.7644404278969132,1.0396770376569646,1.0448884404952605,-1.448038283890818
parent_human_capital_complements,baseline h,1.2,3,1.4720451918832933,1.2,0.5217651284083535,0.3770409468139573,0.7648045834775161,1.0439510182308145,1.0491838444858894,-1.2978772751127658
parent_human_capital_complements,baseline h,1.2,3,1.4917388317766058,1.2,0.5214731941866294,0.3770703590245605,0.7651695776303787,1.04825330484665,1.05350769640313,-1.1473436466623526
parent_human_capital_complements,baseline h,1.2,3,1.5118188211770927,1.2,0.5211806487490486,0.3770998725362693,0.7655354346310442,1.0525838453705216,1.05785994385171,-0.996446414630968
parent_human_capital_complements,baseline h,1.2,3,1.5322936470707536,1.2,0.520887497621009,0.3771294274424464,0.7659020001460276,1.0569425701419948,1.0622405168220206,-0.8451946111130351
parent_human_capital_complements,baseline h,1.2,3,1.5531720079703377,1.2,0.5205937079433909,0.3771590291448699,0.7662693204524658,1.0613294319376256,1.0666493678539093,-0.6935972834359618
parent_human_capital_complements,baseline h,1.2,3,1.5744628196276003,1.2,0.5202993465697918,0.3771886967933022,0.7666373762647705,1.0657443629287389,1.0710864287787083,-0.541663493242448
parent_human_capital_complements,baseline h,1.2,3,1.5961752209120554,1.2,0.5200044486343187,0.37721842267913064,0.7670061133006416,1.0701872916016053,1.0755516277242243,-0.3894023156306714
parent_human_capital_complements,baseline h,1.2,3,1.618318579861377,1.2,0.519708976338499,0.3772482084715963,0.7673755735049461,1.0746581615648925,1.080044908016462,-0.23682283831187378
parent_human_capital_complements,baseline h,1.2,3,1.6409024999087747,1.2,0.5194129970751442,0.3772780269182697,0.7677456217898375,1.079156882540926,1.0845661789252286,-0.08393416066912751
parent_human_capital_complements,baseline h,1.2,3,1.6639368262928396,1.2,0.5191164905553136,0.37730791401184105,0.7681163678500993,1.0836833973010462,1.0891153829350044,0.06925460703003283
parent_human_capital_complements,baseline h,1.2,3,1.6874316526555453,1.2,0.5188194899847247,0.3773378452007697,0.768487717493987,1.0882376171245542,1.093692430880376,0.2227343446281842
parent_human_capital_complements,baseline h,1.2,3,1.7113973278342638,1.2,0.518522054822943,0.3773678319262054,0.7688596396817511,1.092819453911846,1.0982972342201385,0.37649592291277845
parent_human_capital_complements,baseline h,1.2,3,1.7358444628538618,1.2,0.5182241277689679,0.3773978644162396,0.769232167440971,1.0974288362396467,1.102929721173006,0.5305302045175617
parent_human_capital_complements,baseline h,1.2,3,1.7607839381251333,1.2,0.5179257899357534,0.37742793393061186,0.7696051979478862,1.102065658761665,1.1075897858646375,0.6848280448787718
parent_human_capital_complements,baseline h,1.2,3,1.7862269108560356,1.2,0.5176272131313775,0.37745696818922225,0.7699758958506504,1.106729491999381,1.1122769966637422,0.839380293719926
parent_human_capital_complements,baseline h,1.2,3,1.8121848226824113,1.2,0.5173280698723002,0.37748711175227057,0.7703499157203397,1.1114209211125137,1.1169919416631648,0.994177793488888
parent_human_capital_complements,baseline h,1.2,3,1.8386694075250942,1.2,0.517029981368595,0.37750909769616753,0.7707026173086848,1.1161368469910868,1.121731506218576,1.149211384074507
parent_human_capital_complements,baseline h,1.2,3,1.8656926996805347,1.2,0.5167301046853874,0.3775392412592158,0.7710773706025045,1.1208824524697407,1.126500899143682,1.304471901076119
parent_human_capital_complements,baseline h,1.2,3,1.8932670421523103,1.2,0.5164298486993418,0.377569419145713,0.7714525884586091,1.1256550135889183,1.1312973828250221,1.4599501776199286
parent_human_capital_complements,baseline h,1.2,3,1.921405095231136,1.2,0.5161293151290197,0.37759962531628766,0.7718281541566386,1.1304543992312688,1.136120825488017,1.6156370450899704
parent_human_capital_complements,baseline h,1.2,3,1.9501198453312445,1.2,0.5158284494689989,0.37762987455057184,0.7722041589146214,1.1352805167208637,1.1409711339921986,1.771523334184578
parent_human_capital_complements,baseline h,1.2,3,1.979424614091259,1.2,0.5155272699598075,0.37766011504459546,0.7725804558109675,1.1401332336477021,1.1458481752638576,1.9275998757751198
parent_human_capital_complements,baseline h,1.2,3,2.009333067747975,1.2,0.5152258479096233,0.3776904171144975,0.7729571482027883,1.1450124368907768,1.1507518356149655,2.0838575019579197
parent_human_capital_complements,baseline h,1.2,3,2.0398592267917226,1.2,0.5149241829277267,0.3777207589096267,0.7733341822037858,1.149917999592927,1.1556819875524873,2.2402870469279907
parent_human_capital_complements,baseline h,1.2,3,2.071017475912293,1.2,0.5146222502178237,0.37775108052334566,0.7737114338021667,1.1548497856645084,1.1606384943046266,2.3968793479570385
parent_human_capital_complements,baseline h,1.2,3,2.1028225742447084,1.2,0.5143201514521794,0.37778146101205407,0.7740889977017629,1.1598076661134444,1.1656212262327312,2.5536252464198137
parent_human_capital_complements,baseline h,1.2,3,2.135289665924415,1.2,0.5140178255885941,0.37781185834369024,0.7744668305371323,1.1647915112216476,1.1706300529684992,2.710515588687522
parent_human_capital_complements,baseline h,1.2,3,2.168434290961828,1.2,0.5137137360625588,0.37785131022479607,0.7748689185358344,1.1698042765620387,1.1756679448997223,2.8675412271172336
parent_human_capital_complements,baseline h,1.2,3,2.2022723964464688,1.2,0.5134110003766927,0.3778817990856294,0.7752473885520106,1.1748396629197324,1.1807285712365692,3.024693021074345
parent_human_capital_complements,baseline h,1.2,3,2.23682034809129,1.2,0.5131081796614809,0.3779122977183712,0.775625967870953,1.1799005590824228,1.1858148352468425,3.181961837867487
parent_human_capital_complements,baseline h,1.2,3,2.2720949421281498,1.2,0.5128052443289194,0.3779428448166006,0.7760047821955164,1.184986836657614,1.190926607894476,3.339338553696829
parent_human_capital_complements,baseline h,1.2,3,2.308113417565749,1.2,0.5125021488441146,0.37797338317456947,0.7763837349615159,1.190098338362323,1.1960637311081026,3.4968140547309075
parent_human_capital_complements,baseline h,1.2,3,2.344893468821764,1.2,0.5121989853292221,0.3780039275719099,0.776762770759402,1.1952348908028887,1.2012260306249223,3.6543792380357343
parent_human_capital_complements,baseline h,1.2,3,2.382453258741261,1.2,0.5118957108892543,0.3780344931823083,0.7771419701755993,1.200396350323058,1.206413362068601,3.812025012542035
parent_human_capital_complements,baseline h,1.2,3,2.4208114320139376,1.2,0.5115924715436246,0.37806506149359587,0.7775211412064673,1.20558251153922,1.2116255190260397,3.9697423001320002
parent_human_capital_complements,baseline h,1.2,3,2.4599871290031343,1.2,0.5112891247329767,0.37809563854514394,0.7779004414131607,1.210793245181415,1.2168623715793088,4.127522036488657
parent_human_capital_complements,baseline h,1.2,3,2.5,1.2,0.5109857539242633,0.378126194383634,0.7782797129246832,1.216028349889709,1.2221237173591541,4.285355172247376
parent_human_capital_complements,high h,1.8,1,0.5,1.8,1.1238426832238575,0.35927035861882745,0.3901932787011433,0.6109696802369835,0.614032178503633,-8.05133613328702
parent_human_capital_complements,high h,1.8,1,0.5000203210855501,1.8,1.1238377634060637,0.3592707305314487,0.39019940351583005,0.6109803207021205,0.6140428723043233,-8.05126609571732
parent_human_capital_complements,high h,1.8,1,0.5000812892976928,1.8,1.1238245692895057,0.3592717499759307,0.3902159006325099,0.6110118651319107,0.6140745748512261,-8.051055980517614
parent_human_capital_complements,high h,1.8,1,0.5001829195049198,1.8,1.1238001033570293,0.35927363202728196,0.3902464644113643,0.6110650547051897,0.6141280310383506,-8.050705778105455
parent_human_capital_complements,high h,1.8,1,0.5003252364947652,1.8,1.1237657238796732,0.3592764278518793,0.3902899023604159,0.6111396380772732,0.6142029882611424,-8.050215470839484
parent_human_capital_complements,high h,1.8,1,0.5005082749838822,1.8,1.1237215863913583,0.3592798951222845,0.39034527380484363,0.6112354542978633,0.6142992847625368,-8.049585034876953
parent_human_capital_complements,high h,1.8,1,0.500732079632158,1.8,1.1236657538233659,0.35928541812458126,0.3904190009002772,0.6113536663421534,0.6144180893471648,-8.048814439500648
parent_human_capital_complements,high h,1.8,1,0.5009967050608752,1.8,1.1236042466187668,0.35928894260073474,0.39049192740761396,0.6114908155761551,0.6145559260445628,-8.047903647338151
parent_human_capital_complements,high h,1.8,1,0.5013022158749305,1.8,1.1238881630360698,0.35930159130490336,0.3902489927918172,0.6115800451673967,0.6146456029009919,-8.046852955193565
parent_human_capital_complements,high h,1.8,1,0.5016486866891229,1.8,1.1238648660927992,0.3592687188949144,0.39016578312672334,0.611727047217828,0.6147933418022672,-8.0456640234517
parent_human_capital_complements,high h,1.8,1,0.502036202158526,1.8,1.1237719466545733,0.3592759785520996,0.39028222385422967,0.6119293376194243,0.6149966461887211,-8.044335111387303
parent_human_capital_complements,high h,1.8,1,0.502464857012963,1.8,1.1236693387105747,0.3592838514176965,0.39041033988276197,0.612152856544428,0.615221285506999,-8.042866076053443
parent_human_capital_complements,high h,1.8,1,0.5029347560956027,1.8,1.1235570099890804,0.3592925111722455,0.3905507262089951,0.6123977166899939,0.6154673730191521,-8.041256846216896
parent_human_capital_complements,high h,1.8,1,0.5034460144056994,1.8,1.1235280534240872,0.359294817971836,0.3905871568046614,0.612640646303731,0.6157115203226454,-8.03950788626911
parent_human_capital_complements,high h,1.8,1,0.5039987571454999,1.8,1.1233962435979967,0.35930497308548287,0.390751869198968,0.6129281856263885,0.6160005009421557,-8.03761890479714
parent_human_capital_complements,high h,1.8,1,0.5045931197713469,1.8,1.1232546010368358,0.3593158868040044,0.39092887220813854,0.6132371127034169,0.6163109765226017,-8.035589540120847
parent_human_capital_complements,high h,1.8,1,0.5052292480490046,1.8,1.1231010602390126,0.3593290218322909,0.3911249704976099,0.6135686741999379,0.6166441999780402,-8.033419694227772
parent_human_capital_complements,high h,1.8,1,0.5059072981132409,1.8,1.1236523777458816,0.3592864533803432,0.3904357312064307,0.6137416237170681,0.6168180164082326,-8.03111266239452
parent_human_capital_complements,high h,1.8,1,0.5066274365316988,1.8,1.123883389382485,0.35926697683824793,0.3901416155734383,0.6140127799538369,0.6170905318212944,-8.028672405122368
parent_human_capital_complements,high h,1.8,1,0.507389840373095,1.8,1.1237002264652975,0.35928274648338887,0.3903758721408823,0.6144087872672683,0.617488524129645,-8.02609477245921
parent_human_capital_complements,high h,1.8,1,0.5081946972797818,1.8,1.1241456872268747,0.35926073225541444,0.38985908528066804,0.614671389580252,0.6177524427422001,-8.023378492312542
parent_human_capital_complements,high h,1.8,1,0.5090422055447187,1.8,1.1239696961392838,0.35926066527775774,0.3900348593606514,0.6150951072702965,0.6181782843260043,-8.020529740286971
parent_human_capital_complements,high h,1.8,1,0.5099325741928927,1.8,1.1237603621925238,0.35927681827666963,0.3902965290238859,0.6155537816608332,0.6186392578314914,-8.01754103021742
parent_human_capital_complements,high h,1.8,1,0.5108660230672385,1.8,1.1235411782302898,0.3592938028974843,0.3905707431575596,0.6160340292353833,0.6191219126570265,-8.014412208174964
parent_human_capital_complements,high h,1.8,1,0.5118427829191048,1.8,1.123491714859906,0.3592976464506411,0.39063265964017135,0.6164904643548165,0.6195806356670168,-8.011144540007821
parent_human_capital_complements,high h,1.8,1,0.5128630955033207,1.8,1.1232521683111587,0.35931737676132425,0.3909361323955318,0.6170146466291252,0.6201074454159096,-8.007738085789176
parent_human_capital_complements,high h,1.8,1,0.5139272136779165,1.8,1.124036396160377,0.3592560728916348,0.38995328000851986,0.6172976630099023,0.620391880422199,-8.004196770892305
parent_human_capital_complements,high h,1.8,1,0.5150354015085564,1.8,1.1238280308437107,0.35927148476619314,0.3902115797987552,0.6178509991670138,0.6209479901883402,-8.000528399022741
parent_human_capital_complements,high h,1.8,1,0.5161879343777439,1.8,1.1235606717068247,0.3592922900578652,0.39054634808065847,0.6184389133929281,0.6215388513465755,-7.996720618680126
parent_human_capital_complements,high h,1.8,1,0.5173850990988615,1.8,1.1234852073341717,0.35929935315221073,0.39064469687899106,0.6189978698117674,0.6221006095461237,-7.9927747081084135
parent_human_capital_complements,high h,1.8,1,0.5186271940351138,1.8,1.123623877967576,0.3592873328301403,0.39046708040207867,0.6195200655630303,0.6226254228144825,-7.988696103242998
parent_human_capital_complements,high h,1.8,1,0.5199145292234401,1.8,1.1233278972175773,0.35931027831188195,0.39083740451292026,0.6201727552146462,0.6232813840865918,-7.98448027208348
parent_human_capital_complements,high h,1.8,1,0.5212474265034702,1.8,1.1230200227211364,0.35933539766954864,0.391226665728201,0.6208484345596423,0.623960450288399,-7.980124083934593
parent_human_capital_complements,high h,1.8,1,0.5226262196515982,1.8,1.1236077750754365,0.35928834520360287,0.390486463384237,0.6213131855092489,0.6244275308118349,-7.97563958646038
parent_human_capital_complements,high h,1.8,1,0.5240512545202515,1.8,1.1232829591840439,0.3593136786046304,0.39089335949495896,0.6220310540915213,0.6251489977253504,-7.971022806362098
parent_human_capital_complements,high h,1.8,1,0.5255228891824385,1.8,1.1229467996311695,0.35934089945878744,0.3913177146153019,0.6227717352548559,0.6258933915684662,-7.966265671495794
parent_human_capital_complements,high h,1.8,1,0.5270414940816569,1.8,1.122693601363461,0.35936048437300766,0.39163436800508383,0.6235098732646833,0.6266352295104651,-7.961369413045956
parent_human_capital_complements,high h,1.8,1,0.5286074521872524,1.8,1.1232052227213654,0.35931960951223874,0.3909903120982881,0.6240704412878737,0.6271986073925647,-7.95634529651556
parent_human_capital_complements,high h,1.8,1,0.5302211591553182,1.8,1.1237642004591426,0.35927911530435175,0.39030013312695727,0.6246397310571552,0.6277707507386899,-7.9511939993521965
parent_human_capital_complements,high h,1.8,1,0.5318830234952302,1.8,1.1233973242044228,0.3593047862945516,0.3907501833899245,0.6254634668662792,0.6285986155407397,-7.945922729134186
parent_human_capital_complements,high h,1.8,1,0.5335934667419154,1.8,1.123013903782193,0.35933578976358016,0.391234055051807,0.6263132509170887,0.6294526591518298,-7.940511262913943
parent_human_capital_complements,high h,1.8,1,0.5353529236339561,1.8,1.1230582272062228,0.35933098500333754,0.39117416420459095,0.6270705630514566,0.6302137673290684,-7.934969732771443
parent_human_capital_complements,high h,1.8,1,0.537161842297634,1.8,1.1226582222087422,0.3593619056834295,0.3916743522055695,0.6279628917776715,0.631110568871637,-7.929289373978271
parent_human_capital_complements,high h,1.8,1,0.5390206844370244,1.8,1.1238279672519307,0.3592709657878676,0.3902099619007601,0.628467497369882,0.6316177038099042,-7.923481515442066
parent_human_capital_complements,high h,1.8,1,0.5409299255302531,1.8,1.1236345294706456,0.3592864533803432,0.3904535794816667,0.6293453256309327,0.6324999322034243,-7.917568566210919
parent_human_capital_complements,high h,1.8,1,0.5428900550320312,1.8,1.1232068792210632,0.35931962365427744,0.3909887014187957,0.630303461754385,0.6334628710041815,-7.911520037469854
parent_human_capital_complements,high h,1.8,1,0.5449015765825912,1.8,1.122770039690777,0.3593532873233488,0.39153461123687305,0.6312835816837796,0.6344479038051671,-7.905331322117316
parent_human_capital_complements,high h,1.8,1,0.5469650082231464,1.8,1.1226234580751555,0.3593658663489718,0.39172194889551315,0.6322084983825834,0.6353774566682168,-7.899006473765351
parent_human_capital_complements,high h,1.8,1,0.5490808826180046,1.8,1.1230777450966825,0.3593308025825366,0.39115405527073616,0.6329951360367698,0.6361680373600536,-7.892569665343256
parent_human_capital_complements,high h,1.8,1,0.5512497472834679,1.8,1.123177274753396,0.3593231094368516,0.39102959982200347,0.6338937508794662,0.6370711565283935,-7.886013179058356
parent_human_capital_complements,high h,1.8,1,0.5534721648236569,1.8,1.1229865698917256,0.35933656521138263,0.39126390139315403,0.6348873383018331,0.6380697243284406,-7.879324402787567
parent_human_capital_complements,high h,1.8,1,0.5557487131734017,1.8,1.122511212510776,0.3593745261035208,0.39186225206463154,0.6359770015618108,0.6391648495482388,-7.8725009088511975
parent_human_capital_complements,high h,1.8,1,0.5580799858483445,1.8,1.122744278027971,0.35935516937470013,0.3915664707460576,0.6368984241388994,0.6400908907752153,-7.865554093449618
parent_human_capital_complements,high h,1.8,1,0.5604665922024078,1.8,1.1227856251137494,0.3593533728131745,0.39151930280093583,0.637891420201426,0.6410888642512186,-7.858483393655104
parent_human_capital_complements,high h,1.8,1,0.5629091576927818,1.8,1.122696894581816,0.35935890185484287,0.3916259474278748,0.6389368783937169,0.6421395628245061,-7.85129655804603
parent_human_capital_complements,high h,1.8,1,0.5654083241525933,1.8,1.1222775828784677,0.3593926025482522,0.3921544493778697,0.6400913309567118,0.6432998021050541,-7.843973089470368
parent_human_capital_complements,high h,1.8,1,0.5679647500714233,1.8,1.1230644488002373,0.3593303876062058,0.3911660070438695,0.6409434322505185,0.6441561745743704,-7.836544176806791
parent_human_capital_complements,high h,1.8,1,0.5705791108838415,1.8,1.1225583399273247,0.3593696429244719,0.3917993031479644,0.6421601368363692,0.6453789779173373,-7.828991421148702
parent_human_capital_complements,high h,1.8,1,0.5732520992661372,1.8,1.1226592784660876,0.35936308903654346,0.39167713001231347,0.6432354751843395,0.6464597064212078,-7.821308041920604
parent_human_capital_complements,high h,1.8,1,0.5759844254414287,1.8,1.1225137938915906,0.35930567885473963,0.39163660559776603,0.6443555566056919,0.647585402274049,-7.813510282059941
parent_human_capital_complements,high h,1.8,1,0.578776817493336,1.8,1.1231233403785519,0.3593258840483909,0.3910925239382348,0.6453722689368092,0.648607210896934,-7.805618027705439
parent_human_capital_complements,high h,1.8,1,0.5816300216884137,1.8,1.1228076705595507,0.35935020507595583,0.3914869938865462,0.6466179046317484,0.6498590903667772,-7.797594791675486
parent_human_capital_complements,high h,1.8,1,0.5845448028075416,1.8,1.1223432751683662,0.35932549465524843,0.39187132751463866,0.6478881956335775,0.6511357487287505,-7.789440811708373
parent_human_capital_complements,high h,1.8,1,0.5875219444864789,1.8,1.1230092466395836,0.35933473599564925,0.3912352979863202,0.6489444514419384,0.6521972990413837,-7.781183284523626
parent_human_capital_complements,high h,1.8,1,0.5905622495657936,1.8,1.1228649954908771,0.3593459192940387,0.39141578302180813,0.6502039018589338,0.6534630624798657,-7.772814774908502
parent_human_capital_complements,high h,1.8,1,0.5936665404503856,1.8,1.1223368883284064,0.3593866857826827,0.3920759736074857,0.6515878847549549,0.6548539826190222,-7.764317929738442
parent_human_capital_complements,high h,1.8,1,0.5968356594788269,1.8,1.122438513893512,0.3593484684210675,0.3918505237907465,0.6528026659308582,0.6560748529109092,-7.75568643620581
parent_human_capital_complements,high h,1.8,1,0.600070469302753,1.8,1.1227092803113952,0.35935494118930056,0.3916007291419386,0.6540254032261495,0.6573037192023988,-7.746976884985375
parent_human_capital_complements,high h,1.8,1,0.6033718532765401,1.8,1.1221128208024815,0.3594052512524209,0.39236019325536237,0.655491862859402,0.6587775294951524,-7.738134948574289
parent_human_capital_complements,high h,1.8,1,0.6067407158575169,1.8,1.1218086448460562,0.35942886817997033,0.39274088805704777,0.6568963322460061,0.6601890388138533,-7.729162567071643
parent_human_capital_complements,high h,1.8,1,0.6101779830169621,1.8,1.1226476605470308,0.35936398159673144,0.39169163982637895,0.6580060934963756,0.6613043627656393,-7.72010451834507
parent_human_capital_complements,high h,1.8,1,0.6136846026621482,1.8,1.122724392938433,0.3593568030592416,0.39159164897350984,0.6593446760811175,0.6626496550235091,-7.710953339023689
parent_human_capital_complements,high h,1.8,1,0.6172615450697004,1.8,1.1223418406079977,0.3593862980587814,0.3920697651024543,0.6608314673770013,0.6641438988917769,-7.701681035157778
parent_human_capital_complements,high h,1.8,1,0.6209098033305457,1.8,1.1225273260392377,0.3593718800455167,0.39183756530823644,0.6621809122171607,0.6655001078523465,-7.692290654472448
parent_human_capital_complements,high h,1.8,1,0.6246303938067362,1.8,1.1229740262051235,0.35934005536408703,0.39128775317451836,0.6634789150051459,0.6668046169063819,-7.6827994698382955
parent_human_capital_complements,high h,1.8,1,0.6284243566004422,1.8,1.1223033495726422,0.35938929481634874,0.3921179656323279,0.665106225352731,0.6684400841810291,-7.673207217774568
parent_human_capital_complements,high h,1.8,1,0.6322927560354111,1.8,1.1226654900084418,0.3593609161922662,0.3916638784545006,0.6664660759578639,0.6698067510656859,-7.6634909702718526
parent_human_capital_complements,high h,1.8,1,0.6362366811512086,1.8,1.1219915236453775,0.35941335937443675,0.3925077607277976,0.668137917651929,0.6714869729011161,-7.653673532987693
parent_human_capital_complements,high h,1.8,1,0.6402572462105554,1.8,1.1218412674291778,0.3594262291929856,0.39269971515609553,0.6696837927378649,0.6730405967181663,-7.643732927988582
parent_human_capital_complements,high h,1.8,1,0.6443555912200942,1.8,1.1227662464555959,0.35935400453375527,0.3915407282337712,0.670944327853678,0.6743074502925414,-7.633702464283484
parent_human_capital_complements,high h,1.8,1,0.6485328824649206,1.8,1.1220534185409117,0.3594085933077733,0.3924304237762739,0.6726894667202972,0.6760613367041322,-7.623582005251141
parent_human_capital_complements,high h,1.8,1,0.652790313057229,1.8,1.1217079406340533,0.35943246503555853,0.39285324608115624,0.6743499104052492,0.6777301033976908,-7.6133336232631335
parent_human_capital_complements,high h,1.8,1,0.6571291034994325,1.8,1.1229415312429158,0.35934045452913793,0.3913215414314912,0.6755833880500624,0.6789697638749282,-7.603008620514226
parent_human_capital_complements,high h,1.8,1,0.6615505022621248,1.8,1.1227485593911282,0.35935535449639017,0.391562789177176,0.6772426672574703,0.6806373602539747,-7.592599679410724
parent_human_capital_complements,high h,1.8,1,0.6660557863772645,1.8,1.1220311665389042,0.35941028252882185,0.3924581488544786,0.6790735536279003,0.6824774239805279,-7.582080831359734
parent_human_capital_complements,high h,1.8,1,0.6706462620469753,1.8,1.1224153252880202,0.35938189413283095,0.39198201170235203,0.6806089977137665,0.684020564511903,-7.571449604741002
parent_human_capital_complements,high h,1.8,1,0.6753232652683625,1.8,1.122062232405605,0.3594078946095359,0.3924193461292914,0.682376431413488,0.6857968575099117,-7.560733936327538
parent_human_capital_complements,high h,1.8,1,0.6800881624747613,1.8,1.1212935642058386,0.3594684583865197,0.39338424096648517,0.6842873291964777,0.6877173337078989,-7.549889314488323
parent_human_capital_complements,high h,1.8,1,0.6849423511938463,1.8,1.122584419566587,0.3593795159854534,0.391805212226282,0.6856256316586374,0.6890623444390664,-7.538954961954017
parent_human_capital_complements,high h,1.8,1,0.6898872607230374,1.8,1.1218001604475316,0.3594281368275252,0.39274700287365005,0.6875752637371606,0.6910217490890513,-7.527950965117027
parent_human_capital_complements,high h,1.8,1,0.6949243528226603,1.8,1.1214744117872937,0.3594531733962553,0.39315387001657387,0.6894197569791556,0.6928754878918968,-7.516821395263376
parent_human_capital_complements,high h,1.8,1,0.7000551224273222,1.8,1.1220173422155995,0.35941261928173096,0.3924795442572089,0.6910305195755203,0.6944943244693754,-7.505620583811084
parent_human_capital_complements,high h,1.8,1,0.7052810983759861,1.8,1.122021587702922,0.35937377456966546,0.3923494419027942,0.6927944247973872,0.6962670713029607,-7.494341965369367
parent_human_capital_complements,high h,1.8,1,0.7106038441612367,1.8,1.1217404113433287,0.3594340492229645,0.3928259081390766,0.6947136965713483,0.6981959634667239,-7.4829715573404805
parent_human_capital_complements,high h,1.8,1,0.7160249586982449,1.8,1.121869266687262,0.3594240422066696,0.39266463006234775,0.6965071227250619,0.6999983792064427,-7.4715117147004415
parent_human_capital_complements,high h,1.8,1,0.7215460771139571,1.8,1.1217445527387118,0.35943364838867237,0.39282046804058657,0.6983969426750826,0.7018976719183835,-7.459953484132885
parent_human_capital_complements,high h,1.8,1,0.7271688715570458,1.8,1.121815045489773,0.35942745227132655,0.39272989986932494,0.7002487529159894,0.7037587643967506,-7.448283493765258
parent_human_capital_complements,high h,1.8,1,0.7328950520291776,1.8,1.1215839263765848,0.3594447973636129,0.39301721708152093,0.7022123097844146,0.7057321636349372,-7.43654197475495
parent_human_capital_complements,high h,1.8,1,0.7387263672381705,1.8,1.1214902405048226,0.3594532703272306,0.39313835535540487,0.7041568170986362,0.7076864178326326,-7.424701234911762
parent_human_capital_complements,high h,1.8,1,0.7446646054736273,1.8,1.1223419550377138,0.3593860584322322,0.39206887428271864,0.7058334062573687,0.7093714109294958,-7.412789822786959
parent_human_capital_complements,high h,1.8,1,0.7507115955056528,1.8,1.1215125936579762,0.3594502594276246,0.3931062468875276,0.7080427805882203,0.7115918597952673,-7.400810450637502
parent_human_capital_complements,high h,1.8,1,0.7568692075072764,1.8,1.1218705803046958,0.35942259634470725,0.3926586318521559,0.7099113749053794,0.7134698204804186,-7.388719253425233
parent_human_capital_complements,high h,1.8,1,0.7631393540012239,1.8,1.1221196871776613,0.35940349338447447,0.39234763138803586,0.7118335619405216,0.7154016425181703,-7.376591624262066
parent_human_capital_complements,high h,1.8,1,0.7695239908317001,1.8,1.1212947086344358,0.359443431589698,0.39330200971618595,0.7140914567176493,0.7176708550399666,-7.364357475442004
parent_human_capital_complements,high h,1.8,1,0.7760251181618615,1.8,1.1214755259981908,0.35935274983285437,0.3928273834602576,0.7160249178407619,0.7196140076772897,-7.3520244550244005
parent_human_capital_complements,high h,1.8,1,0.7826447814976824,1.8,1.1212234333345146,0.3594738790560631,0.3934719348071297,0.718234172282235,0.7218343360527343,-7.339634333914059
parent_human_capital_complements,high h,1.8,1,0.7893850727389358,1.8,1.1208474773462926,0.3595028719202052,0.3939418276751723,0.7204348799454252,0.7240460748089919,-7.327137846774681
parent_human_capital_complements,high h,1.8,1,0.7962481312580323,1.8,1.1218801163314942,0.3594224253650559,0.3926485418512867,0.7222159849427313,0.7258361076322496,-7.314558015685488
parent_human_capital_complements,high h,1.8,1,0.8032361450074849,1.8,1.1217283905105484,0.3594335400165475,0.3928362791430655,0.7243881781763927,0.7280191890298053,-7.301955412707987
parent_human_capital_complements,high h,1.8,1,0.8103513516567865,1.8,1.1208129150527242,0.3595056677448025,0.39398544844043604,0.7268243745772539,0.7304675969159435,-7.289242281679906
parent_human_capital_complements,high h,1.8,1,0.8175960397595149,1.8,1.1221675737822099,0.3594002613704882,0.39228927305817196,0.7285624382507567,0.7322143726698648,-7.276473673791158
parent_human_capital_complements,high h,1.8,1,0.8249725499515008,1.8,1.1213206141448127,0.3594650951181092,0.3933462940378615,0.7310198253895949,0.7346840775129959,-7.263648909488384
parent_human_capital_complements,high h,1.8,1,0.8324832761809209,1.8,1.1215169930809488,0.35945045328957526,0.39310247557727507,0.7331673899146286,0.7368424067500083,-7.250712078023247
parent_human_capital_complements,high h,1.8,1,0.8401306669712053,1.8,1.121145972672411,0.35947852967958216,0.3935644634894354,0.7355170735445352,0.7392038682181228,-7.237714913807084
parent_human_capital_complements,high h,1.8,1,0.8479172267176741,1.8,1.1211001224531816,0.35948263407234615,0.3936236119412202,0.7377848412019679,0.7414830031082426,-7.2246257847713355
parent_human_capital_complements,high h,1.8,1,0.8558455170188431,1.8,1.1215127003292824,0.35945010529090105,0.3931056408132372,0.7399245483311973,0.7436334355640903,-7.211505775716488
parent_human_capital_complements,high h,1.8,1,0.8639181580433734,1.8,1.121268310178146,0.3594704373688463,0.3934159068969163,0.7422995674797085,0.7460203595456248,-7.198311277611856
parent_human_capital_complements,high h,1.8,1,0.8721378299336601,1.8,1.120927194874336,0.3594092189889825,0.3935586746499673,0.7446645642250266,0.7483972108864614,-7.185050824246128
parent_human_capital_complements,high h,1.8,1,0.8805072742470966,1.8,1.1208733892356464,0.3595008787958398,0.3939094580628747,0.7470822873673538,0.7508270529164718,-7.171736328329435
parent_human_capital_complements,high h,1.8,1,0.88902929543607,1.8,1.120954752140484,0.3594932384857728,0.39380334055342026,0.7494135224756848,0.7531699733894114,-7.158332338032781
parent_human_capital_complements,high h,1.8,1,0.8977067623677852,1.8,1.120934506030818,0.35949477253844997,0.39382855699375985,0.7518003172833282,0.7555687320558152,-7.14486600098499
parent_human_capital_complements,high h,1.8,1,0.9065426098850453,1.8,1.12074243571686,0.3595109914833706,0.3940731766892609,0.7542665210109049,0.7580472976810199,-7.131343642993402
parent_human_capital_complements,high h,1.8,1,0.9155398404091444,1.8,1.1203205909785456,0.35954379691570293,0.3946013110283316,0.7568302817141428,0.7606239092882613,-7.11773388582162
parent_human_capital_complements,high h,1.8,1,0.9247015255860773,1.8,1.1214230370806362,0.35945714113281696,0.39321810018969056,0.7589043682343974,0.7627083922104629,-7.10412419546331
parent_human_capital_complements,high h,1.8,1,0.9340308079772923,1.8,1.1205098096506891,0.35952893397278873,0.39436393642114637,0.7616773256112683,0.7654952490940277,-7.090429878936798
parent_human_capital_complements,high h,1.8,1,0.9435309027962627,1.8,1.121461190590981,0.35945411005180067,0.39317012597685325,0.7638413923378499,0.7676701632502173,-7.07667207973715
parent_human_capital_complements,high h,1.8,1,0.9532050996921831,1.8,1.120477712625828,0.35953011565666143,0.39439986210175504,0.766682604896591,0.7705256174461751,-7.062869274696648
parent_human_capital_complements,high h,1.8,1,0.9630567645821445,1.8,1.12010538869869,0.3595603507489069,0.3948701477277685,0.7693402609928488,0.7731965950990527,-7.048954654949965
parent_human_capital_complements,high h,1.8,1,0.9730893415331738,1.8,1.1209530710109137,0.3594935080656407,0.3938058951217621,0.7716001423549937,0.775467804163665,-7.035054303592729
parent_human_capital_complements,high h,1.8,1,0.9833063546955787,1.8,1.120617110431558,0.35954620064626874,0.39431257966235284,0.774307361942757,0.778188593746083,-7.021059524234194
parent_human_capital_complements,high h,1.8,1,0.9937114102890687,1.8,1.121217045064451,0.3594743778529783,0.3934799391791991,0.7766735901596803,0.7805666827313017,-7.007026301937833
parent_human_capital_complements,high h,1.8,1,1.0043081986431819,1.8,1.120689772099626,0.3595137644256686,0.39413482463954047,0.779469457472554,0.7833765643874012,-6.9929792661252925
parent_human_capital_complements,high h,1.8,1,1.0151004962935855,1.8,1.1201408288733474,0.3595574421820543,0.39482528379650855,0.7822975914819357,0.7862188744774982,-6.9788423417767245
parent_human_capital_complements,high h,1.8,1,1.0260921681358672,1.8,1.120766933415081,0.35950832524395626,0.39404004037533713,0.7847349774405719,0.7886684778840946,-6.964648429812991
parent_human_capital_complements,high h,1.8,1,1.037287169638491,1.8,1.120209564772825,0.35955080987531957,0.3947350592232107,0.7876088506450732,0.7915567564379806,-6.950421419239563
parent_human_capital_complements,high h,1.8,1,1.0486895491166357,1.8,1.1205575792434534,0.35952379432426285,0.39429951436715827,0.7901854381470704,0.7941462591385776,-6.936121795724917
parent_human_capital_complements,high h,1.8,1,1.0603034500686892,1.8,1.1210023553075579,0.35948937912133616,0.3937432330455716,0.7927474974985412,0.7967211608659908,-6.921808769159963
parent_human_capital_complements,high h,1.8,1,1.0721331135772334,1.8,1.1198854961770943,0.3595772552816741,0.3951448109355298,0.7958891474356202,0.7998785583889122,-6.9074445781518286
parent_human_capital_complements,high h,1.8,1,1.0841828807763967,1.8,1.120828872635291,0.3595029802923301,0.39396078351185826,0.7983131356283275,0.8023146968729984,-6.893054618062166
parent_human_capital_complements,high h,1.8,1,1.0964571953875313,1.8,1.1203803217924666,0.35953752237955083,0.39452125071727795,0.801258655169874,0.8052749808926887,-6.878615635791387
parent_human_capital_complements,high h,1.8,1,1.1089606063252093,1.8,1.1206131741763503,0.35951956844898303,0.39423022759835463,0.8039796211383422,0.8080095857598316,-6.864112813626541
parent_human_capital_complements,high h,1.8,1,1.1216977703756155,1.8,1.1195281061815985,0.35960480125220584,0.3955914498755484,0.8072022533416378,0.8112483714742683,-6.84956409605798
parent_human_capital_complements,high h,1.8,1,1.1346734549494641,1.8,1.1201008980604477,0.35956065298298245,0.39487561760441536,0.809841910410652,0.8139012598794025,-6.834955540608463
parent_human_capital_complements,high h,1.8,1,1.147892540911644,1.8,1.1204924642784373,0.35952900365133444,0.39438150755188617,0.8125658244618198,0.8166388276065709,-6.820379306466081
parent_human_capital_complements,high h,1.8,1,1.1613600254898573,1.8,1.1198680374021768,0.35962143350421616,0.39530540715148366,0.8157219587284634,0.8198107820620614,-6.805714530363521
parent_human_capital_complements,high h,1.8,1,1.1750810252645967,1.8,1.1209032854792957,0.35949716919799646,0.3938675427222129,0.8182128602839444,0.8223141693135478,-6.7910460690075585
parent_human_capital_complements,high h,1.8,1,1.189060779242872,1.8,1.1198501743831248,0.3595785083133337,0.3951841925520764,0.821537251488186,0.8256552240980456,-6.776351410599285
parent_human_capital_complements,high h,1.8,1,1.2033046520181812,1.8,1.119860709400918,0.3595790202206398,0.395175316113955,0.8244880237671469,0.8286207871846061,-6.761577962689023
parent_human_capital_complements,high h,1.8,1,1.217818137019287,1.8,1.1198393681225505,0.359579405243652,0.3951979048668818,0.8274695740071584,0.8316172825073889,-6.7468036738979205
parent_human_capital_complements,high h,1.8,1,1.2326068598504607,1.8,1.1195286933560926,0.3596046471154823,0.39559036329806996,0.8305837618199231,0.8347470802515252,-6.731967057063471
parent_human_capital_complements,high h,1.8,1,1.247676581725918,1.8,1.1207065868452692,0.35951218460839296,0.3941128912859242,0.8331504269188245,0.837326610812774,-6.717107465305605
parent_human_capital_complements,high h,1.8,1,1.2630332030012734,1.8,1.1200946571990569,0.3595595780019935,0.39487837552740246,0.8364205714183985,0.8406131469798654,-6.702256169158305
parent_human_capital_complements,high h,1.8,1,1.2786827668049243,1.8,1.119063856640997,0.3596406333954242,0.39617179556017756,0.8398755792536919,0.8440854731140027,-6.687333348035195
parent_human_capital_complements,high h,1.8,1,1.294631462772364,1.8,1.1199558211772351,0.359528484673009,0.3949164691633143,0.8425744531057383,0.8467978751275292,-6.672416002384509
parent_human_capital_complements,high h,1.8,1,1.31088563088653,1.8,1.1192847984729946,0.35962345928278916,0.3958952096032424,0.8459706668689329,0.8502111124830548,-6.657463331363222
parent_human_capital_complements,high h,1.8,1,1.3274517654273796,1.8,1.1193231783156818,0.3596206819703608,0.39584783126828726,0.8490768587822142,0.8533328742480948,-6.642441678790483
parent_human_capital_complements,high h,1.8,1,1.3443365190339982,1.8,1.1198828052102623,0.3595760833697098,0.39514370490759737,0.8519974901763946,0.8562681453680611,-6.627467895277388
parent_human_capital_complements,high h,1.8,1,1.3615467068826452,1.8,1.1186793306498766,0.35966884811087474,0.39664773722935764,0.8556328191813155,0.85992169653545,-6.61240890973867
parent_human_capital_complements,high h,1.8,1,1.3790893109842512,1.8,1.120320324509985,0.3595426206336084,0.394597766342906,0.8581662925995682,0.8624678690420585,-6.597370562923948
parent_human_capital_complements,high h,1.8,1,1.3969714846049992,1.8,1.1191593205543404,0.35963314118270917,0.39605205687763756,0.8618310730941263,0.8661510193252905,-6.5823072252259
parent_human_capital_complements,high h,1.8,1,1.4152005568137338,1.8,1.1200624058299986,0.35956192182592206,0.39491822088598894,0.8646914445856513,0.8690257284885825,-6.567193913636238
parent_human_capital_complements,high h,1.8,1,1.4337840371600625,1.8,1.1197289437485396,0.35958772844067644,0.395335296399252,0.868068053563713,0.8724192627895808,-6.5521018101549995
parent_human_capital_complements,high h,1.8,1,1.4527296204871472,1.8,1.1193494598025753,0.35961705079132367,0.3958097847613137,0.8714848035314123,0.8758531392877645,-6.536957323518641
parent_human_capital_complements,high h,1.8,1,1.4720451918832933,1.8,1.1192188838374295,0.35962855753684675,0.395977642581954,0.874823221568417,0.8792082912148171,-6.52181860489023
parent_human_capital_complements,high h,1.8,1,1.4917388317766058,1.8,1.1189881741533279,0.35964637751210127,0.3962660889858804,0.8782219854798405,0.882624091501243,-6.506645797287453
parent_human_capital_complements,high h,1.8,1,1.5118188211770927,1.8,1.1199724743525947,0.3595689092023503,0.3950307914630202,0.8811406883916516,0.8855574244722818,-6.491461163863284
parent_human_capital_complements,high h,1.8,1,1.5322936470707536,1.8,1.1187367530606094,0.3596657985176895,0.39658043413670474,0.8849957683988398,0.8894318281484207,-6.476274640991332
parent_human_capital_complements,high h,1.8,1,1.5531720079703377,1.8,1.1190948295364724,0.35963683393762486,0.3961285124214321,0.8882113197626541,0.8926634975305205,-6.461072107752218
parent_human_capital_complements,high h,1.8,1,1.5744628196276003,1.8,1.119243514820251,0.35962665157154833,0.39594683627156546,0.8915348617704757,0.8960036988619835,-6.445876174590636
parent_human_capital_complements,high h,1.8,1,1.5961752209120554,1.8,1.119629765615187,0.35963581449314286,0.395590273342596,0.8948121882762012,0.899297453035182,-6.4306372515497285
parent_human_capital_complements,high h,1.8,1,1.618318579861377,1.8,1.1196001421163757,0.35959771964569137,0.39549646953566414,0.8982103815008919,0.9027126797742957,-6.415418761366664
parent_human_capital_complements,high h,1.8,1,1.6409024999087747,1.8,1.1189394664621315,0.35964877417164776,0.39632256185400716,0.9019332654148778,0.9064542247215577,-6.400174091253287
parent_human_capital_complements,high h,1.8,1,1.6639368262928396,1.8,1.1184543020061053,0.35968753609477666,0.39693331494097134,0.9056046267175998,0.9101439887993918,-6.384886643412017
parent_human_capital_complements,high h,1.8,1,1.6874316526555453,1.8,1.1192619565039201,0.35962395267792624,0.39591965017256103,0.9087411204132448,0.9132962042351118,-6.369642323309412
parent_human_capital_complements,high h,1.8,1,1.7113973278342638,1.8,1.1188164895351231,0.3596595865890637,0.3964805710134434,0.9124357370935011,0.9170093402585454,-6.354400793482983
parent_human_capital_complements,high h,1.8,1,1.7358444628538618,1.8,1.1196088010842071,0.3595976597390541,0.39548761647032804,0.9156130050995358,0.9202025343867362,-6.339117639707069
parent_human_capital_complements,high h,1.8,1,1.7607839381251333,1.8,1.119158380203085,0.35963180973224324,0.39604868332938303,0.919347829311033,0.9239560794824997,-6.323883021050516
parent_human_capital_complements,high h,1.8,1,1.7862269108560356,1.8,1.1179862902912336,0.3597236378178628,0.39751829623864215,0.9234212137287757,0.9280498818246047,-6.308588946388256
parent_human_capital_complements,high h,1.8,1,1.8121848226824113,1.8,1.1195399179154202,0.3596029834776222,0.3955737485520756,0.9263171526964141,0.930960336746726,-6.29331380116077
parent_human_capital_complements,high h,1.8,1,1.8386694075250942,1.8,1.1184773996714839,0.3596844309650844,0.3969001566553896,0.9303831732438614,0.9350467383069822,-6.278058860953001
parent_human_capital_complements,high h,1.8,1,1.8656926996805347,1.8,1.1186558566631661,0.359784010433785,0.3970443371422975,0.9340308408250738,0.9387126898980332,-6.2627230605704165
parent_human_capital_complements,high h,1.8,1,1.8932670421523103,1.8,1.1192400710897952,0.359625625056047,0.39594695409179725,0.9372947862382607,0.9419929959056877,-6.247508952549676
parent_human_capital_complements,high h,1.8,1,1.921405095231136,1.8,1.1180559653767848,0.35971828412597606,0.3974312751913779,0.9414811968074707,0.946200390945202,-6.232239835297038
parent_human_capital_complements,high h,1.8,1,1.9501198453312445,1.8,1.118953278951114,0.3596014194716264,0.3961553201369553,0.9447022510447628,0.9494375907840478,-6.216954995191897
parent_human_capital_complements,high h,1.8,1,1.979424614091259,1.8,1.1183359640075834,0.35969533761258665,0.39707692985719745,0.9487185483084543,0.9534740198215511,-6.201721346446375
parent_human_capital_complements,high h,1.8,1,2.009333067747975,1.8,1.117837610045616,0.35973534549635583,0.39770490936257696,0.9526572439537839,0.9574324582609617,-6.186420809739079
parent_human_capital_complements,high h,1.8,1,2.0398592267917226,1.8,1.1191729769661114,0.3596312749426378,0.39603235384803526,0.9557713283740454,0.9605621520943379,-6.171183121088122
parent_human_capital_complements,high h,1.8,1,2.071017475912293,1.8,1.118003752585566,0.35972239018798136,0.39749679162349344,0.9600561560299469,0.9648684575382434,-6.155947735509894
parent_human_capital_complements,high h,1.8,1,2.1028225742447084,1.8,1.1190821761181122,0.359638352179022,0.39614608494191905,0.9633183714311415,0.9681470248621844,-6.140705856304246
parent_human_capital_complements,high h,1.8,1,2.135289665924415,1.8,1.118621993101819,0.3596731850591686,0.3967191264898876,0.9673120361957684,0.9721607079547494,-6.125504985396829
parent_human_capital_complements,high h,1.8,1,2.168434290961828,1.8,1.118143211126029,0.3597115293050777,0.3973221438224227,0.9713362117611971,0.9762050547841417,-6.110287985393727
parent_human_capital_complements,high h,1.8,1,2.2022723964464688,1.8,1.1184475489545245,0.35969124299173105,0.39695207833868446,0.975012332288882,0.9798996019426532,-6.095082578076536
parent_human_capital_complements,high h,1.8,1,2.23682034809129,1.8,1.11844180427055,0.3597027753204424,0.3969951877676837,0.9788595688234675,0.9837661228306194,-6.079886553547681
parent_human_capital_complements,high h,1.8,1,2.2720949421281498,1.8,1.1172874867902944,0.35978023385828495,0.3984004709105488,0.9832481878516453,0.98817673990322,-6.064676364050861
parent_human_capital_complements,high h,1.8,1,2.308113417565749,1.8,1.117870840112281,0.35973256548303845,0.39766267205276373,0.9868360946505305,0.9917826311597762,-6.049515794126012
parent_human_capital_complements,high h,1.8,1,2.344893468821764,1.8,1.1185480488148594,0.35967903317784033,0.39681201868134336,0.9903934717559761,0.9953578396921677,-6.034383626644045
parent_human_capital_complements,high h,1.8,1,2.382453258741261,1.8,1.1186041091005219,0.3596745252498951,0.39674135270913824,0.9942664617274917,0.9992502431067036,-6.019253328664073
parent_human_capital_complements,high h,1.8,1,2.4208114320139376,1.8,1.118194608546601,0.35970614732911355,0.39725330879972687,0.9983831779276084,1.0033875944326458,-6.004137992058211
parent_human_capital_complements,high h,1.8,1,2.4599871290031343,1.8,1.1176590941556053,0.3597488998711034,0.3979273414267697,1.00258154424425,1.007607005148025,-5.989039373527912
parent_human_capital_complements,high h,1.8,1,2.5,1.8,1.1180584440982522,0.35971679146776725,0.39742396025731375,1.0063353190726831,1.011379595851087,-5.973948622760895
parent_human_capital_complements,high h,1.8,2,0.5,1.8,0.9163983423645732,0.38121474425707924,0.7304942175980105,0.6858909063589399,0.6893289488343376,-8.874607185638054
parent_human_capital_complements,high h,1.8,2,0.5000203210855501,1.8,0.9163921553523184,0.38121517337544875,0.7305018644709584,0.6859028883023249,0.6893409908374637,-8.874394758328112
parent_human_capital_complements,high h,1.8,2,0.5000812892976928,1.8,0.9163738799025726,0.3812164923531172,0.730524627082732,0.6859388072932049,0.6893770898730348,-8.873757465964328
parent_human_capital_complements,high h,1.8,2,0.5001829195049198,1.8,0.9163433344805283,0.3812186705991725,0.7305625828978568,0.6859986796668479,0.6894372623581996,-8.87269527721459
parent_human_capital_complements,high h,1.8,2,0.5003252364947652,1.8,0.916300510959043,0.38122177302797583,0.7306159608821308,0.6860825279386834,0.6895215309212467,-8.871208139859595
parent_human_capital_complements,high h,1.8,2,0.5005082749838822,1.8,0.9162452525380458,0.3812261099762697,0.7306859736012237,0.6861904643597446,0.68963000837587,-8.869295980760112
parent_human_capital_complements,high h,1.8,2,0.500732079632158,1.8,0.9161779218574271,0.38123120823032725,0.7307706485421464,0.6863223141895968,0.6897625191057445,-8.86695870609604
parent_human_capital_complements,high h,1.8,2,0.5009967050608752,1.8,0.9160983597068174,0.38123706508925953,0.7308701357268436,0.686478103756294,0.6899190895708945,-8.864196201093286
parent_human_capital_complements,high h,1.8,2,0.5013022158749305,1.8,0.9160066807855287,0.38124380306723016,0.7309847372491882,0.68665786115977,0.690099748012105,-8.861008330164655
parent_human_capital_complements,high h,1.8,2,0.5016486866891229,1.8,0.9159026725548931,0.38125140905384824,0.7311146210462987,0.6868616190649844,0.6903045272580698,-8.857394936947365
parent_human_capital_complements,high h,1.8,2,0.502036202158526,1.8,0.9157865332193561,0.38126000620087086,0.7312600078760066,0.6870893975730702,0.6905334475106786,-8.853355844325172
parent_human_capital_complements,high h,1.8,2,0.502464857012963,1.8,0.9156581513654241,0.3812694370330921,0.7314204734211553,0.6873411779875607,0.6907864899797486,-8.848890854496975
parent_human_capital_complements,high h,1.8,2,0.5029347560956027,1.8,0.9155176473888902,0.38127976479563147,0.7315961124458481,0.6876169758003501,0.6910636702348277,-8.843999748963235
parent_human_capital_complements,high h,1.8,2,0.5034460144056994,1.8,0.9154048894514167,0.3812878843587969,0.7317364931372102,0.6879108283892887,0.6913589957659979,-8.83868244794045
parent_human_capital_complements,high h,1.8,2,0.5039987571454999,1.8,0.9152398240845401,0.38130014533906437,0.731943270358957,0.6882347825974903,0.6916845738014256,-8.832939287380272
parent_human_capital_complements,high h,1.8,2,0.5045931197713469,1.8,0.9151562618371873,0.3813062815497729,0.7320477079951402,0.6885688292216297,0.6920202948412365,-8.826770919104934
parent_human_capital_complements,high h,1.8,2,0.5052292480490046,1.8,0.9154457578136345,0.3812845325315361,0.7316842218586516,0.6888694433717579,0.6923224158260629,-8.82018054339753
parent_human_capital_complements,high h,1.8,2,0.5059072981132409,1.8,0.9152439401410402,0.3812998686881771,0.7319382131361383,0.6892657630068656,0.6927207220216086,-8.813172014377274
parent_human_capital_complements,high h,1.8,2,0.5066274365316988,1.8,0.9150272138248573,0.38131975146634267,0.7322225806636403,0.6896875962254595,0.6931446696880097,-8.80573667186398
parent_human_capital_complements,high h,1.8,2,0.507389840373095,1.8,0.9159199253145196,0.38125009881644034,0.7310929108590105,0.6899638358288018,0.6934222939481262,-8.797886802053862
parent_human_capital_complements,high h,1.8,2,0.5081946972797818,1.8,0.9157251292360098,0.38126396956730213,0.7313348952319523,0.6904257248291604,0.6938864981767339,-8.789633681120987
parent_human_capital_complements,high h,1.8,2,0.5090422055447187,1.8,0.9154748977061997,0.38128279587664776,0.7316491738661561,0.6909185175429027,0.694381761024233,-8.780955890866258
parent_human_capital_complements,high h,1.8,2,0.5099325741928927,1.8,0.9152475748200517,0.3812561125129852,0.731785719949124,0.6914177526146674,0.6948834985222085,-8.771851803490394
parent_human_capital_complements,high h,1.8,2,0.5108660230672385,1.8,0.9156070818357754,0.3812728945315888,0.7314833053606896,0.6918761870377915,0.6953442308574412,-8.762344590746816
parent_human_capital_complements,high h,1.8,2,0.5118427829191048,1.8,0.9153207800603138,0.38129416866685745,0.7318419817443351,0.6924415077107404,0.6959123852120557,-8.752412808727062
parent_human_capital_complements,high h,1.8,2,0.5128630955033207,1.8,0.9155090507208958,0.38127983344252936,0.7316049426505893,0.6929578133142407,0.6964312788081634,-8.742061238601423
parent_human_capital_complements,high h,1.8,2,0.5139272136779165,1.8,0.9152401559427095,0.381300119755876,0.731942851466781,0.6935655035317575,0.6970420150855713,-8.731298211335845
parent_human_capital_complements,high h,1.8,2,0.5150354015085564,1.8,0.9149179233279503,0.38132385045732853,0.7323458159278815,0.6942035920055868,0.697683301991186,-8.720108626989008
parent_human_capital_complements,high h,1.8,2,0.5161879343777439,1.8,0.9145838085581659,0.3813483953001628,0.7327634322529881,0.6948660020858423,0.6983490324157862,-8.708491759751409
parent_human_capital_complements,high h,1.8,2,0.5173850990988615,1.8,0.9154604534999884,0.3812834346682479,0.7316657912413909,0.695368242872581,0.6988537906949449,-8.696492878005891
parent_human_capital_complements,high h,1.8,2,0.5186271940351138,1.8,0.9151446267040134,0.38130704992655606,0.7320619571461305,0.6960730499214839,0.6995621306038822,-8.684081656095923
parent_human_capital_complements,high h,1.8,2,0.5199145292234401,1.8,0.9147715212348474,0.38133842697744713,0.7325418073424278,0.6968101712289198,0.7003029467472476,-8.671244595498191
parent_human_capital_complements,high h,1.8,2,0.5212474265034702,1.8,0.9155561655619209,0.3812818777332714,0.7315647824866682,0.6973938001541117,0.7008895011246011,-8.658008162482245
parent_human_capital_complements,high h,1.8,2,0.5226262196515982,1.8,0.9151682746928222,0.38130529912962896,0.7320323529461756,0.6981757776641041,0.7016753983131739,-8.644379388484177
parent_human_capital_complements,high h,1.8,2,0.5240512545202515,1.8,0.9148059267833304,0.38133207402248864,0.732485789041176,0.6989781278328473,0.7024817702788746,-8.630325536090433
parent_human_capital_complements,high h,1.8,2,0.5255228891824385,1.8,0.9143852634235179,0.3813669907232196,0.7330252390168752,0.6998132261510741,0.7033210545448412,-8.615845219486062
parent_human_capital_complements,high h,1.8,2,0.5270414940816569,1.8,0.9151002550025021,0.3813098942166411,0.7321160051225107,0.700495721350196,0.7040069707653851,-8.600978698631367
parent_human_capital_complements,high h,1.8,2,0.5286074521872524,1.8,0.9152035168837573,0.38130244776852457,0.7319874104247635,0.7012952362060463,0.7048104932061278,-8.585721126811512
parent_human_capital_complements,high h,1.8,2,0.5302211591553182,1.8,0.9148458277268503,0.3813290799658104,0.7324357023168369,0.7021879489344752,0.7057076806757294,-8.570064098829263
parent_human_capital_complements,high h,1.8,2,0.5318830234952302,1.8,0.9143780406288899,0.38136731146946423,0.7330335529902274,0.7031214309198319,0.7066458417590096,-8.553982471761238
parent_human_capital_complements,high h,1.8,2,0.5335934667419154,1.8,0.9145855263854392,0.3813481714848935,0.7327609530061683,0.7039721383798231,0.7075008134078892,-8.537506041660587
parent_human_capital_complements,high h,1.8,2,0.5353529236339561,1.8,0.9141426078318748,0.3813807786851449,0.7333148012549884,0.7049465686847427,0.7084801280650382,-8.520616540991654
parent_human_capital_complements,high h,1.8,2,0.537161842297634,1.8,0.9153070737728273,0.3812944823420827,0.7318567551549382,0.7056964805616236,0.7092337988908446,-8.503360173499903
parent_human_capital_complements,high h,1.8,2,0.5390206844370244,1.8,0.9147952096343983,0.3813327340271468,0.7324987515259551,0.7067275339395909,0.7102700204453761,-8.485731824691104
parent_human_capital_complements,high h,1.8,2,0.5409299255302531,1.8,0.9143183454936122,0.38136786477123863,0.7330951304581416,0.7077761623759055,0.7113239051536017,-8.467678758223348
parent_human_capital_complements,high h,1.8,2,0.5428900550320312,1.8,0.9138797840799547,0.38140002871108186,0.7336431135951457,0.7088419951080911,0.71239508039459,-8.449201514617505
parent_human_capital_complements,high h,1.8,2,0.5449015765825912,1.8,0.9145343763496412,0.3813510985639151,0.732822060964798,0.7097614061093391,0.7133190999626601,-8.430327198585974
parent_human_capital_complements,high h,1.8,2,0.5469650082231464,1.8,0.9151882441025154,0.381308983144284,0.7320249165543389,0.7107054261943728,0.7142678519680616,-8.411107523973838
parent_human_capital_complements,high h,1.8,2,0.5490808826180046,1.8,0.9146232596154513,0.3813453271948085,0.7327135435012873,0.7118586690309421,0.7154268754584051,-8.391537666048453
parent_human_capital_complements,high h,1.8,2,0.5512497472834679,1.8,0.9140444520265588,0.38138795992352376,0.733437387633269,0.7130390053572988,0.7166131282452188,-8.371541110132418
parent_human_capital_complements,high h,1.8,2,0.5534721648236569,1.8,0.9140159309313761,0.3813954292539395,0.7334913193905263,0.7141583717950978,0.7177381055306368,-8.351124113540145
parent_human_capital_complements,high h,1.8,2,0.5557487131734017,1.8,0.9134168504956959,0.38143409424609315,0.734221938129513,0.7153870394627868,0.718972931920639,-8.330318837914561
parent_human_capital_complements,high h,1.8,2,0.5580799858483445,1.8,0.9147750202563236,0.38133379486609703,0.7325225498781387,0.7163335139529342,0.7199241506339114,-8.309167275431093
parent_human_capital_complements,high h,1.8,2,0.5604665922024078,1.8,0.9141974911317823,0.3813767113167189,0.7332460807676953,0.7176071993564824,0.7212042204121132,-8.287678260109686
parent_human_capital_complements,high h,1.8,2,0.5629091576927818,1.8,0.9140879342507149,0.38138460809626296,0.7333825024927716,0.7188305112411119,0.7224336641730817,-8.26577208202836
parent_human_capital_complements,high h,1.8,2,0.5654083241525933,1.8,0.9134889455479074,0.38142877654689655,0.7341317522646349,0.7201546438297429,0.723764434003934,-8.243477418942529
parent_human_capital_complements,high h,1.8,2,0.5679647500714233,1.8,0.9128309662901082,0.38147712780910054,0.7349542225164518,0.7215117833073341,0.7251283761714659,-8.220757737441735
parent_human_capital_complements,high h,1.8,2,0.5705791108838415,1.8,0.9141359377370677,0.3814013645316781,0.7333915043997015,0.7225873392638921,0.7262093233746915,-8.197739522343426
parent_human_capital_complements,high h,1.8,2,0.5732520992661372,1.8,0.9140563218256268,0.381387032008239,0.7334223610664024,0.7238934482116542,0.7275219792207989,-8.174377865199274
parent_human_capital_complements,high h,1.8,2,0.5759844254414287,1.8,0.9133630387536439,0.38143799937512846,0.7342890351205432,0.7253271464098882,0.7289628638611576,-8.150615094261191
parent_human_capital_complements,high h,1.8,2,0.578776817493336,1.8,0.912706864134434,0.3814903510281017,0.735123310063168,0.7267801314845098,0.7304231320537741,-8.126426546696749
parent_human_capital_complements,high h,1.8,2,0.5816300216884137,1.8,0.9137421658369707,0.3814094481021534,0.7338127766065552,0.7279833100038721,0.7316323415305623,-8.101897541767727
parent_human_capital_complements,high h,1.8,2,0.5845448028075416,1.8,0.9137271924636898,0.38141118475704167,0.7338336580797657,0.7293797124292892,0.733035743452265,-8.077074915765804
parent_human_capital_complements,high h,1.8,2,0.5875219444864789,1.8,0.9131417098318828,0.3814542422339962,0.7345656222481722,0.7308915715817105,0.7345551808302242,-8.051861856599183
parent_human_capital_complements,high h,1.8,2,0.5905622495657936,1.8,0.912390610644822,0.3815135186558714,0.7355183798224526,0.7324555317149776,0.7361269803462827,-8.026226313119036
parent_human_capital_complements,high h,1.8,2,0.5936665404503856,1.8,0.9134565394088658,0.3814310049276808,0.7341717393551044,0.7337469558706509,0.7374248777924746,-8.000288461005843
parent_human_capital_complements,high h,1.8,2,0.5968356594788269,1.8,0.9134026341428771,0.38143486699300655,0.7342387833673312,0.7352443975784984,0.7389298254581184,-7.974000909951246
parent_human_capital_complements,high h,1.8,2,0.600070469302753,1.8,0.9126241022123737,0.38149226573366074,0.7352125858135402,0.7368838814836896,0.7405775273105829,-7.947349959279424
parent_human_capital_complements,high h,1.8,2,0.6033718532765401,1.8,0.9125388102912801,0.3815027547039431,0.7353335612115346,0.7384358821319733,0.7421373073944899,-7.920320654589941
parent_human_capital_complements,high h,1.8,2,0.6067407158575169,1.8,0.9129742067024783,0.38146647056005595,0.734774726142832,0.7399238881626008,0.743632772086385,-7.8929967067459605
parent_human_capital_complements,high h,1.8,2,0.6101779830169621,1.8,0.9122170596285327,0.3815221827805507,0.7357214061909009,0.7416327623695318,0.7453502120609244,-7.865281985713057
parent_human_capital_complements,high h,1.8,2,0.6136846026621482,1.8,0.9126782744995896,0.38148818962497416,0.7351445466045725,0.7431655078351488,0.7468906404451598,-7.837243059120263
parent_human_capital_complements,high h,1.8,2,0.6172615450697004,1.8,0.9132479274461143,0.3814466503894168,0.7344335771786814,0.744703957149279,0.7484368012685683,-7.808837647926307
parent_human_capital_complements,high h,1.8,2,0.6209098033305457,1.8,0.9124065572780935,0.3815082864465005,0.735484633212901,0.7464998620223,0.7502417081522268,-7.780152234941292
parent_human_capital_complements,high h,1.8,2,0.6246303938067362,1.8,0.9121180822000519,0.3815336498008467,0.7358593944224288,0.7482300800189713,0.7519805989026979,-7.7510675774662765
parent_human_capital_complements,high h,1.8,2,0.6284243566004422,1.8,0.9120424431091909,0.38153498125131263,0.7359395631077745,0.749946606440545,0.7537057294487653,-7.721672447848979
parent_human_capital_complements,high h,1.8,2,0.6322927560354111,1.8,0.9124270695274436,0.3815066396515681,0.7354585185671912,0.7516117136853402,0.7553791830783582,-7.691949901348282
parent_human_capital_complements,high h,1.8,2,0.6362366811512086,1.8,0.9122781480094435,0.3815176334581372,0.7356448410151395,0.7533902961917361,0.7571666807666675,-7.66191136606777
parent_human_capital_complements,high h,1.8,2,0.6402572462105554,1.8,0.9113845269670746,0.38158337827811517,0.7367621259350734,0.7553187220581202,0.7591047729079328,-7.631498477186366
parent_human_capital_complements,high h,1.8,2,0.6443555912200942,1.8,0.9125407527886729,0.38150376977829475,0.7353350719970859,0.7569278844821024,0.7607220012921314,-7.6007575248958075
parent_human_capital_complements,high h,1.8,2,0.6485328824649206,1.8,0.9122141093253304,0.3815223281770136,0.73572485113287,0.7588080838872023,0.7626116252359691,-7.5697830043462275
parent_human_capital_complements,high h,1.8,2,0.652790313057229,1.8,0.911450047665414,0.38157848095702757,0.7366799445503937,0.7607892096407761,0.7646026814237079,-7.538431561381481
parent_human_capital_complements,high h,1.8,2,0.6571291034994325,1.8,0.9112529329035461,0.38159733284956143,0.736941193450662,0.7627003519207807,0.7665234033442562,-7.506680776373095
parent_human_capital_complements,high h,1.8,2,0.6615505022621248,1.8,0.9121889140753864,0.3815240604617717,0.7357559396155607,0.764439386187773,0.768271154556787,-7.474753812832208
parent_human_capital_complements,high h,1.8,2,0.6660557863772645,1.8,0.911293854833521,0.3815899550483429,0.7368751722409415,0.7665180264004724,0.7703602139969117,-7.442488971646556
parent_human_capital_complements,high h,1.8,2,0.6706462620469753,1.8,0.9104308355090962,0.381653444235107,0.7379541817787378,0.7686166567162738,0.7724693637409473,-7.409805684048638
parent_human_capital_complements,high h,1.8,2,0.6753232652683625,1.8,0.912163669863465,0.3815256173967481,0.7357864805202723,0.7702919438565412,0.7741530482929507,-7.376896832454698
parent_human_capital_complements,high h,1.8,2,0.6800881624747613,1.8,0.9111801517571703,0.38159830819868606,0.7370172927347598,0.7724617242660499,0.7763337047720223,-7.343735731858693
parent_human_capital_complements,high h,1.8,2,0.6849423511938463,1.8,0.9108517365308305,0.3816223296930645,0.737427429084975,0.7745430874498226,0.7784255008321697,-7.3101700522185515
parent_human_capital_complements,high h,1.8,2,0.6898872607230374,1.8,0.9112630900860457,0.3815915931030147,0.7369115096504104,0.7765202338141467,0.7804125576838872,-7.276308968379833
parent_human_capital_complements,high h,1.8,2,0.6949243528226603,1.8,0.9110688351974026,0.3816063732569923,0.7371560466228853,0.7786283140336808,0.782531204699495,-7.2422461391600095
parent_human_capital_complements,high h,1.8,2,0.7000551224273222,1.8,0.9106589786123481,0.3816365767266779,0.73766865541181,0.7807993640856745,0.7847131371851611,-7.207828601724238
parent_human_capital_complements,high h,1.8,2,0.7052810983759861,1.8,0.9110159166389672,0.3816092034050386,0.7372185933449741,0.7828599647867603,0.786784066690244,-7.173073112666279
parent_human_capital_complements,high h,1.8,2,0.7106038441612367,1.8,0.9108407427701604,0.38162290150700784,0.7374403681566801,0.7850401543286419,0.7889751844776818,-7.138094203177047
parent_human_capital_complements,high h,1.8,2,0.7160249586982449,1.8,0.9104739359219063,0.38165005975363847,0.737899567359972,0.7872795248109298,0.791225779851224,-7.102847722318256
parent_human_capital_complements,high h,1.8,2,0.7215460771139571,1.8,0.9107518871931126,0.38162999288543076,0.7375533486031229,0.789429280321006,0.7933863110556371,-7.067230429707866
parent_human_capital_complements,high h,1.8,2,0.7271688715570458,1.8,0.9103704867326017,0.38166194445115437,0.7380434482902256,0.7917233113012309,0.7956918409140024,-7.031382045792764
parent_human_capital_complements,high h,1.8,2,0.7328950520291776,1.8,0.9101710168207526,0.38167241324002643,0.7382785330218173,0.7940074954876936,0.7979874746213464,-6.995306354845518
parent_human_capital_complements,high h,1.8,2,0.7387263672381705,1.8,0.9104593878473546,0.3817033268490991,0.7380953300932807,0.7962483010938466,0.8002395123123422,-6.958850158512451
parent_human_capital_complements,high h,1.8,2,0.7446646054736273,1.8,0.9100385563119557,0.3816821180222457,0.7384440091997244,0.7986068750563297,0.8026099086760106,-6.922216979727829
parent_human_capital_complements,high h,1.8,2,0.7507115955056528,1.8,0.9097085849323598,0.3817063491898547,0.738856415011526,0.8009926801033731,0.8050076726206189,-6.885276519078992
parent_human_capital_complements,high h,1.8,2,0.7568692075072764,1.8,0.9101290428626214,0.38167962443172393,0.7383450394541033,0.8032684937114417,0.80729489379187,-6.848016462055368
parent_human_capital_complements,high h,1.8,2,0.7631393540012239,1.8,0.9096500604360787,0.38171070631955883,0.7389297624630606,0.8057313931147074,0.8097701385297691,-6.810614829884873
parent_human_capital_complements,high h,1.8,2,0.7695239908317001,1.8,0.9093699997383602,0.38173095123843714,0.739278696374803,0.8081850372857466,0.8122360816433972,-6.772849818308438
parent_human_capital_complements,high h,1.8,2,0.7760251181618615,1.8,0.9103586293889653,0.38166415265052833,0.7380628179281322,0.8104317826200076,0.814494088835512,-6.734822703809765
parent_human_capital_complements,high h,1.8,2,0.7826447814976824,1.8,0.9092827830900791,0.38173766903499756,0.7393887669669827,0.813082473306192,0.8171580661640526,-6.696659848626196
parent_human_capital_complements,high h,1.8,2,0.7893850727389358,1.8,0.9082120776347102,0.38170493058032195,0.740348096199545,0.8157216886203039,0.819810510599979,-6.658089444972475
parent_human_capital_complements,high h,1.8,2,0.7962481312580323,1.8,0.909866188284922,0.3816942635593689,0.7386576963440511,0.8179562869051245,0.8220563098553146,-6.619353379547491
parent_human_capital_complements,high h,1.8,2,0.8032361450074849,1.8,0.9087982517899017,0.38177320768440093,0.7399942007524302,0.8206871587930545,0.8248008702955474,-6.580424294768525
parent_human_capital_complements,high h,1.8,2,0.8103513516567865,1.8,0.9083463066823438,0.3818064520070112,0.7405592430455084,0.8233286955610682,0.8274556478217117,-6.541127716955431
parent_human_capital_complements,high h,1.8,2,0.8175960397595149,1.8,0.9093572221700801,0.3817320773858029,0.7392953050964213,0.8257190064280626,0.8298579401717872,-6.501666600498666
parent_human_capital_complements,high h,1.8,2,0.8249725499515008,1.8,0.9083401461767556,0.38180687135347235,0.7405668301677574,0.8285200165970875,0.8326729904627118,-6.461990455394332
parent_human_capital_complements,high h,1.8,2,0.8324832761809209,1.8,0.9077964129277206,0.38185118353132774,0.7412613134458562,0.8312593059820982,0.8354260105929047,-6.422007075253193
parent_human_capital_complements,high h,1.8,2,0.8401306669712053,1.8,0.9088794739879076,0.38176701863807444,0.7398919234188217,0.8337094374006611,0.8378884233463114,-6.3818384418800544
parent_human_capital_complements,high h,1.8,2,0.8479172267176741,1.8,0.9083308013321807,0.38180749433379246,0.7405782943913815,0.8365003225242386,0.8406932978397871,-6.3414665598315265
parent_human_capital_complements,high h,1.8,2,0.8558455170188431,1.8,0.907280689273747,0.3818891514944852,0.7419062041104918,0.8394166681694732,0.8436242617284018,-6.300791655660817
parent_human_capital_complements,high h,1.8,2,0.8639181580433734,1.8,0.9082857561348743,0.3818106822524213,0.740634184887863,0.8419572976913928,0.8461776262087959,-6.259949616912551
parent_human_capital_complements,high h,1.8,2,0.8721378299336601,1.8,0.9077971067645543,0.38184674091179793,0.7412455058173821,0.8448159718954875,0.8490506295769689,-6.218934570824096
parent_human_capital_complements,high h,1.8,2,0.8805072742470966,1.8,0.9066497017880865,0.3819355951221495,0.742695192817466,0.8478323185946162,0.8520820957768461,-6.177562295467732
parent_human_capital_complements,high h,1.8,2,0.88902929543607,1.8,0.9084203898007042,0.38180077486799074,0.7404658463002005,0.8502975752238263,0.8545597095563339,-6.136110011633522
parent_human_capital_complements,high h,1.8,2,0.8977067623677852,1.8,0.9071485426029182,0.38189445505164304,0.7420563934827713,0.8533906735750723,0.8576683121275857,-6.094448944051271
parent_human_capital_complements,high h,1.8,2,0.9065426098850453,1.8,0.9075119170009607,0.3818720743128255,0.7416168798112717,0.8561879271667271,0.8604795870112176,-6.052435377257568
parent_human_capital_complements,high h,1.8,2,0.9155398404091444,1.8,0.907755784334364,0.3818497322675871,0.7412970048399674,0.8590311297845826,0.8633370412415028,-6.010403249867634
parent_human_capital_complements,high h,1.8,2,0.9247015255860773,1.8,0.9065398785112958,0.3819391707646796,0.7428171804301441,0.8621950403315948,0.8665168109561291,-5.968085426632896
parent_human_capital_complements,high h,1.8,2,0.9340308079772923,1.8,0.9074161407146855,0.38187458204538594,0.7417211874037177,0.8649648297034346,0.8693004839549714,-5.925537417574066
parent_human_capital_complements,high h,1.8,2,0.9435309027962627,1.8,0.9071314889925938,0.381895493008294,0.7420769782216227,0.8679946240383047,0.8723454651971448,-5.882876804999607
parent_human_capital_complements,high h,1.8,2,0.9532050996921831,1.8,0.9065254406145966,0.38194449283400644,0.7428497240066934,0.8711182866251869,0.8754847852079014,-5.839940832297711
parent_human_capital_complements,high h,1.8,2,0.9630567645821445,1.8,0.9066944070972395,0.3819275055123027,0.7426229666556144,0.8741071044188868,0.8784885845131373,-5.796892085229394
parent_human_capital_complements,high h,1.8,2,0.9730893415331738,1.8,0.9063961500151354,0.38194957694602527,0.7429963107552426,0.8772196824404735,0.8816167643969836,-5.753623425793895
parent_human_capital_complements,high h,1.8,2,0.9833063546955787,1.8,0.905780907509307,0.38199476587278874,0.7437652859899203,0.8804244121831205,0.8848375579143143,-5.7101425630079525
parent_human_capital_complements,high h,1.8,2,0.9937114102890687,1.8,0.9060204545560178,0.38197728412430004,0.743466266034851,0.8834791987347408,0.8879076566472457,-5.6665765778925135
parent_human_capital_complements,high h,1.8,2,1.0043081986431819,1.8,0.9063557365258885,0.38195222737415974,0.743045741001003,0.8865394868369013,0.8909832845073541,-5.622737760564741
parent_human_capital_complements,high h,1.8,2,1.0151004962935855,1.8,0.9065969064242766,0.38193413948827865,0.7427430361148474,0.8896450222145696,0.8941043864458825,-5.578787256068639
parent_human_capital_complements,high h,1.8,2,1.0260921681358672,1.8,0.9052317965039787,0.3820395202794046,0.7444666514865557,0.8931168675320743,0.8975936344604618,-5.534661619152537
parent_human_capital_complements,high h,1.8,2,1.037287169638491,1.8,0.9056485716826623,0.38200446358398876,0.7439306134300674,0.8962368204785504,0.9007292262361624,-5.490341206285767
parent_human_capital_complements,high h,1.8,2,1.0486895491166357,1.8,0.9058014101539922,0.3819931920948846,0.7437394293528052,0.8994399807000693,0.9039484423651075,-5.445912776929154
parent_human_capital_complements,high h,1.8,2,1.0603034500686892,1.8,0.9052450205679159,0.38203413663419916,0.7444351122616297,0.9028207027419362,0.9073461103467293,-5.401292627839758
parent_human_capital_complements,high h,1.8,2,1.0721331135772334,1.8,0.9048275060452686,0.3820694726813913,0.7449728400168245,0.9062008369286284,0.9107431875265398,-5.356461314635203
parent_human_capital_complements,high h,1.8,2,1.0841828807763967,1.8,0.9050639881340001,0.3820474813357162,0.7446615433701065,0.909463230964701,0.9140219343807701,-5.311592026080419
parent_human_capital_complements,high h,1.8,2,1.0964571953875313,1.8,0.9044098548900706,0.3820999571720944,0.7454941994093945,0.9129481432876676,0.9175243148994486,-5.266522311302905
parent_human_capital_complements,high h,1.8,2,1.1089606063252093,1.8,0.9055138097020192,0.3820136052925252,0.7440964755031514,0.9160735478882207,0.9206653856557561,-5.221244329682605
parent_human_capital_complements,high h,1.8,2,1.1216977703756155,1.8,0.904974005533333,0.38205397261611823,0.7447736093067011,0.9195853972727331,0.9241948382585634,-5.175979041212897
parent_human_capital_complements,high h,1.8,2,1.1346734549494641,1.8,0.9036381380256222,0.3821569708897364,0.7464598769412609,0.9233014568803829,0.9279295246925113,-5.130416674354121
parent_human_capital_complements,high h,1.8,2,1.147892540911644,1.8,0.905426403653725,0.38202044290236015,0.7442071431001045,0.9263513469047762,0.9309947023542706,-5.08477953099599
parent_human_capital_complements,high h,1.8,2,1.1613600254898573,1.8,0.9042006956025637,0.3821108294961476,0.7457403463433303,0.9300961854989275,0.9347583120299903,-5.039094105568176
parent_human_capital_complements,high h,1.8,2,1.1750810252645967,1.8,0.9027614442073719,0.38222113049066053,0.7475548417218552,0.9339190252415407,0.9386003138365555,-4.993058294403756
parent_human_capital_complements,high h,1.8,2,1.189060779242872,1.8,0.9046480190379611,0.382077998480627,0.745181331793132,0.9370208508888151,0.941717687449589,-4.947157286235836
parent_human_capital_complements,high h,1.8,2,1.2033046520181812,1.8,0.9033166693428164,0.3821802556298916,0.7468605603100748,0.9408747214840013,0.9455908756515231,-4.90101906428029
parent_human_capital_complements,high h,1.8,2,1.217818137019287,1.8,0.9043256543748307,0.3821063814748397,0.7456002554025739,0.9442248350548051,0.9489577817364819,-4.854662282654257
parent_human_capital_complements,high h,1.8,2,1.2326068598504607,1.8,0.903764442562007,0.38214286925258595,0.7462855986352903,0.9479548241835356,0.9527064675135254,-4.808407275210987
parent_human_capital_complements,high h,1.8,2,1.247676581725918,1.8,0.9032916905613518,0.3821822857785949,0.7468924456574283,0.9516959489146212,0.9564663447103633,-4.761839001236959
parent_human_capital_complements,high h,1.8,2,1.2630332030012734,1.8,0.9035340937164171,0.38203759683358496,0.7461578107114388,0.9552420992816667,0.9600302702300941,-4.715253162235557
parent_human_capital_complements,high h,1.8,2,1.2786827668049243,1.8,0.9029499631166722,0.3822072826220979,0.7473192123637049,0.9591157506747527,0.9639233383815902,-4.668606216313579
parent_human_capital_complements,high h,1.8,2,1.294631462772364,1.8,0.9023903727222304,0.3822438875122297,0.7480033325943749,0.9629538168020355,0.9677806428953954,-4.621727016809892
parent_human_capital_complements,high h,1.8,2,1.31088563088653,1.8,0.9034347433543874,0.3821667884142109,0.7466966708307583,0.9664455617664011,0.9712898903042307,-4.574873061287165
parent_human_capital_complements,high h,1.8,2,1.3274517654273796,1.8,0.9028405663389041,0.3822104035630702,0.7474392265826606,0.9703465069058264,0.9752103890125389,-4.527882986188109
parent_human_capital_complements,high h,1.8,2,1.3443365190339982,1.8,0.9031086179313398,0.38219095260416325,0.7471050028280236,0.9740708448820248,0.9789533953105304,-4.480765877900101
parent_human_capital_complements,high h,1.8,2,1.3615467068826452,1.8,0.902612439082843,0.3822320028147138,0.7477408344928133,0.9780041755262499,0.9829064418566565,-4.433601951292211
parent_human_capital_complements,high h,1.8,2,1.3790893109842512,1.8,0.9019186071284944,0.3822832212493021,0.7486089115616315,0.9820098160362968,0.9869321607233154,-4.3863398152887125
parent_human_capital_complements,high h,1.8,2,1.3969714846049992,1.8,0.9022878280686928,0.3822513938669834,0.7481314138667849,0.9857852497001697,0.9907265188271818,-4.33899020093664
parent_human_capital_complements,high h,1.8,2,1.4152005568137338,1.8,0.9025114351069041,0.3822347343625435,0.7478511311944691,0.9896225991352136,0.9945831030563136,-4.291567202904773
parent_human_capital_complements,high h,1.8,2,1.4337840371600625,1.8,0.901302620098604,0.3820577050962609,0.7484576926388756,0.9937113723636317,0.9986923713458286,-4.244019687901122
parent_human_capital_complements,high h,1.8,2,1.4527296204871472,1.8,0.9013629355242521,0.38231930009008885,0.7492873233822301,0.9977626439646765,1.0027639500302805,-4.196458299149186
parent_human_capital_complements,high h,1.8,2,1.4720451918832933,1.8,0.9016859342253685,0.38229543813421213,0.7488831463072214,1.0016528487809573,1.0066736545793504,-4.14884291847604
parent_human_capital_complements,high h,1.8,2,1.4917388317766058,1.8,0.9018398108318655,0.3822841121402488,0.7486907386692612,1.005609455588179,1.0106500939607257,-4.101104808843586
parent_human_capital_complements,high h,1.8,2,1.5118188211770927,1.8,0.9013570718768502,0.3823243128543209,0.7493102404535494,1.0097513838692522,1.014812783743706,-4.0533400145269916
parent_human_capital_complements,high h,1.8,2,1.5322936470707536,1.8,0.9007576701727363,0.3823686021498769,0.7500603143411447,1.0139469454715622,1.0190293756860644,-4.005483315582792
parent_human_capital_complements,high h,1.8,2,1.5531720079703377,1.8,0.9018535038236322,0.38228326971478976,0.7486741797460827,1.0177415915653538,1.0228430425225552,-3.9575954230804804
parent_human_capital_complements,high h,1.8,2,1.5744628196276003,1.8,0.9004343065170786,0.38239259099004763,0.7504652880310636,1.0221978437380554,1.0273216317522273,-3.909653049719514
parent_human_capital_complements,high h,1.8,2,1.5961752209120554,1.8,0.9014759207844343,0.3823910569373705,0.7494184549165002,1.026092290540968,1.0312355995509752,-3.8615784890524014
parent_human_capital_complements,high h,1.8,2,1.618318579861377,1.8,0.9009397452788868,0.3823503661666438,0.7498162004200357,1.0303372293928807,1.03550181624743,-3.813647766203901
parent_human_capital_complements,high h,1.8,2,1.6409024999087747,1.8,0.9003332827041728,0.38255270325076557,0.7511110137549317,1.034741140040301,1.0399278015888334,-3.7654689119378872
parent_human_capital_complements,high h,1.8,2,1.6639368262928396,1.8,0.9015811723671185,0.38230264495577937,0.7490124257724431,1.0385405614112095,1.0437462676386173,-3.7173430122458235
parent_human_capital_complements,high h,1.8,2,1.6874316526555453,1.8,0.9000267146747176,0.38241743099593806,0.7509573855734635,1.0431651739413386,1.0483940611355202,-3.669259354797499
parent_human_capital_complements,high h,1.8,2,1.7113973278342638,1.8,0.899512387422972,0.38246003544057594,0.7516166531458675,1.0475495392401537,1.052800403156851,-3.62090649230101
parent_human_capital_complements,high h,1.8,2,1.7358444628538618,1.8,0.9006798157190852,0.38236937219590117,0.7501407884913707,1.0515143901168607,1.0567851279312819,-3.572787231839991
parent_human_capital_complements,high h,1.8,2,1.7607839381251333,1.8,0.8992138391070881,0.38248187701965775,0.7519895065137876,1.056199468202563,1.0614936900686167,-3.5245221828824396
parent_human_capital_complements,high h,1.8,2,1.7862269108560356,1.8,0.8996376898712948,0.38223731074200185,0.7507336412729957,1.0603033990124409,1.0656181919172845,-3.4760822396204114
parent_human_capital_complements,high h,1.8,2,1.8121848226824113,1.8,0.8998857938668452,0.38242758340869587,0.7511328448895382,1.0646879179727333,1.070024688370324,-3.427934703320465
parent_human_capital_complements,high h,1.8,2,1.8386694075250942,1.8,0.8983112434997527,0.3825482949546848,0.753118055936085,1.069482698857965,1.0748435031947592,-3.379524935305873
parent_human_capital_complements,high h,1.8,2,1.8656926996805347,1.8,0.9003429931929344,0.38239388001439745,0.7505609866160458,1.0733294059273062,1.0787094919635254,-3.3311458255037194
parent_human_capital_complements,high h,1.8,2,1.8932670421523103,1.8,0.8989986335332927,0.3824928849682656,0.7522421611287471,1.0781119871827718,1.083516046007296,-3.2828833521214076
parent_human_capital_complements,high h,1.8,2,1.921405095231136,1.8,0.8982957771795927,0.3825496264051507,0.7531380518507302,1.082749898076552,1.0881772045261748,-3.2344126757589082
parent_human_capital_complements,high h,1.8,2,1.9501198453312445,1.8,0.8995766718238527,0.3824499984709624,0.7515182229743615,1.0868647051257319,1.0923126371315215,-3.1860710644005463
parent_human_capital_complements,high h,1.8,2,1.979424614091259,1.8,0.8981162713189885,0.38256248478254995,0.7533613019112466,1.0917603255548562,1.0972327969601665,-3.1377039927792763
parent_human_capital_complements,high h,1.8,2,2.009333067747975,1.8,0.8975287234428156,0.38260091888841496,0.7540796026155722,1.0964367837165747,1.1019326959659688,-3.089226138092865
parent_human_capital_complements,high h,1.8,2,2.0398592267917226,1.8,0.8987117799807245,0.38251865455868206,0.7526166828279117,1.100650256304908,1.1061672886735416,-3.0409275810065703
parent_human_capital_complements,high h,1.8,2,2.071017475912293,1.8,0.8982567721236372,0.38255214557886086,0.7531856271356474,1.1053398456614065,1.1108803846945114,-2.9925467070349816
parent_human_capital_complements,high h,1.8,2,2.1028225742447084,1.8,0.8984676720250857,0.38253673807443284,0.752922310904135,1.1098663286042212,1.1154295567274966,-2.9441116337507576
parent_human_capital_complements,high h,1.8,2,2.135289665924415,1.8,0.8978667158336286,0.38258127843768774,0.753674793411385,1.1146454534675752,1.120232637053918,-2.895794575602064
parent_human_capital_complements,high h,1.8,2,2.168434290961828,1.8,0.8974159490796475,0.3826139640567454,0.7542367566414002,1.1194060766148182,1.1250171229239903,-2.8474593114364533
parent_human_capital_complements,high h,1.8,2,2.2022723964464688,1.8,0.8976379863066187,0.382597799616684,0.7539597279893403,1.1239984285003282,1.12963249406912,-2.7990811914515925
parent_human_capital_complements,high h,1.8,2,2.23682034809129,1.8,0.8980654432700722,0.3825612529639484,0.7534079393132801,1.1285504935317854,1.1342073764215008,-2.750814930465872
parent_human_capital_complements,high h,1.8,2,2.2720949421281498,1.8,0.8965944659370262,0.3826746661591729,0.7552647483364798,1.1336795152683037,1.139362107486462,-2.7024931268117367
parent_human_capital_complements,high h,1.8,2,2.308113417565749,1.8,0.8969356815564569,0.3826491917318126,0.7548368687151699,1.1383044707171148,1.1440102456209338,-2.6542015412759685
parent_human_capital_complements,high h,1.8,2,2.344893468821764,1.8,0.8972608254633538,0.3826253570283655,0.7544306391471456,1.142955300066954,1.1486843873499024,-2.606041070229962
parent_human_capital_complements,high h,1.8,2,2.382453258741261,1.8,0.8960569566500922,0.3823793889841045,0.7547977246738315,1.1478924924056437,1.1536463274681767,-2.5577348868934733
parent_human_capital_complements,high h,1.8,2,2.4208114320139376,1.8,0.8970754946684872,0.38263909652480305,0.7546627117088928,1.152567116593329,1.1583443833071128,-2.5095956319600523
parent_human_capital_complements,high h,1.8,2,2.4599871290031343,1.8,0.8964829747726408,0.38268256460795813,0.7554031100236329,1.1575549590737302,1.1633572274519905,-2.4615205574152244
parent_human_capital_complements,high h,1.8,2,2.5,1.8,0.8969877136871367,0.3826455834350748,0.7547725611589877,1.1622373350488324,1.1680630739343396,-2.413337323579693
parent_human_capital_complements,high h,1.8,3,0.5,1.8,0.7046285167575939,0.4057606988446838,1.157235847137698,0.7489772991233296,0.7527315634584033,-12.850650053427033
parent_human_capital_complements,high h,1.8,3,0.5000203210855501,1.8,0.704626863925359,0.40576080014578936,1.157237877417852,0.7489899843118452,0.7527443122316908,-12.850028073700592
parent_human_capital_complements,high h,1.8,3,0.5000812892976928,1.8,0.7046217888202264,0.40576114210509195,1.1572442266633463,0.7490280567740294,0.752782575532886,-12.848162169941586
parent_human_capital_complements,high h,1.8,3,0.5001829195049198,1.8,0.7046134626608973,0.4057617095489051,1.1572546671183233,0.7490915007101122,0.7528463374830218,-12.845052448246228
parent_human_capital_complements,high h,1.8,3,0.5003252364947652,1.8,0.7046016914853199,0.4057624822958185,1.1572693175489,0.7491803330249424,0.7529356150716829,-12.840699085519772
parent_human_capital_complements,high h,1.8,3,0.5005082749838822,1.8,0.7045866432915799,0.40576350881131984,1.157288190539398,0.7492945505503631,0.7530504051148323,-12.835102329397596
parent_human_capital_complements,high h,1.8,3,0.500732079632158,1.8,0.7045682717417665,0.40576474770094084,1.157311178191939,0.7494341561050941,0.7531907104453186,-12.828262498236175
parent_human_capital_complements,high h,1.8,3,0.5009967050608752,1.8,0.7045465270711198,0.40576620333481167,1.1573383465543885,0.7495991611826545,0.7533565426142722,-12.82017998115246
parent_human_capital_complements,high h,1.8,3,0.5013022158749305,1.8,0.7045214165188614,0.405767884453193,1.157369720953736,0.7497895740780484,0.753547909958276,-12.810855237978032
parent_human_capital_complements,high h,1.8,3,0.5016486866891229,1.8,0.7044929623305689,0.40576980893066045,1.1574053457450717,0.7500054043557036,0.7537648220897,-12.800288799256329
parent_human_capital_complements,high h,1.8,3,0.502036202158526,1.8,0.7044612366823686,0.40577194475059963,1.1574450294583656,0.7502466504380437,0.7540072774230603,-12.788481266186192
parent_human_capital_complements,high h,1.8,3,0.502464857012963,1.8,0.7044260877859947,0.4057742858736391,1.1574889013791845,0.7505133358605975,0.7542752996118575,-12.775433310696519
parent_human_capital_complements,high h,1.8,3,0.5029347560956027,1.8,0.7043876581225819,0.4057768861670446,1.1575370197358263,0.750805468661541,0.7545688967345593,-12.761145675363526
parent_human_capital_complements,high h,1.8,3,0.5034460144056994,1.8,0.7043458875406707,0.40577969343279163,1.1575892501899108,0.751123059267888,0.7548880792704454,-12.74561917337014
parent_human_capital_complements,high h,1.8,3,0.5039987571454999,1.8,0.7043007642743622,0.40578270870252797,1.1576456083512572,0.7514661233598992,0.7552328629783738,-12.72885468853966
parent_human_capital_complements,high h,1.8,3,0.5045931197713469,1.8,0.7042523635457927,0.40578596796894384,1.1577061531064918,0.7518346755544022,0.7556032625484397,-12.710853175293737
parent_human_capital_complements,high h,1.8,3,0.5052292480490046,1.8,0.704200610706287,0.40578945105062886,1.157770883908356,0.7522287360565484,0.7559992982870727,-12.691615658608736
parent_human_capital_complements,high h,1.8,3,0.5059072981132409,1.8,0.7041454725557263,0.40579313506528397,1.1578397486975216,0.7526483220984278,0.7564209875127395,-12.671143233988461
parent_human_capital_complements,high h,1.8,3,0.5066274365316988,1.8,0.7040871102976791,0.40579706140737726,1.1579127405062086,0.7530934448977079,0.7568683414993358,-12.649437067449144
parent_human_capital_complements,high h,1.8,3,0.507389840373095,1.8,0.7040253870645934,0.4058012230058895,1.1579899698553509,0.7535641356840662,0.7573413916330791,-12.626498395498722
parent_human_capital_complements,high h,1.8,3,0.5081946972797818,1.8,0.703960366415948,0.4058055855373717,1.1580712452962991,0.7540604046249731,0.7578401481324043,-12.6023285250326
parent_human_capital_complements,high h,1.8,3,0.5090422055447187,1.8,0.7038920500330521,0.4058101876954031,1.15815670932002,0.7545822800981207,0.758364639517247,-12.576928833401508
parent_human_capital_complements,high h,1.8,3,0.5099325741928927,1.8,0.7038204220506539,0.4058149853846264,1.1582462134924643,0.7551297800250603,0.7589148837989909,-12.550300768269036
parent_human_capital_complements,high h,1.8,3,0.5108660230672385,1.8,0.7037455141268265,0.4058200351731963,1.158339936928503,0.7557029351768575,0.759490911902942,-12.522445847672653
parent_human_capital_complements,high h,1.8,3,0.5118427829191048,1.8,0.7036673046788877,0.4058252902648665,1.158437726848005,0.7563017657621849,0.7600927441390697,-12.49336565987073
parent_human_capital_complements,high h,1.8,3,0.5128630955033207,1.8,0.7035858067184135,0.405830766470917,1.1585396291522232,0.7569262999428512,0.7607204088103439,-12.46306186338483
parent_human_capital_complements,high h,1.8,3,0.5139272136779165,1.8,0.7035010292236192,0.40583646919312566,1.158645654989967,0.7575765656787249,0.7613739340167829,-12.431536186912755
parent_human_capital_complements,high h,1.8,3,0.5150354015085564,1.8,0.7034129498065651,0.40584237721843464,1.1587557477093222,0.7582525905856431,0.7620533475126485,-12.398790429272873
parent_human_capital_complements,high h,1.8,3,0.5161879343777439,1.8,0.7033216456266709,0.40584850198799355,1.158869872780593,0.758954399610446,0.7627586743698276,-12.364826459366174
parent_human_capital_complements,high h,1.8,3,0.5173850990988615,1.8,0.7032270329423618,0.40585485224206297,1.158988146511565,0.7596820328214728,0.7634899548575027,-12.329646216143107
parent_human_capital_complements,high h,1.8,3,0.5186271940351138,1.8,0.7031292397920248,0.4058614589656093,1.1591105563138353,0.7604355158414706,0.7642472147268554,-12.293251708499374
parent_human_capital_complements,high h,1.8,3,0.5199145292234401,1.8,0.7030280550007675,0.4058682225267683,1.159236942133971,0.7612148850226836,0.7650304905123464,-12.25564501521286
parent_human_capital_complements,high h,1.8,3,0.5212474265034702,1.8,0.7029238017722812,0.4058752583686842,1.1593674109094363,0.7620201639692461,0.7658398059364262,-12.216828284951204
parent_human_capital_complements,high h,1.8,3,0.5226262196515982,1.8,0.7028161763150602,0.4058824722612708,1.1595019153304347,0.7628514003705343,0.766675208927515,-12.176803736136327
parent_human_capital_complements,high h,1.8,3,0.5240512545202515,1.8,0.7027053478064711,0.40588994159168645,1.1596405745641527,0.7637086277310745,0.7675367331580811,-12.135573656931449
parent_human_capital_complements,high h,1.8,3,0.5255228891824385,1.8,0.7025913048902406,0.4058975889727729,1.1597831116223114,0.764591872009981,0.7684244047173596,-12.093140405076158
parent_human_capital_complements,high h,1.8,3,0.5270414940816569,1.8,0.7024740515423464,0.4059054530981092,1.1599296667012085,0.7655011774723882,0.7693382680923647,-12.049506407951885
parent_human_capital_complements,high h,1.8,3,0.5286074521872524,1.8,0.7023535857190524,0.40591356829114433,1.1600803697337514,0.7664365892648175,0.7702783686559156,-12.004674162434885
parent_human_capital_complements,high h,1.8,3,0.5302211591553182,1.8,0.7022298837537035,0.4059218500937006,1.1602349296954246,0.7673981363013346,0.7712447354670107,-11.958646234748642
parent_human_capital_complements,high h,1.8,3,0.5318830234952302,1.8,0.7021030655403142,0.40593039877523557,1.1603936002962136,0.7683858652470409,0.7722374154246607,-11.911425260548214
parent_human_capital_complements,high h,1.8,3,0.5335934667419154,1.8,0.7019729961542398,0.4059391282083302,1.1605561955499988,0.769399816844027,0.773256449475177,-11.863013944669476
parent_human_capital_complements,high h,1.8,3,0.5353529236339561,1.8,0.7018397559999889,0.40594807875580513,1.160722785444141,0.7704400336111227,0.7743018803505161,-11.813415061162187
parent_human_capital_complements,high h,1.8,3,0.537161842297634,1.8,0.7017033814970313,0.40595725478779054,1.1608933498422764,0.7715065571941486,0.775373749905249,-11.762631453142426
parent_human_capital_complements,high h,1.8,3,0.5390206844370244,1.8,0.7015638028252433,0.4059666257133744,1.1610678445827896,0.7725994342489872,0.7764721050291217,-11.710666032712444
parent_human_capital_complements,high h,1.8,3,0.5409299255302531,1.8,0.701421089990292,0.40597622649359905,1.1612463299248579,0.7737187101902365,0.7775969913643741,-11.657521780888656
parent_human_capital_complements,high h,1.8,3,0.5428900550320312,1.8,0.7012752750661924,0.40598604234883234,1.1614287187255568,0.7748644267071025,0.7787484508091796,-11.603201747460822
parent_human_capital_complements,high h,1.8,3,0.5449015765825912,1.8,0.7011262638481477,0.40599603959321884,1.1616149796761857,0.776036634962831,0.7799265347832416,-11.54770905092712
parent_human_capital_complements,high h,1.8,3,0.5469650082231464,1.8,0.7009741970732386,0.40600627042478293,1.1618051665295024,0.7772353793478377,0.7811312878994832,-11.491046878395942
parent_human_capital_complements,high h,1.8,3,0.5490808826180046,1.8,0.7008189405062162,0.4060167065594473,1.1619993081342843,0.7784607174315895,0.7823627680159396,-11.433218485460682
parent_human_capital_complements,high h,1.8,3,0.5512497472834679,1.8,0.7006606070331842,0.4060273392569514,1.1621972590382166,0.779712687903852,0.7836210140163098,-11.37422719606381
parent_human_capital_complements,high h,1.8,3,0.5534721648236569,1.8,0.7004992303341342,0.40603819473807695,1.1623990832599405,0.7809913433991282,0.7849060787989279,-11.314076402451501
parent_human_capital_complements,high h,1.8,3,0.5557487131734017,1.8,0.7003346924863836,0.40604922826987305,1.1626047320471633,0.7822967398505486,0.7862180185772909,-11.252769565001271
parent_human_capital_complements,high h,1.8,3,0.5580799858483445,1.8,0.7001671413860695,0.4060604883178276,1.1628142380861561,0.7836289245792137,0.7875568809096971,-11.19031021213692
parent_human_capital_complements,high h,1.8,3,0.5604665922024078,1.8,0.6999965172269635,0.4060719809213119,1.1630276836858444,0.7849879581512429,0.7889227266658546,-11.126701940200556
parent_human_capital_complements,high h,1.8,3,0.5629091576927818,1.8,0.6998227585388113,0.40608361455112896,1.1632447892786952,0.7863738858922876,0.790315601398611,-11.061948413253129
parent_human_capital_complements,high h,1.8,3,0.5654083241525933,1.8,0.69964610470661,0.40609552650107444,1.1634658270363931,0.7877867636249921,0.7917355612104224,-10.996053363107995
parent_human_capital_complements,high h,1.8,3,0.5679647500714233,1.8,0.6994663875190967,0.4061076050605409,1.1636905489364786,0.7892266448679888,0.7931826598881847,-10.929020589006555
parent_human_capital_complements,high h,1.8,3,0.5705791108838415,1.8,0.6992835574351914,0.4061198687416974,1.1639190734963731,0.7906935944616595,0.7946569625972933,-10.860853957640323
parent_human_capital_complements,high h,1.8,3,0.5732520992661372,1.8,0.6990977821516575,0.4061323693485141,1.1641514260409058,0.7921876629765238,0.7961585201617538,-10.791557402928746
parent_human_capital_complements,high h,1.8,3,0.5759844254414287,1.8,0.6989090396757163,0.4061450681874117,1.1643874843905795,0.7937089044873384,0.7976873869273736,-10.72113492586498
parent_human_capital_complements,high h,1.8,3,0.578776817493336,1.8,0.6987172789298215,0.4061579407068496,1.1646272081439,0.7952573789111522,0.799243623111537,-10.649590594409798
parent_human_capital_complements,high h,1.8,3,0.5816300216884137,1.8,0.6985225269389206,0.4061710158284988,1.1648706780380658,0.7968331484268882,0.8008272912048403,-10.576928543347785
parent_human_capital_complements,high h,1.8,3,0.5845448028075416,1.8,0.6983248917009881,0.4061843147654172,1.1651178651149565,0.798436266811478,0.8024384452537728,-10.503152974089971
parent_human_capital_complements,high h,1.8,3,0.5875219444864789,1.8,0.6981242124560785,0.40619778905211723,1.1653687495521101,0.8000668024922659,0.8040771540286727,-10.428268154536156
parent_human_capital_complements,high h,1.8,3,0.5905622495657936,1.8,0.6979206566737775,0.40621147031115873,1.1656232817055998,0.801724806536161,0.8057434688524227,-10.35227841890465
parent_human_capital_complements,high h,1.8,3,0.5936665404503856,1.8,0.6977142272661523,0.40622535083392897,1.1658814299410671,0.8034103397423314,0.8074374508289484,-10.275188167573795
parent_human_capital_complements,high h,1.8,3,0.5968356594788269,1.8,0.6975048870758134,0.40623942688789105,1.1661432175084687,0.8051234680710012,0.8091591662491003,-10.197001866917748
parent_human_capital_complements,high h,1.8,3,0.600070469302753,1.8,0.6972925683190558,0.40625368806354323,1.166408673405706,0.8068642599367324,0.8109086838703705,-10.117724049121781
parent_human_capital_complements,high h,1.8,3,0.6033718532765401,1.8,0.6970774463607492,0.40626815891242585,1.1666777137469493,0.8086327666186188,0.8126860552288899,-10.037359311980284
parent_human_capital_complements,high h,1.8,3,0.6067407158575169,1.8,0.6968594337265708,0.40628278659892114,1.1669502291410094,0.8104290522001073,0.8144913447293249,-9.955912318728835
parent_human_capital_complements,high h,1.8,3,0.6101779830169621,1.8,0.696638602346817,0.4062976495418353,1.1672264398460612,0.8122531883308806,0.8163246243805042,-9.873387797923236
parent_human_capital_complements,high h,1.8,3,0.6136846026621482,1.8,0.6964149126790011,0.4063126922046615,1.1675061784755676,0.8141052349686099,0.8181859544406377,-9.789790543110998
parent_human_capital_complements,high h,1.8,3,0.6172615450697004,1.8,0.6961884354131835,0.40632790584713885,1.1677893417732559,0.8159852497314898,0.8200753928167325,-9.705125412718964
parent_human_capital_complements,high h,1.8,3,0.6209098033305457,1.8,0.6959590632783847,0.40634331335156687,1.1680761222695535,0.8178933137715196,0.821993021067564,-9.619397329896513
parent_human_capital_complements,high h,1.8,3,0.6246303938067362,1.8,0.6957269982122662,0.40635893052922545,1.1683663769396277,0.8198294768332803,0.8239388891870589,-9.532611282187904
parent_human_capital_complements,high h,1.8,3,0.6284243566004422,1.8,0.6954920834758451,0.4063746974734773,1.1686600393103315,0.8217938113850531,0.8259130700067473,-9.444772321399691
parent_human_capital_complements,high h,1.8,3,0.6322927560354111,1.8,0.69525447079568,0.40639069093388747,1.1689572436239848,0.8237863835102814,0.8279156299413173,-9.355885563409528
parent_human_capital_complements,high h,1.8,3,0.6362366811512086,1.8,0.6950140952572967,0.4064068270898715,1.1692577424795645,0.8258072530531511,0.8299466291349247,-9.265956187831613
parent_human_capital_complements,high h,1.8,3,0.6402572462105554,1.8,0.6947709893325289,0.40642318976201397,1.1695618157207353,0.8278564999646799,0.8320061479393436,-9.174989437968723
parent_human_capital_complements,high h,1.8,3,0.6443555912200942,1.8,0.6945251358995459,0.40643970386999084,1.16986920072004,0.8299341814544284,0.8340942438508987,-9.082990620371724
parent_human_capital_complements,high h,1.8,3,0.6485328824649206,1.8,0.6942766236502456,0.40645641287156614,1.17017997070921,0.8320403652578661,0.8362109849445849,-8.989965104776363
parent_human_capital_complements,high h,1.8,3,0.652790313057229,1.8,0.6940253603876894,0.4064732803799953,1.1704940823081733,0.8341751235096948,0.8383564437166806,-8.895918323773303
parent_human_capital_complements,high h,1.8,3,0.6571291034994325,1.8,0.6937714927431728,0.40649035049063564,1.1708115531849357,0.836338518652183,0.8405306829224476,-8.80085577259731
parent_human_capital_complements,high h,1.8,3,0.6615505022621248,1.8,0.6935149800827742,0.4065075899116862,1.1711322999281684,0.8385306185296064,0.8427337707462327,-8.70478300884352
parent_human_capital_complements,high h,1.8,3,0.6660557863772645,1.8,0.6932558278335803,0.40652501779290906,1.1714563884627986,0.8407514958716829,0.8449657802823123,-8.607705652261096
parent_human_capital_complements,high h,1.8,3,0.6706462620469753,1.8,0.6929940367938725,0.40654262372480265,1.171783779204742,0.8430012187403793,0.8472267799338159,-8.5096293844401
parent_human_capital_complements,high h,1.8,3,0.6753232652683625,1.8,0.6927297030758766,0.4065603952345695,1.1721143295681293,0.8452798450631296,0.84951682791854,-8.410559948543822
parent_human_capital_complements,high h,1.8,3,0.6800881624747613,1.8,0.6924651154206767,0.40656599395478354,1.172399778054847,0.8475849623235567,0.8518334996273182,-8.31050314766224
parent_human_capital_complements,high h,1.8,3,0.6849423511938463,1.8,0.6921955624170484,0.4065840589583653,1.1727366412618205,0.8499216050150604,0.8541818547890542,-8.209464850212315
parent_human_capital_complements,high h,1.8,3,0.6898872607230374,1.8,0.6919235194283369,0.40660229661083963,1.1730766377436517,0.8522873574702928,0.8565594656278165,-8.10745098108703
parent_human_capital_complements,high h,1.8,3,0.6949243528226603,1.8,0.6916488976964024,0.40662069817194596,1.1734198236922682,0.8546822976365848,0.858966410481649,-8.004467527055128
parent_human_capital_complements,high h,1.8,3,0.7000551224273222,1.8,0.691371802588608,0.40663927778372294,1.1737661464335438,0.8571064873131451,0.8614027514595302,-7.900520535074437
parent_human_capital_complements,high h,1.8,3,0.7052810983759861,1.8,0.6910921931489811,0.40665807850988006,1.1741158073788318,0.8595600089707948,0.8638685714456679,-7.795616111936457
parent_human_capital_complements,high h,1.8,3,0.7106038441612367,1.8,0.6908101355589071,0.40667696909599327,1.1744682512927636,0.8620429014515514,0.866363909476776,-7.68976042410892
parent_human_capital_complements,high h,1.8,3,0.7160249586982449,1.8,0.6905235184435539,0.4067063698654468,1.1748644156751007,0.8645574000138349,0.8688910120155539,-7.582959697121904
parent_human_capital_complements,high h,1.8,3,0.7215460771139571,1.8,0.690236572319979,0.40672566835687135,1.1752232679777235,0.8670992927637958,0.8714456460559462,-7.475220215663235
parent_human_capital_complements,high h,1.8,3,0.7271688715570458,1.8,0.6899471924160636,0.406745136158706,1.175585184911275,0.869670779056703,0.8740300219775364,-7.366548322857247
parent_human_capital_complements,high h,1.8,3,0.7328950520291776,1.8,0.6896553611135496,0.40676473688420617,1.1759500485170025,0.8722719234011963,0.8766442046123146,-7.256950420137157
parent_human_capital_complements,high h,1.8,3,0.7387263672381705,1.8,0.6893611868677079,0.40678453417254606,1.176317987459199,0.8749027952422086,0.8792882637533086,-7.1464329669079
parent_human_capital_complements,high h,1.8,3,0.7446646054736273,1.8,0.6890645744592598,0.4068044310927502,1.1766887357923275,0.8775634554751378,0.8819622606011551,-7.035002480104772
parent_human_capital_complements,high h,1.8,3,0.7507115955056528,1.8,0.6887656784064728,0.4068245279142766,1.177062512602122,0.8802539748360728,0.8846662662465095,-6.922665533975858
parent_human_capital_complements,high h,1.8,3,0.7568692075072764,1.8,0.6884644261787316,0.4068447799041743,1.177439223744222,0.8829744209539878,0.8874003486573372,-6.809428759603241
parent_human_capital_complements,high h,1.8,3,0.7631393540012239,1.8,0.688160907079733,0.40686518166066526,1.1778187597879057,0.8857248508221033,0.8901645651125389,-6.695298844583864
parent_human_capital_complements,high h,1.8,3,0.7695239908317001,1.8,0.6878571421105608,0.40687483527650786,1.1781584941297076,0.8885030133603765,0.8929566532484862,-6.580282532699967
parent_human_capital_complements,high h,1.8,3,0.7760251181618615,1.8,0.6875490362102448,0.4068954837305674,1.1785435361698493,0.8913135993033496,0.8957813273121256,-6.464386623440959
parent_human_capital_complements,high h,1.8,3,0.7826447814976824,1.8,0.6872387245093743,0.40691628465210916,1.1789313521043845,0.8941543632395976,0.8986363306368608,-6.347617971746307
parent_human_capital_complements,high h,1.8,3,0.7893850727389358,1.8,0.6869261600304502,0.4069372353402443,1.1793219788473002,0.897025375742488,0.9015217341498093,-6.229983487513403
parent_human_capital_complements,high h,1.8,3,0.7962481312580323,1.8,0.6866113416819646,0.4069583172828037,1.1797153485137617,0.8999266986822488,0.9044376000313256,-6.111490135253459
parent_human_capital_complements,high h,1.8,3,0.8032361450074849,1.8,0.6862944151254298,0.40697957727603373,1.1801114898050717,0.9028583895325545,0.9073839860431717,-5.992144933654831
parent_human_capital_complements,high h,1.8,3,0.8103513516567865,1.8,0.6859752801070405,0.4070009570825383,1.1805102859824974,0.9058205122258545,0.9103609564382599,-5.871954955210379
parent_human_capital_complements,high h,1.8,3,0.8175960397595149,1.8,0.6856539825379122,0.40702248228550586,1.1809117864578824,0.9088131299697945,0.9133685747410656,-5.750927325748739
parent_human_capital_complements,high h,1.8,3,0.8249725499515008,1.8,0.6853305987390064,0.4070441572550667,1.1813159311933723,0.9118362975885792,0.916406896050601,-5.629069224053096
parent_human_capital_complements,high h,1.8,3,0.8324832761809209,1.8,0.6850051204757557,0.40706600757440914,1.1817228237464927,0.9148900829650616,0.9194759885899831,-5.506387881383901
parent_human_capital_complements,high h,1.8,3,0.8401306669712053,1.8,0.6846774851780517,0.40708792487140827,1.1821321228928157,0.9179745328178133,0.9225758993119615,-5.382890581139048
parent_human_capital_complements,high h,1.8,3,0.8479172267176741,1.8,0.6843478187360297,0.40711002625844955,1.1825441391029534,0.921089716230054,0.925706697646037,-5.2585846582258355
parent_human_capital_complements,high h,1.8,3,0.8558455170188431,1.8,0.6840161665228108,0.40713226430169325,1.1829586502652982,0.9242356777889126,0.9288684284028322,-5.13347749880203
parent_human_capital_complements,high h,1.8,3,0.8639181580433734,1.8,0.6836824254916529,0.40715463630025023,1.1833757493630792,0.9274124873292962,0.9320611617673032,-5.007576539673485
parent_human_capital_complements,high h,1.8,3,0.8721378299336601,1.8,0.6833466868058453,0.4071771297813231,1.1837952987593643,0.930620189182418,0.9352849422928746,-4.880889267916002
parent_human_capital_complements,high h,1.8,3,0.8805072742470966,1.8,0.6830089751362545,0.40719976698961763,1.1842173566670606,0.9338588413888901,0.9385398283110881,-4.753423220326821
parent_human_capital_complements,high h,1.8,3,0.88902929543607,1.8,0.6826693651009568,0.4072225169401674,1.1846417330181072,0.9371284841881571,0.9418258602630892,-4.625185983015712
parent_human_capital_complements,high h,1.8,3,0.8977067623677852,1.8,0.6823278165905824,0.40724543079934916,1.1850686585677928,0.9404291870272564,0.94514310794402,-4.4961851907991
parent_human_capital_complements,high h,1.8,3,0.9065426098850453,1.8,0.6819842504026581,0.40726843014835656,1.1854979203301186,0.9437609964521572,0.9484916181331626,-4.366428526848236
parent_human_capital_complements,high h,1.8,3,0.9155398404091444,1.8,0.6816388836274392,0.40729156949204887,1.185929504299935,0.947123949731306,0.9518714282857725,-4.235923722072675
parent_human_capital_complements,high h,1.8,3,0.9247015255860773,1.8,0.6812916418028205,0.4073148552638519,1.1863635089102917,0.9505181078281484,0.9552825996708754,-4.104678554619592
parent_human_capital_complements,high h,1.8,3,0.9340308079772923,1.8,0.6809425539219411,0.4073382369349824,1.186799716897803,0.9539435062257693,0.9587251679494163,-3.972700849426215
parent_human_capital_complements,high h,1.8,3,0.9435309027962627,1.8,0.6805916662455056,0.4073617737744843,1.1872383028382227,0.9574001998243492,0.9621991882967635,-3.8399984775661236
parent_human_capital_complements,high h,1.8,3,0.9532050996921831,1.8,0.6802389626807457,0.40738540921420274,1.1876790720513737,0.9608882255347722,0.9657046978088182,-3.706579355844662
parent_human_capital_complements,high h,1.8,3,0.9630567645821445,1.8,0.6798844761605534,0.4074091627979546,1.1881220644246253,0.9644076288190245,0.9692417421754456,-3.5724514461470775
parent_human_capital_complements,high h,1.8,3,0.9730893415331738,1.8,0.6795281806244999,0.407433036194981,1.1885673122379992,0.9679584572159239,0.9728103691737524,-3.437622754927249
parent_human_capital_complements,high h,1.8,3,0.9833063546955787,1.8,0.6791701833089232,0.4074570135940021,1.1890146493423286,0.9715407366039249,0.97641060481191,-3.30210133268087
parent_human_capital_complements,high h,1.8,3,0.9937114102890687,1.8,0.6788104762038192,0.40748112494833644,1.1894641953536824,0.9751545152362815,0.9800424975850424,-3.1658952732888297
parent_human_capital_complements,high h,1.8,3,1.0043081986431819,1.8,0.678449140175013,0.407505346344037,1.189915780302869,0.9787998172163564,0.9837060717173314,-3.029012713543664
parent_human_capital_complements,high h,1.8,3,1.0151004962935855,1.8,0.6780840436816944,0.40754119262929406,1.1904144400550551,0.9824794385670912,0.9874041372468414,-2.8914618318455845
parent_human_capital_complements,high h,1.8,3,1.0260921681358672,1.8,0.6777193503767271,0.4075656819356212,1.1908703805153975,0.9861879336542227,0.9911312212429542,-2.7532508501620097
parent_human_capital_complements,high h,1.8,3,1.037287169638491,1.8,0.6773530141861228,0.40759029105522304,1.191328410285638,0.9899280641243036,0.9948900991950332,-2.6143880296880693
parent_human_capital_complements,high h,1.8,3,1.0486895491166357,1.8,0.6769851430068554,0.4076150085469498,1.1917883788390795,0.9936998462727255,0.9986807874801511,-2.4748816726762186
parent_human_capital_complements,high h,1.8,3,1.0603034500686892,1.8,0.676615703904343,0.40763983004067117,1.1922503028271978,0.9975033139499127,1.0025033201184084,-2.3347401212578833
parent_human_capital_complements,high h,1.8,3,1.0721331135772334,1.8,0.6762447216107763,0.4076647669775369,1.192714200147526,1.001338495299598,1.0063577253946088,-2.193971756792431
parent_human_capital_complements,high h,1.8,3,1.0841828807763967,1.8,0.675872153990746,0.40768979377435866,1.1931800176125145,1.0052054170308524,1.0102440301517026,-2.05258499922187
parent_human_capital_complements,high h,1.8,3,1.0964571953875313,1.8,0.6754980953964616,0.40771492457317493,1.193647713563188,1.0091040950053323,1.0141622503308534,-1.9105883064424973
parent_human_capital_complements,high h,1.8,3,1.1089606063252093,1.8,0.6751225654523694,0.40774014793283625,1.1941172257453783,1.0130345469899997,1.0181124037880809,-1.767990173650042
parent_human_capital_complements,high h,1.8,3,1.1216977703756155,1.8,0.6747456551470563,0.4077654857039941,1.1945885445860256,1.0169967867320164,1.0220945043394547,-1.6247991326940339
parent_human_capital_complements,high h,1.8,3,1.1346734549494641,1.8,0.6743673127444616,0.407790918736886,1.1950616504691758,1.02099083538748,1.026108573247117,-1.4810237514020443
parent_human_capital_complements,high h,1.8,3,1.147892540911644,1.8,0.6739875283157577,0.40781644162973385,1.1955365331966306,1.0250167096205083,1.0301546272587156,-1.3366726329089753
parent_human_capital_complements,high h,1.8,3,1.1613600254898573,1.8,0.673606366922038,0.40784204731151835,1.1960131013606792,1.02907441352716,1.0342326704908409,-1.1917544149598713
parent_human_capital_complements,high h,1.8,3,1.1750810252645967,1.8,0.6732238608067023,0.4078677499242781,1.196491375411158,1.0331639580651726,1.0383427139561556,-1.0462777692526284
parent_human_capital_complements,high h,1.8,3,1.189060779242872,1.8,0.6728399981372926,0.40789355923992165,1.1969714035906556,1.037285356857168,1.042484771345566,-0.9002514007262712
parent_human_capital_complements,high h,1.8,3,1.2033046520181812,1.8,0.672454879719891,0.4079194345015739,1.1974529332329735,1.0414385942933044,1.0466588269709847,-0.7536840467977324
parent_human_capital_complements,high h,1.8,3,1.217818137019287,1.8,0.6720684332370384,0.40794539358381066,1.1979361032562401,1.0456236892321027,1.0508648997854624,-0.6065844767677078
parent_human_capital_complements,high h,1.8,3,1.2326068598504607,1.8,0.6716807818908186,0.4079714583372833,1.198420871873899,1.049840632493477,1.0551029805628973,-0.45896149099984895
parent_human_capital_complements,high h,1.8,3,1.247676581725918,1.8,0.6712918808365402,0.407997599840321,1.198907176168496,1.054089423463883,1.0593730686866698,-0.31082392021811134
parent_human_capital_complements,high h,1.8,3,1.2630332030012734,1.8,0.6709017550115384,0.40802380728936755,1.199394950948645,1.0583700536205567,1.0636751555912953,-0.1621806247720432
parent_human_capital_complements,high h,1.8,3,1.2786827668049243,1.8,0.6705104663656627,0.4080501029291288,1.1998842171482713,1.0626825144390804,1.068009232709627,-0.01304049390722728
parent_human_capital_complements,high h,1.8,3,1.294631462772364,1.8,0.6701179941140492,0.4080764726175661,1.200374942859002,1.0670267976510688,1.0723752917318348,0.13658755501347786
parent_human_capital_complements,high h,1.8,3,1.31088563088653,1.8,0.6697244365154149,0.40810293653608953,1.2008671050180548,1.071402883766466,1.0767733130701682,0.28669457726020076
parent_human_capital_complements,high h,1.8,3,1.3274517654273796,1.8,0.6693297602333392,0.40812946036125036,1.2013606090726796,1.075810755944587,1.0812032797995272,0.4372716015203424
parent_human_capital_complements,high h,1.8,3,1.3443365190339982,1.8,0.6689339112172503,0.4081560309826576,1.201855460224132,1.0802504026192676,1.085665180295773,0.5883096306440576
parent_human_capital_complements,high h,1.8,3,1.3615467068826452,1.8,0.6685371044158139,0.40818272308658066,1.2023517218047854,1.084721792306316,1.0901589829168985,0.7397996424362421
parent_human_capital_complements,high h,1.8,3,1.3790893109842512,1.8,0.6681392512606705,0.4082094407736921,1.202849125062106,1.0892248924767411,1.0946846549708598,0.8917325905225657
parent_human_capital_complements,high h,1.8,3,1.3969714846049992,1.8,0.6677403818537104,0.40823626953381753,1.2033479584292939,1.0937596948117585,1.0992421880971748,1.0440994049817025
parent_human_capital_complements,high h,1.8,3,1.4152005568137338,1.8,0.6673405321828079,0.40826314842867184,1.2038479588624234,1.098326151436308,1.1038315341808085,1.1968909933627532
parent_human_capital_complements,high h,1.8,3,1.4337840371600625,1.8,0.6669397014837966,0.4082900828600332,1.204349147252687,1.10292423288901,1.1084526636127052,1.3500982413420197
parent_human_capital_complements,high h,1.8,3,1.4527296204871472,1.8,0.6665379173094921,0.4083170613867519,1.2048514534175456,1.1075538983433095,1.1131055353616663,1.5037120136167572
parent_human_capital_complements,high h,1.8,3,1.4720451918832933,1.8,0.6661352639150484,0.4083441509864845,1.205355042660593,1.1122151149583175,1.117790116422187,1.6577231546712543
parent_human_capital_complements,high h,1.8,3,1.4917388317766058,1.8,0.6657337761263404,0.408359219232499,1.2058126747339508,1.1169044911999744,1.122502998260073,1.812122490556336
parent_human_capital_complements,high h,1.8,3,1.5118188211770927,1.8,0.6653294171949855,0.4083862990603233,1.206317933103779,1.1216286061061476,1.1272507928907558,1.9669008263396885
parent_human_capital_complements,high h,1.8,3,1.5322936470707536,1.8,0.6649242013945054,0.4084134616770842,1.2068243568143104,1.126384132216722,1.1320301561751567,2.122048951929155
parent_human_capital_complements,high h,1.8,3,1.5531720079703377,1.8,0.6645181237604485,0.4084406182544736,1.2073316198557202,1.1311709976296016,1.1368410158507696,2.2775576395746917
parent_human_capital_complements,high h,1.8,3,1.5744628196276003,1.8,0.6641113273761174,0.4084678619909298,1.207839926402087,1.1359891508204598,1.1416833201350007,2.4334176457057937
parent_human_capital_complements,high h,1.8,3,1.5961752209120554,1.8,0.6637019099691623,0.4085063146089639,1.2083926182638374,1.1408416906619783,1.1465601834336958,2.5896197118685267
parent_human_capital_complements,high h,1.8,3,1.618318579861377,1.8,0.6632935488525615,0.4085337565775011,1.2089032281552075,1.145722286758889,1.1514652436203487,2.7461545648486214
parent_human_capital_complements,high h,1.8,3,1.6409024999087747,1.8,0.6628845412077968,0.40856127259471425,1.2094147604801084,1.1506339751853392,1.1564015519874913,2.90301291876613
parent_human_capital_complements,high h,1.8,3,1.6639368262928396,1.8,0.6624749151332066,0.4085888202344873,1.209927029060493,1.1555766728977217,1.161369025075259,3.0601854751897544
parent_human_capital_complements,high h,1.8,3,1.6874316526555453,1.8,0.6620644848011581,0.40861638471718814,1.210440164655085,1.1605503337381098,1.166367616494357,3.2176629241537236
parent_human_capital_complements,high h,1.8,3,1.7113973278342638,1.8,0.6616535334332068,0.40864402054767596,1.2109540871274338,1.1655548530256792,1.1713972210392465,3.3754359451521423
parent_human_capital_complements,high h,1.8,3,1.7358444628538618,1.8,0.6612419553874971,0.40867169340250165,1.211468774230224,1.1705901597129778,1.1764577673063488,3.53349520800524
parent_human_capital_complements,high h,1.8,3,1.7607839381251333,1.8,0.660829706110653,0.40869940765179574,1.211984286799938,1.1756561798815257,1.1815491810066656,3.6918313737718247
parent_human_capital_complements,high h,1.8,3,1.7862269108560356,1.8,0.6604169939520284,0.4087271431141479,1.2125003412912867,1.1807527890314182,1.1866713370162343,3.8504350957492557
parent_human_capital_complements,high h,1.8,3,1.8121848226824113,1.8,0.6600037565499473,0.408754931412118,1.2130171178916043,1.1858799155939874,1.1918241634076472,4.009297020259189
parent_human_capital_complements,high h,1.8,3,1.8386694075250942,1.8,0.6595899779521286,0.40878275133264796,1.2135345535133175,1.1910374627886773,1.1970075629152337,4.168407787708469
parent_human_capital_complements,high h,1.8,3,1.8656926996805347,1.8,0.6591757559154803,0.40881060223814436,1.2140525480238455,1.1962253170444497,1.2022214213986788,4.327758033494136
parent_human_capital_complements,high h,1.8,3,1.8932670421523103,1.8,0.6587610454459487,0.40883847769518133,1.2145711224462967,1.2014433823507467,1.2074656423661692,4.487338388920528
parent_human_capital_complements,high h,1.8,3,1.921405095231136,1.8,0.6583458797807222,0.4088663928774454,1.2150903000806395,1.206691551990337,1.2127401185655515,4.647139482172499
parent_human_capital_complements,high h,1.8,3,1.9501198453312445,1.8,0.6579303856945966,0.4088943467532888,1.2156099503081572,1.211969695301105,1.2180447186797638,4.807151939302189
parent_human_capital_complements,high h,1.8,3,1.979424614091259,1.8,0.6575144683499947,0.40892231040104055,1.2161300602042822,1.2172777063241849,1.2233793362188188,4.96736638514022
parent_human_capital_complements,high h,1.8,3,2.009333067747975,1.8,0.657098177494509,0.40895028548994183,1.2166505862410142,1.2226154596139223,1.228743845108263,5.1277734442903675
parent_human_capital_complements,high h,1.8,3,2.0398592267917226,1.8,0.6566815859129833,0.4089783090443308,1.217171593586193,1.2279828315481032,1.2341381211062246,5.288363742074205
parent_human_capital_complements,high h,1.8,3,2.071017475912293,1.8,0.6562646541663046,0.40900634133898045,1.2176929736627364,1.2333796917177977,1.2395620331500947,5.4491279055626
parent_human_capital_complements,high h,1.8,3,2.1028225742447084,1.8,0.6558474847024542,0.40903438340553844,1.218214627866582,1.2388058929119936,1.245015433290964,5.61005656452128
parent_human_capital_complements,high h,1.8,3,2.135289665924415,1.8,0.6554299984685703,0.40906244835439576,1.218736684099908,1.2442613179374509,1.2504982037481585,5.771140352351507
parent_human_capital_complements,high h,1.8,3,2.168434290961828,1.8,0.6550123338978588,0.4090905388864413,1.2192590139930215,1.2497458053459183,1.2560101822641636,5.93236990717635
parent_human_capital_complements,high h,1.8,3,2.2022723964464688,1.8,0.6545945015809769,0.4091186425288779,1.219781560481622,1.255259206751811,1.2615512197096097,6.093735872768172
parent_human_capital_complements,high h,1.8,3,2.23682034809129,1.8,0.6541764029059696,0.40914675594322286,1.2203044097384788,1.2608013911110256,1.2671211843835315,6.255228899529525
parent_human_capital_complements,high h,1.8,3,2.2720949421281498,1.8,0.6537582167162328,0.4091748878697368,1.2208274154864065,1.2663721783565214,1.2727198953162986,6.4168396455717
parent_human_capital_complements,high h,1.8,3,2.308113417565749,1.8,0.6533398559463044,0.40920301272523146,1.221350569467908,1.2719714203331667,1.2783472036101489,6.5785587776413985
parent_human_capital_complements,high h,1.8,3,2.344893468821764,1.8,0.6529213964933342,0.40923114735263444,1.2218738585425815,1.2775989483434511,1.2840029397219717,6.740376972157162
parent_human_capital_complements,high h,1.8,3,2.382453258741261,1.8,0.6525028748859041,0.4092593092324671,1.2223973113142683,1.2832545963652509,1.2896869367974542,6.90228491620891
parent_human_capital_complements,high h,1.8,3,2.4208114320139376,1.8,0.6520842231893442,0.4092874613403913,1.2229208577649535,1.2889381965313298,1.2953990261279222,7.064273308601169
parent_human_capital_complements,high h,1.8,3,2.4599871290031343,1.8,0.6516656373597454,0.4093156188500936,1.2234443584757035,1.2946495446106117,1.3011390024585865,7.2263328608629775
parent_human_capital_complements,high h,1.8,3,2.5,1.8,0.6512469940730217,0.4093437965412062,1.2239679918395123,1.3003884891034088,1.3069067135303647,7.3884542981785675
