scenario_family,scenario,parameter_value,period,hc,parent_h,c_policy,l_policy,e_policy,perceived_hc_next_policy,true_expected_hc_next_policy,value_policy
parent_human_capital,low h,0.8,1,0.5,0.8,0.6315085147331093,0.2688351879289463,0.10561415588457332,0.5285923009700028,0.5312418809047336,-16.029866993721303
parent_human_capital,low h,0.8,1,0.5000203210855501,0.8,0.6315075759796356,0.26883534476655896,0.10561532048420938,0.5286004042570768,0.5312500248097032,-16.029815967461456
parent_human_capital,low h,0.8,1,0.5000812892976928,0.8,0.6315179296540414,0.2688231022984605,0.10558733765574169,0.5286073891286401,0.531257044693081,-16.02966290088612
parent_human_capital,low h,0.8,1,0.5001829195049198,0.8,0.6315812534612779,0.268823549928999,0.10552465843648058,0.5286078821508968,0.5312575401866221,-16.029407913573472
parent_human_capital,low h,0.8,1,0.5003252364947652,0.8,0.6315759284996947,0.26882348295134234,0.10552988695023835,0.5286630050923928,0.5313129394330122,-16.029051027314114
parent_human_capital,low h,0.8,1,0.5005082749838822,0.8,0.6315675245537469,0.26882493151419384,0.10554037682669223,0.5287359625257781,0.5313862625670541,-16.02859209881547
parent_human_capital,low h,0.8,1,0.500732079632158,0.8,0.6315572023051724,0.2688267193354589,0.10555327353788838,0.5288251924846795,0.5314759397929857,-16.028031071765113
parent_human_capital,low h,0.8,1,0.5009967050608752,0.8,0.6315452473652339,0.26882878650850023,0.1055682052070065,0.5289304926544948,0.5315817677820988,-16.027367878811937
parent_human_capital,low h,0.8,1,0.5013022158749305,0.8,0.6315923837194897,0.2688206359603683,0.10550933206344074,0.529008383994606,0.5316600495541771,-16.02660288840402
parent_human_capital,low h,0.8,1,0.5016486866891229,0.8,0.6315764738050158,0.2688233930913864,0.10552921224658071,0.529146363020816,0.531798720203134,-16.025735801069743
parent_human_capital,low h,0.8,1,0.502036202158526,0.8,0.6315585962245925,0.26882646993700127,0.10555152048468927,0.5293006801570767,0.5319538108572592,-16.02476634747405
parent_human_capital,low h,0.8,1,0.502464857012963,0.8,0.6315555804668731,0.2688270286405538,0.10555534077552448,0.5294593475447507,0.5321132735685236,-16.023694627604183
parent_human_capital,low h,0.8,1,0.5029347560956027,0.8,0.6315339852076236,0.26883077693197643,0.10558233357442252,0.5296462915655509,0.5323011546501277,-16.022520328021216
parent_human_capital,low h,0.8,1,0.5034460144056994,0.8,0.6315105009837436,0.2688348372293831,0.10561166462656815,0.5298495800709689,0.5325054621434195,-16.021243290115216
parent_human_capital,low h,0.8,1,0.5039987571454999,0.8,0.6314851428542112,0.2688392313834252,0.10564335033792102,0.5300692440180197,0.5327262271605869,-16.01986335713248
parent_human_capital,low h,0.8,1,0.5045931197713469,0.8,0.6315317976315311,0.2688311417735784,0.10558504652242179,0.5302522908743651,0.532910191543118,-16.01838071078428
parent_human_capital,low h,0.8,1,0.5052292480490046,0.8,0.6315027045237964,0.26883617034909024,0.10562138077889353,0.5305047449661622,0.5331639110663163,-16.016795998896573
parent_human_capital,low h,0.8,1,0.5059072981132409,0.8,0.6314716841485097,0.26884156813633436,0.10566017396781174,0.530773713194099,0.5334342275031062,-16.01510794515483
parent_human_capital,low h,0.8,1,0.5066274365316988,0.8,0.6314387993048349,0.26884728500058186,0.10570129109600293,0.5310591514394226,0.5337210965135886,-16.013316341913967
parent_human_capital,low h,0.8,1,0.507389840373095,0.8,0.6314040231796698,0.26885332865044537,0.10574477007697158,0.5313611139368285,0.5340245726043114,-16.011420968652224
parent_human_capital,low h,0.8,1,0.5081946972797818,0.8,0.6313670822308369,0.2688599283029724,0.10579121452544324,0.5316799697777252,0.5343450267167619,-16.00942159192004
parent_human_capital,low h,0.8,1,0.5090422055447187,0.8,0.6315200814366545,0.26884117874319197,0.10561121595354192,0.5318833074686988,0.534549383642153,-16.007320303045784
parent_human_capital,low h,0.8,1,0.5099325741928927,0.8,0.6314897695247547,0.26883844719536215,0.10563759443656687,0.5322216586318855,0.5348894307976029,-16.0051179637975
parent_human_capital,low h,0.8,1,0.5108660230672385,0.8,0.6314474131861031,0.2688457967125033,0.10569053407990174,0.5325900709555362,0.5352596897957108,-16.002811128279554
parent_human_capital,low h,0.8,1,0.5118427829191048,0.8,0.6314031618229129,0.2688534713460193,0.1057458369153549,0.5329751997371748,0.5356467490434008,-16.00039950129382
parent_human_capital,low h,0.8,1,0.5128630955033207,0.8,0.6313765513327129,0.26885809471710875,0.10577910505992383,0.5333630331794795,0.5360365265089252,-15.997883370499563
parent_human_capital,low h,0.8,1,0.5139272136779165,0.8,0.6314985085501187,0.268836984490472,0.10562674911616102,0.5336592518180461,0.5363342299495965,-15.995263690954804
parent_human_capital,low h,0.8,1,0.5150354015085564,0.8,0.6314486868032934,0.26884556582621466,0.10568892798645575,0.5340946611934192,0.536771821823546,-15.992542600036028
parent_human_capital,low h,0.8,1,0.5161879343777439,0.8,0.6313968813419164,0.26885457191019657,0.10575370220876668,0.5345471033211076,0.5372265318268371,-15.989715707424375
parent_human_capital,low h,0.8,1,0.5173850990988615,0.8,0.6314369622059643,0.26884759867580704,0.10570357988719775,0.5349487744556191,0.5376302163462889,-15.986785234239006
parent_human_capital,low h,0.8,1,0.5186271940351138,0.8,0.6315142456141866,0.2688522536694564,0.1056329996698308,0.5353529409058438,0.538036408689276,-15.983749782234675
parent_human_capital,low h,0.8,1,0.5199145292234401,0.8,0.6314795840506101,0.26884021213432785,0.10565032142282205,0.5358260571066602,0.5385118963949179,-15.980613520749603
parent_human_capital,low h,0.8,1,0.5212474265034702,0.8,0.6314201708559934,0.26885052138469834,0.10572457993797221,0.5363466426765624,0.5390350914108486,-15.977370374911118
parent_human_capital,low h,0.8,1,0.5226262196515982,0.8,0.6313694374725662,0.26885933360672964,0.10578800292112442,0.5368767686365771,0.5395678746382957,-15.974019993837668
parent_human_capital,low h,0.8,1,0.5240512545202515,0.8,0.6313885531598551,0.26885600196087905,0.10576408966381082,0.5373721601694692,0.54006574933158,-15.970563836859897
parent_human_capital,low h,0.8,1,0.5255228891824385,0.8,0.6313856759388625,0.26885649805690526,0.10576768126308098,0.5378993796393791,0.5405956115000804,-15.967003410311127
parent_human_capital,low h,0.8,1,0.5270414940816569,0.8,0.6313185477025111,0.26886815726991065,0.10585159876616024,0.5384891793617834,0.5411883676058961,-15.9633357822621
parent_human_capital,low h,0.8,1,0.5286074521872524,0.8,0.6313186540705177,0.26886802061370824,0.10585129561322218,0.5390461690148642,0.5417481491812315,-15.95955956207635
parent_human_capital,low h,0.8,1,0.5302211591553182,0.8,0.6312474740997409,0.268880486897076,0.10594042703204848,0.5396711954190929,0.542376308543349,-15.955677203338038
parent_human_capital,low h,0.8,1,0.5318830234952302,0.8,0.6311745428790362,0.26889315141252457,0.10603159515499916,0.5403136287272093,0.5430219620618232,-15.951685104184339
parent_human_capital,low h,0.8,1,0.5335934667419154,0.8,0.6312148039637292,0.268886156965077,0.10598126206598171,0.5408900829378571,0.5436013057612262,-15.947585956078976
parent_human_capital,low h,0.8,1,0.5353529236339561,0.8,0.6312121515719862,0.2688866459900838,0.10598461865373454,0.5415140391671419,0.5442283895841258,-15.943382846491751
parent_human_capital,low h,0.8,1,0.537161842297634,0.8,0.631133402700274,0.26890030706771506,0.10608303947723569,0.5422097598267408,0.5449275975580432,-15.939069119889414
parent_human_capital,low h,0.8,1,0.5390206844370244,0.8,0.631077719532354,0.26889027279899064,0.10612427329819246,0.542890045696631,0.5456112933750467,-15.934643905411171
parent_human_capital,low h,0.8,1,0.5409299255302531,0.8,0.6311159833416334,0.2689033408496204,0.10610482748182003,0.5435487895468385,0.5462733391925443,-15.930114825362786
parent_human_capital,low h,0.8,1,0.5428900550320312,0.8,0.6311536388528185,0.26889680817475003,0.10605776491882155,0.5442093528175574,0.5469372135504367,-15.9254794909579
parent_human_capital,low h,0.8,1,0.5449015765825912,0.8,0.6312021375595364,0.2689181068615593,0.10603993632110909,0.5449015900293586,0.5476329206157016,-15.920733658402813
parent_human_capital,low h,0.8,1,0.5469650082231464,0.8,0.6311511907877054,0.2688972389623608,0.10606083331809418,0.5456373759363328,0.5483723946648825,-15.915884173033078
parent_human_capital,low h,0.8,1,0.5490808826180046,0.8,0.6310607423493947,0.26891291874754575,0.10617386064707124,0.5464419671330866,0.5491810188917933,-15.910920974033159
parent_human_capital,low h,0.8,1,0.5512497472834679,0.8,0.6311873620402012,0.268890897448552,0.10601553028571366,0.5471045076449668,0.5498468804018096,-15.905848585856212
parent_human_capital,low h,0.8,1,0.5534721648236569,0.8,0.6310935308577931,0.26890724867954474,0.10613290724075142,0.5479457947401594,0.5506923844661156,-15.900670585762168
parent_human_capital,low h,0.8,1,0.5557487131734017,0.8,0.6310093232437606,0.268921855152982,0.10623814817653354,0.5487972058831857,0.5515480633252562,-15.89537744168697
parent_human_capital,low h,0.8,1,0.5580799858483445,0.8,0.6310170466846959,0.26892050622199487,0.10622848227497675,0.5495984150713619,0.5523532885912009,-15.889973402274864
parent_human_capital,low h,0.8,1,0.5604665922024078,0.8,0.6309912310146211,0.26892498586586266,0.10626074863222112,0.5504416367911891,0.5532007369774878,-15.884458443795682
parent_human_capital,low h,0.8,1,0.5629091576927818,0.8,0.6309852363491945,0.2689260379645523,0.10626825831976079,0.5512877536369659,0.5540510950016035,-15.878829124591263
parent_human_capital,low h,0.8,1,0.5654083241525933,0.8,0.630881332812127,0.2689440746840567,0.10639813473291465,0.5522235945171788,0.5549916268037496,-15.873088454421186
parent_human_capital,low h,0.8,1,0.5679647500714233,0.8,0.6307935666022538,0.26895948925950397,0.10650809793143186,0.5531654550191467,0.5559382084011302,-15.867230201839554
parent_human_capital,low h,0.8,1,0.5705791108838415,0.8,0.6309530554980208,0.2689316225427276,0.10630848096350694,0.5539423332492963,0.5567189807496137,-15.86126760353603
parent_human_capital,low h,0.8,1,0.5732520992661372,0.8,0.6308428704988926,0.26895074401512936,0.10644620088289372,0.5549364005907995,0.5577180308744019,-15.855191583344723
parent_human_capital,low h,0.8,1,0.5759844254414287,0.8,0.6308569359966288,0.2689482961892062,0.10642861051582808,0.5558566233752256,0.5586428662947301,-15.84899665523117
parent_human_capital,low h,0.8,1,0.578776817493336,0.8,0.6308732225836029,0.2689454246466916,0.10640818890763298,0.5567932381271219,0.5595841758476076,-15.842692357871888
parent_human_capital,low h,0.8,1,0.5816300216884137,0.8,0.6307572934879877,0.2689655928160049,0.1065531601670594,0.5578462593977499,0.56064247540932,-15.836274012812684
parent_human_capital,low h,0.8,1,0.5845448028075416,0.8,0.630798453588179,0.268958432790684,0.10650168963040595,0.5588010444592646,0.5616020463508717,-15.829742995589697
parent_human_capital,low h,0.8,1,0.5875219444864789,0.8,0.6306781793335118,0.26897932357218185,0.10665204661043001,0.5598943356605954,0.5627008176971546,-15.823092542037461
parent_human_capital,low h,0.8,1,0.5905622495657936,0.8,0.6307615618160217,0.26896482276998057,0.10654778297275022,0.5608547179970448,0.5636660139700985,-15.816329068639511
parent_human_capital,low h,0.8,1,0.5936665404503856,0.8,0.630682284973844,0.2689786292440748,0.10664694113762357,0.5619550381171726,0.5647718494677806,-15.809449451842784
parent_human_capital,low h,0.8,1,0.5968356594788269,0.8,0.6307086694251991,0.268974020015024,0.10661391939643551,0.5629953790224641,0.5658174051035606,-15.802449636304592
parent_human_capital,low h,0.8,1,0.600070469302753,0.8,0.6307199550260678,0.2689721009393347,0.10659987032657431,0.5640659872788278,0.5668933798061416,-15.79534319965942
parent_human_capital,low h,0.8,1,0.6033718532765401,0.8,0.6306294856792201,0.2689877894647802,0.10671293115006342,0.5652318742820379,0.5680651108422751,-15.788115767959187
parent_human_capital,low h,0.8,1,0.6067407158575169,0.8,0.6307120767942452,0.2689734411300612,0.10660967843304289,0.5662873744913127,0.5691259017683659,-15.780779148565545
parent_human_capital,low h,0.8,1,0.6101779830169621,0.8,0.6307084669692382,0.26897406848051164,0.10661419164269859,0.5674268648375366,0.5702711038337193,-15.773325771733706
parent_human_capital,low h,0.8,1,0.6136846026621482,0.8,0.6306797795033643,0.2689790512914249,0.1066500543562876,0.5686047840306218,0.5714549273713305,-15.765755178713217
parent_human_capital,low h,0.8,1,0.6172615450697004,0.8,0.6306381216558326,0.2689862809952915,0.10670212297738721,0.5698122272706099,0.5726684229457456,-15.758066065138324
parent_human_capital,low h,0.8,1,0.6209098033305457,0.8,0.6307612009262253,0.2689648826766179,0.10654823012810445,0.5709151423229084,0.5737768663827499,-15.750259328917204
parent_human_capital,low h,0.8,1,0.6246303938067362,0.8,0.6306363868123465,0.26898658052847796,0.10670428914866185,0.5722253740946154,0.5750936657185433,-15.742338943159043
parent_human_capital,low h,0.8,1,0.6284243566004422,0.8,0.6307328593812878,0.2689697544145171,0.10658358697561682,0.5733882449377132,0.5762623654759989,-15.734292861345708
parent_human_capital,low h,0.8,1,0.6322927560354111,0.8,0.6307696374433917,0.268963442854027,0.10653772026640729,0.5746165928607468,0.5774968705186194,-15.72614023613047
parent_human_capital,low h,0.8,1,0.6362366811512086,0.8,0.6306460809400845,0.2689812682310595,0.1066869453126412,0.5759843260659332,0.5788714595150267,-15.717866274988118
parent_human_capital,low h,0.8,1,0.6402572462105554,0.8,0.6306908758733465,0.26897712951484654,0.10663619062803248,0.5772505564548762,0.5801440369102072,-15.709478329421279
parent_human_capital,low h,0.8,1,0.6443555912200942,0.8,0.630705675669412,0.2689745618756488,0.10661769343152218,0.5785574286758295,0.5814574598554284,-15.700965579752047
parent_human_capital,low h,0.8,1,0.6485328824649206,0.8,0.63072653216427,0.26897093776763104,0.10659161822111873,0.5798805851158452,0.5827872486447,-15.692339378535634
parent_human_capital,low h,0.8,1,0.652790313057229,0.8,0.6305970349675506,0.2689934181383129,0.10675348715162004,0.5813400183173201,0.5842539972855403,-15.683583602634371
parent_human_capital,low h,0.8,1,0.6571291034994325,0.8,0.6306804002208064,0.26897896143146904,0.10664930424050897,0.582657784309383,0.5855783686071262,-15.674710963484006
parent_human_capital,low h,0.8,1,0.6615505022621248,0.8,0.6305624936631675,0.26899941332268884,0.10679666152150435,0.5841515197129479,0.58707959139056,-15.665709496147548
parent_human_capital,low h,0.8,1,0.6660557863772645,0.8,0.630661975838478,0.26896344992504634,0.10664539205358868,0.5854846383179231,0.5884193922803506,-15.656588101308266
parent_human_capital,low h,0.8,1,0.6706462620469753,0.8,0.6306885588475186,0.2689775243097672,0.10663907615854606,0.5869260144152252,0.5898679933054066,-15.647354108671257
parent_human_capital,low h,0.8,1,0.6753232652683625,0.8,0.6307750876379937,0.268962497458221,0.10653090870184459,0.5883277317191644,0.5912767367465708,-15.637999483204052
parent_human_capital,low h,0.8,1,0.6800881624747613,0.8,0.6307691424627249,0.2689718373988384,0.10655030339160246,0.5898299765315924,0.5927865115924571,-15.628522151522649
parent_human_capital,low h,0.8,1,0.6849423511938463,0.8,0.6307362747655105,0.2689692468773413,0.10657944073786102,0.5913620031960115,0.5943262175724887,-15.618926032148298
parent_human_capital,low h,0.8,1,0.6898872607230374,0.8,0.6306076340207928,0.26899158622169056,0.10674025013844173,0.5929981320104335,0.5959705475167217,-15.609196308553784
parent_human_capital,low h,0.8,1,0.6949243528226603,0.8,0.6306774994754218,0.26897943194430685,0.10665288252437997,0.5945026719812951,0.597482629025571,-15.599341845209231
parent_human_capital,low h,0.8,1,0.7000551224273222,0.8,0.6305371138081288,0.26900381287850905,0.10682837673692425,0.5961943656422793,0.5991828023363186,-15.589354463142792
parent_human_capital,low h,0.8,1,0.7052810983759861,0.8,0.6307884715687458,0.2689601835876111,0.10651419279741417,0.5976029788911116,0.6005984762884435,-15.579242835231941
parent_human_capital,low h,0.8,1,0.7106038441612367,0.8,0.6306930367930527,0.2689767330506848,0.10663345879993347,0.5993065217685472,0.602310558210087,-15.56901852393676
parent_human_capital,low h,0.8,1,0.7160249586982449,0.8,0.6307619638905543,0.2689647743044929,0.10654731110791552,0.600904724747045,0.6039167722143522,-15.558665087066867
parent_human_capital,low h,0.8,1,0.7215460771139571,0.8,0.6307438538666679,0.26896793663993346,0.10656997489483633,0.602595309080187,0.6056158306367286,-15.548192076121108
parent_human_capital,low h,0.8,1,0.7271688715570458,0.8,0.6307119269967547,0.26897345964223024,0.1066098548880569,0.6043210132443142,0.6073501849289756,-15.537591320473268
parent_human_capital,low h,0.8,1,0.7328950520291776,0.8,0.6306370380317121,0.26898645634507307,0.10670345910519316,0.606105265796237,0.6091433810840337,-15.526849111515753
parent_human_capital,low h,0.8,1,0.7387263672381705,0.8,0.6306746188841086,0.26897995799365165,0.10665652062674977,0.6078251470137721,0.6108718832420472,-15.515981779455297
parent_human_capital,low h,0.8,1,0.7446646054736273,0.8,0.6305536872727414,0.2690009201229364,0.106807637704287,0.609695822560983,0.6127519355894596,-15.504974227829834
parent_human_capital,low h,0.8,1,0.7507115955056528,0.8,0.6307196897760254,0.2689721211207449,0.10660016463784724,0.6113632926443656,0.6144277639014176,-15.493851921139033
parent_human_capital,low h,0.8,1,0.7568692075072764,0.8,0.6306207307878828,0.26898929086324963,0.10672384805519658,0.6132673187287057,0.6163413339562223,-15.482599851200952
parent_human_capital,low h,0.8,1,0.7631393540012239,0.8,0.630798104498307,0.2689585085086013,0.10650214775407896,0.6149758052596249,0.6180583843115157,-15.471219899130634
parent_human_capital,low h,0.8,1,0.7695239908317001,0.8,0.6306487806004263,0.2689844447085388,0.1066888197798695,0.6169721020211727,0.6200646875522224,-15.459708626857042
parent_human_capital,low h,0.8,1,0.7760251181618615,0.8,0.6306490824338119,0.26898437065986275,0.10668841131639048,0.6188745119357415,0.621976633336171,-15.448059692095763
parent_human_capital,low h,0.8,1,0.7826447814976824,0.8,0.6305325896057229,0.2690046041375915,0.1068340403524088,0.6208976053405726,0.6240098675388943,-15.43627006410647
parent_human_capital,low h,0.8,1,0.7893850727389358,0.8,0.6306149036994505,0.26899030593760137,0.10673113685069548,0.6227870037160768,0.6259087365631675,-15.424357961509553
parent_human_capital,low h,0.8,1,0.7962481312580323,0.8,0.6308085017655896,0.2689774475602021,0.10651902272110142,0.6246304091703107,0.627761382125693,-15.412303071707612
parent_human_capital,low h,0.8,1,0.8032361450074849,0.8,0.6307011607340336,0.2689753188112822,0.1066232983542128,0.626709594511247,0.6298509894265213,-15.400130761491168
parent_human_capital,low h,0.8,1,0.8103513516567865,0.8,0.6308033114752806,0.26895753752960705,0.10649554256735362,0.628663500099959,0.6318146890077541,-15.38780881981836
parent_human_capital,low h,0.8,1,0.8175960397595149,0.8,0.6306377328686154,0.2689863409019288,0.1067025980301621,0.6308639842585269,0.6340262031390677,-15.375365774403093
parent_human_capital,low h,0.8,1,0.8249725499515008,0.8,0.6306984901089238,0.2689757963951394,0.10662665670007698,0.6329075491878845,0.6360800114802612,-15.362769479028877
parent_human_capital,low h,0.8,1,0.8324832761809209,0.8,0.6307030508963678,0.268975023648226,0.10662098315707774,0.6350254767661957,0.6382085552147374,-15.350049384911713
parent_human_capital,low h,0.8,1,0.8401306669712053,0.8,0.6306666562861251,0.2689813352087162,0.10666646641442626,0.6372058459254489,0.6403998535198825,-15.33718567680714
parent_human_capital,low h,0.8,1,0.8479172267176741,0.8,0.6306392770940421,0.2689860942043602,0.10670069856023659,0.6394079475641897,0.6426129932390221,-15.324186289611028
parent_human_capital,low h,0.8,1,0.8558455170188431,0.8,0.6306866411637917,0.2689778564971614,0.1066414721921207,0.6415775263584735,0.6447934470922684,-15.31104796801411
parent_human_capital,low h,0.8,1,0.8639181580433734,0.8,0.6306856940042604,0.26897800356286555,0.10664263112626599,0.6438167080975885,0.6470438527765585,-15.297763752846972
parent_human_capital,low h,0.8,1,0.8721378299336601,0.8,0.630727840768673,0.26897070251121213,0.1065899708474725,0.646049965680657,0.6492883046098467,-15.284358238658228
parent_human_capital,low h,0.8,1,0.8805072742470966,0.8,0.6307044897621481,0.2689747601077297,0.10661916479298264,0.6483681152983859,0.6516180740008897,-15.270803411308092
parent_human_capital,low h,0.8,1,0.88902929543607,0.8,0.6307163456750117,0.26897270707672705,0.10660435251547526,0.6506874988776682,0.653949083538744,-15.257119270113225
parent_human_capital,low h,0.8,1,0.8977067623677852,0.8,0.6307590517409865,0.26894082685879045,0.10651573893567182,0.652990093335965,0.656263219799794,-15.243267581050599
parent_human_capital,low h,0.8,1,0.9065426098850453,0.8,0.6306417294024736,0.2689856465738217,0.10669760166382956,0.6555023668375108,0.6587880861246707,-15.22929388650552
parent_human_capital,low h,0.8,1,0.9155398404091444,0.8,0.630794799994642,0.2689590830234338,0.10650627955910262,0.6577963698226412,0.6610935878476155,-15.215163991917116
parent_human_capital,low h,0.8,1,0.9247015255860773,0.8,0.6307612342443637,0.26896490118878685,0.1065482234674894,0.6602800900444737,0.6635897577688689,-15.200910283986907
parent_human_capital,low h,0.8,1,0.9340308079772923,0.8,0.6307384431350708,0.2689688662244594,0.10657672422815088,0.662787249929435,0.6661094848450514,-15.186501184941832
parent_human_capital,low h,0.8,1,0.9435309027962627,0.8,0.6307312843579199,0.2689701078149694,0.106585670895636,0.6653139765442931,0.6686488767297725,-15.17195664742386
parent_human_capital,low h,0.8,1,0.9532050996921831,0.8,0.630711851084965,0.2689734895955489,0.10660997393262545,0.6678844566235772,0.6712322413940727,-15.157257277220436
parent_human_capital,low h,0.8,1,0.9630567645821445,0.8,0.6307309445263206,0.2689701606505873,0.10658608681052521,0.6704554968155911,0.6738161689786795,-15.14239869800809
parent_human_capital,low h,0.8,1,0.9730893415331738,0.8,0.6307090866264922,0.2689739601083867,0.10661341592958472,0.6730957274478956,0.6764696338221019,-15.12741368245078
parent_human_capital,low h,0.8,1,0.9833063546955787,0.8,0.6309586585875704,0.2689306003973566,0.10630140598462323,0.6755355107067865,0.6789216465454705,-15.11226853100256
parent_human_capital,low h,0.8,1,0.9937114102890687,0.8,0.6307733101383077,0.2689628155035765,0.10653314418684251,0.6783864491073559,0.6817868753342415,-15.096994089204308
parent_human_capital,low h,0.8,1,1.0043081986431819,0.8,0.6309230683452574,0.26894224816921236,0.10635376901840848,0.6809866243937148,0.6844000840534615,-15.081551747436372
parent_human_capital,low h,0.8,1,1.0151004962935855,0.8,0.6306863314866803,0.26897790226176,0.1066418477702541,0.6839492768723272,0.687377586889422,-15.065965707033017
parent_human_capital,low h,0.8,1,1.0260921681358672,0.8,0.6308874815558903,0.268943006774087,0.10639044819879508,0.6865705779820849,0.6900120273256711,-15.050228481442772
parent_human_capital,low h,0.8,1,1.037287169638491,0.8,0.63073234698399,0.26896990251186914,0.10658431263310153,0.6895404576863343,0.6929967936138881,-15.034332054023
parent_human_capital,low h,0.8,1,1.0486895491166357,0.8,0.63089208548432,0.26894219700283567,0.10638467819976336,0.6922703933090714,0.6957404130958788,-15.018299175445728
parent_human_capital,low h,0.8,1,1.0603034500686892,0.8,0.6308824313496798,0.2689438279864881,0.10639668095086305,0.6951866891018877,0.6986713268821889,-15.002104397886063
parent_human_capital,low h,0.8,1,1.0721331135772334,0.8,0.6308642204224986,0.26894703711817497,0.10641951302767344,0.6981485813680531,0.7016480656951218,-14.985754092631455
parent_human_capital,low h,0.8,1,1.0841828807763967,0.8,0.6309483773862183,0.2689407740231725,0.10632633720715008,0.7010654078893505,0.7045795128702004,-14.969245053204828
parent_human_capital,low h,0.8,1,1.0964571953875313,0.8,0.6308231887856816,0.26895416989106624,0.10647081585745391,0.7041921614126174,0.7077219393107249,-14.952588796699427
parent_human_capital,low h,0.8,1,1.1089606063252093,0.8,0.6308725711308598,0.26894556027124616,0.10640903565973464,0.7072100208749167,0.7107549258565297,-14.9357763970952
parent_human_capital,low h,0.8,1,1.1216977703756155,0.8,0.6309087075496574,0.2689393156884126,0.1063639070416568,0.7102793284729351,0.7138396184229071,-14.91879064899516
parent_human_capital,low h,0.8,1,1.1346734549494641,0.8,0.6308217253787944,0.26895440244659613,0.106472614144304,0.7134999886493951,0.7170764222256827,-14.901670834200191
parent_human_capital,low h,0.8,1,1.147892540911644,0.8,0.6310573106776712,0.26891351884556663,0.1061781564599448,0.7164691307577177,0.7200604472207577,-14.884370304373197
parent_human_capital,low h,0.8,1,1.1613600254898573,0.8,0.6308573006495057,0.26894823898345793,0.10642816348667367,0.7198750656214717,0.723483454404062,-14.866929454909123
parent_human_capital,low h,0.8,1,1.1750810252645967,0.8,0.630968267463783,0.26892894923229393,0.10628941943072032,0.7230396635028766,0.726663914898359,-14.849310395680424
parent_human_capital,low h,0.8,1,1.189060779242872,0.8,0.6308023105600908,0.26895776134487626,0.106496865776531,0.726500060484431,0.7301416571919653,-14.831541534689533
parent_human_capital,low h,0.8,1,1.2033046520181812,0.8,0.6309899988892392,0.26892520261011255,0.1062622928693229,0.7296787869039922,0.7333363170440109,-14.813607900328703
parent_human_capital,low h,0.8,1,1.217818137019287,0.8,0.6310755804146064,0.26891028683158036,0.10615523262286934,0.7329939350104476,0.736668082399502,-14.795499739468518
parent_human_capital,low h,0.8,1,1.2326068598504607,0.8,0.6308803888422403,0.2689442157103893,0.10639928178072036,0.7366134137107211,0.7403057038122608,-14.77724309111846
parent_human_capital,low h,0.8,1,1.247676581725918,0.8,0.6309541437974183,0.26893143138166603,0.10630711739218077,0.7400281836844599,0.7437375903917229,-14.758808878420004
parent_human_capital,low h,0.8,1,1.2630332030012734,0.8,0.6309503508129808,0.26893207724428553,0.10631184041879037,0.7435601350837922,0.7472872457711187,-14.740207718945971
parent_human_capital,low h,0.8,1,1.2786827668049243,0.8,0.6309507663268615,0.2689319873843296,0.1063112955065731,0.7471339609288211,0.7508789854927437,-14.721453581632812
parent_human_capital,low h,0.8,1,1.294631462772364,0.8,0.6310340556605678,0.26895318914016353,0.10625853670126777,0.7507116146090428,0.7544745722366654,-14.702516102930762
parent_human_capital,low h,0.8,1,1.31088563088653,0.8,0.6309129094874842,0.2689385728948179,0.10635863548105354,0.7544581199615531,0.7582398570254049,-14.683416144091774
parent_human_capital,low h,0.8,1,1.3274517654273796,0.8,0.631144005660573,0.26890600978992374,0.10608064843691728,0.7579614755834824,0.7617607732904671,-14.664136141002556
parent_human_capital,low h,0.8,1,1.3443365190339982,0.8,0.6308511875902807,0.26894930689342755,0.10643581433625492,0.7619962486534149,0.7658157707445754,-14.644692100181963
parent_human_capital,low h,0.8,1,1.3615467068826452,0.8,0.631077495568691,0.26891001018069316,0.10615291909150723,0.7655924466196997,0.769429994728181,-14.625090498698768
parent_human_capital,low h,0.8,1,1.3790893109842512,0.8,0.6310466242552036,0.2689548059817773,0.1062482963585557,0.7695240051192972,0.7733812602467675,-14.6052837733601
parent_human_capital,low h,0.8,1,1.3969714846049992,0.8,0.6309391295600242,0.2689340077611245,0.10632584161599513,0.7734998358624512,0.7773770199244551,-14.585332547871538
parent_human_capital,low h,0.8,1,1.4152005568137338,0.8,0.6312205830784099,0.26888514896174465,0.10597403142650239,0.7771902137594315,0.7810858959176231,-14.565181921874077
parent_human_capital,low h,0.8,1,1.4337840371600625,0.8,0.6309775829797308,0.2689273482019601,0.10627779843109178,0.7814411958786766,0.7853581861734137,-14.544877012842203
parent_human_capital,low h,0.8,1,1.4527296204871472,0.8,0.6310918841562618,0.268907506818263,0.1061349256620369,0.7853968583831777,0.7893336765187314,-14.524379066651623
parent_human_capital,low h,0.8,1,1.4720451918832933,0.8,0.6310991770480247,0.26890619928174414,0.10612574991768699,0.7895097773851687,0.7934672116130129,-14.503705215954438
parent_human_capital,low h,0.8,1,1.4917388317766058,0.8,0.6310936364580225,0.2689071887729074,0.10613271537496416,0.7936892310622913,0.7976676148888731,-14.482851415843594
parent_human_capital,low h,0.8,1,1.5118188211770927,0.8,0.6312123361732722,0.26888658171331625,0.1059843414939032,0.7978000995557432,0.8017990891963988,-14.461814258554547
parent_human_capital,low h,0.8,1,1.5322936470707536,0.8,0.6310332329053642,0.26891769188522846,0.10620824340936483,0.8022619131653111,0.8062832677397553,-14.440605885280249
parent_human_capital,low h,0.8,1,1.5531720079703377,0.8,0.6310647350664171,0.268912228789569,0.10616887439056226,0.8065708127344875,0.8106137657579032,-14.419213515855125
parent_human_capital,low h,0.8,1,1.5744628196276003,0.8,0.6312885154443263,0.26887333561201576,0.10588908783697636,0.810743085453189,0.8148069520806384,-14.397623098968364
parent_human_capital,low h,0.8,1,1.5961752209120554,0.8,0.6309366779115877,0.2689344597617933,0.10632894414539473,0.8155519977684743,0.819639969169215,-14.37585271263181
parent_human_capital,low h,0.8,1,1.618318579861377,0.8,0.6312222003408454,0.2688848793818768,0.10597202596905704,0.8197768813715632,0.823886030089493,-14.35391077905867
parent_human_capital,low h,0.8,1,1.6409024999087747,0.8,0.6311652831681815,0.26889477532515765,0.10604319330004558,0.82440709888239,0.8285394566621764,-14.331762021595601
parent_human_capital,low h,0.8,1,1.6639368262928396,0.8,0.6310608396386668,0.26889072042952916,0.10614179777985527,0.8291226592258166,0.8332786538501881,-14.309434268608356
parent_human_capital,low h,0.8,1,1.6874316526555453,0.8,0.6313352691309357,0.2688652574433186,0.10583070158744307,0.8335589743543892,0.8377372061008815,-14.286899391259563
parent_human_capital,low h,0.8,1,1.7113973278342638,0.8,0.6311442471802581,0.2688984135752141,0.1060694683680502,0.8385113608649578,0.8427144165521383,-14.264204890770747
parent_human_capital,low h,0.8,1,1.7358444628538618,0.8,0.6312503498483647,0.2688799864309195,0.10593683061215942,0.8432202493588705,0.8474469084478512,-14.241303789243588
parent_human_capital,low h,0.8,1,1.7607839381251333,0.8,0.6312190534476764,0.2688853869190526,0.10597590371575935,0.8481350972973759,0.8523863921641691,-14.218176489725293
parent_human_capital,low h,0.8,1,1.7862269108560356,0.8,0.6312094111674847,0.26888709362062235,0.10598800364621142,0.853092413904749,0.8573685574244433,-14.194911148673224
parent_human_capital,low h,0.8,1,1.8121848226824113,0.8,0.631295395266634,0.26887217784209017,0.10588054082597574,0.8580149105198005,0.8623157281564582,-14.171417430721888
parent_human_capital,low h,0.8,1,1.8386694075250942,0.8,0.6310353167886271,0.2689173199726072,0.10620562397192737,0.863368855061467,0.86769650945682,-14.147727667286357
parent_human_capital,low h,0.8,1,1.8656926996805347,0.8,0.6312970225672015,0.26887188975005333,0.10587849867287527,0.8682392861631939,0.8725913536960385,-14.123846986139903
parent_human_capital,low h,0.8,1,1.8932670421523103,0.8,0.6313521850058026,0.26886231622225826,0.10580955035424927,0.8733959405227153,0.8777738558931016,-14.099760732474135
parent_human_capital,low h,0.8,1,1.921405095231136,0.8,0.6312888060337192,0.26887331272971643,0.10588876429707256,0.8787489287016743,0.8831536760369678,-14.075475959046585
parent_human_capital,low h,0.8,1,1.9501198453312445,0.8,0.6311888356339797,0.26889068070430205,0.10601374458021542,0.8842127259341136,0.8886448606670063,-14.05099102029261
parent_human_capital,low h,0.8,1,1.979424614091259,0.8,0.6314372111414709,0.2688474903036821,0.10570317489583138,0.8893719110283586,0.8938299062841537,-14.02628533119721
parent_human_capital,low h,0.8,1,2.009333067747975,0.8,0.6314325307942171,0.26884847272382606,0.10570926992809249,0.8948771761758638,0.8993627666880474,-14.001384383238827
parent_human_capital,low h,0.8,1,2.0398592267917226,0.8,0.6313184537466481,0.2688681687110603,0.10585170919727883,0.9005759403778418,0.9050900960644606,-13.976301539986439
parent_human_capital,low h,0.8,1,2.071017475912293,0.8,0.6312117004310819,0.2688866900854412,0.1059851332919535,0.9063430075717888,0.9108860708030146,-13.950970394845953
parent_human_capital,low h,0.8,1,2.1028225742447084,0.8,0.6312817954535295,0.2688745489184483,0.10589755498903614,0.9119921798820848,0.9165635597073545,-13.925467290413966
parent_human_capital,low h,0.8,1,2.135289665924415,0.8,0.631407284222562,0.2688417047925368,0.10572477067869102,0.9176433388734279,0.9222430452510213,-13.89972571002882
parent_human_capital,low h,0.8,1,2.168434290961828,0.8,0.6311637414687432,0.2688950405348952,0.106045116901506,0.9238097715808139,0.9284403873309813,-13.873783180252524
parent_human_capital,low h,0.8,1,2.2022723964464688,0.8,0.6313449299445398,0.2688635752932894,0.10581861847779697,0.9295692476845778,0.9342287329288546,-13.847639094205409
parent_human_capital,low h,0.8,1,2.23682034809129,0.8,0.6316600821854408,0.2688088852181657,0.10542471252871788,0.9352558747619523,0.9399438643430739,-13.82123724005029
parent_human_capital,low h,0.8,1,2.2720949421281498,0.8,0.6312679700916658,0.26887694827888386,0.10591483542992694,0.9418244369524701,0.9465453515885882,-13.794674013570296
parent_human_capital,low h,0.8,1,2.308113417565749,0.8,0.6313763762312626,0.2688581105283887,0.10577930292961714,0.9479099765178898,0.95266139504802,-13.767868506098658
parent_human_capital,low h,0.8,1,2.344893468821764,0.8,0.6315765752383306,0.268823383319478,0.10552909674171784,0.9539736410779798,0.9587554538532018,-13.740806127352613
parent_human_capital,low h,0.8,1,2.382453258741261,0.8,0.6313758953121826,0.2688497186844663,0.10576769959344894,0.9605733144075814,0.9653882081830334,-13.713593780441228
parent_human_capital,low h,0.8,1,2.4208114320139376,0.8,0.6314865372391746,0.26883957501196903,0.10564245077806081,0.9669233367066993,0.9717700601013833,-13.686130873711194
parent_human_capital,low h,0.8,1,2.4599871290031343,0.8,0.6316086908058687,0.26881771595236603,0.10548882016553834,0.9733355242311167,0.9782143888495213,-13.658412682241398
parent_human_capital,low h,0.8,1,2.5,0.8,0.631552280018744,0.2688275890133476,0.10555944816047658,0.9800470313289242,0.9849595375166547,-13.630516212328034
parent_human_capital,low h,0.8,2,0.5,0.8,0.5363538742783152,0.2955756988755096,0.2605565824214554,0.6145357489216402,0.6176161221819576,-15.8137529801496
parent_human_capital,low h,0.8,2,0.5000203210855501,0.8,0.536352424200248,0.2955759341319285,0.26055838820722804,0.6145446697281324,0.6176250877041783,-15.813593800953017
parent_human_capital,low h,0.8,2,0.5000812892976928,0.8,0.5363480733885465,0.2955766883666729,0.2605638794218629,0.6145714504887118,0.6176520027038788,-15.813116244502755
parent_human_capital,low h,0.8,2,0.5001829195049198,0.8,0.5363408335564099,0.29557788586182554,0.2605729298666703,0.614616063814128,0.6176968396545194,-15.812320254229594
parent_human_capital,low h,0.8,2,0.5003252364947652,0.8,0.5363388343200832,0.2955658328855474,0.2605567050028646,0.6146711491560152,0.6177522011128317,-15.811205749396613
parent_human_capital,low h,0.8,2,0.5005082749838822,0.8,0.5365203026636344,0.29554967988663555,0.2603508133249587,0.614684695069042,0.6177658149250301,-15.809774024624106
parent_human_capital,low h,0.8,2,0.500732079632158,0.8,0.5365043233184125,0.29555231450349,0.26037077621086446,0.6147829004462272,0.617864512558717,-15.808024870830787
parent_human_capital,low h,0.8,2,0.5009967050608752,0.8,0.536486454973585,0.29555373581391187,0.26039079357704975,0.6148980728692139,0.6179802622858763,-15.805957199184522
parent_human_capital,low h,0.8,2,0.5013022158749305,0.8,0.5364646815587943,0.295557329968611,0.26041800135374565,0.6150320504203632,0.6181149114022955,-15.803570764552934
parent_human_capital,low h,0.8,2,0.5016486866891229,0.8,0.5364400315444926,0.29556140337640857,0.2604488103606373,0.6151839293457818,0.6182675516239958,-15.80086528393659
parent_human_capital,low h,0.8,2,0.502036202158526,0.8,0.5364124292914427,0.29556601260545934,0.26048338176801183,0.6153537703953096,0.6184382440053272,-15.797840436401861
parent_human_capital,low h,0.8,2,0.502464857012963,0.8,0.5363819546308335,0.29557104388186023,0.2605214637185392,0.6155415277705323,0.6186269425183099,-15.79449586303711
parent_human_capital,low h,0.8,2,0.5029347560956027,0.8,0.5363485705961553,0.2955765571122486,0.26056318375756476,0.6157472554941262,0.6188337014564096,-15.790831166831945
parent_human_capital,low h,0.8,2,0.5034460144056994,0.8,0.5363122936153244,0.29558256206853295,0.26060854023229746,0.615970975309758,0.6190585426722838,-15.786845912612788
parent_human_capital,low h,0.8,2,0.5039987571454999,0.8,0.5362731100554916,0.2955890506480459,0.2606575345243538,0.6162127140099538,0.6193014930927568,-15.782539626937867
parent_human_capital,low h,0.8,2,0.5045931197713469,0.8,0.5363371223110529,0.295578460376658,0.260577509778454,0.6164333235656364,0.6195232084584391,-15.77791456241366
parent_human_capital,low h,0.8,2,0.5052292480490046,0.8,0.536292122802624,0.2955858926827357,0.26063374693367247,0.6167111703685455,0.6198024479742434,-15.772968845185416
parent_human_capital,low h,0.8,2,0.5059072981132409,0.8,0.5362447956900414,0.29559372248462307,0.2606929127067088,0.6170069138649067,0.6200996738910493,-15.767700724185403
parent_human_capital,low h,0.8,2,0.5066274365316988,0.8,0.5364421379404911,0.29565197239099694,0.26058364431469627,0.6172615677050548,0.620355604188883,-15.762110370439853
parent_human_capital,low h,0.8,2,0.507389840373095,0.8,0.5364484418876847,0.295560007649175,0.260438289677868,0.6175393243197681,0.6206347530644213,-15.756209471195042
parent_human_capital,low h,0.8,2,0.5081946972797818,0.8,0.5364230583041681,0.2955642133430446,0.26047003227051535,0.6178782264522423,0.6209753539509039,-15.74998643549578
parent_human_capital,low h,0.8,2,0.5090422055447187,0.8,0.5363634739751629,0.2955741190582339,0.2605445940408867,0.6182469741936183,0.6213459500480253,-15.743439872265379
parent_human_capital,low h,0.8,2,0.5099325741928927,0.8,0.5363009354614072,0.29558444849001453,0.2606227506554948,0.6186340107401564,0.6217349266233264,-15.73656826098527
parent_human_capital,low h,0.8,2,0.5108660230672385,0.8,0.5363438487991704,0.2955773440012007,0.2605690953306451,0.6189992507033155,0.6221019973594196,-15.729375628072864
parent_human_capital,low h,0.8,2,0.5118427829191048,0.8,0.5364812744288517,0.2955545799086123,0.26039725039297,0.6193467053316627,0.622451193611339,-15.721864549071814
parent_human_capital,low h,0.8,2,0.5128630955033207,0.8,0.5364099770280812,0.2955663633050225,0.2604863642891128,0.6197888833047948,0.6228955880107849,-15.714032437425956
parent_human_capital,low h,0.8,2,0.5139272136779165,0.8,0.5363357369575037,0.2955786841919273,0.26057923354069046,0.620249575523591,0.6233585894589375,-15.705872580952175
parent_human_capital,low h,0.8,2,0.5150354015085564,0.8,0.5362585725055258,0.29559144293746215,0.26067568921591705,0.6207287936157382,0.6238402096417679,-15.69738400159071
parent_human_capital,low h,0.8,2,0.5161879343777439,0.8,0.5364909708622551,0.2955529745081481,0.260385126594065,0.621110505764649,0.6242238351307875,-15.688577156554334
parent_human_capital,low h,0.8,2,0.5173850990988615,0.8,0.5365185661614253,0.295548448068034,0.26035068731744215,0.6215858155459634,0.6247015274122952,-15.679457278866117
parent_human_capital,low h,0.8,2,0.5186271940351138,0.8,0.5364326062487175,0.2955626863613868,0.26045817552969935,0.6221209646282907,0.6252393589405606,-15.670008328464244
parent_human_capital,low h,0.8,2,0.5199145292234401,0.8,0.5363437371791889,0.2955773739545194,0.26056925224004435,0.6226748703344052,0.6257960411105813,-15.660227462781451
parent_human_capital,low h,0.8,2,0.5212474265034702,0.8,0.5362840915080409,0.29558722850333197,0.26064379798899706,0.6232356418071451,0.6263596234620256,-15.650114514475153
parent_human_capital,low h,0.8,2,0.5226262196515982,0.8,0.5363957605655697,0.29557074601791494,0.26050720741351774,0.6237510792035498,0.6268776444991315,-15.639670651328704
parent_human_capital,low h,0.8,2,0.5240512545202515,0.8,0.5364121551936556,0.29556601967647866,0.2604836665571801,0.6243184041504831,0.6274478131741954,-15.628916826270409
parent_human_capital,low h,0.8,2,0.5255228891824385,0.8,0.5366273146352957,0.29553194540120675,0.260216986811329,0.6248306369024085,0.6279626135034746,-15.617839035370313
parent_human_capital,low h,0.8,2,0.5270414940816569,0.8,0.5365246542093547,0.29554747001802034,0.2603431204578921,0.625478485844207,0.6286137098016076,-15.606441375019457
parent_human_capital,low h,0.8,2,0.5286074521872524,0.8,0.5364180654648658,0.2955650645087643,0.2604763120723859,0.626146407954692,0.629284979885604,-15.594705916347657
parent_human_capital,low h,0.8,2,0.5302211591553182,0.8,0.5364234567064059,0.2955641806888369,0.2604695844951154,0.6267906066200302,0.6299324076101898,-15.58263837513604
parent_human_capital,low h,0.8,2,0.5318830234952302,0.8,0.5363109065645444,0.2955828060652124,0.2606102962060568,0.6274971794163853,0.6306425221174251,-15.570234429460143
parent_human_capital,low h,0.8,2,0.5335934667419154,0.8,0.5361953753288666,0.29560193460863354,0.2607547497993874,0.6282232042858462,0.6313721862016889,-15.557488598324785
parent_human_capital,low h,0.8,2,0.5353529236339561,0.8,0.536638756351153,0.29553008623215477,0.26020273403186517,0.628758452797665,0.6319101176578381,-15.544435075638134
parent_human_capital,low h,0.8,2,0.537161842297634,0.8,0.536636287308408,0.29552899003810773,0.260203545629211,0.6294782441797184,0.6326335170092083,-15.531068628219042
parent_human_capital,low h,0.8,2,0.5390206844370244,0.8,0.5365118452157907,0.2955495530023416,0.2603590789237498,0.6302629839552379,0.6334221903092219,-15.51736258349451
parent_human_capital,low h,0.8,2,0.5409299255302531,0.8,0.5363844385505977,0.29557063764579006,0.260518365569837,0.6310675274064136,0.6342307665512289,-15.503310067123646
parent_human_capital,low h,0.8,2,0.5428900550320312,0.8,0.5363732903670708,0.29557239821462544,0.26053217573344295,0.6318470245130299,0.6350141709033519,-15.488910671372931
parent_human_capital,low h,0.8,2,0.5449015765825912,0.8,0.5365648331704714,0.29554075762323806,0.26029279235586456,0.6325689150512822,0.6357396799329854,-15.474189407840655
parent_human_capital,low h,0.8,2,0.5469650082231464,0.8,0.5366410353302733,0.2955282014799144,0.26019760530735736,0.6333530815949323,0.636527777127793,-15.459148428913608
parent_human_capital,low h,0.8,2,0.5490808826180046,0.8,0.5365379375642615,0.2955452416372361,0.2603264677912396,0.6342239494571656,0.6374030102333514,-15.443774878491492
parent_human_capital,low h,0.8,2,0.5512497472834679,0.8,0.5365207430275556,0.2955480674151521,0.2603479349041544,0.6350814579333012,0.6382648169886107,-15.428059641836334
parent_human_capital,low h,0.8,2,0.5534721648236569,0.8,0.5363806903295625,0.29557124918496047,0.26052303843809793,0.6360047080342591,0.6391926948999582,-15.411996585576233
parent_human_capital,low h,0.8,2,0.5557487131734017,0.8,0.536567432900722,0.2955403372451291,0.2602895570139133,0.6368234224968602,0.6400155131858809,-15.395606810159684
parent_human_capital,low h,0.8,2,0.5580799858483445,0.8,0.5365430187874896,0.2955444160547048,0.2603201382872241,0.6377415626211028,0.6409382555066482,-15.378878071954663
parent_human_capital,low h,0.8,2,0.5604665922024078,0.8,0.5366108822658539,0.29553317451891925,0.26023527760675214,0.6386441161852049,0.641845333139317,-15.36182312235421
parent_human_capital,low h,0.8,2,0.5629091576927818,0.8,0.5364899527050639,0.29555316566920975,0.2603864337867811,0.6396380912641766,0.6428442905391059,-15.344415577317477
parent_human_capital,low h,0.8,2,0.5654083241525933,0.8,0.5367924633620074,0.2955046602702822,0.26001058296665946,0.6404910470568907,0.6437015217905231,-15.326667347761036
parent_human_capital,low h,0.8,2,0.5679647500714233,0.8,0.5366346465452189,0.2955292764609033,0.26020561946366694,0.6415381875170065,0.6447539110640379,-15.308602838296379
parent_human_capital,low h,0.8,2,0.5705791108838415,0.8,0.5364737357231366,0.2955558945161504,0.2604067767852828,0.64260713147056,0.6458282131214562,-15.290172618994825
parent_human_capital,low h,0.8,2,0.5732520992661372,0.8,0.5366542833071285,0.29552605588806674,0.26018111319562853,0.643565690590381,0.6467915770388603,-15.271401009112816
parent_human_capital,low h,0.8,2,0.5759844254414287,0.8,0.5368251956842092,0.2954977213593416,0.25996735901111534,0.6445478936906028,0.64777870345261,-15.252297214813767
parent_human_capital,low h,0.8,2,0.578776817493336,0.8,0.5366880142122393,0.2955204130724953,0.2601388503533736,0.6456685424682335,0.6489049695056147,-15.23286414264123
parent_human_capital,low h,0.8,2,0.5816300216884137,0.8,0.5366456899911939,0.29552744891441124,0.260191812767396,0.6467733417097804,0.6500153065764052,-15.213067372831539
parent_human_capital,low h,0.8,2,0.5845448028075416,0.8,0.5366652111492886,0.2955605266275005,0.26022230511149225,0.6478883966535116,0.6511359507563013,-15.192910956489401
parent_human_capital,low h,0.8,2,0.5875219444864789,0.8,0.536853827191373,0.2954929640329388,0.2599315344264306,0.6489321134102429,0.652184899165047,-15.172433943095363
parent_human_capital,low h,0.8,2,0.5905622495657936,0.8,0.5368054456200886,0.29550100620894576,0.2599920757678374,0.6501014389000914,0.6533600859233047,-15.15162246535498
parent_human_capital,low h,0.8,2,0.5936665404503856,0.8,0.536654566930734,0.2955259818393908,0.2601807176104248,0.6513314295094675,0.6545962418862672,-15.130443968321831
parent_human_capital,low h,0.8,2,0.5968356594788269,0.8,0.53646782963069,0.2955568523847538,0.26041413117505785,0.6525965663654277,0.655867720267108,-15.10888686672428
parent_human_capital,low h,0.8,2,0.600070469302753,0.8,0.5369730947527372,0.2954732919596517,0.25978252269025626,0.6536150299823184,0.6568912889541229,-15.087029577919417
parent_human_capital,low h,0.8,2,0.6033718532765401,0.8,0.5367805425054687,0.29550514929528904,0.2600232432290084,0.6549253057221143,0.658208132478396,-15.064823286401285
parent_human_capital,low h,0.8,2,0.6067407158575169,0.8,0.5367216036506346,0.2955163766890358,0.26009915790318755,0.6562059709554415,0.6594952170729192,-15.042230807645089
parent_human_capital,low h,0.8,2,0.6101779830169621,0.8,0.5369081395205308,0.29548400911533357,0.25986368226185363,0.6574117280322993,0.660707018032276,-15.019287456602516
parent_human_capital,low h,0.8,2,0.6136846026621482,0.8,0.5369222332774861,0.2954816865044631,0.2598460767172622,0.6587070250909625,0.662008807794465,-14.996019110757995
parent_human_capital,low h,0.8,2,0.6172615450697004,0.8,0.5368572187387437,0.2954924450546133,0.2599273581838317,0.6600553085417976,0.6633638495442219,-14.972392603620447
parent_human_capital,low h,0.8,2,0.6209098033305457,0.8,0.5366500675254979,0.2955267545863041,0.26018638540899397,0.6614815484762794,0.6647972385361257,-14.94838173235807
parent_human_capital,low h,0.8,2,0.6246303938067362,0.8,0.5367954636337499,0.2955026856580859,0.2600045970812761,0.6627922552154111,0.6661145152201279,-14.924032263133283
parent_human_capital,low h,0.8,2,0.6284243566004422,0.8,0.5369837610356004,0.29547152702068596,0.25976918781967673,0.6641084725085832,0.6674373300799374,-14.899338551267627
parent_human_capital,low h,0.8,2,0.6322927560354111,0.8,0.5367582634154527,0.2955088235380357,0.26005107777405734,0.6656100368950341,0.6689464210891972,-14.874266899078217
parent_human_capital,low h,0.8,2,0.6362366811512086,0.8,0.5370420401456802,0.29546193768161094,0.2596964096289155,0.666934111142679,0.6702771322866278,-14.848847849080371
parent_human_capital,low h,0.8,2,0.6402572462105554,0.8,0.5368202723792954,0.295498583966211,0.2599735865776156,0.6684805375532523,0.6718313101918416,-14.823060300771875
parent_human_capital,low h,0.8,2,0.6443555912200942,0.8,0.53700301901384,0.2954699189193328,0.25974749839219125,0.669891144992134,0.6732489883299352,-14.796898593534927
parent_human_capital,low h,0.8,2,0.6485328824649206,0.8,0.5371284900639935,0.2954490678630621,0.25959050054495636,0.6713470303057095,0.6747121712990138,-14.77040550020331
parent_human_capital,low h,0.8,2,0.652790313057229,0.8,0.5368987377851115,0.29548563302796665,0.2598755393531741,0.6729670160441998,0.6763402772498104,-14.743534780203305
parent_human_capital,low h,0.8,2,0.6571291034994325,0.8,0.5370422596545468,0.2954633448499941,0.2596983177586442,0.6744637901687401,0.6778445539858717,-14.716269065201104
parent_human_capital,low h,0.8,2,0.6615505022621248,0.8,0.5371972298300299,0.2954376994429826,0.25950457172775987,0.6759792765317939,0.6793676367559324,-14.68867458330663
parent_human_capital,low h,0.8,2,0.6660557863772645,0.8,0.5371086224369319,0.29545091559096437,0.2596131619366062,0.6776156014281883,0.6810121637650027,-14.660714487517305
parent_human_capital,low h,0.8,2,0.6706462620469753,0.8,0.5368658388620116,0.29549109612362623,0.25991669847691135,0.6793387870238021,0.6827439868643591,-14.632350481048228
parent_human_capital,low h,0.8,2,0.6753232652683625,0.8,0.5372244744879842,0.2954317914176736,0.2594683941355385,0.6808458788195595,0.6842586329891798,-14.603628354277348
parent_human_capital,low h,0.8,2,0.6800881624747613,0.8,0.537151011645688,0.2954439026313478,0.2595601691329099,0.6825509431941674,0.6859722440345322,-14.574572259966754
parent_human_capital,low h,0.8,2,0.6849423511938463,0.8,0.5368997666018085,0.29548546745009346,0.25987426018273285,0.684352830941754,0.6877831637820397,-14.545087385535432
parent_human_capital,low h,0.8,2,0.6898872607230374,0.8,0.5374104855547337,0.29540098618072597,0.25923580555052395,0.6858729941089873,0.6893109467988584,-14.515250672269874
parent_human_capital,low h,0.8,2,0.6949243528226603,0.8,0.5371401840087671,0.2954457062638928,0.25957372386223887,0.6877338190543513,0.6911810991680768,-14.485064657735302
parent_human_capital,low h,0.8,2,0.7000551224273222,0.8,0.5370704072514105,0.2954572685459229,0.2596609827900249,0.6895395872421077,0.6929959188065417,-14.454454709236796
parent_human_capital,low h,0.8,2,0.7052810983759861,0.8,0.5371872877395478,0.29543793740029056,0.25951487360969144,0.6912957167349599,0.6947608509351085,-14.423493018692216
parent_human_capital,low h,0.8,2,0.7106038441612367,0.8,0.5373165285941985,0.2954165249395783,0.25935325711444396,0.6930728600201601,0.696546902188096,-14.392160111736507
parent_human_capital,low h,0.8,2,0.7160249586982449,0.8,0.5373809653031574,0.29546098958491596,0.25935605094923564,0.694924386824569,0.6984077098092337,-14.360413563846443
parent_human_capital,low h,0.8,2,0.7215460771139571,0.8,0.537179157951082,0.2954392863312777,0.25952504298181,0.6968681808572517,0.7003612471500515,-14.328312173594249
parent_human_capital,low h,0.8,2,0.7271688715570458,0.8,0.5373041340550602,0.2954185991836389,0.2593687879106019,0.6987270631393416,0.7022294471183557,-14.295834325405792
parent_human_capital,low h,0.8,2,0.7328950520291776,0.8,0.5373994384518614,0.29540280395530966,0.25924960112856676,0.7006251586037673,0.7041370568258899,-14.262942396877921
parent_human_capital,low h,0.8,2,0.7387263672381705,0.8,0.5373154181371635,0.2954167416838282,0.25935469528878474,0.7026244810946953,0.7061464009625085,-14.229689942597592
parent_human_capital,low h,0.8,2,0.7446646054736273,0.8,0.5372712273689887,0.29542407101955903,0.25940996801258465,0.7046353100944489,0.7081673092845678,-14.196021846505767
parent_human_capital,low h,0.8,2,0.7507115955056528,0.8,0.5375272415144834,0.29538174052491933,0.25908995015919467,0.7065501011462796,0.7100916982664871,-14.161998676106135
parent_human_capital,low h,0.8,2,0.7568692075072764,0.8,0.537270564319844,0.29542417939168397,0.2594107949203822,0.7087053275810125,0.712257727818681,-14.12755301704625
parent_human_capital,low h,0.8,2,0.7631393540012239,0.8,0.5377504121799764,0.29539577248352406,0.2588879958151119,0.7106038786260288,0.7141657953904131,-14.092702687543998
parent_human_capital,low h,0.8,2,0.7695239908317001,0.8,0.5374707835465246,0.29539104177195746,0.2591604716126752,0.7128061521156385,0.7163791078218276,-14.057522885586879
parent_human_capital,low h,0.8,2,0.7760251181618615,0.8,0.537339391738365,0.29541280660147423,0.25932477184306413,0.7149966056906985,0.7185805410911241,-14.021874313761348
parent_human_capital,low h,0.8,2,0.7826447814976824,0.8,0.5377182119796475,0.2953501571392802,0.25885122561494417,0.7170031314082299,0.7205971245606696,-13.985869584742408
parent_human_capital,low h,0.8,2,0.7893850727389358,0.8,0.5375667764056422,0.2953751724949522,0.2590404844067255,0.7192613094978967,0.722866621815115,-13.949470422658067
parent_human_capital,low h,0.8,2,0.7962481312580323,0.8,0.5373245445451578,0.2953114648946969,0.259186390375624,0.7215460586973254,0.7251628233675643,-13.91260729753381
parent_human_capital,low h,0.8,2,0.8032361450074849,0.8,0.5378062151085035,0.2953355762490313,0.2587411761800319,0.7236402628817903,0.7272675247941878,-13.87542693800376
parent_human_capital,low h,0.8,2,0.8103513516567865,0.8,0.5374722827981111,0.29539083376796815,0.2591586578590568,0.7260672613797463,0.7297066886727406,-13.837806408815036
parent_human_capital,low h,0.8,2,0.8175960397595149,0.8,0.5377372037504038,0.29534698066180093,0.25882743101023925,0.7282719199885358,0.7319223981787943,-13.799747131017291
parent_human_capital,low h,0.8,2,0.8249725499515008,0.8,0.5377014046713169,0.2953529512946363,0.2588722576861732,0.730635293720212,0.7342976183705991,-13.761349873500448
parent_human_capital,low h,0.8,2,0.8324832761809209,0.8,0.5379490284536981,0.29531339541153584,0.25856482540854425,0.7329100334492523,0.736583760279981,-13.722462142897946
parent_human_capital,low h,0.8,2,0.8401306669712053,0.8,0.5378722816541701,0.29532460262387245,0.2586585175131251,0.7353538542665419,0.7390398308000939,-13.683232744975639
parent_human_capital,low h,0.8,2,0.8479172267176741,0.8,0.5377565443085452,0.2953437856721527,0.2588032596277497,0.7378475493660039,0.741546025598259,-13.643553462805917
parent_human_capital,low h,0.8,2,0.8558455170188431,0.8,0.5378205972145758,0.2953332297242137,0.25872324612843545,0.7402968790089381,0.7440076325571201,-13.603484151704105
parent_human_capital,low h,0.8,2,0.8639181580433734,0.8,0.5379181107765578,0.2953170891980993,0.2586013280909684,0.742764655355098,0.7464877786836913,-13.56297188759429
parent_human_capital,low h,0.8,2,0.8721378299336601,0.8,0.5380337631800342,0.2952993634529311,0.25845887436079773,0.7452583438585605,0.7489939668527943,-13.522055323175024
parent_human_capital,low h,0.8,2,0.8805072742470966,0.8,0.5378549218533084,0.2953275367739134,0.25868031374884876,0.747912161134764,0.7516610864434518,-13.480714574687141
parent_human_capital,low h,0.8,2,0.88902929543607,0.8,0.5377616114865618,0.2953430041849787,0.25879701084112616,0.7505639293246427,0.7543261466766965,-13.438942311896302
parent_human_capital,low h,0.8,2,0.8977067623677852,0.8,0.5380595015142843,0.29529372333824877,0.25842460817314794,0.7530797782024923,0.7568546062995256,-13.396780344676664
parent_human_capital,low h,0.8,2,0.9065426098850453,0.8,0.5379441208215789,0.29531275932082485,0.25856877127150835,0.7558106353852525,0.7595991519608783,-13.354147445418182
parent_human_capital,low h,0.8,2,0.9155398404091444,0.8,0.5382041815850422,0.29526977589254627,0.2582437195644878,0.7584122940679333,0.7622138515119752,-13.311128518017892
parent_human_capital,low h,0.8,2,0.9247015255860773,0.8,0.5378778309651675,0.29532379015173194,0.2586517397442512,0.7613072080287511,0.7651232762894076,-13.267660752533967
parent_human_capital,low h,0.8,2,0.9340308079772923,0.8,0.5383804044816209,0.2952420404301942,0.2580255606488327,0.763873536374105,0.7677024684091247,-13.223740347308853
parent_human_capital,low h,0.8,2,0.9435309027962627,0.8,0.5380102793167557,0.2953018984379212,0.25848619112138127,0.7668605889513127,0.7707044936496837,-13.179444285901193
parent_human_capital,low h,0.8,2,0.9532050996921831,0.8,0.5383058687964365,0.2952545965735178,0.2581190812227224,0.7695909523900518,0.7734485430921134,-13.134606216616342
parent_human_capital,low h,0.8,2,0.9630567645821445,0.8,0.5381753622430535,0.29527458065278894,0.2582798037039634,0.7725464763674745,0.7764188816951233,-13.089470829527858
parent_human_capital,low h,0.8,2,0.9730893415331738,0.8,0.5379899561762592,0.29530526440722077,0.2585116036074586,0.7755653522654066,0.7794528897714655,-13.043780603557536
parent_human_capital,low h,0.8,2,0.9833063546955787,0.8,0.5383538079406409,0.2952450600700608,0.25805672288529097,0.7783766550112996,0.7822782842310148,-12.997722147537608
parent_human_capital,low h,0.8,2,0.9937114102890687,0.8,0.5381448430691075,0.29527963751237823,0.25831796884960845,0.7814833844824648,0.7854005862484584,-12.951186281443816
parent_human_capital,low h,0.8,2,1.0043081986431819,0.8,0.5382395131641607,0.29526396749910166,0.25819960569448097,0.7844927805644684,0.7884250669910974,-12.904185121360364
parent_human_capital,low h,0.8,2,1.0151004962935855,0.8,0.5383139699170925,0.29525168800666524,0.2581065823489855,0.7875506826599782,0.7914982968846468,-12.856793409351683
parent_human_capital,low h,0.8,2,1.0260921681358672,0.8,0.5383475245505778,0.29524612631078917,0.2580646184313356,0.7906670139984355,0.7946302488989432,-12.808891838650734
parent_human_capital,low h,0.8,2,1.037287169638491,0.8,0.5384580202825475,0.29522784186206846,0.2579264766129,0.7937887235518872,0.7977676060866483,-12.760585833763294
parent_human_capital,low h,0.8,2,1.0486895491166357,0.8,0.5385084982213456,0.2952194570891654,0.25786332089747255,0.7969785960150384,0.8009734678520599,-12.711776844000457
parent_human_capital,low h,0.8,2,1.0603034500686892,0.8,0.538557305184444,0.29521142468506684,0.257802368939377,0.8002106607143851,0.8042217333431311,-12.662550024730304
parent_human_capital,low h,0.8,2,1.0721331135772334,0.8,0.5386439037900507,0.2951970692793285,0.257694064960294,0.8034671760441697,0.8074945720239353,-12.612822958973485
parent_human_capital,low h,0.8,2,1.0841828807763967,0.8,0.5384349424488196,0.2952316827143361,0.2579553618152566,0.8069026584514656,0.8109472748584597,-12.562698745945172
parent_human_capital,low h,0.8,2,1.0964571953875313,0.8,0.5385180125309231,0.2952178930831696,0.2578514418108294,0.8102463955230812,0.8143077724818953,-12.512028118760755
parent_human_capital,low h,0.8,2,1.1089606063252093,0.8,0.5385596669916501,0.2952110527724456,0.2577994448002876,0.8136528026426117,0.817731254288168,-12.460996121709343
parent_human_capital,low h,0.8,2,1.1216977703756155,0.8,0.538621215208869,0.2952009030605768,0.2577225502187232,0.8170939359415752,0.8211896363395725,-12.409383956535217
parent_human_capital,low h,0.8,2,1.1346734549494641,0.8,0.5386783513682338,0.2951914520469454,0.2576511241267476,0.8205816309176928,0.8246948134595091,-12.357408524437973
parent_human_capital,low h,0.8,2,1.147892540911644,0.8,0.5387369758440985,0.29518170316936876,0.2575777593479871,0.8241136812144603,0.8282445682320656,-12.304850388842468
parent_human_capital,low h,0.8,2,1.1613600254898573,0.8,0.538812478652948,0.29517058851787714,0.25748545118608224,0.8276840492314014,0.8318328327931673,-12.251919210494593
parent_human_capital,low h,0.8,2,1.1750810252645967,0.8,0.5385647899285657,0.29521022011889486,0.2577930628912033,0.8314524766336006,0.8356201495163272,-12.198429820544044
parent_human_capital,low h,0.8,2,1.189060779242872,0.8,0.5388789378772856,0.2951582747019918,0.257400373472126,0.8350022199179424,0.8391876859629273,-12.14451948480652
parent_human_capital,low h,0.8,2,1.2033046520181812,0.8,0.5386890863808881,0.2951896800369602,0.2576377098349959,0.838839032663201,0.8430437308121053,-12.090087608950675
parent_human_capital,low h,0.8,2,1.217818137019287,0.8,0.5389789406188904,0.29514171212852724,0.25727532811944276,0.8424948747786785,0.846717897912445,-12.035178956823671
parent_human_capital,low h,0.8,2,1.2326068598504607,0.8,0.5387834545148197,0.2951740813714707,0.25751975651884407,0.8464319835885383,0.8506747415623401,-11.979796611013567
parent_human_capital,low h,0.8,2,1.247676581725918,0.8,0.5393177961983247,0.2950870166516254,0.2568537729789331,0.8500673650293985,0.8543283454285044,-11.923894276502198
parent_human_capital,low h,0.8,2,1.2630332030012734,0.8,0.5388310527162552,0.29516624282932274,0.25746030644168083,0.8542448211669967,0.8585267411521317,-11.867540400483277
parent_human_capital,low h,0.8,2,1.2786827668049243,0.8,0.5391529853055618,0.29506209115590937,0.25698089652217326,0.8580579627025123,0.8623589961391338,-11.810639127568699
parent_human_capital,low h,0.8,2,1.294631462772364,0.8,0.5389369337612208,0.29514872675738507,0.2573279410959456,0.8622319218335687,0.8665538773274009,-11.753294191255897
parent_human_capital,low h,0.8,2,1.31088563088653,0.8,0.5391993272532276,0.29510529839945715,0.2569998839267516,0.8662002641411441,0.8705421110335704,-11.695409446675296
parent_human_capital,low h,0.8,2,1.3274517654273796,0.8,0.5390122733380055,0.2951362332215878,0.2572337112930353,0.8704416865232034,0.8748047936337933,-11.637038165889962
parent_human_capital,low h,0.8,2,1.3443365190339982,0.8,0.5392567750882367,0.29509583324378696,0.2569281247763692,0.8745240364200911,0.8789076063946945,-11.578161964430873
parent_human_capital,low h,0.8,2,1.3615467068826452,0.8,0.5393110157699349,0.29508678409609557,0.25686020178336166,0.8787539944961296,0.8831587672238235,-11.518756607151461
parent_human_capital,low h,0.8,2,1.3790893109842512,0.8,0.539324074196228,0.2950847027810155,0.25684399640866756,0.8830592753732088,0.8874856284111047,-11.458878246395509
parent_human_capital,low h,0.8,2,1.3969714846049992,0.8,0.5393997876814178,0.29507216785074997,0.2567493301089161,0.8873887699488894,0.8918368246686564,-11.398435629538973
parent_human_capital,low h,0.8,2,1.4152005568137338,0.8,0.5393840469346395,0.29507478832556566,0.25676903301361587,0.8918203612255332,0.8962906293890147,-11.337527847257917
parent_human_capital,low h,0.8,2,1.4337840371600625,0.8,0.5394568773057157,0.2950627255773791,0.2566779637672816,0.8962644889053298,0.9007570333515084,-11.276041424418418
parent_human_capital,low h,0.8,2,1.4527296204871472,0.8,0.5394621100676562,0.2950618700415292,0.256671437435136,0.9008005525854307,0.9053158341454253,-11.214088775210062
parent_human_capital,low h,0.8,2,1.4720451918832933,0.8,0.5394644586305939,0.2950614365530293,0.2566684334375864,0.9053967949655871,0.909935115286387,-11.151548449350571
parent_human_capital,low h,0.8,2,1.4917388317766058,0.8,0.539747371238485,0.29501594809307935,0.25631674227825096,0.9099098244177101,0.9144707663927778,-11.088552587851746
parent_human_capital,low h,0.8,2,1.5118188211770927,0.8,0.539533054581407,0.2950500937161382,0.25658268711739396,0.9147360287714359,0.9193211621964985,-11.024934435903845
parent_human_capital,low h,0.8,2,1.5322936470707536,0.8,0.5397890017108493,0.29500785308145444,0.25626287214830973,0.9193825950731218,0.9239910195086961,-10.960900474561422
parent_human_capital,low h,0.8,2,1.5531720079703377,0.8,0.5395668408750895,0.2950459092353267,0.2565425738887245,0.9243382981659143,0.9289715631666142,-10.89617529849094
parent_human_capital,low h,0.8,2,1.5744628196276003,0.8,0.5398494382624823,0.29499785043528987,0.256187311595676,0.9290941035995859,0.9337512071742253,-10.831089488623103
parent_human_capital,low h,0.8,2,1.5961752209120554,0.8,0.5398145026043419,0.29500496739690113,0.2562330080997726,0.9340796647594163,0.9387617585633653,-10.765253074726555
parent_human_capital,low h,0.8,2,1.618318579861377,0.8,0.5398756763379229,0.29499351618788505,0.2561545201381594,0.9390783126036012,0.9437854622341378,-10.699098227954767
parent_human_capital,low h,0.8,2,1.6409024999087747,0.8,0.5401137266018918,0.2949540441253691,0.25585678811566626,0.9440496331165379,0.9487817015948445,-10.632187644131198
parent_human_capital,low h,0.8,2,1.6639368262928396,0.8,0.5398503060765188,0.2949976592742283,0.2561861547461143,0.9493521132348129,0.9541107605053191,-10.564896555963488
parent_human_capital,low h,0.8,2,1.6874316526555453,0.8,0.5401300912727905,0.29495144653285266,0.2558364958848828,0.9544343398626112,0.9592184619001012,-10.496913502107045
parent_human_capital,low h,0.8,2,1.7113973278342638,0.8,0.5398876553287142,0.2949914745980321,0.25613945426351037,0.9598627293080065,0.9646740612608248,-10.428460710392255
parent_human_capital,low h,0.8,2,1.7358444628538618,0.8,0.5401389001406677,0.29494997945783213,0.2558254687995746,0.9650967782632806,0.969934345995666,-10.359389295421993
parent_human_capital,low h,0.8,2,1.7607839381251333,0.8,0.5401442891103769,0.2949503459686753,0.25582063399426014,0.970533269193197,0.9753980874497706,-10.289787100069521
parent_human_capital,low h,0.8,2,1.7862269108560356,0.8,0.5401681159159542,0.2949451578546618,0.2557889627602945,0.9760299061666475,0.9809222764307073,-10.219589684135126
parent_human_capital,low h,0.8,2,1.8121848226824113,0.8,0.540141468471592,0.2949495176852549,0.2558222022685135,0.98162703952209,0.9865474655338466,-10.148840398398221
parent_human_capital,low h,0.8,2,1.8386694075250942,0.8,0.5401604329118795,0.2949464293984904,0.255798568338638,0.9872729735614485,0.9922216999353483,-10.077488465060343
parent_human_capital,low h,0.8,2,1.8656926996805347,0.8,0.5401588465016381,0.2949466390717209,0.2558004717748039,0.9930046925624687,0.9979821492974212,-10.005575842691877
parent_human_capital,low h,0.8,2,1.8932670421523103,0.8,0.5404062602841777,0.2949057870932514,0.2554912898008184,0.9986746883997801,1.00368056610714,-9.933073862265548
parent_human_capital,low h,0.8,2,1.921405095231136,0.8,0.5406951253627201,0.29485926067665047,0.2551320767803754,1.0043977187152995,1.0094322832314948,-9.859977175750613
parent_human_capital,low h,0.8,2,1.9501198453312445,0.8,0.5404127364541317,0.29490465490651424,0.25548310176451794,1.0105146817049315,1.0155799076257086,-9.786326438357122
parent_human_capital,low h,0.8,2,1.979424614091259,0.8,0.5406713231560816,0.2948619366879732,0.255159925116134,1.0164096297492502,1.0215044042200643,-9.712047553408732
parent_human_capital,low h,0.8,2,2.009333067747975,0.8,0.5403825585381771,0.29490967911189575,0.2555208762790093,1.0226918886766891,1.0278181531014214,-9.63718889545213
parent_human_capital,low h,0.8,2,2.0398592267917226,0.8,0.5409362648319436,0.2948193567948759,0.25483060264190893,1.0285807747345324,1.033736557323468,-9.561742615188479
parent_human_capital,low h,0.8,2,2.071017475912293,0.8,0.5406697227249927,0.2948621860864309,0.2551619026376909,1.0350149793423267,1.0402030135160727,-9.485635819209344
parent_human_capital,low h,0.8,2,2.1028225742447084,0.8,0.5408974894766364,0.2948245590509282,0.25487724380836707,1.041252451128668,1.046471750759853,-9.409033970461902
parent_human_capital,low h,0.8,2,2.135289665924415,0.8,0.5406540472246397,0.29486476683601953,0.2551814802314219,1.0478448480178784,1.053097192175984,-9.33163804220051
parent_human_capital,low h,0.8,2,2.168434290961828,0.8,0.5408493137938429,0.2948324988941817,0.2549374245341599,1.0542716633358529,1.0595562220397994,-9.25385606663096
parent_human_capital,low h,0.8,2,2.2022723964464688,0.8,0.5414055339574073,0.2947417528605704,0.2542439963677751,1.0605757721438356,1.065891930324682,-9.175225598027026
parent_human_capital,low h,0.8,2,2.23682034809129,0.8,0.5408231969647306,0.29483680859004596,0.25497005762341896,1.0676300332855215,1.0729815510974883,-9.096183481034949
parent_human_capital,low h,0.8,2,2.2720949421281498,0.8,0.5413482548483544,0.2947500619155562,0.25431383876796665,1.0741284178434027,1.0795125089435185,-9.016373018829945
parent_human_capital,low h,0.8,2,2.308113417565749,0.8,0.5410339200009474,0.29480200026143993,0.25470670439434984,1.0812112995554861,1.086630893747928,-8.935983925837599
parent_human_capital,low h,0.8,2,2.344893468821764,0.8,0.541313075229531,0.2947558686397596,0.2543577981537856,1.0880370992849036,1.0934909079408712,-8.854981894814777
parent_human_capital,low h,0.8,2,2.382453258741261,0.8,0.5409924669719768,0.2948088493124245,0.2547585131884092,1.095313935802035,1.1008042197528354,-8.773273102364305
parent_human_capital,low h,0.8,2,2.4208114320139376,0.8,0.5412367651999286,0.2947684247830833,0.25445309307209346,1.1023501859946032,1.107875739296266,-8.69100657823459
parent_human_capital,low h,0.8,2,2.4599871290031343,0.8,0.5415024855089519,0.29472574795901063,0.2541228454050722,1.1094703823526872,1.115031625787118,-8.608000107485083
parent_human_capital,low h,0.8,2,2.5,0.8,0.541468289178045,0.2947301676962411,0.2541637243786715,1.1168687614669865,1.1224670894310531,-8.524453675017961
parent_human_capital,low h,0.8,3,0.5,0.8,0.41289099212287605,0.3319945579120837,0.48689199577953457,0.6898019588999212,0.6932596056077628,-17.250278667992735
parent_human_capital,low h,0.8,3,0.5000203210855501,0.8,0.4128913759465761,0.33199450070633546,0.4868915172231154,0.6898110724170414,0.6932687648065777,-17.249782499169424
parent_human_capital,low h,0.8,3,0.5000812892976928,0.8,0.41289241541277366,0.3319943139154042,0.48689016843113564,0.6898384335063742,0.6932962630439415,-17.24829397639389
parent_human_capital,low h,0.8,3,0.5001829195049198,0.8,0.4128942815424359,0.3319940803282265,0.4868879154811072,0.6898840264688143,0.6933420845420568,-17.245813050674705
parent_human_capital,low h,0.8,3,0.5003252364947652,0.8,0.4128967928228125,0.33199369967534464,0.48688477383955814,0.6899478740820513,0.6934062521927868,-17.24233964037596
parent_human_capital,low h,0.8,3,0.5005082749838822,0.8,0.41290002691041416,0.33199318339790823,0.4868806847965218,0.6900299701783574,0.6934887597974884,-17.23787363118394
parent_human_capital,low h,0.8,3,0.500732079632158,0.8,0.4129040074003245,0.3319925789297571,0.4868757033073532,0.6901303280670904,0.693589620732232,-17.232414876151378
parent_human_capital,low h,0.8,3,0.5009967050608752,0.8,0.41290870138922964,0.33199186171935074,0.4868698216180152,0.6902489610771612,0.6937088483927403,-17.22596319564841
parent_human_capital,low h,0.8,3,0.5013022158749305,0.8,0.41291415534243037,0.33199106068835993,0.4868630411574937,0.690385878661431,0.6938464522792573,-17.218518377376057
parent_human_capital,low h,0.8,3,0.5016486866891229,0.8,0.4129202989851313,0.3319901311038339,0.48685535812281766,0.6905411019957144,0.6940024536737418,-17.210080176356218
parent_human_capital,low h,0.8,3,0.502036202158526,0.8,0.4129271489854044,0.331989077335903,0.4868467630828509,0.6907146460681877,0.6941768676394983,-17.20064831492492
parent_human_capital,low h,0.8,3,0.502464857012963,0.8,0.41293475886252884,0.3319879397473877,0.4868372693591452,0.6909065272431661,0.6943697106228689,-17.190222482731443
parent_human_capital,low h,0.8,3,0.5029347560956027,0.8,0.4129430736527899,0.33198666653431785,0.4868268461280404,0.6911167685525992,0.6945810057712509,-17.178802336712774
parent_human_capital,low h,0.8,3,0.5034460144056994,0.8,0.41295213447178636,0.3319853236427023,0.4868155614805285,0.6913453977255993,0.6948107809527498,-17.16638750111983
parent_human_capital,low h,0.8,3,0.5039987571454999,0.8,0.4129619058617854,0.3319838266143631,0.4868033110115999,0.691592432026058,0.6950590535177926,-17.15297756743861
parent_human_capital,low h,0.8,3,0.5045931197713469,0.8,0.41297238533500763,0.331982237025179,0.48679019917868876,0.6918579112588893,0.6953258634708162,-17.138572094474664
parent_human_capital,low h,0.8,3,0.5052292480490046,0.8,0.4129836160046716,0.3319805373946286,0.4867761539208334,0.6921418535857443,0.6956112290645075,-17.1231706082435
parent_human_capital,low h,0.8,3,0.5059072981132409,0.8,0.4129955700689828,0.3319787381322139,0.4867612202779634,0.6924442985990972,0.6959151900897985,-17.10677260203124
parent_human_capital,low h,0.8,3,0.5066274365316988,0.8,0.41300825750606446,0.3319768234266549,0.486745362088476,0.6927652755980985,0.6962377759927029,-17.08937753633042
parent_human_capital,low h,0.8,3,0.507389840373095,0.8,0.41302163097784617,0.33197478183680196,0.4867286077438978,0.6931048282687985,0.6965790306782476,-17.070984838861392
parent_human_capital,low h,0.8,3,0.5081946972797818,0.8,0.4130357843914032,0.33197265475712334,0.48671093188639303,0.6934629839762686,0.6969389816486721,-17.05159390452652
parent_human_capital,low h,0.8,3,0.5090422055447187,0.8,0.4130506374818417,0.3319704220062088,0.48669238136044,0.6938397956404088,0.6973176820891389,-17.03120409542477
parent_human_capital,low h,0.8,3,0.5099325741928927,0.8,0.41306623606693854,0.3319680667411306,0.4866728824563737,0.6942352937121342,0.6977151626031987,-17.009814740785416
parent_human_capital,low h,0.8,3,0.5108660230672385,0.8,0.413082559556349,0.331965593332019,0.48665246300147447,0.6946495280243492,0.6981314732735444,-16.987425137004976
parent_human_capital,low h,0.8,3,0.5118427829191048,0.8,0.41309961332678446,0.33196303546472966,0.4866311734028078,0.6950825508292152,0.6985666666142524,-16.964034547607582
parent_human_capital,low h,0.8,3,0.5128630955033207,0.8,0.4131173805229763,0.3319603153580496,0.48660890170995375,0.6955344002809759,0.6990207809708153,-16.93964220317795
parent_human_capital,low h,0.8,3,0.5139272136779165,0.8,0.413135898213158,0.33195755218765993,0.48658580820960684,0.6960051425444793,0.6994938828397341,-16.91424730144883
parent_human_capital,low h,0.8,3,0.5150354015085564,0.8,0.41315514558845523,0.3319546523610679,0.4865617587214732,0.6964948179970525,0.6999860128007274,-16.88784900713669
parent_human_capital,low h,0.8,3,0.5161879343777439,0.8,0.4131750693838271,0.33195159132673296,0.4865367658532427,0.6970034885872298,0.7004972331128487,-16.86044645202873
parent_human_capital,low h,0.8,3,0.5173850990988615,0.8,0.41319582678551237,0.3319484949373013,0.4865108808306585,0.6975312042353757,0.7010275939466888,-16.832038734931423
parent_human_capital,low h,0.8,3,0.5186271940351138,0.8,0.41321726156139094,0.3319452471120351,0.48648406765613916,0.6980780349819,0.7015771656937365,-16.802624921614406
parent_human_capital,low h,0.8,3,0.5199145292234401,0.8,0.41323942505094546,0.3319418838436246,0.4864563345940969,0.6986440397482069,0.7021460075707411,-16.772204044816974
parent_human_capital,low h,0.8,3,0.5212474265034702,0.8,0.4132623497391931,0.33193842364423887,0.4864276798156664,0.699229280238924,0.7027341815916256,-16.74077510420759
parent_human_capital,low h,0.8,3,0.5226262196515982,0.8,0.4132859775482307,0.33193485507272813,0.486398142452207,0.6998338330860464,0.7033417647725049,-16.708337066369022
parent_human_capital,low h,0.8,3,0.5240512545202515,0.8,0.41331037789169806,0.3319311824992226,0.48636766032701456,0.7004577544668837,0.7039688135722783,-16.674888864734186
parent_human_capital,low h,0.8,3,0.5255228891824385,0.8,0.41333549083886867,0.33192737597040395,0.48633624376812024,0.7011011225187914,0.7046154065199663,-16.64042939960004
parent_human_capital,low h,0.8,3,0.5270414940816569,0.8,0.4133613712675812,0.33192347521149895,0.48630390368266097,0.7017640075822047,0.7052816143085874,-16.6049575380789
parent_human_capital,low h,0.8,3,0.5286074521872524,0.8,0.41338795874911627,0.33191945193843037,0.48627065366092437,0.7024464928849057,0.7059675205831044,-16.568472114068157
parent_human_capital,low h,0.8,3,0.5302211591553182,0.8,0.41341529915920083,0.3319153300651451,0.4862364874286794,0.7031486523152105,0.7066731996022002,-16.53097192821228
parent_human_capital,low h,0.8,3,0.5318830234952302,0.8,0.41344338080480225,0.33191106716552726,0.48620134642131085,0.7038705613060832,0.7073987271769483,-16.49245574786189
parent_human_capital,low h,0.8,3,0.5335934667419154,0.8,0.41347222847152315,0.33190673458736375,0.48616532400515117,0.7046123116865043,0.7081441955966237,-16.452922307090425
parent_human_capital,low h,0.8,3,0.5353529236339561,0.8,0.41350176277923567,0.33190226638464565,0.48612839035373745,0.7053739929989218,0.7089096948525079,-16.41237030659151
parent_human_capital,low h,0.8,3,0.537161842297634,0.8,0.4135321005437136,0.3318976985500632,0.48609048825519097,0.706155676584087,0.7096952966429492,-16.37079841366683
parent_human_capital,low h,0.8,3,0.5390206844370244,0.8,0.41356314086422075,0.3318929880199068,0.4860516472967449,0.706957465531227,0.7105011045739116,-16.328205262218315
parent_human_capital,low h,0.8,3,0.5409299255302531,0.8,0.4135949659300333,0.3318881919999248,0.48601188002184215,0.7077794471183485,0.7113272063608846,-16.284589452684962
parent_human_capital,low h,0.8,3,0.5428900550320312,0.8,0.4136275013390014,0.33188326035538823,0.4859711778095215,0.7086217226965686,0.7121737038630099,-16.23994955200382
parent_human_capital,low h,0.8,3,0.5449015765825912,0.8,0.41366081696981727,0.3318782405201369,0.48592954933152943,0.709484385196822,0.7130406904770403,-16.194284093580613
parent_human_capital,low h,0.8,3,0.5469650082231464,0.8,0.4136948697619903,0.3318730850603311,0.4858869590979179,0.7103675351383345,0.7139282672260567,-16.147591577234863
parent_human_capital,low h,0.8,3,0.5490808826180046,0.8,0.41372967511462744,0.33186784577994083,0.48584347749695456,0.7112712824901306,0.7148365446303054,-16.099870469196222
parent_human_capital,low h,0.8,3,0.5512497472834679,0.8,0.41376520861835075,0.33186244362256645,0.4857989980206192,0.7121957230966037,0.7157656190146017,-16.05111920199369
parent_human_capital,low h,0.8,3,0.5534721648236569,0.8,0.4138015165124336,0.33185696034549667,0.48575360981970883,0.7131409714997777,0.7167156054951139,-16.00133617450465
parent_human_capital,low h,0.8,3,0.5557487131734017,0.8,0.4138385860846411,0.3318513659954129,0.4857072760037626,0.7141071357034628,0.7176866126170237,-15.950519751833301
parent_human_capital,low h,0.8,3,0.5580799858483445,0.8,0.4138763961275155,0.33184562894975517,0.48565996541327905,0.715094327777916,0.7186787530123422,-15.89866826529892
parent_human_capital,low h,0.8,3,0.5604665922024078,0.8,0.41391499020138156,0.3318398134852911,0.4856117409302605,0.7161026674729352,0.719692147031116,-15.8457800124128
parent_human_capital,low h,0.8,3,0.5629091576927818,0.8,0.4139543302438009,0.3318338798767938,0.4855625748321696,0.7171322741725386,0.7207269146557782,-15.791853256787988
parent_human_capital,low h,0.8,3,0.5654083241525933,0.8,0.4139944219436298,0.3318278405970606,0.48551248208510256,0.718183270977544,0.7217831796041919,-15.736886228125368
parent_human_capital,low h,0.8,3,0.5679647500714233,0.8,0.4140352979103621,0.33182165862175345,0.48546136876726154,0.7192557687015129,0.7228610532453739,-15.680877122130267
parent_human_capital,low h,0.8,3,0.5705791108838415,0.8,0.4140768875233054,0.33181535143139357,0.48540933444708234,0.7203499126975927,0.7239606816610571,-15.623824100537396
parent_human_capital,low h,0.8,3,0.5732520992661372,0.8,0.4141192771563633,0.3318089527118366,0.485356348534438,0.7214658218514851,0.7250821843328608,-15.565725290984602
parent_human_capital,low h,0.8,3,0.5759844254414287,0.8,0.41416242292085326,0.331802433147357,0.48530240637116995,0.7226036327069982,0.7262256984890211,-15.506578787000906
parent_human_capital,low h,0.8,3,0.578776817493336,0.8,0.41420636362433694,0.33179580791164165,0.4852474942773416,0.7237634761282636,0.7273913556496292,-15.446382647948269
parent_human_capital,low h,0.8,3,0.5816300216884137,0.8,0.4142510498110163,0.3317890557916323,0.4851916265799268,0.7249454971835678,0.7285793016101293,-15.38513489897969
parent_human_capital,low h,0.8,3,0.5845448028075416,0.8,0.41429651891432506,0.33178217241719876,0.48513475860855604,0.7261498290939961,0.7297896702593801,-15.322833530966744
parent_human_capital,low h,0.8,3,0.5875219444864789,0.8,0.4143427356851963,0.3317751991828092,0.4850769941615356,0.7273766320414716,0.7310226225822204,-15.259476500496934
parent_human_capital,low h,0.8,3,0.5905622495657936,0.8,0.41438972208712965,0.33176807785106766,0.48501821483423835,0.7286260380195927,0.7322782912338687,-15.195061729732261
parent_human_capital,low h,0.8,3,0.5936665404503856,0.8,0.41443751422804703,0.33176085521822046,0.484958462013326,0.7298981994497336,0.7335568293997147,-15.129587106446525
parent_human_capital,low h,0.8,3,0.5968356594788269,0.8,0.41448606372841545,0.3317535258824896,0.48489777513298726,0.7311932793761464,0.7348584009412732,-15.063050483932395
parent_human_capital,low h,0.8,3,0.600070469302753,0.8,0.4145354267783257,0.3317461006474312,0.4848361158938203,0.7325114252497148,0.7361831540485286,-14.995449680928267
parent_human_capital,low h,0.8,3,0.6033718532765401,0.8,0.4145855236895586,0.33173850610196276,0.48477344241529174,0.733852799705329,0.7375312521715819,-14.926782481580041
parent_human_capital,low h,0.8,3,0.6067407158575169,0.8,0.4146364350828884,0.33173080858614756,0.4847097839357719,0.7352175622205003,0.7389028555873286,-14.857046635402243
parent_human_capital,low h,0.8,3,0.6101779830169621,0.8,0.41468810746854423,0.33172299292629887,0.4846451688174066,0.7366058877653164,0.7402981401428979,-14.786239857203585
parent_human_capital,low h,0.8,3,0.6136846026621482,0.8,0.41474058041918516,0.33171506452419497,0.4845795664328817,0.7380179390369096,0.7417172693509443,-14.71435982701566
parent_human_capital,low h,0.8,3,0.6172615450697004,0.8,0.41479385708319555,0.33170703212009645,0.4845129881076841,0.7394538903632768,0.7431604184132878,-14.641404190057859
parent_human_capital,low h,0.8,3,0.6209098033305457,0.8,0.4148478666758848,0.3316988314372356,0.4844453981841773,0.7409139206998387,0.7446277671823672,-14.567370556657472
parent_human_capital,low h,0.8,3,0.6246303938067362,0.8,0.4149027447310432,0.3316905839581284,0.4843768623036174,0.742398205341171,0.7461194918314255,-14.492256502224155
parent_human_capital,low h,0.8,3,0.6284243566004422,0.8,0.4149583456189001,0.3316821507197377,0.4843072959729855,0.7439069312122509,0.7476357802224054,-14.416059567131192
parent_human_capital,low h,0.8,3,0.6322927560354111,0.8,0.4150147889682109,0.33167364947204253,0.4842367745574914,0.7454402831727444,0.7491768181415855,-14.338777256725836
parent_human_capital,low h,0.8,3,0.6362366811512086,0.8,0.41507202509061003,0.3316650109305516,0.4841652330103834,0.7469984485663805,0.7507427938717598,-14.260407041198388
parent_human_capital,low h,0.8,3,0.6402572462105554,0.8,0.415130027337144,0.3316562330319692,0.484092694563797,0.7485816267505093,0.7523339077695607,-14.180946355572283
parent_human_capital,low h,0.8,3,0.6443555912200942,0.8,0.4151888531720329,0.331647349462151,0.4840191575372891,0.7501900098744851,0.7539503529474954,-14.100392599615116
parent_human_capital,low h,0.8,3,0.6485328824649206,0.8,0.41524847138747056,0.3316383248660001,0.48394459459062555,0.7518237989479782,0.7555923314227992,-14.018743137774688
parent_human_capital,low h,0.8,3,0.652790313057229,0.8,0.4153089128242617,0.3316292016696326,0.4838690451406498,0.7534832009475622,0.7572600512095202,-13.935995299136044
parent_human_capital,low h,0.8,3,0.6571291034994325,0.8,0.4153701777377079,0.33161996303012087,0.48379248104017225,0.7551684213370415,0.7589537188013544,-13.852146377325857
parent_human_capital,low h,0.8,3,0.6615505022621248,0.8,0.4154322015361913,0.33161056215121837,0.4837148893862262,0.7568796773481852,0.7606735525189499,-13.767193630465972
parent_human_capital,low h,0.8,3,0.6660557863772645,0.8,0.41549507343702463,0.33160107411324896,0.4836363052945156,0.7586171814436877,0.7624197658899742,-13.68113428111479
parent_human_capital,low h,0.8,3,0.6706462620469753,0.8,0.41555873959358414,0.33159144774983595,0.4835566978801441,0.7603811554863823,0.7641925818893532,-13.593965516174968
parent_human_capital,low h,0.8,3,0.6753232652683625,0.8,0.41562323666262513,0.33158171301429806,0.4834760800890524,0.7621718221150683,0.7659922242718679,-13.505684486851084
parent_human_capital,low h,0.8,3,0.6800881624747613,0.8,0.4156885449595924,0.33157183558318615,0.48339441476616385,0.7639894072190067,0.7678189200590534,-13.41628830856109
parent_human_capital,low h,0.8,3,0.6849423511938463,0.8,0.41575469162608303,0.3315618514491906,0.4833117343737765,0.7658341448594271,0.7696729044853767,-13.325774060894801
parent_human_capital,low h,0.8,3,0.6898872607230374,0.8,0.41582162431300673,0.3315517404309011,0.48322805784056544,0.7677062791911581,0.771554422929497,-13.234138787526785
parent_human_capital,low h,0.8,3,0.6949243528226603,0.8,0.4158894125706264,0.331541493788057,0.4831433011423959,0.7696060343127201,0.7734637006132337,-13.141379496127172
parent_human_capital,low h,0.8,3,0.7000551224273222,0.8,0.4159580092270183,0.3315311104890105,0.48305750974278305,0.7715336656405587,0.7754009942333122,-13.047493158344093
parent_human_capital,low h,0.8,3,0.7052810983759861,0.8,0.4160274613609811,0.3315206444010275,0.4829707257671204,0.773489423574363,0.7773665554445557,-12.952476709703538
parent_human_capital,low h,0.8,3,0.7106038441612367,0.8,0.41609774163071267,0.33151002147543185,0.48288285393260244,0.7754735530249063,0.7793606303853575,-12.856327049509444
parent_human_capital,low h,0.8,3,0.7160249586982449,0.8,0.4161688099215464,0.3314992645945229,0.48279397224698345,0.7774863260926429,0.7813834925200813,-12.759041040841353
parent_human_capital,low h,0.8,3,0.7215460771139571,0.8,0.41624078731442843,0.3314883993414889,0.48270400199507707,0.7795279844362369,0.7834353847187104,-12.66061551041001
parent_human_capital,low h,0.8,3,0.7271688715570458,0.8,0.4163135703986008,0.33147740720416097,0.4826130159314897,0.7815988147871574,0.7855165951499612,-12.561047248553386
parent_human_capital,low h,0.8,3,0.7328950520291776,0.8,0.4163872089099734,0.33146629962368884,0.48252098326685533,0.7836990809070841,0.7876273888976243,-12.46033300910817
parent_human_capital,low h,0.8,3,0.7387263672381705,0.8,0.416461648685033,0.33145502209521316,0.48242786790464,0.7858290606516312,0.7897680452100709,-12.35846950935894
parent_human_capital,low h,0.8,3,0.7446646054736273,0.8,0.41653696362777914,0.33144364660411435,0.4823337151486342,0.7879890344982023,0.7919388459706039,-12.255453429983653
parent_human_capital,low h,0.8,3,0.7507115955056528,0.8,0.4166131500992148,0.33143214692961065,0.4822384852162204,0.7901792846274331,0.7941400747742947,-12.151281414943956
parent_human_capital,low h,0.8,3,0.7568692075072764,0.8,0.41669017626409177,0.33142051600068273,0.48214219823303883,0.7924001084888226,0.7963720305616144,-12.045950071442919
parent_human_capital,low h,0.8,3,0.7631393540012239,0.8,0.41676804381361376,0.33140874237618084,0.48204483356134165,0.794651800173708,0.7986350088980393,-11.93945596982893
parent_human_capital,low h,0.8,3,0.7695239908317001,0.8,0.41684677652032925,0.3313968506076456,0.48194640808593187,0.7969346614835373,0.8009293130978032,-11.831795643537982
parent_human_capital,low h,0.8,3,0.7760251181618615,0.8,0.41692636433694874,0.3313848205136668,0.48184689843368345,0.799248997616142,0.8032552498885482,-11.722965589002252
parent_human_capital,low h,0.8,3,0.7826447814976824,0.8,0.41700684471015675,0.33137265646437464,0.4817462743948476,0.8015951134772776,0.8056131257043764,-11.61296226558192
parent_human_capital,low h,0.8,3,0.7893850727389358,0.8,0.417088184387318,0.33136038841308785,0.4816446188247554,0.8039733407722983,0.8080032739133217,-11.501782095515154
parent_human_capital,low h,0.8,3,0.7962481312580323,0.8,0.4171703590328166,0.3313479591540581,0.48154186132630367,0.8063839961984259,0.8104260128000577,-11.3894214637859
parent_human_capital,low h,0.8,3,0.8032361450074849,0.8,0.41725339312442544,0.3313353942704738,0.48143801978747913,0.8088274084709254,0.8128816727275413,-11.275876718098994
parent_human_capital,low h,0.8,3,0.8103513516567865,0.8,0.4173373739045829,0.33132272705413623,0.4813330620970666,0.8113038992209313,0.8153705769390898,-11.161144168774591
parent_human_capital,low h,0.8,3,0.8175960397595149,0.8,0.4174221862201487,0.33130989863005555,0.48122700591122325,0.8138138223290592,0.8178930810891525,-11.045220088692709
parent_human_capital,low h,0.8,3,0.8249725499515008,0.8,0.41750789042593583,0.33129697160575844,0.48111989455320014,0.816357523415386,0.8204495325302347,-10.92810071321114
parent_human_capital,low h,0.8,3,0.8324832761809209,0.8,0.4175944757851923,0.3312838638299016,0.4810116027171247,0.818935339126814,0.823040269596688,-10.809782240048389
parent_human_capital,low h,0.8,3,0.8401306669712053,0.8,0.4176819430799358,0.3312706574538282,0.4809022656636037,0.8215476449026925,0.8256656696097592,-10.690260829295346
parent_human_capital,low h,0.8,3,0.8479172267176741,0.8,0.41777031968517553,0.33125732586270207,0.480791811943459,0.8241947926636973,0.8283260862541338,-10.569532603241251
parent_human_capital,low h,0.8,3,0.8558455170188431,0.8,0.41785957335957424,0.3312438286937027,0.4806802069571974,0.826877151275234,0.8310218902441632,-10.447593646346695
parent_human_capital,low h,0.8,3,0.8639181580433734,0.8,0.4179497353632606,0.3312302231525785,0.48056751417740934,0.8295951024151941,0.8337534651709072,-10.324440005178236
parent_human_capital,low h,0.8,3,0.8721378299336601,0.8,0.41804076854402783,0.3312164510019332,0.4804536743151735,0.8323490249191562,0.8365211917688656,-10.200067688285666
parent_human_capital,low h,0.8,3,0.8805072742470966,0.8,0.4181327221730069,0.3312025573687721,0.48033871282967966,0.8351393065526937,0.8393254597472949,-10.074472666166296
parent_human_capital,low h,0.8,3,0.88902929543607,0.8,0.41822559096947576,0.3311885385205582,0.48022262882056854,0.8379663437519254,0.8421666675294579,-9.947650871164484
parent_human_capital,low h,0.8,3,0.8977067623677852,0.8,0.4183193409394189,0.33117435846460147,0.48010539667796104,0.8408305393296578,0.8450452199472691,-9.819598197393962
parent_human_capital,low h,0.8,3,0.9065426098850453,0.8,0.41841400682008945,0.3311600471542205,0.4799870312672996,0.8437323013231015,0.847961527083234,-9.690310500672794
parent_human_capital,low h,0.8,3,0.9155398404091444,0.8,0.41850965151430486,0.33114564328299445,0.47986753376233393,0.8466720399828277,0.8509160012443132,-9.559783598434317
parent_human_capital,low h,0.8,3,0.9247015255860773,0.8,0.41860612340003134,0.3311310314077791,0.4797468646112508,0.8496501892153665,0.8539090785120027,-9.42801326964382
parent_human_capital,low h,0.8,3,0.9340308079772923,0.8,0.418703565927109,0.3311163182314581,0.47962505706418557,0.8526671695675689,0.8569411815411528,-9.294995254742766
parent_human_capital,low h,0.8,3,0.9435309027962627,0.8,0.41880192435492947,0.33110144654828333,0.47950207112902765,0.8557234194210811,0.8600127509108073,-9.160725255541806
parent_human_capital,low h,0.8,3,0.9532050996921831,0.8,0.4189012548871173,0.3310864752332442,0.479377948099135,0.8588193841479953,0.8631242342254952,-9.02519893517309
parent_human_capital,low h,0.8,3,0.9630567645821445,0.8,0.4190014495762968,0.33107130735536533,0.47925263540418817,0.8619555209992372,0.866276091028122,-8.888411917977791
parent_human_capital,low h,0.8,3,0.9730893415331738,0.8,0.4191023794283548,0.33105717576489624,0.47912830363831327,0.8651326024808422,0.8694690976969254,-8.750359789961319
parent_human_capital,low h,0.8,3,0.9833063546955787,0.8,0.4192045050479972,0.3310417524491883,0.47900063700785855,0.8683504574832832,0.8727030822646886,-8.611038096688635
parent_human_capital,low h,0.8,3,0.9937114102890687,0.8,0.4193075491592084,0.33102619247727794,0.47887182558316377,0.8716098914609193,0.8759788542231274,-8.470442346240723
parent_human_capital,low h,0.8,3,1.0043081986431819,0.8,0.41941150232084,0.3310104396750648,0.4787417857810673,0.874911378714872,0.8792968902508078,-8.328568007077992
parent_human_capital,low h,0.8,3,1.0151004962935855,0.8,0.41951647150523463,0.3309946003513782,0.4786105866766476,0.8782554105945879,0.8826576841600752,-8.185410508540794
parent_human_capital,low h,0.8,3,1.0260921681358672,0.8,0.419622345984084,0.33097858400866875,0.4784781891342714,0.8816424948686613,0.886061746264725,-8.040965240701725
parent_human_capital,low h,0.8,3,1.037287169638491,0.8,0.4197291860123628,0.3309624505535737,0.47834463210435524,0.8850731406671871,0.889509588246877,-7.895227554338525
parent_human_capital,low h,0.8,3,1.0486895491166357,0.8,0.41983698100366623,0.33094614071704925,0.47820982802376727,0.8885478556034123,0.8930017202642005,-7.748192760802902
parent_human_capital,low h,0.8,3,1.0603034500686892,0.8,0.41994579619179184,0.330929709398009,0.47807380257131094,0.8920671638655469,0.8965386691324096,-7.599856132007347
parent_human_capital,low h,0.8,3,1.0721331135772334,0.8,0.42005551309284106,0.330913118540467,0.4779366112101723,0.8956316226157655,0.9001209948064662,-7.450212900326404
parent_human_capital,low h,0.8,3,1.0841828807763967,0.8,0.4201661987441589,0.3308963920583705,0.4777982265045026,0.8992417666736694,0.9037492347867659,-7.299258258491222
parent_human_capital,low h,0.8,3,1.0964571953875313,0.8,0.42027794060837376,0.330879517478922,0.47765854033672106,0.9028981263354835,0.9074239220276543,-7.146987359514522
parent_human_capital,low h,0.8,3,1.1089606063252093,0.8,0.4203905940979673,0.33086249313288024,0.4775176945300823,0.9066013020963992,0.9111456600343177,-6.99339531670099
parent_human_capital,low h,0.8,3,1.1216977703756155,0.8,0.4205042496733945,0.3308453277605058,0.477375613098003,0.9103518477112129,0.9149150053372598,-6.838477203450726
parent_human_capital,low h,0.8,3,1.1346734549494641,0.8,0.42061887691787214,0.33082798266821944,0.47723226238069916,0.9141503458409821,0.9187325435181387,-6.682228053252235
parent_human_capital,low h,0.8,3,1.147892540911644,0.8,0.42073452962575186,0.3308105265029191,0.47708770226308206,0.9179973935030571,0.9225988745868671,-6.524642859620618
parent_human_capital,low h,0.8,3,1.1613600254898573,0.8,0.4208511506785945,0.3307928976887262,0.47694188789393605,0.9218935949613757,0.9265146058362678,-6.365716575973325
parent_human_capital,low h,0.8,3,1.1750810252645967,0.8,0.4209687773859267,0.33077511910794005,0.476794819856822,0.9258395611072439,0.9304803512197527,-6.2054441155948
parent_human_capital,low h,0.8,3,1.189060779242872,0.8,0.4210874144296493,0.33075719076056065,0.47664649346983906,0.9298359162365947,0.934496738162551,-6.043820351550748
parent_human_capital,low h,0.8,3,1.2033046520181812,0.8,0.42120703578704943,0.3307390887326408,0.4764968951542037,0.9338832975419431,0.9385644070511183,-5.880840116614659
parent_human_capital,low h,0.8,3,1.217818137019287,0.8,0.4213276946143548,0.33072087833259617,0.47634607990442435,0.9379823545525537,0.9426840106704986,-5.716498203214895
parent_human_capital,low h,0.8,3,1.2326068598504607,0.8,0.42144935633682296,0.33070249091352855,0.47619396861598023,0.9421337379654695,0.9468562029793671,-5.550789363313489
parent_human_capital,low h,0.8,3,1.247676581725918,0.8,0.42157208730935786,0.3306839510269786,0.4760405355913187,0.9463381064015006,0.9510816458998843,-5.383708308381564
parent_human_capital,low h,0.8,3,1.2630332030012734,0.8,0.42169576235802364,0.3306652559720573,0.4758859015317032,0.9505961734545514,0.9553610566028592,-5.215249709351139
parent_human_capital,low h,0.8,3,1.2786827668049243,0.8,0.42182047739537165,0.33064638659900225,0.4757299388125761,0.9549086027380806,0.9596951020281268,-5.045408196450048
parent_human_capital,low h,0.8,3,1.294631462772364,0.8,0.42194624534941116,0.3306273849398751,0.4755727041110219,0.9592761067220479,0.9640844982169172,-4.874178359237643
parent_human_capital,low h,0.8,3,1.31088563088653,0.8,0.42207309537584503,0.330608237884285,0.47541414656053094,0.9636993921517089,0.9685299554570616,-4.701554746465986
parent_human_capital,low h,0.8,3,1.3274517654273796,0.8,0.4222009246421954,0.33058892088069136,0.4752543283362295,0.968179210435026,0.9730322289229701,-4.527531866065239
parent_human_capital,low h,0.8,3,1.3443365190339982,0.8,0.42232982740976766,0.33056944163770713,0.4750931679422753,0.972716281511141,0.9775920421624947,-4.352104185015747
parent_human_capital,low h,0.8,3,1.3615467068826452,0.8,0.42245977384218053,0.3305498153290186,0.4749307203426742,0.9773113732194162,0.9822101668638084,-4.175266129348087
parent_human_capital,low h,0.8,3,1.3790893109842512,0.8,0.4225907351288941,0.3305299837172298,0.47476691790683834,0.9819652478345546,0.9868873691225323,-3.9970120840172
parent_human_capital,low h,0.8,3,1.3969714846049992,0.8,0.4227228167217226,0.3305100524735767,0.4746018301745203,0.9866786867076011,0.9916244342062493,-3.817336392898012
parent_human_capital,low h,0.8,3,1.4152005568137338,0.8,0.4228559642419535,0.3304899415100116,0.47443537889862564,0.9914524805862496,0.9964221568262931,-3.6362333586562325
parent_human_capital,low h,0.8,3,1.4337840371600625,0.8,0.4229901245152031,0.3304696481256456,0.47426761278086593,0.9962874538545186,1.0012813654989239,-3.4536972427486767
parent_human_capital,low h,0.8,3,1.4527296204871472,0.8,0.42312538650215814,0.33044920934481664,0.47409850417285815,1.0011844167823867,1.0062028745556155,-3.269722265314883
parent_human_capital,low h,0.8,3,1.4720451918832933,0.8,0.42326174684998186,0.3304286049861145,0.47392802300702364,1.0061442044910358,1.0111875233036127,-3.084302605133008
parent_human_capital,low h,0.8,3,1.4917388317766058,0.8,0.42339916709054753,0.33040785523094934,0.47375624117190457,1.0111676872129343,1.0162361863374414,-2.897432399583595
parent_human_capital,low h,0.8,3,1.5118188211770927,0.8,0.4235376673246871,0.3303869089129445,0.47358305383514887,1.0162557155409457,1.0213497185135805,-2.709105744527796
parent_human_capital,low h,0.8,3,1.5322936470707536,0.8,0.4236772830589665,0.33036581719847674,0.4734085102217109,1.0214091779987107,1.0265290128094129,-2.5193166943237664
parent_human_capital,low h,0.8,3,1.5531720079703377,0.8,0.42381797576120467,0.3303445484649861,0.4732325964968123,1.0266289776810034,1.031774976846495,-2.3280592617209583
parent_human_capital,low h,0.8,3,1.5744628196276003,0.8,0.4239597942999963,0.33032314307529315,0.4730553306326891,1.0319160284310362,1.0370885290486973,-2.1353274178256276
parent_human_capital,low h,0.8,3,1.5961752209120554,0.8,0.4241026751529028,0.33030151657122,0.4728766362890374,1.0372712587017126,1.042470602522812,-1.9411150920187012
parent_human_capital,low h,0.8,3,1.618318579861377,0.8,0.424246665102022,0.33027976318285285,0.4726966227287822,1.0426956304540165,1.0479221640516736,-1.7454161719628036
parent_human_capital,low h,0.8,3,1.6409024999087747,0.8,0.42439180041733254,0.33025782737368475,0.47251516171348934,1.0481900853196566,1.0534441599869389,-1.5482245034588542
parent_human_capital,low h,0.8,3,1.6639368262928396,0.8,0.42453803924500466,0.3302357417979234,0.47233234917235645,1.0537556282820268,1.059037600349502,-1.3495338904936058
parent_human_capital,low h,0.8,3,1.6874316526555453,0.8,0.4246854168317497,0.33021346943123076,0.4721480885463684,1.059393241152899,1.0647034718724864,-1.1493380951016636
parent_human_capital,low h,0.8,3,1.7113973278342638,0.8,0.4248339221674924,0.3301910260848868,0.47196241702908015,1.0651039513785503,1.0704428071522658,-0.9476308373853461
parent_human_capital,low h,0.8,3,1.7358444628538618,0.8,0.4249835870014015,0.33016843297194964,0.47177533800014704,1.0708887940613154,1.0762566464796468,-0.7444057954324679
parent_human_capital,low h,0.8,3,1.7607839381251333,0.8,0.4251343379840438,0.3301456530680812,0.4715868634966986,1.076748837572903,1.082146063581573,-0.5396566052790277
parent_human_capital,low h,0.8,3,1.7862269108560356,0.8,0.42528628644390354,0.33012269781443115,0.47139690113679444,1.0826851290250732,1.0881121108184748,-0.3333768608416463
parent_human_capital,low h,0.8,3,1.8121848226824113,0.8,0.42543931792908973,0.3300995416278111,0.4712055230065654,1.0886987907399233,1.0941559161381118,-0.12556011392985233
parent_human_capital,low h,0.8,3,1.8386694075250942,0.8,0.42559360461268636,0.33007625688765585,0.47101267679327163,1.094790908247309,1.1002785705115814,0.08380012585530228
parent_human_capital,low h,0.8,3,1.8656926996805347,0.8,0.42574896313864696,0.3300527685136416,0.47081842151994346,1.100962650907446,1.106481249160541,0.29471039111292274
parent_human_capital,low h,0.8,3,1.8932670421523103,0.8,0.42590555386522144,0.3300291303730341,0.470622686032523,1.107215143446108,1.1127650824484763,0.5071772567299817
parent_human_capital,low h,0.8,3,1.921405095231136,0.8,0.4260632611312154,0.33000527278728764,0.4704254706045329,1.113549578757714,1.1191312692492144,0.7212073398775356
parent_human_capital,low h,0.8,3,1.9501198453312445,0.8,0.4262221385508054,0.3299812725059673,0.4702268487190765,1.1199671627262462,1.1255810214912556,0.9368073000468264
parent_human_capital,low h,0.8,3,1.979424614091259,0.8,0.4263822248323176,0.3299570968748653,0.47002672759245934,1.1264690963014874,1.1321155461441692,1.1539838391294568
parent_human_capital,low h,0.8,3,2.009333067747975,0.8,0.42654350008627107,0.32993271594066303,0.46982507751146685,1.1330566212253177,1.1387360911740922,1.3727437014047963
parent_human_capital,low h,0.8,3,2.0398592267917226,0.8,0.426705998089955,0.32990817816884815,0.4696219449576575,1.1397310087057098,1.1454439341609532,1.5930936735682426
parent_human_capital,low h,0.8,3,2.071017475912293,0.8,0.426869651420445,0.3298834448658415,0.46941733327738844,1.1464935590663496,1.1522403819463387,1.81504058478321
parent_human_capital,low h,0.8,3,2.1028225742447084,0.8,0.42703451397646097,0.3298585166692364,0.4692111896277944,1.1533455708417448,1.1591267395736868,2.0385913067101784
parent_human_capital,low h,0.8,3,2.135289665924415,0.8,0.4272006302769414,0.3298334484779464,0.4690035604025378,1.1602883857918025,1.1661043555285047,2.2637527535026027
parent_human_capital,low h,0.8,3,2.168434290961828,0.8,0.42736790937831326,0.3298081749835562,0.46879442839445573,1.167323377152836,1.1731746099304812,2.4905318818608926
parent_human_capital,low h,0.8,3,2.2022723964464688,0.8,0.42753641746823234,0.3297826978553069,0.46858373018015587,1.1744519145426595,1.1803388792626681,2.718935691050328
parent_human_capital,low h,0.8,3,2.23682034809129,0.8,0.427706180991835,0.32975708510250307,0.46837155193791,1.1816754258687014,1.1875985985899102,2.948971222884601
parent_human_capital,low h,0.8,3,2.2720949421281498,0.8,0.4278771564726115,0.32973124853443,0.46815779110040445,1.188995340578015,1.194955204524393,3.1806455618055187
parent_human_capital,low h,0.8,3,2.308113417565749,0.8,0.42805051557037077,0.3296998018049932,0.4679323562186979,1.19641110301724,1.202408138627533,3.4139658347657145
parent_human_capital,low h,0.8,3,2.344893468821764,0.8,0.42822396746070024,0.32967364282143435,0.46771558505159505,1.2039282705385645,1.2099629861078618,3.648939211564601
parent_human_capital,low h,0.8,3,2.382453258741261,0.8,0.42839864777740055,0.32964727750312733,0.46749724376777824,1.2115463335818257,1.2176192348510355,3.8855729044194174
parent_human_capital,low h,0.8,3,2.4208114320139376,0.8,0.42857458404912485,0.32962072809477816,0.4672773416758277,1.2192668444713637,1.2253784449624525,4.123874168266244
parent_human_capital,low h,0.8,3,2.4599871290031343,0.8,0.4287517870823553,0.32959399189549776,0.467055863496589,1.2270913826636132,1.233242203815606,4.363850300686814
parent_human_capital,low h,0.8,3,2.5,0.8,0.42893026304212456,0.3295670645351557,0.4668327958280932,1.2350215586674265,1.2412121299920573,4.60550864191858
parent_human_capital,baseline h,1.2,1,0.5,1.2,0.8520458020901729,0.32036530429828275,0.18994325519411778,0.562806842483076,0.565627923520836,-12.082318983939006
parent_human_capital,baseline h,1.2,1,0.5000203210855501,1.2,0.8520442832909844,0.3203654769471753,0.18994514691491438,0.5628153569713945,0.5656364806882048,-12.082268074418382
parent_human_capital,baseline h,1.2,1,0.5000812892976928,1.2,0.8520396975795288,0.3203659959255008,0.18995085361955294,0.5628409132013372,0.5656621650192832,-12.082115339675324
parent_human_capital,baseline h,1.2,1,0.5001829195049198,1.2,0.8520321643724981,0.32036685416223987,0.18996024061794003,0.5628834639592396,0.5657049290637471,-12.081860761162076
parent_human_capital,baseline h,1.2,1,0.5003252364947652,1.2,0.85205969792152,0.32034055852247856,0.18987590848703367,0.5629091325075211,0.5657307262761624,-12.081504369980905
parent_human_capital,baseline h,1.2,1,0.5005082749838822,1.2,0.8522064566790323,0.32034634673451295,0.1897416522675156,0.562928183579997,0.5657498728425365,-12.081046546801794
parent_human_capital,baseline h,1.2,1,0.500732079632158,1.2,0.8521891912219244,0.3203486622743641,0.1897639192907022,0.5630223994309435,0.5658445609524011,-12.080487084545444
parent_human_capital,baseline h,1.2,1,0.5009967050608752,1.2,0.8521817103510867,0.32034949325867357,0.18977319508764823,0.5631275308220027,0.565950219316751,-12.079825797070093
parent_human_capital,baseline h,1.2,1,0.5013022158749305,1.2,0.8521587564112996,0.3203521992233149,0.18980199391106067,0.5632555255034603,0.5660788555742192,-12.07906256691955
parent_human_capital,baseline h,1.2,1,0.5016486866891229,1.2,0.8521828182349283,0.3203192870880989,0.1897068418753656,0.5633561055045391,0.5661799397346515,-12.078197398547834
parent_human_capital,baseline h,1.2,1,0.502036202158526,1.2,0.852304666882193,0.3203337024004746,0.18961613030283225,0.5634690507148961,0.5662934510852313,-12.077231378342276
parent_human_capital,baseline h,1.2,1,0.502464857012963,1.2,0.8522837245679604,0.32033767720805556,0.18964565820143967,0.5636443152246589,0.5664695941120053,-12.076163486864733
parent_human_capital,baseline h,1.2,1,0.5029347560956027,1.2,0.852248728711737,0.3203417445764815,0.18968943957346307,0.5638407133066344,0.5666669766434634,-12.07499337155454
parent_human_capital,baseline h,1.2,1,0.5034460144056994,1.2,0.8522261914861696,0.32034434653912824,0.18971759703834745,0.5640471224523118,0.5668744204192893,-12.073720962679605
parent_human_capital,baseline h,1.2,1,0.5039987571454999,1.2,0.8521851156369735,0.32034913111796065,0.1897690075778216,0.5642778984759707,0.5671063532125805,-12.072346127840875
parent_human_capital,baseline h,1.2,1,0.5045931197713469,1.2,0.8521666626967958,0.32035124842573093,0.18979203390278307,0.5645140286492923,0.5673436669933214,-12.070868667096608
parent_human_capital,baseline h,1.2,1,0.5052292480490046,1.2,0.8521194395782566,0.32035671319063164,0.18985106091350767,0.564779285883423,0.5676102538348714,-12.069288621732627
parent_human_capital,baseline h,1.2,1,0.5059072981132409,1.2,0.8520807743404839,0.3203541411813035,0.1898841706111318,0.5650514542122407,0.5678837864131145,-12.067605553105812
parent_human_capital,baseline h,1.2,1,0.5066274365316988,1.2,0.8521547552487976,0.32035267410628304,0.1898070208207738,0.5652976201981385,0.5681311863111513,-12.065820988272844
parent_human_capital,baseline h,1.2,1,0.507389840373095,1.2,0.8522472244423938,0.3203419586198424,0.18969140617646585,0.5655460700881862,0.5683808815614556,-12.06393452676031
parent_human_capital,baseline h,1.2,1,0.5081946972797818,1.2,0.8522626927317769,0.3203401479162781,0.18967202676738376,0.565846024201007,0.5686823392005237,-12.061946320108131
parent_human_capital,baseline h,1.2,1,0.5090422055447187,1.2,0.8522001470578184,0.32034738199027485,0.18975019804117535,0.5661980568065573,0.5690361363768526,-12.059854994086905
parent_human_capital,baseline h,1.2,1,0.5099325741928927,1.2,0.852175227796036,0.3203502633046979,0.18978134094211152,0.5665487449712387,0.5693885823732746,-12.057660205117074
parent_human_capital,baseline h,1.2,1,0.5108660230672385,1.2,0.8522643275849643,0.32035027474584754,0.18969226586606658,0.5668701342508284,0.5697115826233322,-12.05536180653829
parent_human_capital,baseline h,1.2,1,0.5118427829191048,1.2,0.8522317904597432,0.3203437164877888,0.18971063715388056,0.5672491637765767,0.5700925120424846,-12.052962327105588
parent_human_capital,baseline h,1.2,1,0.5128630955033207,1.2,0.852157014075343,0.32035235606092755,0.18980407501626056,0.5676713059606285,0.5705167702230396,-12.050458540540486
parent_human_capital,baseline h,1.2,1,0.5139272136779165,1.2,0.8524016566653585,0.3203285583818184,0.18950802943936917,0.5679648311778641,0.5708117667415494,-12.047851166960536
parent_human_capital,baseline h,1.2,1,0.5150354015085564,1.2,0.8523282635496614,0.32033252881926905,0.18958999869995968,0.5684155802980455,0.571264775251098,-12.045144499102044
parent_human_capital,baseline h,1.2,1,0.5161879343777439,1.2,0.8522706278459962,0.3203392227018823,0.18966209319006963,0.5688786032396965,0.5717301191049023,-12.042332942329738
parent_human_capital,baseline h,1.2,1,0.5173850990988615,1.2,0.8521834903290881,0.32034933642106095,0.18977107634040366,0.5693717093117795,0.5722256968814576,-12.039416109113063
parent_human_capital,baseline h,1.2,1,0.5186271940351138,1.2,0.8521484832265362,0.3203533526231102,0.18981475843938173,0.5698569947464038,0.5727134148194458,-12.036394392616236
parent_human_capital,baseline h,1.2,1,0.5199145292234401,1.2,0.8520604264733327,0.32036040864643633,0.1899180562029698,0.5703811922426331,0.5732402398665593,-12.033266761030024
parent_human_capital,baseline h,1.2,1,0.5212474265034702,1.2,0.8524412765975229,0.32031945099673087,0.1894487375554159,0.5707082228851154,0.5735689097569587,-12.030038925071743
parent_human_capital,baseline h,1.2,1,0.5226262196515982,1.2,0.8523418793957621,0.3203309648132733,0.1895730046009082,0.5712730779513605,0.574136596171006,-12.026710471216427
parent_human_capital,baseline h,1.2,1,0.5240512545202515,1.2,0.8522681490411083,0.3203395020536586,0.18966517539479433,0.5718426463868456,0.5747090195801547,-12.023275698713789
parent_human_capital,baseline h,1.2,1,0.5255228891824385,1.2,0.8521951954153362,0.3203479592059964,0.18975639646961606,0.572428600278798,0.5752979105782133,-12.019733765575776
parent_human_capital,baseline h,1.2,1,0.5270414940816569,1.2,0.8520864472420024,0.3203605267904697,0.18989229062541213,0.5730480388437743,0.5759204540919175,-12.016084759322386
parent_human_capital,baseline h,1.2,1,0.5286074521872524,1.2,0.8522304652139283,0.3203438618842518,0.18971227645605554,0.5735663572332053,0.5764413705630873,-12.012331615951371
parent_human_capital,baseline h,1.2,1,0.5302211591553182,1.2,0.8523595663150842,0.32032889327010167,0.18955084314833553,0.5741083776993479,0.5769861079181228,-12.008474390099517
parent_human_capital,baseline h,1.2,1,0.5318830234952302,1.2,0.8522846842222215,0.32033758027708026,0.18964448917627197,0.5747628051829266,0.5776438157331139,-12.004515505194707
parent_human_capital,baseline h,1.2,1,0.5335934667419154,1.2,0.8521635140724861,0.32035163614963214,0.18979602001071938,0.5754560146578629,0.5783404999350032,-12.0004481272443
parent_human_capital,baseline h,1.2,1,0.5353529236339561,1.2,0.8522596324061111,0.3203404828045613,0.18967581045174137,0.5760645334088673,0.5789520688989405,-11.996273305709062
parent_human_capital,baseline h,1.2,1,0.537161842297634,1.2,0.8521322362607742,0.3203552417454808,0.1898350859094644,0.5767950816043763,0.5796862789825182,-11.991993393873116
parent_human_capital,baseline h,1.2,1,0.5390206844370244,1.2,0.8521155905713195,0.32035716352205923,0.18985588263632847,0.5774909916432535,0.5803856772849816,-11.987606564942887
parent_human_capital,baseline h,1.2,1,0.5409299255302531,1.2,0.8522496564936646,0.3203416405744869,0.18968828714722694,0.578133432811728,0.581031338703214,-11.983113143370826
parent_human_capital,baseline h,1.2,1,0.5428900550320312,1.2,0.8523232649474622,0.32033282398232527,0.18959563485436048,0.5788214160414726,0.5817227704632486,-11.978515039157042
parent_human_capital,baseline h,1.2,1,0.5449015765825912,1.2,0.8522731607582315,0.32033892316869583,0.1896589132861517,0.5795856014436319,0.5824907863606766,-11.973812508083117
parent_human_capital,baseline h,1.2,1,0.5469650082231464,1.2,0.8521300781220282,0.3203554928131797,0.18983778635443999,0.5804110816722124,0.583320404326122,-11.968999980737825
parent_human_capital,baseline h,1.2,1,0.5490808826180046,1.2,0.8520301029727864,0.3203670550952098,0.1899627360328669,0.5812340268514411,0.5841474745352276,-11.964075712316992
parent_human_capital,baseline h,1.2,1,0.5512497472834679,1.2,0.8524454742043965,0.32031895760159373,0.18944347421504598,0.5818313105107037,0.5847477520912913,-11.959047386465743
parent_human_capital,baseline h,1.2,1,0.5534721648236569,1.2,0.8523544166646768,0.32032950917940245,0.18955732316283253,0.5826857699708804,0.5856064945473356,-11.953920943870962
parent_human_capital,baseline h,1.2,1,0.5557487131734017,1.2,0.8522863243069603,0.3203374005571683,0.1896424608965232,0.583547422041006,0.5864724656664362,-11.948681879912499
parent_human_capital,baseline h,1.2,1,0.5580799858483445,1.2,0.8521273909531646,0.32035585495389257,0.18984125574724348,0.5844703452307213,0.5874000150278916,-11.943330830843685
parent_human_capital,baseline h,1.2,1,0.5604665922024078,1.2,0.8522478510510479,0.32034185731873677,0.18969056075742344,0.5852789152985168,0.5882126380700183,-11.937873700746497
parent_human_capital,baseline h,1.2,1,0.5629091576927818,1.2,0.8522453444748413,0.3203421437415324,0.18969368600686864,0.5861641430188886,0.5891023030128038,-11.932308875836776
parent_human_capital,baseline h,1.2,1,0.5654083241525933,1.2,0.8521222860436519,0.3203563722629768,0.1898474780443779,0.5871251507053347,0.5900681277703241,-11.926630552319224
parent_human_capital,baseline h,1.2,1,0.5679647500714233,1.2,0.8521498099018794,0.3203532486211155,0.1898132071197301,0.5880331367750364,0.5909806651391404,-11.92084078649154
parent_human_capital,baseline h,1.2,1,0.5705791108838415,1.2,0.8521057313484521,0.32035830985083513,0.18986821792935188,0.5889938053036649,0.5919461490388075,-11.914942687078057
parent_human_capital,baseline h,1.2,1,0.5732520992661372,1.2,0.8522555936064893,0.3203409418762495,0.18968084084620968,0.5898806500220786,0.5928374390848712,-11.908934249873951
parent_human_capital,baseline h,1.2,1,0.5759844254414287,1.2,0.8523219336898424,0.3203332689119748,0.18959792716002322,0.5908261325958085,0.5937876609097243,-11.902819326285865
parent_human_capital,baseline h,1.2,1,0.578776817493336,1.2,0.8522223557855015,0.3203447827285172,0.18972237490809557,0.5918700184452523,0.5948367792587632,-11.896594771277574
parent_human_capital,baseline h,1.2,1,0.5816300216884137,1.2,0.852064548744524,0.32036306884647914,0.18991967996387094,0.5929610646264017,0.5959332943316543,-11.890253559761252
parent_human_capital,baseline h,1.2,1,0.5845448028075416,1.2,0.8524941733239972,0.320313344739341,0.1893826513129792,0.5937892991031204,0.596765680350964,-11.883803449323239
parent_human_capital,baseline h,1.2,1,0.5875219444864789,1.2,0.8523002671036546,0.3203357837155546,0.18962502572194345,0.5949364316954101,0.5979185629693009,-11.877252859748664
parent_human_capital,baseline h,1.2,1,0.5905622495657936,1.2,0.8521667877583975,0.32035124842573093,0.18979190884118133,0.5960741495383439,0.5990619836466546,-11.870583116482393
parent_human_capital,baseline h,1.2,1,0.5936665404503856,1.2,0.8522929059503656,0.32033662344012465,0.18963420068030365,0.5971063870861116,0.6000993953066625,-11.863795941197765
parent_human_capital,baseline h,1.2,1,0.5968356594788269,1.2,0.8522759659973014,0.32033859098130163,0.18965539052231012,0.5982273675533482,0.601225994711874,-11.85690468127796
parent_human_capital,baseline h,1.2,1,0.600070469302753,1.2,0.8521453223101969,0.32035372350408364,0.18981872045862375,0.5994232994142317,0.6024279212061566,-11.849894924069599
parent_human_capital,baseline h,1.2,1,0.6033718532765401,1.2,0.8521999213557354,0.32034739176218324,0.18975044485058043,0.6005496732116069,0.6035599409756865,-11.842769069904739
parent_human_capital,baseline h,1.2,1,0.6067407158575169,1.2,0.8522971882493526,0.3203625313559847,0.18968587947957444,0.6016952360690949,0.6047112459908934,-11.83553280221928
parent_human_capital,baseline h,1.2,1,0.6101779830169621,1.2,0.8522197850063529,0.320345107844892,0.18972564793861374,0.602906338899534,0.6059284194995332,-11.828184881244432
parent_human_capital,baseline h,1.2,1,0.6136846026621482,1.2,0.8522156486126589,0.32034557398759955,0.1897307912005561,0.6041221372270881,0.6071503120415648,-11.820722350783175
parent_human_capital,baseline h,1.2,1,0.6172615450697004,1.2,0.8520534205067329,0.320364376382998,0.18993363248054274,0.6054356936655328,0.6084704527090574,-11.813138256181375
parent_human_capital,baseline h,1.2,1,0.6209098033305457,1.2,0.8520835598671168,0.3203604342296247,0.18989497806887254,0.6066759957751183,0.6097169718588391,-11.805436903371548
parent_human_capital,baseline h,1.2,1,0.6246303938067362,1.2,0.8523532858794406,0.32032964750484605,0.18955875273102685,0.6078205993989524,0.6108673128322133,-11.79763707764928
parent_human_capital,baseline h,1.2,1,0.6284243566004422,1.2,0.8521200673937984,0.320356667426033,0.18985033424643294,0.6092321506436079,0.6122859395069268,-11.789713612801323
parent_human_capital,baseline h,1.2,1,0.6322927560354111,1.2,0.8523883781195081,0.3203255828373091,0.18951488080907963,0.6104189914374067,0.6134787293649614,-11.78167066089464
parent_human_capital,baseline h,1.2,1,0.6362366811512086,1.2,0.8522714052432236,0.320339125770907,0.1896611064219355,0.611816450290729,0.614883193009936,-11.773518022323925
parent_human_capital,baseline h,1.2,1,0.6402572462105554,1.2,0.8520659348536175,0.3203629049378472,0.1899179398121325,0.6132792867984451,0.6163533620161609,-11.76524052435245
parent_human_capital,baseline h,1.2,1,0.6443555912200942,1.2,0.852274195278347,0.3203388518209089,0.1896577246548161,0.6145600960827869,0.6176405913837575,-11.756849133765673
parent_human_capital,baseline h,1.2,1,0.6485328824649206,1.2,0.8521958037271358,0.32034786664515136,0.18975558822639133,0.6160041900619329,0.6190919239140967,-11.74834532356537
parent_human_capital,baseline h,1.2,1,0.652790313057229,1.2,0.8522390043097205,0.32034287676321876,0.18970160949883202,0.6174103736730364,0.6205051560498831,-11.739713124481423
parent_human_capital,baseline h,1.2,1,0.6571291034994325,1.2,0.8520847618426137,0.3203607065103816,0.18989436421981076,0.6189367982877766,0.6220392318998449,-11.73096152738222
parent_human_capital,baseline h,1.2,1,0.6615505022621248,1.2,0.8521039449896928,0.3203584922716361,0.18987039831704106,0.6203998209523478,0.6235095879960402,-11.72209339357169
parent_human_capital,baseline h,1.2,1,0.6660557863772645,1.2,0.852342112418375,0.32033094630110426,0.1895727315920104,0.6217763879508453,0.624893055065332,-11.713110954115677
parent_human_capital,baseline h,1.2,1,0.6706462620469753,1.2,0.852099663166935,0.3203589785957539,0.18987573059989335,0.623415377747856,0.6265402603328886,-11.704005438703263
parent_human_capital,baseline h,1.2,1,0.6753232652683625,1.2,0.852382885892521,0.32032623307005886,0.18952177753880617,0.624814964762425,0.6279468628065626,-11.694780344486794
parent_human_capital,baseline h,1.2,1,0.6800881624747613,1.2,0.8522659602563798,0.32033945795830127,0.18966726893355096,0.6264376980581398,0.6295777300867714,-11.685436434751471
parent_human_capital,baseline h,1.2,1,0.6849423511938463,1.2,0.8519886627974748,0.3203718413432834,0.1900145145040174,0.6281651229058963,0.6313138136876104,-11.675961414308421
parent_human_capital,baseline h,1.2,1,0.6898872607230374,1.2,0.8523312988293164,0.3203321824898361,0.18958621534872971,0.6296046560058184,0.6327605624772236,-11.666377351231615
parent_human_capital,baseline h,1.2,1,0.6949243528226603,1.2,0.8520476849357703,0.32036500643433746,0.1899407289623986,0.6313832617630777,0.6345480835329418,-11.65666265956943
parent_human_capital,baseline h,1.2,1,0.7000551224273222,1.2,0.852229509424596,0.32034403286390306,0.18971360156143463,0.6329514550507493,0.6361241374221795,-11.646820697521818
parent_human_capital,baseline h,1.2,1,0.7052810983759861,1.2,0.8522870020414258,0.3203373106972124,0.18964158906455297,0.6346064754157733,0.6377874536113058,-11.63686916465063
parent_human_capital,baseline h,1.2,1,0.7106038441612367,1.2,0.8523245635443553,0.3203326274194856,0.18959391168173384,0.6362958813294617,0.6394853277073765,-11.626782473646575
parent_human_capital,baseline h,1.2,1,0.7160249586982449,1.2,0.8523900312629931,0.3203250796702636,0.18951214082477613,0.6379961108801033,0.6411940796941066,-11.616577514276733
parent_human_capital,baseline h,1.2,1,0.7215460771139571,1.2,0.8521361921011463,0.32035475979149336,0.18983008904847942,0.639884341102558,0.6430917747099386,-11.60624831099928
parent_human_capital,baseline h,1.2,1,0.7271688715570458,1.2,0.8522265254902393,0.32034432365682897,0.18971721360851118,0.6416223219117615,0.6448384671842016,-11.595794972176687
parent_human_capital,baseline h,1.2,1,0.7328950520291776,1.2,0.8522515703820268,0.32034144234240597,0.18968594507757003,0.6434190712534883,0.6466442227694829,-11.585205971995908
parent_human_capital,baseline h,1.2,1,0.7387263672381705,1.2,0.852348523559681,0.3203302035075095,0.18956471601653962,0.6452045919988804,0.6484386934748562,-11.574502065747968
parent_human_capital,baseline h,1.2,1,0.7446646054736273,1.2,0.8521610946402342,0.3203518969892394,0.18979900285652296,0.6471623036061906,0.6504062181524347,-11.563668568418025
parent_human_capital,baseline h,1.2,1,0.7507115955056528,1.2,0.8524984735785449,0.32031282846190456,0.1893772358991691,0.6488759605235169,0.652128464810805,-11.55270534967892
parent_human_capital,baseline h,1.2,1,0.7568692075072764,1.2,0.8522771155949115,0.320338452655858,0.18965394214174172,0.6509044090433578,0.6541670809711638,-11.541628438087265
parent_human_capital,baseline h,1.2,1,0.7631393540012239,1.2,0.8523967932932686,0.320348955768179,0.18955695116599808,0.6528028687440024,0.6560750567406587,-11.53040195919461
parent_human_capital,baseline h,1.2,1,0.7695239908317001,1.2,0.8523360357973504,0.32033164499934164,0.1895803174012276,0.6547828862819919,0.6580649991578592,-11.519072907478224
parent_human_capital,baseline h,1.2,1,0.7760251181618615,1.2,0.8521313760285661,0.32035532723530646,0.189836130799696,0.6568848269754761,0.6601774758729149,-11.50759202639053
parent_human_capital,baseline h,1.2,1,0.7826447814976824,1.2,0.8523740766220602,0.3203272323331306,0.18953274521750196,0.6587813756770926,0.662083531064459,-11.495990369951956
parent_human_capital,baseline h,1.2,1,0.7893850727389358,1.2,0.8521279859036445,0.3203557307704877,0.18984039256060903,0.6609610529971973,0.6642741340625976,-11.48425214081656
parent_human_capital,baseline h,1.2,1,0.7962481312580323,1.2,0.852421733090692,0.3203217278430027,0.18947319905019389,0.6628862933581079,0.6662090247309765,-11.472385882912798
parent_human_capital,baseline h,1.2,1,0.8032361450074849,1.2,0.8523389847371274,0.3203313128119474,0.18957665093667903,0.6650373507895669,0.6683708643826805,-11.46039996890378
parent_human_capital,baseline h,1.2,1,0.8103513516567865,1.2,0.8524703924988297,0.32031608335819006,0.18941234755486086,0.6671043757282749,0.6704482503270106,-11.448276433200418
parent_human_capital,baseline h,1.2,1,0.8175960397595149,1.2,0.8523826658499147,0.32032625595235814,0.18952204700717878,0.6693161248348752,0.6726710858721436,-11.436016057208748
parent_human_capital,baseline h,1.2,1,0.8249725499515008,1.2,0.852469430154959,0.32031619173031506,0.18941354398252164,0.6714648967379651,0.6748306285392196,-11.423629045759805
parent_human_capital,baseline h,1.2,1,0.8324832761809209,1.2,0.852252120035505,0.32034136392359963,0.18968522603947027,0.6738049011175143,0.6771823622395325,-11.411095980571694
parent_human_capital,baseline h,1.2,1,0.8401306669712053,1.2,0.8525323701886536,0.3203089293722408,0.1893349172553866,0.6759101874328582,0.6792982013464471,-11.398432295665739
parent_human_capital,baseline h,1.2,1,0.8479172267176741,1.2,0.8523039845021863,0.3203353545971851,0.18962038142773374,0.6783170340753188,0.6817171123579086,-11.38563721642235
parent_human_capital,baseline h,1.2,1,0.8558455170188431,1.2,0.8526419409385997,0.3202962463446232,0.18919795116578658,0.680451457585833,0.6838622347107919,-11.3726930405256
parent_human_capital,baseline h,1.2,1,0.8639181580433734,1.2,0.8525034395543842,0.32031227245924104,0.18937106895757647,0.6828722259716137,0.686295137248602,-11.359646471255592
parent_human_capital,baseline h,1.2,1,0.8721378299336601,1.2,0.8525321493238438,0.3203089250021105,0.18933512868071506,0.6852345052199023,0.6886692574708984,-11.346437226087023
parent_human_capital,baseline h,1.2,1,0.8805072742470966,1.2,0.8523523270578558,0.32032976294799037,0.18955996090980343,0.6877412313637875,0.6911885486318687,-11.333102160100994
parent_human_capital,baseline h,1.2,1,0.88902929543607,1.2,0.8524976497300146,0.3203129455742901,0.18937831271045188,0.690104190892858,0.6935633525448687,-11.319608468390701
parent_human_capital,baseline h,1.2,1,0.8977067623677852,1.2,0.8524102563849504,0.3203230707346183,0.18948757640182523,0.6926257004572086,0.6960975012285076,-11.30598796053157
parent_human_capital,baseline h,1.2,1,0.9065426098850453,1.2,0.8527065199031064,0.3202887585020384,0.1891171984612966,0.694970841745464,0.6984543975863887,-11.29221799144066
parent_human_capital,baseline h,1.2,1,0.9155398404091444,1.2,0.8527294248401024,0.3202861124440344,0.18908857803901205,0.6974978435348174,0.7009940660249229,-11.278330068341853
parent_human_capital,baseline h,1.2,1,0.9247015255860773,1.2,0.8526437370308751,0.3202956930428488,0.1891949599416781,0.7001176610243053,0.7036270154042248,-11.264295932175648
parent_human_capital,baseline h,1.2,1,0.9340308079772923,1.2,0.8524145445676878,0.3203225490554038,0.18948216139198437,0.7028512024713898,0.7063742587848327,-11.250118463053179
parent_human_capital,baseline h,1.2,1,0.9435309027962627,1.2,0.8527028235924763,0.32028917617925834,0.18912179695472187,0.7053337074752551,0.7088692073968136,-11.23578006542708
parent_human_capital,baseline h,1.2,1,0.9532050996921831,1.2,0.852309659938505,0.3203346989626572,0.18961328982083459,0.7082274349867342,0.7117774397778053,-11.221309531729416
parent_human_capital,baseline h,1.2,1,0.9630567645821445,1.2,0.8529296897935429,0.3202739255124429,0.18886198931333376,0.7106039357657006,0.7141658528164986,-11.206685253373738
parent_human_capital,baseline h,1.2,1,0.9730893415331738,1.2,0.8525414121258018,0.3203078799744402,0.189323608618989,0.7135572627413505,0.7171339834052186,-11.191951185486666
parent_human_capital,baseline h,1.2,1,0.9833063546955787,1.2,0.8528178462412379,0.3202758816124702,0.1889780580416977,0.7161853364921671,0.7197752304305313,-11.17704728607196
parent_human_capital,baseline h,1.2,1,0.9937114102890687,1.2,0.8525100292639438,0.32031148994041925,0.1893627890073617,0.7191766753331774,0.7227815634198798,-11.162006885159023
parent_human_capital,baseline h,1.2,1,1.0043081986431819,1.2,0.8525401825698006,0.32029183367841213,0.1892901781755697,0.7220015800092634,0.7256206279895804,-11.146788858818937
parent_human_capital,baseline h,1.2,1,1.0151004962935855,1.2,0.8525941168568762,0.32030176664603094,0.18925769909855067,0.7248782839153246,0.728511751433977,-11.131459222111632
parent_human_capital,baseline h,1.2,1,1.0260921681358672,1.2,0.8525632515189845,0.32030539345493775,0.189296398343681,0.7278264697674138,0.7314747151291473,-11.115952290651938
parent_human_capital,baseline h,1.2,1,1.037287169638491,1.2,0.8526870204557602,0.3202910195370304,0.1891415817442254,0.7307249130490056,0.7343876869181477,-11.100333395221911
parent_human_capital,baseline h,1.2,1,1.0486895491166357,1.2,0.8527630762816683,0.32028223289818747,0.18904654677841676,0.7336887193717818,0.7373663493819401,-11.08454198278151
parent_human_capital,baseline h,1.2,1,1.0603034500686892,1.2,0.8524893189793962,0.3203138893008548,0.18938868191045033,0.7368914108185638,0.7405850943864053,-11.06860065262531
parent_human_capital,baseline h,1.2,1,1.0721331135772334,1.2,0.8526685484590419,0.3202931580578587,0.18916467294593287,0.739874700680818,0.7435833380513237,-11.052501057093549
parent_human_capital,baseline h,1.2,1,1.0841828807763967,1.2,0.8527749263347986,0.3202808556831229,0.18903172194074688,0.7429392226309467,0.7466632209816516,-11.036249217727361
parent_human_capital,baseline h,1.2,1,1.0964571953875313,1.2,0.8527650673800594,0.3202819878698601,0.18904402641883833,0.7461110347158264,0.7498509318407689,-11.019860395319373
parent_human_capital,baseline h,1.2,1,1.1089606063252093,1.2,0.8527213569216259,0.32028706054072936,0.18909869384634975,0.7493435620727302,0.7530996623084777,-11.003307499868328
parent_human_capital,baseline h,1.2,1,1.1216977703756155,1.2,0.8527220183088561,0.3202869777517927,0.1890978536350162,0.7525919368687713,0.7563643196509431,-10.986604060540188
parent_human_capital,baseline h,1.2,1,1.1346734549494641,1.2,0.8526111682762227,0.32029980347498427,0.1892364072297434,0.7559474944159724,0.7597366970003445,-10.969733136607497
parent_human_capital,baseline h,1.2,1,1.147892540911644,1.2,0.8527701016661345,0.320281401913878,0.1890377264678419,0.7591879382660491,0.7629933836428133,-10.952717306186113
parent_human_capital,baseline h,1.2,1,1.1613600254898573,1.2,0.8526489860313129,0.32029542783311116,0.18918913808820736,0.7626356197600487,0.7664583467122181,-10.935519020838072
parent_human_capital,baseline h,1.2,1,1.1750810252645967,1.2,0.8528562669756715,0.32027141611064114,0.1889299918233135,0.7659335159227944,0.7697727736482717,-10.918209995402796
parent_human_capital,baseline h,1.2,1,1.189060779242872,1.2,0.852602008862956,0.32027421193523853,0.1891902889171593,0.7695239570616038,0.7733812119481841,-10.900699876260697
parent_human_capital,baseline h,1.2,1,1.2033046520181812,1.2,0.8526775777977578,0.3202920945180193,0.18915334636116404,0.7730128671516545,0.7768876102728376,-10.883059388848615
parent_human_capital,baseline h,1.2,1,1.217818137019287,1.2,0.8529324891221082,0.3202626011877208,0.18883472944336882,0.776415313624883,0.7803071115799862,-10.865219624297461
parent_human_capital,baseline h,1.2,1,1.2326068598504607,1.2,0.8529507932123692,0.32026016750383635,0.1888111685959173,0.780004125568444,0.7839139125182748,-10.847253100150997
parent_human_capital,baseline h,1.2,1,1.247676581725918,1.2,0.8528559818404808,0.32027144606395985,0.18893034165767236,0.7837080863579702,0.7876364394885208,-10.82911143394267
parent_human_capital,baseline h,1.2,1,1.2630332030012734,1.2,0.8528630823858718,0.32027063629270847,0.1889214920063786,0.7873977930214924,0.791344640883659,-10.810820298006437
parent_human_capital,baseline h,1.2,1,1.2786827668049243,1.2,0.852682702701029,0.32029152000318684,0.18914698050585463,0.7912488997365866,0.7952150513514944,-10.792337635506012
parent_human_capital,baseline h,1.2,1,1.294631462772364,1.2,0.8526102122516617,0.320299910177868,0.18923759373253324,0.7950835832991267,0.799068956345381,-10.773689193872485
parent_human_capital,baseline h,1.2,1,1.31088563088653,1.2,0.8530025689155107,0.32025450013672435,0.18874715137981374,0.7986837185401494,0.8026871373393958,-10.754884976627041
parent_human_capital,baseline h,1.2,1,1.3274517654273796,1.2,0.8528615665605588,0.32027081164249005,0.18892338658721974,0.8026588784784294,0.8066822228497861,-10.735928224409616
parent_human_capital,baseline h,1.2,1,1.3443365190339982,1.2,0.8528179216168585,0.32027584291889094,0.188977899087946,0.8066250912564085,0.8106683163520475,-10.716798042776
parent_human_capital,baseline h,1.2,1,1.3615467068826452,1.2,0.8532414571405124,0.32022685453432814,0.18844854865363636,0.8103535398749264,0.8144154538970391,-10.697469277046375
parent_human_capital,baseline h,1.2,1,1.3790893109842512,1.2,0.8527158152172225,0.3202876976630882,0.18910561173504797,0.8147212811275433,0.8188050885437932,-10.677996336964533
parent_human_capital,baseline h,1.2,1,1.3969714846049992,1.2,0.8532419890391771,0.32022680876972953,0.18844791790343857,0.8184881235615189,0.8225908123540431,-10.658341226151645
parent_human_capital,baseline h,1.2,1,1.4152005568137338,1.2,0.8529678055207277,0.32025852507903424,0.1887906086499862,0.8228067274988733,0.8269310633837169,-10.638526163976808
parent_human_capital,baseline h,1.2,1,1.4337840371600625,1.2,0.8530031011562024,0.320254437529198,0.18874648390686524,0.8269859415540061,0.831131225836477,-10.618536438820215
parent_human_capital,baseline h,1.2,1,1.4527296204871472,1.2,0.8527151110792273,0.3202877646407448,0.18910646054478147,0.8314235921880736,0.8355911202869145,-10.598344683167852
parent_human_capital,baseline h,1.2,1,1.4720451918832933,1.2,0.8529842685741227,0.3202566729810016,0.18877014506484094,0.8355652138304018,0.8397535018941166,-10.578000660339722
parent_human_capital,baseline h,1.2,1,1.4917388317766058,1.2,0.8526882116207152,0.32029044065206763,0.1891391401877508,0.8401205883499445,0.8443317103234609,-10.557458097942735
parent_human_capital,baseline h,1.2,1,1.5118188211770927,1.2,0.8531650136934756,0.3202356694572485,0.1885440323341811,0.844241518272283,0.8484732964929952,-10.53678150547709
parent_human_capital,baseline h,1.2,1,1.5322936470707536,1.2,0.8530409102659797,0.3202500548163055,0.18869920813724025,0.8488029537656105,0.8530575962768819,-10.515886678961152
parent_human_capital,baseline h,1.2,1,1.5531720079703377,1.2,0.8529057485963526,0.3202657019472828,0.1888681676097784,0.8534306583685393,0.857708497345664,-10.494831622328295
parent_human_capital,baseline h,1.2,1,1.5744628196276003,1.2,0.8531499173154571,0.3202375329964308,0.1885631539568336,0.8578728993464304,0.8621730051491193,-10.473565114477031
parent_human_capital,baseline h,1.2,1,1.5961752209120554,1.2,0.8529518139567889,0.320260382578845,0.18881061241351632,0.8626614983673293,0.8669856071224978,-10.452152997643601
parent_human_capital,baseline h,1.2,1,1.618318579861377,1.2,0.8533021006114119,0.32021983990547026,0.18837275358440395,0.8671539399074588,0.8715005671195568,-10.43054868628961
parent_human_capital,baseline h,1.2,1,1.6409024999087747,1.2,0.8529988112002727,0.320254508876985,0.1887509279740149,0.8721349580489481,0.8765065527183814,-10.408742891141141
parent_human_capital,baseline h,1.2,1,1.6639368262928396,1.2,0.853192086866229,0.32023255018551755,0.188510221534489,0.8768539300603765,0.8812491786754519,-10.386766606515389
parent_human_capital,baseline h,1.2,1,1.6874316526555453,1.2,0.8533782752089353,0.3202110135414003,0.1882775140404894,0.8816396371870735,0.8860588742589486,-10.364598052905752
parent_human_capital,baseline h,1.2,1,1.7113973278342638,1.2,0.8532845200069912,0.32022185591213487,0.18839468876322024,0.886675253498762,0.8911197317024391,-10.342241481602304
parent_human_capital,baseline h,1.2,1,1.7358444628538618,1.2,0.8531042656916756,0.32024273525248304,0.1886200424536877,0.8918347973148025,0.8963051378394826,-10.319696506671605
parent_human_capital,baseline h,1.2,1,1.7607839381251333,1.2,0.8531294534498854,0.3202398212838523,0.18858856052323553,0.8969239349582468,0.9014197848915213,-10.296942363997989
parent_human_capital,baseline h,1.2,1,1.7862269108560356,1.2,0.853269773293324,0.3202235626137046,0.18841312195227788,0.9020026667904147,0.906523973972937,-10.274027503358155
parent_human_capital,baseline h,1.2,1,1.8121848226824113,1.2,0.8535106618109372,0.320195675715518,0.18811199773458182,0.9070806509682079,0.9116274116523452,-10.250898334303843
parent_human_capital,baseline h,1.2,1,1.8386694075250942,1.2,0.8531423273844125,0.3202383057433442,0.18857241302121103,0.9126418338202525,0.9172164700494385,-10.227594883011129
parent_human_capital,baseline h,1.2,1,1.8656926996805347,1.2,0.8536318125037359,0.3201813660743782,0.18795993821692097,0.9176880448522238,0.9222879753194685,-10.204076403906132
parent_human_capital,baseline h,1.2,1,1.8932670421523103,1.2,0.8530165405975614,0.32025288766524085,0.1887296967593588,0.9235634170465772,0.9281927979395028,-10.180368234061184
parent_human_capital,baseline h,1.2,1,1.921405095231136,1.2,0.8533968352807457,0.3202088477681424,0.18825427589844182,0.9288269709505995,0.9334827355172637,-10.156476856168982
parent_human_capital,baseline h,1.2,1,1.9501198453312445,1.2,0.8535440082037763,0.32022088223225154,0.18813309741788706,0.9343546485851467,0.9390381207512581,-10.132327488465712
parent_human_capital,baseline h,1.2,1,1.979424614091259,1.2,0.8532582688842726,0.3202249098754505,0.18842753644670063,0.9401959413746764,0.9449086931427413,-10.108053308245426
parent_human_capital,baseline h,1.2,1,2.009333067747975,1.2,0.8537340497636512,0.3201698277062952,0.18783277808194643,0.9456117643256039,0.950351663019181,-10.083537786905406
parent_human_capital,baseline h,1.2,1,2.0398592267917226,1.2,0.8533495983179524,0.3202140173699869,0.18831267920121925,0.9517079447140602,0.9564784006389971,-10.058828419379399
parent_human_capital,baseline h,1.2,1,2.071017475912293,1.2,0.8534484148061552,0.3202028842063264,0.18818981507950983,0.957543004429348,0.9623427087128237,-10.033914359362464
parent_human_capital,baseline h,1.2,1,2.1028225742447084,1.2,0.8537931568743953,0.32016298572632995,0.18775889229447748,0.9632810003390836,0.968109466446748,-10.008770004563692
parent_human_capital,baseline h,1.2,1,2.135289665924415,1.2,0.8533720593851639,0.3202008039228942,0.18826167708828773,0.9696337234775012,0.9744940327424109,-9.983463775658914
parent_human_capital,baseline h,1.2,1,2.168434290961828,1.2,0.8534065141058048,0.32020774720396505,0.18824221985475986,0.9757674889865919,0.9806585438790627,-9.957919305645538
parent_human_capital,baseline h,1.2,1,2.2022723964464688,1.2,0.8533406380228374,0.32021538314390185,0.18832458956799056,0.9820445286606491,0.9869670473454213,-9.932167156618602
parent_human_capital,baseline h,1.2,1,2.23682034809129,1.2,0.8535523061638933,0.3201909237908933,0.1880600892244363,0.9882046975305064,0.9931580941902362,-9.906202424027086
parent_human_capital,baseline h,1.2,1,2.2720949421281498,1.2,0.8537190865259476,0.320171555620923,0.1878514736152459,0.994481496425065,0.999466355670184,-9.880033754607133
parent_human_capital,baseline h,1.2,1,2.308113417565749,1.2,0.8536390195551595,0.3201808356549031,0.18795158545943114,1.0010255829277488,1.0060432445429683,-9.853650796542674
parent_human_capital,baseline h,1.2,1,2.344893468821764,1.2,0.8536843199969348,0.3201755920043825,0.18789495873253137,1.00756591914671,1.0126163643336545,-9.827033036713686
parent_human_capital,baseline h,1.2,1,2.382453258741261,1.2,0.8533726097599215,0.3202116708451694,0.18828459926564456,1.0144607372985437,1.019545742905296,-9.800200503773313
parent_human_capital,baseline h,1.2,1,2.4208114320139376,1.2,0.8535956473473725,0.3201858413481157,0.18800576996455737,1.0210499363197478,1.0261679704240407,-9.77318504789362
parent_human_capital,baseline h,1.2,1,2.4599871290031343,1.2,0.8539938020145722,0.3201397783733332,0.18750811927182764,1.0275980766674622,1.0327489334618383,-9.745922089910959
parent_human_capital,baseline h,1.2,1,2.5,1.2,0.8536282852919219,0.3201820604024853,0.18796496517744637,1.0348139873785407,1.0400010140758758,-9.71843377731508
parent_human_capital,baseline h,1.2,2,0.5,1.2,0.7034798040145689,0.3452944007801439,0.42964789695479766,0.6512841033921098,0.654548678545759,-12.280838394921284
parent_human_capital,baseline h,1.2,2,0.5000203210855501,1.2,0.7034777513966092,0.3452946431075822,0.4296504991713873,0.6512934118601386,0.6545580336726781,-12.280681291762427
parent_human_capital,baseline h,1.2,2,0.5000812892976928,1.2,0.7034715008480977,0.3452953259945396,0.429658298507518,0.6513213429282338,0.6545861047458347,-12.280209963843848
parent_human_capital,baseline h,1.2,2,0.5001829195049198,1.2,0.703461056035459,0.34529646358305494,0.42967132337090974,0.6513679038293239,0.6546328990344128,-12.279424355833367
parent_human_capital,baseline h,1.2,2,0.5003252364947652,1.2,0.7034465315656369,0.34529808479479895,0.4296895247489671,0.651433085309661,0.6546984072382795,-12.278324375500869
parent_human_capital,baseline h,1.2,2,0.5005082749838822,1.2,0.7034277413793913,0.34530015903885963,0.42971301932074224,0.6515169239064006,0.6547826660777342,-12.276909893687645
parent_human_capital,baseline h,1.2,2,0.500732079632158,1.2,0.7034048156127464,0.34530266677142013,0.4297416326248345,0.651619394592446,0.6548856504002308,-12.27518074429625
parent_human_capital,baseline h,1.2,2,0.5009967050608752,1.2,0.7033777659829424,0.34530565645796807,0.42977546286372925,0.6517405231023798,0.6550073860693474,-12.273136724230131
parent_human_capital,baseline h,1.2,2,0.5013022158749305,1.2,0.7033465453380542,0.34530910688544547,0.42981450907813634,0.6518803258808916,0.6551478896122028,-12.270777593363375
parent_human_capital,baseline h,1.2,2,0.5016486866891229,1.2,0.7033111415344787,0.34531300597510917,0.4298587560170689,0.6520388171563285,0.6553071753284638,-12.268103074483424
parent_human_capital,baseline h,1.2,2,0.502036202158526,1.2,0.7032715626481151,0.34531737724685196,0.4299082489477454,0.6522160212026175,0.6554852676137312,-12.265112853225798
parent_human_capital,baseline h,1.2,2,0.502464857012963,1.2,0.7032277883910455,0.3453222190314326,0.42996300437224366,0.6524119618058034,0.6556821903732778,-12.261806578007338
parent_human_capital,baseline h,1.2,2,0.5029347560956027,1.2,0.7031907596629918,0.34532627932883925,0.4300092418548156,0.6526238938799913,0.6558951847614084,-12.258183920744369
parent_human_capital,baseline h,1.2,2,0.5034460144056994,1.2,0.7035544688354437,0.3453955742081589,0.42980269346866085,0.6527903925994546,0.656062518059176,-12.254245543506308
parent_human_capital,baseline h,1.2,2,0.5039987571454999,1.2,0.7037810622965787,0.34526095218608116,0.42927077726145335,0.652933613930971,0.6562064572906041,-12.250002669023852
parent_human_capital,baseline h,1.2,2,0.5045931197713469,1.2,0.7040429200732722,0.34523208183610277,0.42894344153100883,0.6531234129351036,0.6563972076662039,-12.24545089946625
parent_human_capital,baseline h,1.2,2,0.5052292480490046,1.2,0.7039781585786957,0.3452394084709446,0.4290248198334066,0.6534134105338251,0.6566886588839383,-12.240585422689197
parent_human_capital,baseline h,1.2,2,0.5059072981132409,1.2,0.7039093367280521,0.34524697743322463,0.4291108080905014,0.6537221987908295,0.6569989949485221,-12.235402797820617
parent_human_capital,baseline h,1.2,2,0.5066274365316988,1.2,0.7038476850646124,0.3452538352244699,0.4291880132244853,0.6540470769520133,0.6573255015682655,-12.22990243768385
parent_human_capital,baseline h,1.2,2,0.507389840373095,1.2,0.7037704763904004,0.34526241656021256,0.4292846843681618,0.6543937923545192,0.6576739548889589,-12.224084006379256
parent_human_capital,baseline h,1.2,2,0.5081946972797818,1.2,0.7036891121947826,0.3452713627375572,0.4293863384939973,0.6547594726090558,0.658041468123399,-12.217946498808283
parent_human_capital,baseline h,1.2,2,0.5090422055447187,1.2,0.7036045716518261,0.3452806824967643,0.42949201625083544,0.655143952301632,0.6584278750284545,-12.21148919369584
parent_human_capital,baseline h,1.2,2,0.5099325741928927,1.2,0.7035267107161127,0.34528903564710745,0.4295888221315272,0.6555446976298188,0.658830629100958,-12.204711360286403
parent_human_capital,baseline h,1.2,2,0.5108660230672385,1.2,0.7034325494589482,0.34529962861938446,0.4297070082498158,0.6559677913820499,0.6592558436194477,-12.197612612670744
parent_human_capital,baseline h,1.2,2,0.5118427829191048,1.2,0.7035332883538803,0.34528844262010594,0.42958089950851996,0.6563596380815122,0.6596496544586647,-12.19019737753447
parent_human_capital,baseline h,1.2,2,0.5128630955033207,1.2,0.7034308923355239,0.3452997854569971,0.42970902108094555,0.6568210462969065,0.6601133754923635,-12.182461828794063
parent_human_capital,baseline h,1.2,2,0.5139272136779165,1.2,0.7038949812038897,0.3452475721294674,0.4291265123857424,0.6571568748487752,0.6604508873918534,-12.174408378884593
parent_human_capital,baseline h,1.2,2,0.5150354015085564,1.2,0.7037833473766971,0.3452609309730231,0.4292684440701192,0.6576574300187404,0.6609539516050496,-12.166050806678989
parent_human_capital,baseline h,1.2,2,0.5161879343777439,1.2,0.7036683987662362,0.3452735954884717,0.42941211580161753,0.6581767936085033,0.6614759185156397,-12.157368665993125
parent_human_capital,baseline h,1.2,2,0.5173850990988615,1.2,0.7038744923911908,0.3452509152164676,0.42915458331975787,0.65863312184473,0.661934534106669,-12.148375527154933
parent_human_capital,baseline h,1.2,2,0.5186271940351138,1.2,0.7037636195943897,0.3452631135892087,0.4292931220259357,0.6591882637070562,0.6624924586291602,-12.139058282929227
parent_human_capital,baseline h,1.2,2,0.5199145292234401,1.2,0.7038383298622465,0.3452548529997106,0.42919967674109716,0.6597147747588725,0.6630216088286064,-12.129420020392933
parent_human_capital,baseline h,1.2,2,0.5212474265034702,1.2,0.7037064259781111,0.3452694322207182,0.4293646462984778,0.6603123592527866,0.6636221887272615,-12.119458470554585
parent_human_capital,baseline h,1.2,2,0.5226262196515982,1.2,0.703583269775183,0.3452830448328619,0.42951867590574777,0.6609263690517836,0.6642392762631839,-12.109168345160496
parent_human_capital,baseline h,1.2,2,0.5240512545202515,1.2,0.703461835586527,0.34527252050748275,0.4296162409244439,0.6615503204121632,0.6648663551927725,-12.09854804270778
parent_human_capital,baseline h,1.2,2,0.5255228891824385,1.2,0.7038147566914942,0.34525747784465666,0.4292292030601873,0.6620888912948367,0.6654076256732299,-12.087624548920314
parent_human_capital,baseline h,1.2,2,0.5270414940816569,1.2,0.7036775477249428,0.34527478861349403,0.4294056728504619,0.6627635462344208,0.6660856623347714,-12.076372287440677
parent_human_capital,baseline h,1.2,2,0.5286074521872524,1.2,0.7037804360819286,0.3452612729323257,0.42927213092858607,0.6633943677771031,0.6667196458835951,-12.064799629731247
parent_human_capital,baseline h,1.2,2,0.5302211591553182,1.2,0.7039654634948663,0.34524084996277665,0.429040784220711,0.6640238785185063,0.6673523120607207,-12.052913871608627
parent_human_capital,baseline h,1.2,2,0.5318830234952302,1.2,0.7038043871878796,0.3452580082641318,0.42924077555517126,0.664760649815663,0.6680927764393729,-12.040697595618019
parent_human_capital,baseline h,1.2,2,0.5335934667419154,1.2,0.7036380309319228,0.3452769957812202,0.4294501954998846,0.665518395720051,0.6688543205609129,-12.028144781623183
parent_human_capital,baseline h,1.2,2,0.5353529236339561,1.2,0.7040041088428983,0.3452360522735535,0.4289912577135208,0.6661586630716854,0.6694977972660031,-12.015262570442571
parent_human_capital,baseline h,1.2,2,0.537161842297634,1.2,0.7040381412454239,0.3452328572839052,0.4289499790744732,0.6669035691923866,0.6702464372441724,-12.002082693254408
parent_human_capital,baseline h,1.2,2,0.5390206844370244,1.2,0.7038594271396855,0.34525260340586833,0.42917347738482403,0.6677222665716267,0.6710692383611035,-11.988566393366739
parent_human_capital,baseline h,1.2,2,0.5409299255302531,1.2,0.7036910404296297,0.3452711688756066,0.4293839705802462,0.6685578459385453,0.6719090060870285,-11.974709664145752
parent_human_capital,baseline h,1.2,2,0.5428900550320312,1.2,0.7038855552244527,0.345249664885697,0.4291406847363082,0.6693197872317936,0.672674766626903,-11.960525808406135
parent_human_capital,baseline h,1.2,2,0.5449015765825912,1.2,0.7039207775842297,0.3452457755679417,0.4290966414038623,0.6701422989095847,0.6735014011616359,-11.946018020039318
parent_human_capital,baseline h,1.2,2,0.5469650082231464,1.2,0.7042533390929444,0.34520893979152145,0.4286805363542263,0.6709078664272611,0.674270806102464,-11.931192237086702
parent_human_capital,baseline h,1.2,2,0.5490808826180046,1.2,0.704068493249752,0.34522943140796836,0.4289118571835203,0.6718267165626886,0.6751942619933619,-11.91604747438399
parent_human_capital,baseline h,1.2,2,0.5512497472834679,1.2,0.703863995663551,0.34525209856958156,0.4291677638922601,0.6727706918558705,0.6761429689823918,-11.900555869033534
parent_human_capital,baseline h,1.2,2,0.5534721648236569,1.2,0.7038700670324523,0.34525136721713645,0.42916003381601325,0.673680365750004,0.6770572026358949,-11.884718322929594
parent_human_capital,baseline h,1.2,2,0.5557487131734017,1.2,0.7040075355881482,0.3452361394326203,0.4289880286450348,0.6745762184223322,0.67795754578843,-11.868553094033143
parent_human_capital,baseline h,1.2,2,0.5580799858483445,1.2,0.7043244333513026,0.3452011567858805,0.42859179023907457,0.6754457741673139,0.678831460199722,-11.85206620020092
parent_human_capital,baseline h,1.2,2,0.5604665922024078,1.2,0.7041695784958787,0.34521837499387287,0.42878569599022487,0.6764580263188267,0.6798487862862591,-11.835269681192798
parent_human_capital,baseline h,1.2,2,0.5629091576927818,1.2,0.7041617398094117,0.34521918476512425,0.42879537123789013,0.677452624641169,0.6808483700534389,-11.81812393328101
parent_human_capital,baseline h,1.2,2,0.5654083241525933,1.2,0.7039477632969603,0.34524286430020007,0.42906305293589353,0.6785215173267666,0.6819226205859195,-11.800636208789713
parent_human_capital,baseline h,1.2,2,0.5679647500714233,1.2,0.7037134252763642,0.34526810347114134,0.4293546333961846,0.6796163326696149,0.683022923713511,-11.782790176810654
parent_human_capital,baseline h,1.2,2,0.5705791108838415,1.2,0.704352037072593,0.3451982455181388,0.42855758376254605,0.6805050948548955,0.6839161408377844,-11.76462866373605
parent_human_capital,baseline h,1.2,2,0.5732520992661372,1.2,0.7043471335187255,0.34519885872655054,0.4285638780730914,0.6815822216319712,0.6849986667352984,-11.746160115476206
parent_human_capital,baseline h,1.2,2,0.5759844254414287,1.2,0.7041497969129036,0.34522002615893554,0.42880922241556246,0.6827305639243476,0.686152765117369,-11.727341720496323
parent_human_capital,baseline h,1.2,2,0.578776817493336,1.2,0.7039153459192455,0.34524643287171086,0.42910356383379483,0.6839104102027287,0.6873385253998314,-11.708159716130773
parent_human_capital,baseline h,1.2,2,0.5816300216884137,1.2,0.7043914514161924,0.34524138745327115,0.42861601532782667,0.6849424695543519,0.6883757579704828,-11.688616561551827
parent_human_capital,baseline h,1.2,2,0.5845448028075416,1.2,0.7045278148371855,0.3451788773481685,0.42833787898846054,0.6860507805974719,0.6894896244458253,-11.668794494778677
parent_human_capital,baseline h,1.2,2,0.5875219444864789,1.2,0.7042626633127573,0.3452075669465872,0.4286680985221025,0.6873031112621188,0.6907482324440515,-11.648624901694255
parent_human_capital,baseline h,1.2,2,0.5905622495657936,1.2,0.7040609267497799,0.34523039364670205,0.4289216060409402,0.6885611472582924,0.6920125743718978,-11.628083600568234
parent_human_capital,baseline h,1.2,2,0.5936665404503856,1.2,0.7040140938782036,0.3452355746896963,0.4289801895180277,0.6898002816047202,0.6932579199050847,-11.607192618693237
parent_human_capital,baseline h,1.2,2,0.5968356594788269,1.2,0.7043074210214051,0.34520318860382504,0.4286134107320703,0.690971786425911,0.6944352969186286,-11.585985798643248
parent_human_capital,baseline h,1.2,2,0.600070469302753,1.2,0.7043690969430314,0.34519642504266607,0.4285363950537353,0.6922265955608427,0.6956963958105237,-11.564433946587531
parent_human_capital,baseline h,1.2,2,0.6033718532765401,1.2,0.7043313072015098,0.345200579570159,0.4285836072636107,0.693530114097058,0.6970064482605923,-11.542531472598625
parent_human_capital,baseline h,1.2,2,0.6067407158575169,1.2,0.7040395303074392,0.3452321814679671,0.4289470572619103,0.6949233889297637,0.6984067069124599,-11.52025824955842
parent_human_capital,baseline h,1.2,2,0.6101779830169621,1.2,0.7043719480556175,0.34519547257584077,0.42853138374638944,0.6961740982109588,0.6996636854000159,-11.49767008574214
parent_human_capital,baseline h,1.2,2,0.6136846026621482,1.2,0.7046527868675231,0.3451650496610162,0.42818154576366163,0.6974613394355446,0.7009573789480911,-11.47471931755887
parent_human_capital,baseline h,1.2,2,0.6172615450697004,1.2,0.7043682717038775,0.34519591313535997,0.4285360592871188,0.6989217559187414,0.7024251157993733,-11.451432356166361
parent_human_capital,baseline h,1.2,2,0.6209098033305457,1.2,0.7046225816030904,0.34516830018717143,0.4282191232214146,0.7002621569358204,0.7037722356045104,-11.427767701284662
parent_human_capital,baseline h,1.2,2,0.6246303938067362,1.2,0.7046169006508467,0.34516903590974685,0.4282264727924592,0.7016951858035726,0.7052124475593543,-11.403782352081079
parent_human_capital,baseline h,1.2,2,0.6284243566004422,1.2,0.704295961045843,0.34520653169082527,0.42863245282894896,0.7032370068229168,0.7067619969887193,-11.379425096369665
parent_human_capital,baseline h,1.2,2,0.6322927560354111,1.2,0.7043461908479325,0.34519833267720573,0.4285636276639701,0.7047015860799217,0.7082339174798005,-11.354711797785823
parent_human_capital,baseline h,1.2,2,0.6362366811512086,1.2,0.7048304773019213,0.34514551591317266,0.42795955278915454,0.7060745966649614,0.7096138103090377,-11.329663874543087
parent_human_capital,baseline h,1.2,2,0.6402572462105554,1.2,0.7045190423775776,0.34517937511343594,0.42834778037969534,0.7076852413137636,0.7112325283477392,-11.30426164945636
parent_human_capital,baseline h,1.2,2,0.6443555912200942,1.2,0.704233367544855,0.3452108104017231,0.428704750446253,0.7093136921016294,0.7128691417791476,-11.278457026470395
parent_human_capital,baseline h,1.2,2,0.6485328824649206,1.2,0.705088458049477,0.34511687374859384,0.4276366116123338,0.710658836459437,0.7142210287011075,-11.252323689283433
parent_human_capital,baseline h,1.2,2,0.652790313057229,1.2,0.7047421907592051,0.3451546902759169,0.4280686467865744,0.7123530068154765,0.7159236911213962,-11.22587170324513
parent_human_capital,baseline h,1.2,2,0.6571291034994325,1.2,0.7044137770951646,0.34519093032444664,0.4284792528806805,0.7140677091119612,0.7176469883989096,-11.199006053074513
parent_human_capital,baseline h,1.2,2,0.6615505022621248,1.2,0.7046802737680883,0.34520460554411664,0.42824377160596827,0.71566228582085,0.7192495579568137,-11.171761014507068
parent_human_capital,baseline h,1.2,2,0.6660557863772645,1.2,0.7049600268527701,0.34513127324968956,0.4277977008775259,0.7172464623887284,0.7208416752427834,-11.144222270444622
parent_human_capital,baseline h,1.2,2,0.6706462620469753,1.2,0.7048451583340124,0.3451439492062879,0.4279413184658486,0.7189794681366883,0.7225833677182047,-11.116294180632401
parent_human_capital,baseline h,1.2,2,0.6753232652683625,1.2,0.7044995621336634,0.3451814678696656,0.4283720069947381,0.7208012310002665,0.7244142622061372,-11.087971684739248
parent_human_capital,baseline h,1.2,2,0.6800881624747613,1.2,0.7050755372094548,0.34511852594530434,0.4276532796344956,0.7223973993610593,0.7260184313941336,-11.059285880258269
parent_human_capital,baseline h,1.2,2,0.6849423511938463,1.2,0.7050264371277404,0.3451234505188216,0.427713548648947,0.7241903912407662,0.7278204106830384,-11.030285010138172
parent_human_capital,baseline h,1.2,2,0.6898872607230374,1.2,0.7046427109631315,0.3451657096656744,0.4281931185586181,0.7261021257099571,0.7297417277611338,-11.000869843791673
parent_human_capital,baseline h,1.2,2,0.6949243528226603,1.2,0.7048731268933229,0.34514024938035287,0.4279049587013174,0.7278717571719854,0.7315202295377788,-10.971058842419016
parent_human_capital,baseline h,1.2,2,0.7000551224273222,1.2,0.7051030090954781,0.3451149388616246,0.42761767224268643,0.7296682444998273,0.7333257217958253,-10.940945330756652
parent_human_capital,baseline h,1.2,2,0.7052810983759861,1.2,0.7047823804869053,0.3451503021612463,0.4280185048148013,0.7316440636204227,0.735311444750977,-10.910422893526608
parent_human_capital,baseline h,1.2,2,0.7106038441612367,1.2,0.7052656123950503,0.3450975567450003,0.42741564630261064,0.7334248980286374,0.7371012056288101,-10.87950619904515
parent_human_capital,baseline h,1.2,2,0.7160249586982449,1.2,0.7052266416587729,0.3451017570370917,0.42746414330135135,0.7353778277048082,0.7390639244057196,-10.848249959849364
parent_human_capital,baseline h,1.2,2,0.7215460771139571,1.2,0.7048944403907945,0.34513795402191194,0.42787843933090197,0.7374403413174927,0.7411367764109106,-10.816593751022532
parent_human_capital,baseline h,1.2,2,0.7271688715570458,1.2,0.7053486840544558,0.3450884564309321,0.4273119351308983,0.7393122312877195,0.7430180492686596,-10.784569075673948
parent_human_capital,baseline h,1.2,2,0.7328950520291776,1.2,0.7049528653681567,0.34513156134172646,0.427805515754879,0.741449569868371,0.74516610130353,-10.752162623730097
parent_human_capital,baseline h,1.2,2,0.7387263672381705,1.2,0.7051641594911511,0.3451081954818759,0.4275412278617435,0.7434460255453517,0.7471725642562366,-10.719373702173806
parent_human_capital,baseline h,1.2,2,0.7446646054736273,1.2,0.705427826580943,0.3450797269978374,0.4272129942501524,0.7454567459134377,0.7491933634021101,-10.686205774472725
parent_human_capital,baseline h,1.2,2,0.7507115955056528,1.2,0.7052615489910352,0.3450976536759756,0.4274199295460776,0.7476172623260845,0.7513647094483423,-10.652645428884464
parent_human_capital,baseline h,1.2,2,0.7568692075072764,1.2,0.7052215882943917,0.34510188662227476,0.42746949056492745,0.7497719803775879,0.753530228069025,-10.618702189278434
parent_human_capital,baseline h,1.2,2,0.7631393540012239,1.2,0.7053964739930427,0.3450832100795225,0.4272522464673143,0.7518960920990915,0.7556649869448403,-10.584377915847366
parent_human_capital,baseline h,1.2,2,0.7695239908317001,1.2,0.7053010445699335,0.34509312723586144,0.42737016800100047,0.7541264208824495,0.7579064952977482,-10.549670745156906
parent_human_capital,baseline h,1.2,2,0.7760251181618615,1.2,0.7052500425300763,0.3450987373972251,0.42743389388683034,0.7563749401181126,0.7601662852829829,-10.514531525215446
parent_human_capital,baseline h,1.2,2,0.7826447814976824,1.2,0.7056933007943613,0.34504977022572036,0.42687957807757254,0.7585132542107093,0.7623153177195727,-10.479057781687777
parent_human_capital,baseline h,1.2,2,0.7893850727389358,1.2,0.7053102208594133,0.34509219058031604,0.4273588673767436,0.7609185245276758,0.7647326445041754,-10.443168410949957
parent_human_capital,baseline h,1.2,2,0.7962481312580323,1.2,0.7057910118046063,0.345119358598855,0.426939693497597,0.7631394873635038,0.7669647399625461,-10.406821272209317
parent_human_capital,baseline h,1.2,2,0.8032361450074849,1.2,0.7056873658235057,0.34505063990360907,0.4268874854778797,0.7654964351433369,0.7693335019922901,-10.370203429359687
parent_human_capital,baseline h,1.2,2,0.8103513516567865,1.2,0.705259541458769,0.34510194215878176,0.42743166335734806,0.7680121520606232,0.7718618289931007,-10.333092461106485
parent_human_capital,baseline h,1.2,2,0.8175960397595149,1.2,0.7061114493985322,0.34500436995648515,0.42635846166277613,0.7701879884339726,0.7740485717916581,-10.295589547097183
parent_human_capital,baseline h,1.2,2,0.8249725499515008,1.2,0.7056234122645166,0.3450576670052644,0.4269673765034232,0.7727848546470576,0.7766584548508052,-10.257747236046493
parent_human_capital,baseline h,1.2,2,0.8324832761809209,1.2,0.7054422575815659,0.34507758140598976,0.4271936970472191,0.775326458921274,0.7792127989694626,-10.219419344875712
parent_human_capital,baseline h,1.2,2,0.8401306669712053,1.2,0.7060602994019339,0.3450092760178334,0.4264207386065121,0.7776689214099168,0.781567003100192,-10.180733997446914
parent_human_capital,baseline h,1.2,2,0.8479172267176741,1.2,0.705844898644887,0.34503368523611305,0.4266914994706176,0.7802879942498304,0.784199204097348,-10.141647039665004
parent_human_capital,baseline h,1.2,2,0.8558455170188431,1.2,0.7060156113011244,0.3450147690668115,0.42647788494240424,0.7828281013100737,0.786752043497216,-10.102103242751177
parent_human_capital,baseline h,1.2,2,0.8639181580433734,1.2,0.705948575043384,0.34502183216115706,0.42656094029812036,0.7854721827275091,0.78940937842791,-10.062197046315642
parent_human_capital,baseline h,1.2,2,0.8721378299336601,1.2,0.7057503113263583,0.3450436552280699,0.4268086987309044,0.7881899942658467,0.7921408130532755,-10.021877606348749
parent_human_capital,baseline h,1.2,2,0.8805072742470966,1.2,0.7058841512467492,0.34502887777498137,0.42664134354690864,0.7908453100517869,0.7948094386649811,-9.981108162924167
parent_human_capital,baseline h,1.2,2,0.88902929543607,1.2,0.7061302310732946,0.34500173970976095,0.42633371458844316,0.7935027828828102,0.7974802321340031,-9.939964338939701
parent_human_capital,baseline h,1.2,2,0.8977067623677852,1.2,0.7062563010379665,0.3450288777749813,0.42626919375569133,0.7962482513789367,0.8002394623482353,-9.898348588740191
parent_human_capital,baseline h,1.2,2,0.9065426098850453,1.2,0.706048494830911,0.34501079862936085,0.42643599646047947,0.799095967113258,0.8031014523170765,-9.85637115122697
parent_human_capital,baseline h,1.2,2,0.9155398404091444,1.2,0.7059881487881661,0.3450174450781343,0.4265114166490427,0.8019535097873711,0.8059733184834503,-9.813941827255768
parent_human_capital,baseline h,1.2,2,0.9247015255860773,1.2,0.7064093611048096,0.34497095028409325,0.425984754139514,0.804704054447221,0.8087376503057823,-9.771101064428414
parent_human_capital,baseline h,1.2,2,0.9340308079772923,1.2,0.706224811242804,0.3450687375613986,0.4263910855464481,0.8077056009886926,0.8117542421619036,-9.72781544182603
parent_human_capital,baseline h,1.2,2,0.9435309027962627,1.2,0.7067646262074594,0.34493147115055794,0.4255399503620061,0.8104630455680438,0.8145255084897275,-9.684091757044479
parent_human_capital,baseline h,1.2,2,0.9532050996921831,1.2,0.7062299793309484,0.34499082599123937,0.4262092140171826,0.8136153921592617,0.8176936562839898,-9.64001262787769
parent_human_capital,baseline h,1.2,2,0.9630567645821445,1.2,0.7064019615295236,0.34497163317105073,0.42599370250241936,0.816592981387646,0.8206861707404921,-9.595397822425598
parent_human_capital,baseline h,1.2,2,0.9730893415331738,1.2,0.7065675387151782,0.344953536544909,0.42578708216867556,0.819611766568545,0.8237200876450803,-9.55045045875607
parent_human_capital,baseline h,1.2,2,0.9833063546955787,1.2,0.7063283161738274,0.3449804568342317,0.42608735992621005,0.8227938591635299,0.8269181305455742,-9.504989206210166
parent_human_capital,baseline h,1.2,2,0.9937114102890687,1.2,0.7068376596035744,0.34492377093385357,0.4254494528744057,0.8257870240892351,0.8299262987729052,-9.459123008059024
parent_human_capital,baseline h,1.2,2,1.0043081986431819,1.2,0.7063471297910583,0.34496596580393873,0.4260356806522748,0.8291224584555499,0.8332784520735562,-9.412829357479083
parent_human_capital,baseline h,1.2,2,1.0151004962935855,1.2,0.7064621421922194,0.3449676654344891,0.42592452301320194,0.8323245799601906,0.8364966242790334,-9.36602603958172
parent_human_capital,baseline h,1.2,2,1.0260921681358672,1.2,0.7065897542085516,0.3449511970911108,0.4257595607940875,0.8355572781117558,0.8397455263975154,-9.318885112475455
parent_human_capital,baseline h,1.2,2,1.037287169638491,1.2,0.7063922976518424,0.3449729205261593,0.42600628610148705,0.838933804698999,0.8431389778947095,-9.271230077794968
parent_human_capital,baseline h,1.2,2,1.0486895491166357,1.2,0.7068929687421257,0.3449176630072225,0.4253802909582549,0.8421362775216472,0.8463575031791829,-9.223136296107988
parent_human_capital,baseline h,1.2,2,1.0603034500686892,1.2,0.7066287820304675,0.3449468742848557,0.42571072884758515,0.8456199147263846,0.8498586021880756,-9.174623824256258
parent_human_capital,baseline h,1.2,2,1.0721331135772334,1.2,0.706771003021214,0.3449311389631637,0.42553282014724153,0.8490205326610543,0.8532762657910776,-9.12557114105608
parent_human_capital,baseline h,1.2,2,1.0841828807763967,1.2,0.7069172945311563,0.34491509973815493,0.425350151674979,0.852463984379368,0.8567369778829579,-9.076192320649179
parent_human_capital,baseline h,1.2,2,1.0964571953875313,1.2,0.7070893260695235,0.3448953024498151,0.4251332198866573,0.8559434928489584,0.8602339274613324,-9.026211701292581
parent_human_capital,baseline h,1.2,2,1.1089606063252093,1.2,0.7071974718012979,0.3448841904992126,0.4249998722509163,0.8594890146209329,0.8637972212351464,-8.975910274790671
parent_human_capital,baseline h,1.2,2,1.1216977703756155,1.2,0.706585995781053,0.3449515733738624,0.4257641726308669,0.8633085089009843,0.8676358608099489,-8.925043582581512
parent_human_capital,baseline h,1.2,2,1.1346734549494641,1.2,0.707043386905013,0.3449012289872931,0.42519260043816764,0.8668353681111896,0.8711803984755137,-8.873768583244132
parent_human_capital,baseline h,1.2,2,1.147892540911644,1.2,0.7068470515465484,0.34492281409689796,0.42543789082521616,0.8706173472324958,0.8749813348460552,-8.822011490764972
parent_human_capital,baseline h,1.2,2,1.1613600254898573,1.2,0.7072790945703554,0.34487512720948243,0.42489769394075083,0.874245827753184,0.8786280032010413,-8.769793463233736
parent_human_capital,baseline h,1.2,2,1.1750810252645967,1.2,0.707098174804992,0.34489511128875355,0.42512393759790124,0.878119195835276,0.882520786621441,-8.717085097154218
parent_human_capital,baseline h,1.2,2,1.189060779242872,1.2,0.7075297604011431,0.34484752570244365,0.4245844278919991,0.881843828920637,0.8862640895078359,-8.663925728868513
parent_human_capital,baseline h,1.2,2,1.2033046520181812,1.2,0.7073411214620778,0.3448681997396915,0.4248199555475426,0.8858183337482344,0.8902585166237874,-8.610247073749903
parent_human_capital,baseline h,1.2,2,1.217818137019287,1.2,0.7077709559191542,0.34482071108435686,0.4242824168201672,0.8896419399542659,0.8941012887356846,-8.556138704094353
parent_human_capital,baseline h,1.2,2,1.2326068598504607,1.2,0.7074608862411835,0.344855133358303,0.4246705562154476,0.893757583236713,0.8982375617659348,-8.501521444412068
parent_human_capital,baseline h,1.2,2,1.247676581725918,1.2,0.7079343847935515,0.34488885256388135,0.4242735328213314,0.897706870801432,0.9022066452169518,-8.446414878628921
parent_human_capital,baseline h,1.2,2,1.2630332030012734,1.2,0.7076856284447606,0.3448308379139263,0.42439071194402445,0.9018678761294918,0.9063885076710148,-8.390871157939134
parent_human_capital,baseline h,1.2,2,1.2786827668049243,1.2,0.7074765128737119,0.34485332265473867,0.4246508229072355,0.9061075156656018,0.9106493984887357,-8.334763197228483
parent_human_capital,baseline h,1.2,2,1.294631462772364,1.2,0.7079009846937407,0.34480665521180504,0.42412050932663314,0.9101911670131454,0.9147535192238414,-8.27825419468654
parent_human_capital,baseline h,1.2,2,1.31088563088653,1.2,0.7076605181130253,0.3448335553197174,0.4244219853520937,0.9145497655375239,0.9191339653142411,-8.221146588566409
parent_human_capital,baseline h,1.2,2,1.3274517654273796,1.2,0.708107022978057,0.34478397493980095,0.42386303218541155,0.9187336697960116,0.9233388414800983,-8.163650935278355
parent_human_capital,baseline h,1.2,2,1.3443365190339982,1.2,0.7074150765663849,0.3448602158010806,0.4247278928704659,0.9233547024466654,0.9279830371533053,-8.105563462372055
parent_human_capital,baseline h,1.2,2,1.3615467068826452,1.2,0.7083038835242597,0.3447621959682454,0.423616776931721,0.9275008726781421,0.9321499901495539,-8.047041244754702
parent_human_capital,baseline h,1.2,2,1.3790893109842512,1.2,0.7076007594632214,0.3448397541379523,0.4244958029216543,0.9322409689636036,0.9369138462665221,-7.987972878685636
parent_human_capital,baseline h,1.2,2,1.3969714846049992,1.2,0.7084668512737613,0.34474427636112664,0.42341316751327396,0.9365073041559849,0.9412015665530483,-7.92841425705566
parent_human_capital,baseline h,1.2,2,1.4152005568137338,1.2,0.7077758555626761,0.3448204916392179,0.4242770194750703,0.9413616567227994,0.9460802516633626,-7.868341360345579
parent_human_capital,baseline h,1.2,2,1.4337840371600625,1.2,0.7086425231163427,0.34472489237987636,0.4231935328012171,0.9457433174658225,0.950483875572259,-7.8077426471632485
parent_human_capital,baseline h,1.2,2,1.4527296204871472,1.2,0.7079412220115255,0.3448022381754636,0.42407025417042593,0.9507227734922471,0.9554882912258847,-7.746647238419556
parent_human_capital,baseline h,1.2,2,1.4720451918832933,1.2,0.7087878223821976,0.3447346156742646,0.42307028596703444,0.9552423805067601,0.9600305528648343,-7.685001319423048
parent_human_capital,baseline h,1.2,2,1.4917388317766058,1.2,0.7080727928466131,0.3447877558854313,0.4239058375015452,0.9603392880678524,0.9651530087813949,-7.622875555454927
parent_human_capital,baseline h,1.2,2,1.5118188211770927,1.2,0.7085078252255379,0.3447397711340705,0.42336197570653405,0.9651123588838595,0.9699500047144307,-7.560196372343882
parent_human_capital,baseline h,1.2,2,1.5322936470707536,1.2,0.708587571719919,0.3447308875642523,0.4232620812758052,0.9700721616607566,0.9749346686062054,-7.497014533831322
parent_human_capital,baseline h,1.2,2,1.5531720079703377,1.2,0.7086913412462094,0.3447194733795742,0.42313242437866505,0.975087902567241,0.9799755510186089,-7.4332765726874905
parent_human_capital,baseline h,1.2,2,1.5744628196276003,1.2,0.7087241732317676,0.3447159717857201,0.4230916507782455,0.9801939002280616,0.9851071425992124,-7.369032345764315
parent_human_capital,baseline h,1.2,2,1.5961752209120554,1.2,0.7088221016520209,0.3447050923906475,0.4229690478899677,0.9853429819976331,0.9902820342485608,-7.304221542487969
parent_human_capital,baseline h,1.2,2,1.618318579861377,1.2,0.7088505363320493,0.3447019970328636,0.4229335929384853,0.9905838942129948,0.9955492166457243,-7.238897698545112
parent_human_capital,baseline h,1.2,2,1.6409024999087747,1.2,0.7088775025327042,0.3446990302286149,0.42289989802579464,0.9958934804638495,1.0008854173084163,-7.1730062345100025
parent_human_capital,baseline h,1.2,2,1.6639368262928396,1.2,0.7090077929976057,0.34468466775185724,0.42273703346360647,1.0012350472665574,1.0062537588261444,-7.106588984362649
parent_human_capital,baseline h,1.2,2,1.6874316526555453,1.2,0.7089869188738467,0.3446869587401678,0.42276310354885394,1.006700982237207,1.0117470919098508,-7.039603960239241
parent_human_capital,baseline h,1.2,2,1.7113973278342638,1.2,0.709112120519316,0.34467319366054183,0.42260668270279306,1.012185210145179,1.017258809624609,-6.972081209144809
parent_human_capital,baseline h,1.2,2,1.7358444628538618,1.2,0.7094717070524722,0.3446340211312124,0.4221582528731177,1.0176559866842692,1.0227570085452182,-6.903992573870365
parent_human_capital,baseline h,1.2,2,1.7607839381251333,1.2,0.7092031154307835,0.344663022735615,0.42249262013359135,1.0234283504224044,1.0285583063769992,-6.835345732055462
parent_human_capital,baseline h,1.2,2,1.7862269108560356,1.2,0.7096059612662808,0.3446187987484744,0.42198947429525924,1.0290292527294163,1.0341872833236563,-6.766171475576558
parent_human_capital,baseline h,1.2,2,1.8121848226824113,1.2,0.7092836847731121,0.3446547022394796,0.42239317990602765,1.034972307513269,1.040160127793582,-6.696355713992832
parent_human_capital,baseline h,1.2,2,1.8386694075250942,1.2,0.7096838118369623,0.34461026317733034,0.42189226504922306,1.0407242833100074,1.0459409354889841,-6.626085241526216
parent_human_capital,baseline h,1.2,2,1.8656926996805347,1.2,0.7088975486188565,0.3446402499027659,0.42274653816061664,1.0469660361357311,1.052213975230946,-6.55509312821723
parent_human_capital,baseline h,1.2,2,1.8932670421523103,1.2,0.7097490374945246,0.3446030590566521,0.4218107004459626,1.0527337837404147,1.05801063379081,-6.4837061011975905
parent_human_capital,baseline h,1.2,2,1.921405095231136,1.2,0.7093035351941503,0.34465448716447095,0.4223728416948697,1.0590388315861405,1.064347285820382,-6.411534305462739
parent_human_capital,baseline h,1.2,2,1.9501198453312445,1.2,0.7098481960302739,0.3445920968726429,0.4216866796768802,1.0650494213925144,1.0703880038335374,-6.339007296782073
parent_human_capital,baseline h,1.2,2,1.979424614091259,1.2,0.709349984305645,0.3446470205349443,0.4223094582676086,1.0715380109813697,1.0769091176130552,-6.265671218400925
parent_human_capital,baseline h,1.2,2,2.009333067747975,1.2,0.7098904965110349,0.34458746039116256,0.4216338636561219,1.0777150520659717,1.083117121244943,-6.191964058084286
parent_human_capital,baseline h,1.2,2,2.0398592267917226,1.2,0.7101084506961712,0.3447228023245357,0.421722864975876,1.0841829095675717,1.0896173990171851,-6.117443095535122
parent_human_capital,baseline h,1.2,2,2.071017475912293,1.2,0.7099194042007394,0.3445842697716446,0.4215977196413506,1.0907243168901075,1.0961915952803751,-6.042540614827696
parent_human_capital,baseline h,1.2,2,2.1028225742447084,1.2,0.7103092377814724,0.3445410537878362,0.4211098722093403,1.0972132988531005,1.102713103400814,-5.966865163370606
parent_human_capital,baseline h,1.2,2,2.135289665924415,1.2,0.7103491229056147,0.34453679962847894,0.4210603386517755,1.103926017512317,1.109459469702333,-5.89071535482859
parent_human_capital,baseline h,1.2,2,2.168434290961828,1.2,0.7103213920250732,0.34453990038804094,0.4210951020550039,1.1107549303349857,1.1163226125929726,-5.813866513906557
parent_human_capital,baseline h,1.2,2,2.2022723964464688,1.2,0.7104031089999535,0.3445309215564886,0.4209930210901628,1.1176320688353079,1.1232342228934806,-5.736493634697339
parent_human_capital,baseline h,1.2,2,2.23682034809129,1.2,0.7103210387459269,0.34454003871348454,0.4210957690562563,1.1246664131856174,1.130303827041578,-5.658412583461674
parent_human_capital,baseline h,1.2,2,2.2720949421281498,1.2,0.7103974423267089,0.3445314960713211,0.4209999907630474,1.1317319610255674,1.137404791087459,-5.579803928981671
parent_human_capital,baseline h,1.2,2,2.308113417565749,1.2,0.7103546214596075,0.34453863154510134,0.42105899488468257,1.138941792312081,1.144650761803689,-5.500474505930484
parent_human_capital,baseline h,1.2,2,2.344893468821764,1.2,0.71030788842654,0.34454149434735537,0.42111222075326193,1.1462477431807891,1.1519933339035242,-5.42061107127782
parent_human_capital,baseline h,1.2,2,2.382453258741261,1.2,0.7107553271669449,0.34449213945194945,0.4205528451100764,1.1534538012581834,1.1592355124973455,-5.340065592448571
parent_human_capital,baseline h,1.2,2,2.4208114320139376,1.2,0.7103218580854627,0.3445422300699308,0.4210999197131404,1.161117306200129,1.1669374309176686,-5.25888264124702
parent_human_capital,baseline h,1.2,2,2.4599871290031343,1.2,0.711226833353666,0.34444054036447924,0.41996431219297303,1.1683347876405432,1.1741910901343553,-5.177128987018197
parent_human_capital,baseline h,1.2,2,2.5,1.2,0.7111717439323464,0.34444623331477964,0.4200323132255739,1.176046913406207,1.1819418730912898,-5.09464472053096
parent_human_capital,baseline h,1.2,3,0.5,1.2,0.5269759182244282,0.3765074775292497,0.7582686559582279,0.7282025503915268,0.7318526808652334,-14.653398192838997
parent_human_capital,baseline h,1.2,3,0.5000203210855501,1.2,0.5269764163037647,0.3765074405049117,0.7582680659104357,0.7282120804176437,0.731862258660805,-14.652907371198607
parent_human_capital,baseline h,1.2,3,0.5000812892976928,1.2,0.5269779142708139,0.37650729240755965,0.7582662000695642,0.7282406643074729,0.7318909858279782,-14.651434890069266
parent_human_capital,baseline h,1.2,3,0.5001829195049198,1.2,0.5269802672462911,0.37650705715114074,0.7582632627171424,0.7282883303488282,0.7319388907963601,-14.64898070071782
parent_human_capital,baseline h,1.2,3,0.5003252364947652,1.2,0.5269836665980359,0.3765067135225969,0.7582590097920947,0.728355052623833,0.7320059475181603,-14.645544722049456
parent_human_capital,baseline h,1.2,3,0.5005082749838822,1.2,0.5269880244542886,0.3765062685929474,0.7582535467305926,0.7284408524700315,0.7320921774378775,-14.641126840429864
parent_human_capital,baseline h,1.2,3,0.500732079632158,1.2,0.5269933697486349,0.3765057425436026,0.7582468947296737,0.7285457390171899,0.7321975897310414,-14.635726909777194
parent_human_capital,baseline h,1.2,3,0.5009967050608752,1.2,0.526999648221302,0.3765050939800941,0.7582390052252515,0.7286697242684107,0.7323221964609202,-14.629344751554813
parent_human_capital,baseline h,1.2,3,0.5013022158749305,1.2,0.5270069365051431,0.376504381139818,0.7582299462461646,0.7288128217141309,0.7324660111855719,-14.621980154725122
parent_human_capital,baseline h,1.2,3,0.5016486866891229,1.2,0.5270150909864777,0.37650353704511763,0.7582196950335944,0.728975055801658,0.7326290584748468,-14.61363287578899
parent_human_capital,baseline h,1.2,3,0.502036202158526,1.2,0.5270243263063741,0.37650263034289094,0.7582082074653669,0.7291564264298682,0.7328113382271143,-14.604302638763626
parent_human_capital,baseline h,1.2,3,0.502464857012963,1.2,0.5270344916726102,0.3765016179694284,0.7581955273634498,0.7293569677211394,0.7330128847357913,-14.593989135150522
parent_human_capital,baseline h,1.2,3,0.5029347560956027,1.2,0.5270455607566857,0.3765004830818021,0.7581816392185106,0.729576702885568,0.733233721327315,-14.582692023958856
parent_human_capital,baseline h,1.2,3,0.5034460144056994,1.2,0.5270577164488559,0.37649928121651915,0.7581664980929774,0.7298156404490176,0.7334738565702854,-14.570410931689102
parent_human_capital,baseline h,1.2,3,0.5039987571454999,1.2,0.5270708036346476,0.37649795953796167,0.7581501278576488,0.7300738198699279,0.7337333301209286,-14.557145452300864
parent_human_capital,baseline h,1.2,3,0.5045931197713469,1.2,0.5270848228586722,0.37649654529855914,0.7581325956629485,0.7303512750279945,0.7340121760287625,-14.542895147206588
parent_human_capital,baseline h,1.2,3,0.5052292480490046,1.2,0.5270998347339859,0.37649503849831156,0.7581138408958197,0.7306480284020066,0.7343104168852519,-14.527659545296645
parent_human_capital,baseline h,1.2,3,0.5059072981132409,1.2,0.5271158346969953,0.3764934260268281,0.7580938355536455,0.7309641116192261,0.7346280844761911,-14.511438142890492
parent_human_capital,baseline h,1.2,3,0.5066274365316988,1.2,0.5271327939830115,0.37649171662436937,0.7580726301119218,0.7312995659570288,0.7349652202858595,-14.494230403712178
parent_human_capital,baseline h,1.2,3,0.507389840373095,1.2,0.5271506918702441,0.376489924432974,0.7580502804212633,0.7316544347318664,0.7353218678478332,-14.476035758891012
parent_human_capital,baseline h,1.2,3,0.5081946972797818,1.2,0.5271695971481588,0.37648802823958405,0.7580266649989679,0.732028744157262,0.7356980535070315,-14.456853606985248
parent_human_capital,baseline h,1.2,3,0.5090422055447187,1.2,0.5271894690956198,0.3764860236740691,0.7580018137107676,0.7324225414716173,0.7360938247386395,-14.436683313892786
parent_human_capital,baseline h,1.2,3,0.5099325741928927,1.2,0.5272102979363051,0.3764839178074485,0.7579757538973966,0.7328358737839743,0.7365092288878339,-14.415524212866831
parent_human_capital,baseline h,1.2,3,0.5108660230672385,1.2,0.5272321532869062,0.37648173956139314,0.757948487783594,0.7332687830030119,0.7369443080733621,-14.393375604501571
parent_human_capital,baseline h,1.2,3,0.5118427829191048,1.2,0.5272549859628268,0.3764794627151213,0.7579199994215342,0.7337213203165417,0.7373991137396156,-14.370236756710947
parent_human_capital,baseline h,1.2,3,0.5128630955033207,1.2,0.5272787238898434,0.3764770502442948,0.7578902689169845,0.734193540498976,0.7378737009355647,-14.346106904704268
parent_human_capital,baseline h,1.2,3,0.5139272136779165,1.2,0.527303516684446,0.3764745653940337,0.7578593037543335,0.7346854869690163,0.7383681132975477,-14.32098525095787
parent_human_capital,baseline h,1.2,3,0.5150354015085564,1.2,0.5273292376677142,0.3764719705024063,0.7578271370602626,0.7351972268105602,0.738882418245722,-14.294870965192489
parent_human_capital,baseline h,1.2,3,0.5161879343777439,1.2,0.5273559664516556,0.37646928742006414,0.7577937434997835,0.735728810535572,0.7394166665452441,-14.267763184368281
parent_human_capital,baseline h,1.2,3,0.5173850990988615,1.2,0.5273836374660434,0.3764664872253365,0.7577591168016922,0.7362803026180823,0.7399709229933216,-14.239661012643033
parent_human_capital,baseline h,1.2,3,0.5186271940351138,1.2,0.5274123254498502,0.37646361735206313,0.7577233000526744,0.7368517635802577,0.7405452484154902,-14.210563521340287
parent_human_capital,baseline h,1.2,3,0.5199145292234401,1.2,0.5274419960061096,0.37646065054781447,0.7576862599546614,0.7374432583536943,0.741139708068817,-14.18046974895049
parent_human_capital,baseline h,1.2,3,0.5212474265034702,1.2,0.5274726341055271,0.3764575481190112,0.7576479154220965,0.7380548493091041,0.7417543646366481,-14.149378701097195
parent_human_capital,baseline h,1.2,3,0.5226262196515982,1.2,0.5275042504947628,0.376454390153701,0.7576084546470304,0.7386866192749368,0.7423893013626129,-14.117289350440286
parent_human_capital,baseline h,1.2,3,0.5240512545202515,1.2,0.5275368675492991,0.3764510938629472,0.7575676496062616,0.7393386218322517,0.7430445720963467,-14.084200636795778
parent_human_capital,baseline h,1.2,3,0.5255228891824385,1.2,0.5275704578644488,0.3764477137516089,0.7575256630945476,0.7400109454157875,0.7437202657158691,-14.050111466930542
parent_human_capital,baseline h,1.2,3,0.5270414940816569,1.2,0.5276050709540319,0.37644424918209285,0.7574824440142867,0.7407036595752223,0.7444164521194778,-14.015020714662967
parent_human_capital,baseline h,1.2,3,0.5286074521872524,1.2,0.5276406496335604,0.3764406691694324,0.7574379725833096,0.7414168461773697,0.7451332135843451,-13.978927220777877
parent_human_capital,baseline h,1.2,3,0.5302211591553182,1.2,0.5276772536620812,0.3764370036669463,0.7573922634466134,0.7421505837807042,0.7458706290627216,-13.941829792993369
parent_human_capital,baseline h,1.2,3,0.5318830234952302,1.2,0.5277147929497064,0.3764332085792773,0.7573452971612182,0.7429049615315351,0.7466287881477643,-13.903727205942268
parent_human_capital,baseline h,1.2,3,0.5335934667419154,1.2,0.5277533256254172,0.3764293334035607,0.7572971385490275,0.7436800667884631,0.747407778635961,-13.864618201112132
parent_human_capital,baseline h,1.2,3,0.5353529236339561,1.2,0.5277929320377205,0.3764253771081487,0.7572477046989207,0.7444759768154926,0.7482076781786032,-13.824501486860228
parent_human_capital,baseline h,1.2,3,0.537161842297634,1.2,0.527833460332193,0.37642129829857307,0.7571970446414622,0.745292797780701,0.7490285934759382,-13.783375738317062
parent_human_capital,baseline h,1.2,3,0.5390206844370244,1.2,0.5278750215542976,0.37641710674674217,0.7571450716046098,0.7461306095142216,0.7498706047582493,-13.74123959740735
parent_human_capital,baseline h,1.2,3,0.5409299255302531,1.2,0.5279175370660115,0.37641282803584436,0.7570919277750258,0.7469895250475463,0.7507338256236012,-13.69809167273355
parent_human_capital,baseline h,1.2,3,0.5428900550320312,1.2,0.527961125564131,0.3764084655043622,0.7570375027487044,0.7478696270222982,0.7516183391278599,-13.653930539640955
parent_human_capital,baseline h,1.2,3,0.5449015765825912,1.2,0.5280056534128768,0.3764039831596054,0.7569818407555828,0.7487710302930889,0.7525242607013483,-13.608754740090646
parent_human_capital,baseline h,1.2,3,0.5469650082231464,1.2,0.5280512289255994,0.37639941095489265,0.7569249078863538,0.7496938291795606,0.7534516851364875,-13.562562782669241
parent_human_capital,baseline h,1.2,3,0.5490808826180046,1.2,0.5280977206898685,0.37639469168447565,0.7568666934543689,0.750638139569395,0.7544007289018486,-13.515353142525825
parent_human_capital,baseline h,1.2,3,0.5512497472834679,1.2,0.5281453333601798,0.37638992561781226,0.7568072418744656,0.7516040600575512,0.7553714910866002,-13.467124261323473
parent_human_capital,baseline h,1.2,3,0.5534721648236569,1.2,0.5281939120302512,0.3763850468088937,0.7567465442430406,0.7525917137489299,0.7563640954127088,-13.417874547219418
parent_human_capital,baseline h,1.2,3,0.5557487131734017,1.2,0.5282435136785104,0.37638007106899973,0.7566845828568847,0.7536012105990766,0.7573786523868745,-13.367602374811925
parent_human_capital,baseline h,1.2,3,0.5580799858483445,1.2,0.5282941104265807,0.3763749886262221,0.7566213613209548,0.7546326710221051,0.7584152830267891,-13.316306085089535
parent_human_capital,baseline h,1.2,3,0.5604665922024078,1.2,0.5283457079548672,0.37636977055888987,0.756556802113415,0.755686209670189,0.7594741025593226,-13.263983985407409
parent_human_capital,baseline h,1.2,3,0.5629091576927818,1.2,0.5283983557231746,0.37636449965593977,0.7564910614221796,0.7567619585028824,0.7605552436054794,-13.210634349374622
parent_human_capital,baseline h,1.2,3,0.5654083241525933,1.2,0.5284519902397304,0.3763591106089562,0.7564240405129166,0.7578600412116461,0.761658830476726,-13.15625541691087
parent_human_capital,baseline h,1.2,3,0.5679647500714233,1.2,0.5285066435657808,0.3763536115206065,0.7563557274514054,0.7589805840067274,0.7627849900159417,-13.100845394126251
parent_human_capital,baseline h,1.2,3,0.5705791108838415,1.2,0.5285623446387357,0.37634801009950336,0.7562861124484304,0.7601237163703659,0.7639338523543978,-13.044402453290902
parent_human_capital,baseline h,1.2,3,0.5732520992661372,1.2,0.5286190804716782,0.3763423215193333,0.7562152461823455,0.761289578344722,0.7651055582362197,-12.986924732773417
parent_human_capital,baseline h,1.2,3,0.5759844254414287,1.2,0.528676852300474,0.3763365245670383,0.7561430747240491,0.762478303951069,0.7663002423544644,-12.928410337025644
parent_human_capital,baseline h,1.2,3,0.578776817493336,1.2,0.5287355860312271,0.37633060510057964,0.7560696370386126,0.7636900427511905,0.7675180550205977,-12.868857336490063
parent_human_capital,baseline h,1.2,3,0.5816300216884137,1.2,0.5287953539660564,0.3763245685217355,0.7559948742419345,0.7649249292299687,0.7687591313936097,-12.808263767588716
parent_human_capital,baseline h,1.2,3,0.5845448028075416,1.2,0.528856216981245,0.37631846933536495,0.7559188608478014,0.7661831119242495,0.7700236207548907,-12.746627632622099
parent_human_capital,baseline h,1.2,3,0.5875219444864789,1.2,0.5289180827898681,0.3763122634461107,0.7558415796102707,0.7674647466274482,0.7713116796787733,-12.68394689976334
parent_human_capital,baseline h,1.2,3,0.5905622495657936,1.2,0.5289809924826578,0.3763059475154902,0.7557629811458195,0.7687699800647022,0.7726234556258578,-12.620219502991882
parent_human_capital,baseline h,1.2,3,0.5936665404503856,1.2,0.5290449082304483,0.37629949325942613,0.7556830330259661,0.7700989691705187,0.7739591063172891,-12.555443342028418
parent_human_capital,baseline h,1.2,3,0.5968356594788269,1.2,0.5291098836726604,0.3762929551827777,0.7556018170013592,0.7714518761672989,0.7753187947886115,-12.489616282259863
parent_human_capital,baseline h,1.2,3,0.600070469302753,1.2,0.5291759425327203,0.376286325576932,0.7555192902003784,0.7728288591155215,0.7767026798925852,-12.422736154732455
parent_human_capital,baseline h,1.2,3,0.6033718532765401,1.2,0.5292430124879617,0.37627959196909166,0.7554354939632619,0.7742300928953018,0.7781109373859154,-12.35480075605211
parent_human_capital,baseline h,1.2,3,0.6067407158575169,1.2,0.529311125664482,0.3762727499891264,0.7553503853085077,0.7756557415330426,0.7795437321171913,-12.28580784836149
parent_human_capital,baseline h,1.2,3,0.6101779830169621,1.2,0.5293803069859175,0.3762657925660168,0.7552639217480679,0.7771059729462141,0.7810012328455722,-12.215755159264424
parent_human_capital,baseline h,1.2,3,0.6136846026621482,1.2,0.5294505148472981,0.3762587338418016,0.7551761800157368,0.7785809725947257,0.7824836259605895,-12.14464038174265
parent_human_capital,baseline h,1.2,3,0.6172615450697004,1.2,0.5295218099767589,0.3762515526034227,0.7550870466901429,0.7800809070675606,0.7839910788862573,-12.072461174159667
parent_human_capital,baseline h,1.2,3,0.6209098033305457,1.2,0.529594159604893,0.3762442902453485,0.7549966573645526,0.7816059726916026,0.7855237889335518,-11.999215160110726
parent_human_capital,baseline h,1.2,3,0.6246303938067362,1.2,0.529667558028821,0.37623691077488874,0.7549049283360023,0.7831563502736235,0.7870819378155425,-11.924899928457496
parent_human_capital,baseline h,1.2,3,0.6284243566004422,1.2,0.5297420266751233,0.3762294300033233,0.7548118774531315,0.7847322300789917,0.788665716751307,-11.849513033201166
parent_human_capital,baseline h,1.2,3,0.6322927560354111,1.2,0.5298175564841909,0.37622183815874394,0.7547174895021287,0.7863338056696676,0.790275320273039,-11.773051993447277
parent_human_capital,baseline h,1.2,3,0.6362366811512086,1.2,0.5298941324491702,0.37621410091770163,0.7546216942304005,0.7879612703889384,0.7919109426931631,-11.695514293347692
parent_human_capital,baseline h,1.2,3,0.6402572462105554,1.2,0.5299718307311538,0.37620631084104134,0.7545246453979928,0.7896148320789709,0.7935727928956591,-11.616897381980145
parent_human_capital,baseline h,1.2,3,0.6443555912200942,1.2,0.5300505433937402,0.3761983824389375,0.7544262385845802,0.7912946958159741,0.7952610769846852,-11.537198673382093
parent_human_capital,baseline h,1.2,3,0.6485328824649206,1.2,0.5301304059991245,0.37619038435828783,0.7543265087468622,0.7930010632419704,0.796975997612998,-11.456415546405214
parent_human_capital,baseline h,1.2,3,0.652790313057229,1.2,0.5302113040073438,0.376182255023214,0.7542254174703195,0.7947341527839688,0.7987177743024767,-11.374545344693113
parent_human_capital,baseline h,1.2,3,0.6571291034994325,1.2,0.530293268425939,0.3761739917328268,0.7541229270384023,0.7964941759292724,0.8004866196005093,-11.291585376600223
parent_human_capital,baseline h,1.2,3,0.6615505022621248,1.2,0.5303763748824527,0.3761656483543921,0.754019095629857,0.7982813523556043,0.8022827542859576,-11.207532915106253
parent_human_capital,baseline h,1.2,3,0.6660557863772645,1.2,0.5304605065522077,0.37615719390294333,0.7539139631027034,0.8000959188278546,0.804106416310501,-11.122385197772077
parent_human_capital,baseline h,1.2,3,0.6706462620469753,1.2,0.5305457979507668,0.3761486027952923,0.7538073313927389,0.801938078285495,0.8059578096308491,-11.03613942671539
parent_human_capital,baseline h,1.2,3,0.6753232652683625,1.2,0.5306321028024733,0.3761399272294633,0.7536994764355135,0.8038080967836779,0.8078372016357617,-10.948792768400779
parent_human_capital,baseline h,1.2,3,0.6800881624747613,1.2,0.5307195821082376,0.37613114225986166,0.7535901752652587,0.8057061815286011,0.8097448005700615,-10.860342353764441
parent_human_capital,baseline h,1.2,3,0.6849423511938463,1.2,0.5308081057027865,0.37612223580774407,0.7534795280436497,0.8076325918339796,0.8116808670472797,-10.770785277981378
parent_human_capital,baseline h,1.2,3,0.6898872607230374,1.2,0.530897800492078,0.3761132297237621,0.7533674621417469,0.8095875579775224,0.8136456324993963,-10.680118600493701
parent_human_capital,baseline h,1.2,3,0.6949243528226603,1.2,0.5309885344345692,0.37610409238535597,0.7532540310506549,0.8115713444288394,0.8156393627216811,-10.588339344881149
parent_human_capital,baseline h,1.2,3,0.7000551224273222,1.2,0.5310803910835665,0.3760948537458442,0.7531392256211104,0.8135841986607396,0.8176623064274056,-10.49544449882748
parent_human_capital,baseline h,1.2,3,0.7052810983759861,1.2,0.5311733672077794,0.3760854969622991,0.7530230072465713,0.8156263768555063,0.8197147210829723,-10.401431014042036
parent_human_capital,baseline h,1.2,3,0.7106038441612367,1.2,0.5312675164740222,0.3760760459486676,0.752905381662468,0.8176981389734583,0.8217968679517562,-10.306295806173633
parent_human_capital,baseline h,1.2,3,0.7160249586982449,1.2,0.5313627280938764,0.376066479491892,0.7527864069639829,0.8197997664983573,0.8239090299284625,-10.210035754736538
parent_human_capital,baseline h,1.2,3,0.7215460771139571,1.2,0.5314590988267414,0.37605679322184166,0.752665975536313,0.8219315162059726,0.8260514650759542,-10.112647703079961
parent_human_capital,baseline h,1.2,3,0.7271688715570458,1.2,0.5315565377343481,0.37604698713851675,0.7525441783177274,0.8240936802508955,0.8282244670132536,-10.014128458243734
parent_human_capital,baseline h,1.2,3,0.7328950520291776,1.2,0.5316551726393494,0.37603708849434686,0.7524209551806081,0.8262865264388294,0.830428304888446,-9.914474790952585
parent_human_capital,baseline h,1.2,3,0.7387263672381705,1.2,0.5317549413133192,0.3760270858481823,0.7522963399335655,0.8285103498318973,0.8326632752426595,-9.813683435494385
parent_human_capital,baseline h,1.2,3,0.7446646054736273,1.2,0.531855821057481,0.37601691762414446,0.7521702023208937,0.8307654339555162,0.8349296630224876,-9.711751089694841
parent_human_capital,baseline h,1.2,3,0.7507115955056528,1.2,0.5319578437149104,0.37600665850850296,0.7520426960202109,0.833052086532758,0.837227777493471,-9.608674414756988
parent_human_capital,baseline h,1.2,3,0.7568692075072764,1.2,0.5320610004876203,0.37599628498136495,0.7519137714060902,0.8353706068675195,0.8395579194597734,-9.504450035278808
parent_human_capital,baseline h,1.2,3,0.7631393540012239,1.2,0.5321653103944537,0.375985784569933,0.7517833784772596,0.8377212972482129,0.841920392725034,-9.399074539138507
parent_human_capital,baseline h,1.2,3,0.7695239908317001,1.2,0.532270790198137,0.37597518182574746,0.7516515614570196,0.8401044732406839,0.8443155144368791,-9.292544477400405
parent_human_capital,baseline h,1.2,3,0.7760251181618615,1.2,0.5323774176692898,0.3759644532289159,0.7515182841513371,0.8425204521764222,0.8467436035174286,-9.184856364271562
parent_human_capital,baseline h,1.2,3,0.7826447814976824,1.2,0.532485188734829,0.37595362500022,0.7513836157657172,0.844969564241306,0.8492049918076247,-9.076006676989667
parent_human_capital,baseline h,1.2,3,0.7893850727389358,1.2,0.532594167028879,0.37594267425736044,0.7512474358264043,0.8474521239761802,0.8516999954249546,-8.965991855801605
parent_human_capital,baseline h,1.2,3,0.7962481312580323,1.2,0.5327043036897008,0.3759315922600766,0.7511097714843293,0.8499684727460577,0.8542289574455306,-8.854808303822212
parent_human_capital,baseline h,1.2,3,0.8032361450074849,1.2,0.5328156038318113,0.3759204106309284,0.7509706961754146,0.8525189573400926,0.8567922263967946,-8.742452386975772
parent_human_capital,baseline h,1.2,3,0.8103513516567865,1.2,0.5329280984810427,0.3759091233305443,0.7508301638720292,0.8551039182686009,0.8593901444958779,-8.628920433948931
parent_human_capital,baseline h,1.2,3,0.8175960397595149,1.2,0.5330417252799997,0.37589767212152825,0.7506880922698762,0.8577237062619223,0.862023064231163,-8.51420873609639
parent_human_capital,baseline h,1.2,3,0.8249725499515008,1.2,0.5331565963711296,0.3758861522656143,0.7505446058566563,0.8603786817010342,0.8646913477900448,-8.398313547317638
parent_human_capital,baseline h,1.2,3,0.8324832761809209,1.2,0.5332725916015836,0.3758744630992903,0.7503995747370532,0.8630692080019091,0.8673953604101255,-8.281231084063185
parent_human_capital,baseline h,1.2,3,0.8401306669712053,1.2,0.5333897854607301,0.37586267803363876,0.7502531067748284,0.8657956594930077,0.8701354782961954,-8.162957525164868
parent_human_capital,baseline h,1.2,3,0.8479172267176741,1.2,0.5335082614732283,0.3758507977062532,0.7501051200291045,0.8685583998407062,0.8729120669375158,-8.043489011835073
parent_human_capital,baseline h,1.2,3,0.8558455170188431,1.2,0.5336278624673825,0.37583874910010534,0.749955590297279,0.8713578233761367,0.8757255226418119,-7.922821647541866
parent_human_capital,baseline h,1.2,3,0.8639181580433734,1.2,0.5337487024565182,0.3758266079331125,0.749804591649333,0.8741943176093396,0.8785762348615264,-7.800951497922178
parent_human_capital,baseline h,1.2,3,0.8721378299336601,1.2,0.5338707573001319,0.3758143469528451,0.7496520805307351,0.8770682776795884,0.8814646007165763,-7.677874590741155
parent_human_capital,baseline h,1.2,3,0.8805072742470966,1.2,0.5339940010782385,0.3758019547181533,0.7494980544416541,0.8799801091565915,0.8843910278095971,-7.553586915783555
parent_human_capital,baseline h,1.2,3,0.88902929543607,1.2,0.5341184309928664,0.37578942852814834,0.749342509471054,0.8829302224767005,0.8873559286342605,-7.42808442478125
parent_human_capital,baseline h,1.2,3,0.8977067623677852,1.2,0.5342441639415612,0.3757767781547384,0.7491853529948089,0.8859190175029795,0.8903597050579534,-7.301363031348664
parent_human_capital,baseline h,1.2,3,0.9065426098850453,1.2,0.5343710861646891,0.3757640395906138,0.7490267881783954,0.8889469458339552,0.8934028109428488,-7.173418610834086
parent_human_capital,baseline h,1.2,3,0.9155398404091444,1.2,0.5344992581348312,0.37575116103180434,0.7488666258681705,0.8920144177566922,0.8964856586325842,-7.044247000362004
parent_human_capital,baseline h,1.2,3,0.9247015255860773,1.2,0.5346286206260514,0.37573813604488404,0.7487049093094403,0.8951218810028018,0.8996086981030346,-6.913843998641231
parent_human_capital,baseline h,1.2,3,0.9340308079772923,1.2,0.5347592610765468,0.3757250124577473,0.7485416698684975,0.8982697776863372,0.9027723736843595,-6.782205365928471
parent_human_capital,baseline h,1.2,3,0.9435309027962627,1.2,0.5348911189813967,0.3757117347338869,0.7483768300975782,0.9014585600500746,0.9059771398862113,-6.649326823964553
parent_human_capital,baseline h,1.2,3,0.9532050996921831,1.2,0.5350242614633524,0.3756983644491816,0.7482104758284146,0.9046886919611025,0.9092234629008219,-6.515204055846381
parent_human_capital,baseline h,1.2,3,0.9630567645821445,1.2,0.5351586353371094,0.3756848645792932,0.7480425682778546,0.907960644048197,0.9125118157160038,-6.379832705997069
parent_human_capital,baseline h,1.2,3,0.9730893415331738,1.2,0.5352942738154418,0.37567121057268127,0.7478730132470983,0.911274882729674,0.9158426670880048,-6.2432083800732725
parent_human_capital,baseline h,1.2,3,0.9833063546955787,1.2,0.5354312470309592,0.3756572058665061,0.7477012523414417,0.9146318375070489,0.9192164486712254,-6.105326644958591
parent_human_capital,baseline h,1.2,3,0.9937114102890687,1.2,0.535569476909406,0.3756433482260352,0.7475286000840652,0.9180321270413432,0.9226337822277383,-5.966183028266412
parent_human_capital,baseline h,1.2,3,1.0043081986431819,1.2,0.5357088815008615,0.37562929775526144,0.7473542941232079,0.9214761921456465,0.9260951107802179,-5.825773018964041
parent_human_capital,baseline h,1.2,3,1.0151004962935855,1.2,0.5358496080298891,0.3756151476526233,0.747178418739227,0.9249645389563619,0.929600943002087,-5.684092066770809
parent_human_capital,baseline h,1.2,3,1.0260921681358672,1.2,0.5359916637201194,0.37560088210684084,0.7470009274332732,0.9284976822024603,0.9331517962024057,-5.541135582253368
parent_human_capital,baseline h,1.2,3,1.037287169638491,1.2,0.5361349691474491,0.3755864853066342,0.74682186035423,0.9320761607052428,0.9367482119033282,-5.396898936706915
parent_human_capital,baseline h,1.2,3,1.0486895491166357,1.2,0.536279542262561,0.3755719245977956,0.746641118438363,0.9357005013214856,0.9403907196025116,-5.2513774621161105
parent_human_capital,baseline h,1.2,3,1.0603034500686892,1.2,0.5364254297791012,0.37555726695798164,0.746458821344525,0.9393712576456763,0.944079875669347,-5.1045664510119915
parent_human_capital,baseline h,1.2,3,1.0721331135772334,1.2,0.5365726967757805,0.375542468291835,0.7462747944611376,0.9430889638887208,0.947816216992484,-4.956461156484009
parent_human_capital,baseline h,1.2,3,1.0841828807763967,1.2,0.5367212218163053,0.3755275454422835,0.7460892010623268,0.9468542109183979,0.9516003374014381,-4.807056791989609
parent_human_capital,baseline h,1.2,3,1.0964571953875313,1.2,0.5368710640666774,0.375512493007549,0.7459019685640742,0.9506675620202543,0.9554328030052368,-4.6563485313767865
parent_human_capital,baseline h,1.2,3,1.1089606063252093,1.2,0.5370222071619072,0.375497286436091,0.7457130523453425,0.9545295993232992,0.959314198850823,-4.504331508759313
parent_human_capital,baseline h,1.2,3,1.1216977703756155,1.2,0.5371747056504087,0.375481955681228,0.7455224722617614,0.95844091482565,0.9632451199037171,-4.351000818432676
parent_human_capital,baseline h,1.2,3,1.1346734549494641,1.2,0.5373285115409958,0.37546648556927364,0.7453302386130796,0.9624021187360884,0.9672261794313848,-4.196351514809484
parent_human_capital,baseline h,1.2,3,1.147892540911644,1.2,0.5374836816930211,0.3754508896046731,0.7451363280849868,0.9664138193603565,0.9712579887887137,-4.040378612346222
parent_human_capital,baseline h,1.2,3,1.1613600254898573,1.2,0.5376384393256118,0.37544315673376105,0.7449623620010505,0.9704788538032062,0.9753433993015025,-3.883077085739658
parent_human_capital,baseline h,1.2,3,1.1750810252645967,1.2,0.5377962917925893,0.37542726020432615,0.7447650225549568,0.9745934419911091,0.9794786119485249,-3.7244418687289222
parent_human_capital,baseline h,1.2,3,1.189060779242872,1.2,0.5379555391729842,0.37541123949148636,0.7445659797238677,0.9787604321986763,0.9836664892814285,-3.564467855700034
parent_human_capital,baseline h,1.2,3,1.2033046520181812,1.2,0.5381160492300034,0.375395024916696,0.7443651926630692,0.9829804910639781,0.9879077012798206,-3.4031499004892836
parent_human_capital,baseline h,1.2,3,1.217818137019287,1.2,0.5382780132980258,0.37537872485208,0.7441627392345407,0.9872542793628931,0.9922029120317326,-3.2404828166146085
parent_human_capital,baseline h,1.2,3,1.2326068598504607,1.2,0.5384413510519979,0.37536227669011196,0.7439585442462402,0.9915824787652081,0.9965528066238354,-3.076461377148357
parent_human_capital,baseline h,1.2,3,1.247676581725918,1.2,0.5386060670089635,0.37534567002129005,0.7437525773239207,0.9959657794817639,1.000958078726666,-2.911080314681901
parent_human_capital,baseline h,1.2,3,1.2630332030012734,1.2,0.538772115917957,0.3753289522794542,0.7435450015442069,1.0004049070693133,1.0054194575338453,-2.744334321280081
parent_human_capital,baseline h,1.2,3,1.2786827668049243,1.2,0.5389395657807827,0.37531207062898625,0.7433356176616188,1.0049005538738958,1.0099376388618124,-2.5762180483027053
parent_human_capital,baseline h,1.2,3,1.294631462772364,1.2,0.5391084692651311,0.37529507186613287,0.7431244892503426,1.009453451594877,1.0145133580775907,-2.40672610645162
parent_human_capital,baseline h,1.2,3,1.31088563088653,1.2,0.539278712944948,0.3752778906824785,0.7429115675103285,1.0140643486492582,1.0191473673496376,-2.235853065627302
parent_human_capital,baseline h,1.2,3,1.3274517654273796,1.2,0.5394503223418555,0.37526059135479073,0.7426969865834444,1.018734011973703,1.0238404374589027,-2.063593454914079
parent_human_capital,baseline h,1.2,3,1.3443365190339982,1.2,0.5396234406099276,0.3752431591034375,0.742480566603011,1.0234631797888865,1.0285933103264073,-1.8899417624166013
parent_human_capital,baseline h,1.2,3,1.3615467068826452,1.2,0.539797969105591,0.3752255787547322,0.7422623685211636,1.0282526496111979,1.0334067874661086,-1.714892435294429
parent_human_capital,baseline h,1.2,3,1.3790893109842512,1.2,0.5399739076196977,0.3752078731909742,0.742042449386682,1.0331032234212116,1.0382816748785249,-1.5384398796470193
parent_human_capital,baseline h,1.2,3,1.3969714846049992,1.2,0.5401512646997177,0.37519000038010186,0.7418206962444551,1.0380156992644236,1.0432187746093724,-1.3605784604157574
parent_human_capital,baseline h,1.2,3,1.4152005568137338,1.2,0.5403300477659394,0.37517199091302705,0.7415971776620196,1.0429909077382682,1.048218921419472,-1.1813025013813674
parent_human_capital,baseline h,1.2,3,1.4337840371600625,1.2,0.5405102809036455,0.37515381046630103,0.7413717842946461,1.048029674354442,1.053282944958415,-1.0006062850317807
parent_human_capital,baseline h,1.2,3,1.4527296204871472,1.2,0.5406919700909313,0.3751355014660397,0.7411446155507112,1.0531328622503,1.0584117126900505,-0.8184840525671486
parent_human_capital,baseline h,1.2,3,1.4720451918832933,1.2,0.5408751760837277,0.3751170813927644,0.7409156540958989,1.0583013326397532,1.0636060901451423,-0.6349300037761338
parent_human_capital,baseline h,1.2,3,1.4917388317766058,1.2,0.5410597185307486,0.3750984375042198,0.7406848002297333,1.0635359762035137,1.0688669724689575,-0.4499382969789236
parent_human_capital,baseline h,1.2,3,1.5118188211770927,1.2,0.5412458131409401,0.3750796939838109,0.7404521467148462,1.0688376818294716,1.0741952530049554,-0.2635030490136616
parent_human_capital,baseline h,1.2,3,1.5322936470707536,1.2,0.5414334138044757,0.37506079632667844,0.7402176042709933,1.074207360123544,1.0795918469234855,-0.07561833510809324
parent_human_capital,baseline h,1.2,3,1.5531720079703377,1.2,0.5416225038589603,0.3750417701160107,0.7399812531092101,1.0796459528078823,1.0850577006670996,0.11372181111916335
parent_human_capital,baseline h,1.2,3,1.5744628196276003,1.2,0.541812963039362,0.3750225402714841,0.7397430269950043,1.0851544128827069,1.0905937720129526,0.3045233977732824
parent_human_capital,baseline h,1.2,3,1.5961752209120554,1.2,0.5420050762810762,0.3750032390791704,0.7395029695915829,1.0907336829547685,1.0962010082926306,0.4967924746972425
parent_human_capital,baseline h,1.2,3,1.618318579861377,1.2,0.5421986026836876,0.3749837113706984,0.7392609363611271,1.0963847533199151,1.1018804047658604,0.6905351335807457
parent_human_capital,baseline h,1.2,3,1.6409024999087747,1.2,0.5423936837034415,0.3749640894321402,0.7390171144459945,1.1021086302741765,1.1076329727727519,0.8857575079267863
parent_human_capital,baseline h,1.2,3,1.6639368262928396,1.2,0.5425902310645381,0.37494427633252037,0.7387713513454424,1.1079063241371656,1.1134597276971656,1.0824657732224137
parent_human_capital,baseline h,1.2,3,1.6874316526555453,1.2,0.5427883045950077,0.37492430099350993,0.7385236590728708,1.113778866598897,1.119361706400484,1.2806661469057903
parent_human_capital,baseline h,1.2,3,1.7113973278342638,1.2,0.5429879278093334,0.3749041812896843,0.7382740585142421,1.119727312458006,1.1253399689685428,1.4803648884456986
parent_human_capital,baseline h,1.2,3,1.7358444628538618,1.2,0.5431891282366779,0.37488393366991685,0.7380225629993953,1.125752734324695,1.1313955933880253,1.6815682993959418
parent_human_capital,baseline h,1.2,3,1.7607839381251333,1.2,0.5433918207673945,0.37486350029086607,0.7377691139551168,1.1318562274862,1.1375296804363175,1.88428272345551
parent_human_capital,baseline h,1.2,3,1.7862269108560356,1.2,0.5435961119223176,0.374842931924854,0.7375137309790196,1.1380388965758594,1.1437433402837556,2.0885145464927493
parent_human_capital,baseline h,1.2,3,1.8121848226824113,1.2,0.5438018496457295,0.37482254701129086,0.7372573571303169,1.1443019941806298,1.1500378317959143,2.2942701964470347
parent_human_capital,baseline h,1.2,3,1.8386694075250942,1.2,0.5440092646962856,0.374801656229793,0.7369980493785199,1.1506464368485672,1.1564140761150663,2.5015561440290104
parent_human_capital,baseline h,1.2,3,1.8656926996805347,1.2,0.5442182031881437,0.37478058572838335,0.7367367717611604,1.157073520720552,1.1628733758790246,2.7103789017688023
parent_human_capital,baseline h,1.2,3,1.8932670421523103,1.2,0.5444287715830101,0.3747593812716603,0.736473531495794,1.1635844320905744,1.1694169233281029,2.9207450247246745
parent_human_capital,baseline h,1.2,3,1.921405095231136,1.2,0.5446409113421218,0.37473799002400604,0.7362082558775092,1.1701803867165101,1.1760459403141887,3.13266111037314
parent_human_capital,baseline h,1.2,3,1.9501198453312445,1.2,0.544854665382785,0.37471646482103843,0.7359410332326741,1.1768626305153222,1.18276167899943,3.3461337986070436
parent_human_capital,baseline h,1.2,3,1.979424614091259,1.2,0.5450700072404304,0.3746947528271396,0.7356717587821842,1.1836324174176287,1.189565399599798,3.5611697718356807
parent_human_capital,baseline h,1.2,3,2.009333067747975,1.2,0.5452869496967385,0.3746728698535895,0.7354004590195777,1.1904910353988198,1.1964583965466866,3.7777757549647917
parent_human_capital,baseline h,1.2,3,2.0398592267917226,1.2,0.5455055522031423,0.3746508839096925,0.7351272434285335,1.1974398009288731,1.2034419929089064,3.9959585154410053
parent_human_capital,baseline h,1.2,3,2.071017475912293,1.2,0.545725765795714,0.37462868289078677,0.7348518825050001,1.2044800268550664,1.2105175081144093,4.21572486335623
parent_human_capital,baseline h,1.2,3,2.1028225742447084,1.2,0.5459476008937235,0.3746063223333795,0.7345745037823909,1.211613085638138,1.2176863215034226,4.437081651361485
parent_human_capital,baseline h,1.2,3,2.135289665924415,1.2,0.5461711153995492,0.37458381908039823,0.7342950911961599,1.2188403534627759,1.2249498161587875,4.66003577478158
parent_human_capital,baseline h,1.2,3,2.168434290961828,1.2,0.546396228541358,0.37456112903648575,0.7340136159852725,1.2261632452363986,1.2323094140801771,4.884594171620849
parent_human_capital,baseline h,1.2,3,2.2022723964464688,1.2,0.5466229829146539,0.3745382663436807,0.7337300706830486,1.2335831916858093,1.2397665531659412,5.110763822583893
parent_human_capital,baseline h,1.2,3,2.23682034809129,1.2,0.5468514815801361,0.3745152555535236,0.7334444132148165,1.24110163970803,1.2473226875657033,5.338551751108911
parent_human_capital,baseline h,1.2,3,2.2720949421281498,1.2,0.5470816025889107,0.374492069413585,0.7331566978344342,1.2487200988737457,1.2549793344169036,5.567965023368947
parent_human_capital,baseline h,1.2,3,2.308113417565749,1.2,0.5473155568206072,0.3744597159819214,0.7328423776784854,1.25643689405388,1.262734810193846,5.7990107473065144
parent_human_capital,baseline h,1.2,3,2.344893468821764,1.2,0.5475490629619,0.37443627170326454,0.732550635949009,1.2642599365955756,1.270597065899466,6.031696076728101
parent_human_capital,baseline h,1.2,3,2.382453258741261,1.2,0.5477842417356269,0.37441262482239646,0.7322567183232056,1.272187611355616,1.2785644782946077,6.266028205125435
parent_human_capital,baseline h,1.2,3,2.4208114320139376,1.2,0.5480211749185884,0.37438885002558653,0.7319607285449683,1.2802215275825846,1.2866386646942465,6.502014369895489
parent_human_capital,baseline h,1.2,3,2.4599871290031343,1.2,0.5482597773392018,0.3743648497442662,0.7316625094255552,1.2883633111957602,1.2948212591676158,6.739661851205415
parent_human_capital,baseline h,1.2,3,2.5,1.2,0.5485001270362209,0.3743407040664829,0.7313621818649225,1.296614635384753,1.3031139432912238,6.9789779721304654
parent_human_capital,high h,1.8,1,0.5,1.8,1.1550879694593368,0.3568607707069797,0.3511409276312777,0.6064177029186508,0.6094573843040406,-7.7669819651713805
parent_human_capital,high h,1.8,1,0.5000203210855501,1.8,1.1550855111710963,0.3568609601988,0.3511439998730159,0.6064267179661788,0.6094664445396824,-7.766931926785917
parent_human_capital,high h,1.8,1,0.5000812892976928,1.8,1.1550780906944482,0.3568615320127434,0.3511532730268405,0.6064537772862094,0.609493639495119,-7.76678180561821
parent_human_capital,high h,1.8,1,0.5001829195049198,1.8,1.1550657540575067,0.356862473038419,0.3511686585869711,0.6064988643202807,0.6095389525288891,-7.766531583631021
parent_human_capital,high h,1.8,1,0.5003252364947652,1.8,1.1550485298068243,0.35686385025348355,0.3511903450144624,0.606562020760293,0.6096024255418745,-7.766181230760264
parent_human_capital,high h,1.8,1,0.5005082749838822,1.8,1.1550276194723308,0.35686483537451663,0.35121444714110284,0.6066424262289647,0.6096832340446351,-7.765730704903673
parent_human_capital,high h,1.8,1,0.500732079632158,1.8,1.155002341497737,0.3568658618900179,0.35124305102592074,0.6067405355739474,0.609781835164756,-7.765179952023046
parent_human_capital,high h,1.8,1,0.5009967050608752,1.8,1.1553454990913423,0.3568409162128916,0.3508190694384263,0.6067495360477873,0.6097908807536587,-7.764529549621195
parent_human_capital,high h,1.8,1,0.5013022158749305,1.8,1.1553084799249569,0.35684375073106817,0.3508652724437037,0.6068849266386314,0.6099269499926636,-7.763779502904809
parent_human_capital,high h,1.8,1,0.5016486866891229,1.8,1.1552678713986644,0.35684628404681706,0.3509140889130229,0.6070376488193282,0.6100804376964769,-7.762929177523413
parent_human_capital,high h,1.8,1,0.502036202158526,1.8,1.1554793560894547,0.3568305443549948,0.3506516076207282,0.6071342927272009,0.6101775660339537,-7.7619788148273665
parent_human_capital,high h,1.8,1,0.502464857012963,1.8,1.1554288894440217,0.35683386185880667,0.35071282297851214,0.6073232727595326,0.6103674933326395,-7.7609289301832405
parent_human_capital,high h,1.8,1,0.5029347560956027,1.8,1.1554085176458755,0.35683543460506306,0.3507382904745291,0.607520563337086,0.6105657728333284,-7.759778726503364
parent_human_capital,high h,1.8,1,0.5034460144056994,1.8,1.155346955624891,0.35684018215955743,0.3508152345720749,0.6077466112859632,0.6107929538522644,-7.758527931516007
parent_human_capital,high h,1.8,1,0.5039987571454999,1.8,1.1552803882955556,0.356845351761402,0.3508985514113867,0.6079909092978475,0.6110384764130292,-7.757176369093409
parent_human_capital,high h,1.8,1,0.5045931197713469,1.8,1.1552088147735802,0.3568508676926795,0.35098799655070145,0.6082534359105695,0.6113023189458735,-7.755723876313324
parent_human_capital,high h,1.8,1,0.5052292480490046,1.8,1.1551323698640574,0.35685675720581944,0.35108352348279787,0.6085342059820867,0.6115844963832311,-7.75417027799725
parent_human_capital,high h,1.8,1,0.5059072981132409,1.8,1.1550497963972843,0.35686369611676,0.3511885790210181,0.6088339953823388,0.6118857884841052,-7.752515386669218
parent_human_capital,high h,1.8,1,0.5066274365316988,1.8,1.1549634776802236,0.356870367117074,0.35129651177909627,0.6091514039068074,0.6122047880254238,-7.750759002521311
parent_human_capital,high h,1.8,1,0.507389840373095,1.8,1.155104798422537,0.35685878028350343,0.35111764969601433,0.6094187670784302,0.6124734913605213,-7.748901720924138
parent_human_capital,high h,1.8,1,0.5081946972797818,1.8,1.1550083391764208,0.35686631659157575,0.35123852658028476,0.609773065344733,0.6128295655542744,-7.746943889227193
parent_human_capital,high h,1.8,1,0.5090422055447187,1.8,1.1549070698729362,0.3568741480627044,0.351365169850226,0.6101457203633385,0.6132040885139339,-7.7448840047404675
parent_human_capital,high h,1.8,1,0.5099325741928927,1.8,1.1557595591971626,0.35682288116262845,0.3503465757697536,0.6102656126256089,0.6133245817386699,-7.74272675633032
parent_human_capital,high h,1.8,1,0.5108660230672385,1.8,1.1556786306956943,0.356814539453435,0.35040047713343514,0.6106568134659999,0.6137177434814336,-7.740472779897364
parent_human_capital,high h,1.8,1,0.5118427829191048,1.8,1.155562631865144,0.35682413856441836,0.35054757708357176,0.6110853902498564,0.6141484685153591,-7.738116473313107
parent_human_capital,high h,1.8,1,0.5128630955033207,1.8,1.155442777313049,0.356832828272286,0.35069558628915765,0.6115314827490718,0.614596797062532,-7.735657543820134
parent_human_capital,high h,1.8,1,0.5139272136779165,1.8,1.1554207496471347,0.35683449628027647,0.3507230183009613,0.6119664309862363,0.615033925486808,-7.733096792596838
parent_human_capital,high h,1.8,1,0.5150354015085564,1.8,1.1552886098710804,0.3568452760434847,0.3508900845098101,0.6124513723277452,0.6155212976069068,-7.730433023799381
parent_human_capital,high h,1.8,1,0.5161879343777439,1.8,1.1552039890148131,0.3568512156913536,0.35099394982517235,0.6129389201039817,0.6160112892265416,-7.727666366860485
parent_human_capital,high h,1.8,1,0.5173850990988615,1.8,1.1550617992700656,0.356862785044403,0.3511736242738004,0.6134615401778792,0.6165365289444613,-7.724795923626303
parent_human_capital,high h,1.8,1,0.5186271940351138,1.8,1.155254342249775,0.3568372022449179,0.35089819302375913,0.6138957624557044,0.6169729277705116,-7.721823584842829
parent_human_capital,high h,1.8,1,0.5199145292234401,1.8,1.1552207204707272,0.35685054257630455,0.3509750374764995,0.6144280213152571,0.6175078545887004,-7.718751156091619
parent_human_capital,high h,1.8,1,0.5212474265034702,1.8,1.1555222298264258,0.3568266664783891,0.3505961695635552,0.6148716287746262,0.617953685639713,-7.715577314107814
parent_human_capital,high h,1.8,1,0.5226262196515982,1.8,1.1553612622614973,0.3568391071785685,0.3507974449970647,0.6154694841044147,0.6185545377318129,-7.712302382795827
parent_human_capital,high h,1.8,1,0.5240512545202515,1.8,1.1551941837105857,0.35685257002411885,0.35100814316755924,0.6160872053900756,0.6191753553583035,-7.708922205239663
parent_human_capital,high h,1.8,1,0.5255228891824385,1.8,1.1551712917408474,0.35685435347525357,0.3510368135189743,0.6166797882483644,0.6197709085505304,-7.705438054756018
parent_human_capital,high h,1.8,1,0.5270414940816569,1.8,1.155116058766827,0.3568006572614235,0.3509180707601852,0.6172615235000855,0.6203555597623355,-7.70184896820613
parent_human_capital,high h,1.8,1,0.5286074521872524,1.8,1.1554227366107481,0.356834925398646,0.3507224216808652,0.6178304958708332,0.6209273841189599,-7.698162710192987
parent_human_capital,high h,1.8,1,0.5302211591553182,1.8,1.155236726858461,0.3568492781034953,0.3509549341968642,0.6185248893982989,0.6216252583084665,-7.6943711476049375
parent_human_capital,high h,1.8,1,0.5318830234952302,1.8,1.1553755665597407,0.35686602142851953,0.3508703428686628,0.6191592997026921,0.6222628486077441,-7.690474169966112
parent_human_capital,high h,1.8,1,0.5335934667419154,1.8,1.1552362005695018,0.3568493194979636,0.3509555946039003,0.6198579143136363,0.6229649650389983,-7.686475415949028
parent_human_capital,high h,1.8,1,0.5353529236339561,1.8,1.1550361804418565,0.3568641922127862,0.35120380232757087,0.6206105086350591,0.6237213317551558,-7.68236888398876
parent_human_capital,high h,1.8,1,0.537161842297634,1.8,1.1554594268721503,0.35683608753870183,0.3506894967532437,0.6211997803157906,0.6243135571724788,-7.678158968535684
parent_human_capital,high h,1.8,1,0.5390206844370244,1.8,1.1552564496149904,0.35684775819285686,0.35093028692986583,0.6219876373319764,0.6251053633383925,-7.673848543230218
parent_human_capital,high h,1.8,1,0.5409299255302531,1.8,1.1550401005806288,0.3568644661627844,0.3512007697867924,0.6228006234311605,0.6259224245473571,-7.669429050510414
parent_human_capital,high h,1.8,1,0.5428900550320312,1.8,1.1548511017456478,0.356879026871623,0.3514369453184107,0.6236240426518732,0.6267499711740898,-7.664900460334003
parent_human_capital,high h,1.8,1,0.5449015765825912,1.8,1.1552203128446061,0.35685058126988384,0.35097557046981775,0.6242999122960765,0.6274292286289829,-7.660271977064003
parent_human_capital,high h,1.8,1,0.5469650082231464,1.8,1.1556284727039348,0.35681904738138015,0.350465240811737,0.6249824486291714,0.6281151861896846,-7.655543794875624
parent_human_capital,high h,1.8,1,0.5490808826180046,1.8,1.1553918309296098,0.3568373264283228,0.35076110669815597,0.6258762850887047,0.6290135030231163,-7.650712066507941
parent_human_capital,high h,1.8,1,0.5512497472834679,1.8,1.155345675147562,0.35684029760270175,0.3508168890851917,0.6267317350580728,0.6298732409533,-7.645771037134664
parent_human_capital,high h,1.8,1,0.5534721648236569,1.8,1.1550987152333811,0.35685935646757716,0.3511255997215691,0.6276667016808002,0.6308128941157267,-7.6407208709713945
parent_human_capital,high h,1.8,1,0.5557487131734017,1.8,1.155605271012644,0.35686415955857853,0.3506346059571503,0.6284244047520692,0.6315743951894457,-7.635560356689667
parent_human_capital,high h,1.8,1,0.5580799858483445,1.8,1.1556423079960172,0.3568179653293718,0.3504478996711476,0.6292834981110684,0.6324377947718272,-7.630308475166906
parent_human_capital,high h,1.8,1,0.5604665922024078,1.8,1.155381272161847,0.35683755024359204,0.3507723906273913,0.6302801023033896,0.6334393944634508,-7.624946422974743
parent_human_capital,high h,1.8,1,0.5629091576927818,1.8,1.1551127161048715,0.35685886744257034,0.35111001440905615,0.6312992786392112,0.6344636794419151,-7.61947052586809
parent_human_capital,high h,1.8,1,0.5654083241525933,1.8,1.1549766112180464,0.3568615461547821,0.35125479832344764,0.6322926146712124,0.6354619945914972,-7.613881751122011
parent_human_capital,high h,1.8,1,0.5679647500714233,1.8,1.1554623647105866,0.35683343274043716,0.3506779573684301,0.6331297676709383,0.6363033438380965,-7.608190268966084
parent_human_capital,high h,1.8,1,0.5705791108838415,1.8,1.1552622121978948,0.35684731763333766,0.3509230969341194,0.6341860464891399,0.6373649172759078,-7.60239455872726
parent_human_capital,high h,1.8,1,0.5732520992661372,1.8,1.1551131845961748,0.35685879879567245,0.35110932350180424,0.6352479130630567,0.6384321064781763,-7.596486692591146
parent_human_capital,high h,1.8,1,0.5759844254414287,1.8,1.155315515267978,0.35686274802006507,0.3509197883170327,0.6362367839377606,0.6394259340887669,-7.590464442868176
parent_human_capital,high h,1.8,1,0.578776817493336,1.8,1.1550646638598576,0.35686255145722534,0.35117000286155264,0.6373565393129562,0.6405513022611381,-7.584339644754172
parent_human_capital,high h,1.8,1,0.5816300216884137,1.8,1.1553977146704895,0.35683626558937254,0.35075178583907735,0.638332370295521,0.6415320246168583,-7.57810862388738
parent_human_capital,high h,1.8,1,0.5845448028075416,1.8,1.1550957797668036,0.3568601504275486,0.351131107618454,0.6395220753300889,0.6427276930727285,-7.571766635614569
parent_human_capital,high h,1.8,1,0.5875219444864789,1.8,1.1558363736226305,0.356803001085352,0.35020534989391017,0.6404147552920407,0.6436248476116104,-7.565313747881404
parent_human_capital,high h,1.8,1,0.5905622495657936,1.8,1.1555377600991497,0.35682605056908834,0.35057864374469677,0.6416444083111293,0.6448606642921071,-7.558766184481566
parent_human_capital,high h,1.8,1,0.5936665404503856,1.8,1.155257679234663,0.3568314466870912,0.35087620803151276,0.6428783433707771,0.6461007844769804,-7.5520988380368435
parent_human_capital,high h,1.8,1,0.5968356594788269,1.8,1.1553905295784586,0.3568374375013368,0.3507627679258728,0.6440293121445748,0.6472575225057653,-7.5453232812010365
parent_human_capital,high h,1.8,1,0.600070469302753,1.8,1.1555233837696262,0.3568271854567146,0.3505966971101293,0.6451901715898546,0.6484242007832293,-7.538439828670014
parent_human_capital,high h,1.8,1,0.6033718532765401,1.8,1.1553705773329974,0.35684878200746917,0.35081947637120287,0.6464664723024289,0.6497068989797483,-7.531440783846325
parent_human_capital,high h,1.8,1,0.6067407158575169,1.8,1.155052899313217,0.35686288634550856,0.35118285244623076,0.6478010616021447,0.6510481779361676,-7.524323622625427
parent_human_capital,high h,1.8,1,0.6101779830169621,1.8,1.1554805158892512,0.3568304800782272,0.35065023956420516,0.6489358289474253,0.652188633326437,-7.5170991002134215
parent_human_capital,high h,1.8,1,0.6136846026621482,1.8,1.1552949343969225,0.35684477994745856,0.35088215263284306,0.6502803607983326,0.6535399046712932,-7.509763456220751
parent_human_capital,high h,1.8,1,0.6172615450697004,1.8,1.1550081726388763,0.35686634654489446,0.3512387901665817,0.651677733547042,0.6549442817800538,-7.502306435242768
parent_human_capital,high h,1.8,1,0.6209098033305457,1.8,1.1555866879224226,0.35682228376549663,0.35051751147778665,0.6528308211662879,0.6561031492750439,-7.494728943906898
parent_human_capital,high h,1.8,1,0.6246303938067362,1.8,1.1556175828538255,0.3568198914760805,0.3504788655286753,0.6541746213218358,0.6574536852569023,-7.487067233563343
parent_human_capital,high h,1.8,1,0.6284243566004422,1.8,1.1552686461120452,0.3568468215373115,0.3509150556688444,0.6556585863963714,0.6589450887373287,-7.479280445063393
parent_human_capital,high h,1.8,1,0.6322927560354111,1.8,1.1551021404406496,0.35685906400541,0.35112122693687875,0.6571083064659031,0.6604020755589493,-7.471370705685018
parent_human_capital,high h,1.8,1,0.6362366811512086,1.8,1.1558695702276667,0.35680044925743415,0.3501638853664202,0.6582910542861307,0.6615907519272971,-7.46336643318239
parent_human_capital,high h,1.8,1,0.6402572462105554,1.8,1.1557041077298233,0.35681321070385813,0.35037069495067685,0.6597864021973863,0.6630935953011499,-7.455247944879451
parent_human_capital,high h,1.8,1,0.6443555912200942,1.8,1.1553146471233187,0.35684329165938,0.3508576178530728,0.6613749729444015,0.6646901287921712,-7.44700529395373
parent_human_capital,high h,1.8,1,0.6485328824649206,1.8,1.155450991715157,0.3568406711845643,0.3507127829228313,0.6628281783640123,0.6661506184342608,-7.438643734967251
parent_human_capital,high h,1.8,1,0.652790313057229,1.8,1.15556185574429,0.356824184329017,0.3505485014817251,0.664301602819808,0.6676314284608758,-7.430170849611408
parent_human_capital,high h,1.8,1,0.6571291034994325,1.8,1.1551593640804616,0.3568546715206091,0.3510497716463118,0.6659648981140097,0.669303061057435,-7.421573294543995
parent_human_capital,high h,1.8,1,0.6615505022621248,1.8,1.1553977747593152,0.3568368700575237,0.35075368422706166,0.6674517093889927,0.6707973250049479,-7.41286437857676
parent_human_capital,high h,1.8,1,0.6660557863772645,1.8,1.1553389346211942,0.35684081928191624,0.3508253198522143,0.669055128487046,0.6724087812746765,-7.4040279279343295
parent_human_capital,high h,1.8,1,0.6706462620469753,1.8,1.1553179262198152,0.35680670528141734,0.3507357988919768,0.6706461584149477,0.6740077862732798,-7.395076150800119
parent_human_capital,high h,1.8,1,0.6753232652683625,1.8,1.155688679092437,0.3568144152700301,0.35039002638246075,0.6721884282241092,0.6755577867420306,-7.386028840410784
parent_human_capital,high h,1.8,1,0.6800881624747613,1.8,1.1554310753189925,0.3568342909771762,0.35071202744705854,0.6739286265605124,0.6773067078588946,-7.376848276446327
parent_human_capital,high h,1.8,1,0.6849423511938463,1.8,1.1559371247573922,0.35679523826112125,0.3500794472086407,0.6754512504050542,0.678836963887218,-7.367549134561688
parent_human_capital,high h,1.8,1,0.6898872607230374,1.8,1.1558113023715277,0.3568127930266382,0.3502621470347801,0.677205247820754,0.6805997532515513,-7.35814128985982
parent_human_capital,high h,1.8,1,0.6949243528226603,1.8,1.1553806950087457,0.3568381617827625,0.35077494916740504,0.679070818178287,0.6824746748194163,-7.348605657978645
parent_human_capital,high h,1.8,1,0.7000551224273222,1.8,1.1558123338402957,0.35680488313670333,0.35023548752262296,0.6806923397796875,0.6841043243316677,-7.338946083826128
parent_human_capital,high h,1.8,1,0.7052810983759861,1.8,1.1555949812308164,0.3568216564150462,0.35050718555393345,0.6825470835274825,0.6859683650211875,-7.329176077487669
parent_human_capital,high h,1.8,1,0.7106038441612367,1.8,1.1551357505444946,0.3568564822241735,0.35107925186182787,0.684505286508976,0.6879363835359725,-7.319265802192016
parent_human_capital,high h,1.8,1,0.7160249586982449,1.8,1.1558911062204595,0.3567987953914824,0.35013699084794364,0.6861004451580776,0.6895395379510768,-7.309246903533209
parent_human_capital,high h,1.8,1,0.7215460771139571,1.8,1.1554331657354286,0.3568341499508435,0.35070948010530434,0.6881120047619813,0.6915611805394549,-7.29910536150718
parent_human_capital,high h,1.8,1,0.7271688715570458,1.8,1.1559072260821068,0.3568497997827098,0.3502861252138732,0.6898872961658156,0.6933453706284824,-7.288827218962233
parent_human_capital,high h,1.8,1,0.7328950520291776,1.8,1.1559137505820236,0.3567970516655747,0.35010869681443824,0.6917650191858224,0.6952325057742955,-7.278448658761232
parent_human_capital,high h,1.8,1,0.7387263672381705,1.8,1.1557052247283095,0.35681313498594086,0.3503693326261389,0.6937775824557523,0.6972551570595967,-7.267943823845228
parent_human_capital,high h,1.8,1,0.7446646054736273,1.8,1.1557624947429233,0.35680872835910127,0.35029778514056475,0.6957314418127805,0.6992188101774082,-7.257308020522198
parent_human_capital,high h,1.8,1,0.7507115955056528,1.8,1.1559855812595916,0.35679149870995924,0.3500188745606765,0.6976588526466747,0.701155882198312,-7.246548308171357
parent_human_capital,high h,1.8,1,0.7568692075072764,1.8,1.155479053775813,0.35683061570278174,0.3506521411012001,0.6998527136658208,0.7033607399915792,-7.235664163164295
parent_human_capital,high h,1.8,1,0.7631393540012239,1.8,1.1559111672538507,0.3567972428266363,0.3501118995044508,0.7017679138181304,0.7052855401246022,-7.22465756717563
parent_human_capital,high h,1.8,1,0.7695239908317001,1.8,1.1556217886363156,0.35681954514664754,0.3504735376388226,0.7039481840555372,0.7074767390120531,-7.2135191742668745
parent_human_capital,high h,1.8,1,0.7760251181618615,1.8,1.15605044161933,0.3567864859457273,0.34993777284482647,0.7059212589598157,0.7094597039954464,-7.202252571910315
parent_human_capital,high h,1.8,1,0.7826447814976824,1.8,1.1555311325872242,0.35682658098856346,0.3505869898157218,0.7082359771692944,0.7117860247782338,-7.190862634438229
parent_human_capital,high h,1.8,1,0.7893850727389358,1.8,1.155710322933617,0.3568127930266382,0.35036312647269097,0.7103497980669926,0.7139104412472748,-7.179332037215017
parent_human_capital,high h,1.8,1,0.7962481312580323,1.8,1.1558805461123445,0.3567996166038835,0.3501502116842379,0.7124960165440657,0.716067417689233,-7.167698499294448
parent_human_capital,high h,1.8,1,0.8032361450074849,1.8,1.1556078281978064,0.3568206457108249,0.3504910639052665,0.7148194579913435,0.7184025054352309,-7.155915608590574
parent_human_capital,high h,1.8,1,0.8103513516567865,1.8,1.1561668379882342,0.3567775266579918,0.34979234838365925,0.7168962999339086,0.7204897575913547,-7.14401306964764
parent_human_capital,high h,1.8,1,0.8175960397595149,1.8,1.1559807559378328,0.3567918635515611,0.3500248819692252,0.7192521870138635,0.7228574536044404,-7.131985586200274
parent_human_capital,high h,1.8,1,0.8249725499515008,1.8,1.1560202791573673,0.35678882976965587,0.3499755292963176,0.7215637731520353,0.725180626616348,-7.11981243209616
parent_human_capital,high h,1.8,1,0.8324832761809209,1.8,1.156058498243763,0.3567858885485955,0.3499277806536866,0.7239071036362924,0.727535703093538,-7.107526272655847
parent_human_capital,high h,1.8,1,0.8401306669712053,1.8,1.1554903230760278,0.3568291556987806,0.35063614138802124,0.7264860452064621,0.7301275716621233,-7.095088573947242
parent_human_capital,high h,1.8,1,0.8479172267176741,1.8,1.1562605374650972,0.35677027574106723,0.3496751559359607,0.7286465152937724,0.7322988711508124,-7.082519647152676
parent_human_capital,high h,1.8,1,0.8558455170188431,1.8,1.1557252498977948,0.35681160093326375,0.3503443371259797,0.7312801623395165,0.7349457194073096,-7.069828308807438
parent_human_capital,high h,1.8,1,0.8639181580433734,1.8,1.1561659837308658,0.3567775724225904,0.34979335091832736,0.7336156941581149,0.7372929581278664,-7.056989461806831
parent_human_capital,high h,1.8,1,0.8721378299336601,1.8,1.1560156230515202,0.3567891760990888,0.34998130750952783,0.7361850425838826,0.7398751854662134,-7.044032339361283
parent_human_capital,high h,1.8,1,0.8805072742470966,1.8,1.1559919049619118,0.3567666472629192,0.34993203216994606,0.7387262483955513,0.7424291291250211,-7.030933739597616
parent_human_capital,high h,1.8,1,0.88902929543607,1.8,1.1558598170579195,0.35680122200434755,0.35017614223616667,0.7413756724620257,0.7450918334848942,-7.017708678877748
parent_human_capital,high h,1.8,1,0.8977067623677852,1.8,1.1557499031510279,0.35680912752415217,0.35031167002722535,0.7440328883668048,0.7477623687398239,-7.004332422832021
parent_human_capital,high h,1.8,1,0.9065426098850453,1.8,1.1560201491472522,0.35678882976965587,0.34997565930643276,0.746594762296009,0.7503370841155373,-6.990828230775135
parent_human_capital,high h,1.8,1,0.9155398404091444,1.8,1.1560287312539572,0.3567881680957564,0.3499649333762937,0.749281110902502,0.753036898100456,-6.9771764759661234
parent_human_capital,high h,1.8,1,0.9247015255860773,1.8,1.1560067205658746,0.3567898933094952,0.34999253375688977,0.7520134528566554,0.7557829359756496,-6.96338797083258
parent_human_capital,high h,1.8,1,0.9340308079772923,1.8,1.1558750723922535,0.3568000598642917,0.35015712156805157,0.7548197319773383,0.7586032816289622,-6.949463971204352
parent_human_capital,high h,1.8,1,0.9435309027962627,1.8,1.156325841966563,0.356765258606705,0.3495935959191613,0.757459254240562,0.7612560345525893,-6.935397522093147
parent_human_capital,high h,1.8,1,0.9532050996921831,1.8,1.1560731626002867,0.35678473077866996,0.34990936512260395,0.760380646584848,0.7641920704369396,-6.921203439257919
parent_human_capital,high h,1.8,1,0.9630567645821445,1.8,1.1565319041355413,0.3568125877235379,0.34954088008872153,0.7631393932396302,0.7669646453668745,-6.906839058340106
parent_human_capital,high h,1.8,1,0.9730893415331738,1.8,1.156218412234968,0.3567735377083721,0.34972784994015804,0.7661074761662239,0.7699476058710503,-6.892377189647653
parent_human_capital,high h,1.8,1,0.9833063546955787,1.8,1.1559111147019925,0.35679665250052384,0.35011003939970475,0.7691609781271445,0.7730164135742441,-6.877730948335504
parent_human_capital,high h,1.8,1,0.9937114102890687,1.8,1.1561785820527402,0.35677659437257675,0.3497775837144086,0.7720508241880749,0.7759207450488356,-6.862967867069198
parent_human_capital,high h,1.8,1,1.0043081986431819,1.8,1.1559572960990598,0.3567936786252558,0.3500542226467691,0.7751520966209157,0.7790375626744365,-6.84803354417575
parent_human_capital,high h,1.8,1,1.0151004962935855,1.8,1.1565414962679534,0.35674861054341483,0.34932400189271084,0.7780058872729175,0.78190565801161,-6.832976092699003
parent_human_capital,high h,1.8,1,1.0260921681358672,1.8,1.1560921713101924,0.35678327951492944,0.3498856543181791,0.7812678714816823,0.785183992984264,-6.817770826350865
parent_human_capital,high h,1.8,1,1.037287169638491,1.8,1.156406179238621,0.3567590466780792,0.34949313199835536,0.7842970694376691,0.7882283748581925,-6.802415867449533
parent_human_capital,high h,1.8,1,1.0486895491166357,1.8,1.1562986484939168,0.3567673442919153,0.34962754701188903,0.787518029638618,0.791465480189336,-6.7869285786711195
parent_human_capital,high h,1.8,1,1.0603034500686892,1.8,1.156020779605162,0.35678879274531783,0.34997490888966787,0.790841927203512,0.7948060388601084,-6.771265075026602
parent_human_capital,high h,1.8,1,1.0721331135772334,1.8,1.1562691408849037,0.3567696396503562,0.34966449158225016,0.7940174754473883,0.7979975046057972,-6.755462655542974
parent_human_capital,high h,1.8,1,1.0841828807763967,1.8,1.1563927363128375,0.3567601004460101,0.3495099891322353,0.7972799437205823,0.8012763260692638,-6.739501304309734
parent_human_capital,high h,1.8,1,1.0964571953875313,1.8,1.15647427984681,0.35675378888551995,0.3494079961422748,0.8006001423503336,0.8046131672639043,-6.723409379890519
parent_human_capital,high h,1.8,1,1.1089606063252093,1.8,1.1570033719991906,0.3567129537499781,0.3487465981507385,0.803799276524261,0.8078283371646102,-6.7071592570125045
parent_human_capital,high h,1.8,1,1.1216977703756155,1.8,1.1562755848201085,0.35676911797114164,0.3496563574063905,0.8075031637429071,0.8115507901952007,-6.690774429279112
parent_human_capital,high h,1.8,1,1.1346734549494641,1.8,1.1566808726101785,0.3567378324494478,0.34914970452603233,0.810835102650786,0.8148994305163577,-6.6742144732664075
parent_human_capital,high h,1.8,1,1.147892540911644,1.8,1.1559540972543045,0.35679391658256376,0.350058192473202,0.8146298208155183,0.8187131697850463,-6.6574956438426245
parent_human_capital,high h,1.8,1,1.1613600254898573,1.8,1.157021875793712,0.3567115209984066,0.348723452241125,0.8178053518322799,0.821904618217269,-6.640614760094748
parent_human_capital,high h,1.8,1,1.1750810252645967,1.8,1.1563063804071474,0.35676674689478355,0.34961787953195145,0.8216890170438341,0.8258077503817071,-6.623610610155816
parent_human_capital,high h,1.8,1,1.189060779242872,1.8,1.1571376040944865,0.3567025889631007,0.3485787841459601,0.8250421724009479,0.8291777134999933,-6.606425569995292
parent_human_capital,high h,1.8,1,1.2033046520181812,1.8,1.1564408650416884,0.3567558032229433,0.34944793740064795,0.8290139387079577,0.8331693883684657,-6.589112184273548
parent_human_capital,high h,1.8,1,1.217818137019287,1.8,1.1569695268124178,0.3567155715239048,0.34878892492503377,0.8325742346906393,0.836747530409026,-6.571607063087507
parent_human_capital,high h,1.8,1,1.2326068598504607,1.8,1.1566278466573539,0.35674194121234204,0.34921604287063435,0.8365104096944768,0.8407034355721765,-6.553966159452758
parent_human_capital,high h,1.8,1,1.247676581725918,1.8,1.1566868086591269,0.3567374316151557,0.34914246977397745,0.8403444026806679,0.8445566465281856,-6.536133746792335
parent_human_capital,high h,1.8,1,1.2630332030012734,1.8,1.1567178724259182,0.3567350093724208,0.34910355794072523,0.8442384846135661,0.8484702476280007,-6.518182915419269
parent_human_capital,high h,1.8,1,1.2786827668049243,1.8,1.1568388851149378,0.3567250551917439,0.3489502937063124,0.8481478701047946,0.8523992289955514,-6.500029441673451
parent_human_capital,high h,1.8,1,1.294631462772364,1.8,1.1567445231153504,0.35673293512836013,0.3490701867005366,0.8521916741827018,0.8564633027257506,-6.4817551701177445
parent_human_capital,high h,1.8,1,1.31088563088653,1.8,1.1566569447228054,0.3567397172016881,0.3491797390106639,0.8562842962372301,0.8605764391336969,-6.4632707223204875
parent_human_capital,high h,1.8,1,1.3274517654273796,1.8,1.1568187505362197,0.35672721222474113,0.3489774170719414,0.8603329550862696,0.8646453919696697,-6.4446670314293275
parent_human_capital,high h,1.8,1,1.3443365190339982,1.8,1.1570752480115702,0.3567068033972309,0.3486547949954577,0.8643967998921147,0.8687296068823736,-6.425862071046601
parent_human_capital,high h,1.8,1,1.3615467068826452,1.8,1.156731567681077,0.3567333854597877,0.34908460120863516,0.8687484431333466,0.8731030628261247,-6.4069141231487885
parent_human_capital,high h,1.8,1,1.3790893109842512,1.8,1.1571365163952587,0.3567020770557946,0.34857821326551597,0.872862167951593,0.8772374077758324,-6.3877764008795985
parent_human_capital,high h,1.8,1,1.3969714846049992,1.8,1.15688369794681,0.3567216407569567,0.34889441810572985,0.8772887190191482,0.881686147022949,-6.368491409111254
parent_human_capital,high h,1.8,1,1.4152005568137338,1.8,1.1570873300020008,0.3567064739107257,0.3486416454687504,0.8815921292938335,0.8860111282314027,-6.349038629751269
parent_human_capital,high h,1.8,1,1.4337840371600625,1.8,1.156920702526432,0.35671932958723584,0.34884992533621195,0.8860979681571705,0.8905395527060311,-6.329393071744068
parent_human_capital,high h,1.8,1,1.4527296204871472,1.8,1.1570428325045028,0.35670991289705345,0.34869728528195065,0.8905468389392267,0.8950107235456833,-6.309583206207391
parent_human_capital,high h,1.8,1,1.4720451918832933,1.8,1.1570973555933106,0.35670570553394265,0.3486291303366635,0.8950806002115556,0.8995672103909612,-6.289592374620885
parent_human_capital,high h,1.8,1,1.4917388317766058,1.8,1.1571279889909798,0.35670278719518156,0.3485890415214087,0.8996823442582311,0.9041920207756604,-6.269454824908283
parent_human_capital,high h,1.8,1,1.5118188211770927,1.8,1.1568249895341152,0.35666926892257317,0.3487834417750218,0.904427663433862,0.9089611259626437,-6.249129878949337
parent_human_capital,high h,1.8,1,1.5322936470707536,1.8,1.1569666576544368,0.3567157865989135,0.3487924909260429,0.9091576278843414,0.9137147994585954,-6.228639486734316
parent_human_capital,high h,1.8,1,1.5531720079703377,1.8,1.1563009759837402,0.35676245841197735,0.34960938927106633,0.9142206762382898,0.9188032264480301,-6.207931479315113
parent_human_capital,high h,1.8,1,1.5744628196276003,1.8,1.1574376228990748,0.35667885826164814,0.3482018778686654,0.9186209569624247,0.9232255636710819,-6.187082854200928
parent_human_capital,high h,1.8,1,1.5961752209120554,1.8,1.1565332267263755,0.35674869770248174,0.3493325538296652,0.9239136541218956,0.9285447905854671,-6.16603654476944
parent_human_capital,high h,1.8,1,1.618318579861377,1.8,1.15731420758874,0.35668841597816325,0.34835626018050914,0.9285796759842536,0.9332342009797406,-6.144843538168015
parent_human_capital,high h,1.8,1,1.6409024999087747,1.8,1.1563954965937842,0.35675931625794705,0.3495046880819642,0.9340108298021585,0.9386925785694485,-6.12341873332366
parent_human_capital,high h,1.8,1,1.6639368262928396,1.8,1.1571572329450417,0.3567010892338725,0.34855429617270506,0.9388140746734303,0.9435198998058301,-6.101864835832247
parent_human_capital,high h,1.8,1,1.6874316526555453,1.8,1.1575873097014215,0.3566679216608273,0.348016756479659,0.9438190263265787,0.9485499388835401,-6.080065381446038
parent_human_capital,high h,1.8,1,1.7113973278342638,1.8,1.1570424214760362,0.3567099526222805,0.34869782502015295,0.9492992653264373,0.9540576476957002,-6.058141881318635
parent_human_capital,high h,1.8,1,1.7358444628538618,1.8,1.157332571762497,0.3566870175500407,0.348333365099635,0.9544981360453505,0.9592825778625372,-6.0359891959015535
parent_human_capital,high h,1.8,1,1.7607839381251333,1.8,1.1569552318540335,0.35671669060025113,0.34880684569078,0.9600492330690652,0.9648614998758759,-6.013673567760364
parent_human_capital,high h,1.8,1,1.7862269108560356,1.8,1.1573593980800885,0.35668495577877746,0.3482998586431507,0.9653395031706941,0.9701782875667411,-5.9911547439311
parent_human_capital,high h,1.8,1,1.8121848226824113,1.8,1.1572766872146714,0.3566913131038662,0.3484031672418553,0.9709085147233808,0.9757752139060019,-5.968460032389935
parent_human_capital,high h,1.8,1,1.8386694075250942,1.8,1.157156144937478,0.3567011888657369,0.34855570698750954,0.9765676220118743,0.9814626875878245,-5.945562710420569
parent_human_capital,high h,1.8,1,1.8656926996805347,1.8,1.1571007537645126,0.35670487725052225,0.34862304852717974,0.9822720615002091,0.9871957206980858,-5.922478047243763
parent_human_capital,high h,1.8,1,1.8932670421523103,1.8,1.1570934307174243,0.3567060235792981,0.3486340856795016,0.9880321773207024,0.9929847092192818,-5.8991981947477665
parent_human_capital,high h,1.8,1,1.921405095231136,1.8,1.1576409829901202,0.35675109706291724,0.3482325714937318,0.9937114497196664,0.998692449089612,-5.8757256265189355
parent_human_capital,high h,1.8,1,1.9501198453312445,1.8,1.157713782651249,0.3566574397615643,0.3478563221762192,0.9995028554063538,1.004512884318109,-5.852060049736357
parent_human_capital,high h,1.8,1,1.979424614091259,1.8,1.157594890749488,0.3566673198935652,0.34800722570566334,1.0055430839433455,1.010583389626638,-5.828184637861584
parent_human_capital,high h,1.8,1,2.009333067747975,1.8,1.1578108614491112,0.35665065498734727,0.34773726070989397,1.0115148394157352,1.0165850786479003,-5.80411627895361
parent_human_capital,high h,1.8,1,2.0398592267917226,1.8,1.1580039452529722,0.35663506069198797,0.34749365138906907,1.0175759731188991,1.022676593910183,-5.7798687251560255
parent_human_capital,high h,1.8,1,2.071017475912293,1.8,1.15742168715923,0.3566806831072512,0.3482237261082639,1.0240657726665114,1.0291989237134012,-5.755407998735905
parent_human_capital,high h,1.8,1,2.1028225742447084,1.8,1.1577087039750462,0.3566579957642278,0.3478632023010516,1.030250461489333,1.035414613417956,-5.730744748759443
parent_human_capital,high h,1.8,1,2.135289665924415,1.8,1.1573284454355695,0.3566873268551356,0.34833849357506974,1.0368195793259656,1.0420166590947724,-5.705841886177066
parent_human_capital,high h,1.8,1,2.168434290961828,1.8,1.1575952330080153,0.35666730845241557,0.3480068463778112,1.0431839861492187,1.048412967639985,-5.680800773293875
parent_human_capital,high h,1.8,1,2.2022723964464688,1.8,1.1584730082116503,0.35659894482686305,0.34690757302738584,1.0493546049810283,1.0546145168274046,-5.65549724969568
parent_human_capital,high h,1.8,1,2.23682034809129,1.8,1.1573907688957774,0.3566830612546287,0.34826234956921964,1.0565083331860219,1.061804103244248,-5.630029067575787
parent_human_capital,high h,1.8,1,2.2720949421281498,1.8,1.1580905755369582,0.35662854382839754,0.3473859064670499,1.0629360396608465,1.0682640287318557,-5.604323635994646
parent_human_capital,high h,1.8,1,2.308113417565749,1.8,1.157366395936467,0.356684399776114,0.34829105933814225,1.0701104441700475,1.075474395093313,-5.578384795253992
parent_human_capital,high h,1.8,1,2.344893468821764,1.8,1.1581219304389614,0.356626110144513,0.3473466664292606,1.0766934866613436,1.082090435222415,-5.552286214194666
parent_human_capital,high h,1.8,1,2.382453258741261,1.8,1.1574934296538038,0.35667461824432956,0.348132333457824,1.0840134944189304,1.0894471346715775,-5.525937190112312
parent_human_capital,high h,1.8,1,2.4208114320139376,1.8,1.157673502928132,0.3566612365184746,0.34790890339172564,1.0910530251912767,1.0965219512387605,-5.499409458077301
parent_human_capital,high h,1.8,1,2.4599871290031343,1.8,1.1578986750384435,0.3566433468646744,0.3476257688031017,1.098166333391525,1.1036709150447421,-5.472609806365783
parent_human_capital,high h,1.8,1,2.5,1.8,1.1580232681643352,0.3566337090601118,0.34746994919042684,1.1054253319568577,1.1109662994918017,-5.445645787985714
parent_human_capital,high h,1.8,2,0.5,1.8,0.9206709373347908,0.3809008204925773,0.7251536539809573,0.6972972774326543,0.700792494580989,-8.37135930215661
parent_human_capital,high h,1.8,2,0.5000203210855501,1.8,0.9206643924400539,0.3809053654448605,0.7251756608033613,0.6973089859716203,0.7008042618092508,-8.371204868534443
parent_human_capital,high h,1.8,2,0.5000812892976928,1.8,0.9206982645472316,0.38085501398727184,0.7249704930374671,0.6973155475360652,0.7008108562636743,-8.37074165874565
parent_human_capital,high h,1.8,2,0.5001829195049198,1.8,0.9211179459220278,0.3809015703571914,0.7247091964331374,0.697315972722077,0.7008112835809399,-8.369970182014836
parent_human_capital,high h,1.8,2,0.5003252364947652,1.8,0.9211233293928658,0.38087181721893343,0.7246025927859459,0.6973704920103329,0.7008660761482655,-8.368890903347133
parent_human_capital,high h,1.8,2,0.5005082749838822,1.8,0.9210966413488755,0.3808738005713903,0.7246360281949944,0.6974585721218576,0.7009545977631865,-8.367503109043874
parent_human_capital,high h,1.8,2,0.500732079632158,1.8,0.921063981883436,0.38087621137297556,0.724676889207427,0.6975662473342403,0.7010628126998173,-8.365806587682515
parent_human_capital,high h,1.8,2,0.5009967050608752,1.8,0.9210302295844401,0.380874979554374,0.72470645085954,0.6976914959242103,0.7011886891009572,-8.363801147046958
parent_human_capital,high h,1.8,2,0.5013022158749305,1.8,0.9209823355561781,0.38088221362837077,0.7247789552075392,0.697840169348932,0.7013381077543216,-8.361486557498468
parent_human_capital,high h,1.8,2,0.5016486866891229,1.8,0.92093183409612,0.3808859417383832,0.7248421396978598,0.6980067120012556,0.7015054852051639,-8.358862543389161
parent_human_capital,high h,1.8,2,0.502036202158526,1.8,0.9208753391686137,0.38089017905481265,0.7249130499758589,0.6981929411230702,0.7016926478043363,-8.355928799698148
parent_human_capital,high h,1.8,2,0.502464857012963,1.8,0.9208167993730532,0.38089017905481265,0.7249715897714195,0.6983967586653419,0.7018974869862901,-8.352684985189937
parent_human_capital,high h,1.8,2,0.5029347560956027,1.8,0.9207732800200792,0.3808976652281561,0.7250405770861077,0.6986195118424923,0.7021213567183875,-8.349131013358965
parent_human_capital,high h,1.8,2,0.5034460144056994,1.8,0.9206989975392151,0.38090312292203754,0.7251334266415567,0.6988648059753435,0.7023678803931962,-8.345266306724202
parent_human_capital,high h,1.8,2,0.5039987571454999,1.8,0.9206187609296761,0.3809090309473465,0.7252337623531966,0.6991298586561833,0.7026342616561275,-8.341090321780175
parent_human_capital,high h,1.8,2,0.5045931197713469,1.8,0.920536375477679,0.3809108557929496,0.7253223559299355,0.699412669746426,0.7029184903428594,-8.336602572035103
parent_human_capital,high h,1.8,2,0.5052292480490046,1.8,0.9204442271216351,0.38091759814105053,0.7254374417542189,0.6997173098754922,0.7032246574869271,-8.331802534436948
parent_human_capital,high h,1.8,2,0.5059072981132409,1.8,0.9203424055252846,0.38092926609431643,0.7255789577275801,0.7000438038366411,0.7035527880058667,-8.326689649202214
parent_human_capital,high h,1.8,2,0.5066274365316988,1.8,0.9210583410357625,0.38087292215324103,0.7246713401295637,0.7002475945752683,0.7037576002498224,-8.321276083719088
parent_human_capital,high h,1.8,2,0.507389840373095,1.8,0.9209448317458493,0.3808851205259821,0.724826348283542,0.7006137271645956,0.7041255680863908,-8.315553375039745
parent_human_capital,high h,1.8,2,0.5081946972797818,1.8,0.9208327400175464,0.3808890256550174,0.7249517252608226,0.7009959004770704,0.7045096570505665,-8.309516888040447
parent_human_capital,high h,1.8,2,0.5090422055447187,1.8,0.9210795225489559,0.38087508085547955,0.7246575025213855,0.7013387505633176,0.7048542256800225,-8.303172302514401
parent_human_capital,high h,1.8,2,0.5099325741928927,1.8,0.921025910621484,0.3808790583639496,0.7247246459326726,0.7017504031065142,0.7052679416401787,-8.29651589511406
parent_human_capital,high h,1.8,2,0.5108660230672385,1.8,0.9208920024518331,0.3808889199837815,0.7248921033329917,0.7021948120137106,0.7057145781562925,-8.289545479826682
parent_human_capital,high h,1.8,2,0.5118427829191048,1.8,0.9207558768099753,0.3808946641004585,0.7250477704597846,0.7026573371600756,0.7061794217196017,-8.282258773770998
parent_human_capital,high h,1.8,2,0.5128630955033207,1.8,0.9206099239091705,0.38090545530481645,0.7252304350378151,0.7031421393700129,0.706666654010729,-8.27465492239677
parent_human_capital,high h,1.8,2,0.5139272136779165,1.8,0.9209621275633988,0.3808838146587045,0.7248046099055139,0.703562548484158,0.7070891704343282,-8.266741571246186
parent_human_capital,high h,1.8,2,0.5150354015085564,1.8,0.9208080830672809,0.3808908619417701,0.7249826292586208,0.7040858251422628,0.707615070027597,-8.258516526826586
parent_human_capital,high h,1.8,2,0.5161879343777439,1.8,0.9206739449331727,0.38090070775032203,0.725150262833423,0.7046264532900239,0.7081584080852259,-8.249973003274222
parent_human_capital,high h,1.8,2,0.5173850990988615,1.8,0.9205019755493249,0.380917335632202,0.7253788002714263,0.7051942725365479,0.7087290735375675,-8.24110930320678
parent_human_capital,high h,1.8,2,0.5186271940351138,1.8,0.9215033714306389,0.38084006825542105,0.7241145407743035,0.705578310658578,0.7091150366586951,-8.23195109932333
parent_human_capital,high h,1.8,2,0.5199145292234401,1.8,0.9213178880234405,0.38085754023200136,0.7243594638458279,0.706187349727154,0.7097271285483066,-8.222485809356916
parent_human_capital,high h,1.8,2,0.5212474265034702,1.8,0.921129855142206,0.3808713783286555,0.72459457393188,0.7068151858788749,0.7103581117418343,-8.212698410131619
parent_human_capital,high h,1.8,2,0.5226262196515982,1.8,0.920966185915185,0.3808834067533931,0.7247991638598585,0.7074585244759967,0.7110046750870936,-8.202588381592395
parent_human_capital,high h,1.8,2,0.5240512545202515,1.8,0.920769896066527,0.3808936789794255,0.7250303998214785,0.708125847541194,0.7116753431230752,-8.192154451776217
parent_human_capital,high h,1.8,2,0.5255228891824385,1.8,0.9206386583881214,0.38090332822513784,0.7251944642337975,0.7088032079148001,0.7123560987796835,-8.181396176938161
parent_human_capital,high h,1.8,2,0.5270414940816569,1.8,0.9209200330307823,0.38090356618244575,0.7249138991218982,0.7094364801458709,0.7129925453010222,-8.170313872035187
parent_human_capital,high h,1.8,2,0.5286074521872524,1.8,0.9210731840110424,0.3808711430722366,0.7246504447207063,0.7100978016205503,0.7136571816633881,-8.158934002694748
parent_human_capital,high h,1.8,2,0.5302211591553182,1.8,0.9217116007751865,0.380828598534236,0.7238672914382845,0.7107039443355885,0.7142663626814292,-8.147240957013135
parent_human_capital,high h,1.8,2,0.5318830234952302,1.8,0.9214811517890131,0.3808455303194328,0.7241553423576972,0.7114783281743338,0.7150446281353194,-8.135247742464806
parent_human_capital,high h,1.8,2,0.5335934667419154,1.8,0.9212446757440386,0.3808629864847331,0.7244512042770236,0.7122740251088847,0.7158443135173526,-8.122924339220587
parent_human_capital,high h,1.8,2,0.5353529236339561,1.8,0.921003589581791,0.38088071930092066,0.7247526174799412,0.7130908349485121,0.7166652176333393,-8.110269294234593
parent_human_capital,high h,1.8,2,0.537161842297634,1.8,0.9207901984522344,0.3808921819510864,0.7250050045453613,0.7139218933093733,0.7175004416915697,-8.097282428821925
parent_human_capital,high h,1.8,2,0.5390206844370244,1.8,0.9208884124107961,0.38088927942360534,0.7248969161883092,0.714722452370232,0.7183050135714202,-8.08397492204724
parent_human_capital,high h,1.8,2,0.5409299255302531,1.8,0.9207033268386106,0.3809024814295484,0.7251269149847132,0.7155909837212979,0.7191778984540003,-8.070336235976658
parent_human_capital,high h,1.8,2,0.5428900550320312,1.8,0.9218013582219775,0.3808182963548849,0.7237424859773409,0.7162569262767217,0.7198471790603743,-8.05640241504554
parent_human_capital,high h,1.8,2,0.5449015765825912,1.8,0.9215570181838764,0.3808400012777644,0.724060666163078,0.7171784790116665,0.7207733510976261,-8.04216569463031
parent_human_capital,high h,1.8,2,0.5469650082231464,1.8,0.9212813591768787,0.38085613306361815,0.7243912055055504,0.7181237753600301,0.7217233857636541,-8.027590237724496
parent_human_capital,high h,1.8,2,0.5490808826180046,1.8,0.921354096940953,0.3808548827328476,0.7243142141161947,0.7190323155496129,0.7226364800298888,-8.012683682192028
parent_human_capital,high h,1.8,2,0.5512497472834679,1.8,0.9210951963545961,0.380874015646399,0.7246382048744533,0.7200182613700886,0.7236273679243559,-7.997446531137356
parent_human_capital,high h,1.8,2,0.5534721648236569,1.8,0.920802757287316,0.38089127524885963,0.7249893611093047,0.7210298585556417,0.724644035761903,-7.981866662241422
parent_human_capital,high h,1.8,2,0.5557487131734017,1.8,0.9213473431401409,0.38085507826403947,0.7243216331141216,0.7219196766907833,0.7255383141290079,-7.965963176642308
parent_human_capital,high h,1.8,2,0.5580799858483445,1.8,0.921639937477508,0.38082967788535527,0.7239426266884704,0.7228720529228991,0.7264954641668533,-7.949771675385485
parent_human_capital,high h,1.8,2,0.5604665922024078,1.8,0.9217200948573052,0.3808279641127662,0.7238566390543255,0.7238856723927258,0.7275141644254159,-7.933256710225953
parent_human_capital,high h,1.8,2,0.5629091576927818,1.8,0.9213976172297611,0.38085170625536835,0.7242598874510022,0.7249899860648181,0.7286240134928249,-7.9164004284187355
parent_human_capital,high h,1.8,2,0.5654083241525933,1.8,0.9210725662340298,0.38087145674746176,0.724652129620835,0.7261152278876551,0.7297548956137707,-7.899192822107979
parent_human_capital,high h,1.8,2,0.5679647500714233,1.8,0.9215231642752236,0.38096045905516535,0.7245043174304487,0.7271689512528773,0.730813900789341,-7.881635164587859
parent_human_capital,high h,1.8,2,0.5705791108838415,1.8,0.9216624869430764,0.38082798969595455,0.723914334002561,0.7282169879298629,0.7318671907720316,-7.86378596292755
parent_human_capital,high h,1.8,2,0.5732520992661372,1.8,0.9218410352582339,0.380819117567286,0.7237056027056731,0.7293227573626578,0.732978502897174,-7.845626526223994
parent_human_capital,high h,1.8,2,0.5759844254414287,1.8,0.9215989346059996,0.38083688200603344,0.7240081379785264,0.7305233858977697,0.7341851496078625,-7.82712279802838
parent_human_capital,high h,1.8,2,0.578776817493336,1.8,0.9212427653719254,0.38085895614064513,0.7244394034185494,0.7317652727507484,0.7354332614445969,-7.808262524571493
parent_human_capital,high h,1.8,2,0.5816300216884137,1.8,0.9213810742091177,0.3807040434350904,0.7237740815570599,0.7328950013862724,0.7365686528684718,-7.789048400538729
parent_human_capital,high h,1.8,2,0.5845448028075416,1.8,0.9217817978073682,0.3808234888390287,0.7237797112230077,0.7341004268655412,0.7377801205681,-7.769553949787484
parent_human_capital,high h,1.8,2,0.5875219444864789,1.8,0.9219356099600067,0.38081212041894935,0.7235872237052592,0.7353217869142249,0.7390076027095046,-7.749707042971091
parent_human_capital,high h,1.8,2,0.5905622495657936,1.8,0.9215505430126942,0.3808405175552008,0.7240688977100991,0.7366616930394971,0.7403542251421794,-7.729522943902008
parent_human_capital,high h,1.8,2,0.5936665404503856,1.8,0.9216538530950935,0.38083291697036087,0.7239397304380744,0.7379382217813569,0.7416371525109854,-7.708984762366711
parent_human_capital,high h,1.8,2,0.5968356594788269,1.8,0.922139766608487,0.3807933409058502,0.7233191791532154,0.739168663875421,0.7428737622217122,-7.688124564716527
parent_human_capital,high h,1.8,2,0.600070469302753,1.8,0.9217360822638541,0.3808226948790573,0.7238227257146987,0.7405819959971506,0.7442941787001832,-7.666935108289316
parent_human_capital,high h,1.8,2,0.6033718532765401,1.8,0.921894691324293,0.3808152767150183,0.723638880060199,0.7419204566908587,0.745639348456038,-7.645380730907056
parent_human_capital,high h,1.8,2,0.6067407158575169,1.8,0.9218630764749048,0.38081754378938176,0.7236782074965719,0.7433151617549106,0.7470410445083163,-7.623503938627044
parent_human_capital,high h,1.8,2,0.6101779830169621,1.8,0.9223186169710542,0.3808365612597888,0.7232873644347475,0.7446647503347964,0.7483973979291103,-7.601264822728168
parent_human_capital,high h,1.8,2,0.6136846026621482,1.8,0.9220159387278888,0.38080624774873706,0.7234869161133148,0.7461380631869025,0.7498780957926199,-7.578725393381373
parent_human_capital,high h,1.8,2,0.6172615450697004,1.8,0.921969372878375,0.38080973083042213,0.723545331406721,0.7476079759472913,0.7513553765213818,-7.555804601001878
parent_human_capital,high h,1.8,2,0.6209098033305457,1.8,0.9221060898398593,0.38079967097850936,0.7233743908290294,0.7490694594425047,0.7528241857331005,-7.532549445543159
parent_human_capital,high h,1.8,2,0.6246303938067362,1.8,0.9216609992720559,0.3808282549056921,0.7239167239171085,0.7506588914416884,0.7544215847933348,-7.50893752127414
parent_human_capital,high h,1.8,2,0.6284243566004422,1.8,0.9221036450937923,0.38079571198220835,0.7233633670696806,0.7521148130774371,0.7558848042666524,-7.4850092352936475
parent_human_capital,high h,1.8,2,0.6322927560354111,1.8,0.9221509199557968,0.3807963719868665,0.7233183375435231,0.7536683984903163,0.7574461770588203,-7.460726293101601
parent_human_capital,high h,1.8,2,0.6362366811512086,1.8,0.9216863803879458,0.3808264186189394,0.723885095753686,0.7553369836419449,0.7591231260283272,-7.436063824538575
parent_human_capital,high h,1.8,2,0.6402572462105554,1.8,0.9219005144114718,0.38069397818139944,0.7232203993616493,0.75686915065735,0.7606629730628571,-7.411051421510258
parent_human_capital,high h,1.8,2,0.6443555912200942,1.8,0.9226173310400021,0.380762013989688,0.7227350405529165,0.7584181128105829,0.7622196994211935,-7.385741357662381
parent_human_capital,high h,1.8,2,0.6485328824649206,1.8,0.9222089419706565,0.3807920693620215,0.7232456779989405,0.7601552784577561,0.7639655726474094,-7.3600587655985485
parent_human_capital,high h,1.8,2,0.652790313057229,1.8,0.9217573273170406,0.38082120492173754,0.7237964118267105,0.7619251926080163,0.7657443585292671,-7.333981900862807
parent_human_capital,high h,1.8,2,0.6571291034994325,1.8,0.9231251664004463,0.380724636352643,0.722100046471245,0.7633922168783182,0.7672187362893252,-7.307555321469612
parent_human_capital,high h,1.8,2,0.6615505022621248,1.8,0.9226574470558386,0.38075903574428965,0.722684792546235,0.7652194157866732,0.7690550940703227,-7.2808496642916705
parent_human_capital,high h,1.8,2,0.6660557863772645,1.8,0.9221470147336129,0.38079257689919743,0.7233093318774569,0.7670800290770476,0.7709250337236264,-7.253733929836574
parent_human_capital,high h,1.8,2,0.6706462620469753,1.8,0.9221533481910276,0.3807922447118031,0.7233018683185268,0.768874482063051,0.7727284814426532,-7.226210273906697
parent_human_capital,high h,1.8,2,0.6753232652683625,1.8,0.9231043434505168,0.3807261818464697,0.722126127191173,0.7705235418580948,0.7743858071843182,-7.198400448477333
parent_human_capital,high h,1.8,2,0.6800881624747613,1.8,0.9225756127680931,0.3807611116575916,0.7227736890910335,0.7724695340398479,0.7763415536924744,-7.170240524959371
parent_human_capital,high h,1.8,2,0.6849423511938463,1.8,0.9224845862309868,0.3807718685385006,0.7229013105369922,0.7743654805145305,0.7782470036384097,-7.141661867296247
parent_human_capital,high h,1.8,2,0.6898872607230374,1.8,0.9229507938796322,0.38073753612451045,0.7223183040159522,0.7761847507894906,0.780075393043572,-7.112713831817503
parent_human_capital,high h,1.8,2,0.6949243528226603,1.8,0.9229999441206637,0.3807338962052127,0.7222567707694699,0.7781092120091325,0.7820095006652205,-7.083469020178323
parent_human_capital,high h,1.8,2,0.7000551224273222,1.8,0.9228617810196174,0.3807401636703455,0.722416255786898,0.7800954850013785,0.7840057298922726,-7.053827510717154
parent_human_capital,high h,1.8,2,0.7052810983759861,1.8,0.9223365099813579,0.38077863209965956,0.7230723964216839,0.7821839374107052,0.7861046507128648,-7.023793821451476
parent_human_capital,high h,1.8,2,0.7106038441612367,1.8,0.9227041677843332,0.3807516333915306,0.722612889013654,0.7841351015195428,0.7880655950724981,-6.993405813540845
parent_human_capital,high h,1.8,2,0.7160249586982449,1.8,0.923189289551906,0.3807199628468245,0.722020024052991,0.7860945538469288,0.7900348691955481,-6.962674414875638
parent_human_capital,high h,1.8,2,0.7215460771139571,1.8,0.922647810736495,0.38075579499004286,0.7226834038196308,0.7882727101882379,0.792223943590953,-6.931556144157193
parent_human_capital,high h,1.8,2,0.7271688715570458,1.8,0.9230023724471124,0.380733792203218,0.7222539886282353,0.7903155259237314,0.7942769989829327,-6.9000430852842705
parent_human_capital,high h,1.8,2,0.7328950520291776,1.8,0.9234414456959789,0.38070140881823594,0.7217047471036601,0.7923705833451336,0.7963423574225269,-6.868174098555526
parent_human_capital,high h,1.8,2,0.7387263672381705,1.8,0.9229187718134912,0.3807358822585587,0.7223446996301253,0.7946357437121466,0.7986188719531295,-6.835951808910137
parent_human_capital,high h,1.8,2,0.7446646054736273,1.8,0.923307396000449,0.38070764633005005,0.7218600168143812,0.7967610102126117,0.8007547913962598,-6.803305489811641
parent_human_capital,high h,1.8,2,0.7507115955056528,1.8,0.9231190830415699,0.38072118759440676,0.7220943971546019,0.7990259775437342,0.8030311119233755,-6.770324471600379
parent_human_capital,high h,1.8,2,0.7568692075072764,1.8,0.9231882329851785,0.38072011261341776,0.7220215901256689,0.801274884425837,0.8052912914981357,-6.736945665994107
parent_human_capital,high h,1.8,2,0.7631393540012239,1.8,0.9235214092696749,0.3806959326121855,0.7216061534769802,0.8035035182768832,0.8075310964228481,-6.703158805951719
parent_human_capital,high h,1.8,2,0.7695239908317001,1.8,0.923319364623095,0.3807065000012742,0.7218441483812397,0.8058641574237383,0.8099035683226684,-6.66905862236609
parent_human_capital,high h,1.8,2,0.7760251181618615,1.8,0.9232919030306562,0.3807124282079934,0.7218917777329371,0.8082266225654412,0.8122778753701738,-6.634510789944589
parent_human_capital,high h,1.8,2,0.7826447814976824,1.8,0.9241414431369388,0.38064637241367927,0.7208175158143981,0.8104503585554694,0.8145127578832378,-6.59957675774527
parent_human_capital,high h,1.8,2,0.7893850727389358,1.8,0.9235202331342087,0.3806956347482402,0.7216063162793045,0.8129917514695703,0.8170668895823324,-6.564331194001361
parent_human_capital,high h,1.8,2,0.7962481312580323,1.8,0.922849733969944,0.38074469448059,0.7224437166530231,0.8155747380800866,0.8196628234671137,-6.528602018902777
parent_human_capital,high h,1.8,2,0.8032361450074849,1.8,0.9242368351125098,0.3806429280255734,0.7207104060304911,0.8177941354569556,0.8218933456196296,-6.492518678691801
parent_human_capital,high h,1.8,2,0.8103513516567865,1.8,0.923639293377094,0.380682958791642,0.7214441324320722,0.8204291246299393,0.8245415427308072,-6.456096657737858
parent_human_capital,high h,1.8,2,0.8175960397595149,1.8,0.9234399600504837,0.3807016696578432,0.7217071201254988,0.8230242740494759,0.8271497003909424,-6.419196489884698
parent_human_capital,high h,1.8,2,0.8249725499515008,1.8,0.9243304856746506,0.38063238621967316,0.7205808922446777,0.8254387147227032,0.829576243498408,-6.38193372946031
parent_human_capital,high h,1.8,2,0.8324832761809209,1.8,0.9237543925924752,0.3806784209103782,0.7213135953446312,0.8281764255853109,0.8323276771938215,-6.344311723677752
parent_human_capital,high h,1.8,2,0.8401306669712053,1.8,0.923499140832971,0.3806932724121427,0.7216193719131382,0.8308841056706079,0.8350489295820267,-6.306237340024889
parent_human_capital,high h,1.8,2,0.8479172267176741,1.8,0.9244226400542817,0.38062925113666224,0.7204780723126432,0.8333989858177331,0.8375764156183482,-6.267772306242445
parent_human_capital,high h,1.8,2,0.8558455170188431,1.8,0.9241542912623208,0.38064900432964466,0.7208136214671301,0.836182081089043,0.8403734612127592,-6.2289421403748815
parent_human_capital,high h,1.8,2,0.8639181580433734,1.8,0.9235580236979685,0.3806889654171675,0.7215458366512356,0.8390649456570978,0.8432707761995961,-6.189660784073834
parent_human_capital,high h,1.8,2,0.8721378299336601,1.8,0.924425239942437,0.38062909866917993,0.7204749537301133,0.8416983187417375,0.8459173491217533,-6.149987141617211
parent_human_capital,high h,1.8,2,0.8805072742470966,1.8,0.9241894557866825,0.3806464323203166,0.7207697069670347,0.8445853292474359,0.8488188308278328,-6.109951962001428
parent_human_capital,high h,1.8,2,0.88902929543607,1.8,0.9235233907988876,0.38069154719840403,0.7215892527700831,0.8475941814676455,0.8518427649825592,-6.069417190367667
parent_human_capital,high h,1.8,2,0.8977067623677852,1.8,0.9249013204714036,0.3805940604859331,0.719879673301741,0.850236511791399,0.8544983400421778,-6.028541436275445
parent_human_capital,high h,1.8,2,0.9065426098850453,1.8,0.9241299458052951,0.3806507807097601,0.7208440101693087,0.8533445449614403,0.8576219522933157,-5.987265887327881
parent_human_capital,high h,1.8,2,0.9155398404091444,1.8,0.9245220528283302,0.3806183559303097,0.7203415940465834,0.856257072350475,0.8605490787866414,-5.945475591749716
parent_human_capital,high h,1.8,2,0.9247015255860773,1.8,0.9248172117367401,0.380600275115448,0.7199849242060137,0.8592305764505264,0.8635374876380199,-5.9033923923316145
parent_human_capital,high h,1.8,2,0.9340308079772923,1.8,0.9240779124320844,0.3806507480555524,0.720895932452905,0.8624493846328329,0.8667724301634826,-5.860823399484791
parent_human_capital,high h,1.8,2,0.9435309027962627,1.8,0.9248791167645655,0.38059571165099576,0.7199074942721223,0.8654000089562879,0.8697378445529073,-5.817829820662553
parent_human_capital,high h,1.8,2,0.9532050996921831,1.8,0.9247379142971286,0.3806060808080035,0.7200839726116994,0.8685801483232973,0.8729339244348295,-5.774455094774449
parent_human_capital,high h,1.8,2,0.9630567645821445,1.8,0.9244066318411044,0.3806266165198078,0.7204851175592817,0.8718386304324752,0.8762087397535496,-5.730589790412006
parent_human_capital,high h,1.8,2,0.9730893415331738,1.8,0.9246861428843509,0.3806060835088926,0.7201357532129018,0.8750155738664153,0.8794016076827215,-5.686365345471677
parent_human_capital,high h,1.8,2,0.9833063546955787,1.8,0.924560950954336,0.3806152279183181,0.7202920544237823,0.8783170042423363,0.8827195865472677,-5.6416719008456075
parent_human_capital,high h,1.8,2,0.9937114102890687,1.8,0.9253196371043786,0.38056328957243435,0.7193566740210433,0.8814806675297578,0.8858991077629095,-5.596569249418027
parent_human_capital,high h,1.8,2,1.0043081986431819,1.8,0.9244769165971428,0.3806214583591129,0.7203972847405594,0.8850136956742689,0.8894498452846918,-5.551012617648029
parent_human_capital,high h,1.8,2,1.0151004962935855,1.8,0.9248788634997892,0.380591979170853,0.7198950496394526,0.8883350773808802,0.8927878754863895,-5.505031453112585
parent_human_capital,high h,1.8,2,1.0260921681358672,1.8,0.9250875953201276,0.3805765814383334,0.7196339347330827,0.891739863196342,0.8962097278617731,-5.458645250142476
parent_human_capital,high h,1.8,2,1.037287169638491,1.8,0.9253926729579224,0.38055794899093853,0.7192654695092505,0.8951702275832863,0.8996572870217624,-5.411753933886947
parent_human_capital,high h,1.8,2,1.0486895491166357,1.8,0.9256826766724353,0.38053660183864163,0.7189028427826234,0.8986467156029454,0.9031512010101375,-5.364473626768152
parent_human_capital,high h,1.8,2,1.0603034500686892,1.8,0.9253544816114931,0.3805608188642119,0.7193134241645558,0.9022980162416757,0.9068208038694834,-5.316744650691329
parent_human_capital,high h,1.8,2,1.0721331135772334,1.8,0.925111038545217,0.38056032713831595,0.7195551943793337,0.9059704334201331,0.9105116291156521,-5.268520007184218
parent_human_capital,high h,1.8,2,1.0841828807763967,1.8,0.9258827915373974,0.3805763646940835,0.7188380011518746,0.9095124126868587,0.9140713626273358,-5.21992296551741
parent_human_capital,high h,1.8,2,1.0964571953875313,1.8,0.9250284030658299,0.38058096415122594,0.719708036976641,0.9133916945329469,0.917970089454597,-5.170828306861516
parent_human_capital,high h,1.8,2,1.1089606063252093,1.8,0.9259906746094746,0.38051020926790496,0.7185050573199381,0.9169574476267507,0.9215537159601629,-5.121278914636248
parent_human_capital,high h,1.8,2,1.1216977703756155,1.8,0.9255748069308876,0.38054456456419444,0.7190378017165018,0.9208656011767575,0.9254814592113608,-5.071336810655961
parent_human_capital,high h,1.8,2,1.1346734549494641,1.8,0.9254620695841793,0.38041849392454063,0.7187216467471078,0.9247014657666753,0.9293365511525495,-5.020794803925357
parent_human_capital,high h,1.8,2,1.147892540911644,1.8,0.9261169830697317,0.3805009864396732,0.7183473727980366,0.9285312590593071,0.9331855413639479,-4.969981344938145
parent_human_capital,high h,1.8,2,1.1613600254898573,1.8,0.9252263500507936,0.38056647479017414,0.7194607971853788,0.9326894386764558,0.9373645639431646,-4.918570435829331
parent_human_capital,high h,1.8,2,1.1750810252645967,1.8,0.9266062619424453,0.3804686885445167,0.7177482164860007,0.936410187820452,0.9411039634198577,-4.866756046892084
parent_human_capital,high h,1.8,2,1.189060779242872,1.8,0.9257340762281285,0.3805328993118175,0.7188388472306748,0.9406675968283423,0.9453827127792073,-4.814477412723947
parent_human_capital,high h,1.8,2,1.2033046520181812,1.8,0.9264694215316054,0.3804750387985861,0.7179066604611843,0.9446265059431604,0.9493614660085435,-4.761644843799603
parent_human_capital,high h,1.8,2,1.217818137019287,1.8,0.9261408729531473,0.3805029654219998,0.7183302154124962,0.9488727462671281,0.9536289907007094,-4.708482280375578
parent_human_capital,high h,1.8,2,1.2326068598504607,1.8,0.9258348470607545,0.38052173182470794,0.718700084606902,0.953164715123925,0.9579424731409288,-4.654693325550703
parent_human_capital,high h,1.8,2,1.247676581725918,1.8,0.9266249883323334,0.38046733858188175,0.7177248975232284,0.9572729606755249,0.9620713113590517,-4.600574287229634
parent_human_capital,high h,1.8,2,1.2630332030012734,1.8,0.9263098616200542,0.3804868107538467,0.7181062685645325,0.9616758514134088,0.9664962716786007,-4.545873062826355
parent_human_capital,high h,1.8,2,1.2786827668049243,1.8,0.9265239180183054,0.38037598370998904,0.7175151785630773,0.9659781769838568,0.9708201627457146,-4.4907276414274975
parent_human_capital,high h,1.8,2,1.294631462772364,1.8,0.926674447710042,0.38046374275794137,0.7176632051524746,0.9704333502990315,0.975297667710064,-4.435113888254783
parent_human_capital,high h,1.8,2,1.31088563088653,1.8,0.9268890674925951,0.3804480003652301,0.7173950297499174,0.9748885857983213,0.9797752351702274,-4.378984553334369
parent_human_capital,high h,1.8,2,1.3274517654273796,1.8,0.9271221250215809,0.3804307619758275,0.7171033272201841,0.9793968739793121,0.9843061212397657,-4.322389850390278
parent_human_capital,high h,1.8,2,1.3443365190339982,1.8,0.9272959102266063,0.3804180163406835,0.716886181364399,0.9839765576036673,0.9889087606238175,-4.265270666982792
parent_human_capital,high h,1.8,2,1.3615467068826452,1.8,0.9275561865701557,0.3803988676158521,0.7165607610589732,0.9885954842333435,0.9935508397195729,-4.2076801524993765
parent_human_capital,high h,1.8,2,1.3790893109842512,1.8,0.9265587952280425,0.38046856166022275,0.7177952515400352,0.9935580008955729,0.9985382311000869,-4.149585458092348
parent_human_capital,high h,1.8,2,1.3969714846049992,1.8,0.9272987583579586,0.38041787801523985,0.7168828626498875,0.9981901069235511,1.0031935556561533,-4.091004200130049
parent_human_capital,high h,1.8,2,1.4152005568137338,1.8,0.9269625194566493,0.3804389071221813,0.7172906425730114,1.0031255189747876,1.0081537065632467,-4.031924269454938
parent_human_capital,high h,1.8,2,1.4337840371600625,1.8,0.9276052830098716,0.3803952805321724,0.7164994613605791,1.007902109071906,1.0129542394178634,-3.9723268736139934
parent_human_capital,high h,1.8,2,1.4527296204871472,1.8,0.9273528065442807,0.3804102148228735,0.7168027442831351,1.0129441531344412,1.018021556831436,-3.912226187953764
parent_human_capital,high h,1.8,2,1.4720451918832933,1.8,0.9280548497038477,0.3803621886770444,0.7159373161754576,1.0178326657105525,1.0229345731788064,-3.8516099285019116
parent_human_capital,high h,1.8,2,1.4917388317766058,1.8,0.9277223647035061,0.380386629517884,0.716352948916335,1.0230240385211697,1.0281519678539257,-3.790470983332278
parent_human_capital,high h,1.8,2,1.5118188211770927,1.8,0.9284280271042408,0.3803347440076182,0.7154707720096761,1.0280391278799594,1.033192195452738,-3.728829891989099
parent_human_capital,high h,1.8,2,1.5322936470707536,1.8,0.9273001160556549,0.38041412265279784,0.7168687292091633,1.0335484151597816,1.0387290981499708,-3.6666800319373327
parent_human_capital,high h,1.8,2,1.5531720079703377,1.8,0.9287833641716845,0.38030859376431986,0.7150264718145318,1.0385152240590254,1.043720803282427,-3.6039630094486226
parent_human_capital,high h,1.8,2,1.5744628196276003,1.8,0.927637536718498,0.3803929067549252,0.7164591320617574,1.044168572641396,1.0494024893924923,-3.540803990296486
parent_human_capital,high h,1.8,2,1.5961752209120554,1.8,0.9291250817955714,0.38028347980843136,0.714599316512712,1.0492674491032898,1.0545269240790107,-3.4769877610354802
parent_human_capital,high h,1.8,2,1.618318579861377,1.8,0.9280271461062353,0.3803642487790664,0.7159720282401487,1.0550514357141414,1.0603399030433995,-3.412804987007093
parent_human_capital,high h,1.8,2,1.6409024999087747,1.8,0.9293545142885371,0.3802666439225621,0.7143126083360194,1.060327214996067,1.0656421272790255,-3.347884593147088
parent_human_capital,high h,1.8,2,1.6639368262928396,1.8,0.9283344111234235,0.3803416485951099,0.7155878773971402,1.066238474266353,1.0715830168597091,-3.2826629423165388
parent_human_capital,high h,1.8,2,1.6874316526555453,1.8,0.9277451983082139,0.38036616078373636,0.7162604806780573,1.0721121227411934,1.0774861071200503,-3.216652829602733
parent_human_capital,high h,1.8,2,1.7113973278342638,1.8,0.9286285223991969,0.380320047674225,0.7152202797885164,1.0777214772409447,1.0831235786262394,-3.150351661215205
parent_human_capital,high h,1.8,2,1.7358444628538618,1.8,0.9280125495923789,0.38036181239429284,0.7159783361730053,1.083759905552428,1.0891922746855922,-3.08328340756975
parent_human_capital,high h,1.8,2,1.7607839381251333,1.8,0.9289053066326958,0.38029971019450165,0.7148743074489989,1.0895098918551658,1.0949710829146135,-3.0158469077019374
parent_human_capital,high h,1.8,2,1.7862269108560356,1.8,0.9283421073290713,0.38033758662846195,0.7155663623809562,1.0956908649519317,1.1011830382679584,-2.9477091707169345
parent_human_capital,high h,1.8,2,1.8121848226824113,1.8,0.9290703019918198,0.3802840859458237,0.7146561583958726,1.101634211742879,1.10715617620867,-2.8791277875990646
parent_human_capital,high h,1.8,2,1.8386694075250942,1.8,0.9285898092297521,0.3803194219930158,0.7152568643904879,1.1079563396622087,1.1135099939260713,-2.809904050977826
parent_human_capital,high h,1.8,2,1.8656926996805347,1.8,0.9293098208390167,0.38026997993854295,0.7143686509119065,1.1140626685242134,1.119646930888871,-2.7401694448047627
parent_human_capital,high h,1.8,2,1.8932670421523103,1.8,0.9288214743850348,0.3803023889067135,0.7149672526756042,1.1205494985279816,1.1261662762633446,-2.6698404877384903
parent_human_capital,high h,1.8,2,1.921405095231136,1.8,0.9296029596381167,0.38024848031876374,0.7140023704063178,1.1268043467115656,1.132452477003921,-2.59894255983043
parent_human_capital,high h,1.8,2,1.9501198453312445,1.8,0.9290347157534111,0.3802866949794898,0.7147006205668134,1.1334805692906804,1.1391621642879757,-2.52749211517206
parent_human_capital,high h,1.8,2,1.979424614091259,1.8,0.9304297593665964,0.38018430387491187,0.7129572424158539,1.1397461605188821,1.145459161922905,-2.455436431237395
parent_human_capital,high h,1.8,2,2.009333067747975,1.8,0.9292303526400592,0.3802722796671142,0.7144559427874635,1.1467593256973334,1.152507480738104,-2.38283166700604
parent_human_capital,high h,1.8,2,2.0398592267917226,1.8,0.9298914210928695,0.3802237345429596,0.7136297238222791,1.1533858936623549,1.1591672645132765,-2.3096268533979183
parent_human_capital,high h,1.8,2,2.071017475912293,1.8,0.9293786741942499,0.3802614585094376,0.7142708076548568,1.1604038534313716,1.166220401952026,-2.2358378715681426
parent_human_capital,high h,1.8,2,2.1028225742447084,1.8,0.9300647781368501,0.38021102426291237,0.7134131264055779,1.167203239136217,1.1730538697195478,-2.161482257284047
parent_human_capital,high h,1.8,2,2.135289665924415,1.8,0.929536234577972,0.3802498945581663,0.71407390670891,1.1744102874711284,1.1802970435345725,-2.08648160942563
parent_human_capital,high h,1.8,2,2.168434290961828,1.8,0.9302209378184553,0.3801995616127467,0.7132179707881091,1.1813947215333773,1.18731648721825,-2.0109575930223667
parent_human_capital,high h,1.8,2,2.2022723964464688,1.8,0.9296770651088944,0.38023955535447723,0.7138979022070371,1.1887964335433807,1.1947553004640985,-1.9347273585960982
parent_human_capital,high h,1.8,2,2.23682034809129,1.8,0.930430318847026,0.3801841769906179,0.712956251275056,1.1959530406284609,1.201947780191475,-1.8580244023081662
parent_human_capital,high h,1.8,2,2.2720949421281498,1.8,0.9310211454744226,0.38024887241279526,0.7125855184739067,1.2033047477514338,1.2093363378997544,-1.7805501884429504
parent_human_capital,high h,1.8,2,2.308113417565749,1.8,0.9305481413853665,0.3801755313781076,0.7128090163629555,1.2109281537450918,1.216997956374975,-1.702656840790252
parent_human_capital,high h,1.8,2,2.344893468821764,1.8,0.931874283844609,0.3800777838260294,0.7111503367315433,1.2182254797984344,1.224331860427378,-1.6239750255331769
parent_human_capital,high h,1.8,2,2.382453258741261,1.8,0.9306456971383927,0.38016836865189774,0.7126870930153635,1.2263136119530385,1.2324605345131205,-1.5448180932300812
parent_human_capital,high h,1.8,2,2.4208114320139376,1.8,0.9320476173039438,0.38006527344730434,0.7109344429637856,1.2337940220077492,1.2399784402792675,-1.4649261929863666
parent_human_capital,high h,1.8,2,2.4599871290031343,1.8,0.9306196977305834,0.3801703291220554,0.7127197619426491,1.2421503759690546,1.2483766806391123,-1.3844775884091356
parent_human_capital,high h,1.8,2,2.5,1.8,0.9321255949548841,0.3800595663549653,0.7108370497847076,1.2498121624742657,1.2560768720090012,-1.3033699462900061
parent_human_capital,high h,1.8,3,0.5,1.8,0.6689017059532667,0.4081578945218399,1.201894609035109,0.7754311453507499,0.7793180101418498,-11.744741128210357
parent_human_capital,high h,1.8,3,0.5000203210855501,1.8,0.6689023432573356,0.4081578389853329,1.2018937648020147,0.7754411739372213,0.77932808899682,-11.744256436324775
parent_human_capital,high h,1.8,3,0.5000812892976928,1.8,0.6689042267849821,0.40815770065988927,1.201891365873765,0.7754712686221773,0.7793583345320122,-11.742802344576935
parent_human_capital,high h,1.8,3,0.5001829195049198,1.8,0.6689074482228445,0.40815748661652845,1.2018873469103406,0.7755214245967161,0.7794087419144194,-11.740378804610247
parent_human_capital,high h,1.8,3,0.5003252364947652,1.8,0.6689119721898313,0.4081572045638631,1.2018817720151227,0.7755916523956891,0.7794793217316999,-11.736985735859399
parent_human_capital,high h,1.8,3,0.5005082749838822,1.8,0.6689176769220229,0.408156785217402,1.2018745047980168,0.7756819602704651,0.779570082276582,-11.732623025489682
parent_human_capital,high h,1.8,3,0.500732079632158,1.8,0.6689247404910652,0.40815632614571384,1.2018657307278644,0.7757923569694752,0.7796810323413488,-11.727290528486048
parent_human_capital,high h,1.8,3,0.5009967050608752,1.8,0.6689331361744428,0.4081557674421613,1.2018552533150504,0.7759228471129027,0.7798121765693421,-11.720988067524239
parent_human_capital,high h,1.8,3,0.5013022158749305,1.8,0.6689427582580694,0.4081551330206915,1.2018432673770272,0.7760734601924236,0.7799635446000657,-11.713715433102534
parent_human_capital,high h,1.8,3,0.5016486866891229,1.8,0.6689536932850382,0.40815439729811614,1.2018295910477426,0.7762441996700961,0.7801351399129315,-11.70547238339941
parent_human_capital,high h,1.8,3,0.502036202158526,1.8,0.6689657932114175,0.4081535488332855,1.2018143297414041,0.7764350977281231,0.7803269948514565,-11.696258644384287
parent_human_capital,high h,1.8,3,0.502464857012963,1.8,0.6689793845572503,0.4081526764545077,1.2017974879122453,0.7766461576062731,0.7805391126716482,-11.68607390974034
parent_human_capital,high h,1.8,3,0.5029347560956027,1.8,0.6689940710157689,0.4081516728213057,1.2017790619164161,0.7768774247736638,0.7807715390705396,-11.674917840872308
parent_human_capital,high h,1.8,3,0.5034460144056994,1.8,0.6690102118990042,0.40815062779363537,1.2017590272600813,0.7771289037974317,0.7810242786381597,-11.662790066893997
parent_human_capital,high h,1.8,3,0.5039987571454999,1.8,0.6690274619979295,0.4081494215582222,1.2017372827280064,0.7774006372748817,0.7812973741853337,-11.649690184607483
parent_human_capital,high h,1.8,3,0.5045931197713469,1.8,0.669046120165977,0.4081481712274516,1.2017139658275076,0.7776926452333681,0.7815908458398033,-11.635617758547372
parent_human_capital,high h,1.8,3,0.5052292480490046,1.8,0.6690659881941605,0.4081468354068554,1.2016891205317828,0.7780049733911709,0.7819047395490121,-11.620572320908886
parent_human_capital,high h,1.8,3,0.5059072981132409,1.8,0.6690872505974177,0.4081454238683419,1.201662598736024,0.7783376393911884,0.7822390730442937,-11.604553371516813
parent_human_capital,high h,1.8,3,0.5066274365316988,1.8,0.669109730726295,0.40814390395770345,1.201634455420108,0.7786906928412706,0.7825938961821588,-11.58756037788072
parent_human_capital,high h,1.8,3,0.507389840373095,1.8,0.6691335169238135,0.40814231166763026,1.2016047363497768,0.7790641704054911,0.7829692458104607,-11.569592775141869
parent_human_capital,high h,1.8,3,0.5081946972797818,1.8,0.6691585869643557,0.40814062347822955,1.2015733761155274,0.7794581120449325,0.7833651620905872,-11.550649966038531
parent_human_capital,high h,1.8,3,0.5090422055447187,1.8,0.6691849427979841,0.40813885146824447,1.2015404177726947,0.779872563756707,0.783781691250212,-11.530731320927325
parent_human_capital,high h,1.8,3,0.5099325741928927,1.8,0.6692125990111506,0.4081369852281731,1.2015058079490222,0.7803075686469011,0.7842188766114923,-11.509836177728653
parent_human_capital,high h,1.8,3,0.5108660230672385,1.8,0.6692415751931555,0.4081350291281458,1.2014695433383158,0.7807631742178167,0.7846767659148358,-11.487963841933212
parent_human_capital,high h,1.8,3,0.5118427829191048,1.8,0.6692718274058431,0.4081330087513509,1.2014317632016902,0.7812394405633493,0.7851554195553598,-11.465113586597878
parent_human_capital,high h,1.8,3,0.5128630955033207,1.8,0.6693033561191657,0.4081308860418026,1.2013923252725907,0.7817364144618627,0.7856548845459063,-11.441284652249905
parent_human_capital,high h,1.8,3,0.5139272136779165,1.8,0.6693361983047073,0.4081286832442067,1.2013512754632067,0.7822541518286753,0.7861752170820697,-11.416476246947445
parent_human_capital,high h,1.8,3,0.5150354015085564,1.8,0.6693703377554017,0.4081264063979348,1.2013086524833034,0.782792713613162,0.7867164784187353,-11.390687546222107
parent_human_capital,high h,1.8,3,0.5161879343777439,1.8,0.6694057781140503,0.40812399829723867,1.201264239541461,0.7833521500473363,0.7872787190397051,-11.36391769301133
parent_human_capital,high h,1.8,3,0.5173850990988615,1.8,0.6694425046253867,0.4081215363292768,1.2012183397374987,0.7839325392239422,0.7878620174291656,-11.336165797769704
parent_human_capital,high h,1.8,3,0.5186271940351138,1.8,0.6694805712584351,0.40811898553300674,1.201170768837548,0.7845339349032843,0.788466427616895,-11.307430938266103
parent_human_capital,high h,1.8,3,0.5199145292234401,1.8,0.6695198809950986,0.408116328033853,1.2011215572590375,0.7851564118615582,0.7890920247539067,-11.277712159680572
parent_human_capital,high h,1.8,3,0.5212474265034702,1.8,0.6695605842479884,0.4081136079271729,1.2010707188886576,0.7858000326237574,0.789738871678602,-11.247008474535647
parent_human_capital,high h,1.8,3,0.5226262196515982,1.8,0.6696025512195649,0.40811078651938715,1.2010182393516717,0.7864648766311519,0.790407048230452,-11.215318862666056
parent_human_capital,high h,1.8,3,0.5240512545202515,1.8,0.6696457869631658,0.40810785944036554,1.200964097311636,0.787151017888986,0.7910966287856535,-11.182642271192826
parent_human_capital,high h,1.8,3,0.5255228891824385,1.8,0.6696903636172216,0.4081048855650975,1.2009084399983319,0.7878585370733127,0.7918076944246499,-11.148977614523648
parent_human_capital,high h,1.8,3,0.5270414940816569,1.8,0.6697363026219607,0.4081018060185936,1.2008510266033188,0.7885875019118871,0.7925403132146834,-11.11432377422445
parent_human_capital,high h,1.8,3,0.5286074521872524,1.8,0.6697834937796763,0.4080986208008538,1.200791967324305,0.7893380066772502,0.793294579900838,-11.078679599116114
parent_human_capital,high h,1.8,3,0.5302211591553182,1.8,0.6698320136420082,0.4080953675738095,1.200731325938006,0.7901101354657815,0.794070579001028,-11.042043905172168
parent_human_capital,high h,1.8,3,0.5318830234952302,1.8,0.6698818468727588,0.40809201574654863,1.2006690037988812,0.7909039724509399,0.7948683951106335,-11.004415475464542
parent_human_capital,high h,1.8,3,0.5335934667419154,1.8,0.6699330123663811,0.40808857676022087,1.200605024642202,0.7917196082504198,0.7956881193015718,-10.965793060178479
parent_human_capital,high h,1.8,3,0.5353529236339561,1.8,0.6699854550503188,0.4080850381420288,1.2005393970668803,0.7925571395730597,0.7965298487674369,-10.926175376552692
parent_human_capital,high h,1.8,3,0.537161842297634,1.8,0.6700393248622665,0.40808145272759033,1.200472168000735,0.7934166559551421,0.7973936734933135,-10.885561108852215
parent_human_capital,high h,1.8,3,0.5390206844370244,1.8,0.67009438922226,0.40807773438948625,1.200403249112966,0.7942982648701538,0.7982797014914015,-10.843948908300733
parent_human_capital,high h,1.8,3,0.5409299255302531,1.8,0.6701508406772609,0.40807392786066754,1.2003326145315862,0.795202055291947,0.7991880221815365,-10.801337393076526
parent_human_capital,high h,1.8,3,0.5428900550320312,1.8,0.670208628208506,0.40807004831482063,1.2002603718125158,0.7961281390788845,0.8001187479827736,-10.75772514828551
parent_human_capital,high h,1.8,3,0.5449015765825912,1.8,0.6702677609472523,0.408066080578259,1.2001864552873407,0.7970766191482463,0.8010719823282678,-10.713110725868244
parent_human_capital,high h,1.8,3,0.5469650082231464,1.8,0.6703282262549344,0.40806202735187175,1.20011088765814,0.7980476066137987,0.8020478368887454,-10.667492644603895
parent_human_capital,high h,1.8,3,0.5490808826180046,1.8,0.6703899839781595,0.4080578516113208,1.2000335711256218,0.7990412111745977,0.8030464219131315,-10.620869390032897
parent_human_capital,high h,1.8,3,0.5512497472834679,1.8,0.6704530959169144,0.408053625736041,1.1999547135755744,0.8000575541291811,0.8040678593079751,-10.573239414487174
parent_human_capital,high h,1.8,3,0.5534721648236569,1.8,0.6705175636966838,0.40804928878774716,1.1998740863264619,0.8010967421388159,0.8051122562691849,-10.52460113691935
parent_human_capital,high h,1.8,3,0.5557487131734017,1.8,0.6705833659991991,0.408044873420647,1.1997918323661314,0.8021589038208924,0.8061797420588489,-10.474952942997191
parent_human_capital,high h,1.8,3,0.5580799858483445,1.8,0.6706505683123807,0.4080403708944799,1.1997078536404515,0.8032441541439552,0.8072704322217937,-10.424293184953262
parent_human_capital,high h,1.8,3,0.5604665922024078,1.8,0.6707189837707241,0.4080357502242795,1.1996222215649415,0.8043526335828592,0.8083844679370075,-10.372620181609259
parent_human_capital,high h,1.8,3,0.5629091576927818,1.8,0.6707888443371217,0.4080310625764224,1.199534894822628,0.8054844561126447,0.8095219637508327,-10.319932218281004
parent_human_capital,high h,1.8,3,0.5654083241525933,1.8,0.6708600487176115,0.4080262621863101,1.19944580418858,0.8066397564256453,0.8106830550307512,-10.266227546745291
parent_human_capital,high h,1.8,3,0.5679647500714233,1.8,0.67093258160165,0.4080214035588017,1.199355168058445,0.8078186811626987,0.8118678891526405,-10.211504385245021
parent_human_capital,high h,1.8,3,0.5705791108838415,1.8,0.6710065271281809,0.40801643926005743,1.1992627255547932,0.8090213511256596,0.8130765875238779,-10.15576091830963
parent_human_capital,high h,1.8,3,0.5732520992661372,1.8,0.6710817932959925,0.4080113807312269,1.1991686113085587,0.8102479194129795,0.8143093040103234,-10.098995296853694
parent_human_capital,high h,1.8,3,0.5759844254414287,1.8,0.6711583973019699,0.40800622964155137,1.1990728143424503,0.8114985288969424,0.8155661822004117,-10.04120563803409
parent_human_capital,high h,1.8,3,0.578776817493336,1.8,0.6712363618239312,0.4080009701797509,1.1989752530658206,0.8127733218163066,0.8168473650458755,-9.982390025211156
parent_human_capital,high h,1.8,3,0.5816300216884137,1.8,0.6713157695721526,0.40799567099272327,1.1988761005467343,0.8140724524510637,0.8181530076000385,-9.922546507951164
parent_human_capital,high h,1.8,3,0.5845448028075416,1.8,0.6713965281883953,0.4079902318110109,1.198775075539431,0.8153960663128813,0.8194832561039481,-9.861673101853487
parent_human_capital,high h,1.8,3,0.5875219444864789,1.8,0.6714785824903804,0.4079846929974341,1.1986723836180593,0.8167443336874111,0.8208382816968168,-9.799767788655334
parent_human_capital,high h,1.8,3,0.5905622495657936,1.8,0.6715620860468607,0.4079790872062007,1.198567992883443,0.8181174044508152,0.822218235006064,-9.736828516054851
parent_human_capital,high h,1.8,3,0.5936665404503856,1.8,0.6716469835051568,0.40797339862603066,1.1984618997754333,0.819515445279381,0.8236232835434453,-9.672853197700254
parent_human_capital,high h,1.8,3,0.5968356594788269,1.8,0.6717332643263361,0.4079676016737357,1.198354019510003,0.8209386196081859,0.82505359156326,-9.607839713115549
parent_human_capital,high h,1.8,3,0.600070469302753,1.8,0.6718208964033623,0.407961698018557,1.198244390413781,0.8223871015338609,0.8265093340348018,-9.541785907677315
parent_human_capital,high h,1.8,3,0.6033718532765401,1.8,0.6719099429611117,0.40795574692953845,1.1981331700983486,0.8238610688867488,0.8279906896797921,-9.474689592556375
parent_human_capital,high h,1.8,3,0.6067407158575169,1.8,0.6720003533548522,0.4079496450422788,1.1980200240726786,0.8253606854067603,0.8294978230588913,-9.406548544557438
parent_human_capital,high h,1.8,3,0.6101779830169621,1.8,0.6720921529057269,0.4079434718072323,1.1979052230480205,0.8268861436597995,0.8310309277032439,-9.337360506242677
parent_human_capital,high h,1.8,3,0.6136846026621482,1.8,0.6721853665666759,0.40793720871222977,1.1977886730950922,0.8284376218292269,0.8325901826893586,-9.267123185710144
parent_human_capital,high h,1.8,3,0.6172615450697004,1.8,0.6722800095325068,0.4079308628282907,1.1976703853657045,0.8300153074249648,0.8341757764670547,-9.195834256611498
parent_human_capital,high h,1.8,3,0.6209098033305457,1.8,0.6723760682678099,0.40792442438350657,1.1975503369851355,0.8316193915923392,0.8357879011397783,-9.123491358067374
parent_human_capital,high h,1.8,3,0.6246303938067362,1.8,0.6724734561289281,0.4079178503141679,1.1974284541416615,0.8332500709338836,0.8374267542955371,-9.050092094602682
parent_human_capital,high h,1.8,3,0.6284243566004422,1.8,0.6725722934869576,0.4079111924242448,1.1973048094857783,0.8349075408410369,0.8390925323051739,-8.975634036116368
parent_human_capital,high h,1.8,3,0.6322927560354111,1.8,0.6726726282729165,0.4079044729584432,1.1971794379702427,0.8365920028670562,0.8407854377322356,-8.900114717787508
parent_human_capital,high h,1.8,3,0.6362366811512086,1.8,0.6727743203366783,0.40789764241962756,1.1970522953188538,0.8383036695726577,0.8425056842029031,-8.823531640004607
parent_human_capital,high h,1.8,3,0.6402572462105554,1.8,0.6728774373054756,0.4078907051779282,1.1969233301874849,0.8400427447339289,0.8442534765146962,-8.74588226831256
parent_human_capital,high h,1.8,3,0.6443555912200942,1.8,0.6729820120914272,0.40788369054907037,1.196792618894409,0.841809444473823,0.8460290318738888,-8.66716403336936
parent_human_capital,high h,1.8,3,0.6485328824649206,1.8,0.6730879620319121,0.4078765648471985,1.1966601185887495,0.8436039898017643,0.8478325723977196,-8.587374330839724
parent_human_capital,high h,1.8,3,0.652790313057229,1.8,0.6731953656735057,0.40786933514333196,1.1965257770705493,0.8454265956783955,0.849664314124326,-8.506510521346282
parent_human_capital,high h,1.8,3,0.6571291034994325,1.8,0.6733042545889969,0.4078620340916785,1.196389684436597,0.8472774910835281,0.8515244871812854,-8.4245699304269
parent_human_capital,high h,1.8,3,0.6615505022621248,1.8,0.6734145726032157,0.4078546175968807,1.1962517325627617,0.8491569043882404,0.8534133210843909,-8.341549848411491
parent_human_capital,high h,1.8,3,0.6660557863772645,1.8,0.6735262861615909,0.40784709710008826,1.196111997633338,0.8510650761190195,0.8553310575657738,-8.257447530415565
parent_human_capital,high h,1.8,3,0.6706462620469753,1.8,0.6736395344384349,0.4078394823732096,1.1959703768841439,0.8530022316308374,0.8572779231100026,-8.17226019621209
parent_human_capital,high h,1.8,3,0.6753232652683625,1.8,0.6737542381572093,0.40783179359765487,1.1958270247876528,0.8549686267294995,0.8592541748051147,-8.085985030232376
parent_human_capital,high h,1.8,3,0.6800881624747613,1.8,0.6738703869166853,0.40782400082010556,1.1956818401390281,0.8569645044987589,0.8612600569533253,-7.998619181413005
parent_human_capital,high h,1.8,3,0.6849423511938463,1.8,0.6739879488989597,0.40781608385915136,1.195534779560238,0.8589901166653441,0.8632958225431485,-7.910159763175482
parent_human_capital,high h,1.8,3,0.6898872607230374,1.8,0.674107042962464,0.4078080928495211,1.1953859109948515,0.8610457160243091,0.8653617256367789,-7.820603853363344
parent_human_capital,high h,1.8,3,0.6949243528226603,1.8,0.6742275259121686,0.4077999732863556,1.1952351745527925,0.8631315692420335,0.8674580342372669,-7.729948494131838
parent_human_capital,high h,1.8,3,0.7000551224273222,1.8,0.6743495628047749,0.407791792784905,1.195082657111781,0.8652479364627882,0.8695850097928616,-7.638190691919293
parent_human_capital,high h,1.8,3,0.7052810983759861,1.8,0.674473110873905,0.40778349787195795,1.1949282021970102,0.867395082594369,0.8717429185392152,-7.545327417311944
parent_human_capital,high h,1.8,3,0.7106038441612367,1.8,0.6745981019361147,0.4077750935552381,1.1947718966507024,0.8695732913765113,0.8739320456383142,-7.45135560504778
parent_human_capital,high h,1.8,3,0.7160249586982449,1.8,0.6747245388542407,0.40776659063830173,1.1946137778640717,0.8717828445466377,0.8761526742397958,-7.356272153895777
parent_human_capital,high h,1.8,3,0.7215460771139571,1.8,0.6748526195983113,0.4077580022315397,1.1944536967164057,0.8740240071226201,0.8784050706899396,-7.2600739265601
parent_human_capital,high h,1.8,3,0.7271688715570458,1.8,0.6749820346552284,0.4077493010825224,1.1942918611782498,0.8762970986639494,0.8806895561500352,-7.162757749690261
parent_human_capital,high h,1.8,3,0.7328950520291776,1.8,0.6751130243299326,0.40774049593151046,1.1941280635108755,0.878602388524647,0.8830064013242465,-7.064320413684732
parent_human_capital,high h,1.8,3,0.7387263672381705,1.8,0.6752452063315162,0.4077330053880367,1.1939679717443084,0.8809404966112568,0.885356229226412,-6.9647586737118345
parent_human_capital,high h,1.8,3,0.7446646054736273,1.8,0.6753792884783989,0.4077240090759632,1.19380036933864,0.8833110986468407,0.8877387139541484,-6.864069245617928
parent_human_capital,high h,1.8,3,0.7507115955056528,1.8,0.6755148455298059,0.40771490169087565,1.1936308781703966,0.8857148245503378,0.8901544885838771,-6.762248811814508
parent_human_capital,high h,1.8,3,0.7568692075072764,1.8,0.6756518992260752,0.4077056717916245,1.1934594338695175,0.8881519854154404,0.8926038657686537,-6.659294017211723
parent_human_capital,high h,1.8,3,0.7631393540012239,1.8,0.6757904702598423,0.4076963362211374,1.1932860785001154,0.8906229034187768,0.8950871693000239,-6.555201470170295
parent_human_capital,high h,1.8,3,0.7695239908317001,1.8,0.6759306540047645,0.407686922231844,1.1931108182310861,0.8931278997189819,0.8976047219464363,-6.449967742395685
parent_human_capital,high h,1.8,3,0.7760251181618615,1.8,0.6760722470680962,0.4076773830274979,1.1929336820923608,0.8956673209098323,0.9001568720389767,-6.343589368870932
parent_human_capital,high h,1.8,3,0.7826447814976824,1.8,0.6762155549697346,0.407667777877143,1.1927545854005,0.8982414815040056,0.9027439356668238,-6.236062847751519
parent_human_capital,high h,1.8,3,0.7893850727389358,1.8,0.6763603186996499,0.40765802629867726,1.1925734872892215,0.9008507393387891,0.9053662724609316,-6.127384640316963
parent_human_capital,high h,1.8,3,0.7962481312580323,1.8,0.6765066482593021,0.4076481858919034,1.1923904923739297,0.903495442834448,0.9080242325880296,-6.017551170910527
parent_human_capital,high h,1.8,3,0.8032361450074849,1.8,0.6766545451135486,0.4076382387822458,1.1922055325890994,0.9061759439543812,0.91071816977574,-5.90655882679824
parent_human_capital,high h,1.8,3,0.8103513516567865,1.8,0.6768040368093295,0.4076281920407239,1.1920186067344076,0.9088926026376986,0.9134484457673754,-5.794403958134783
parent_human_capital,high h,1.8,3,0.8175960397595149,1.8,0.6769550949670591,0.40761803962796606,1.1918297206867425,0.9116457888926576,0.9162154324258671,-5.681082877871773
parent_human_capital,high h,1.8,3,0.8249725499515008,1.8,0.6771077054565935,0.40760777884308325,1.1916388785127348,0.9144358780070937,0.919019506920189,-5.566591861675119
parent_human_capital,high h,1.8,3,0.8324832761809209,1.8,0.6772618981746008,0.40759740968607555,1.1914460503157167,0.9172632469981516,0.9218610481572919,-5.450927147838032
parent_human_capital,high h,1.8,3,0.8401306669712053,1.8,0.6774177324900155,0.4075869250859235,1.1912511503801353,0.9201282743943101,0.9247404365630363,-5.334084937196021
parent_human_capital,high h,1.8,3,0.8479172267176741,1.8,0.6775751320107741,0.4075763506258155,1.1910543504210145,0.9230313679329923,0.9276580819186379,-5.2160613931037965
parent_human_capital,high h,1.8,3,0.8558455170188431,1.8,0.6777341136769484,0.40756565635243286,1.1908555218922166,0.9259729197691546,0.930614378344738,-5.096852641249279
parent_human_capital,high h,1.8,3,0.8639181580433734,1.8,0.6778947366850709,0.4075548580770556,1.190654664510038,0.9289533330768058,0.9336097310362634,-4.976454769651886
parent_human_capital,high h,1.8,3,0.8721378299336601,1.8,0.6780569524603757,0.40754394872866434,1.1904518005026277,0.9319730260733018,0.9366445603068935,-4.854863828560745
parent_human_capital,high h,1.8,3,0.8805072742470966,1.8,0.6782208239045961,0.40753294078005653,1.1902469134418943,0.9350324146986946,0.9397192841815879,-4.732075830360946
parent_human_capital,high h,1.8,3,0.88902929543607,1.8,0.6783862452251719,0.4075217961752463,1.1900399673237958,0.9381319318116557,0.9428343376887317,-4.608086749494889
parent_human_capital,high h,1.8,3,0.8977067623677852,1.8,0.6785533823384686,0.40751056004123887,1.1898309643751872,0.9412720020443247,0.945990147588942,-4.482892522390305
parent_human_capital,high h,1.8,3,0.9065426098850453,1.8,0.6787221226305049,0.40749922157447815,1.1896199769560005,0.9444530793301043,0.949187170090972,-4.356489047383195
parent_human_capital,high h,1.8,3,0.9155398404091444,1.8,0.6788925585095438,0.40748777743648146,1.1894069002187861,0.9476756019317071,0.9524258456543353,-4.228872184590367
parent_human_capital,high h,1.8,3,0.9247015255860773,1.8,0.6790645346627231,0.4074761808310024,1.1891917151135918,0.9509400366215524,0.9557066433911575,-4.1000377558741885
parent_human_capital,high h,1.8,3,0.9340308079772923,1.8,0.6792382857962949,0.4074645085076062,1.1889744729030456,0.9542468363690113,0.9590300185413285,-3.9699815447570086
parent_human_capital,high h,1.8,3,0.9435309027962627,1.8,0.6794136711297827,0.4074527278120849,1.1887551926980455,0.9575964847935924,0.9623964571485093,-3.8386992963192346
parent_human_capital,high h,1.8,3,0.9532050996921831,1.8,0.6795906869692661,0.40744084041368,1.1885338844121058,0.9609894640752247,0.9658064438095664,-3.7061867171208895
parent_human_capital,high h,1.8,3,0.9630567645821445,1.8,0.6797693651024317,0.4074287961776624,1.1883103294555384,0.9644262492294052,0.9692604559210215,-3.5724394750797934
parent_human_capital,high h,1.8,3,0.9730893415331738,1.8,0.6799497812830009,0.4074166789246167,1.1880847643901207,0.9679073463951744,0.972759002158948,-3.4374531995095774
parent_human_capital,high h,1.8,3,0.9833063546955787,1.8,0.6801318856444727,0.40740445496868727,1.1878571135688563,0.9714332607787546,0.9763025902619241,-3.301223480900801
parent_human_capital,high h,1.8,3,0.9937114102890687,1.8,0.680315650050447,0.4073920644032368,1.1876271819160134,0.9750044978462457,0.9798917282297099,-3.1637458708726998
parent_human_capital,high h,1.8,3,1.0043081986431819,1.8,0.6805011339144138,0.4073796051908884,1.1873952750268364,0.9786215946205389,0.9835269557770346,-3.0250158821983772
parent_human_capital,high h,1.8,3,1.0151004962935855,1.8,0.6806883195844944,0.40736700765309647,1.187161150930943,0.9822850707486456,0.9872087951556514,-2.885028988539242
parent_human_capital,high h,1.8,3,1.0260921681358672,1.8,0.6808772889813288,0.4073543246254788,1.1869249245732054,0.9859954687169862,0.9909377915712051,-2.743780624519665
parent_human_capital,high h,1.8,3,1.037287169638491,1.8,0.6810679120867498,0.40734150327241764,1.1866865291062783,0.9897533439794527,0.9947145032618118,-2.6012661855511716
parent_human_capital,high h,1.8,3,1.0486895491166357,1.8,0.6812603174986771,0.40732857624812047,1.1864459576018196,0.9935592473725651,0.998539483825071,-2.4574810277917556
parent_human_capital,high h,1.8,3,1.0603034500686892,1.8,0.6814543649667346,0.40731550986673193,1.1862032247967087,0.9974137586875365,1.0024133159584114,-2.312420468056951
parent_human_capital,high h,1.8,3,1.0721331135772334,1.8,0.6816503177228546,0.4073023677674261,1.185958304578575,1.0013174376283516,1.0063365621713456,-2.166079783727281
parent_human_capital,high h,1.8,3,1.0841828807763967,1.8,0.6818478679662263,0.40728905738935806,1.1857111598665218,1.005270891926199,1.010309833241328,-2.0184542126714926
parent_human_capital,high h,1.8,3,1.0964571953875313,1.8,0.6820472668417972,0.40727565715133407,1.1854618317040735,1.0092747058638172,1.0143337163798254,-1.8695389531799256
parent_human_capital,high h,1.8,3,1.1089606063252093,1.8,0.6822484229719965,0.40726216705335405,1.1852104114688005,1.0133295003284415,1.0184088355862841,-1.719329163878208
parent_human_capital,high h,1.8,3,1.1216977703756155,1.8,0.6824513105341654,0.4072484945345732,1.1849565801016544,1.0174358777688268,1.022535796329246,-1.5678199635702077
parent_human_capital,high h,1.8,3,1.1346734549494641,1.8,0.6826560143435714,0.4072347479671162,1.1847006565819034,1.0215944814993174,1.0267152451476818,-1.4150064313306125
parent_human_capital,high h,1.8,3,1.147892540911644,1.8,0.6828625356566209,0.4072208603733266,1.184442390094394,1.025805937397567,1.0309478110564696,-1.2608836062251496
parent_human_capital,high h,1.8,3,1.1613600254898573,1.8,0.6830707951827089,0.4072068556671515,1.1841819490330976,1.0300709129934358,1.0352341649314778,-1.1054464873931513
parent_human_capital,high h,1.8,3,1.1750810252645967,1.8,0.6832809155208945,0.40719274258885135,1.1839192433651657,1.034390057457656,1.0395749591974197,-0.9486900338567434
parent_human_capital,high h,1.8,3,1.189060779242872,1.8,0.6834927788205261,0.40717850969727665,1.1836543483115265,1.0387640580673918,1.043970884576451,-0.7906091645108482
parent_human_capital,high h,1.8,3,1.2033046520181812,1.8,0.6837065266741629,0.40716411456631124,1.1833869641999128,1.043193572734593,1.048422602278318,-0.6311987579568525
parent_human_capital,high h,1.8,3,1.217818137019287,1.8,0.6839221412041461,0.4071496164649989,1.18311732974444,1.0476793150037098,1.052930829424129,-0.4704536525714802
parent_human_capital,high h,1.8,3,1.2326068598504607,1.8,0.6841395671422115,0.40713502310195265,1.182845528935664,1.0522220038239474,1.0574962885668358,-0.3083686463165476
parent_human_capital,high h,1.8,3,1.247676581725918,1.8,0.6843588157458929,0.4071202756021827,1.1825713311478399,1.0568223463719901,1.062119690427861,-0.1449384966371099
parent_human_capital,high h,1.8,3,1.2630332030012734,1.8,0.6845798711263578,0.40710541536015754,1.1822949065055892,1.061481088842424,1.0668017849421063,0.01984207950239636
parent_human_capital,high h,1.8,3,1.2786827668049243,1.8,0.6848028387330314,0.4070904228320604,1.1820160767392256,1.0661989599479154,1.071543304474926,0.18597840581246228
parent_human_capital,high h,1.8,3,1.294631462772364,1.8,0.68502762723607,0.40707529738029763,1.1817349308029188,1.0709767319047543,1.0763450251133602,0.3534758466580681
parent_human_capital,high h,1.8,3,1.31088563088653,1.8,0.6852543422542539,0.4070600837378202,1.1814515297528643,1.0758151743422373,1.081207720344488,0.5223398071801539
parent_human_capital,high h,1.8,3,1.3274517654273796,1.8,0.6854829792945587,0.4070447132577302,1.1811656223037441,1.0807150585698557,1.086132165344006,0.6925757334138392
parent_human_capital,high h,1.8,3,1.3443365190339982,1.8,0.6857135173942113,0.4070292131924571,1.1808773309608838,1.0856771941747565,1.0911191737571335,0.8641891122565304
parent_human_capital,high h,1.8,3,1.3615467068826452,1.8,0.6859458769896507,0.4070135916446682,1.180586765478383,1.0907024083031271,1.0961695768761455,1.0371854716015467
parent_human_capital,high h,1.8,3,1.3790893109842512,1.8,0.6861802084235491,0.40699786339399563,1.1802938305824784,1.0957915126069793,1.1012841904214763,1.21157038043909
parent_human_capital,high h,1.8,3,1.3969714846049992,1.8,0.6864164448788044,0.40698196956544985,1.1799983737220616,1.1009453452363684,1.1064638567444265,1.3873494489055571
parent_human_capital,high h,1.8,3,1.4152005568137338,1.8,0.6866545812669129,0.40696595322274043,1.1797005604410178,1.106164774925677,1.1117094489339268,1.5645283282985591
parent_human_capital,high h,1.8,3,1.4337840371600625,1.8,0.6868968959942916,0.4069394637210285,1.1793595458302608,1.1114478653428788,1.117019020952047,1.7431127111153923
parent_human_capital,high h,1.8,3,1.4527296204871472,1.8,0.6871388920379438,0.4069232649575181,1.1790571931937686,1.1168011177205157,1.1223991066188923,1.9231083315496438
parent_human_capital,high h,1.8,3,1.4720451918832933,1.8,0.6873829526851882,0.40690692786856403,1.1787522605530814,1.122222605150929,1.1278477693681395,2.104520964822683
parent_human_capital,high h,1.8,3,1.4917388317766058,1.8,0.6876288729833266,0.40689046222607483,1.178444989271028,1.1277132782161443,1.1333659645466263,2.287356427826832
parent_human_capital,high h,1.8,3,1.5118188211770927,1.8,0.6878767505150505,0.40687382997406457,1.1781351399683142,1.1332740498770535,1.1389546096914802,2.4716205789340373
parent_human_capital,high h,1.8,3,1.5322936470707536,1.8,0.6881266800565689,0.4068571122322287,1.177822920120715,1.1389058789982773,1.1446146684736507,2.6573193182006616
parent_human_capital,high h,1.8,3,1.5531720079703377,1.8,0.6883789750651772,0.40683860229899743,1.1775016571008874,1.1446092679753046,1.1503466458068947,2.844458586206581
parent_human_capital,high h,1.8,3,1.5744628196276003,1.8,0.688632831970347,0.40682157088193627,1.1771843411357477,1.1503861246299572,1.1561524590760301,3.0330443686157365
parent_human_capital,high h,1.8,3,1.5961752209120554,1.8,0.6888887486543762,0.40680443983301084,1.1768645941634222,1.1562369936960903,1.1620326557454035,3.2230826896068683
parent_human_capital,high h,1.8,3,1.618318579861377,1.8,0.689146752663826,0.4067871432062121,1.1765421429225205,1.1621628764752954,1.1679882421356493,3.4145796162639996
parent_human_capital,high h,1.8,3,1.6409024999087747,1.8,0.6894067529954473,0.4067697338371582,1.1762172752818043,1.168164839204988,1.174020289828722,3.60754125771084
parent_human_capital,high h,1.8,3,1.6639368262928396,1.8,0.6896686975216355,0.4067521605594723,1.175889852722958,1.1742439352007052,1.180129857419924,3.801973764981181
parent_human_capital,high h,1.8,3,1.6874316526555453,1.8,0.6899328173565653,0.40673450179196075,1.1755599363202802,1.1804012282815688,1.1863180140607927,3.9978833311969826
parent_human_capital,high h,1.8,3,1.7113973278342638,1.8,0.6901988899681242,0.4067166579027592,1.1752273773775563,1.1866378223276246,1.192585869164596,4.195276191548132
parent_human_capital,high h,1.8,3,1.7358444628538618,1.8,0.690467085201601,0.406698678389003,1.174892190475824,1.1929548215897583,1.1989345325172998,4.394158623419006
parent_human_capital,high h,1.8,3,1.7607839381251333,1.8,0.6907373361005975,0.40668056054980334,1.1745544325079695,1.1993533717600067,1.2053651555537466,4.594536946419929
parent_human_capital,high h,1.8,3,1.7862269108560356,1.8,0.6910097298686131,0.40666232289732895,1.1742140852468343,1.2058346218119445,1.211878893006765,4.796417522419098
parent_human_capital,high h,1.8,3,1.8121848226824113,1.8,0.6912841902846609,0.4066439327773723,1.1738711032438283,1.2123997525424521,1.218476931592004,4.999806755603476
parent_human_capital,high h,1.8,3,1.8386694075250942,1.8,0.6915607878855776,0.4066253972609527,1.173525442308732,1.219049954540974,1.2251604678667627,5.204711092535144
parent_human_capital,high h,1.8,3,1.8656926996805347,1.8,0.6918394730706414,0.40660676314431654,1.1731773264050818,1.2257864685681719,1.2319307488110414,5.411137022249503
parent_human_capital,high h,1.8,3,1.8932670421523103,1.8,0.6921202259581105,0.4065879226929323,1.1728263739957554,1.2326105125765967,1.2387889984824039,5.619091076143161
parent_human_capital,high h,1.8,3,1.921405095231136,1.8,0.692403235566736,0.4065689792712012,1.1724727811977598,1.2395233510737906,1.245736487726763,5.828579828237174
parent_human_capital,high h,1.8,3,1.9501198453312445,1.8,0.6926883530920096,0.40654986486981887,1.1721164434129354,1.2465262774736938,1.2527745164413224,6.039609895061352
parent_human_capital,high h,1.8,3,1.979424614091259,1.8,0.6929756333946062,0.4065306094421038,1.1717574173866723,1.253620603917222,1.259904403344132,6.252187935781949
parent_human_capital,high h,1.8,3,2.009333067747975,1.8,0.6932650161038878,0.4065111955075349,1.1713956983571872,1.2608076715785117,1.2671274963319918,6.466320652202992
parent_human_capital,high h,1.8,3,2.0398592267917226,1.8,0.6935566990237594,0.40649168901212096,1.171031334235403,1.2680888289327128,1.2744451506393115,6.682014788827186
parent_human_capital,high h,1.8,3,2.071017475912293,1.8,0.6938504425351804,0.40647199032399767,1.1706641934120348,1.2754654722130863,1.2818587694980004,6.8992771328533316
parent_human_capital,high h,1.8,3,2.1028225742447084,1.8,0.6941464474412933,0.40645214290092896,1.170294237007568,1.2829389937509372,1.2893697522184528,7.118114514261908
parent_human_capital,high h,1.8,3,2.135289665924415,1.8,0.6944447052712026,0.4064321746329378,1.1699215774111238,1.2905108402488539,1.2969795527548844,7.338533805860061
parent_human_capital,high h,1.8,3,2.168434290961828,1.8,0.6947452045571596,0.4064120478580928,1.169546085762094,1.298182467534202,1.304689634232026,7.560541923246274
parent_human_capital,high h,1.8,3,2.2022723964464688,1.8,0.6950478680481138,0.40639178172615636,1.1691679106635446,1.305955384761171,1.3125015133687334,7.784145824932773
parent_human_capital,high h,1.8,3,2.23682034809129,1.8,0.6953528253537948,0.40637134564621646,1.1687868085240076,1.313831082228456,1.3204166879338555,8.009352512258962
parent_human_capital,high h,1.8,3,2.2720949421281498,1.8,0.6956599837181856,0.4063507570987943,1.1684029372319218,1.3218111272400752,1.3284367330875546,8.236169029557095
parent_human_capital,high h,1.8,3,2.308113417565749,1.8,0.6959694368627662,0.4063300144146485,1.1680161968462142,1.3298970809359483,1.3365632177949962,8.464602464064095
parent_human_capital,high h,1.8,3,2.344893468821764,1.8,0.696281186145421,0.40630911219200105,1.167626565881975,1.3380905476033147,1.3447977543849436,8.694659946003897
parent_human_capital,high h,1.8,3,2.382453258741261,1.8,0.6965952433829128,0.40628806457289063,1.1672340852156777,1.3463931655655514,1.3531419893929038,8.92634864860653
parent_human_capital,high h,1.8,3,2.4208114320139376,1.8,0.6969115450390204,0.40626684867501794,1.1668387331240966,1.3548066056718613,1.3615976020432459,9.159675788106947
parent_human_capital,high h,1.8,3,2.4599871290031343,1.8,0.6972301743833689,0.4062455058928514,1.1664405805733953,1.3633325647680983,1.3701662976872993,9.39464862378929
parent_human_capital,high h,1.8,3,2.5,1.8,0.6975512478882084,0.4062240150133327,1.1660394320514693,1.371972748034782,1.3788497900528363,9.631274457942759
