scenario_family,scenario,parameter_value,period,hc,parent_h,c_policy,l_policy,e_policy,perceived_hc_next_policy,true_expected_hc_next_policy,value_policy
public_input_complements,low g,0.6,1,0.5,1.2,0.8204560723766878,0.3240210628434243,0.2294294233651086,0.49445249508745476,0.4969309485330636,-17.9402201356478
public_input_complements,low g,0.6,1,0.5000203210855501,1.2,0.8204531656717886,0.32402140647196814,0.22943307230766255,0.4944606070923927,0.49693910119959545,-17.940160574461927
public_input_complements,low g,0.6,1,0.5000812892976928,1.2,0.8204444497990142,0.3240224215463198,0.2294439807410366,0.49448493305891456,0.4969635491005319,-17.939981888508534
public_input_complements,low g,0.6,1,0.5001829195049198,1.2,0.8204298495954682,0.3240240868534212,0.22946217800792168,0.4945254854613051,0.49700430477268537,-17.939684070599363
public_input_complements,low g,0.6,1,0.5003252364947652,1.2,0.8204094992617743,0.3240264606306684,0.22948765570046947,0.4945822570964725,0.49706136097685827,-17.9392671087567
public_input_complements,low g,0.6,1,0.5005082749838822,1.2,0.8203833297223115,0.324029514593984,0.22952042180069393,0.49465525580069686,0.4971347255886102,-17.938730986216033
public_input_complements,low g,0.6,1,0.500732079632158,1.2,0.8203512823932562,0.3240332056796583,0.2295604418748058,0.4947444783182463,0.49722439533589,-17.93807568143103
public_input_complements,low g,0.6,1,0.5009967050608752,1.2,0.8203133801704934,0.32403757258127086,0.22960777660505172,0.4948499432239391,0.4973303888866225,-17.937301168077937
public_input_complements,low g,0.6,1,0.5013022158749305,1.2,0.8202697327833629,0.32404262944086015,0.2296623468088951,0.49497162840437114,0.4974526840165598,-17.93640741506494
public_input_complements,low g,0.6,1,0.5016486866891229,1.2,0.8202204436737437,0.3240481699236782,0.22972360336140119,0.49510938818330863,0.4975911343192628,-17.93539438654658
public_input_complements,low g,0.6,1,0.502036202158526,1.2,0.8203589244875931,0.3240322690241131,0.22955077660449136,0.4951898240980999,0.4976719734207548,-17.934262823140376
public_input_complements,low g,0.6,1,0.502464857012963,1.2,0.8202979668183636,0.32403922644722266,0.2296267623076374,0.49536011750416586,0.4978431204260709,-17.933013028675493
public_input_complements,low g,0.6,1,0.5029347560956027,1.2,0.8202310436688258,0.324046929364816,0.2297103237591769,0.49554675494280187,0.49803069338876127,-17.93164400503364
public_input_complements,low g,0.6,1,0.5034460144056994,1.2,0.8201582828130624,0.3240553397209074,0.2298012509840978,0.49574968196440655,0.4982346375862946,-17.930155697510937
public_input_complements,low g,0.6,1,0.5039987571454999,1.2,0.820080403401051,0.32406437138807764,0.22989863879719674,0.4959686309111504,0.4984546840192011,-17.928548049595495
public_input_complements,low g,0.6,1,0.5045931197713469,1.2,0.8200374646859205,0.3240693629392516,0.229952359262863,0.4961883164415339,0.49867547072788815,-17.926821513629047
public_input_complements,low g,0.6,1,0.5052292480490046,1.2,0.819947311890902,0.324079801774805,0.23006505994267684,0.4964400684920088,0.49892848469076745,-17.92497559115423
public_input_complements,low g,0.6,1,0.5059072981132409,1.2,0.819851313480238,0.32409091102451837,0.2301850543327216,0.49670812789090363,0.4991978877429909,-17.9230101588141
public_input_complements,low g,0.6,1,0.5066274365316988,1.2,0.8197494891984696,0.3241026900507984,0.23031232131125506,0.4969924988440009,0.49948368411142235,-17.92092513863437
public_input_complements,low g,0.6,1,0.507389840373095,1.2,0.8197986399668775,0.32409973031756906,0.23025677751907184,0.4972348729676514,0.4997272731404234,-17.918720711875867
public_input_complements,low g,0.6,1,0.5081946972797818,1.2,0.8196889853636968,0.3241096545449274,0.2303878684533462,0.4975488439739578,0.5000428179329481,-17.91639919759787
public_input_complements,low g,0.6,1,0.5090422055447187,1.2,0.819569838364627,0.3241234512471133,0.23053681632913775,0.4978821582162839,0.5003778029198667,-17.913957985883744
public_input_complements,low g,0.6,1,0.5099325741928927,1.2,0.8194448172120097,0.32413792479688497,0.23069310034926177,0.49823185194335334,0.5007292494940374,-17.911396980092313
public_input_complements,low g,0.6,1,0.5108660230672385,1.2,0.8193139815903286,0.3241530616897973,0.23085663165963355,0.49859791251390495,0.5010971449508348,-17.908716079622018
public_input_complements,low g,0.6,1,0.5118427829191048,1.2,0.819177394315896,0.32416887980042586,0.23102738605302386,0.4989803449279504,0.501481494315333,-17.905915179402836
public_input_complements,low g,0.6,1,0.5128630955033207,1.2,0.8190728356919519,0.3241741490341348,0.2311433262217793,0.4993607555720203,0.5018638117756914,-17.90299473466918
public_input_complements,low g,0.6,1,0.5139272136779165,1.2,0.8191235575729093,0.3241750900598104,0.23109463695628107,0.49970367999035,0.5022084551098212,-17.8999587627789
public_input_complements,low g,0.6,1,0.5150354015085564,1.2,0.8189848907813472,0.32419111347353924,0.2312679143214976,0.5001294189276518,0.5026363280724269,-17.896803141912127
public_input_complements,low g,0.6,1,0.5161879343777439,1.2,0.8188823658736513,0.32420300524207446,0.23139612544922955,0.5005555314492025,0.5030645764918803,-17.893528252520312
public_input_complements,low g,0.6,1,0.5173850990988615,1.2,0.8187772395257341,0.32421635431372176,0.23153008579190507,0.5009975208423666,0.5035087813660971,-17.89013435047347
public_input_complements,low g,0.6,1,0.5186271940351138,1.2,0.8186501399302062,0.32422991409024743,0.23168647450472823,0.5014608346987902,0.5039744175928905,-17.886621658480287
public_input_complements,low g,0.6,1,0.5199145292234401,1.2,0.8187739039665575,0.32421554724335944,0.2315316780790989,0.5018425187945683,0.5043580148881605,-17.88299496900228
public_input_complements,low g,0.6,1,0.5212474265034702,1.2,0.8186767352871864,0.3242268002202946,0.23165315318864993,0.5023234162322062,0.5048413228342359,-17.879252072660773
public_input_complements,low g,0.6,1,0.5226262196515982,1.2,0.8187133636325402,0.32422271704058864,0.23160770517513116,0.5027670497482735,0.5052871800725562,-17.87539449038382
public_input_complements,low g,0.6,1,0.5240512545202515,1.2,0.8186148413236829,0.324233953174596,0.2317304975334445,0.5032768489208505,0.5057995346241199,-17.871420920362866
public_input_complements,low g,0.6,1,0.5255228891824385,1.2,0.8186312033317865,0.3242445488477621,0.23173702217937964,0.5037638611563845,0.5062889880186433,-17.867329539729774
public_input_complements,low g,0.6,1,0.5270414940816569,1.2,0.8185681638035387,0.3242393492925989,0.23178883066847505,0.5042813011472862,0.5068090216882929,-17.863126593057338
public_input_complements,low g,0.6,1,0.5286074521872524,1.2,0.8184696235455224,0.3242507934305956,0.2319120902645639,0.5048340557404443,0.5073645469753792,-17.858806275503657
public_input_complements,low g,0.6,1,0.5302211591553182,1.2,0.818375807918026,0.3242622931050993,0.23203074518898856,0.5053996500181741,0.5079329763062242,-17.8543687945773
public_input_complements,low g,0.6,1,0.5318830234952302,1.2,0.8182346010646429,0.32427876851949694,0.23220753893747045,0.5059976842826631,0.5085340082299387,-17.849814534686026
public_input_complements,low g,0.6,1,0.5335934667419154,1.2,0.8182131028197854,0.32428043819672864,0.23223264368514834,0.5065630100642126,0.5091021677187605,-17.845148675029076
public_input_complements,low g,0.6,1,0.5353529236339561,1.2,0.818184847410834,0.3242837116051832,0.23226796965636162,0.5071457328649488,0.5096878114296906,-17.840369753074153
public_input_complements,low g,0.6,1,0.537161842297634,1.2,0.818116655084298,0.32429159861281875,0.2323531979193907,0.5077583314222387,0.5103034806500273,-17.835475399996767
public_input_complements,low g,0.6,1,0.5390206844370244,1.2,0.8180347262117356,0.32426726884499324,0.23238257449345007,0.5083708455504719,0.5109190650181049,-17.830464890594566
public_input_complements,low g,0.6,1,0.5409299255302531,1.2,0.8180194771370216,0.3243036085253873,0.23247631727781518,0.5090117530598351,0.5115631850897279,-17.82534735589579
public_input_complements,low g,0.6,1,0.5428900550320312,1.2,0.8180591504220137,0.32429824236070315,0.23242505307710515,0.5096247524855582,0.5121792571878592,-17.820120554329513
public_input_complements,low g,0.6,1,0.5449015765825912,1.2,0.8179438252197738,0.3243116039051479,0.23256923921534564,0.5103133072561286,0.5128712633535799,-17.814778146293786
public_input_complements,low g,0.6,1,0.5469650082231464,1.2,0.8179904252377513,0.3243068721619335,0.23251241863202501,0.5109530780566687,0.513514241018603,-17.809321703452138
public_input_complements,low g,0.6,1,0.5490808826180046,1.2,0.8177176316038882,0.3243384642878332,0.23285345125783163,0.5117324740931135,0.5142975437939382,-17.803754606935637
public_input_complements,low g,0.6,1,0.5512497472834679,1.2,0.8175968689542488,0.32435245318272843,0.2330044299204446,0.5124666262637408,0.5150353759176347,-17.79807266748393
public_input_complements,low g,0.6,1,0.5534721648236569,1.2,0.8174977541314294,0.3243302663058615,0.23305562108923134,0.5131868367829839,0.5157591965071288,-17.792274494030526
public_input_complements,low g,0.6,1,0.5557487131734017,1.2,0.8175156211725493,0.3243822231639142,0.23314998086150526,0.513927245830636,0.5165033168705766,-17.786368910329667
public_input_complements,low g,0.6,1,0.5580799858483445,1.2,0.817247894670595,0.3243929103662775,0.23344079172056453,0.5147510572606945,0.5173312576726126,-17.7803501591255
public_input_complements,low g,0.6,1,0.5604665922024078,1.2,0.8172353713920661,0.3243944030244863,0.23345653914082426,0.5155005257094062,0.5180844828475568,-17.774218601919234
public_input_complements,low g,0.6,1,0.5629091576927818,1.2,0.8173249591528606,0.3243237864666091,0.23321441961501505,0.5161879228040358,0.5187753255344619,-17.767983755094
public_input_complements,low g,0.6,1,0.5654083241525933,1.2,0.8173328026922606,0.32438316855972016,0.23333484139673505,0.5169940104326739,0.5195854536941531,-17.76165128379518
public_input_complements,low g,0.6,1,0.5679647500714233,1.2,0.8171984263140062,0.3243987514139298,0.23350287674008235,0.5178353516027785,0.5204310121044228,-17.755203838217533
public_input_complements,low g,0.6,1,0.5705791108838415,1.2,0.8172165685739254,0.3243968323382405,0.23348058927667426,0.5186304877858707,0.5212301339242188,-17.748645679790577
public_input_complements,low g,0.6,1,0.5732520992661372,1.2,0.8169220801711032,0.32443077972921847,0.23384840404400875,0.519565057757956,0.5221693884477836,-17.741980720544984
public_input_complements,low g,0.6,1,0.5759844254414287,1.2,0.8167886234588881,0.32444528053141974,0.23401318248897834,0.5204494809558649,0.5230582448354205,-17.735201424603158
public_input_complements,low g,0.6,1,0.578776817493336,1.2,0.816804030541511,0.3244436768001969,0.23399431134691456,0.5212895008911579,0.5239024753881615,-17.728312213881622
public_input_complements,low g,0.6,1,0.5816300216884137,1.2,0.8165040431437451,0.32447820307613756,0.23436887550071203,0.5222707160401489,0.5248886088985544,-17.72131537319367
public_input_complements,low g,0.6,1,0.5845448028075416,1.2,0.8165098684105272,0.3244775158190499,0.2343615657586205,0.523143769708714,0.5257660387668447,-17.714211232343285
public_input_complements,low g,0.6,1,0.5875219444864789,1.2,0.8164895290926293,0.32448085620516104,0.23438912031051862,0.5240425328914089,0.5266693070187405,-17.707006454918428
public_input_complements,low g,0.6,1,0.5905622495657936,1.2,0.8164156032765338,0.32448845512075974,0.2344794597843073,0.5249764140216524,0.5276078692476295,-17.699703409789564
public_input_complements,low g,0.6,1,0.5936665404503856,1.2,0.8163747838552379,0.3244931656509161,0.234530453950741,0.5259121352579162,0.5285482808061086,-17.692288548487582
public_input_complements,low g,0.6,1,0.5968356594788269,1.2,0.8162319979043693,0.32450969660182083,0.2347089467555638,0.5269039982312942,0.5295451155133303,-17.684773868305346
public_input_complements,low g,0.6,1,0.600070469302753,1.2,0.816062779584557,0.3245292700748914,0.2349204437772085,0.5279214698531515,0.5305676872329161,-17.677152790437777
public_input_complements,low g,0.6,1,0.6033718532765401,1.2,0.8159182598897721,0.32454138732793714,0.23509113673857213,0.5289409609367519,0.531592288536839,-17.669417982390964
public_input_complements,low g,0.6,1,0.6067407158575169,1.2,0.8157520070716582,0.3245652307716449,0.23530889139509492,0.529989862287846,0.5326464475278349,-17.66158431010485
public_input_complements,low g,0.6,1,0.6101779830169621,1.2,0.8157665897081616,0.32456350118777594,0.23529057285743432,0.5309767511735529,0.5336382832146674,-17.653649554163568
public_input_complements,low g,0.6,1,0.6136846026621482,1.2,0.8159183613732676,0.32454607767668325,0.2351011664083683,0.5319219514975527,0.5345882213750075,-17.645607536510045
public_input_complements,low g,0.6,1,0.6172615450697004,1.2,0.8155618204036696,0.32458721067617036,0.23554655465685842,0.5330908483485387,0.5357629773458416,-17.637473561057586
public_input_complements,low g,0.6,1,0.6209098033305457,1.2,0.8154039429530402,0.32460550386515175,0.2357439453956876,0.53419313372988,0.5368707879556499,-17.62923047741916
public_input_complements,low g,0.6,1,0.6246303938067362,1.2,0.8152740016139841,0.32462140476471685,0.23590823267780442,0.5352993894696421,0.5379825888253833,-17.620885047112132
public_input_complements,low g,0.6,1,0.6284243566004422,1.2,0.8152015020924019,0.32462891382035963,0.23599695175957486,0.5363957217051456,0.5390844164490861,-17.612447242743997
public_input_complements,low g,0.6,1,0.6322927560354111,1.2,0.8152058612857629,0.32462871995840903,0.2359921738244006,0.5374757126619474,0.5401698208830868,-17.603901324258718
public_input_complements,low g,0.6,1,0.6362366811512086,1.2,0.8149840674798065,0.3246541088959436,0.2362688077354317,0.5386643217731115,0.5413643879222144,-17.595265845050193
public_input_complements,low g,0.6,1,0.6402572462105554,1.2,0.8148439229716382,0.3246703005884347,0.23644392629938088,0.539834182659155,0.5425401127603517,-17.586525347494018
public_input_complements,low g,0.6,1,0.6443555912200942,1.2,0.8149649675059145,0.32468855238294775,0.23636230564125274,0.5409299603084561,0.5436413830179773,-17.577680225485523
public_input_complements,low g,0.6,1,0.6485328824649206,1.2,0.8145656093248911,0.3247025129937655,0.23679181874164257,0.5422183069416834,0.5449361875155777,-17.56874733533354
public_input_complements,low g,0.6,1,0.652790313057229,1.2,0.8143968779525673,0.32472203800134836,0.23700272413034507,0.5434454334259298,0.5461694649969234,-17.559703463636758
public_input_complements,low g,0.6,1,0.6571291034994325,1.2,0.8142387780606637,0.3247411224494121,0.23720204643006662,0.5446837438598285,0.5474139824877026,-17.55056532092211
public_input_complements,low g,0.6,1,0.6615505022621248,1.2,0.8143556864683144,0.32472675997265443,0.23705411507261928,0.5458199282792427,0.5485558620552193,-17.541343868372188
public_input_complements,low g,0.6,1,0.6660557863772645,1.2,0.8144266167692124,0.3247188642247582,0.2369661299562654,0.5469908378987285,0.5497326408835971,-17.53201904171927
public_input_complements,low g,0.6,1,0.6706462620469753,1.2,0.8139595179323977,0.3247734415576267,0.23755111583207605,0.548405392848999,0.5511542863200627,-17.52260704339751
public_input_complements,low g,0.6,1,0.6753232652683625,1.2,0.8138237928556531,0.3247891556662606,0.23772078338346986,0.5496942310331979,0.5524495848325442,-17.51308849841821
public_input_complements,low g,0.6,1,0.6800881624747613,1.2,0.813682066871525,0.32480556410300154,0.23789795159095853,0.5510008111818547,0.5537627142414506,-17.503481071904595
public_input_complements,low g,0.6,1,0.6849423511938463,1.2,0.8134694094984644,0.32483015034030416,0.23816371523659266,0.5523529519572241,0.5551216326506615,-17.493775929997554
public_input_complements,low g,0.6,1,0.6898872607230374,1.2,0.8138010534359286,0.32479176469992665,0.2377491583159131,0.5534866282521299,0.5562609915216432,-17.483968738279493
public_input_complements,low g,0.6,1,0.6949243528226603,1.2,0.813309797654807,0.32484865320251605,0.23836329326262753,0.5549890624167189,0.5577709566688221,-17.474091250865897
public_input_complements,low g,0.6,1,0.7000551224273222,1.2,0.8131889098397047,0.32486268786200984,0.2385144959422365,0.5563475228037188,0.5591362263668486,-17.46410747119427
public_input_complements,low g,0.6,1,0.7052810983759861,1.2,0.8130334901649084,0.324880670076655,0.23870875720066642,0.557736119261082,0.5605317831929196,-17.454042756872656
public_input_complements,low g,0.6,1,0.7106038441612367,1.2,0.8128393177803108,0.3249031336044092,0.23895145080521304,0.5591568476943323,0.5619596330570772,-17.44388167827595
public_input_complements,low g,0.6,1,0.7160249586982449,1.2,0.8130026477165107,0.32492931650191514,0.2388446759276261,0.5604666317978779,0.5632759824807632,-17.433621356205997
public_input_complements,low g,0.6,1,0.7215460771139571,1.2,0.8126355783870711,0.32492672598041805,0.23920614973063187,0.5619639869950963,0.5647808432021414,-17.423290693985713
public_input_complements,low g,0.6,1,0.7271688715570458,1.2,0.8126350263177634,0.32492623425452216,0.23920563967200448,0.5633456116257817,0.566169393255108,-17.412860388380253
public_input_complements,low g,0.6,1,0.7328950520291776,1.2,0.8125384533798333,0.3249380018396525,0.239327630593816,0.5647851359859272,0.5676161332611362,-17.402363703110197
public_input_complements,low g,0.6,1,0.7387263672381705,1.2,0.8125582781217648,0.3249356879690426,0.2393028078913671,0.5661881396980128,0.5690261695585948,-17.391782774716336
public_input_complements,low g,0.6,1,0.7446646054736273,1.2,0.8124126564046643,0.3249525669186214,0.23948488813955787,0.5676792764886618,0.570524780703511,-17.38112173772881
public_input_complements,low g,0.6,1,0.7507115955056528,1.2,0.8124301675574505,0.32495051825774907,0.2394629518792876,0.569113329866514,0.5719660223038332,-17.37038785954858
public_input_complements,low g,0.6,1,0.7568692075072764,1.2,0.8124596799206822,0.32494701936478404,0.23942588190725123,0.5705568853636399,0.5734168136530001,-17.35956368146887
public_input_complements,low g,0.6,1,0.7631393540012239,1.2,0.8125728473339507,0.3249340041497722,0.23928460162955725,0.5719779737784096,0.5748450253030919,-17.34870097199353
public_input_complements,low g,0.6,1,0.7695239908317001,1.2,0.8125121904399275,0.32494044259455634,0.23935916556431436,0.5734912561750062,0.5763658930592676,-17.337744122794874
public_input_complements,low g,0.6,1,0.7760251181618615,1.2,0.8122795577757467,0.32496798586419906,0.2396512916909233,0.5750979461026507,0.577980636553689,-17.326716585187928
public_input_complements,low g,0.6,1,0.7826447814976824,1.2,0.8122259236922461,0.32497415909924565,0.23971825996212448,0.5766389781000018,0.5795293930060718,-17.315603959992366
public_input_complements,low g,0.6,1,0.7893850727389358,1.2,0.8122225520186758,0.32497397667844463,0.23972123760676467,0.5781719837404783,0.5810700828692987,-17.30441368852187
public_input_complements,low g,0.6,1,0.7962481312580323,1.2,0.8125288938165376,0.32493854370027725,0.23933836057606123,0.5795792900784247,0.5824844433596196,-17.29317679575776
public_input_complements,low g,0.6,1,0.8032361450074849,1.2,0.8120562988604695,0.32499324084642034,0.23992910136779852,0.5813565361128802,0.5842705978768952,-17.281866631646423
public_input_complements,low g,0.6,1,0.8103513516567865,1.2,0.8122700674753437,0.32496909349939573,0.2396631744833512,0.5828359372679609,0.5857574145611252,-17.270496827262328
public_input_complements,low g,0.6,1,0.8175960397595149,1.2,0.8119229312412455,0.32494737880460783,0.23996340697670732,0.5845447788136648,0.5874748217107223,-17.25904023934176
public_input_complements,low g,0.6,1,0.8249725499515008,1.2,0.8119689777842125,0.3250039220094121,0.2400394937561177,0.5861731514403892,0.589111356589205,-17.24751864383143
public_input_complements,low g,0.6,1,0.8324832761809209,1.2,0.812232680611318,0.3249727775140508,0.23970851881903182,0.5876724447007928,0.5906181650883509,-17.235922100202306
public_input_complements,low g,0.6,1,0.8401306669712053,1.2,0.8119129778825229,0.32496115969551376,0.24000312705978688,0.5894239736275972,0.5923784735904366,-17.224279398558988
public_input_complements,low g,0.6,1,0.8479172267176741,1.2,0.8122048929709312,0.3249760024570177,0.2397432723362268,0.5909733228858626,0.5939355889941775,-17.212578732272917
public_input_complements,low g,0.6,1,0.8558455170188431,1.2,0.8117587598095067,0.32502767289227485,0.24030101363780687,0.5928489595278214,0.5958206273039288,-17.200806456017734
public_input_complements,low g,0.6,1,0.8639181580433734,1.2,0.8119856899434528,0.32500202581602206,0.2400186858191548,0.5944247121870957,0.597404278456277,-17.188969389597855
public_input_complements,low g,0.6,1,0.8721378299336601,1.2,0.8115993478866917,0.3250468172469759,0.24050177736677625,0.5963038797475463,0.5992928653833226,-17.177065662778542
public_input_complements,low g,0.6,1,0.8805072742470966,1.2,0.8120643618525155,0.32499228837959504,0.23991898104740972,0.5977950458538485,0.6007915059908375,-17.165105099567665
public_input_complements,low g,0.6,1,0.88902929543607,1.2,0.8115853067048922,0.3250484297184593,0.24051930148697992,0.5997499507776607,0.6027562099163585,-17.153088711283978
public_input_complements,low g,0.6,1,0.8977067623677852,1.2,0.8117137672161274,0.3250328653764186,0.24035722199693704,0.6014301329633904,0.6044448140503418,-17.141013064348588
public_input_complements,low g,0.6,1,0.9065426098850453,1.2,0.8117083490203258,0.3250334611043092,0.24036392696498204,0.6031894001399563,0.6062128995903273,-17.12888305253621
public_input_complements,low g,0.6,1,0.9155398404091444,1.2,0.8116446787683607,0.3250415392730064,0.24044504606133305,0.6049921513825555,0.6080246871611346,-17.1166993780218
public_input_complements,low g,0.6,1,0.9247015255860773,1.2,0.8118195852779237,0.325085927168779,0.24036601740663882,0.6067407312530543,0.6097820318247085,-17.104440956603348
public_input_complements,low g,0.6,1,0.9340308079772923,1.2,0.8114703185542149,0.3250610642805893,0.2406615802918579,0.6086642660124831,0.6117152083422428,-17.092153057051952
public_input_complements,low g,0.6,1,0.9435309027962627,1.2,0.8118871814552672,0.3250134400007001,0.2401418489462449,0.6102778889048809,0.6133369195530479,-17.079781854017796
public_input_complements,low g,0.6,1,0.9532050996921831,1.2,0.8115622945975134,0.32505105289416414,0.24054797965388122,0.6122676040353796,0.6153366081721425,-17.067391132319376
public_input_complements,low g,0.6,1,0.9630567645821445,1.2,0.8116094970805913,0.32504490524230595,0.2404874982427895,0.6140898471857082,0.617167985354273,-17.05492908504975
public_input_complements,low g,0.6,1,0.9730893415331738,1.2,0.8112692211293571,0.32508510595637796,0.2409146077364193,0.616119045645504,0.6192073552136763,-17.04242675576526
public_input_complements,low g,0.6,1,0.9833063546955787,1.2,0.8114981501565014,0.3250585363666186,0.24062828839539463,0.6178816328319171,0.620978777405128,-17.029863480571528
public_input_complements,low g,0.6,1,0.9937114102890687,1.2,0.8113196463560478,0.3250791848206781,0.24085139285661683,0.6198608321675072,0.6229678975186725,-17.017258827318635
public_input_complements,low g,0.6,1,1.0043081986431819,1.2,0.8113804127466944,0.3250714660918047,0.2407739540116039,0.6217353949847196,0.6248518566211085,-17.004600362726332
public_input_complements,low g,0.6,1,1.0151004962935855,1.2,0.811207330011416,0.3250922986359065,0.24099203504214192,0.6237428620328463,0.6268693861396886,-16.991881906264187
public_input_complements,low g,0.6,1,1.0260921681358672,1.2,0.8113699991071834,0.3250733552141754,0.24078844815543543,0.6255958378445319,0.6287316500312821,-16.97914947302534
public_input_complements,low g,0.6,1,1.037287169638491,1.2,0.8108763199870256,0.32512979878711523,0.2414040453931433,0.6277944054142994,0.6309412379668539,-16.966353245736993
public_input_complements,low g,0.6,1,1.0486895491166357,1.2,0.8114047974709282,0.3250686403138887,0.24074346560707144,0.6294909177441865,0.6326462541001827,-16.95352205298271
public_input_complements,low g,0.6,1,1.0603034500686892,1.2,0.8107526122593258,0.3251294137641031,0.2415269214711368,0.6317909957508074,0.6349578612957901,-16.94063944144461
public_input_complements,low g,0.6,1,1.0721331135772334,1.2,0.8111425468526547,0.3250989635968489,0.24107121451653873,0.6335969132668329,0.6367728310110351,-16.927715569040927
public_input_complements,low g,0.6,1,1.0841828807763967,1.2,0.810777943539975,0.3251411944596243,0.2415270364928136,0.6357927091017381,0.6389796333183658,-16.91475015047744
public_input_complements,low g,0.6,1,1.0964571953875313,1.2,0.8109112804927705,0.325125748261617,0.24136033575232216,0.6377473257871813,0.6409440475607169,-16.901741043409455
public_input_complements,low g,0.6,1,1.1089606063252093,1.2,0.8106792402933382,0.3251525928330224,0.24165036022599018,0.6399053884607918,0.6431129275684946,-16.888698139589152
public_input_complements,low g,0.6,1,1.1216977703756155,1.2,0.8110387670261101,0.32511101220299676,0.2412010193323631,0.6417706739606726,0.6449875628508523,-16.87563888043551
public_input_complements,low g,0.6,1,1.1346734549494641,1.2,0.8108619687591441,0.325131455353956,0.24142197480540067,0.6439295190312944,0.6471572291774227,-16.86252822217803
public_input_complements,low g,0.6,1,1.147892540911644,1.2,0.8106532783840001,0.32515633675431477,0.24168440900531957,0.6461208622533825,0.6493595565531217,-16.849381009533538
public_input_complements,low g,0.6,1,1.1613600254898573,1.2,0.8106629396784324,0.3251544634432241,0.24167070135893168,0.6482110583145586,0.6514602297656548,-16.8361756515283
public_input_complements,low g,0.6,1,1.1750810252645967,1.2,0.8110014144790822,0.3251152936147836,0.24124761972885045,0.650141594549995,0.6534004428542411,-16.822976737816496
public_input_complements,low g,0.6,1,1.189060779242872,1.2,0.8103955945608383,0.3251859172436802,0.24200598668551085,0.6525884565638095,0.6558595698149399,-16.80972343406887
public_input_complements,low g,0.6,1,1.2033046520181812,1.2,0.8109531265720658,0.3251209408004853,0.24130810555698262,0.6544289943306717,0.6577093333157511,-16.7964720364778
public_input_complements,low g,0.6,1,1.217818137019287,1.2,0.8104561965322894,0.3251784223300761,0.2419291957006751,0.6568483762230847,0.6601408424103665,-16.783161272645316
public_input_complements,low g,0.6,1,1.2326068598504607,1.2,0.8106964840898758,0.32515059700776805,0.24162880544690338,0.658886129456273,0.6621888099241428,-16.76982715305916
public_input_complements,low g,0.6,1,1.247676581725918,1.2,0.8103609716812463,0.32518941883753427,0.2420481730078276,0.6612491434375591,0.6645636685623011,-16.756460137328325
public_input_complements,low g,0.6,1,1.2630332030012734,1.2,0.8106817596009042,0.32515229496907716,0.24164719753230246,0.6632702697494188,0.6665949258119582,-16.743071482989794
public_input_complements,low g,0.6,1,1.2786827668049243,1.2,0.8104135351421126,0.32518336104563206,0.24198252471645254,0.6656262811656328,0.6689627467845412,-16.729666977647014
public_input_complements,low g,0.6,1,1.294631462772364,1.2,0.8105865563886654,0.32516336989534156,0.24176632258527242,0.667754926144461,0.671102061640728,-16.71623913380526
public_input_complements,low g,0.6,1,1.31088563088653,1.2,0.8106109860363238,0.325160498352827,0.24173569040578258,0.6699786311028209,0.6733369129665767,-16.70276689272799
public_input_complements,low g,0.6,1,1.3274517654273796,1.2,0.81051381307689,0.32517175569989243,0.2418571792348777,0.6722836432553402,0.6756534790405917,-16.68929457800907
public_input_complements,low g,0.6,1,1.3443365190339982,1.2,0.8105765061007576,0.3251644933418182,0.2417787995175699,0.674513764482193,0.6778947787966131,-16.67577238009446
public_input_complements,low g,0.6,1,1.3615467068826452,1.2,0.8106466828746008,0.32515637377865275,0.24169108448728926,0.6767531104834003,0.6801453495663629,-16.662266226610143
public_input_complements,low g,0.6,1,1.3790893109842512,1.2,0.810165217311887,0.3252121273936158,0.24229297785832335,0.6793163469812062,0.6827214343405817,-16.648719814690747
public_input_complements,low g,0.6,1,1.3969714846049992,1.2,0.8107119178112523,0.32514881895841136,0.24160953113891637,0.6813142111999151,0.6847293128953611,-16.6351549589381
public_input_complements,low g,0.6,1,1.4152005568137338,1.2,0.8100600155747266,0.3252242773008693,0.24242442339515088,0.6840038820016993,0.6874324657281441,-16.621569841377323
public_input_complements,low g,0.6,1,1.4337840371600625,1.2,0.8108776469324843,0.32512961906720333,0.2414023302526749,0.6858714208562016,0.6893093656601104,-16.607965806994528
public_input_complements,low g,0.6,1,1.4527296204871472,1.2,0.8102135684612619,0.3252064987200831,0.24223246877411753,0.6885983998447537,0.6920500136877258,-16.59436561337768
public_input_complements,low g,0.6,1,1.4720451918832933,1.2,0.8103997786603752,0.32518571901159926,0.24200137440467942,0.6908527383182838,0.6943156520798786,-16.580735570281426
public_input_complements,low g,0.6,1,1.4917388317766058,1.2,0.8103974288358049,0.3251851973323847,0.24200259740214605,0.6932272147902383,0.6967020306646788,-16.56709599425463
public_input_complements,low g,0.6,1,1.5118188211770927,1.2,0.810372481095029,0.32518804869348905,0.24203370408290745,0.6956287724721479,0.6991156262045641,-16.55343424449263
public_input_complements,low g,0.6,1,1.5322936470707536,1.2,0.8102893856004554,0.32519772789252005,0.24213770664738804,0.6980777477949556,0.7015768770672616,-16.539764139256786
public_input_complements,low g,0.6,1,1.5531720079703377,1.2,0.8104216155438122,0.32518235574318877,0.24197227286147577,0.7004136942989492,0.7039245325518327,-16.526069545814448
public_input_complements,low g,0.6,1,1.5744628196276003,1.2,0.8101078973830447,0.3252187455583118,0.24236459302290875,0.7030253066688332,0.7065492356831976,-16.51239171648947
public_input_complements,low g,0.6,1,1.5961752209120554,1.2,0.8104129511594623,0.32518396821467227,0.24198442018422994,0.705285120457425,0.7088203768355431,-16.498689596510534
public_input_complements,low g,0.6,1,1.618318579861377,1.2,0.8100494853752589,0.32522549767832115,0.24243758960991496,0.7079535283264842,0.7115021601547072,-16.48500346773594
public_input_complements,low g,0.6,1,1.6409024999087747,1.2,0.8099819958076042,0.325232842825332,0.24252094469511282,0.7104596768560711,0.7140208708060756,-16.471266805023983
public_input_complements,low g,0.6,1,1.6639368262928396,1.2,0.8100279140661413,0.32522800978101196,0.24246458706084467,0.7129116435104343,0.7164851279944403,-16.45756233280961
public_input_complements,low g,0.6,1,1.6874316526555453,1.2,0.8096667000883171,0.32526980548604617,0.2429160797615426,0.7156214120153207,0.7192084792704816,-16.443808254541832
public_input_complements,low g,0.6,1,1.7113973278342638,1.2,0.8101893570696114,0.3252093271988881,0.24226278967998707,0.7178095740816831,0.7214076095448453,-16.430096705947054
public_input_complements,low g,0.6,1,1.7358444628538618,1.2,0.8098804568731427,0.32524504389896214,0.2426488379486157,0.7205143440525791,0.7241259372316404,-16.416365836785644
public_input_complements,low g,0.6,1,1.7607839381251333,1.2,0.8101960774450796,0.32520927166238117,0.2422559493456638,0.7228511909514899,0.7264744976243771,-16.402623306535233
public_input_complements,low g,0.6,1,1.7862269108560356,1.2,0.8096993669545358,0.3252660218395268,0.24287524021884216,0.7256975484124528,0.7293351225114865,-16.388885963289372
public_input_complements,low g,0.6,1,1.8121848226824113,1.2,0.8102511662109197,0.32520202781647595,0.2421852138726684,0.7279106672205091,0.7315593346237325,-16.375117337245655
public_input_complements,low g,0.6,1,1.8386694075250942,1.2,0.8099459778417409,0.32523745642451307,0.2425669280352073,0.7306660501908286,0.7343285290086664,-16.36139815111496
public_input_complements,low g,0.6,1,1.8656926996805347,1.2,0.810254486990355,0.3252025081012222,0.24218293050828493,0.7330521216480614,0.7367265606988506,-16.347638247847957
public_input_complements,low g,0.6,1,1.8932670421523103,1.2,0.8100795222539422,0.32522196176101814,0.24239991514985712,0.7357507591940027,0.7394387252217828,-16.33391481122713
public_input_complements,low g,0.6,1,1.921405095231136,1.2,0.8096832984193463,0.32526747040237824,0.24289443764979074,0.7386023159115465,0.742304575426855,-16.320172851985944
public_input_complements,low g,0.6,1,1.9501198453312445,1.2,0.8096493401157638,0.3252718073506722,0.24293776376168805,0.7412390493239842,0.7449545255205233,-16.306445486769466
public_input_complements,low g,0.6,1,1.979424614091259,1.2,0.8096144902364657,0.3252758349938711,0.24298131335029582,0.743887873715295,0.7476166271993484,-16.29270384998666
public_input_complements,low g,0.6,1,2.009333067747975,1.2,0.8098230513882274,0.3252517105291458,0.24272064335472757,0.7463927098301333,0.7501340188574618,-16.278984151553754
public_input_complements,low g,0.6,1,2.0398592267917226,1.2,0.80994955502024,0.3252370343771629,0.24256243923443188,0.7489604134034917,0.7527145930985424,-16.265261041712144
public_input_complements,low g,0.6,1,2.071017475912293,1.2,0.8098523366509909,0.3252483260476773,0.24268404761199205,0.7516835273428618,0.7554513567033361,-16.251553368450082
public_input_complements,low g,0.6,1,2.1028225742447084,1.2,0.8094901550315189,0.32529023012483643,0.24313674203812774,0.7545905912933127,0.7583729923724785,-16.237847274765027
public_input_complements,low g,0.6,1,2.135289665924415,1.2,0.810122607085112,0.32522525805177194,0.24236395030671543,0.7568695591702064,0.7606633836233927,-16.224128096826902
public_input_complements,low g,0.6,1,2.168434290961828,1.2,0.8097625389964187,0.32525870497659337,0.24279626375302293,0.7597912017977819,0.7635996710455829,-16.21047136736956
public_input_complements,low g,0.6,1,2.2022723964464688,1.2,0.8095191827634827,0.325286681734736,0.24310004978354716,0.7626567556095243,0.7664795885055802,-16.196775543306426
public_input_complements,low g,0.6,1,2.23682034809129,1.2,0.8097645712281129,0.3252584926024738,0.24279377279323042,0.7652112716325604,0.7690469090934674,-16.183130941667343
public_input_complements,low g,0.6,1,2.2720949421281498,1.2,0.809059413830963,0.32534008548639887,0.24367517081965856,0.7684073144747464,0.7722589721670674,-16.169450749615226
public_input_complements,low g,0.6,1,2.308113417565749,1.2,0.810180248478222,0.3252103352022204,0.24227407555857405,0.7703969703360298,0.7742586012198586,-16.155810949839246
public_input_complements,low g,0.6,1,2.344893468821764,1.2,0.8094443127052482,0.3252955195399556,0.2431940095010561,0.7736389271161602,0.7775168083759747,-16.14220454697939
public_input_complements,low g,0.6,1,2.382453258741261,1.2,0.8097543023345781,0.3252595931666511,0.24280641890538823,0.7761887882514155,0.7800794507433588,-16.12857385075231
public_input_complements,low g,0.6,1,2.4208114320139376,1.2,0.8094432489328511,0.3252956534952689,0.2431953626169298,0.7791688016719637,0.783074401543339,-16.114988868320292
public_input_complements,low g,0.6,1,2.4599871290031343,1.2,0.809077523696462,0.325338463243007,0.24365355690843332,0.7821984939483626,0.786119280215471,-16.101384306316252
public_input_complements,low g,0.6,1,2.5,1.2,0.8097247342687014,0.32526299345939963,0.24284333160360172,0.7845453373109217,0.7884778871793385,-16.08780518267349
public_input_complements,low g,0.6,2,0.5,1.2,0.6783195798522308,0.3480675413018977,0.46109760382047327,0.5748777923468804,0.5777593792726257,-17.964604963321797
public_input_complements,low g,0.6,2,0.5000203210855501,1.2,0.6783155841264155,0.3480679704202672,0.4611025727867506,0.5748872992715968,0.5777689338510005,-17.964411310395647
public_input_complements,low g,0.6,2,0.5000812892976928,1.2,0.6783036156162618,0.3480692648463951,0.4611174770553623,0.574915819058497,0.5777975965939274,-17.963830343604894
public_input_complements,low g,0.6,2,0.5001829195049198,1.2,0.6782836820899427,0.3480714589037304,0.4611423867037181,0.5749633614108037,0.5778453772532668,-17.962862038910465
public_input_complements,low g,0.6,2,0.5003252364947652,1.2,0.6782558126531697,0.34807452430819563,0.46117720847781807,0.5750299149211752,0.5779122643644972,-17.96150635626555
public_input_complements,low g,0.6,2,0.5005082749838822,1.2,0.6782200080985386,0.34807849474564634,0.46122201798458734,0.5751154920723855,0.5779982704729631,-17.959763239608407
public_input_complements,low g,0.6,2,0.500732079632158,1.2,0.6781762234191147,0.3480833321600967,0.4612767739199845,0.5752200939866535,0.5781033967065083,-17.957632616892496
public_input_complements,low g,0.6,2,0.5009967050608752,1.2,0.6781244755007342,0.3480890294805273,0.4613414433611017,0.5753437201255872,0.5782276425240422,-17.955114400098818
public_input_complements,low g,0.6,2,0.5013022158749305,1.2,0.6780647327825846,0.3480956459759821,0.4614161922909428,0.5754863988203154,0.5783710363987038,-17.95220848524926
public_input_complements,low g,0.6,2,0.5016486866891229,1.2,0.6781133918513039,0.34809350038413445,0.461362667019913,0.5756238651091209,0.5785091917401494,-17.948914960396557
public_input_complements,low g,0.6,2,0.502036202158526,1.2,0.6780399742880994,0.34809827082092815,0.4614469039337659,0.5758031743091505,0.5786893997312844,-17.945235807731862
public_input_complements,low g,0.6,2,0.502464857012963,1.2,0.6779847598192541,0.34806093020822104,0.46141742989299145,0.5759843169600186,0.5788714503634685,-17.941168942548174
public_input_complements,low g,0.6,2,0.5029347560956027,1.2,0.6783843922013064,0.34806032844095897,0.4610164327027886,0.5761092889368081,0.5789970487648985,-17.936724978267325
public_input_complements,low g,0.6,2,0.5034460144056994,1.2,0.6782850336744398,0.34807127648292946,0.4611406213888444,0.5763471576714999,0.5792361098215848,-17.93189639857725
public_input_complements,low g,0.6,2,0.5039987571454999,1.2,0.6781777194071922,0.3480830756906197,0.4612746962591333,0.5766040989874561,0.5794943390612468,-17.9266806025363
public_input_complements,low g,0.6,2,0.5045931197713469,1.2,0.6781856810656406,0.3480823258260056,0.4612650339077402,0.5768534353454383,0.5797449252229245,-17.92107813275657
public_input_complements,low g,0.6,2,0.5052292480490046,1.2,0.6780625586522713,0.34809584420806294,0.4614188160116155,0.5771485322102969,0.5800415012669738,-17.915091539275625
public_input_complements,low g,0.6,2,0.5059072981132409,1.2,0.6779325690765633,0.348110158219333,0.4615812697648841,0.5774625194113905,0.5803570623354625,-17.908717329002833
public_input_complements,low g,0.6,2,0.5066274365316988,1.2,0.6777935730539427,0.348125525998534,0.4617551199107325,0.5777958816808803,0.5806920955902817,-17.901955265291416
public_input_complements,low g,0.6,2,0.507389840373095,1.2,0.6780236912038511,0.34807476663563397,0.46140987952576684,0.5780590130330507,0.5809565458938437,-17.894817149238506
public_input_complements,low g,0.6,2,0.5081946972797818,1.2,0.6779804495537946,0.3481048546621752,0.46152136082001893,0.5784136512152482,0.5813129617073269,-17.887299768662523
public_input_complements,low g,0.6,2,0.5090422055447187,1.2,0.677896168455631,0.3480775853425306,0.4615437951012284,0.5787767031375336,0.581677833434946,-17.879397237765176
public_input_complements,low g,0.6,2,0.5099325741928927,1.2,0.6782304846833784,0.34807724171398674,0.4612086995239438,0.5790870704290771,0.5819897564490123,-17.871129722619873
public_input_complements,low g,0.6,2,0.5108660230672385,1.2,0.6781850571990445,0.3480822272257891,0.4612654341490453,0.579487046427585,0.5823917373355559,-17.862480194155076
public_input_complements,low g,0.6,2,0.5118427829191048,1.2,0.677998866751639,0.3481028201433416,0.46149832933345986,0.5799352593180928,0.5828421969025268,-17.85344797503242
public_input_complements,low g,0.6,2,0.5128630955033207,1.2,0.6778048038855635,0.3481242756677635,0.4617410533289241,0.5804026940116092,0.583311974622195,-17.844028346971207
public_input_complements,low g,0.6,2,0.5139272136779165,1.2,0.677740450463217,0.3481312657450808,0.46182126024662656,0.5808592148284073,0.5837707837591101,-17.83422380411251
public_input_complements,low g,0.6,2,0.5150354015085564,1.2,0.6775307267214569,0.34815449057859865,0.4620836579108051,0.5813651323133678,0.5842792371660172,-17.82403634970208
public_input_complements,low g,0.6,2,0.5161879343777439,1.2,0.6782134759721492,0.3480824113158313,0.46123743289215624,0.5816937152036281,0.5846094670848688,-17.813478158823003
public_input_complements,low g,0.6,2,0.5173850990988615,1.2,0.6781330974974022,0.34808778185064576,0.4613299917398625,0.5822051504449938,0.58512346590605,-17.802573268047954
public_input_complements,low g,0.6,2,0.5186271940351138,1.2,0.677901048215003,0.34811359990654983,0.4616205963730522,0.582768585082662,0.5856897247715926,-17.791288462403248
public_input_complements,low g,0.6,2,0.5199145292234401,1.2,0.6777153732408723,0.34813411440529607,0.4618527982303393,0.5833393697631607,0.5862633705222084,-17.779618482141593
public_input_complements,low g,0.6,2,0.5212474265034702,1.2,0.677613853867869,0.3481453532401925,0.4619798072808877,0.5839092273083473,0.5868360844902271,-17.767569384558445
public_input_complements,low g,0.6,2,0.5226262196515982,1.2,0.677357533932505,0.3481735777275514,0.4623001403535817,0.5845308144998492,0.5874607874004925,-17.75513620426698
public_input_complements,low g,0.6,2,0.5240512545202515,1.2,0.6777707606399516,0.348159436365174,0.4618548410362632,0.5850314179172562,0.5879639001029715,-17.742350906553604
public_input_complements,low g,0.6,2,0.5255228891824385,1.2,0.6778898829670055,0.3481145920986022,0.4616340119126244,0.585595838849193,0.588531150206603,-17.729200803715138
public_input_complements,low g,0.6,2,0.5270414940816569,1.2,0.6776103491930345,0.34814567668732616,0.46198404553382133,0.5862755811084898,0.5892142996881536,-17.71568569081772
public_input_complements,low g,0.6,2,0.5286074521872524,1.2,0.6774798667984829,0.3481600593454941,0.4621471477970977,0.586939925334011,0.5898819739529628,-17.701790115568585
public_input_complements,low g,0.6,2,0.5302211591553182,1.2,0.6777404642845943,0.34813076257803527,0.46182010524238976,0.5875348685461906,0.5904798993304039,-17.687517655644605
public_input_complements,low g,0.6,2,0.5318830234952302,1.2,0.6776563709102195,0.34814011666069133,0.4619254136762285,0.5882242284948489,0.5911727147101845,-17.672904234672874
public_input_complements,low g,0.6,2,0.5335934667419154,1.2,0.6773460532999318,0.34817481391628335,0.4623144246621989,0.5889818695311207,0.5919341534379545,-17.657917779060536
public_input_complements,low g,0.6,2,0.5353529236339561,1.2,0.6774028419543345,0.3481685023557932,0.4622433213886046,0.5896752590770336,0.59263101861343,-17.64255650670129
public_input_complements,low g,0.6,2,0.537161842297634,1.2,0.6772420282806344,0.34818891118330353,0.4624504222830981,0.5904357889978075,0.5933953607062958,-17.626840715038554
public_input_complements,low g,0.6,2,0.5390206844370244,1.2,0.6774753472034754,0.3481604470693953,0.4621525467499133,0.5911242310334612,0.5940872535720139,-17.610781237579822
public_input_complements,low g,0.6,2,0.5409299255302531,1.2,0.6773060279481795,0.3481792178422338,0.46236443811800676,0.5919214587362012,0.5948884773952435,-17.594355246865586
public_input_complements,low g,0.6,2,0.5428900550320312,1.2,0.6770143992044785,0.3482113545296474,0.46272895286876203,0.5927640189642361,0.5957352609739968,-17.577552414505696
public_input_complements,low g,0.6,2,0.5449015765825912,1.2,0.6772135148193962,0.34818876141671024,0.4624785960737027,0.5935138876793281,0.596488888421665,-17.56037754467877
public_input_complements,low g,0.6,2,0.5469650082231464,1.2,0.6774251481227662,0.34816595322876437,0.4622152338000715,0.594278882318086,0.597257717612007,-17.542903622581036
public_input_complements,low g,0.6,2,0.5490808826180046,1.2,0.677235689702012,0.34818639200959334,0.4624510473757457,0.5951519317239058,0.5981351431961845,-17.52505906656645
public_input_complements,low g,0.6,2,0.5512497472834679,1.2,0.6768576052667216,0.34822868110976474,0.4629250434902249,0.5960859955888699,0.5990738890757559,-17.506845316836955
public_input_complements,low g,0.6,2,0.5534721648236569,1.2,0.6770536584800606,0.3482069946990543,0.4626798054973947,0.5969077647182662,0.5998997773400551,-17.488253556032028
public_input_complements,low g,0.6,2,0.5557487131734017,1.2,0.6772876072412838,0.34818082594358707,0.4623865059987716,0.5977384925125385,0.6007346691747246,-17.46936164749992
public_input_complements,low g,0.6,2,0.5580799858483445,1.2,0.6768874977382051,0.3482252966282962,0.4628874750147709,0.5987316427654654,0.6017327976140108,-17.45011994562921
public_input_complements,low g,0.6,2,0.5604665922024078,1.2,0.6766713320301294,0.34824917709634196,0.46315780162437425,0.5997009569825186,0.6027069705387962,-17.430509676590034
public_input_complements,low g,0.6,2,0.5629091576927818,1.2,0.6768473972133853,0.3482296635299087,0.46293747967244775,0.6005986586788353,0.6036091719835913,-17.41055610931233
public_input_complements,low g,0.6,2,0.5654083241525933,1.2,0.6766202029458988,0.34825477144642575,0.4632216186945948,0.6016066413952912,0.6046222072344394,-17.390262091953737
public_input_complements,low g,0.6,2,0.5679647500714233,1.2,0.6766366309135444,0.34825299506631036,0.46320116189684757,0.6025768626220901,0.6055972917153758,-17.369630539575496
public_input_complements,low g,0.6,2,0.5705791108838415,1.2,0.6769997052323073,0.3482128488570975,0.46274703597558986,0.6034851814591566,0.6065101635195601,-17.348652737838684
public_input_complements,low g,0.6,2,0.5732520992661372,1.2,0.676556037422751,0.34826186449408986,0.4633018712498449,0.6045974540920103,0.6076280114421873,-17.32735820396084
public_input_complements,low g,0.6,2,0.5759844254414287,1.2,0.6763105088408767,0.34828888711616596,0.4636086871385879,0.6056823234702011,0.6087183187507661,-17.30569446010929
public_input_complements,low g,0.6,2,0.578776817493336,1.2,0.6762497701394699,0.34828818134690925,0.46366782515532035,0.6067404429299446,0.6097817420563731,-17.28369092052261
public_input_complements,low g,0.6,2,0.5816300216884137,1.2,0.6766559604984719,0.3482507737565455,0.4631767943813734,0.6077127886834737,0.6107589617132744,-17.261406086654446
public_input_complements,low g,0.6,2,0.5845448028075416,1.2,0.6761836223260105,0.34830288038119145,0.46376731037853186,0.6089051670137713,0.6119573168648249,-17.238758688609717
public_input_complements,low g,0.6,2,0.5875219444864789,1.2,0.6759159527416233,0.34833512544073,0.4641081117579523,0.6100692368911983,0.6131272216667943,-17.21574395936013
public_input_complements,low g,0.6,2,0.5905622495657936,1.2,0.676447538914719,0.3482737959878522,0.4634374303857297,0.6110631080613949,0.6141260746369631,-17.192462155204353
public_input_complements,low g,0.6,2,0.5936665404503856,1.2,0.6761728029267898,0.3483040267099674,0.46378072965141637,0.6122645339206798,0.6153335226684287,-17.16884249157747
public_input_complements,low g,0.6,2,0.5968356594788269,1.2,0.6757307158925682,0.3483528441148789,0.46433353455997717,0.6135238484391768,0.6165991495272183,-17.14485801255618
public_input_complements,low g,0.6,2,0.600070469302753,1.2,0.6760726859695102,0.34831506024176356,0.4639058706588096,0.6146170942549254,0.6176978752604227,-17.12058041517705
public_input_complements,low g,0.6,2,0.6033718532765401,1.2,0.675960638630077,0.34832742959415597,0.4640459716894686,0.61583551026758,0.6189223986087561,-17.096001080800214
public_input_complements,low g,0.6,2,0.6067407158575169,1.2,0.6756666536066156,0.34836261317386574,0.46441975307171196,0.6171163227257461,0.6202096311660859,-17.0710638195071
public_input_complements,low g,0.6,2,0.6101779830169621,1.2,0.6758346250777723,0.3483413488105055,0.46420355402445423,0.6183043415887303,0.6214036049984021,-17.045835812622784
public_input_complements,low g,0.6,2,0.6136846026621482,1.2,0.6759391864393858,0.3483297205824666,0.4640726198416485,0.6195264034514538,0.622631792471704,-17.020286384436833
public_input_complements,low g,0.6,2,0.6172615450697004,1.2,0.6754129769712456,0.34836334015618053,0.46467507850297207,0.6209096760959054,0.6240219987991401,-16.99440693754162
public_input_complements,low g,0.6,2,0.6209098033305457,1.2,0.6757306914421618,0.3483527956493912,0.46433344909065755,0.6221253805315647,0.6252437969786422,-16.968261761682548
public_input_complements,low g,0.6,2,0.6246303938067362,1.2,0.6752358290694409,0.348407358840221,0.46495206078018025,0.6235464669893016,0.6266720066618914,-16.94175385615871
public_input_complements,low g,0.6,2,0.6284243566004422,1.2,0.6759786918968962,0.3483287839269212,0.4640309900493611,0.6246895482649492,0.6278208176562771,-16.91496111936813
public_input_complements,low g,0.6,2,0.6322927560354111,1.2,0.6754118635108183,0.3483879078813141,0.4647319115640022,0.6261644195672483,0.629303081781744,-16.887898237637735
public_input_complements,low g,0.6,2,0.6362366811512086,1.2,0.6750834300954516,0.34842417351303223,0.4651425954321055,0.627601811003004,0.6307476781720545,-16.8604866928523
public_input_complements,low g,0.6,2,0.6402572462105554,1.2,0.6756393711162019,0.3483626915926721,0.4644472134159785,0.6288432100683731,0.6319952997761334,-16.83276813034741
public_input_complements,low g,0.6,2,0.6443555912200942,1.2,0.6753041981997003,0.3483997653264004,0.4648664695605758,0.6303196515108838,0.6334791419121726,-16.804818225258394
public_input_complements,low g,0.6,2,0.6485328824649206,1.2,0.6749655762128027,0.3484363789567927,0.4652881312612033,0.6318156590271846,0.6349826481973547,-16.776495595111626
public_input_complements,low g,0.6,2,0.652790313057229,1.2,0.6754526823650457,0.34838708229878274,0.46468922028859344,0.6331299441803129,0.6363035212322281,-16.74790709251071
public_input_complements,low g,0.6,2,0.6571291034994325,1.2,0.6751824441429581,0.3484131056577871,0.46501847948890324,0.634645736830695,0.6378269118248889,-16.719054242811623
public_input_complements,low g,0.6,2,0.6615505022621248,1.2,0.6746227233028368,0.34842409779511496,0.46560313049648405,0.6362365590994955,0.6394257081234952,-16.689872282604433
public_input_complements,low g,0.6,2,0.6660557863772645,1.2,0.6749296113036947,0.34844082697810047,0.4653341842826373,0.6376656056806916,0.6408619178304887,-16.66043193466233
public_input_complements,low g,0.6,2,0.6706462620469753,1.2,0.6747440400198893,0.3484615397089276,0.4655667320399587,0.6392186056565757,0.6424227022511466,-16.63071744722588
public_input_complements,low g,0.6,2,0.6753232652683625,1.2,0.6751521427600845,0.3484161596211026,0.4650557072605762,0.6406424917752197,0.6438537256286617,-16.60069793989724
public_input_complements,low g,0.6,2,0.6800881624747613,1.2,0.6745345209128897,0.3484846060355917,0.4658285655758325,0.6423410118944669,0.6455607596154368,-16.570427841048847
public_input_complements,low g,0.6,2,0.6849423511938463,1.2,0.6746055302494942,0.34847673046910577,0.4657396944544376,0.6438864970935245,0.6471139915912926,-16.53984839071922
public_input_complements,low g,0.6,2,0.6898872607230374,1.2,0.6747395192087062,0.3484619159916792,0.46557210626042234,0.6454347645493137,0.6486700197699997,-16.509042031159343
public_input_complements,low g,0.6,2,0.6949243528226603,1.2,0.6743751443604143,0.34850216787212795,0.46602777237357207,0.647127375160818,0.6503711146275011,-16.477933135711048
public_input_complements,low g,0.6,2,0.7000551224273222,1.2,0.6748831519185015,0.3484458740657814,0.46539209046269087,0.6486183608615081,0.651869573925117,-16.446538274959927
public_input_complements,low g,0.6,2,0.7052810983759861,1.2,0.6745136827201289,0.3484868044630573,0.46585438980208516,0.6503504478495087,0.6536103430352752,-16.414947949809395
public_input_complements,low g,0.6,2,0.7106038441612367,1.2,0.673914831923823,0.3485529114237481,0.46660317118523775,0.6521603442703302,0.6554293115996594,-16.383023180107166
public_input_complements,low g,0.6,2,0.7160249586982449,1.2,0.6746960163179948,0.34846663796298527,0.46562631858205583,0.6536371160231481,0.6569134857016928,-16.350873701126375
public_input_complements,low g,0.6,2,0.7215460771139571,1.2,0.6740250507549841,0.34854078439879393,0.46646544826148073,0.6555042567284021,0.6587899854886794,-16.31848365357333
public_input_complements,low g,0.6,2,0.7271688715570458,1.2,0.6744251216493338,0.34853678837815494,0.4660563143923217,0.6571292025397434,0.6604230763747954,-16.285770146956583
public_input_complements,low g,0.6,2,0.7328950520291776,1.2,0.6742139087269364,0.34851981519848985,0.46622903214323863,0.6589029095444079,0.6622056741228194,-16.252883612709883
public_input_complements,low g,0.6,2,0.7387263672381705,1.2,0.6738275183023421,0.3485624936918037,0.4667122173906688,0.6607551328504434,0.6640671817368126,-16.219721653482306
public_input_complements,low g,0.6,2,0.7446646054736273,1.2,0.6738713191654335,0.34855770911297135,0.4666575651027855,0.6625150152008598,0.6658358855342205,-16.18628666926426
public_input_complements,low g,0.6,2,0.7507115955056528,1.2,0.6739927077197783,0.3485442005028224,0.4665055390206232,0.6642734302241199,0.6676031146494642,-16.152646116224915
public_input_complements,low g,0.6,2,0.7568692075072764,1.2,0.6740346052223453,0.34853888820540396,0.46645159322751095,0.6660712275511083,0.6694099234730551,-16.118713294884518
public_input_complements,low g,0.6,2,0.7631393540012239,1.2,0.67363736915319,0.34858342586776986,0.4669498407149121,0.668004045293575,0.6713524295047734,-16.084607101464925
public_input_complements,low g,0.6,2,0.7695239908317001,1.2,0.673485331362296,0.34853578744584196,0.46699383456487353,0.6698690506411864,0.6732267832305926,-16.05020012072351
public_input_complements,low g,0.6,2,0.7760251181618615,1.2,0.673771948799025,0.3485686228314929,0.46678168778280105,0.671682127724769,0.6750489484008763,-16.015625190315294
public_input_complements,low g,0.6,2,0.7826447814976824,1.2,0.6733685533147733,0.348612875102711,0.46728544741817535,0.6736747230466013,0.6770515316483237,-15.980763927248784
public_input_complements,low g,0.6,2,0.7893850727389358,1.2,0.6738622207073897,0.34855847748975444,0.4666684062393734,0.6754475195052408,0.6788332142861916,-15.945676443293019
public_input_complements,low g,0.6,2,0.7962481312580323,1.2,0.6735211184112152,0.3485959150334369,0.4670944168846197,0.6774622908600965,0.6808580847244903,-15.91042312996015
public_input_complements,low g,0.6,2,0.8032361450074849,1.2,0.6727809056767151,0.34868067295369165,0.46802686058225773,0.6796053579301821,0.6830118939629678,-15.874868168749593
public_input_complements,low g,0.6,2,0.8103513516567865,1.2,0.6736064808110176,0.3485867548127314,0.4669882791042572,0.6813437692706027,0.6847590191264945,-15.839152242360854
public_input_complements,low g,0.6,2,0.8175960397595149,1.2,0.6729258697896133,0.3486619065509834,0.46783933426801705,0.6835093154012196,0.6869354201022632,-15.803215918421476
public_input_complements,low g,0.6,2,0.8249725499515008,1.2,0.6732899555754673,0.3486214705804925,0.4673835397010898,0.6854106313314694,0.6888462664182736,-15.766995016033107
public_input_complements,low g,0.6,2,0.8324832761809209,1.2,0.6729739166138345,0.348656522905778,0.46777907733646995,0.6875164846994525,0.6909626754201905,-15.730670885666818
public_input_complements,low g,0.6,2,0.8401306669712053,1.2,0.6726177898785322,0.34869577552315506,0.4682242290079835,0.6896530274471716,0.6931099276329997,-15.694042794876493
public_input_complements,low g,0.6,2,0.8479172267176741,1.2,0.6731169167085217,0.34864094712258764,0.4676007513655073,0.6915737986436806,0.6950403267351973,-15.657261476563487
public_input_complements,low g,0.6,2,0.8558455170188431,1.2,0.6726912568746306,0.3486877017245882,0.4681324506367355,0.6937684588257841,0.6972459876972429,-15.620277394649845
public_input_complements,low g,0.6,2,0.8639181580433734,1.2,0.6727830183340462,0.3486774251284254,0.4680173818572228,0.6958393827263843,0.6993272921470932,-15.583066107933943
public_input_complements,low g,0.6,2,0.8721378299336601,1.2,0.6728017469443925,0.34867548483967803,0.46799425267199735,0.6979497162761739,0.7014482037878212,-15.54567975341538
public_input_complements,low g,0.6,2,0.8805072742470966,1.2,0.6728267780378172,0.34867222287237315,0.4679618234367251,0.7000771430018266,0.7035862942843132,-15.508062930902412
public_input_complements,low g,0.6,2,0.88902929543607,1.2,0.6724602218979769,0.3487131418284994,0.4684211837690597,0.702334253268095,0.7058547183628731,-15.47031191687037
public_input_complements,low g,0.6,2,0.8977067623677852,1.2,0.6721493223983257,0.34874744865930113,0.46880989116096927,0.7045954202808759,0.7081272195224723,-15.4323175257753
public_input_complements,low g,0.6,2,0.9065426098850453,1.2,0.6725001069738736,0.34870877492688696,0.4683713945603061,0.7066887399023668,0.7102310319522314,-15.39419186504062
public_input_complements,low g,0.6,2,0.9155398404091444,1.2,0.6717657517389625,0.34878975357075254,0.46928940935950425,0.7091095019591471,0.7126639281293169,-15.355819089575792
public_input_complements,low g,0.6,2,0.9247015255860773,1.2,0.6726409431741206,0.3486930537472337,0.4681949027246056,0.7110905929316431,0.7146549493616368,-15.31730647338063
public_input_complements,low g,0.6,2,0.9340308079772923,1.2,0.6718316957403005,0.34878241382551983,0.46920681881597837,0.7135729267164423,0.7171497258963123,-15.278633318892828
public_input_complements,low g,0.6,2,0.9435309027962627,1.2,0.6719103273105825,0.3487767067331808,0.46911524356027157,0.715821192067249,0.7194092607240876,-15.239697168950705
public_input_complements,low g,0.6,2,0.9532050996921831,1.2,0.6719326362132251,0.34877125777956,0.4690805764308169,0.7181024379761545,0.7217019414256969,-15.200718311664748
public_input_complements,low g,0.6,2,0.9630567645821445,1.2,0.6714847558945332,0.34882068132186383,0.4696405493434541,0.72054073577912,0.7241524612472612,-15.16149167452117
public_input_complements,low g,0.6,2,0.9730893415331738,1.2,0.6720369798560863,0.3487596197796127,0.4689498378040753,0.7227068770174224,0.726329460313705,-15.1220899678519
public_input_complements,low g,0.6,2,0.9833063546955787,1.2,0.6715865369122038,0.3488094751411751,0.4695133527079814,0.7251852840797497,0.7288202904431301,-15.082600700705125
public_input_complements,low g,0.6,2,0.9937114102890687,1.2,0.6716072679934708,0.34880700880308296,0.4694870279719214,0.7275448300703847,0.7311916637072619,-15.042832740993259
public_input_complements,low g,0.6,2,1.0043081986431819,1.2,0.6717291013341724,0.34879342614425796,0.46933438916100473,0.7298934600634801,0.7335520662571887,-15.003032843552539
public_input_complements,low g,0.6,2,1.0151004962935855,1.2,0.670847466846435,0.34889388236186664,0.4704438583502785,0.732560666076827,0.7362326416963137,-14.962981240593194
public_input_complements,low g,0.6,2,1.0260921681358672,1.2,0.6712571727460964,0.3488488045081172,0.4699319158783134,0.7348623193192589,0.7385458320236346,-14.922840694774761
public_input_complements,low g,0.6,2,1.037287169638491,1.2,0.6709871372784082,0.34887852769305655,0.47026936352944415,0.7373857986310868,0.7410819603281512,-14.882528873520611
public_input_complements,low g,0.6,2,1.0486895491166357,1.2,0.6713680830726392,0.3488332559773565,0.4697857414840054,0.739731499726791,0.7434394192995276,-14.84208738554856
public_input_complements,low g,0.6,2,1.0603034500686892,1.2,0.6710207706455794,0.3488747581885759,0.4702271809261108,0.7423183515567309,0.7460392377782251,-14.801476574227815
public_input_complements,low g,0.6,2,1.0721331135772334,1.2,0.6714568099073137,0.34880996416618193,0.469644188821587,0.7446787209423424,0.7484114385646181,-14.760728661975493
public_input_complements,low g,0.6,2,1.0841828807763967,1.2,0.6706146394851553,0.3489195338082497,0.470734863191955,0.7474611076472271,0.7512077720408998,-14.71988188388699
public_input_complements,low g,0.6,2,1.0964571953875313,1.2,0.6706710608456286,0.34891030223975733,0.4706575046341413,0.7499809252392744,0.7537402202711891,-14.67887069793661
public_input_complements,low g,0.6,2,1.1089606063252093,1.2,0.6707650455550814,0.34890296853389613,0.470546887079795,0.7525103684332903,0.7562823423519778,-14.637748408217103
public_input_complements,low g,0.6,2,1.1216977703756155,1.2,0.6702614730163087,0.34895848522319894,0.47117637146990654,0.7552423327943139,0.7590280007413481,-14.596480257215106
public_input_complements,low g,0.6,2,1.1346734549494641,1.2,0.670811583910987,0.34889462245457237,0.4704814198159831,0.7576653707330152,0.7614631842082603,-14.555085780909879
public_input_complements,low g,0.6,2,1.147892540911644,1.2,0.6704194533119152,0.34893784550940005,0.47097158030340425,0.7604016628011077,0.7642131919974215,-14.513623607094742
public_input_complements,low g,0.6,2,1.1613600254898573,1.2,0.6700419915267433,0.3489454814493368,0.4713663604003526,0.763139178773785,0.7669644298260148,-14.471909663360329
public_input_complements,low g,0.6,2,1.1750810252645967,1.2,0.6704685595707042,0.34893252614096226,0.4709104097169984,0.765671049140317,0.7695089912455723,-14.430273745505422
public_input_complements,low g,0.6,2,1.189060779242872,1.2,0.6696056404066593,0.3490307327647287,0.4719960615037453,0.768616411230193,0.7724691170243623,-14.388357620163898
public_input_complements,low g,0.6,2,1.2033046520181812,1.2,0.6705962699612007,0.3489184685991692,0.4707508168217149,0.7709900510901776,0.7748546548036579,-14.346437681924096
public_input_complements,low g,0.6,2,1.217818137019287,1.2,0.6697007443350773,0.34901726991917825,0.47187042384161915,0.7739845655447007,0.777864179324348,-14.304378080410821
public_input_complements,low g,0.6,2,1.2326068598504607,1.2,0.6701926325373606,0.34896281510047344,0.47125503211051334,0.7765540032509184,0.7804464963906651,-14.262161259966904
public_input_complements,low g,0.6,2,1.247676581725918,1.2,0.6698284983453776,0.3490030854930912,0.4717104995529532,0.7794173780667326,0.7833242239324719,-14.219951342017705
public_input_complements,low g,0.6,2,1.2630332030012734,1.2,0.6693607926380739,0.349054696021711,0.4722952579391667,0.7823339700644473,0.7862554354084134,-14.17754932673248
public_input_complements,low g,0.6,2,1.2786827668049243,1.2,0.6699654525698598,0.34898787892163313,0.4715390568244041,0.7849206286325074,0.788855059656502,-14.135095639436248
public_input_complements,low g,0.6,2,1.294631462772364,1.2,0.6694966317128948,0.34903969038322297,0.47212538607625487,0.7878759661098454,0.7918252108245919,-14.092579857621418
public_input_complements,low g,0.6,2,1.31088563088653,1.2,0.6694897513989391,0.3490404604292473,0.4721340128545939,0.7906989605005208,0.7946623555335365,-14.049908969009591
public_input_complements,low g,0.6,2,1.3274517654273796,1.2,0.6696423712590264,0.34902362287413674,0.47194320541951595,0.7934875340934143,0.7974649069097323,-14.007216541292586
public_input_complements,low g,0.6,2,1.3443365190339982,1.2,0.6696855681439966,0.3490189036037198,0.47188930522923983,0.7963303728997647,0.8003219955048995,-13.964366166021723
public_input_complements,low g,0.6,2,1.3615467068826452,1.2,0.6691701734299125,0.3490756281976771,0.47253335132241925,0.79937809328713,0.8033849926542802,-13.921515543525393
public_input_complements,low g,0.6,2,1.3790893109842512,1.2,0.6688746254133525,0.3491082582802278,0.4729029043662042,0.8023718691243198,0.8063937748553022,-13.878541221158402
public_input_complements,low g,0.6,2,1.3969714846049992,1.2,0.6693278704656069,0.34905827166424114,0.47233628966889213,0.8051320367348238,0.8091677778635293,-13.835535722168373
public_input_complements,low g,0.6,2,1.4152005568137338,1.2,0.6689579414888767,0.3490989940575277,0.47279857703359635,0.8081880602787205,0.8122391197891865,-13.792407634721393
public_input_complements,low g,0.6,2,1.4337840371600625,1.2,0.6694978811437249,0.34903917577502774,0.47212296951403815,0.8109529519563989,0.8150178705440733,-13.749228657822425
public_input_complements,low g,0.6,2,1.4527296204871472,1.2,0.6685659460233171,0.34914233255549976,0.47328886421255634,0.8142388085956949,0.8183201976083146,-13.706033210231308
public_input_complements,low g,0.6,2,1.4720451918832933,1.2,0.668658018498114,0.34913514694699055,0.47318049477766067,0.8171942874986045,0.8212904909108747,-13.662669877330568
public_input_complements,low g,0.6,2,1.4917388317766058,1.2,0.6687423323142545,0.34912281898906644,0.4730682211529482,0.8201672648645991,0.824278370387931,-13.619391623808756
public_input_complements,low g,0.6,2,1.5118188211770927,1.2,0.6682729128344879,0.3491775700024753,0.4736618159311262,0.8233530095176068,0.8274800836524645,-13.575922396143373
public_input_complements,low g,0.6,2,1.5322936470707536,1.2,0.6688506213065704,0.3491105263862391,0.4729320525374198,0.8261893017559632,0.8303305928648291,-13.532487322798149
public_input_complements,low g,0.6,2,1.5531720079703377,1.2,0.6684641508312743,0.3491530779952591,0.47341503006197355,0.8293814246307779,0.8335387163221395,-13.488982988552983
public_input_complements,low g,0.6,2,1.5744628196276003,1.2,0.6681538263115936,0.34901011863411807,0.47340112275058616,0.8324832335708626,0.8366560731442382,-13.44534717548607
public_input_complements,low g,0.6,2,1.5961752209120554,1.2,0.6681020153103997,0.34919672309743693,0.4738761526745875,0.8356783862738456,0.8398672416167939,-13.401819881763025
public_input_complements,low g,0.6,2,1.618318579861377,1.2,0.6677186744412327,0.3492356347871592,0.47434774525604445,0.8389236356298602,0.8431287578528994,-13.35815919124202
public_input_complements,low g,0.6,2,1.6409024999087747,1.2,0.6683117047179337,0.34917006094683256,0.4736059935094825,0.8418393513709966,0.8460590886800086,-13.314463556784133
public_input_complements,low g,0.6,2,1.6639368262928396,1.2,0.6678492578388914,0.3492212908225704,0.4741846297466984,0.8451504671774747,0.8493868015235344,-13.270796027013692
public_input_complements,low g,0.6,2,1.6874316526555453,1.2,0.6679480050872992,0.3492148207552264,0.4740712083855543,0.8482793006187248,0.8525313183076744,-13.226956305566418
public_input_complements,low g,0.6,2,1.7113973278342638,1.2,0.6680734633166401,0.34919641212310076,0.47390399937855254,0.8514108317744802,0.8556785463286699,-13.183260500454189
public_input_complements,low g,0.6,2,1.7358444628538618,1.2,0.6670617382749351,0.34931118132033173,0.4751760209595772,0.8549782960856691,0.8592638926291337,-13.13941183228288
public_input_complements,low g,0.6,2,1.7607839381251333,1.2,0.6677207994417598,0.3492384932192829,0.4743521031795738,0.8579512033949614,0.8622517016983269,-13.095568122183966
public_input_complements,low g,0.6,2,1.7862269108560356,1.2,0.6672978258595539,0.34928203265022484,0.4748738241911561,0.8613364388409478,0.8656539057076003,-13.051771098252697
public_input_complements,low g,0.6,2,1.8121848226824113,1.2,0.6678867951571574,0.34922124068784155,0.47414697872286715,0.8643678145441921,0.8687004762447899,-13.007830592957529
public_input_complements,low g,0.6,2,1.8386694075250942,1.2,0.6675450370700987,0.34925458090977934,0.4745643524332809,0.8677568245922089,0.8721064737763652,-12.963997670314006
public_input_complements,low g,0.6,2,1.8656926996805347,1.2,0.6670920285205791,0.34930495795055627,0.4751316161112825,0.8712076482691835,0.8755745947790026,-12.920062330299633
public_input_complements,low g,0.6,2,1.8932670421523103,1.2,0.6671898629070109,0.34929375780923905,0.4750083798043433,0.8744685847375865,0.8788518767594745,-12.876187224582646
public_input_complements,low g,0.6,2,1.921405095231136,1.2,0.6668457324666691,0.3493318112622223,0.47543881547605105,0.877913129312949,0.8823136871863723,-12.83225941808319
public_input_complements,low g,0.6,2,1.9501198453312445,1.2,0.6674655884820886,0.34926321071100963,0.47466337341048126,0.8810078931141616,0.8854239635556934,-12.788332479353272
public_input_complements,low g,0.6,2,1.979424614091259,1.2,0.6664403682743185,0.3493796250339317,0.4759526213026388,0.884747900218177,0.8891827175233318,-12.744419362083091
public_input_complements,low g,0.6,2,2.009333067747975,1.2,0.666677433474908,0.3493503168253232,0.475649085084925,0.8880190673429941,0.8924702814415967,-12.70048880559523
public_input_complements,low g,0.6,2,2.0398592267917226,1.2,0.6667320484476501,0.349344280246479,0.4755807791513643,0.8913772378348556,0.8958452848330981,-12.656611686750137
public_input_complements,low g,0.6,2,2.071017475912293,1.2,0.6668063465754125,0.34947078437463264,0.4757933923862544,0.8948120921754963,0.8992973564527703,-12.61264761386209
public_input_complements,low g,0.6,2,2.1028225742447084,1.2,0.6670342820521294,0.34931520022327006,0.47521259205424726,0.8980667386596097,0.9025683169202753,-12.568757558841671
public_input_complements,low g,0.6,2,2.135289665924415,1.2,0.6665987054975462,0.34935929295598644,0.47574817092663113,0.9016613274217079,0.9061809236335245,-12.52489678309819
public_input_complements,low g,0.6,2,2.168434290961828,1.2,0.6661809741642732,0.34940491267036067,0.4762693677721048,0.9052677145416861,0.9098053878441686,-12.480986166510935
public_input_complements,low g,0.6,2,2.2022723964464688,1.2,0.6663920179487595,0.3493817063490117,0.47600569205079907,0.9086418531148195,0.9131964393572825,-12.437162150599558
public_input_complements,low g,0.6,2,2.23682034809129,1.2,0.665897264074574,0.34943629512302987,0.47662425326445806,0.9123116945826217,0.9168846759819927,-12.393344578080514
public_input_complements,low g,0.6,2,2.2720949421281498,1.2,0.6666162410690407,0.34941026032287587,0.47584622934324183,0.9155400118958654,0.9201291753031099,-12.349439996141102
public_input_complements,low g,0.6,2,2.308113417565749,1.2,0.6662420227381006,0.34939820027557844,0.47619309548691124,0.9191647050662128,0.9237720373235825,-12.305751295623784
public_input_complements,low g,0.6,2,2.344893468821764,1.2,0.665270984089801,0.349505380329119,0.4774072184966409,0.9230753463066143,0.9277022807347751,-12.261944616011297
public_input_complements,low g,0.6,2,2.382453258741261,1.2,0.6665239623540902,0.349367396707872,0.4758412933793636,0.9260993244911265,0.9307414166730155,-12.21818806864836
public_input_complements,low g,0.6,2,2.4208114320139376,1.2,0.6656362102666264,0.3494651072356122,0.47695065294374217,0.9300086038817632,0.9346702914081431,-12.174573766676017
public_input_complements,low g,0.6,2,2.4599871290031343,1.2,0.6645996312156537,0.3495828715211692,0.4782543213943582,0.9339984483878772,0.9386801350930697,-12.130773328134037
public_input_complements,low g,0.6,2,2.5,1.2,0.6659368796340825,0.3494317969669931,0.47657443588705806,0.9370223757005752,0.9417192199044998,-12.08726045410179
public_input_complements,low g,0.6,3,0.5,1.2,0.5289197434600922,0.37631257275120555,0.7558406872539022,0.6417312472620327,0.6449479385250632,-19.3398713540532
public_input_complements,low g,0.6,3,0.5000203210855501,1.2,0.5289186184443038,0.37631268549346086,0.7558420923214528,0.6417414926462601,0.6449582352644927,-19.33928665770546
public_input_complements,low g,0.6,3,0.5000812892976928,1.2,0.5289152158999725,0.3763130432640434,0.7558463835679111,0.6417722357427854,0.6449891324614306,-19.337532603272273
public_input_complements,low g,0.6,3,0.5001829195049198,1.2,0.5289095404171829,0.3763136036368372,0.7558534510167205,0.6418234703852068,0.6450406239185658,-19.334609294644828
public_input_complements,low g,0.6,3,0.5003252364947652,1.2,0.528901595437009,0.37631440196693894,0.755863379048867,0.6418952037160723,0.6451127168142488,-19.330516904921602
public_input_complements,low g,0.6,3,0.5005082749838822,1.2,0.5288913557705219,0.3763154399235899,0.7558761969996752,0.6419874418755099,0.6452054173193844,-19.325255676448386
public_input_complements,low g,0.6,3,0.500732079632158,1.2,0.5288788914558415,0.3763166815140999,0.7558917454251823,0.6421001738494025,0.6453187143646477,-19.318825920834293
public_input_complements,low g,0.6,3,0.5009967050608752,1.2,0.5288641412398954,0.37631817147141966,0.7559101966951108,0.6422334187063967,0.645452627114267,-19.31122801884487
public_input_complements,low g,0.6,3,0.5013022158749305,1.2,0.528847117145812,0.37631987650374815,0.7559314560894981,0.6423871746763297,0.6456071537892065,-19.302462420499115
public_input_complements,low g,0.6,3,0.5016486866891229,1.2,0.5288278487857825,0.3763218211626258,0.7559555549821797,0.6425614477737904,0.6457823004342034,-19.292529644980984
public_input_complements,low g,0.6,3,0.502036202158526,1.2,0.5288063317023091,0.37632399400690303,0.7559824694108379,0.6427562433142601,0.6459780723913832,-19.28143028065458
public_input_complements,low g,0.6,3,0.502464857012963,1.2,0.5287825247678917,0.37632639066644946,0.7560122296475686,0.6429715731104985,0.6461944815327167,-19.2691649850231
public_input_complements,low g,0.6,3,0.5029347560956027,1.2,0.5287564411549069,0.3763289997001156,0.7560447941001799,0.6432074418022131,0.6464315325211688,-19.25573448472886
public_input_complements,low g,0.6,3,0.5034460144056994,1.2,0.5287281050738857,0.37633184669108966,0.756080202106781,0.6434638593154395,0.646689235332529,-19.241139575499165
public_input_complements,low g,0.6,3,0.5039987571454999,1.2,0.5286975298086033,0.3763349262375935,0.7561184269655788,0.6437408327598475,0.6469675971121044,-19.225381122145343
public_input_complements,low g,0.6,3,0.5045931197713469,1.2,0.528664675689333,0.3763382454106467,0.7561595259107132,0.644038378653221,0.6472666344604752,-19.208460058504052
public_input_complements,low g,0.6,3,0.5052292480490046,1.2,0.5286295776943963,0.3763417655166698,0.7562033678490114,0.6443564975658896,0.6475863479508294,-19.19037738745445
public_input_complements,low g,0.6,3,0.5059072981132409,1.2,0.5285922385130521,0.3763455050678319,0.7562499960754421,0.6446952040211882,0.6479267521793003,-19.171134180815162
public_input_complements,low g,0.6,3,0.5066274365316988,1.2,0.5285526291279572,0.3763494869464323,0.7562994964469802,0.6450545179933935,0.6482878672202863,-19.150731579330014
public_input_complements,low g,0.6,3,0.507389840373095,1.2,0.5285107782894756,0.37635370138056246,0.7563518159398412,0.645434447701412,0.6486697013338913,-19.12917079266105
public_input_complements,low g,0.6,3,0.5081946972797818,1.2,0.5284667195411149,0.37635813255894257,0.7564068817352984,0.6458350005170445,0.6490722619288674,-19.106453099322632
public_input_complements,low g,0.6,3,0.5090422055447187,1.2,0.5284203772764711,0.3763627858833507,0.7564647828577717,0.6462562017233768,0.6494955744150326,-19.082579846601426
public_input_complements,low g,0.6,3,0.5099325741928927,1.2,0.5283717940392957,0.37636766906239966,0.7565254959117048,0.6466980628031844,0.6499396503327196,-19.05755245055871
public_input_complements,low g,0.6,3,0.5108660230672385,1.2,0.5283210087014265,0.3763727673164572,0.7565889453126531,0.6471605928015822,0.6504044987723825,-19.03137239596767
public_input_complements,low g,0.6,3,0.5118427829191048,1.2,0.5282680373956439,0.3763781280793633,0.7566552327534943,0.647643814356157,0.6508901424850794,-19.004041236216207
public_input_complements,low g,0.6,3,0.5128630955033207,1.2,0.5282127324148777,0.37638366689294006,0.7567242961471853,0.6481477503679693,0.6513966044866627,-18.97556059331402
public_input_complements,low g,0.6,3,0.5139272136779165,1.2,0.528155225842601,0.37638943659280544,0.7567961346539276,0.6486724111031847,0.6519238950947575,-18.945932157790903
public_input_complements,low g,0.6,3,0.5150354015085564,1.2,0.5280955464045622,0.37639546173050004,0.7568707805339996,0.6492178160676145,0.6524720339129483,-18.915157688639532
public_input_complements,low g,0.6,3,0.5161879343777439,1.2,0.528033606213288,0.37640167636001487,0.7569481578649888,0.6497839856811914,0.6530410414635233,-18.88323901327706
public_input_complements,low g,0.6,3,0.5173850990988615,1.2,0.5279694657496985,0.37640811750568803,0.7570282981344305,0.6503709388266729,0.6536309367238898,-18.850178027436595
public_input_complements,low g,0.6,3,0.5186271940351138,1.2,0.5279031497388632,0.37641480264804067,0.7571112200388695,0.6509786964615503,0.6542417407565895,-18.81597669511907
public_input_complements,low g,0.6,3,0.5199145292234401,1.2,0.5278346028716845,0.376421700164513,0.7571969003369654,0.6516072824827518,0.6548734775783343,-18.78063704852525
public_input_complements,low g,0.6,3,0.5212474265034702,1.2,0.5277638644464111,0.3764288002831965,0.7572852754570487,0.6522567129287069,0.6555261633079464,-18.744161187979007
public_input_complements,low g,0.6,3,0.5226262196515982,1.2,0.5276909042584432,0.37643613128816866,0.7573764458613674,0.6529270195564221,0.6561998298616153,-18.706551281808995
public_input_complements,low g,0.6,3,0.5240512545202515,1.2,0.5276157863821223,0.37644369754955964,0.7574703583309839,0.6536182188533314,0.6568944938094183,-18.667809566326845
public_input_complements,low g,0.6,3,0.5255228891824385,1.2,0.5275384504611549,0.3764514674448097,0.7575669946717523,0.6543303380313752,0.6576101824996964,-18.62793834570594
public_input_complements,low g,0.6,3,0.5270414940816569,1.2,0.5274589211370282,0.37645943994227093,0.7576663276795728,0.6550633990320022,0.6583469179838802,-18.58693999190148
public_input_complements,low g,0.6,3,0.5286074521872524,1.2,0.5273772881247591,0.3764676749485807,0.7577684164475151,0.6558174259942429,0.6591047245219978,-18.544816944540734
public_input_complements,low g,0.6,3,0.5302211591553182,1.2,0.5272919405970573,0.37648412748067905,0.7578946320649493,0.656593954230612,0.6598851451223495,-18.501571710780205
public_input_complements,low g,0.6,3,0.5318830234952302,1.2,0.5272059324814813,0.3764928128184164,0.7580022145594647,0.6573900048995278,0.6606851860118484,-18.457206865530583
public_input_complements,low g,0.6,3,0.5335934667419154,1.2,0.5271177477311362,0.37650167350593533,0.758112409257607,0.6582070981975253,0.6615063750070462,-18.411725050807398
public_input_complements,low g,0.6,3,0.5353529236339561,1.2,0.5270274825344584,0.3765108010724331,0.7582253473294652,0.6590452650527797,0.6623487431911462,-18.36512897605523
public_input_complements,low g,0.6,3,0.537161842297634,1.2,0.5269349521281644,0.3765201137606209,0.7583410104532177,0.6599045449501946,0.6632123302469709,-18.317421417875885
public_input_complements,low g,0.6,3,0.5390206844370244,1.2,0.5268403610165182,0.37652966003598637,0.7584593145128717,0.6607849488978036,0.664097147237732,-18.26860521993336
public_input_complements,low g,0.6,3,0.5409299255302531,1.2,0.5267436052747565,0.3765394132836933,0.7585802973219373,0.6616865161235587,0.6650032335880124,-18.218683292875138
public_input_complements,low g,0.6,3,0.5428900550320312,1.2,0.5266446830344144,0.3765493533223315,0.758703910618257,0.6626092742409085,0.6659306170496737,-18.16765861417623
public_input_complements,low g,0.6,3,0.5449015765825912,1.2,0.52654370056175,0.3765595427594274,0.7588302036526674,0.6635532509774164,0.6668793254892642,-18.11553422805306
public_input_complements,low g,0.6,3,0.5469650082231464,1.2,0.5264405937216483,0.37656993916886466,0.7589591351738112,0.6645184794683842,0.667849392208177,-18.062313245304328
public_input_complements,low g,0.6,3,0.5490808826180046,1.2,0.5263353538916089,0.37658053921216106,0.7590907055113991,0.6655049926132575,0.668840850270767,-18.00799884320822
public_input_complements,low g,0.6,3,0.5512497472834679,1.2,0.5262280139517475,0.3765913630707267,0.7592249319159374,0.6665128223027076,0.6698537317275582,-17.9525942653871
public_input_complements,low g,0.6,3,0.5534721648236569,1.2,0.5261185706593521,0.3766023851613731,0.7593617540814985,0.6675419980610996,0.6708880662509071,-17.896102821654587
public_input_complements,low g,0.6,3,0.5557487131734017,1.2,0.5260070366806852,0.3766136212953806,0.7595011986170402,0.6685925547046774,0.6719438888315749,-17.838527887909216
public_input_complements,low g,0.6,3,0.5580799858483445,1.2,0.525893427097846,0.37662505669311674,0.7596432137278558,0.669664522109549,0.6730212294954239,-17.779872905960588
public_input_complements,low g,0.6,3,0.5604665922024078,1.2,0.5257777508650886,0.37663672901651296,0.7597878840119295,0.6707579402019545,0.6741201283688256,-17.720141383425567
public_input_complements,low g,0.6,3,0.5629091576927818,1.2,0.5256599877392332,0.3766485837607102,0.7599350943223708,0.6718728378097157,0.6752406144241019,-17.659336893513593
public_input_complements,low g,0.6,3,0.5654083241525933,1.2,0.5255402023000961,0.37666066232017664,0.7600848829032225,0.6730092490207709,0.6763827219200572,-17.597463074942294
public_input_complements,low g,0.6,3,0.5679647500714233,1.2,0.5254183509430643,0.37667293474159375,0.7602372189550544,0.6741672107434752,0.6775464879500511,-17.534523631737088
public_input_complements,low g,0.6,3,0.5705791108838415,1.2,0.5252944284490249,0.37668541516700016,0.7603921428258034,0.6753467626472067,0.678731952382305,-17.470522333097957
public_input_complements,low g,0.6,3,0.5732520992661372,1.2,0.5251685113541609,0.376698118376028,0.7605496146918924,0.6765479339972604,0.6799391446288064,-17.405463013204617
public_input_complements,low g,0.6,3,0.5759844254414287,1.2,0.525040573037578,0.37671101647865435,0.7607095918953992,0.677770761002544,0.6811681010799614,-17.339349571062897
public_input_complements,low g,0.6,3,0.578776817493336,1.2,0.5249105627023568,0.3767241117817138,0.76087213096342,0.6790152886440549,0.6824188669422356,-17.27218597035213
public_input_complements,low g,0.6,3,0.5816300216884137,1.2,0.5247785884086533,0.37673742049054054,0.7610371640898492,0.6802815432772144,0.6836914687031569,-17.203976239203605
public_input_complements,low g,0.6,3,0.5845448028075416,1.2,0.524644566205811,0.37675090621839025,0.7612046848406702,0.6815695684935003,0.684985950172707,-17.134724470056373
public_input_complements,low g,0.6,3,0.5875219444864789,1.2,0.5245085756862647,0.3767646245017698,0.7613747515761312,0.6828794018434918,0.6863023490896877,-17.06443481947264
public_input_complements,low g,0.6,3,0.5905622495657936,1.2,0.524370570379989,0.37677852083582,0.7615472753761876,0.6842110794446081,0.6876407017525574,-16.99311150790516
public_input_complements,low g,0.6,3,0.5936665404503856,1.2,0.5242306654914812,0.3767926436860285,0.7617222614246133,0.6855646333801131,0.6890010404053986,-16.920758819551992
public_input_complements,low g,0.6,3,0.5968356594788269,1.2,0.5240887182572703,0.3768069250430908,0.7618996835497672,0.6869401111230327,0.6903834127591961,-16.847381102132545
public_input_complements,low g,0.6,3,0.600070469302753,1.2,0.5239448637778666,0.3768214487275915,0.7620796148614705,0.688337548685324,0.6917878550064183,-16.77298276671173
public_input_complements,low g,0.6,3,0.6033718532765401,1.2,0.5237990287014112,0.37683613195059373,0.7622619230638634,0.6897569820689741,0.6932144033295122,-16.697568287429498
public_input_complements,low g,0.6,3,0.6067407158575169,1.2,0.5236512831008353,0.37685102484682653,0.7624466626186817,0.691198450818092,0.6946630974708032,-16.621142201369977
public_input_complements,low g,0.6,3,0.6101779830169621,1.2,0.5235015512423984,0.37686610016386046,0.7626338415646308,0.6926620013604622,0.696133984090796,-16.543709108296877
public_input_complements,low g,0.6,3,0.6136846026621482,1.2,0.5233499658543987,0.37688138952425504,0.7628234057238505,0.6941476618086524,0.6976270914429729,-16.46527367042857
public_input_complements,low g,0.6,3,0.6172615450697004,1.2,0.5231964235891403,0.376896849864301,0.7630153514737831,0.6956554800499677,0.6991424676546748,-16.385840612235942
public_input_complements,low g,0.6,3,0.6209098033305457,1.2,0.5230410283370966,0.3769125340196163,0.7632097061676301,0.6971854921905363,0.7006801490130131,-16.305414720207537
public_input_complements,low g,0.6,3,0.6246303938067362,1.2,0.5228837105001977,0.3769283891545828,0.7634064081597859,0.698737740084036,0.7022401775814581,-16.22400084258865
public_input_complements,low g,0.6,3,0.6284243566004422,1.2,0.5227244987441751,0.376944419639331,0.7636054396399229,0.7003122620632886,0.7038225918849752,-16.141603889168795
public_input_complements,low g,0.6,3,0.6322927560354111,1.2,0.5225634562817998,0.37696065979730975,0.7638068226547174,0.7019090969893883,0.705427430979451,-16.058228831035887
public_input_complements,low g,0.6,3,0.6362366811512086,1.2,0.5224005412333863,0.37697707967520033,0.764010524679811,0.7035282872076489,0.7070547374224561,-15.973880700305292
public_input_complements,low g,0.6,3,0.6402572462105554,1.2,0.5222357572556169,0.37699368197389194,0.7642165487675305,0.7051698745310282,0.7087045532365361,-15.888564589883847
public_input_complements,low g,0.6,3,0.6443555912200942,1.2,0.52206917321497,0.3770104825046645,0.7644248653266166,0.7068338939315023,0.7103769135689657,-15.802285653194376
public_input_complements,low g,0.6,3,0.6485328824649206,1.2,0.5219007197679395,0.377027446944069,0.7646354584411277,0.7085203910367147,0.7120718642760973,-15.715049103920071
public_input_complements,low g,0.6,3,0.652790313057229,1.2,0.5217305306925104,0.37704463082861234,0.7648483322857624,0.7102293986832418,0.7137894383591014,-15.626860215734775
public_input_complements,low g,0.6,3,0.6571291034994325,1.2,0.5215584305518,0.3770619574087297,0.7650634716514844,0.711960970063974,0.7155296892774989,-15.537724322017997
public_input_complements,low g,0.6,3,0.6615505022621248,1.2,0.5213845660095338,0.377079466409648,0.7652808285520316,0.7137151332714196,0.7172926452646128,-15.447646815570073
public_input_complements,low g,0.6,3,0.6660557863772645,1.2,0.5212089680091913,0.3770971709417582,0.7655004046101358,0.7154919280334041,0.7190783462474047,-15.35663314834347
public_input_complements,low g,0.6,3,0.6706462620469753,1.2,0.5210332603539167,0.37710545711444465,0.7656966951183635,0.7172894186697207,0.7208848468430304,-15.264688831147739
public_input_complements,low g,0.6,3,0.6753232652683625,1.2,0.5208541109501716,0.3771234692824085,0.7659205867473307,0.7191115928227972,0.7227161546820586,-15.171819433308768
public_input_complements,low g,0.6,3,0.6800881624747613,1.2,0.5206732257130215,0.37714165139837585,0.7661466363605438,0.7209565190713845,0.7245703286619509,-15.078030582438503
public_input_complements,low g,0.6,3,0.6849423511938463,1.2,0.5204888970703176,0.3771697533715711,0.7664007703046647,0.7228262713271139,0.7264494530898641,-14.983327964062399
public_input_complements,low g,0.6,3,0.6898872607230374,1.2,0.5203062406805175,0.3771785356402838,0.7666052418499474,0.7247147961865777,0.7283474442195796,-14.887717321331486
public_input_complements,low g,0.6,3,0.6949243528226603,1.2,0.5201201827543989,0.377197227994316,0.7668377315834818,0.7266282214525689,0.7302704605696293,-14.791204454711966
public_input_complements,low g,0.6,3,0.7000551224273222,1.2,0.519932390951594,0.3772161115094098,0.7670724300377798,0.7285645670223888,0.732216512112009,-14.693795221605257
public_input_complements,low g,0.6,3,0.7052810983759861,1.2,0.5197430021051086,0.3772351730751742,0.7673091678136239,0.7305238509366825,0.7341856169777926,-14.595495536119504
public_input_complements,low g,0.6,3,0.7106038441612367,1.2,0.5195518682710698,0.3772543931477925,0.7675480443080465,0.7325061317635323,0.7361778340286362,-14.496311368603038
public_input_complements,low g,0.6,3,0.7160249586982449,1.2,0.5193590774579705,0.37727377545980156,0.7677889807841763,0.7345114372576027,0.7381931911583252,-14.396248745405686
public_input_complements,low g,0.6,3,0.7215460771139571,1.2,0.5191646219092412,0.3772933075384038,0.7680319540161535,0.7365398059973809,0.7402317271387219,-14.295313748472907
public_input_complements,low g,0.6,3,0.7271688715570458,1.2,0.5189685205237184,0.3773129937537296,0.7682769559605456,0.738591275395048,0.7422934795695374,-14.193512514998812
public_input_complements,low g,0.6,3,0.7328950520291776,1.2,0.5187708329533619,0.3773328765318951,0.7685240323518653,0.7406658835199257,0.744378486710916,-14.090851237053716
public_input_complements,low g,0.6,3,0.7387263672381705,1.2,0.518569974004753,0.37736208780952835,0.7687974521141153,0.7427656327107467,0.7464887609383556,-13.98733616064351
public_input_complements,low g,0.6,3,0.7446646054736273,1.2,0.5183690339728326,0.3773823283582764,0.7690486696691259,0.744886646023556,0.7486204058746384,-13.882973587743951
public_input_complements,low g,0.6,3,0.7507115955056528,1.2,0.518166555232183,0.377402741555917,0.7693018547927146,0.7470309012756067,0.7507754092508678,-13.77776987225443
public_input_complements,low g,0.6,3,0.7568692075072764,1.2,0.517962458500079,0.37742329307900124,0.7695570015081599,0.7491984413529499,0.7529538141680622,-13.67173142206885
public_input_complements,low g,0.6,3,0.7631393540012239,1.2,0.5177582392227391,0.3774357708035186,0.7697922154532009,0.7513875023804674,0.7551538479096428,-13.564864698022378
public_input_complements,low g,0.6,3,0.7695239908317001,1.2,0.5175510546923212,0.37745659897749,0.7700511371677636,0.7536016932851946,0.7573791374924665,-13.457176213646097
public_input_complements,low g,0.6,3,0.7760251181618615,1.2,0.517342370846656,0.3774775796189438,0.7703119369268001,0.7558392623973296,0.7596279224664505,-13.348672534540599
public_input_complements,low g,0.6,3,0.7826447814976824,1.2,0.5171321479108493,0.3774987012867302,0.7705746260853883,0.7581002488458242,0.7619002421566811,-13.239360278090595
public_input_complements,low g,0.6,3,0.7893850727389358,1.2,0.5169204353298567,0.37751998146137045,0.7708391986201872,0.7603846829605888,0.7641961270450979,-13.129246113024282
public_input_complements,low g,0.6,3,0.7962481312580323,1.2,0.5167072605858621,0.37754142387540146,0.7711056363206349,0.762692595151656,0.7665156076941644,-13.018336758985733
public_input_complements,low g,0.6,3,0.8032361450074849,1.2,0.5164925248577479,0.37756298340181793,0.7713739259123678,0.7650240254188161,0.768858724304171,-12.906638986097578
public_input_complements,low g,0.6,3,0.8103513516567865,1.2,0.5162763568777894,0.37758470683686646,0.7716440549049867,0.7673789953807826,0.771225498602195,-12.794159614521881
public_input_complements,low g,0.6,3,0.8175960397595149,1.2,0.5160587467752634,0.37760657296748884,0.7719159804759786,0.7697575343232462,0.7736159600207227,-12.680905514019264
public_input_complements,low g,0.6,3,0.8249725499515008,1.2,0.5158397231764005,0.377628601337502,0.7721897225459542,0.7721596727103978,0.7760301391766469,-12.56688360347564
public_input_complements,low g,0.6,3,0.8324832761809209,1.2,0.5156192536325144,0.37765075389091995,0.7724652190325305,0.7745854385630591,0.7784680642312447,-12.452100850471862
public_input_complements,low g,0.6,3,0.8401306669712053,1.2,0.5153974223128499,0.3776730518408009,0.7727424384596995,0.7770348522108429,0.7809297556160313,-12.336564270792591
public_input_complements,low g,0.6,3,0.8479172267176741,1.2,0.5151741304193513,0.37769549955727516,0.7730214904809198,0.7795079590794519,0.7834152589844068,-12.220280927927503
public_input_complements,low g,0.6,3,0.8558455170188431,1.2,0.5149494916693043,0.37771806001600466,0.7733021694104512,0.7820047614106427,0.7859245765893645,-12.103257932688093
public_input_complements,low g,0.6,3,0.8639181580433734,1.2,0.5147219737382115,0.37774980460938673,0.7736085409115049,0.7845273598569222,0.788459819612976,-11.985502442578081
public_input_complements,low g,0.6,3,0.8721378299336601,1.2,0.514496154332247,0.3777636366666693,0.7738687191477591,0.7870695858333713,0.7910147885501613,-11.867021661419697
public_input_complements,low g,0.6,3,0.8805072742470966,1.2,0.5142674932094276,0.37778662624376835,0.7741544863800929,0.789637647573924,0.7935957227537567,-11.747822838785805
public_input_complements,low g,0.6,3,0.88902929543607,1.2,0.5140359024577417,0.3778189497221132,0.7744663686519875,0.7922316433796389,0.7962027210175568,-11.627913269507967
public_input_complements,low g,0.6,3,0.8977067623677852,1.2,0.5138046320623528,0.3778422627463458,0.7747555485995699,0.7948473374962536,0.7988315263554929,-11.50730029314399
public_input_complements,low g,0.6,3,0.9065426098850453,1.2,0.5135720117440072,0.37786571139513303,0.7750464153615029,0.7974868794805287,0.8014842990990235,-11.385991293513182
public_input_complements,low g,0.6,3,0.9155398404091444,1.2,0.5133381395616771,0.37788926404591483,0.7753387923283753,0.8001502675563867,0.8041610374631685,-11.26399369805518
public_input_complements,low g,0.6,3,0.9247015255860773,1.2,0.5131029838549992,0.3779129533528991,0.7756327922736019,0.8028375334352569,0.8068617733183112,-11.141314977422985
public_input_complements,low g,0.6,3,0.9340308079772923,1.2,0.512866601382902,0.3779367597722688,0.7759283098914136,0.8055486822381158,0.8095865118110974,-11.017962644821893
public_input_complements,low g,0.6,3,0.9435309027962627,1.2,0.5126290022330041,0.3779607115881015,0.7762254053518397,0.8082837355337888,0.8123352746184668,-10.893944255544662
public_input_complements,low g,0.6,3,0.9532050996921831,1.2,0.512390193165989,0.37798478591809787,0.7765240150545659,0.8110427036313946,0.8151080721012121,-10.769267406345024
public_input_complements,low g,0.6,3,0.9630567645821445,1.2,0.5121502135377769,0.3780089888016295,0.7768241146454704,0.8138255960585469,0.8179049138347049,-10.643939734907757
public_input_complements,low g,0.6,3,0.9730893415331738,1.2,0.5119089893372124,0.37803327280485644,0.7771256603100507,0.8166324290815926,0.8207258161668275,-10.517968919260664
public_input_complements,low g,0.6,3,0.9833063546955787,1.2,0.5116666556308249,0.3780577022045463,0.777428676645268,0.8194632055303166,0.823570781941549,-10.3913626772137
public_input_complements,low g,0.6,3,0.9937114102890687,1.2,0.5114231272493781,0.3780822541183999,0.7777331919807271,0.8223179461494448,0.8264398320075788,-10.264128765754778
public_input_complements,low g,0.6,3,1.0043081986431819,1.2,0.5111784633219991,0.3781068958922094,0.7780390660742489,0.82519664345795,0.8293329588463907,-10.136274980411475
public_input_complements,low g,0.6,3,1.0151004962935855,1.2,0.5109327072864307,0.3781316618494238,0.7783463407475377,0.8280993053764187,0.8322501704182736,-10.007809154731797
public_input_complements,low g,0.6,3,1.0260921681358672,1.2,0.5106858443676769,0.37815654595067155,0.778655015773791,0.8310259398766289,0.835191474734964,-9.878739159619492
public_input_complements,low g,0.6,3,1.037287169638491,1.2,0.510437887534382,0.3781815400932856,0.7789650580573393,0.8339765481935999,0.8381568730376717,-9.749072902717517
public_input_complements,low g,0.6,3,1.0486895491166357,1.2,0.5101888893047624,0.3782066453089135,0.7792764176425786,0.8369511250203083,0.8411463599927718,-9.618818327786169
public_input_complements,low g,0.6,3,1.0603034500686892,1.2,0.5099387752451223,0.3782318289433478,0.7795890878501535,0.8399496785117772,0.8441599437961648,-9.487983414085102
public_input_complements,low g,0.6,3,1.0721331135772334,1.2,0.5096876589722215,0.3782571465330954,0.7799030930159871,0.842972201234792,0.8471976169773766,-9.356576175730432
public_input_complements,low g,0.6,3,1.0841828807763967,1.2,0.5094355151442159,0.37828255668368804,0.780218355658065,0.8460186875463526,0.8502593738651216,-9.224604661013377
public_input_complements,low g,0.6,3,1.0964571953875313,1.2,0.5091823600197616,0.37830806106436693,0.7805348636641258,0.8490891321483872,0.8533452091347717,-9.09207695178763
public_input_complements,low g,0.6,3,1.1089606063252093,1.2,0.5089282400798998,0.3783336896284506,0.7808526449571713,0.852183528857768,0.8564551165722057,-8.959001162801336
public_input_complements,low g,0.6,3,1.1216977703756155,1.2,0.5086731033306582,0.3783593878710801,0.7811716161411044,0.8553018688222752,0.8595890872808316,-8.825385440988336
public_input_complements,low g,0.6,3,1.1346734549494641,1.2,0.5084170320444404,0.3783852015568539,0.7814918086227843,0.8584441393936286,0.8627471085489697,-8.691237964850487
public_input_complements,low g,0.6,3,1.147892540911644,1.2,0.508159999292677,0.3784110909605449,0.7818131506533165,0.8616103268633566,0.8659291665994345,-8.556566943716668
public_input_complements,low g,0.6,3,1.1613600254898573,1.2,0.5079020657115021,0.3784370887363609,0.7821356627096181,0.8648004158897786,0.8691352460136449,-8.421380617103404
public_input_complements,low g,0.6,3,1.1750810252645967,1.2,0.5076432639397792,0.3784631888449303,0.7824592971510276,0.8680143856404977,0.8723653258547809,-8.28568725397426
public_input_complements,low g,0.6,3,1.189060779242872,1.2,0.5073835261850179,0.3784893777818078,0.7827840882249923,0.8712522302405348,0.8756194002184153,-8.149495152074786
public_input_complements,low g,0.6,3,1.2033046520181812,1.2,0.5071228850426611,0.3785156276569705,0.7831099340572535,0.8745139201040213,0.8788974393703793,-8.012812637161012
public_input_complements,low g,0.6,3,1.217818137019287,1.2,0.5068614124771331,0.37854197883323876,0.7834368629446318,0.877799431771233,0.8821994197333567,-7.875648062352507
public_input_complements,low g,0.6,3,1.2326068598504607,1.2,0.5065991373800534,0.37856845149202284,0.7837648961261312,0.881108743195205,0.8855253191498716,-7.738009807368991
public_input_complements,low g,0.6,3,1.247676581725918,1.2,0.5063359883709593,0.3785949622067928,0.7840938977507137,0.8844418253286098,0.8888751084269961,-7.59990627775448
public_input_complements,low g,0.6,3,1.2630332030012734,1.2,0.506072042541567,0.3786215530096102,0.7844238951343045,0.8877986479395558,0.8922487571813008,-7.461345904226258
public_input_complements,low g,0.6,3,1.2786827668049243,1.2,0.5058073021801179,0.37864824511353334,0.7847549386818986,0.891179188069595,0.8956462423392579,-7.322337141889322
public_input_complements,low g,0.6,3,1.294631462772364,1.2,0.5055417965212184,0.378675004195113,0.785086913899442,0.8945834025557957,0.8990675205215807,-7.182888469428381
public_input_complements,low g,0.6,3,1.31088563088653,1.2,0.505275537763212,0.3787018443963881,0.7854198437174159,0.8980112605669627,0.9025125607425317,-7.043008388433052
public_input_complements,low g,0.6,3,1.3274517654273796,1.2,0.5050087833575865,0.37872713640294736,0.7857494234673346,0.9014622927497139,0.9059808912960854,-6.902705421498981
public_input_complements,low g,0.6,3,1.3443365190339982,1.2,0.5047410587791549,0.37875411492966604,0.7860841627061353,0.9049373182443016,0.9094733354284515,-6.76198811576657
public_input_complements,low g,0.6,3,1.3615467068826452,1.2,0.5044725862412962,0.3787811462920027,0.7864197811480382,0.9084358709350503,0.9129894246875403,-6.620865035713314
public_input_complements,low g,0.6,3,1.3790893109842512,1.2,0.5042034870707119,0.378808284357223,0.7867562912726298,0.9119578991437992,0.9165291071361531,-6.479344766644614
public_input_complements,low g,0.6,3,1.3969714846049992,1.2,0.5039336880316556,0.37883547962819164,0.7870936433647722,0.9155033622833125,0.9200923419836095,-6.337435912814415
public_input_complements,low g,0.6,3,1.4152005568137338,1.2,0.5036632046079125,0.3788627418768169,0.7874318462141007,0.9190722142217055,0.9236790828667877,-6.195147096651165
public_input_complements,low g,0.6,3,1.4337840371600625,1.2,0.5033921050393289,0.3788900542601711,0.7877707897429358,0.9226643894493132,0.9272892639476544,-6.052486957912075
public_input_complements,low g,0.6,3,1.4527296204871472,1.2,0.503120409971245,0.3789174460939793,0.7881105261261996,0.9262798405701741,0.9309228375926748,-5.909464152932726
public_input_complements,low g,0.6,3,1.4720451918832933,1.2,0.5028480660767679,0.37894488099149715,0.788451018306111,0.9299185166548927,0.9345797526171686,-5.766087353752432
public_input_complements,low g,0.6,3,1.4917388317766058,1.2,0.502575133322916,0.37897239263858,0.7887922899913167,0.9335803586638797,0.9382599496856096,-5.622365247322767
public_input_complements,low g,0.6,3,1.5118188211770927,1.2,0.5023017035847622,0.3789999773026911,0.7891342400351221,0.9372652892255909,0.9419633510386268,-5.4783065346343065
public_input_complements,low g,0.6,3,1.5322936470707536,1.2,0.5020276401989383,0.3790275744395996,0.789476854709027,0.9409732608188183,0.9456899089168113,-5.333919929927987
public_input_complements,low g,0.6,3,1.5531720079703377,1.2,0.5017530870434506,0.379055258735575,0.7898201756557175,0.9447041996501077,0.9494395491568177,-5.189214159846018
public_input_complements,low g,0.6,3,1.5744628196276003,1.2,0.5014779553824633,0.37908296154371945,0.7901641210921357,0.9484580413338075,0.95321220705026,-5.044197962541283
public_input_complements,low g,0.6,3,1.5961752209120554,1.2,0.5012023991300234,0.3791107727239889,0.790508760316365,0.952234708398418,0.9570078047373107,-4.898880086888325
public_input_complements,low g,0.6,3,1.618318579861377,1.2,0.500926318060755,0.3791385926445189,0.7908539460682296,0.9560341257223198,0.9608262667198023,-4.753269291536143
public_input_complements,low g,0.6,3,1.6409024999087747,1.2,0.5006497563576093,0.37916645499116497,0.7911997178404444,0.9598562190584305,0.9646675183784867,-4.607374344140103
public_input_complements,low g,0.6,3,1.6639368262928396,1.2,0.5003727259870778,0.37919438161457864,0.7915461179435355,0.9637009152543049,0.968531486194241,-4.461204020448438
public_input_complements,low g,0.6,3,1.6874316526555453,1.2,0.5000953133271582,0.3792223610736103,0.7918930315796897,0.9675681141473179,0.9724180695023726,-4.314767103386923
public_input_complements,low g,0.6,3,1.7113973278342638,1.2,0.4998188804541528,0.37924100933228516,0.7922157867272432,0.971455020305777,0.9763244588590296,-4.168072381813435
public_input_complements,low g,0.6,3,1.7358444628538618,1.2,0.49954064087404493,0.37926895883799816,0.7925634528795423,0.9753669414804503,0.9802559886201914,-4.021128651329193
public_input_complements,low g,0.6,3,1.7607839381251333,1.2,0.49926204225538895,0.37929699383353677,0.7929116904271162,0.9793011146306516,0.9842098818953724,-3.8739447107800147
public_input_complements,low g,0.6,3,1.7862269108560356,1.2,0.49898303487407203,0.3793250359000948,0.7932603543017631,0.9832574398713398,0.9881860382988563,-3.7265293631575775
public_input_complements,low g,0.6,3,1.8121848226824113,1.2,0.4987036745615816,0.37935310791997146,0.7936094455116272,0.9872358179564135,0.992184358087068,-3.5788914141892385
public_input_complements,low g,0.6,3,1.8386694075250942,1.2,0.49842405397648526,0.3793812398464854,0.7939589458021843,0.9912361404536454,0.9962047322842615,-3.4310396714710283
public_input_complements,low g,0.6,3,1.8656926996805347,1.2,0.49814406556750557,0.37940937614312964,0.7943088247720282,0.9952583172494274,1.0002470703251327,-3.282982943558852
public_input_complements,low g,0.6,3,1.8932670421523103,1.2,0.4978637995159916,0.3794375679762809,0.79465911933709,0.999302240200694,1.0043112635245464,-3.134730039038233
public_input_complements,low g,0.6,3,1.921405095231136,1.2,0.49758321523689975,0.3794657641795625,0.7950097429851335,1.003367799814975,1.0083972018411989,-2.9862897656529452
public_input_complements,low g,0.6,3,1.9501198453312445,1.2,0.4973023943070781,0.3794939930370518,0.7953606843969582,1.0074548776401955,1.0125047662292723,-2.837670929339847
public_input_complements,low g,0.6,3,1.979424614091259,1.2,0.4970213011158723,0.3795225426407856,0.795712694803839,1.0115634487499094,1.0166339316373763,-2.688882333147828
public_input_complements,low g,0.6,3,2.009333067747975,1.2,0.49673999522816126,0.37955079438057415,0.7960641780131847,1.0156932188141683,1.0207844022602266,-2.539932777024463
public_input_complements,low g,0.6,3,2.0398592267917226,1.2,0.49645850368313926,0.37957908751483105,0.7964159497037009,1.019844156154516,1.024956146260579,-2.3908310557978814
public_input_complements,low g,0.6,3,2.071017475912293,1.2,0.4961768136811323,0.3796073991612569,0.7967679658354295,1.0240161374237275,1.0291490396729273,-2.2415859589898393
public_input_complements,low g,0.6,3,2.1028225742447084,1.2,0.4958949384892726,0.3796357390917602,0.7971202374146595,1.0282090392161256,1.0333629584730213,-2.0922062696717356
public_input_complements,low g,0.6,3,2.135289665924415,1.2,0.4956128743189572,0.37966406654946594,0.7974726669899161,1.03242272502613,1.037597765471043,-1.94270076356383
public_input_complements,low g,0.6,3,2.168434290961828,1.2,0.49533067941842124,0.37969242666137953,0.7978253084084453,1.0366570646034847,1.0418533297638553,-1.7930782080333691
public_input_complements,low g,0.6,3,2.2022723964464688,1.2,0.49504838885575,0.37972081235648136,0.7981781090377496,1.0409119154066149,1.0461295080953896,-1.6433473612108827
public_input_complements,low g,0.6,3,2.23682034809129,1.2,0.4947659347199791,0.37974917246839485,0.7985310096915135,1.0451871434115527,1.050426165769881,-1.4935169710210627
public_input_complements,low g,0.6,3,2.2720949421281498,1.2,0.49448343908385817,0.3797775652345161,0.7988840329586797,1.049482597604511,1.0547431510165821,-1.3435957742132176
public_input_complements,low g,0.6,3,2.308113417565749,1.2,0.49420083273048954,0.3798059623707676,0.7992371777984969,1.0537981444476638,1.059080329628306,-1.193592495436127
public_input_complements,low g,0.6,3,2.344893468821764,1.2,0.49391816744067607,0.3798343638771495,0.799590392430163,1.0581336266737051,1.0634375435494408,-1.0435158462932814
public_input_complements,low g,0.6,3,2.382453258741261,1.2,0.4936354621502652,0.3798627707853094,0.7999436604804431,1.0624888918182747,1.0678146395513959,-0.8933745243684266
public_input_complements,low g,0.6,3,2.4208114320139376,1.2,0.49335274621326164,0.37989117936271055,0.800296943323711,1.066863780317143,1.0722114572701222,-0.7431772122852474
public_input_complements,low g,0.6,3,2.4599871290031343,1.2,0.49306864476967505,0.3799290275125935,0.800675059571607,1.071261201895662,1.0766309210160312,-0.5929325763715614
public_input_complements,low g,0.6,3,2.5,1.2,0.4927858928073472,0.37995751013867063,0.8010285623771103,1.0756749090416402,1.0810667519611457,-0.4426492671567006
public_input_complements,baseline g,1.0,1,0.5,1.2,0.8311881654425837,0.3227788670177115,0.2160141873156731,0.5702924224118547,0.5731510250751525,-12.334459119231827
public_input_complements,baseline g,1.0,1,0.5000203210855501,1.2,0.831185214616087,0.32277921938651594,0.21601789925878753,0.5703021561929565,0.5731608076470351,-12.334391570175383
public_input_complements,baseline g,1.0,1,0.5000812892976928,1.2,0.8311762975932413,0.32278024590201726,0.21602903355511607,0.5703313606846361,0.5731901585268383,-12.334188919908588
public_input_complements,baseline g,1.0,1,0.5001829195049198,1.2,0.8311614395219868,0.32278196507638446,0.21604760504300352,0.5703800401573201,0.5732390820063947,-12.333851159139394
public_input_complements,baseline g,1.0,1,0.5003252364947652,1.2,0.8312178474207876,0.32277593723780085,0.21597817701286215,0.5704176974183739,0.5732769280252551,-12.333378496655072
public_input_complements,baseline g,1.0,1,0.5005082749838822,1.2,0.8312549385006758,0.32272607917534935,0.21583339251807881,0.570452243849056,0.5733116476206416,-12.332771051876739
public_input_complements,baseline g,1.0,1,0.500732079632158,1.2,0.8314434105713338,0.32274923099183905,0.21569492837103857,0.570498274252506,0.573357908752449,-12.332029732498532
public_input_complements,baseline g,1.0,1,0.5009967050608752,1.2,0.831459753234121,0.32270810236248226,0.21558974786884072,0.5705790788257968,0.5734391183603491,-12.331154026893975
public_input_complements,baseline g,1.0,1,0.5013022158749305,1.2,0.831685509197511,0.3227211519009431,0.21539217890852608,0.5706407976599305,0.573501146561426,-12.33014544843244
public_input_complements,baseline g,1.0,1,0.5016486866891229,1.2,0.8316349021946751,0.3227271612273577,0.2154557660564175,0.5708064859018553,0.5736676653191198,-12.329002819713741
public_input_complements,baseline g,1.0,1,0.502036202158526,1.2,0.8315786022315953,0.3227336595787791,0.21552610245856743,0.5709914736540229,0.5738535803262539,-12.327725588827649
public_input_complements,baseline g,1.0,1,0.502464857012963,1.2,0.831516331569633,0.3227408664003463,0.21560393985511506,0.5711959943310264,0.574059126167417,-12.326313697425999
public_input_complements,baseline g,1.0,1,0.5029347560956027,1.2,0.8315269198042123,0.3227396160695757,0.21559065090607124,0.5713884554095822,0.5742525519611437,-12.32476739629979
public_input_complements,baseline g,1.0,1,0.5034460144056994,1.2,0.8314527397882461,0.3227482643829751,0.21568351127898006,0.5716320693017731,0.5744973869730509,-12.323087050395523
public_input_complements,baseline g,1.0,1,0.5039987571454999,1.2,0.8313727159686276,0.3227575171645255,0.21578352110674748,0.5718951410292504,0.5747617773530497,-12.32127191797222
public_input_complements,baseline g,1.0,1,0.5045931197713469,1.2,0.8312874919828382,0.3227673831544877,0.2158900556308553,0.5721774751035558,0.5750455266327918,-12.319321918380746
public_input_complements,baseline g,1.0,1,0.5052292480490046,1.2,0.831246945999454,0.32277209638553317,0.21594078219329754,0.5724590863501073,0.5753285494615908,-12.317237364201839
public_input_complements,baseline g,1.0,1,0.5059072981132409,1.2,0.8311491548480539,0.3227834207102553,0.21606303388609766,0.5727808364640415,0.5756519123546827,-12.315018282594735
public_input_complements,baseline g,1.0,1,0.5066274365316988,1.2,0.831045375127849,0.32279542085091545,0.2161927339101284,0.5731221882548386,0.5759949751784517,-12.31266410473756
public_input_complements,baseline g,1.0,1,0.507389840373095,1.2,0.8315652075028429,0.3227712839133927,0.21562076575008537,0.5732521185822202,0.5761255567843094,-12.310178421167333
public_input_complements,baseline g,1.0,1,0.5081946972797818,1.2,0.8315600953079179,0.32273579809960734,0.21554922858723397,0.5735660716728151,0.57644108357132,-12.307568570240758
public_input_complements,baseline g,1.0,1,0.5090422055447187,1.2,0.8314825569264217,0.3227447715293816,0.2156461495770426,0.5739484572776775,0.576825385892003,-12.304824917849679
public_input_complements,baseline g,1.0,1,0.5099325741928927,1.2,0.8317394917539775,0.3227148915068296,0.2153246739007743,0.5742130139885916,0.5770912686989491,-12.301951386570169
public_input_complements,baseline g,1.0,1,0.5108660230672385,1.2,0.8316729821620319,0.32272276000229616,0.21540817944292764,0.574625472846978,0.5775057950159668,-12.298948952757556
public_input_complements,baseline g,1.0,1,0.5118427829191048,1.2,0.8315342119822873,0.32273884332266234,0.21558168959466345,0.575084321448578,0.5779669436057536,-12.295813048087695
public_input_complements,baseline g,1.0,1,0.5128630955033207,1.2,0.8313895490122813,0.3227555839467975,0.21576251231280114,0.575562846793112,0.5784478675685588,-12.292542521461094
public_input_complements,baseline g,1.0,1,0.5139272136779165,1.2,0.8313604482454611,0.3227141487132349,0.21570211297512626,0.5759843995106971,0.5788715333279341,-12.289138814508899
public_input_complements,baseline g,1.0,1,0.5150354015085564,1.2,0.8315044104983016,0.3227422523556714,0.21561885458994864,0.5764081288046201,0.5792973865737816,-12.28560998555513
public_input_complements,baseline g,1.0,1,0.5161879343777439,1.2,0.8314385437236174,0.3227498354599902,0.2157011008699616,0.5769066222777387,0.5797983787558325,-12.281947733688881
public_input_complements,baseline g,1.0,1,0.5173850990988615,1.2,0.8312712310294269,0.3227692608357088,0.21591037237570398,0.5774637141381567,0.5803582630508214,-12.27815305628953
public_input_complements,baseline g,1.0,1,0.5186271940351138,1.2,0.8312946035397734,0.32276657338323633,0.21588119496801714,0.5779606947980229,0.5808577348366118,-12.274225448755601
public_input_complements,baseline g,1.0,1,0.5199145292234401,1.2,0.8314079291929573,0.32274826438297505,0.21572832187426888,0.5784351093341821,0.5813345273855297,-12.270174254605491
public_input_complements,baseline g,1.0,1,0.5212474265034702,1.2,0.8315432681584896,0.3227377683416734,0.21557031145952482,0.578924126453578,0.5818259957134371,-12.265995549515582
public_input_complements,baseline g,1.0,1,0.5226262196515982,1.2,0.8314573799210191,0.3227477056794225,0.21567766434653357,0.5795175126945434,0.5824223563153131,-12.261689715687055
public_input_complements,baseline g,1.0,1,0.5240512545202515,1.2,0.8312605026433395,0.32277050242621874,0.215923782597293,0.5801737109807636,0.5830818438091309,-12.257251883183363
public_input_complements,baseline g,1.0,1,0.5255228891824385,1.2,0.8311285777983477,0.3227857503921451,0.21608864304868564,0.5808208506958035,0.5837322273254913,-12.252679819358194
public_input_complements,baseline g,1.0,1,0.5270414940816569,1.2,0.8309199402679865,0.32280992602324704,0.21634949994222707,0.5815169303340106,0.5844317960774048,-12.24797493237494
public_input_complements,baseline g,1.0,1,0.5286074521872524,1.2,0.831343213136605,0.32276090768536564,0.21582034746378503,0.5819714387653525,0.5848885827417394,-12.243151443305022
public_input_complements,baseline g,1.0,1,0.5302211591553182,1.2,0.8311943042313044,0.32277817435884565,0.21600655238380215,0.5826780064901137,0.5855986921519596,-12.238203913148169
public_input_complements,baseline g,1.0,1,0.5318830234952302,1.2,0.8310056551598215,0.32280001323703844,0.21624237343218167,0.5834184885475744,0.5863428858911793,-12.233122943387265
public_input_complements,baseline g,1.0,1,0.5335934667419154,1.2,0.8308492473709838,0.32281810112291953,0.21643785105452248,0.5841633237942572,0.587091454640073,-12.227910381043362
public_input_complements,baseline g,1.0,1,0.5353529236339561,1.2,0.8313023482917339,0.3227655953332227,0.21587133762802707,0.5846742568437281,0.5876049487521121,-12.222573417558085
public_input_complements,baseline g,1.0,1,0.537161842297634,1.2,0.8311841150640664,0.3227793190183803,0.21601921401563492,0.5854383903548039,0.5883729124983516,-12.21712426100108
public_input_complements,baseline g,1.0,1,0.5390206844370244,1.2,0.8313469400309084,0.3227604741968658,0.21581568423432199,0.586103654515609,0.5890415113096397,-12.211558562010131
public_input_complements,baseline g,1.0,1,0.5409299255302531,1.2,0.831216687533773,0.32277558383734856,0.21597857355489986,0.5869079468911974,0.5898498352175378,-12.205863671689071
public_input_complements,baseline g,1.0,1,0.5428900550320312,1.2,0.8312997327430345,0.322765784825043,0.2158743624790585,0.5876410806414162,0.5905866438159723,-12.200041051939728
public_input_complements,baseline g,1.0,1,0.5449015765825912,1.2,0.8312915311165596,0.3227668941294809,0.21588496020311895,0.5884298995630838,0.5913794167089391,-12.194101844404654
public_input_complements,baseline g,1.0,1,0.5469650082231464,1.2,0.8310207522079067,0.32279826514100046,0.21622350049665418,0.5893458378040192,0.592299946109413,-12.188035248832303
public_input_complements,baseline g,1.0,1,0.5490808826180046,1.2,0.8311375267776443,0.3227847423888128,0.21607751678219142,0.590117702414552,0.5930756797074068,-12.181847221908155
public_input_complements,baseline g,1.0,1,0.5512497472834679,1.2,0.8312099385338327,0.32277634514311226,0.21598696697528968,0.5909255589237608,0.5938875856142194,-12.175539339674486
public_input_complements,baseline g,1.0,1,0.5534721648236569,1.2,0.8310437416023573,0.3227955820586583,0.21619471564434473,0.5918511375130066,0.5948178036854508,-12.169109063428602
public_input_complements,baseline g,1.0,1,0.5557487131734017,1.2,0.8308000404914924,0.32282379947499795,0.21649936637450343,0.5928271815258133,0.5957987401392313,-12.162549285397667
public_input_complements,baseline g,1.0,1,0.5580799858483445,1.2,0.8309069443132233,0.32280014282222147,0.21634136418277494,0.5936664358874033,0.5966422012808151,-12.155864371649802
public_input_complements,baseline g,1.0,1,0.5604665922024078,1.2,0.8311169403821193,0.32278707644083293,0.21610314473007983,0.5944940238054252,0.5974739375005392,-12.149084223358642
public_input_complements,baseline g,1.0,1,0.5629091576927818,1.2,0.8309003582646735,0.32281218435734993,0.21637395994720238,0.595512339412003,0.5984973574353364,-12.142174678507592
public_input_complements,baseline g,1.0,1,0.5654083241525933,1.2,0.8305850016672959,0.32284868794637606,0.21676816429687654,0.5965905149387464,0.5995809373393978,-12.135133798893904
public_input_complements,baseline g,1.0,1,0.5679647500714233,1.2,0.830964828152603,0.32280468944374585,0.21629330104588812,0.5973918109051715,0.6003862498185691,-12.127981960964158
public_input_complements,baseline g,1.0,1,0.5705791108838415,1.2,0.83098677030302,0.3228021588288861,0.2162658927673739,0.5983625186678635,0.60136182327417,-12.120728933962912
public_input_complements,baseline g,1.0,1,0.5732520992661372,1.2,0.8308454335318733,0.32281852150102847,0.21644257291034807,0.5994206979458694,0.6024253066978799,-12.113351241785447
public_input_complements,baseline g,1.0,1,0.5759844254414287,1.2,0.830967771050529,0.322804364327371,0.21628965589659233,0.6003841511989257,0.603393589280464,-12.105854793880553
public_input_complements,baseline g,1.0,1,0.578776817493336,1.2,0.8307860270283957,0.322825402174573,0.2165168416686819,0.6014956331780253,0.6045106425861689,-12.098247706453467
public_input_complements,baseline g,1.0,1,0.5816300216884137,1.2,0.8308466944813651,0.3228183761045655,0.2164409979044964,0.6025211432366232,0.605541293035327,-12.090528672184266
public_input_complements,baseline g,1.0,1,0.5845448028075416,1.2,0.8310821411904912,0.32279096575858823,0.2161463448480594,0.6034889356202635,0.6065139364984777,-12.082695550480004
public_input_complements,baseline g,1.0,1,0.5875219444864789,1.2,0.8307236541271619,0.3228326530914976,0.216594876550473,0.6047310710199473,0.6077622981277627,-12.07475329675105
public_input_complements,baseline g,1.0,1,0.5905622495657936,1.2,0.8304738239717305,0.32285526908673406,0.2168935572556151,0.6059404464134168,0.6089777355406188,-12.066682451378465
public_input_complements,baseline g,1.0,1,0.5936665404503856,1.2,0.8309319756302833,0.32280838489955055,0.21633413575274574,0.6068692928327237,0.6099112378219778,-12.05850116229018
public_input_complements,baseline g,1.0,1,0.5968356594788269,1.2,0.8307546686472604,0.3228290562359094,0.21655609282230381,0.6080877180712658,0.6111357704424436,-12.050228474522271
public_input_complements,baseline g,1.0,1,0.600070469302753,1.2,0.8306192984013094,0.32286926942277894,0.21677832355189292,0.6093223467782483,0.6123765877515734,-12.041826219254293
public_input_complements,baseline g,1.0,1,0.6033718532765401,1.2,0.8310700847158937,0.3227925782300717,0.216161884261061,0.6102863109682436,0.6133453838321787,-12.033318601588546
public_input_complements,baseline g,1.0,1,0.6067407158575169,1.2,0.8308014541347931,0.3228235843999893,0.2164974881691838,0.6115992597280266,0.6146649137750075,-12.024722826437403
public_input_complements,baseline g,1.0,1,0.6101779830169621,1.2,0.830441000346117,0.3228653501517049,0.2169481559815657,0.6129712298920951,0.6160437609681421,-12.01600268180273
public_input_complements,baseline g,1.0,1,0.6136846026621482,1.2,0.8306763828047061,0.32283807646193,0.21665386235306267,0.6140994138917433,0.6171776000136214,-12.007166764145897
public_input_complements,baseline g,1.0,1,0.6172615450697004,1.2,0.8306704618969831,0.32283877079003714,0.21666128300949722,0.6153518423129477,0.6184363062584123,-11.998241879029475
public_input_complements,baseline g,1.0,1,0.6209098033305457,1.2,0.8304693090598434,0.32286252437378893,0.21691374358754079,0.6167093067485045,0.6198005750127682,-11.989202223163893
public_input_complements,baseline g,1.0,1,0.6246303938067362,1.2,0.8305909613613258,0.32284796803508065,0.21676064959444857,0.6179412764275621,0.6210387199655403,-11.980059843779527
public_input_complements,baseline g,1.0,1,0.6284243566004422,1.2,0.8306372382864576,0.32284252178234885,0.21670260876341574,0.6192249818698047,0.6223288600080894,-11.970812970372853
public_input_complements,baseline g,1.0,1,0.6322927560354111,1.2,0.8302105365672434,0.3228924828151472,0.21723722631347453,0.6207386923332572,0.623850157976815,-11.961458621010838
public_input_complements,baseline g,1.0,1,0.6362366811512086,1.2,0.830575610961438,0.32284972320213795,0.21677979115518003,0.6219160387240478,0.6250334058409481,-11.95201495842755
public_input_complements,baseline g,1.0,1,0.6402572462105554,1.2,0.8301944749596764,0.32289388561340004,0.2172563179652678,0.6234466031228244,0.6265716422257003,-11.942456543003075
public_input_complements,baseline g,1.0,1,0.6443555912200942,1.2,0.8306653419042079,0.32286617573423626,0.21672559768174246,0.6246304444408245,0.6277614175730012,-11.932798963937493
public_input_complements,baseline g,1.0,1,0.6485328824649206,1.2,0.8302575025138046,0.32288661888519554,0.21717759427821798,0.6261923072097727,0.6293311092116582,-11.923052120674303
public_input_complements,baseline g,1.0,1,0.652790313057229,1.2,0.8299976333370775,0.3229166655172685,0.21750236418022248,0.6277245973985265,0.6308710800369457,-11.913185989851304
public_input_complements,baseline g,1.0,1,0.6571291034994325,1.2,0.8304290274432523,0.3228666762003928,0.21696299314959608,0.6289614627278115,0.632114145179494,-11.903221935194487
public_input_complements,baseline g,1.0,1,0.6615505022621248,1.2,0.8302169677880379,0.3228912738788449,0.2172281837902673,0.6305093027596748,0.633669743791804,-11.893182540119689
public_input_complements,baseline g,1.0,1,0.6660557863772645,1.2,0.8300257419599573,0.32291387676369054,0.2174682318496141,0.6320668242969365,0.6352350724382604,-11.883017425564434
public_input_complements,baseline g,1.0,1,0.6706462620469753,1.2,0.8305549078092902,0.3228521780990805,0.21680579688472362,0.6333116183736583,0.6364861060712574,-11.872786560686126
public_input_complements,baseline g,1.0,1,0.6753232652683625,1.2,0.8303205777272643,0.3228793036915034,0.21709871824638313,0.6349257421461436,0.6381083206728219,-11.862464595321242
public_input_complements,baseline g,1.0,1,0.6800881624747613,1.2,0.8302163624687714,0.32289135499854027,0.2172289643280757,0.636498740027409,0.639689203238779,-11.852031244563259
public_input_complements,baseline g,1.0,1,0.6849423511938463,1.2,0.8303082714880501,0.32288067216630734,0.21711398039117363,0.6379994553855833,0.6411974409639901,-11.841500774292832
public_input_complements,baseline g,1.0,1,0.6898872607230374,1.2,0.8298772021575359,0.32293106501836427,0.2176538982821309,0.6397622340636908,0.6429690556069921,-11.830879508361537
public_input_complements,baseline g,1.0,1,0.6949243528226603,1.2,0.8301527614504561,0.32289866749134344,0.21730836033084552,0.6412141715862549,0.6444282709966747,-11.82017104009666
public_input_complements,baseline g,1.0,1,0.7000551224273222,1.2,0.8299764080014613,0.322919191761998,0.2175290462044543,0.6428959578890556,0.6461184872883992,-11.809360312691366
public_input_complements,baseline g,1.0,1,0.7052810983759861,1.2,0.8304729883296116,0.32296739055671964,0.2171365752729028,0.6443556057360423,0.6475854516506663,-11.798469420554357
public_input_complements,baseline g,1.0,1,0.7106038441612367,1.2,0.8301652854835041,0.32289727176410987,0.21729282152697327,0.6460611165270751,0.649299511350115,-11.787524759105256
public_input_complements,baseline g,1.0,1,0.7160249586982449,1.2,0.829866714607493,0.3229323496725838,0.21766716068528802,0.647857624962241,0.6511050248212863,-11.776467829637392
public_input_complements,baseline g,1.0,1,0.7215460771139571,1.2,0.8301121578810569,0.32290337802149977,0.21735913864538287,0.6494144167107703,0.6526696200209289,-11.76533396598571
public_input_complements,baseline g,1.0,1,0.7271688715570458,1.2,0.8298285908244724,0.32293620196600115,0.21771360542209015,0.6512417107847573,0.654506073444578,-11.75410336039492
public_input_complements,baseline g,1.0,1,0.7328950520291776,1.2,0.8300580320223077,0.3229097521895163,0.21742703270704758,0.6528431440276459,0.6561155339050014,-11.742759581934799
public_input_complements,baseline g,1.0,1,0.7387263672381705,1.2,0.8299340638340921,0.3229240150344096,0.21758180864023272,0.6546320816492848,0.6579134386137849,-11.731378493037425
public_input_complements,baseline g,1.0,1,0.7446646054736273,1.2,0.8297890307219984,0.32294079975390216,0.21776309674643038,0.6564503123176342,0.6597407832012866,-11.719882226099037
public_input_complements,baseline g,1.0,1,0.7507115955056528,1.2,0.8301232912110569,0.3229020677840919,0.2173451752025818,0.6580557441576748,0.6613542623019139,-11.708329759254799
public_input_complements,baseline g,1.0,1,0.7568692075072764,1.2,0.8300754071586314,0.32290764799213695,0.2174051125043845,0.6598644116177318,0.6631719957453421,-11.696713898466216
public_input_complements,baseline g,1.0,1,0.7631393540012239,1.2,0.830048309695748,0.32291055925987866,0.21743849830558992,0.661681625070879,0.6649983180188291,-11.684993232700041
public_input_complements,baseline g,1.0,1,0.7695239908317001,1.2,0.8301163062586534,0.3229100746050021,0.21736945488815132,0.6634767292903617,0.6668024202356568,-11.673198208889385
public_input_complements,baseline g,1.0,1,0.7760251181618615,1.2,0.8295976230864375,0.322963420119269,0.21800336437118364,0.66556814796218,0.6689043221871934,-11.661325424696933
public_input_complements,baseline g,1.0,1,0.7826447814976824,1.2,0.8298326485074556,0.3229357428943129,0.21770855614426018,0.6673132244019513,0.6706581458590203,-11.64937415831383
public_input_complements,baseline g,1.0,1,0.7893850727389358,1.2,0.8297478284364324,0.32294534200529634,0.2178141102950078,0.669234649313736,0.672589201953255,-11.637333526497525
public_input_complements,baseline g,1.0,1,0.7962481312580323,1.2,0.83017364019271,0.32289627083179695,0.21728230480397154,0.6709215475825732,0.6742845558348524,-11.625235275436163
public_input_complements,baseline g,1.0,1,0.8032361450074849,1.2,0.8296131159784876,0.32296119173848475,0.2179830581766395,0.6731179004926902,0.6764919180097461,-11.613074133437351
public_input_complements,baseline g,1.0,1,0.8103513516567865,1.2,0.8296332754484336,0.3229593053170032,0.2179588240362934,0.6750445409397844,0.6784282157822698,-11.600819068995378
public_input_complements,baseline g,1.0,1,0.8175960397595149,1.2,0.8298594240469108,0.32293265897767864,0.2176751193448752,0.6768856003098286,0.6802785035008099,-11.588525653675736
public_input_complements,baseline g,1.0,1,0.8249725499515008,1.2,0.8295065092131988,0.32297351532627855,0.2181162838915629,0.6790372948019828,0.6824409834064891,-11.5761430003618
public_input_complements,baseline g,1.0,1,0.8324832761809209,1.2,0.829737501326622,0.32294671214934145,0.21782739691595554,0.680913234267663,0.684326326057872,-11.563678204348331
public_input_complements,baseline g,1.0,1,0.8401306669712053,1.2,0.8295467613348371,0.32296885326160985,0.21806596171024,0.6830217673503508,0.6864454282066194,-11.551165783649477
public_input_complements,baseline g,1.0,1,0.8479172267176741,1.2,0.8298192903798163,0.322975072261255,0.21780686570449442,0.6849423739563969,0.688375661893341,-11.538542903138865
public_input_complements,baseline g,1.0,1,0.8558455170188431,1.2,0.8297420073464563,0.32294625307765334,0.217821899301275,0.687001682948878,0.6904452932151028,-11.525910655683159
public_input_complements,baseline g,1.0,1,0.8639181580433734,1.2,0.8295023778018596,0.32297447216323416,0.21812248207072626,0.6891934490297797,0.692648045569204,-11.513182217676059
public_input_complements,baseline g,1.0,1,0.8721378299336601,1.2,0.8297083869246764,0.3229505873250581,0.2178648816974491,0.6911740781046936,0.6946386025886706,-11.500408224132133
public_input_complements,baseline g,1.0,1,0.8805072742470966,1.2,0.8296695701481402,0.32295460352710736,0.21791237347041154,0.6932995411558192,0.6967747195676759,-11.487575092542066
public_input_complements,baseline g,1.0,1,0.88902929543607,1.2,0.8295544075389478,0.32296793241734445,0.21805632648251613,0.6954842352342798,0.6989703644707763,-11.474660054710498
public_input_complements,baseline g,1.0,1,0.8977067623677852,1.2,0.8297056860262254,0.3229504446294842,0.21786727437346032,0.6975486384460978,0.7010451155467557,-11.461681412316178
public_input_complements,baseline g,1.0,1,0.9065426098850453,1.2,0.8291142848603176,0.32301938173822137,0.2186075796942407,0.700022288571528,0.7035311648950385,-11.448640966683238
public_input_complements,baseline g,1.0,1,0.9155398404091444,1.2,0.8295784221872955,0.32296518505823474,0.2180263775384917,0.7019591712793758,0.7054777562678616,-11.435563581999217
public_input_complements,baseline g,1.0,1,0.9247015255860773,1.2,0.8294079842076405,0.32298487397444964,0.21823934357717084,0.704249772544513,0.7077798392196208,-11.422414479576576
public_input_complements,baseline g,1.0,1,0.9340308079772923,1.2,0.829733514482618,0.3229471826621793,0.2178324000676893,0.7062955428404399,0.7098358639818297,-11.409222997852305
public_input_complements,baseline g,1.0,1,0.9435309027962627,1.2,0.8291715953484744,0.3230127107379074,0.21853585984540552,0.7088342591043081,0.7123873056139266,-11.39596510208261
public_input_complements,baseline g,1.0,1,0.9532050996921831,1.2,0.8297971686265946,0.3229406031910625,0.21775453426610045,0.7107556410154152,0.7143183184919419,-11.382645957793514
public_input_complements,baseline g,1.0,1,0.9630567645821445,1.2,0.8291912279879119,0.32300999063122726,0.21851035177553912,0.7133573661291176,0.7169330848070472,-11.36928877246568
public_input_complements,baseline g,1.0,1,0.9730893415331738,1.2,0.8292414980428308,0.3230490504183015,0.2185444508607005,0.7156621811503014,0.7192494527616019,-11.35583327971349
public_input_complements,baseline g,1.0,1,0.9833063546955787,1.2,0.8294622396292195,0.322979084093174,0.21817258201203643,0.7178193225360401,0.7214174068635332,-11.34238845821066
public_input_complements,baseline g,1.0,1,0.9937114102890687,1.2,0.8291432522621589,0.32301555232710333,0.21857034076438442,0.7203256410011879,0.7239362883022679,-11.328870623119716
public_input_complements,baseline g,1.0,1,1.0043081986431819,1.2,0.829447560274794,0.3229808463312507,0.21819106780070738,0.7225104951986175,0.7261320941269368,-11.315288008835752
public_input_complements,baseline g,1.0,1,1.0151004962935855,1.2,0.8292971554293903,0.3229977296509598,0.21837794061668295,0.7249628487438579,0.7285967401454773,-11.301692189916427
public_input_complements,baseline g,1.0,1,1.0260921681358672,1.2,0.8293967030398737,0.322986687378903,0.21825454169855688,0.7272968436512173,0.7309424342509957,-11.28800636004138
public_input_complements,baseline g,1.0,1,1.037287169638491,1.2,0.8292694689460964,0.32300149041517995,0.2184137503506925,0.7297751434936701,0.7334331566231045,-11.27431168928752
public_input_complements,baseline g,1.0,1,1.0486895491166357,1.2,0.8286704509946585,0.32307025654426574,0.21916130314095536,0.7325359531413115,0.7362078048866935,-11.260531779572672
public_input_complements,baseline g,1.0,1,1.0603034500686892,1.2,0.8290788383541021,0.323023479059966,0.21865187641542438,0.7347536600529235,0.7384366281004603,-11.246729655167872
public_input_complements,baseline g,1.0,1,1.0721331135772334,1.2,0.8290150945525501,0.32303086290055605,0.21873156931265103,0.7372538765466827,0.7409493769815474,-11.232887808870053
public_input_complements,baseline g,1.0,1,1.0841828807763967,1.2,0.8293803614718529,0.3229880760351172,0.21827388276400034,0.7395291473765956,0.743236052653956,-11.219014730849247
public_input_complements,baseline g,1.0,1,1.0964571953875313,1.2,0.8291127909217437,0.32301952983557336,0.2186093935230946,0.7421828995023088,0.7459031067675549,-11.205089852456439
public_input_complements,baseline g,1.0,1,1.1089606063252093,1.2,0.8293310685444817,0.32309423394328685,0.2185524767730181,0.74466464203681,0.7483972890882781,-11.191115806843738
public_input_complements,baseline g,1.0,1,1.1216977703756155,1.2,0.8288382843544062,0.32305084260969685,0.21895153568253906,0.7473990314859682,0.7511453847215879,-11.177120614879101
public_input_complements,baseline g,1.0,1,1.1346734549494641,1.2,0.8288119518609718,0.3230543970391689,0.21898554574363294,0.7499725980874931,0.7537318513793859,-11.163065594984797
public_input_complements,baseline g,1.0,1,1.147892540911644,1.2,0.829020965424599,0.323030171273338,0.2187242045258111,0.7524277343019325,0.7561992940153128,-11.14898400848724
public_input_complements,baseline g,1.0,1,1.1613600254898573,1.2,0.8287068727441698,0.3230665311351424,0.21911683450773767,0.7552053701625927,0.7589908528336644,-11.13486806766342
public_input_complements,baseline g,1.0,1,1.1750810252645967,1.2,0.829164772057975,0.3230135292494194,0.21854445112077095,0.7575506899726739,0.7613479286082158,-11.120716457150436
public_input_complements,baseline g,1.0,1,1.189060779242872,1.2,0.8289430215655759,0.32303370011962174,0.21880977069280708,0.7603074024647318,0.7641184591791432,-11.10655421571026
public_input_complements,baseline g,1.0,1,1.2033046520181812,1.2,0.828686575754395,0.3230689076132786,0.21914226469028683,0.7631140046988898,0.7669391295655442,-11.092312450065045
public_input_complements,baseline g,1.0,1,1.217818137019287,1.2,0.8289634492987707,0.32303635761877547,0.21879508315778423,0.7656179478755252,0.7694556238095831,-11.078096001153664
public_input_complements,baseline g,1.0,1,1.2326068598504607,1.2,0.8282945460056655,0.3231143334657022,0.21963241428025115,0.7687043465063403,0.7725574930779155,-11.063786615174223
public_input_complements,baseline g,1.0,1,1.247676581725918,1.2,0.8292820190675937,0.32299941180098896,0.21839671042254252,0.7708176884853652,0.7746814282276934,-11.049493320645665
public_input_complements,baseline g,1.0,1,1.2630332030012734,1.2,0.8286011207389538,0.32307875779196094,0.21924899609168205,0.7739513866780575,0.7778308341479436,-11.035167750529835
public_input_complements,baseline g,1.0,1,1.2786827668049243,1.2,0.8289589430088888,0.32303736125197746,0.21880175729538248,0.7764767639159165,0.7803688698918854,-11.02079560141679
public_input_complements,baseline g,1.0,1,1.294631462772364,1.2,0.8287523968771612,0.32306124172002326,0.21905988523808906,0.7793620322169276,0.7832686006604402,-11.006428310561702
public_input_complements,baseline g,1.0,1,1.31088563088653,1.2,0.8283167612420221,0.3231116988488478,0.21960450827148903,0.782406671930109,0.7863285016936933,-10.991993069334118
public_input_complements,baseline g,1.0,1,1.3274517654273796,1.2,0.8288641478401857,0.323048330507006,0.21892024605494734,0.7848675362536809,0.7888017011510193,-10.977552036164557
public_input_complements,baseline g,1.0,1,1.3443365190339982,1.2,0.8286004534159594,0.3230783700680597,0.21924882593104938,0.7878439713598923,0.791793055700287,-10.963099737097869
public_input_complements,baseline g,1.0,1,1.3615467068826452,1.2,0.8287596540684403,0.32305989008814706,0.21904970852195743,0.7905775611539372,0.7945403476701958,-10.948607645212867
public_input_complements,baseline g,1.0,1,1.3790893109842512,1.2,0.828970641290441,0.3230355162249642,0.2187860737554817,0.7932956864345609,0.797272097610487,-10.934125127335538
public_input_complements,baseline g,1.0,1,1.3969714846049992,1.2,0.8287980050593728,0.3230555901641912,0.21900206969528035,0.796271356688232,0.8002626834733754,-10.919597933143358
public_input_complements,baseline g,1.0,1,1.4152005568137338,1.2,0.828383551318421,0.32310395993856417,0.21952100214887765,0.7994185475639325,0.8034256497089889,-10.905052279031038
public_input_complements,baseline g,1.0,1,1.4337840371600625,1.2,0.8281894953848098,0.32312646486078667,0.21976366871448938,0.8024459061213757,0.8064681829643501,-10.890467915101107
public_input_complements,baseline g,1.0,1,1.4527296204871472,1.2,0.8289134735917472,0.32304213168877116,0.21885753085599857,0.8049069876841118,0.8089416007497562,-10.875900969234472
public_input_complements,baseline g,1.0,1,1.4720451918832933,1.2,0.8286132106557829,0.3230768915518895,0.21923287509629838,0.808037403843138,0.812087708185078,-10.861312382233963
public_input_complements,baseline g,1.0,1,1.4917388317766058,1.2,0.8289904600737533,0.32303367993821147,0.21876228859278346,0.8107513004205483,0.814815208225693,-10.846703442673931
public_input_complements,baseline g,1.0,1,1.5118188211770927,1.2,0.8282871723114148,0.3231146427707971,0.2196404560735069,0.8141786386409673,0.8182597260504341,-10.832095945951764
public_input_complements,baseline g,1.0,1,1.5322936470707536,1.2,0.8285151149294774,0.32308874629608675,0.21935657707007,0.8170234144084119,0.8211187613157531,-10.817437718161816
public_input_complements,baseline g,1.0,1,1.5531720079703377,1.2,0.8284648136337001,0.32309407003465485,0.2194183776411545,0.8200647325916951,0.82417532416987,-10.80281192311398
public_input_complements,baseline g,1.0,1,1.5744628196276003,1.2,0.8281723367648106,0.3231283822672347,0.21978496893241628,0.8232834644895085,0.8274101900284622,-10.788124705673486
public_input_complements,baseline g,1.0,1,1.5961752209120554,1.2,0.8288257919985738,0.3230522268957808,0.21896701809631275,0.8258960663988474,0.830035887659369,-10.773459780343243
public_input_complements,baseline g,1.0,1,1.618318579861377,1.2,0.8285137474734423,0.3230884026675429,0.2193572022884505,0.8291626789854117,0.8333188742096631,-10.758796305414421
public_input_complements,baseline g,1.0,1,1.6409024999087747,1.2,0.8282917085452807,0.3231138787641443,0.21963426958527119,0.8323878940960221,0.8365602557782914,-10.744088443469643
public_input_complements,baseline g,1.0,1,1.6639368262928396,1.2,0.828326233246109,0.3231105666621106,0.2195925907440499,0.8354605352156258,0.8396482985756006,-10.729427127337168
public_input_complements,baseline g,1.0,1,1.6874316526555453,1.2,0.8280685745905115,0.32313994891939507,0.21991371507538174,0.8387453057928321,0.8429495341338434,-10.714729207881643
public_input_complements,baseline g,1.0,1,1.7113973278342638,1.2,0.8284685803834027,0.3230940956178432,0.21941466615113875,0.8416044542450603,0.8458230141273284,-10.700015174270144
public_input_complements,baseline g,1.0,1,1.7358444628538618,1.2,0.8281916859501995,0.3231256991848926,0.2197598242891684,0.8449371085375973,0.849172373419024,-10.68532185813483
public_input_complements,baseline g,1.0,1,1.7607839381251333,1.2,0.8284258748364712,0.32309849684290465,0.2194668783442028,0.84793901596403,0.8521893279690498,-10.670572687537273
public_input_complements,baseline g,1.0,1,1.7862269108560356,1.2,0.8285020599536381,0.32309020192995763,0.2193727762150704,0.8510649670570299,0.8553309479571087,-10.655888748364823
public_input_complements,baseline g,1.0,1,1.8121848226824113,1.2,0.8277347854483874,0.3231785627451721,0.22033091008118427,0.854788378414097,0.8590730229912714,-10.641163171727605
public_input_complements,baseline g,1.0,1,1.8386694075250942,1.2,0.8283369196756749,0.3231093435837696,0.2195792624652672,0.8575839099919236,0.8618825672294449,-10.626437204802317
public_input_complements,baseline g,1.0,1,1.8656926996805347,1.2,0.8281538644561042,0.3231300617163748,0.21980706885126539,0.8609382025295141,0.8652536732283487,-10.611754298916814
public_input_complements,baseline g,1.0,1,1.8932670421523103,1.2,0.8286074715623448,0.3231291805973365,0.21935155852790195,0.8639181827935564,0.868248590705625,-10.597017955873415
public_input_complements,baseline g,1.0,1,1.921405095231136,1.2,0.8283153503880597,0.32311138517362253,0.219605241586965,0.8673275642373097,0.8716750617449828,-10.582336608878528
public_input_complements,baseline g,1.0,1,1.9501198453312445,1.2,0.8278427335298406,0.3232109575713038,0.22029293482417572,0.8709856191402803,0.8753514527244592,-10.56761610383175
public_input_complements,baseline g,1.0,1,1.979424614091259,1.2,0.8280877162049869,0.32313818835055963,0.2198907706322219,0.8740558943141952,0.8784371177167275,-10.552914817629784
public_input_complements,baseline g,1.0,1,2.009333067747975,1.2,0.8279906968165919,0.32314940867328706,0.2200120259177082,0.8774324964563666,0.8818306451475705,-10.53821533466387
public_input_complements,baseline g,1.0,1,2.0398592267917226,1.2,0.828406454126322,0.3231484121111044,0.21959411603366352,0.8805073011984476,0.8849208624125597,-10.523518029964851
public_input_complements,baseline g,1.0,1,2.071017475912293,1.2,0.8276988218459236,0.32318319922665245,0.22037688848364567,0.8843050312674242,0.8887376286827254,-10.508844378486899
public_input_complements,baseline g,1.0,1,2.1028225742447084,1.2,0.8280167581715459,0.32314590978032204,0.2199784069539499,0.8874280389937136,0.891876290550387,-10.49415947690133
public_input_complements,baseline g,1.0,1,2.135289665924415,1.2,0.8282154912340527,0.32312285759569664,0.21972988117265224,0.8906512289040016,0.8951156367673341,-10.479511952337326
public_input_complements,baseline g,1.0,1,2.168434290961828,1.2,0.8277744420754205,0.32317442672984814,0.2202823196610515,0.8943591811024749,0.898842175153548,-10.464850943481697
public_input_complements,baseline g,1.0,1,2.2022723964464688,1.2,0.8276574538093422,0.32306411866431595,0.22016104250558027,0.8977067457119411,0.9022065195004473,-10.450191465453063
public_input_complements,baseline g,1.0,1,2.23682034809129,1.2,0.8275856684093534,0.32319628412020995,0.22051830529030017,0.9013133232829976,0.9058311751168099,-10.435561144591883
public_input_complements,baseline g,1.0,1,2.2720949421281498,1.2,0.8279550855890847,0.3231529984578559,0.22005539107988414,0.9044667025959477,0.9090003608093438,-10.42092502263197
public_input_complements,baseline g,1.0,1,2.308113417565749,1.2,0.8281333326119243,0.3231328804232715,0.21983368910234213,0.9077761701984458,0.9123264171872327,-10.406328439191537
public_input_complements,baseline g,1.0,1,2.344893468821764,1.2,0.8277597806124203,0.3231756699895994,0.22029966656511454,0.9115142515978343,0.9160832357976098,-10.39175058094052
public_input_complements,baseline g,1.0,1,2.382453258741261,1.2,0.8274822318957409,0.32320830714316945,0.22064771153350526,0.9151974935247488,0.9197849400515132,-10.377138603160418
public_input_complements,baseline g,1.0,1,2.4208114320139376,1.2,0.8281672771973004,0.32312850645063956,0.21979029673608108,0.918161778615705,0.922764083683321,-10.362605629123951
public_input_complements,baseline g,1.0,1,2.4599871290031343,1.2,0.827437150258288,0.3232130133031955,0.22070295847661442,0.9222203108179,0.9268429593628381,-10.348063238474017
public_input_complements,baseline g,1.0,1,2.5,1.2,0.827816430035226,0.3231695936855281,0.22022989232551457,0.9254441144520841,0.9300829223799852,-10.333500049478804
public_input_complements,baseline g,1.0,2,0.5,1.2,0.6982491166549107,0.34587325992458495,0.4361914368540481,0.6453052597482236,0.6485398658233927,-12.66264000688199
public_input_complements,baseline g,1.0,2,0.5000203210855501,1.2,0.698245005096829,0.3458737233664034,0.4361965994981738,0.6453163534617311,0.6485510151443706,-12.662433973823216
public_input_complements,baseline g,1.0,2,0.5000812892976928,1.2,0.6982325787487831,0.34587508206929896,0.436212107384387,0.645349642996851,0.6485844715439798,-12.661815864985877
public_input_complements,baseline g,1.0,2,0.5001829195049198,1.2,0.6982118791537639,0.3458774188222081,0.436238106735004,0.6454051473974091,0.6486402541615034,-12.660785651393468
public_input_complements,baseline g,1.0,2,0.5003252364947652,1.2,0.698182898928335,0.34588059800057636,0.4362742973369724,0.6454828292580844,0.6487183254041259,-12.659343284730959
public_input_complements,baseline g,1.0,2,0.5005082749838822,1.2,0.6981458418579252,0.34588450583050073,0.43632021736565046,0.6455826185409628,0.6488186148828662,-12.657488697371507
public_input_complements,baseline g,1.0,2,0.500732079632158,1.2,0.6981003463413757,0.34588951859473266,0.4363770818314778,0.6457047045860304,0.6489413128867814,-12.655221802479126
public_input_complements,baseline g,1.0,2,0.5009967050608752,1.2,0.6980465917572656,0.3458954282892829,0.4364442396028281,0.6458489953425616,0.6490863269037395,-12.652542493856
public_input_complements,baseline g,1.0,2,0.5013022158749305,1.2,0.6979845930400522,0.34590224738694886,0.43652170403354773,0.6460154988383198,0.6492536650017433,-12.649450646088315
public_input_complements,baseline g,1.0,2,0.5016486866891229,1.2,0.6979277926105094,0.345908577459608,0.43659286106788175,0.6462012206887973,0.6494403177868703,-12.645946263593814
public_input_complements,baseline g,1.0,2,0.502036202158526,1.2,0.6978510791490282,0.34591456390372327,0.4366831517846163,0.6464110220806675,0.6496511708125936,-12.642029192443772
public_input_complements,baseline g,1.0,2,0.502464857012963,1.2,0.698038242085346,0.34589651741231053,0.43645505940577445,0.6465832629356872,0.649824275028492,-12.63770351309476
public_input_complements,baseline g,1.0,2,0.5029347560956027,1.2,0.6979433547698622,0.3459067640551546,0.4365731861072285,0.6468386102007307,0.6500809022270279,-12.632967850820691
public_input_complements,baseline g,1.0,2,0.5034460144056994,1.2,0.6978400460340424,0.345918240847359,0.43670252420776806,0.6471163525965578,0.6503600368124075,-12.627819430257286
public_input_complements,baseline g,1.0,2,0.5039987571454999,1.2,0.6977426930363639,0.34592896507406035,0.4368241997516049,0.6474131361808229,0.6506583080305794,-12.622258211642954
public_input_complements,baseline g,1.0,2,0.5045931197713469,1.2,0.697624669182762,0.3459395307939077,0.4369661866578206,0.6477342657947686,0.6509810473134137,-12.616284026886527
public_input_complements,baseline g,1.0,2,0.5052292480490046,1.2,0.6979216526096167,0.3459092832288647,0.4366006017534486,0.6479835542993349,0.651231585381809,-12.609902916613738
public_input_complements,baseline g,1.0,2,0.5059072981132409,1.2,0.6977872539407408,0.3459215785325812,0.43676288617115344,0.6483492236615002,0.65159908766928,-12.603118300225583
public_input_complements,baseline g,1.0,2,0.5066274365316988,1.2,0.6983524233228198,0.34586186862220614,0.4360622947123438,0.6485784748992505,0.6518294880336416,-12.59593023103395
public_input_complements,baseline g,1.0,2,0.507389840373095,1.2,0.6982000183949266,0.3458784867321777,0.43625238951365225,0.6489898306651705,0.6522429057289189,-12.588350557563833
public_input_complements,baseline g,1.0,2,0.5081946972797818,1.2,0.6980392424075043,0.34589633062137926,0.43645363544178395,0.6494236820681715,0.6526789318211272,-12.580358823522062
public_input_complements,baseline g,1.0,2,0.5090422055447187,1.2,0.698165305991004,0.3458844088995254,0.43630053339311964,0.6498134853871947,0.6530706890374182,-12.571962097271417
public_input_complements,baseline g,1.0,2,0.5099325741928927,1.2,0.697989740205364,0.3459016913842854,0.43651529585419524,0.6502910490968266,0.6535506465451063,-12.563160314216498
public_input_complements,baseline g,1.0,2,0.5108660230672385,1.2,0.6978044801289369,0.34592211602307565,0.43674687901139886,0.6507920210499116,0.6540541296305561,-12.553946022571768
public_input_complements,baseline g,1.0,2,0.5118427829191048,1.2,0.6976885888184308,0.34593486602834994,0.43689168733386685,0.6512977831013932,0.6545624268248706,-12.544320357090621
public_input_complements,baseline g,1.0,2,0.5128630955033207,1.2,0.6974870105540594,0.34595709700057425,0.4371436854432431,0.6518436570552392,0.6551110369832969,-12.534284289797547
public_input_complements,baseline g,1.0,2,0.5139272136779165,1.2,0.6972771416974862,0.34598042583608685,0.43740646409875883,0.6524121112913492,0.655682340608123,-12.523834578336716
public_input_complements,baseline g,1.0,2,0.5150354015085564,1.2,0.6980204164375627,0.34596044445770474,0.43661787159251153,0.6528028371599317,0.6560750249982721,-12.512981471923595
public_input_complements,baseline g,1.0,2,0.5161879343777439,1.2,0.6982714653772519,0.34587075656215477,0.4361634105057153,0.6532876697461573,0.6565622878179493,-12.501784489347036
public_input_complements,baseline g,1.0,2,0.5173850990988615,1.2,0.6980374769246249,0.3458965746180588,0.43645595430913237,0.6539234114201272,0.6572012161603212,-12.490188362539847
public_input_complements,baseline g,1.0,2,0.5186271940351138,1.2,0.6978126994704578,0.3459213873715196,0.4367370070881488,0.6545777735777074,0.657858858321866,-12.47818105679518
public_input_complements,baseline g,1.0,2,0.5199145292234401,1.2,0.6975638749066786,0.34594866813231384,0.4370477044174092,0.6552583496514396,0.6585428457973642,-12.465761271382412
public_input_complements,baseline g,1.0,2,0.5212474265034702,1.2,0.6973234275477288,0.3459752633052616,0.43734846962860463,0.6559578654444891,0.6592458679279178,-12.452929092627702
public_input_complements,baseline g,1.0,2,0.5226262196515982,1.2,0.6973470828194874,0.3459726542715955,0.43731889706849136,0.6566174481968365,0.6599087568525699,-12.439701380319878
public_input_complements,baseline g,1.0,2,0.5240512545202515,1.2,0.6978678893107528,0.3459127962638685,0.4366623326157011,0.657182384107535,0.660476524516305,-12.426077446768717
public_input_complements,baseline g,1.0,2,0.5255228891824385,1.2,0.6975838524981213,0.34594667500794857,0.43702320641990594,0.657955050875779,0.661253064292842,-12.412091112727538
public_input_complements,baseline g,1.0,2,0.5270414940816569,1.2,0.6977306620021234,0.34593025950018824,0.43683916654430355,0.6586481761138478,0.6619496638356249,-12.397715374081459
public_input_complements,baseline g,1.0,2,0.5286074521872524,1.2,0.6977118709697729,0.3459814109571198,0.43697396908097486,0.6594158508281798,0.6627211865354757,-12.38294193058518
public_input_complements,baseline g,1.0,2,0.5302211591553182,1.2,0.6974406273800942,0.3459622110659118,0.43720166731739396,0.6602319607826176,0.6635413872580836,-12.367780927216915
public_input_complements,baseline g,1.0,2,0.5318830234952302,1.2,0.6971460519315003,0.34599479101373365,0.4375701340876476,0.6610899794608025,0.6644037067727907,-12.352208287770566
public_input_complements,baseline g,1.0,2,0.5335934667419154,1.2,0.6975457956150806,0.34595061716132186,0.4370702041067973,0.6618075628140121,0.6651248870275267,-12.336248052711936
public_input_complements,baseline g,1.0,2,0.5353529236339561,1.2,0.6972389728150118,0.345982089473947,0.43744840611190006,0.6627096031565858,0.6660314488661336,-12.319917521068982
public_input_complements,baseline g,1.0,2,0.537161842297634,1.2,0.6976706906623191,0.3459832014792739,0.4370192102926742,0.6634766213865941,0.6668023117910195,-12.303203491973413
public_input_complements,baseline g,1.0,2,0.5390206844370244,1.2,0.6973789171891722,0.34596899584012886,0.4372787653762402,0.6644032249996835,0.6677335600240478,-12.286127086715727
public_input_complements,baseline g,1.0,2,0.5409299255302531,1.2,0.697025218766882,0.3460081128329513,0.4377211811382518,0.6653802600081185,0.6687154924408428,-12.268639108075845
public_input_complements,baseline g,1.0,2,0.5428900550320312,1.2,0.6974177482319763,0.3459624974887074,0.43722519607241206,0.6662027279336736,0.6695420830040311,-12.250756375670203
public_input_complements,baseline g,1.0,2,0.5449015765825912,1.2,0.6973521640983181,0.34597195557335814,0.4373122311420582,0.6671550194840313,0.6704991479356491,-12.232548105061504
public_input_complements,baseline g,1.0,2,0.5469650082231464,1.2,0.6969972200228238,0.3460111667962669,0.4377561062711097,0.6681958816142156,0.6715452274089728,-12.213932731128292
public_input_complements,baseline g,1.0,2,0.5490808826180046,1.2,0.6970591121820403,0.34600442881829624,0.4376789323778555,0.6691597832517441,0.6725139606235658,-12.194921483902402
public_input_complements,baseline g,1.0,2,0.5512497472834679,1.2,0.6970621229571633,0.3460040269523563,0.4376750101707808,0.670158603452615,0.6735177874315282,-12.17554865214112
public_input_complements,baseline g,1.0,2,0.5534721648236569,1.2,0.697402822723312,0.3459665779675243,0.4372493761070331,0.6710985638250149,0.6744624593749019,-12.155830304340647
public_input_complements,baseline g,1.0,2,0.5557487131734017,1.2,0.6970184167655868,0.3460087559946817,0.43772944183035145,0.6722315005585124,0.6756010749774084,-12.135744839164811
public_input_complements,baseline g,1.0,2,0.5580799858483445,1.2,0.6966025988972059,0.3460547617637159,0.43824960078290187,0.673393537982994,0.6767689371387197,-12.115248278733285
public_input_complements,baseline g,1.0,2,0.5604665922024078,1.2,0.6969675390515626,0.3460144728589291,0.4377932853924886,0.6743910560213343,0.6777714552570347,-12.094377331410538
public_input_complements,baseline g,1.0,2,0.5629091576927818,1.2,0.6972880658487342,0.3459768114999775,0.4373873426332149,0.6754192512362346,0.6788048043218974,-12.073164376039927
public_input_complements,baseline g,1.0,2,0.5654083241525933,1.2,0.6969380508576376,0.34601763789525875,0.43782995188880924,0.6766305807960713,0.6800222056964202,-12.051627006750195
public_input_complements,baseline g,1.0,2,0.5679647500714233,1.2,0.6968112031388983,0.3460316099472262,0.4379884882214108,0.6778092673770089,0.6812068004684315,-12.0297002575218
public_input_complements,baseline g,1.0,2,0.5705791108838415,1.2,0.6963826436035814,0.34607893032379855,0.4385243703707937,0.6790820382399082,0.6824859511218304,-12.007382915701443
public_input_complements,baseline g,1.0,2,0.5732520992661372,1.2,0.6971346987498577,0.3459959558546785,0.4375841291285534,0.6800919248936866,0.6835008998535265,-11.984678875689049
public_input_complements,baseline g,1.0,2,0.5759844254414287,1.2,0.6970164062702537,0.34600920362522025,0.437732467551746,0.6813329103803206,0.6847481058057984,-11.961712726285771
public_input_complements,baseline g,1.0,2,0.578776817493336,1.2,0.6966049694921326,0.3460543511575154,0.43824629893311245,0.6826664172648551,0.6860882969214078,-11.938372655836552
public_input_complements,baseline g,1.0,2,0.5816300216884137,1.2,0.69614889616961,0.34610481265647025,0.4388168189352647,0.6840327950095041,0.6874615236630037,-11.914626822108573
public_input_complements,baseline g,1.0,2,0.5845448028075416,1.2,0.696753331244077,0.34603802280882195,0.4380609044863313,0.6851629479945536,0.688597341563465,-11.890510837437564
public_input_complements,baseline g,1.0,2,0.5875219444864789,1.2,0.6967429345825489,0.3460393313769886,0.4380742689804613,0.6864641107946455,0.6899050264692339,-11.866139272265483
public_input_complements,baseline g,1.0,2,0.5905622495657936,1.2,0.6962649299389092,0.34609190144345303,0.43867150253484244,0.6879012786546069,0.6913493981630717,-11.841381493692623
public_input_complements,baseline g,1.0,2,0.5936665404503856,1.2,0.69614998129387,0.346104628566428,0.43881531629478887,0.6892716247629879,0.6927266131599057,-11.81623989082701
public_input_complements,baseline g,1.0,2,0.5968356594788269,1.2,0.6964358391493182,0.34607304518078885,0.43845782732071115,0.690565138968023,0.6940266111318754,-11.79078080440098
public_input_complements,baseline g,1.0,2,0.600070469302753,1.2,0.6963731164689603,0.3460799639103192,0.4385362416796438,0.691966012669517,0.6954345067420195,-11.764997213505893
public_input_complements,baseline g,1.0,2,0.6033718532765401,1.2,0.6962057078003873,0.3460983355181068,0.438745317154679,0.6934145889810568,0.6968903440725375,-11.73886805051636
public_input_complements,baseline g,1.0,2,0.6067407158575169,1.2,0.6957377924999864,0.3460447476764017,0.4390916952300927,0.6949243092596286,0.6984076318554975,-11.712360916294248
public_input_complements,baseline g,1.0,2,0.6101779830169621,1.2,0.6959948426515297,0.3461217128191071,0.4390092020222052,0.6963470624336344,0.6998375166094657,-11.68557074201265
public_input_complements,baseline g,1.0,2,0.6136846026621482,1.2,0.6962527599264521,0.34609317465652295,0.43868656019454194,0.6977555668003443,0.7012530811336942,-11.658434980371299
public_input_complements,baseline g,1.0,2,0.6172615450697004,1.2,0.6957191289312584,0.3461521330330426,0.4393539087876822,0.6993837275537754,0.7028894030768643,-11.630963076629143
public_input_complements,baseline g,1.0,2,0.6209098033305457,1.2,0.6959428643141728,0.34612756967803937,0.43907446371562064,0.7008445613058938,0.7043575592886373,-11.60315115307051
public_input_complements,baseline g,1.0,2,0.6246303938067362,1.2,0.6958109014261874,0.34614199643156474,0.4392391464806015,0.7024164543615449,0.7059373314910187,-11.575045423907177
public_input_complements,baseline g,1.0,2,0.6284243566004422,1.2,0.6956999700249757,0.34615413322842725,0.43937760413709737,0.7040052466099107,0.7075340875936708,-11.546580349631052
public_input_complements,baseline g,1.0,2,0.6322927560354111,1.2,0.6962985810692671,0.346088309989643,0.4386297059872434,0.7054366144789374,0.7089726302239984,-11.517786904356923
public_input_complements,baseline g,1.0,2,0.6362366811512086,1.2,0.6957319701152542,0.34615056632615776,0.4393375143124716,0.7071850886454771,0.71072986865377,-11.488747487958772
public_input_complements,baseline g,1.0,2,0.6402572462105554,1.2,0.6951926268458206,0.3462101820064465,0.44001206594480013,0.7089495897589841,0.7125032143659149,-11.459307181438476
public_input_complements,baseline g,1.0,2,0.6443555912200942,1.2,0.695448911018951,0.3461817734290453,0.43969135111812396,0.7105338000511199,0.7140953655451856,-11.429556248549643
public_input_complements,baseline g,1.0,2,0.6485328824649206,1.2,0.6956439025771173,0.34616025966722735,0.4394475663481543,0.7121554949438255,0.7157251892173684,-11.399584994286322
public_input_complements,baseline g,1.0,2,0.652790313057229,1.2,0.695053779171427,0.3462228492227842,0.44017964286584765,0.7140000912339672,0.7175790315848918,-11.36922212771486
public_input_complements,baseline g,1.0,2,0.6571291034994325,1.2,0.6953096286668561,0.34622822142683995,0.43993597752921704,0.7156623795155447,0.7192496521211549,-11.338518052218717
public_input_complements,baseline g,1.0,2,0.6615505022621248,1.2,0.6955496430583652,0.34617067562048154,0.4395654492488869,0.7173279602447185,0.7209235816084767,-11.307618477821565
public_input_complements,baseline g,1.0,2,0.6660557863772645,1.2,0.6952706723766209,0.3462014579751299,0.4399142343109739,0.7191611456163584,0.7227659558600312,-11.276374222439696
public_input_complements,baseline g,1.0,2,0.6706462620469753,1.2,0.6946548020016262,0.34626689078912387,0.4406785063081068,0.7211039685865903,0.7247185172709275,-11.244773982785787
public_input_complements,baseline g,1.0,2,0.6753232652683625,1.2,0.6953811356886689,0.34618930099685713,0.439776198972203,0.7227213321279873,0.7263439878808129,-11.212916674425653
public_input_complements,baseline g,1.0,2,0.6800881624747613,1.2,0.6951232709991827,0.3462177095742583,0.4400984943152352,0.7246170651691158,0.7282492233233542,-11.180819026121585
public_input_complements,baseline g,1.0,2,0.6849423511938463,1.2,0.694485596758621,0.3462881622235035,0.440895955164285,0.7266356604744043,0.730277936879717,-11.14833657804011
public_input_complements,baseline g,1.0,2,0.6898872607230374,1.2,0.6950257056777532,0.3462258389093321,0.44021449696861203,0.7283660003062276,0.7320169500760411,-11.115581708058649
public_input_complements,baseline g,1.0,2,0.6949243528226603,1.2,0.694939063862716,0.346238014399774,0.4403287527959716,0.7302858577531733,0.7339464308484868,-11.082618816812925
public_input_complements,baseline g,1.0,2,0.7000551224273222,1.2,0.6942482328194006,0.34631167618070613,0.4411866487584408,0.7323872116580479,0.7360583178336424,-11.049274490677636
public_input_complements,baseline g,1.0,2,0.7052810983759861,1.2,0.6948173579417705,0.34625153445107254,0.44048112219326213,0.7341782453027982,0.737858329071897,-11.01570086187364
public_input_complements,baseline g,1.0,2,0.7106038441612367,1.2,0.6946108282022274,0.34627422886511533,0.4407391228638542,0.7361975567784981,0.7398877623884904,-10.981852879617456
public_input_complements,baseline g,1.0,2,0.7160249586982449,1.2,0.6943946177339564,0.34629817194068746,0.44100963622752287,0.7382426148587095,0.7419430713649875,-10.947682998668718
public_input_complements,baseline g,1.0,2,0.7215460771139571,1.2,0.6945371032907186,0.3462823353178899,0.44083123321025575,0.7402139875151227,0.7439243255679627,-10.913294933567043
public_input_complements,baseline g,1.0,2,0.7271688715570458,1.2,0.6943540986226796,0.3463027414445112,0.44106051897347187,0.742296094970748,0.7460168696306407,-10.878587639820818
public_input_complements,baseline g,1.0,2,0.7328950520291776,1.2,0.6940574457018249,0.3463323959825526,0.4414244283866044,0.7444310181828375,0.7481624941898642,-10.843623291502809
public_input_complements,baseline g,1.0,2,0.7387263672381705,1.2,0.6942598684400719,0.3463129564647953,0.44117791682208385,0.7464554625740036,0.7501970861507699,-10.808436801543746
public_input_complements,baseline g,1.0,2,0.7446646054736273,1.2,0.6944206089953324,0.3463534022071947,0.4411089072105852,0.7485342588364864,0.7522863024228807,-10.772924867308092
public_input_complements,baseline g,1.0,2,0.7507115955056528,1.2,0.6938622505619328,0.346145943986716,0.4411967503999391,0.7507115755921229,0.7544745330241722,-10.737167387742437
public_input_complements,baseline g,1.0,2,0.7568692075072764,1.2,0.6943505330034005,0.3463028797699548,0.441064398314857,0.7528027879141852,0.7565762275916205,-10.701200421841918
public_input_complements,baseline g,1.0,2,0.7631393540012239,1.2,0.693593139233788,0.3463838338622799,0.44200539596586275,0.7551814937536429,0.7589668567437167,-10.66493470395147
public_input_complements,baseline g,1.0,2,0.7695239908317001,1.2,0.6942655861026505,0.34631230083026754,0.44117071218039633,0.7571891922680014,0.7609846188887579,-10.628402393733516
public_input_complements,baseline g,1.0,2,0.7760251181618615,1.2,0.6939010254480619,0.3463524928040789,0.44162642823158904,0.7595069780333814,0.7633140226036342,-10.591705440222084
public_input_complements,baseline g,1.0,2,0.7826447814976824,1.2,0.6932352410754283,0.34642598900713795,0.44245890199276056,0.761932931636783,0.765752136350077,-10.554659889601266
public_input_complements,baseline g,1.0,2,0.7893850727389358,1.2,0.6942795089805203,0.34631070250082274,0.44115316429134577,0.7639022493597504,0.7677313253192095,-10.517408248653892
public_input_complements,baseline g,1.0,2,0.7962481312580323,1.2,0.6935319389868084,0.3463931879449359,0.4420878112723061,0.7663987330916929,0.7702403227279336,-10.479982184182285
public_input_complements,baseline g,1.0,2,0.8032361450074849,1.2,0.6932683880602558,0.34641991707319697,0.44241198386175495,0.7687816981875453,0.7726352324860362,-10.442173644291906
public_input_complements,baseline g,1.0,2,0.8103513516567865,1.2,0.6938969824365733,0.3463528946700189,0.4416313826750298,0.77093609097712,0.7748004242144079,-10.404268276128416
public_input_complements,baseline g,1.0,2,0.8175960397595149,1.2,0.6931334052751484,0.3464372049597351,0.44258617557353086,0.773509565776551,0.7773867986099522,-10.366098956575204
public_input_complements,baseline g,1.0,2,0.8249725499515008,1.2,0.6927441463806661,0.3464774426981451,0.4430666936587271,0.7759993379709673,0.7798890508394283,-10.327609207831827
public_input_complements,baseline g,1.0,2,0.8324832761809209,1.2,0.6934845712536502,0.34639834173550055,0.4421468678024651,0.7781897231784168,0.7820904153984202,-10.289023913318864
public_input_complements,baseline g,1.0,2,0.8401306669712053,1.2,0.693089435334572,0.346441979766659,0.4426409747762108,0.7807293575132453,0.7846427797033273,-10.250164878660993
public_input_complements,baseline g,1.0,2,0.8479172267176741,1.2,0.6932298009959843,0.34642647803214477,0.44246545118092007,0.7831374482969548,0.7870629410923213,-10.2110373942215
public_input_complements,baseline g,1.0,2,0.8558455170188431,1.2,0.6930007296396413,0.346451862599549,0.44275209473613597,0.7856764354193548,0.7896146549406342,-10.171753729794977
public_input_complements,baseline g,1.0,2,0.8639181580433734,1.2,0.6926392400032976,0.3464917708514539,0.4432040962878,0.7882780676855209,0.7922293279428029,-10.132257595343976
public_input_complements,baseline g,1.0,2,0.8721378299336601,1.2,0.6927295728056585,0.3464817355510816,0.4430910034241945,0.7907708732381804,0.7947346287352937,-10.092502167959351
public_input_complements,baseline g,1.0,2,0.8805072742470966,1.2,0.6929742177116494,0.34645464865223796,0.4427849254316263,0.7932411081590072,0.7972172457601887,-10.052594833060551
public_input_complements,baseline g,1.0,2,0.88902929543607,1.2,0.6921204224249713,0.34654611292790344,0.44384616169551383,0.7960592782649034,0.800049542002526,-10.012421638450002
public_input_complements,baseline g,1.0,2,0.8977067623677852,1.2,0.6926918703817775,0.3464857615250393,0.44313783675701157,0.7984801398607582,0.8024825382176277,-9.972105447250588
public_input_complements,baseline g,1.0,2,0.9065426098850453,1.2,0.6924281412799658,0.34649714575639873,0.44342738529554665,0.8011648450623114,0.805180700560005,-9.93156687546615
public_input_complements,baseline g,1.0,2,0.9155398404091444,1.2,0.6930050343974803,0.3464726722613514,0.44279498629126474,0.8036436047356962,0.8076718850679582,-9.890793790169138
public_input_complements,baseline g,1.0,2,0.9247015255860773,1.2,0.6921926027475117,0.34654097327937755,0.44376232465011667,0.8065399087939555,0.8105827069107248,-9.849920451584305
public_input_complements,baseline g,1.0,2,0.9340308079772923,1.2,0.6918614158706641,0.3465747241075159,0.4441700584051821,0.8093230753832266,0.8133798241805796,-9.808753604793706
public_input_complements,baseline g,1.0,2,0.9435309027962627,1.2,0.6925134481008623,0.3465054362992155,0.4433608814257585,0.811832933958432,0.8159022634742475,-9.767494939198588
public_input_complements,baseline g,1.0,2,0.9532050996921831,1.2,0.6916228024879358,0.3466038253437829,0.44447467339176394,0.8148361153529537,0.818920498378154,-9.725998885786836
public_input_complements,baseline g,1.0,2,0.9630567645821445,1.2,0.6917861356381632,0.3465857875926307,0.4442704306219232,0.8175408147362184,0.8216387551234954,-9.684275878151105
public_input_complements,baseline g,1.0,2,0.9730893415331738,1.2,0.6919359581856535,0.34656911394615214,0.4440827922442196,0.8202726098413166,0.8243842434085414,-9.642516184280016
public_input_complements,baseline g,1.0,2,0.9833063546955787,1.2,0.6915429091113345,0.3466125907695678,0.44457444675404534,0.8231961619351718,0.8273224498682508,-9.600440272709415
public_input_complements,baseline g,1.0,2,0.9937114102890687,1.2,0.6921726186512742,0.34654303068051046,0.44378697493212355,0.8258250340059117,0.829964499215082,-9.558265640715716
public_input_complements,baseline g,1.0,2,1.0043081986431819,1.2,0.6913891133191554,0.34662668096556853,0.44476019911075415,0.8289175870313324,0.8330725537270515,-9.515933480554548
public_input_complements,baseline g,1.0,2,1.0151004962935855,1.2,0.6909379601156302,0.3466764606092138,0.4453242525460667,0.8319322301190081,0.8361023077760877,-9.473353923475228
public_input_complements,baseline g,1.0,2,1.0260921681358672,1.2,0.691618103641541,0.3466042218079447,0.4444802714188778,0.8346151182623339,0.8387986439521955,-9.430725464962197
public_input_complements,baseline g,1.0,2,1.037287169638491,1.2,0.691241210856754,0.3466457566733717,0.44495136527845297,0.8376542024395096,0.8418529616022027,-9.387896220303803
public_input_complements,baseline g,1.0,2,1.0486895491166357,1.2,0.6913637645002048,0.3466287595797595,0.44479026222669005,0.8405568681709463,0.844770177006166,-9.344818062940108
public_input_complements,baseline g,1.0,2,1.0603034500686892,1.2,0.691471662840172,0.34662029805729144,0.4446631731537649,0.8434902899885452,0.8477183026618152,-9.301753011998777
public_input_complements,baseline g,1.0,2,1.0721331135772334,1.2,0.6906634532108643,0.3467066798901793,0.44566729678006245,0.846739545257968,0.8509838448910533,-9.258433185091386
public_input_complements,baseline g,1.0,2,1.0841828807763967,1.2,0.6913668018319463,0.34653621865386386,0.444577342075017,0.8494855568931898,0.853743620966877,-9.214938257586425
public_input_complements,baseline g,1.0,2,1.0964571953875313,1.2,0.6908884507536176,0.3466846198976063,0.4453922671741536,0.852720166706687,0.8569944443295364,-9.17144865433726
public_input_complements,baseline g,1.0,2,1.1089606063252093,1.2,0.6909504270094806,0.34686936249098405,0.4457492871200713,0.8558455705730978,0.8601355143480214,-9.127613218438862
public_input_complements,baseline g,1.0,2,1.1216977703756155,1.2,0.691196959079803,0.346650535850426,0.44500645622896307,0.8587642755115131,0.8630688493558231,-9.083828806122257
public_input_complements,baseline g,1.0,2,1.1346734549494641,1.2,0.6902911412126104,0.3467505117832884,0.44613901951188784,0.862170952100182,0.8664926019819539,-9.039839930401339
public_input_complements,baseline g,1.0,2,1.147892540911644,1.2,0.6908489610601214,0.34668900968151806,0.4454417128975616,0.865118087671962,0.8694545101322628,-8.995681736400202
public_input_complements,baseline g,1.0,2,1.1613600254898573,1.2,0.6905976020088767,0.3467167010485129,0.4457558759691504,0.8683566535782136,0.872709309417674,-8.951474205213188
public_input_complements,baseline g,1.0,2,1.1750810252645967,1.2,0.6901248962854168,0.3467659677532041,0.44634031857885026,0.8716922450135813,0.8760616205746902,-8.907046185396394
public_input_complements,baseline g,1.0,2,1.189060779242872,1.2,0.6902434023065214,0.3467559079012913,0.4461989968136073,0.8748562751318358,0.8792415104599121,-8.86259340892561
public_input_complements,baseline g,1.0,2,1.2033046520181812,1.2,0.6899316008614192,0.346787351929839,0.4465821133154556,0.8781861114452758,0.8825880376473315,-8.817964226842925
public_input_complements,baseline g,1.0,2,1.217818137019287,1.2,0.6905571022182756,0.3467211578100813,0.44580648369498876,0.8812239965594898,0.885641150224049,-8.773242801961304
public_input_complements,baseline g,1.0,2,1.2326068598504607,1.2,0.6895724737082134,0.3468269094821807,0.4470309569973725,0.8848309486362714,0.8892661822233544,-8.728404978383262
public_input_complements,baseline g,1.0,2,1.247676581725918,1.2,0.689816769930029,0.34680297887940603,0.4467323861684638,0.8880449814938175,0.8924963254876417,-8.683452832501265
public_input_complements,baseline g,1.0,2,1.2630332030012734,1.2,0.6898838123301136,0.34679540554699567,0.44664816745047253,0.8913410190717499,0.8958088845226868,-8.638444940550455
public_input_complements,baseline g,1.0,2,1.2786827668049243,1.2,0.6894768626094506,0.3468131884979121,0.44709544890381403,0.8948118486701572,0.8992971117268557,-8.593238953135078
public_input_complements,baseline g,1.0,2,1.294631462772364,1.2,0.6902029710794997,0.3467601866121891,0.4462491321569453,0.8979372357953876,0.902438164920245,-8.547995712578675
public_input_complements,baseline g,1.0,2,1.31088563088653,1.2,0.6897269892435985,0.34688528190271817,0.4470088301117662,0.9015264258411617,0.9060453458559918,-8.50268422536837
public_input_complements,baseline g,1.0,2,1.3274517654273796,1.2,0.6893723177465785,0.3468519988865287,0.4472880157280686,0.9050289206955406,0.9095653970388883,-8.457215111702945
public_input_complements,baseline g,1.0,2,1.3443365190339982,1.2,0.6895812929709334,0.3468288083764598,0.44702644442687756,0.9083901713566401,0.9129434960390402,-8.411719910505672
public_input_complements,baseline g,1.0,2,1.3615467068826452,1.2,0.689092923701381,0.34688264728586377,0.44763692034295827,0.9120219140246684,0.9165934428929479,-8.366137788599424
public_input_complements,baseline g,1.0,2,1.3790893109842512,1.2,0.6888288963662013,0.34679095315555747,0.4476929853906031,0.9155398046234954,0.9201289669917827,-8.320344575691967
public_input_complements,baseline g,1.0,2,1.3969714846049992,1.2,0.6894245748760424,0.3468459737488342,0.4472220935863136,0.9188887114767657,0.9234946603105111,-8.274674737899266
public_input_complements,baseline g,1.0,2,1.4152005568137338,1.2,0.6884632462215878,0.34695219156364115,0.4484243242447503,0.9227629214212953,0.9273882898132014,-8.228797565101274
public_input_complements,baseline g,1.0,2,1.4337840371600625,1.2,0.6896341682064677,0.34689273272096494,0.4471185496046808,0.9259226726315398,0.9305638793422979,-8.182826628697674
public_input_complements,baseline g,1.0,2,1.4527296204871472,1.2,0.6887997629789315,0.3469149849062473,0.4480034227884375,0.9297650706852296,0.9344255374963819,-8.136936409911236
public_input_complements,baseline g,1.0,2,1.4720451918832933,1.2,0.6877714739907018,0.34702540571403484,0.4492821461687294,0.9337365850030904,0.9384169591126044,-8.090750709237934
public_input_complements,baseline g,1.0,2,1.4917388317766058,1.2,0.6890633386908341,0.346885789439894,0.44767363175884556,0.9368817764489432,0.9415779158961862,-8.044726687377233
public_input_complements,baseline g,1.0,2,1.5118188211770927,1.2,0.6881108381035428,0.3469909464157508,0.44886462836738006,0.9408755294353036,0.9455916876526981,-7.9985503045534525
public_input_complements,baseline g,1.0,2,1.5322936470707536,1.2,0.6887956116808847,0.34691584044209733,0.4480095144417921,0.9442849042013914,0.9490181519809184,-7.952216181141404
public_input_complements,baseline g,1.0,2,1.5531720079703377,1.2,0.6883797835208898,0.34696129457859837,0.4485284325833714,0.9481261974185746,0.9528786997604799,-7.906037812430043
public_input_complements,baseline g,1.0,2,1.5744628196276003,1.2,0.6880343731421827,0.34699667639038906,0.44895408891121963,0.9519636010970656,0.9567353385049552,-7.8596085019186885
public_input_complements,baseline g,1.0,2,1.5961752209120554,1.2,0.6887435062451457,0.3469185164534201,0.448067689071211,0.9554262844789057,0.9602153786594761,-7.813239101844222
public_input_complements,baseline g,1.0,2,1.618318579861377,1.2,0.6877582024074147,0.3470299207129993,0.4493056577696677,0.9595552558374939,0.9643650465731274,-7.766834584286004
public_input_complements,baseline g,1.0,2,1.6409024999087747,1.2,0.6884817629637372,0.3469558200417891,0.44841403689104053,0.9630572325995167,0.9678845770667188,-7.7202835835275785
public_input_complements,baseline g,1.0,2,1.6639368262928396,1.2,0.6881303719846467,0.3469887109639472,0.44884002448158544,0.9669861998957615,0.971833238393492,-7.673824101458387
public_input_complements,baseline g,1.0,2,1.6874316526555453,1.2,0.6876366639899303,0.34704318262557976,0.44945727420488457,0.9709964982109057,0.9758636384125934,-7.627263823302747
public_input_complements,baseline g,1.0,2,1.7113973278342638,1.2,0.6878127481597595,0.3470238117547204,0.4492372568999464,0.974770001103441,0.9796560560670904,-7.580661544377486
public_input_complements,baseline g,1.0,2,1.7358444628538618,1.2,0.6874573895512726,0.3470628160052876,0.44968107714871963,0.9787721832064464,0.9836782991913704,-7.53404736362899
public_input_complements,baseline g,1.0,2,1.7607839381251333,1.2,0.6869656372199079,0.3471141155595712,0.4502891768691998,0.9828494911247836,0.9877760447006984,-7.487385166247671
public_input_complements,baseline g,1.0,2,1.7862269108560356,1.2,0.6872104756537245,0.3470903804879884,0.4499905072930333,0.9866626535531405,0.9916083206852678,-7.440733178789509
public_input_complements,baseline g,1.0,2,1.8121848226824113,1.2,0.6873605052813071,0.34707365130500284,0.4498025358784393,0.990531927465199,0.995496989413521,-7.394062288302628
public_input_complements,baseline g,1.0,2,1.8386694075250942,1.2,0.6875274620980718,0.34705523123172755,0.4495938023354864,0.9944151078273666,0.999399634298255,-7.347322657815378
public_input_complements,baseline g,1.0,2,1.8656926996805347,1.2,0.6871243053058835,0.3470997803352431,0.4500979964944478,0.9985479106591385,1.003553152890429,-7.300598466105794
public_input_complements,baseline g,1.0,2,1.8932670421523103,1.2,0.6867698763124913,0.3471390040309493,0.45054138482970185,1.002683783705774,1.0077097570869826,-7.25388499343058
public_input_complements,baseline g,1.0,2,1.921405095231136,1.2,0.6868761730766044,0.34712714221573276,0.45040818546867767,1.0066549633926887,1.011700842394914,-7.207130650240654
public_input_complements,baseline g,1.0,2,1.9501198453312445,1.2,0.686542808123103,0.34716063927528307,0.45081752175323897,1.010824231309512,1.0158910088541389,-7.160378076237334
public_input_complements,baseline g,1.0,2,1.979424614091259,1.2,0.686123467635271,0.3472069402073734,0.451341872755052,1.0150526916935723,1.0201406644840774,-7.113585218002353
public_input_complements,baseline g,1.0,2,2.009333067747975,1.2,0.6868902152741656,0.34712543988429334,0.45039028238341183,1.0188160515472564,1.0239228882575298,-7.066895235779278
public_input_complements,baseline g,1.0,2,2.0398592267917226,1.2,0.6865593988401545,0.34715912643566393,0.4507974999159313,1.0230485191485448,1.0281765711909563,-7.020109779393646
public_input_complements,baseline g,1.0,2,2.071017475912293,1.2,0.6867498784935735,0.3471383783497401,0.4505599636036373,1.027086958307683,1.032235253110619,-6.9733319978463495
public_input_complements,baseline g,1.0,2,2.1028225742447084,1.2,0.6862628950551157,0.3471946835972363,0.45117464734341645,1.0314303118731725,1.0366003778264554,-6.9266871889088595
public_input_complements,baseline g,1.0,2,2.135289665924415,1.2,0.6859347224500023,0.34722765293820057,0.45157759441383655,1.0357256169845992,1.0409172132443507,-6.879859776442842
public_input_complements,baseline g,1.0,2,2.168434290961828,1.2,0.6867296410173798,0.34714312860512353,0.4505909746590404,1.039569693962485,1.044780558738273,-6.833210489207351
public_input_complements,baseline g,1.0,2,2.2022723964464688,1.2,0.6856483013537109,0.3472625141024246,0.45194308063058797,1.044228289946587,1.0494625060319207,-6.786540906191483
public_input_complements,baseline g,1.0,2,2.23682034809129,1.2,0.6859713374538317,0.3472560043098535,0.451605280320916,1.0483262629151473,1.0535810201754674,-6.7397152079802805
public_input_complements,baseline g,1.0,2,2.2720949421281498,1.2,0.6861296198806246,0.34720927696028264,0.45134102026529654,1.0524795339298503,1.0577551095477666,-6.693223294873858
public_input_complements,baseline g,1.0,2,2.308113417565749,1.2,0.6851177179605005,0.3473211305196417,0.45260660605804703,1.0571753644336395,1.062474477999908,-6.646546252459116
public_input_complements,baseline g,1.0,2,2.344893468821764,1.2,0.6865426627171081,0.3471612551845839,0.4508190640415282,1.060831726467469,1.0661491676247017,-6.599871479442472
public_input_complements,baseline g,1.0,2,2.382453258741261,1.2,0.6856171464899654,0.3472658103931784,0.45198171148176325,1.0655336423737274,1.0708746519825194,-6.553432500844424
public_input_complements,baseline g,1.0,2,2.4208114320139376,1.2,0.6851466814758073,0.34731490444897717,0.4525635218144731,1.0700549143938811,1.075418586972985,-6.506788669626593
public_input_complements,baseline g,1.0,2,2.4599871290031343,1.2,0.6859734804247115,0.3472265735870813,0.451536388470789,1.0740259393981173,1.0794095168228883,-6.460315407254875
public_input_complements,baseline g,1.0,2,2.5,1.2,0.6850505109646381,0.34732837873567723,0.45269025200787794,1.0787892863259751,1.0841967401265826,-6.413921167701137
public_input_complements,baseline g,1.0,3,0.5,1.2,0.549543481339394,0.3742444333613335,0.7300796911301584,0.709022683244563,0.7125766742341149,-15.468010623304291
public_input_complements,baseline g,1.0,3,0.5000203210855501,1.2,0.5495423026186574,0.37424455754473845,0.7300811783224725,0.7090344521363063,0.7125885021176737,-15.467402134146347
public_input_complements,baseline g,1.0,3,0.5000812892976928,1.2,0.5495386734265642,0.3742449082443017,0.7300856786522811,0.7090697675108234,0.7126239945112421,-15.465576701784324
public_input_complements,baseline g,1.0,3,0.5001829195049198,1.2,0.549532645419304,0.3742455083423225,0.730093197303025,0.7091286281495045,0.7126831501901024,-15.462534431534294
public_input_complements,baseline g,1.0,3,0.5003252364947652,1.2,0.5495242080006675,0.3742463665790615,0.7301037665817212,0.7092110394122157,0.7127659745409869,-15.458275498923346
public_input_complements,baseline g,1.0,3,0.5005082749838822,1.2,0.5495133639349647,0.3742474688124801,0.7301173485952357,0.7093170021268784,0.7128724683959673,-15.452800149668269
public_input_complements,baseline g,1.0,3,0.500732079632158,1.2,0.5495001188217546,0.374248797562057,0.7301338943223948,0.7094465172113014,0.7130026326774525,-15.446108699677948
public_input_complements,baseline g,1.0,3,0.5009967050608752,1.2,0.5494844826175422,0.37425037571009145,0.7301534506463248,0.7095995928221318,0.7131564755829753,-15.438201535061422
public_input_complements,baseline g,1.0,3,0.5013022158749305,1.2,0.5494664015007584,0.3742522092959551,0.7301760863903939,0.7097762434403698,0.7133340116661222,-15.429079112104176
public_input_complements,baseline g,1.0,3,0.5016486866891229,1.2,0.5494459426487877,0.3742542650278468,0.7302016516803838,0.7099764624992534,0.7135352343272147,-15.418741957214227
public_input_complements,baseline g,1.0,3,0.502036202158526,1.2,0.5494230671722264,0.37425656038628763,0.7302302288273119,0.7102002665158995,0.7137601601661626,-15.40719066698112
public_input_complements,baseline g,1.0,3,0.502464857012963,1.2,0.5493978115335368,0.37425911825357705,0.7302618382083484,0.7104476643036981,0.7140087980405332,-15.394425908109032
public_input_complements,baseline g,1.0,3,0.5029347560956027,1.2,0.5493701226545071,0.3742619026370248,0.7302964434958623,0.710718667214239,0.7142811593588162,-15.380448417397282
public_input_complements,baseline g,1.0,3,0.5034460144056994,1.2,0.5493400584495571,0.3742649320487998,0.7303340327596612,0.7110132825857612,0.7145772514960336,-15.365259001731426
public_input_complements,baseline g,1.0,3,0.5039987571454999,1.2,0.5493075771869356,0.3742682098273846,0.7303746560242876,0.7113315289451871,0.7148970930719745,-15.348858538064942
public_input_complements,baseline g,1.0,3,0.5045931197713469,1.2,0.5492727092014269,0.3742717114212387,0.7304182219689299,0.7116734118928822,0.7152406897150764,-15.3312479733585
public_input_complements,baseline g,1.0,3,0.5052292480490046,1.2,0.549235451955967,0.37427547385470006,0.7304648250991077,0.7120389526095984,0.7156080627122601,-15.31242832460557
public_input_complements,baseline g,1.0,3,0.5059072981132409,1.2,0.5491957733751904,0.37427946010343077,0.7305144055217314,0.7124281645650027,0.7159992256007096,-15.292400678744318
public_input_complements,baseline g,1.0,3,0.5066274365316988,1.2,0.5491537691352824,0.37428370012074924,0.7305669419646585,0.7128410571295432,0.7164141877978426,-15.27116619265636
public_input_complements,baseline g,1.0,3,0.507389840373095,1.2,0.549109354689548,0.374288198276786,0.7306225298299882,0.7132776594596689,0.7168529786062554,-15.248726093144201
public_input_complements,baseline g,1.0,3,0.5081946972797818,1.2,0.549062517794874,0.37429289299566243,0.7306810284063514,0.7137379812680563,0.7173156077873092,-15.225081676833868
public_input_complements,baseline g,1.0,3,0.5090422055447187,1.2,0.549013353163691,0.3742978458532571,0.7307424959357994,0.7142220403094206,0.7178020931847157,-15.200234310207826
public_input_complements,baseline g,1.0,3,0.5099325741928927,1.2,0.5489617829387954,0.37430304540842024,0.7308069818557204,0.7147298651480005,0.7183124635058917,-15.174185429527268
public_input_complements,baseline g,1.0,3,0.5108660230672385,1.2,0.5489078183721579,0.3743084758498721,0.7308744356389241,0.715261473111392,0.7188467361652887,-15.146936540771897
public_input_complements,baseline g,1.0,3,0.5118427829191048,1.2,0.5488515496157507,0.3743141529888925,0.7309448064086581,0.7158168776583155,0.7194049246890892,-15.118489219609065
public_input_complements,baseline g,1.0,3,0.5128630955033207,1.2,0.5487928916386717,0.3743200741245923,0.7310181724868154,0.7163961126491036,0.7199870631073512,-15.088845111366322
public_input_complements,baseline g,1.0,3,0.5139272136779165,1.2,0.5487318255219895,0.3743262103353009,0.7310944809508977,0.7169991999229969,0.7205931733687848,-15.058005930934831
public_input_complements,baseline g,1.0,3,0.5150354015085564,1.2,0.5486684177148262,0.37433260031459736,0.7311737614666336,0.7176261627147694,0.7212232788246292,-15.025973462751333
public_input_complements,baseline g,1.0,3,0.5161879343777439,1.2,0.5486026949646265,0.3743392211801824,0.7312559304469464,0.7182770198306891,0.7218773983754189,-14.992749560707367
public_input_complements,baseline g,1.0,3,0.5173850990988615,1.2,0.5485346048673487,0.374346086042447,0.7313410728620895,0.7189518073880699,0.7225555683195066,-14.958336148138054
public_input_complements,baseline g,1.0,3,0.5186271940351138,1.2,0.5484641436372284,0.3743531932321499,0.7314291883514317,0.7196505536248945,0.7232578170364188,-14.922735217716593
public_input_complements,baseline g,1.0,3,0.5199145292234401,1.2,0.5483913647515986,0.3743605111267311,0.7315201448872013,0.7203732751206741,0.7239841611887715,-14.885948831381452
public_input_complements,baseline g,1.0,3,0.5212474265034702,1.2,0.5483162347822259,0.37436810027042144,0.7316141262895006,0.7211200164095938,0.7247346455339785,-14.847979120346137
public_input_complements,baseline g,1.0,3,0.5226262196515982,1.2,0.5482387664278072,0.3743759017882314,0.7317109736141594,0.7218907965015224,0.7255092891771959,-14.80882828491595
public_input_complements,baseline g,1.0,3,0.5240512545202515,1.2,0.5481589680694035,0.3743839227511803,0.7318106960445283,0.722685647127,0.7263081240080138,-14.768498594503342
public_input_complements,baseline g,1.0,3,0.5255228891824385,1.2,0.5480768913386986,0.37439221599488615,0.7319133731925984,0.7235046031093452,0.7271311850243034,-14.726992387536116
public_input_complements,baseline g,1.0,3,0.5270414940816569,1.2,0.5479924363361955,0.3744007118408032,0.7320189318763596,0.724347698918718,0.7279785068690072,-14.68431207134066
public_input_complements,baseline g,1.0,3,0.5286074521872524,1.2,0.5479056955459299,0.3744094527150475,0.7321273849982478,0.7252149639853535,0.72885011911988,-14.640460122102667
public_input_complements,baseline g,1.0,3,0.5302211591553182,1.2,0.5478166831386168,0.374418449027121,0.7322387442447517,0.7261064333295791,0.729746056972789,-14.595439084768431
public_input_complements,baseline g,1.0,3,0.5318830234952302,1.2,0.5477253363790435,0.37442765334318384,0.732352954525425,0.7270221429421629,0.730666356598907,-14.549251572947085
public_input_complements,baseline g,1.0,3,0.5335934667419154,1.2,0.5476316715893157,0.374437065663236,0.7324699995181623,0.7279621274464189,0.7316110527950981,-14.50190026883961
public_input_complements,baseline g,1.0,3,0.5353529236339561,1.2,0.5475357618892954,0.37444674923239724,0.7325899632039791,0.7289264257464024,0.732580184660425,-14.453387923157916
public_input_complements,baseline g,1.0,3,0.537161842297634,1.2,0.5474375426630593,0.3744566576484756,0.7327127949357539,0.7299150767472836,0.7335737912950706,-14.403717354987965
public_input_complements,baseline g,1.0,3,0.5390206844370244,1.2,0.5473370003924395,0.37446676159574577,0.7328384354113929,0.7309281163711138,0.7345919088011467,-14.35289145171391
public_input_complements,baseline g,1.0,3,0.5409299255302531,1.2,0.5472342354717856,0.37447710953969543,0.7329669046248175,0.731965579745101,0.7356345724819371,-14.300913168932594
public_input_complements,baseline g,1.0,3,0.5428900550320312,1.2,0.5471291962473015,0.37448770521286145,0.733098263501446,0.7330275151634486,0.7367018308737202,-14.247785530342489
public_input_complements,baseline g,1.0,3,0.5449015765825912,1.2,0.5470219214887515,0.3744985220004078,0.7332324071602612,0.7341139543910163,0.7377937159005789,-14.193511627599204
public_input_complements,baseline g,1.0,3,0.5469650082231464,1.2,0.5469123795020183,0.3745095528313149,0.7333693497309677,0.735224942720682,0.7389102730824214,-14.138094620255924
public_input_complements,baseline g,1.0,3,0.5490808826180046,1.2,0.5468005811273529,0.3745208172493997,0.7335091289201559,0.7363605251997477,0.7400515476923509,-14.081537735632555
public_input_complements,baseline g,1.0,3,0.5512497472834679,1.2,0.5466865561353937,0.3745323169239034,0.7336517191035821,0.7375207419481739,0.74121758005143,-14.023844268682872
public_input_complements,baseline g,1.0,3,0.5534721648236569,1.2,0.5465702671735804,0.37454400338933835,0.7337970372455358,0.7387056339730275,0.7424084113722744,-13.965017581874848
public_input_complements,baseline g,1.0,3,0.5557487131734017,1.2,0.546451839132539,0.3745559735766799,0.7339451992319337,0.7399152467849406,0.743624087393639,-13.90506110511384
public_input_complements,baseline g,1.0,3,0.5580799858483445,1.2,0.5463311463023681,0.3745681261848224,0.7340960791407305,0.7411496253521758,0.7448646533091908,-13.843978335534583
public_input_complements,baseline g,1.0,3,0.5604665922024078,1.2,0.5462083298433063,0.3745800479066762,0.7342485091568773,0.7424087239680675,0.7461300631831588,-13.781772837234605
public_input_complements,baseline g,1.0,3,0.5629091576927818,1.2,0.5460831866067399,0.3745926269322992,0.7344048986930911,0.7436927745573905,0.7474205501028454,-13.71844824194317
public_input_complements,baseline g,1.0,3,0.5654083241525933,1.2,0.5459559163522347,0.37460545972651016,0.7345640456084164,0.74500172670737,0.7487360634027805,-13.654008247630944
public_input_complements,baseline g,1.0,3,0.5679647500714233,1.2,0.5458264014373198,0.3746185005247103,0.7347259538660604,0.7463356368205822,0.7500766597682599,-13.588456619208005
public_input_complements,baseline g,1.0,3,0.5705791108838415,1.2,0.5456947606667326,0.37463175973640167,0.734890530518489,0.7476945397754167,0.7514423742525013,-13.521797188152346
public_input_complements,baseline g,1.0,3,0.5732520992661372,1.2,0.5455609423638876,0.3746452552361597,0.735057871642733,0.7490784955894376,0.7528332671739085,-13.454033852408559
public_input_complements,baseline g,1.0,3,0.5759844254414287,1.2,0.5454249179512554,0.37465893649520127,0.7352278803028243,0.7504875495360602,0.7542493840328306,-13.385170576171408
public_input_complements,baseline g,1.0,3,0.578776817493336,1.2,0.5452868306253507,0.3746728725544785,0.7354005847999736,0.7519217453190778,0.755690768752127,-13.315211389782203
public_input_complements,baseline g,1.0,3,0.5816300216884137,1.2,0.5451465563498664,0.3746870041449476,0.7355759619461831,0.7533811408329653,0.75715747951647,-13.244160389539026
public_input_complements,baseline g,1.0,3,0.5845448028075416,1.2,0.5450041436665503,0.3747013524796666,0.7357540158929414,0.7548657852924289,0.7586495657872554,-13.172021737545128
public_input_complements,baseline g,1.0,3,0.5875219444864789,1.2,0.5448596242843613,0.37471591588939435,0.7359347107848939,0.756375726605025,0.7601670757121772,-13.098799661529164
public_input_complements,baseline g,1.0,3,0.5905622495657936,1.2,0.5447129361759668,0.37473068190133324,0.7361180776669447,0.7579110242065322,0.7617100690249375,-13.024498454690596
public_input_complements,baseline g,1.0,3,0.5936665404503856,1.2,0.5445641961591435,0.374745664657522,0.736304034850141,0.7594717180418653,0.7632785858706754,-12.949122475492402
public_input_complements,baseline g,1.0,3,0.5968356594788269,1.2,0.5444133522607687,0.3747608668588498,0.736492641016614,0.7610578698719487,0.7648726883198932,-12.872676147523258
public_input_complements,baseline g,1.0,3,0.600070469302753,1.2,0.5442604269968946,0.3747762874736687,0.7366838710876983,0.7626695308951585,0.7664924278276002,-12.795163959273985
public_input_complements,baseline g,1.0,3,0.6033718532765401,1.2,0.5441054058467589,0.37479190298208603,0.7368776811607427,0.764306753799682,0.7681378573460841,-12.716590463958779
public_input_complements,baseline g,1.0,3,0.6067407158575169,1.2,0.5439482777685245,0.37480770258054563,0.7370740554415507,0.7659695935281727,0.7698090320933997,-12.636960279329525
public_input_complements,baseline g,1.0,3,0.6101779830169621,1.2,0.5437891708446444,0.374823769057984,0.7372730714953876,0.767658103028107,0.7715060052824236,-12.556278087488883
public_input_complements,baseline g,1.0,3,0.6136846026621482,1.2,0.5436279715548258,0.3748399890345525,0.7374745612070024,0.7693723335681714,0.7732288284388279,-12.474548634627634
public_input_complements,baseline g,1.0,3,0.6172615450697004,1.2,0.5434647287270062,0.3748564361648727,0.7376786587065374,0.7711123483311392,0.7749775650620908,-12.391776730913646
public_input_complements,baseline g,1.0,3,0.6209098033305457,1.2,0.5432995005030203,0.37487308692905197,0.7378852474287445,0.7728781915463894,0.7767522596032919,-12.30796725018196
public_input_complements,baseline g,1.0,3,0.6246303938067362,1.2,0.543132209100369,0.3748899429963315,0.7380944093025184,0.7746699317306075,0.7785529809225581,-12.223125129797651
public_input_complements,baseline g,1.0,3,0.6284243566004422,1.2,0.5429629424877356,0.3749069929255616,0.7383060279393594,0.7764876116515966,0.7803797720020668,-12.137255370363288
public_input_complements,baseline g,1.0,3,0.6322927560354111,1.2,0.5427916736892895,0.37492425959904163,0.7385201871547298,0.7783312971295901,0.7822326989919769,-12.050363035563812
public_input_complements,baseline g,1.0,3,0.6362366811512086,1.2,0.5426184180721516,0.3749417059924336,0.7387367796130533,0.7802010369965978,0.7841118109690696,-11.962453251864728
public_input_complements,baseline g,1.0,3,0.6402572462105554,1.2,0.5424431410047865,0.3749593533187955,0.7389558926391011,0.7820968984126231,0.7860171754299892,-11.873531208345483
public_input_complements,baseline g,1.0,3,0.6443555912200942,1.2,0.5422660024615371,0.3749772173894073,0.7391774055337506,0.7840189196194133,0.7879488308081707,-11.783602156384795
public_input_complements,baseline g,1.0,3,0.6485328824649206,1.2,0.5420868286546487,0.3749952551405595,0.7394013851145007,0.785967176216071,0.7899068530816588,-11.692671409486453
public_input_complements,baseline g,1.0,3,0.652790313057229,1.2,0.5419057735561512,0.3750135113052029,0.7396277885259726,0.7879417130264329,0.7918912872989701,-11.600744342973137
public_input_complements,baseline g,1.0,3,0.6571291034994325,1.2,0.5417227651579708,0.3750319586309077,0.7398566200812038,0.7899425942223063,0.7939021979535751,-11.507826393758442
public_input_complements,baseline g,1.0,3,0.6615505022621248,1.2,0.5415378194510032,0.3750505725661336,0.7400878028032725,0.7919698717628894,0.7959396372651182,-11.413923060060663
public_input_complements,baseline g,1.0,3,0.6660557863772645,1.2,0.5413509770148042,0.3750693847334405,0.7403213746630617,0.7940236047574996,0.7980036646392035,-11.319039901172081
public_input_complements,baseline g,1.0,3,0.6706462620469753,1.2,0.5411622818734596,0.3750884207160165,0.7405573551851252,0.7961038507150335,0.8000943378729922,-11.223182537161142
public_input_complements,baseline g,1.0,3,0.6753232652683625,1.2,0.5409716349424946,0.3751076047959447,0.7407956553706317,0.7982106688844697,0.8022117165124496,-11.126356648576692
public_input_complements,baseline g,1.0,3,0.6800881624747613,1.2,0.5407791873248535,0.37512700021834455,0.7410362812175142,0.8003441081655001,0.8043558497023784,-11.028567976202655
public_input_complements,baseline g,1.0,3,0.6849423511938463,1.2,0.5405848490244103,0.37514659490447316,0.7412792927183007,0.8025042387240385,0.8065268079604005,-10.929822320760927
public_input_complements,baseline g,1.0,3,0.6898872607230374,1.2,0.5403886420870521,0.3751663524675859,0.741524577442431,0.8046911093236782,0.8087246402945378,-10.830125542572382
public_input_complements,baseline g,1.0,3,0.6949243528226603,1.2,0.5401906502127034,0.37518630659353835,0.7417721353656457,0.8069047729363719,0.8109493999422657,-10.729483561310566
public_input_complements,baseline g,1.0,3,0.7000551224273222,1.2,0.5399908429174742,0.37520645458144136,0.742021990262826,0.8091452924800719,0.8132011501369145,-10.627902355678156
public_input_complements,baseline g,1.0,3,0.7052810983759861,1.2,0.5397892062062474,0.3752267664779764,0.7422740817250458,0.8114127229694225,0.8154799461688903,-10.525387963072989
public_input_complements,baseline g,1.0,3,0.7106038441612367,1.2,0.5395874437602588,0.3752391216883302,0.7425065345135531,0.8137052632890224,0.8177839778946631,-10.421946478996542
public_input_complements,baseline g,1.0,3,0.7160249586982449,1.2,0.5393822196915999,0.3752597358189407,0.7427629640826486,0.8160266690915539,0.820117019792203,-10.317584057922836
public_input_complements,baseline g,1.0,3,0.7215460771139571,1.2,0.5391752590314413,0.37528053403959355,0.7430215875229088,0.8183751507236305,0.8224772732374483,-10.212306911156041
public_input_complements,baseline g,1.0,3,0.7271688715570458,1.2,0.5389665103578183,0.37530151031091696,0.7432824412544992,0.8207507727997803,0.8248648031688088,-10.106121307693213
public_input_complements,baseline g,1.0,3,0.7328950520291776,1.2,0.5387560900901888,0.375322696255471,0.743545487408401,0.8231535813906856,0.8272796558878971,-9.999033573601928
public_input_complements,baseline g,1.0,3,0.7387263672381705,1.2,0.5385439208551878,0.37534403196661825,0.7438106545498918,0.8255836337905683,0.8297218889761238,-9.891050091664432
public_input_complements,baseline g,1.0,3,0.7446646054736273,1.2,0.5383299758764805,0.3753655201452478,0.7440779761643149,0.8280409917176965,0.8321915644611206,-9.78217730099728
public_input_complements,baseline g,1.0,3,0.7507115955056528,1.2,0.5381143697992069,0.3753871907446784,0.7443474120105741,0.8305257000306239,0.8346887274262961,-9.672421696721113
public_input_complements,baseline g,1.0,3,0.7568692075072764,1.2,0.5378970865623924,0.37540902962287115,0.7446189430208192,0.8330378145843489,0.8372134340066228,-9.5617898295754
public_input_complements,baseline g,1.0,3,0.7631393540012239,1.2,0.5376781278143624,0.3754310482209759,0.7448925959665414,0.8355773932383024,0.8397657423515534,-9.450288305538917
public_input_complements,baseline g,1.0,3,0.7695239908317001,1.2,0.5374575048474491,0.3754532165856739,0.7451682851513647,0.8381444834740465,0.8423457001806521,-9.337923785477335
public_input_complements,baseline g,1.0,3,0.7760251181618615,1.2,0.5372352441466277,0.3754755542607819,0.7454460326371541,0.8407391399105067,0.844953362386623,-9.224702984714908
public_input_complements,baseline g,1.0,3,0.7826447814976824,1.2,0.5370113033395432,0.37549804337172443,0.7457258363958201,0.8433614199340612,0.8475887866434948,-9.110632672663739
public_input_complements,baseline g,1.0,3,0.7893850727389358,1.2,0.5367858173607675,0.37552071927359826,0.7460076493148505,0.8460113630689233,0.8502520126735966,-8.995719672426583
public_input_complements,baseline g,1.0,3,0.7962481312580323,1.2,0.5365586999980136,0.3755435661551233,0.7462915183313124,0.8486890329516016,0.8529431044324164,-8.87997086036234
public_input_complements,baseline g,1.0,3,0.8032361450074849,1.2,0.5363300213174357,0.3755665611340004,0.746577316539421,0.8513944661226706,0.8556620986436893,-8.763393165722029
public_input_complements,baseline g,1.0,3,0.8103513516567865,1.2,0.5360997108380504,0.37558968466641274,0.7468650658733186,0.8541277216829418,0.8584090547044703,-8.645993570165363
public_input_complements,baseline g,1.0,3,0.8175960397595149,1.2,0.5358678940678385,0.375613009131795,0.7471548206155401,0.8568888455630941,0.8611840187756672,-8.52777910735388
public_input_complements,baseline g,1.0,3,0.8249725499515008,1.2,0.5356344728334266,0.3756364490403216,0.7474464665827321,0.8596778862271425,0.8639870395642217,-8.408756862554071
public_input_complements,baseline g,1.0,3,0.8324832761809209,1.2,0.535399579015616,0.3756600615977408,0.7477400139931719,0.8624948837696123,0.8668181573656343,-8.288933972137901
public_input_complements,baseline g,1.0,3,0.8401306669712053,1.2,0.5351631763527269,0.3756838266226422,0.7480354489779162,0.8653398886277118,0.8696774228699299,-8.168317623161444
public_input_complements,baseline g,1.0,3,0.8479172267176741,1.2,0.5349252479406341,0.3757077370440066,0.748332770876678,0.8682129500450524,0.8725648855675553,-8.04691505290059
public_input_complements,baseline g,1.0,3,0.8558455170188431,1.2,0.5346858436942322,0.37573179723196437,0.748631940629967,0.871114107784449,0.875480585420637,-7.924733548397021
public_input_complements,baseline g,1.0,3,0.8639181580433734,1.2,0.5344449518182985,0.375756002816385,0.7489329591776017,0.8740434090147755,0.8784245698344841,-7.801780445971005
public_input_complements,baseline g,1.0,3,0.8721378299336601,1.2,0.5342026223230552,0.37578036086828787,0.7492357940737717,0.8770008921077448,0.8813968773731483,-7.67806313075741
public_input_complements,baseline g,1.0,3,0.8805072742470966,1.2,0.5339588672825902,0.3758048589148757,0.7495404022619608,0.8799865965157548,0.8843975476867835,-7.553589036215206
public_input_complements,baseline g,1.0,3,0.88902929543607,1.2,0.5337137061455701,0.3758295219017432,0.7498468262583597,0.8830005674781441,0.8874266262414913,-7.4283656436138195
public_input_complements,baseline g,1.0,3,0.8977067623677852,1.2,0.5334670931723732,0.37585428078793826,0.7501549403048654,0.8860428398369389,0.8904841480539445,-7.30240048158535
public_input_complements,baseline g,1.0,3,0.9065426098850453,1.2,0.5332191058999235,0.3758792220949343,0.7504648817838931,0.8891134602286184,0.8935701599943887,-7.175701125525537
public_input_complements,baseline g,1.0,3,0.9155398404091444,1.2,0.5329697639200042,0.3759042771758334,0.750776460584766,0.8922124501276486,0.8966846836449309,-7.0482751972030675
public_input_complements,baseline g,1.0,3,0.9247015255860773,1.2,0.532719042443466,0.3759294722514174,0.7510897666290546,0.8953398580843851,0.8998277677992863,-6.920130364107105
public_input_complements,baseline g,1.0,3,0.9340308079772923,1.2,0.5324669462157638,0.3759547756991262,0.7514047166208655,0.8984957137299703,0.9029994422371244,-6.79127433901338
public_input_complements,baseline g,1.0,3,0.9435309027962627,1.2,0.5322135955400771,0.3759802544966167,0.7517213566295187,0.9016800471737887,0.9061997372187531,-6.661714879380339
public_input_complements,baseline g,1.0,3,0.9532050996921831,1.2,0.5319588871160001,0.37600585580827095,0.7520396587117446,0.9048928993940709,0.9094286939278077,-6.5314597868476065
public_input_complements,baseline g,1.0,3,0.9630567645821445,1.2,0.5317028752578232,0.3760315725630694,0.752359550988841,0.908134292827986,0.9126863349139237,-6.4005169066761045
public_input_complements,baseline g,1.0,3,0.9730893415331738,1.2,0.5314456282495169,0.3760574390844611,0.7526810504362843,0.9114042552113711,0.9159726880519651,-6.268894127157204
public_input_complements,baseline g,1.0,3,0.9833063546955787,1.2,0.5311868756669074,0.37608446607666746,0.7530069380675344,0.9147030931901551,0.9192880615249295,-6.1365993784977455
public_input_complements,baseline g,1.0,3,0.9937114102890687,1.2,0.5309271034022436,0.37611058199651676,0.7533315822771038,0.9180302833466352,0.9226319292914721,-6.003640634528629
public_input_complements,baseline g,1.0,3,1.0043081986431819,1.2,0.5306660871658802,0.3761368291707904,0.7536577964943629,0.9213861272024919,0.9260045943846572,-5.870025908680566
public_input_complements,baseline g,1.0,3,1.0151004962935855,1.2,0.5304038474678128,0.3761631847171889,0.7539855033696843,0.9247706419703561,0.9294060741033943,-5.735763255698179
public_input_complements,baseline g,1.0,3,1.0260921681358672,1.2,0.5301404837091921,0.3761897058414607,0.754314745600996,0.9281838473305436,0.9328363882266472,-5.600860770432567
public_input_complements,baseline g,1.0,3,1.037287169638491,1.2,0.5298758581126413,0.3762162922741479,0.7546454118963417,0.9316257678639018,0.936295561458475,-5.465326587284158
public_input_complements,baseline g,1.0,3,1.0486895491166357,1.2,0.529610101629258,0.37624300996125926,0.7549775351145096,0.9350964162140015,0.9397836065058255,-5.329168879532432
public_input_complements,baseline g,1.0,3,1.0603034500686892,1.2,0.5293431600894161,0.376269843091515,0.7553111301499069,0.9385958179667162,0.943300549082821,-5.192395858742212
public_input_complements,baseline g,1.0,3,1.0721331135772334,1.2,0.5290751215289575,0.3762967758536351,0.755646069691472,0.942123970991249,0.9468463870479845,-5.0550157741570825
public_input_complements,baseline g,1.0,3,1.0841828807763967,1.2,0.5288059831687213,0.3763238556814594,0.7559824743440235,0.945680902624709,0.9504211478754526,-4.917036911986157
public_input_complements,baseline g,1.0,3,1.0964571953875313,1.2,0.5285357545243365,0.3763510182982204,0.7563201749284427,0.9492666099806045,0.9540248286642653,-4.778467594860539
public_input_complements,baseline g,1.0,3,1.1089606063252093,1.2,0.5282644286521059,0.3763782832477347,0.756659226935267,0.9528811109411056,0.9576574473862273,-4.639316181080318
public_input_complements,baseline g,1.0,3,1.1216977703756155,1.2,0.5279920599609647,0.37640567404989517,0.7569996343789749,0.9565244110568849,0.961319009619834,-4.499591064005269
public_input_complements,baseline g,1.0,3,1.1346734549494641,1.2,0.527718629977647,0.3764331557436593,0.7573413288896026,0.9601965135877106,0.9650095186411933,-4.359300671389868
public_input_complements,baseline g,1.0,3,1.147892540911644,1.2,0.527444200049453,0.3764607589199394,0.7576843251076761,0.9638974203702715,0.9687289762962004,-4.218453464674747
public_input_complements,baseline g,1.0,3,1.1613600254898573,1.2,0.5271687420075093,0.37648844591680386,0.7580285576498313,0.9676271316838528,0.9724773828655406,-4.0770579383339784
public_input_complements,baseline g,1.0,3,1.1750810252645967,1.2,0.5268922999889781,0.376516252726943,0.7583740717847481,0.9713856497117127,0.9762547405434154,-3.935122619143582
public_input_complements,baseline g,1.0,3,1.189060779242872,1.2,0.5266148582964286,0.3765441352549993,0.7587207736769893,0.9751729665242547,0.9800610413604816,-3.792656065531239
public_input_complements,baseline g,1.0,3,1.2033046520181812,1.2,0.526336466763873,0.37657210764301163,0.7590686486213678,0.9789890734959096,0.9838962766479336,-3.6496668668237526
public_input_complements,baseline g,1.0,3,1.217818137019287,1.2,0.5260556173173276,0.37660858564884936,0.7594401094344139,0.9828363246344795,0.9877628122130868,-3.506163642280852
public_input_complements,baseline g,1.0,3,1.2326068598504607,1.2,0.5257753617229841,0.37663681450633857,0.7597904855107607,0.9867100183818001,0.9916559229311188,-3.3621550414222097
public_input_complements,baseline g,1.0,3,1.247676581725918,1.2,0.5254941925732972,0.37666514029480314,0.7601420159189936,0.9906124761121021,0.9955779418121969,-3.2176497417432834
public_input_complements,baseline g,1.0,3,1.2630332030012734,1.2,0.5252122022533283,0.37669358589654234,0.7604946651136826,0.9945436736567379,0.9995288445665276,-3.0726564489920234
public_input_complements,baseline g,1.0,3,1.2786827668049243,1.2,0.5249292428159487,0.37672207289274984,0.7608483862496418,0.9985036064594803,1.0035086266150455,-2.9271838961721808
public_input_complements,baseline g,1.0,3,1.294631462772364,1.2,0.5246455369566554,0.37675070091529,0.7612032041169248,1.002492238779026,1.0075172520372937,-2.7812408428053508
public_input_complements,baseline g,1.0,3,1.31088563088653,1.2,0.5243609380180355,0.3767793632612791,0.7615590003229816,1.0065095537710111,1.0115547039044748,-2.634836074127726
public_input_complements,baseline g,1.0,3,1.3274517654273796,1.2,0.524075527291753,0.3768081083962048,0.7619158139644195,1.010555525724053,1.0156209563763277,-2.4879784003798964
public_input_complements,baseline g,1.0,3,1.3443365190339982,1.2,0.5237893326305931,0.37683695753312507,0.7622736698816892,1.0146301301407694,1.019715984832677,-2.3406766559972074
public_input_complements,baseline g,1.0,3,1.3615467068826452,1.2,0.5235023610567826,0.3768658719784609,0.7626324649377141,1.0187333288290898,1.0238397508900128,-2.192939698803128
public_input_complements,baseline g,1.0,3,1.3790893109842512,1.2,0.523214596509463,0.3768948779529938,0.7629922803257734,1.0228651021723523,1.0279922348333446,-2.044776409281097
public_input_complements,baseline g,1.0,3,1.3969714846049992,1.2,0.5229261234008313,0.3769239509051834,0.7633529706476438,1.0270253943458123,1.0321733805581053,-1.8961956896931504
public_input_complements,baseline g,1.0,3,1.4152005568137338,1.2,0.5226369266931312,0.37695309520515996,0.7637145617964858,1.031214174372339,1.0363831569318906,-1.7472064633557354
public_input_complements,baseline g,1.0,3,1.4337840371600625,1.2,0.5223470118808085,0.37698232062483183,0.7640770725512736,1.0354314057674874,1.0406215272873758,-1.5978176737913643
public_input_complements,baseline g,1.0,3,1.4527296204871472,1.2,0.522056401285721,0.3770116059511411,0.7644404278969132,1.0396770376569646,1.0448884404952605,-1.448038283890818
public_input_complements,baseline g,1.0,3,1.4720451918832933,1.2,0.5217651284083535,0.3770409468139573,0.7648045834775161,1.0439510182308145,1.0491838444858894,-1.2978772751127658
public_input_complements,baseline g,1.0,3,1.4917388317766058,1.2,0.5214731941866294,0.3770703590245605,0.7651695776303787,1.04825330484665,1.05350769640313,-1.1473436466623526
public_input_complements,baseline g,1.0,3,1.5118188211770927,1.2,0.5211806487490486,0.3770998725362693,0.7655354346310442,1.0525838453705216,1.05785994385171,-0.996446414630968
public_input_complements,baseline g,1.0,3,1.5322936470707536,1.2,0.520887497621009,0.3771294274424464,0.7659020001460276,1.0569425701419948,1.0622405168220206,-0.8451946111130351
public_input_complements,baseline g,1.0,3,1.5531720079703377,1.2,0.5205937079433909,0.3771590291448699,0.7662693204524658,1.0613294319376256,1.0666493678539093,-0.6935972834359618
public_input_complements,baseline g,1.0,3,1.5744628196276003,1.2,0.5202993465697918,0.3771886967933022,0.7666373762647705,1.0657443629287389,1.0710864287787083,-0.541663493242448
public_input_complements,baseline g,1.0,3,1.5961752209120554,1.2,0.5200044486343187,0.37721842267913064,0.7670061133006416,1.0701872916016053,1.0755516277242243,-0.3894023156306714
public_input_complements,baseline g,1.0,3,1.618318579861377,1.2,0.519708976338499,0.3772482084715963,0.7673755735049461,1.0746581615648925,1.080044908016462,-0.23682283831187378
public_input_complements,baseline g,1.0,3,1.6409024999087747,1.2,0.5194129970751442,0.3772780269182697,0.7677456217898375,1.079156882540926,1.0845661789252286,-0.08393416066912751
public_input_complements,baseline g,1.0,3,1.6639368262928396,1.2,0.5191164905553136,0.37730791401184105,0.7681163678500993,1.0836833973010462,1.0891153829350044,0.06925460703003283
public_input_complements,baseline g,1.0,3,1.6874316526555453,1.2,0.5188194899847247,0.3773378452007697,0.768487717493987,1.0882376171245542,1.093692430880376,0.2227343446281842
public_input_complements,baseline g,1.0,3,1.7113973278342638,1.2,0.518522054822943,0.3773678319262054,0.7688596396817511,1.092819453911846,1.0982972342201385,0.37649592291277845
public_input_complements,baseline g,1.0,3,1.7358444628538618,1.2,0.5182241277689679,0.3773978644162396,0.769232167440971,1.0974288362396467,1.102929721173006,0.5305302045175617
public_input_complements,baseline g,1.0,3,1.7607839381251333,1.2,0.5179257899357534,0.37742793393061186,0.7696051979478862,1.102065658761665,1.1075897858646375,0.6848280448787718
public_input_complements,baseline g,1.0,3,1.7862269108560356,1.2,0.5176272131313775,0.37745696818922225,0.7699758958506504,1.106729491999381,1.1122769966637422,0.839380293719926
public_input_complements,baseline g,1.0,3,1.8121848226824113,1.2,0.5173280698723002,0.37748711175227057,0.7703499157203397,1.1114209211125137,1.1169919416631648,0.994177793488888
public_input_complements,baseline g,1.0,3,1.8386694075250942,1.2,0.517029981368595,0.37750909769616753,0.7707026173086848,1.1161368469910868,1.121731506218576,1.149211384074507
public_input_complements,baseline g,1.0,3,1.8656926996805347,1.2,0.5167301046853874,0.3775392412592158,0.7710773706025045,1.1208824524697407,1.126500899143682,1.304471901076119
public_input_complements,baseline g,1.0,3,1.8932670421523103,1.2,0.5164298486993418,0.377569419145713,0.7714525884586091,1.1256550135889183,1.1312973828250221,1.4599501776199286
public_input_complements,baseline g,1.0,3,1.921405095231136,1.2,0.5161293151290197,0.37759962531628766,0.7718281541566386,1.1304543992312688,1.136120825488017,1.6156370450899704
public_input_complements,baseline g,1.0,3,1.9501198453312445,1.2,0.5158284494689989,0.37762987455057184,0.7722041589146214,1.1352805167208637,1.1409711339921986,1.771523334184578
public_input_complements,baseline g,1.0,3,1.979424614091259,1.2,0.5155272699598075,0.37766011504459546,0.7725804558109675,1.1401332336477021,1.1458481752638576,1.9275998757751198
public_input_complements,baseline g,1.0,3,2.009333067747975,1.2,0.5152258479096233,0.3776904171144975,0.7729571482027883,1.1450124368907768,1.1507518356149655,2.0838575019579197
public_input_complements,baseline g,1.0,3,2.0398592267917226,1.2,0.5149241829277267,0.3777207589096267,0.7733341822037858,1.149917999592927,1.1556819875524873,2.2402870469279907
public_input_complements,baseline g,1.0,3,2.071017475912293,1.2,0.5146222502178237,0.37775108052334566,0.7737114338021667,1.1548497856645084,1.1606384943046266,2.3968793479570385
public_input_complements,baseline g,1.0,3,2.1028225742447084,1.2,0.5143201514521794,0.37778146101205407,0.7740889977017629,1.1598076661134444,1.1656212262327312,2.5536252464198137
public_input_complements,baseline g,1.0,3,2.135289665924415,1.2,0.5140178255885941,0.37781185834369024,0.7744668305371323,1.1647915112216476,1.1706300529684992,2.710515588687522
public_input_complements,baseline g,1.0,3,2.168434290961828,1.2,0.5137137360625588,0.37785131022479607,0.7748689185358344,1.1698042765620387,1.1756679448997223,2.8675412271172336
public_input_complements,baseline g,1.0,3,2.2022723964464688,1.2,0.5134110003766927,0.3778817990856294,0.7752473885520106,1.1748396629197324,1.1807285712365692,3.024693021074345
public_input_complements,baseline g,1.0,3,2.23682034809129,1.2,0.5131081796614809,0.3779122977183712,0.775625967870953,1.1799005590824228,1.1858148352468425,3.181961837867487
public_input_complements,baseline g,1.0,3,2.2720949421281498,1.2,0.5128052443289194,0.3779428448166006,0.7760047821955164,1.184986836657614,1.190926607894476,3.339338553696829
public_input_complements,baseline g,1.0,3,2.308113417565749,1.2,0.5125021488441146,0.37797338317456947,0.7763837349615159,1.190098338362323,1.1960637311081026,3.4968140547309075
public_input_complements,baseline g,1.0,3,2.344893468821764,1.2,0.5121989853292221,0.3780039275719099,0.776762770759402,1.1952348908028887,1.2012260306249223,3.6543792380357343
public_input_complements,baseline g,1.0,3,2.382453258741261,1.2,0.5118957108892543,0.3780344931823083,0.7771419701755993,1.200396350323058,1.206413362068601,3.812025012542035
public_input_complements,baseline g,1.0,3,2.4208114320139376,1.2,0.5115924715436246,0.37806506149359587,0.7775211412064673,1.20558251153922,1.2116255190260397,3.9697423001320002
public_input_complements,baseline g,1.0,3,2.4599871290031343,1.2,0.5112891247329767,0.37809563854514394,0.7779004414131607,1.210793245181415,1.2168623715793088,4.127522036488657
public_input_complements,baseline g,1.0,3,2.5,1.2,0.5109857539242633,0.378126194383634,0.7782797129246832,1.216028349889709,1.2221237173591541,4.285355172247376
public_input_complements,high g,1.4,1,0.5,1.2,0.8415272108431059,0.32158234644287986,0.20309065747351462,0.6333503821716643,0.6365250641736094,-5.918400385303553
public_input_complements,high g,1.4,1,0.5000203210855501,1.2,0.8415241879294169,0.3215826786302741,0.2030943979119752,0.6333615332795975,0.6365362711767039,-5.918327402535136
public_input_complements,high g,1.4,1,0.5000812892976928,1.2,0.8415152491074757,0.3215837024448864,0.20310554817347903,0.6333949599949386,0.6365698654441527,-5.918108450559887
public_input_complements,high g,1.4,1,0.5001829195049198,1.2,0.8415003263984188,0.3215854303595141,0.20312420317813165,0.6334506952424344,0.6366258800657392,-5.9177435183657146
public_input_complements,high g,1.4,1,0.5003252364947652,1.2,0.8414794462359644,0.321587852602249,0.2031503153848936,0.6335287264864375,0.6367043024429807,-5.917232587603247
public_input_complements,high g,1.4,1,0.5005082749838822,1.2,0.841453448608578,0.3215908608009659,0.20318281072150846,0.6336287003667477,0.6368047774444512,-5.9165756343060405
public_input_complements,high g,1.4,1,0.500732079632158,1.2,0.8414214744735145,0.3215945676979203,0.2032227917539935,0.6337509883463702,0.6369276783951224,-5.915772627981871
public_input_complements,high g,1.4,1,0.5009967050608752,1.2,0.8413826632396272,0.3215990544128074,0.20327129429203683,0.6338959434544336,0.6370733600936886,-5.914823531691104
public_input_complements,high g,1.4,1,0.5013022158749305,1.2,0.8413804131650291,0.32159931525241464,0.2032741077801865,0.6340454882272664,0.6372236544628148,-5.91372853001626
public_input_complements,high g,1.4,1,0.5016486866891229,1.2,0.8413310730502321,0.32160502941577307,0.20333579048783773,0.6342345069868284,0.6374136206828518,-5.912487533900249
public_input_complements,high g,1.4,1,0.502036202158526,1.2,0.8412760842653129,0.32161138944175083,0.20340451692886893,0.6344457241218968,0.6376258965482156,-5.911100339674183
public_input_complements,high g,1.4,1,0.502464857012963,1.2,0.8413438094810208,0.32160351117437586,0.20331977465563095,0.6346255630809967,0.6378066369538494,-5.909567290560987
public_input_complements,high g,1.4,1,0.5029347560956027,1.2,0.8412771458160142,0.3216112669275872,0.20340319074757424,0.6348813957280637,0.6380637519673962,-5.907889305406744
public_input_complements,high g,1.4,1,0.5034460144056994,1.2,0.8412025371036207,0.32161989942970653,0.20349644566454533,0.6351603970368701,0.6383441517760828,-5.9060650611059495
public_input_complements,high g,1.4,1,0.5039987571454999,1.2,0.841124304122,0.3216289785307167,0.2035942895043481,0.6354608211599033,0.6386460817812996,-5.904094486792836
public_input_complements,high g,1.4,1,0.5045931197713469,1.2,0.8410414531705429,0.3216385520585118,0.2036978192758424,0.6357830545059258,0.6389699303286905,-5.901977492345988
public_input_complements,high g,1.4,1,0.5052292480490046,1.2,0.8409518371728566,0.32164892391640854,0.20380983848658585,0.6361280452239005,0.6393166503198354,-5.899713962622903
public_input_complements,high g,1.4,1,0.5059072981132409,1.2,0.841477598074788,0.3215904273124661,0.20315772492013884,0.6362368636023061,0.6394260141526327,-5.897308160253619
public_input_complements,high g,1.4,1,0.5066274365316988,1.2,0.8413767590221201,0.3215997117165765,0.20327861828568505,0.6366248347527463,0.6398159300165572,-5.894764406425879
public_input_complements,high g,1.4,1,0.507389840373095,1.2,0.8412697851540913,0.3216120995811379,0.2034123499411667,0.6370368768672422,0.6402300375007469,-5.892074559789259
public_input_complements,high g,1.4,1,0.5081946972797818,1.2,0.841164135498725,0.3216195389582349,0.20353406865106236,0.6374652640981976,0.6406605720316334,-5.889238471628647
public_input_complements,high g,1.4,1,0.5090422055447187,1.2,0.8413589574465565,0.32160178596063715,0.20330090022841957,0.6377935751472934,0.6409905287467111,-5.886262869631749
public_input_complements,high g,1.4,1,0.5099325741928927,1.2,0.8415716666427862,0.32157716269899667,0.20303500478704656,0.638130995131046,0.6413296400551707,-5.883146616334786
public_input_complements,high g,1.4,1,0.5108660230672385,1.2,0.841442059254254,0.32159218684965374,0.2031970643409982,0.6386325030013653,0.6418336617441512,-5.879888746407948
public_input_complements,high g,1.4,1,0.5118427829191048,1.2,0.8413023241748199,0.3216083442186959,0.2033716993375634,0.6391583112494463,0.6423621056170437,-5.876484891504953
public_input_complements,high g,1.4,1,0.5128630955033207,1.2,0.8412233420556554,0.3216175071402904,0.20347047336737206,0.6396786022284466,0.6428850045654292,-5.872935416994691
public_input_complements,high g,1.4,1,0.5139272136779165,1.2,0.8410872421788758,0.3216335719484876,0.20364127322985742,0.6402432651831408,0.6434524979049624,-5.869241005427154
public_input_complements,high g,1.4,1,0.5150354015085564,1.2,0.8416965516662822,0.32156265482577595,0.20287878275739396,0.6405122989049699,0.643722880163934,-5.865415337712595
public_input_complements,high g,1.4,1,0.5161879343777439,1.2,0.8415430075300832,0.3215804987149775,0.2030708696942683,0.6411243142482512,0.6443379632468899,-5.861453300134933
public_input_complements,high g,1.4,1,0.5173850990988615,1.2,0.8413740676508554,0.3216000721880481,0.2032820882753283,0.6417629967911083,0.6449798471993154,-5.857345558914055
public_input_complements,high g,1.4,1,0.5186271940351138,1.2,0.8412113506673959,0.3216188843553549,0.20348543954017068,0.6424192166320463,0.6456393563558945,-5.85309199423029
public_input_complements,high g,1.4,1,0.5199145292234401,1.2,0.8413353185281044,0.3216044707122205,0.2033303382102919,0.6429738391560741,0.6461967589368931,-5.848694771872305
public_input_complements,high g,1.4,1,0.5212474265034702,1.2,0.8412823719759779,0.3216106651603251,0.20339666477032445,0.6436238262941564,0.6468500041490635,-5.8441615944844125
public_input_complements,high g,1.4,1,0.5226262196515982,1.2,0.8410958657123341,0.3216322546400603,0.20362980431019614,0.644350864125096,0.6475806862722961,-5.839485521367123
public_input_complements,high g,1.4,1,0.5240512545202515,1.2,0.8413471687602533,0.3216031631757017,0.20331566369926246,0.6449114853016543,0.6481441175741962,-5.834678528528043
public_input_complements,high g,1.4,1,0.5255228891824385,1.2,0.8411928866254621,0.32162103868746317,0.2035085569394584,0.6456653310989917,0.6489017420393175,-5.829728896745101
public_input_complements,high g,1.4,1,0.5270414940816569,1.2,0.8409911535319622,0.3216443789641254,0.20376070503054866,0.6464598055554446,0.6497001988155556,-5.824633974632185
public_input_complements,high g,1.4,1,0.5286074521872524,1.2,0.8409093038169199,0.3216538283085155,0.2038629653294738,0.6472233885706141,0.6504676093065165,-5.819398203820709
public_input_complements,high g,1.4,1,0.5302211591553182,1.2,0.8409969935986382,0.32164359477606236,0.20375317111765645,0.6479346012987413,0.6511823870032789,-5.814018070311971
public_input_complements,high g,1.4,1,0.5318830234952302,1.2,0.8414553230365587,0.32163050821326356,0.2032665747040907,0.6485328987028874,0.6517836833856436,-5.808507452744477
public_input_complements,high g,1.4,1,0.5335934667419154,1.2,0.8412808490686193,0.3216108122260293,0.20339850533960382,0.6493708871680202,0.6526258722854376,-5.802880056665217
public_input_complements,high g,1.4,1,0.5353529236339561,1.2,0.8412666176976691,0.3216124987461888,0.2034163795940987,0.6501865619739585,0.6534456356783553,-5.797114001979931
public_input_complements,high g,1.4,1,0.537161842297634,1.2,0.841064433130368,0.3216411267687289,0.20368040069008647,0.6511072695526764,0.654370958323017,-5.791205121488626
public_input_complements,high g,1.4,1,0.5390206844370244,1.2,0.8408397877894157,0.32166189940619333,0.20394991492796186,0.6520513814343306,0.6553198025851715,-5.785153085267129
public_input_complements,high g,1.4,1,0.5409299255302531,1.2,0.841086122630949,0.32161402135771633,0.20360016350171845,0.6528027421205661,0.6560749294825198,-5.778958315004317
public_input_complements,high g,1.4,1,0.5428900550320312,1.2,0.8416502765766054,0.3215680368017401,0.20293668291515332,0.6534613086621562,0.6567367971026369,-5.77267050027756
public_input_complements,high g,1.4,1,0.5449015765825912,1.2,0.8413924537200101,0.32159793803735015,0.20325909244066612,0.6544850042208865,0.657765623956709,-5.766248586599668
public_input_complements,high g,1.4,1,0.5469650082231464,1.2,0.8411213623641671,0.3216293019778503,0.2035979299079895,0.6555352162707533,0.6588211002163824,-5.75968104907476
public_input_complements,high g,1.4,1,0.5490808826180046,1.2,0.8410076616922139,0.3216424555183058,0.2037400422273267,0.6565375175921389,0.6598284255940489,-5.75297181991955
public_input_complements,high g,1.4,1,0.5512497472834679,1.2,0.8412832841476254,0.32161054264616146,0.2033954879680835,0.6573900027073248,0.660685183808657,-5.746132152926755
public_input_complements,high g,1.4,1,0.5534721648236569,1.2,0.8412680190057629,0.3216123260972962,0.20341460536439698,0.6583902801509872,0.6616904751638709,-5.739170492562325
public_input_complements,high g,1.4,1,0.5557487131734017,1.2,0.841130997306381,0.321628127364997,0.20358575780201266,0.6594647089083114,0.6627702895177531,-5.732075877928022
public_input_complements,high g,1.4,1,0.5580799858483445,1.2,0.8408409066318765,0.3216617637816388,0.20394850313646334,0.660627483516619,0.6639388925580398,-5.724843525665273
public_input_complements,high g,1.4,1,0.5604665922024078,1.2,0.8411712457259297,0.32164305021454853,0.20357774273749524,0.6615506384524716,0.6648666748272648,-5.717469467702195
public_input_complements,high g,1.4,1,0.5629091576927818,1.2,0.8409085635482917,0.32165392960962114,0.20386392440849002,0.6627299300188595,0.6660518776172285,-5.709986189892218
public_input_complements,high g,1.4,1,0.5654083241525933,1.2,0.8411465118400019,0.32162639508023894,0.20356650153331413,0.6637215251761701,0.6670484431659491,-5.702376143838603
public_input_complements,high g,1.4,1,0.5679647500714233,1.2,0.8408429971520777,0.3216615187533115,0.20394588335507535,0.6649741692682873,0.6683073661627077,-5.694637232555523
public_input_complements,high g,1.4,1,0.5705791108838415,1.2,0.8410771770490473,0.3217036510158703,0.20380270914523252,0.6660557951269014,0.6693944136935001,-5.686755010709353
public_input_complements,high g,1.4,1,0.5732520992661372,1.2,0.8411885015707268,0.32162152771247,0.20351399828820835,0.6671180952258691,0.6704620385938727,-5.678782100338194
public_input_complements,high g,1.4,1,0.5759844254414287,1.2,0.8408602556618081,0.3216595256289462,0.2039243196967158,0.6684451920956925,0.6717957875644386,-5.670671713821591
public_input_complements,high g,1.4,1,0.578776817493336,1.2,0.8410439977907935,0.3216382269421369,0.20369457240422223,0.6695639281573,0.672920131313891,-5.662436371674012
public_input_complements,high g,1.4,1,0.5816300216884137,1.2,0.8413197665411485,0.3216063554644608,0.2033499612620868,0.6706616329758281,0.6740233384007195,-5.6540857042244586
public_input_complements,high g,1.4,1,0.5845448028075416,1.2,0.840989923580182,0.3216445243605884,0.20376224903868886,0.67205319526407,0.6754218759239582,-5.645617699289106
public_input_complements,high g,1.4,1,0.5875219444864789,1.2,0.84062917479661,0.32168627160013497,0.20421317185968146,0.6734802250589221,0.6768560587354241,-5.637005441392962
public_input_complements,high g,1.4,1,0.5905622495657936,1.2,0.8407638071012031,0.3216706773047757,0.2040448558771124,0.6747045424276119,0.678086513020463,-5.628267378085364
public_input_complements,high g,1.4,1,0.5936665404503856,1.2,0.8411267046107562,0.3216286534143418,0.20359118676422217,0.6758456378176183,0.6792333281749143,-5.619423897733716
public_input_complements,high g,1.4,1,0.5968356594788269,1.2,0.8409599016443488,0.32164792735422587,0.20379962144077907,0.6772485611075457,0.6806432836470967,-5.610465543506653
public_input_complements,high g,1.4,1,0.600070469302753,1.2,0.8406126207115565,0.3216881836048049,0.20423385587482207,0.6787554677026607,0.6821577436429528,-5.601376374702176
public_input_complements,high g,1.4,1,0.6033718532765401,1.2,0.8405933315829971,0.32162498354172553,0.2041166328671301,0.6800881415213081,0.6834970975169151,-5.592147786297906
public_input_complements,high g,1.4,1,0.6067407158575169,1.2,0.8412310327359278,0.3216166162493436,0.20346085836265446,0.6812315563672214,0.6846462437535945,-5.582851305415549
public_input_complements,high g,1.4,1,0.6101779830169621,1.2,0.8408824539041354,0.3216569650607677,0.20389659062712295,0.6828037198803452,0.6862262877691221,-5.573436848757268
public_input_complements,high g,1.4,1,0.6136846026621482,1.2,0.8404944901368177,0.32170186319460525,0.20438153436352985,0.6844159610315358,0.6878466103127133,-5.5638797683646155
public_input_complements,high g,1.4,1,0.6172615450697004,1.2,0.8409003238637837,0.3215745721774995,0.20370075203961535,0.685625505138238,0.6890622172844807,-5.554211037535346
public_input_complements,high g,1.4,1,0.6209098033305457,1.2,0.8408664533701798,0.3216588225605785,0.20391660336066975,0.6871737995479282,0.6906182725521961,-5.544458071831222
public_input_complements,high g,1.4,1,0.6246303938067362,1.2,0.8405780014090405,0.3216566029200548,0.20420026089827797,0.6887798037994187,0.6922323269334976,-5.534563620717124
public_input_complements,high g,1.4,1,0.6284243566004422,1.2,0.8409420670750093,0.32165004029186584,0.20382201995542093,0.6901534308121914,0.6936128392803247,-5.524559949491667
public_input_complements,high g,1.4,1,0.6322927560354111,1.2,0.8408369487461653,0.32166220871128826,0.20395342207021744,0.691742311570549,0.6952096843366267,-5.5144557738349596
public_input_complements,high g,1.4,1,0.6362366811512086,1.2,0.8406239831391409,0.32168687336739704,0.2042196633344367,0.6934036876989361,0.6968793881475126,-5.504233313744302
public_input_complements,high g,1.4,1,0.6402572462105554,1.2,0.8408781231806856,0.3217374971057426,0.20407487056771853,0.6949243735779311,0.6984076964961968,-5.493881783186101
public_input_complements,high g,1.4,1,0.6443555912200942,1.2,0.8406225139287187,0.32168703290589873,0.20422147714802258,0.6965916354189081,0.7000833155219297,-5.4834553115204825
public_input_complements,high g,1.4,1,0.6485328824649206,1.2,0.8408050954044664,0.3216658927259433,0.20399323288357124,0.6981307549287352,0.7016301499004051,-5.472921680737616
public_input_complements,high g,1.4,1,0.652790313057229,1.2,0.8403710580061775,0.32171614018153727,0.204535804785943,0.6999848700270729,0.7034935587893487,-5.462264836715548
public_input_complements,high g,1.4,1,0.6571291034994325,1.2,0.8407659878160957,0.32167042083529873,0.20404212118814968,0.7014655006382248,0.7049816110923242,-5.451512133713368
public_input_complements,high g,1.4,1,0.6615505022621248,1.2,0.840384373620056,0.321690082499084,0.20446620457796533,0.7033211601700623,0.7068465721562729,-5.440646598675963
public_input_complements,high g,1.4,1,0.6660557863772645,1.2,0.840365982446126,0.32171674901981867,0.20454219543668245,0.7050608079743251,0.7085949399814426,-5.4296781578663875
public_input_complements,high g,1.4,1,0.6706462620469753,1.2,0.8406935534961514,0.3216788295221489,0.20413271827169024,0.7066371198272864,0.7101791531304478,-5.418625881616588
public_input_complements,high g,1.4,1,0.6753232652683625,1.2,0.8403120568649035,0.3217229407670342,0.2046094951918905,0.708577728169843,0.7121294888128014,-5.407448811958673
public_input_complements,high g,1.4,1,0.6800881624747613,1.2,0.8404582997432306,0.3217060204229871,0.20442670437042176,0.7102848076781958,0.7138451250927985,-5.396159611632471
public_input_complements,high g,1.4,1,0.6849423511938463,1.2,0.8407029346415973,0.32167774039912117,0.20412098462050432,0.7119651056224583,0.7155338455655565,-5.38481160853263
public_input_complements,high g,1.4,1,0.6898872607230374,1.2,0.8402296082260646,0.32173251429482935,0.20471262265076684,0.7140180482160258,0.7175970785766974,-5.37333811382988
public_input_complements,high g,1.4,1,0.6949243528226603,1.2,0.8404685180560271,0.32170473036698954,0.20441369953667043,0.7157444235916374,0.7193321074448905,-5.361756495220764
public_input_complements,high g,1.4,1,0.7000551224273222,1.2,0.8406557090894793,0.3216832220069497,0.20418005044553206,0.7175174744196642,0.7211140457271775,-5.35011979259896
public_input_complements,high g,1.4,1,0.7052810983759861,1.2,0.8404136751939528,0.3217112085370007,0.2044825352459687,0.719524249890633,0.7231308802020548,-5.338366840018871
public_input_complements,high g,1.4,1,0.7106038441612367,1.2,0.8400641943167451,0.32167125618973846,0.2047457190530902,0.7215460627781036,0.7251628274687975,-5.32648996356153
public_input_complements,high g,1.4,1,0.7160249586982449,1.2,0.8407465265469973,0.3216796877588879,0.20408159901220063,0.7232041145917395,0.7268291903017353,-5.314555613484947
public_input_complements,high g,1.4,1,0.7215460771139571,1.2,0.840236541867985,0.3217317159647276,0.20470396461582674,0.7254068842773175,0.7290430014163107,-5.302524196732625
public_input_complements,high g,1.4,1,0.7271688715570458,1.2,0.8403330885095055,0.32172053266633815,0.20458326204978494,0.7273341373759504,0.7309799149113019,-5.290360360996564
public_input_complements,high g,1.4,1,0.7328950520291776,1.2,0.840560075215879,0.32169425990887623,0.2042995261872937,0.7292172668194633,0.7328724835804313,-5.278149391637301
public_input_complements,high g,1.4,1,0.7387263672381705,1.2,0.840111058609672,0.32174624235011723,0.2048608248665814,0.7314639013970267,0.7351303794606782,-5.265837406628853
public_input_complements,high g,1.4,1,0.7446646054736273,1.2,0.8406864798356776,0.3216795766858739,0.20414140580581008,0.7332136914748523,0.7368889403977683,-5.253418245854338
public_input_complements,high g,1.4,1,0.7507115955056528,1.2,0.8405819194071076,0.321691722222997,0.2042722005945658,0.7353305315943724,0.7390163912225437,-5.24095020497656
public_input_complements,high g,1.4,1,0.7568692075072764,1.2,0.8403768449601136,0.32173985944184014,0.2045812514342612,0.73754055629921,0.7412374937223141,-5.228379847657169
public_input_complements,high g,1.4,1,0.7631393540012239,1.2,0.8404089895651159,0.32171172044430685,0.20448832659458693,0.7396133222052481,0.7433206494106929,-5.215729236422784
public_input_complements,high g,1.4,1,0.7695239908317001,1.2,0.8402668999958433,0.3217280504622415,0.2046656890025985,0.7418172211802078,0.7455355954752363,-5.202975730010951
public_input_complements,high g,1.4,1,0.7760251181618615,1.2,0.84007350427232,0.32175059510969106,0.20490778116461272,0.7440707339502297,0.7478004040250252,-5.190147298581406
public_input_complements,high g,1.4,1,0.7826447814976824,1.2,0.8401360145894586,0.3217433583348052,0.20482963941372068,0.7462141438908874,0.7499545578527206,-5.177237719214844
public_input_complements,high g,1.4,1,0.7893850727389358,1.2,0.8399493785293017,0.3217649205621108,0.20506284988485768,0.7485096544567359,0.7522615747131635,-5.164225122529478
public_input_complements,high g,1.4,1,0.7962481312580323,1.2,0.8398617710270697,0.32169409600024423,0.20499747633345794,0.7507115766849706,0.7544745341224979,-5.151135965880294
public_input_complements,high g,1.4,1,0.8032361450074849,1.2,0.8404345987716634,0.32170926824825335,0.20445742064456388,0.7527186349655036,0.7564916528245281,-5.138009272471043
public_input_complements,high g,1.4,1,0.8103513516567865,1.2,0.839855252299102,0.3217758500919123,0.20518058389942861,0.755289231691589,0.7590751347203241,-5.124780998942276
public_input_complements,high g,1.4,1,0.8175960397595149,1.2,0.8403082715975234,0.3217233840274425,0.20461423790175243,0.7573370076041844,0.7611331751523968,-5.111473078449345
public_input_complements,high g,1.4,1,0.8249725499515008,1.2,0.8400980373324424,0.32174774644947574,0.20487709499842519,0.759758933856123,0.7635672413601933,-5.098112184652555
public_input_complements,high g,1.4,1,0.8324832761809209,1.2,0.8395743469060626,0.3218083445499085,0.20553167732173966,0.7623717059832518,0.76619311006211,-5.084631593425543
public_input_complements,high g,1.4,1,0.8401306669712053,1.2,0.8403307647162002,0.321720786434926,0.20458613398324016,0.7643215341484588,0.7681527117816674,-5.071107942343882
public_input_complements,high g,1.4,1,0.8479172267176741,1.2,0.8397561992432134,0.32178730130092836,0.20530437156679193,0.7670089646647321,0.7708536130994618,-5.0575074566249185
public_input_complements,high g,1.4,1,0.8558455170188431,1.2,0.8394990334565327,0.32178657701950264,0.20555997290559302,0.7695239691505381,0.7733812240977143,-5.0437829679564725
public_input_complements,high g,1.4,1,0.8639181580433734,1.2,0.8402365267475125,0.3217322076906235,0.20470504186423422,0.7715723109542791,0.7754398332574738,-5.030078058828955
public_input_complements,high g,1.4,1,0.8721378299336601,1.2,0.8396833425086712,0.32178101969375683,0.20536366002984358,0.7743071482820827,0.7781883790144299,-5.01626157779719
public_input_complements,high g,1.4,1,0.8805072742470966,1.2,0.840046976066831,0.3217536191196879,0.2049408412316951,0.7765885676776284,0.780481234072285,-5.002367939550209
public_input_complements,high g,1.4,1,0.88902929543607,1.2,0.8399046473219913,0.32177014299957324,0.20511886155708697,0.77915772319838,0.7830632675386754,-4.988439591688026
public_input_complements,high g,1.4,1,0.8977067623677852,1.2,0.8397277609051993,0.3217905959224409,0.20533992628727316,0.7817692072133596,0.7856878416717541,-4.974423455510509
public_input_complements,high g,1.4,1,0.9065426098850453,1.2,0.839767335061288,0.3217866853916276,0.20529190538462755,0.7842843115491369,0.788215553020478,-4.960336341159827
public_input_complements,high g,1.4,1,0.9155398404091444,1.2,0.8398578536642253,0.32177550916425746,0.20517724613057087,0.7867921814403593,0.7907359936618429,-4.946199476463148
public_input_complements,high g,1.4,1,0.9247015255860773,1.2,0.8399890108683787,0.3218594388010918,0.20522737694197973,0.7893850852851227,0.7933418944912145,-4.931962980575921
public_input_complements,high g,1.4,1,0.9340308079772923,1.2,0.8398529724793645,0.32177608367908994,0.20518336826746988,0.7919805139277248,0.7959503327740267,-4.917701758120982
public_input_complements,high g,1.4,1,0.9435309027962627,1.2,0.8396475359528673,0.3217998786573101,0.20544020194692247,0.7947237044795592,0.7987072736257235,-4.903389209808877
public_input_complements,high g,1.4,1,0.9532050996921831,1.2,0.8397227833714096,0.3217911334129354,0.20534606480053097,0.7973307867001621,0.8013274239003394,-4.888985932714629
public_input_complements,high g,1.4,1,0.9630567645821445,1.2,0.8399614114724154,0.32176344204594065,0.20504762334681642,0.7998665579814297,0.803875905788049,-4.874545207123399
public_input_complements,high g,1.4,1,0.9730893415331738,1.2,0.8394111083545228,0.3218272580183209,0.20573576896505053,0.8028772468094306,0.8069016857566015,-4.860039570660691
public_input_complements,high g,1.4,1,0.9833063546955787,1.2,0.8398033531356353,0.321781862119216,0.2052454690418712,0.8053694547678207,0.809406385959369,-4.845500583626395
public_input_complements,high g,1.4,1,0.9937114102890687,1.2,0.8396079403791651,0.32180445253126405,0.2054896770883653,0.8082229231853234,0.8122741574468361,-4.830878024329431
public_input_complements,high g,1.4,1,1.0043081986431819,1.2,0.8401508521248313,0.3217415802854485,0.20481096129173743,0.8106695221658232,0.8147330200557602,-4.816204310030219
public_input_complements,high g,1.4,1,1.0151004962935855,1.2,0.839519950941922,0.321814644669249,0.20559968154365577,0.8138237432057642,0.8179030516944591,-4.801511960026714
public_input_complements,high g,1.4,1,1.0260921681358672,1.2,0.8395537938927942,0.321810688373837,0.20555729299469355,0.8166126887033219,0.820705976839499,-4.7867140039782825
public_input_complements,high g,1.4,1,1.037287169638491,1.2,0.8396476535894923,0.321799875956421,0.20544007847637696,0.8193886869894085,0.8234958898749002,-4.771905121633569
public_input_complements,high g,1.4,1,1.0486895491166357,1.2,0.839052896952043,0.32184925643501533,0.20614149694759015,0.8225777036064381,0.8267008915042436,-4.757007605384522
public_input_complements,high g,1.4,1,1.0603034500686892,1.2,0.8400418791339487,0.32185186546868144,0.2051581502784033,0.8249725618382865,0.8291077540129345,-4.742078308368638
public_input_complements,high g,1.4,1,1.0721331135772334,1.2,0.8395978809220745,0.321805638585267,0.20550229842210216,0.8280477889804878,0.8321983957953334,-4.727156891098799
public_input_complements,high g,1.4,1,1.0841828807763967,1.2,0.8392133004920367,0.32185014192418404,0.20598300606420084,0.8312011562777305,0.835367569411931,-4.712143331074137
public_input_complements,high g,1.4,1,1.0964571953875313,1.2,0.8397571183754025,0.32178721414186146,0.20530326417101818,0.833817448942808,0.8379969762985664,-4.697097753855014
public_input_complements,high g,1.4,1,1.1089606063252093,1.2,0.8394275385636132,0.32182529754816325,0.20571510414041955,0.8369844796633802,0.8411798818266879,-4.6820128198603435
public_input_complements,high g,1.4,1,1.1216977703756155,1.2,0.8393445973378271,0.32194793087073054,0.20606293334295095,0.8401306784222672,0.8443418509724816,-4.666837902374057
public_input_complements,high g,1.4,1,1.1346734549494641,1.2,0.8396614064818536,0.32179828636723684,0.20542289207137798,0.842843334201662,0.847068103995555,-4.651666795682292
public_input_complements,high g,1.4,1,1.147892540911644,1.2,0.8390770946655338,0.3218658886870256,0.20615322489844154,0.8462383620343483,0.8504801494760709,-4.636444197973441
public_input_complements,high g,1.4,1,1.1613600254898573,1.2,0.8392360906704611,0.3218474958661799,0.20595450040048735,0.849198484588254,0.8534551097060245,-4.621156229845774
public_input_complements,high g,1.4,1,1.1750810252645967,1.2,0.8395037290837943,0.32181652235047,0.20561995919322085,0.8521122318092401,0.8563834621457347,-4.605911346681898
public_input_complements,high g,1.4,1,1.189060779242872,1.2,0.8387966852091622,0.32189609215671117,0.20649887384933413,0.855655014768198,0.8599440033781748,-4.590560422438989
public_input_complements,high g,1.4,1,1.2033046520181812,1.2,0.8396002985853562,0.32180535923349074,0.20549927735898377,0.8582782530458065,0.862580390692369,-4.575209134735645
public_input_complements,high g,1.4,1,1.217818137019287,1.2,0.8389428201475709,0.32188141600472825,0.20632103842264204,0.8618410796440301,0.8661610760332347,-4.559806982685844
public_input_complements,high g,1.4,1,1.2326068598504607,1.2,0.8395695255390484,0.32180885915810364,0.20553761024245565,0.8646136017236736,0.8689474954376355,-4.544348044465595
public_input_complements,high g,1.4,1,1.247676581725918,1.2,0.8393039912332985,0.3218396159295636,0.205869579174559,0.8679750524342383,0.8723257954900048,-4.528902490633263
public_input_complements,high g,1.4,1,1.2630332030012734,1.2,0.8389143904173573,0.32188471666561236,0.20635659758036545,0.8714399572703827,0.8758080682339161,-4.513381953620433
public_input_complements,high g,1.4,1,1.2786827668049243,1.2,0.8391170802891085,0.32186128652899415,0.20610329861351906,0.8745473772928866,0.8789310642641017,-4.497861795112586
public_input_complements,high g,1.4,1,1.294631462772364,1.2,0.8390989202514456,0.3218633765843348,0.2061259731707175,0.8778188886280548,0.8822189741180793,-4.4823075192767075
public_input_complements,high g,1.4,1,1.31088563088653,1.2,0.8395544446148641,0.3218106469793687,0.20555655286057217,0.8808033497898944,0.8852183949537467,-4.4667285931450245
public_input_complements,high g,1.4,1,1.3274517654273796,1.2,0.8388218648953879,0.32189544359320266,0.20647229326592986,0.8845865321772858,0.8890205406217697,-4.451133186765546
public_input_complements,high g,1.4,1,1.3443365190339982,1.2,0.8390063965989378,0.32187408666899736,0.2062416306060964,0.8877921087844787,0.8922421852485725,-4.435493698012836
public_input_complements,high g,1.4,1,1.3615467068826452,1.2,0.839028279087807,0.3218715516840073,0.2062142725496488,0.8911261322023077,0.8955929205283292,-4.419844309358966
public_input_complements,high g,1.4,1,1.3790893109842512,1.2,0.8387109077290562,0.3219082720172832,0.20661095982827543,0.8947077762969093,0.899192517688666,-4.404134609797008
public_input_complements,high g,1.4,1,1.3969714846049992,1.2,0.8393868505021934,0.32188681379197237,0.20588866728846686,0.8977067781462087,0.9022065520972924,-4.3884182054949
public_input_complements,high g,1.4,1,1.4152005568137338,1.2,0.8387831917075179,0.32189992593795946,0.20652064831847455,0.9014680309973359,0.9059866583067931,-4.372714175861696
public_input_complements,high g,1.4,1,1.4337840371600625,1.2,0.8389745552754495,0.3218777592425028,0.20628140468835648,0.9047755111619373,0.9093107172847119,-4.356959011799924
public_input_complements,high g,1.4,1,1.4527296204871472,1.2,0.8391756276533243,0.32185450882579647,0.20603011141039604,0.9080966783136971,0.9126485318560973,-4.341214943022127
public_input_complements,high g,1.4,1,1.4720451918832933,1.2,0.8388944159736603,0.32188704467826096,0.20638160053138332,0.9117679656071495,0.916338221553689,-4.325461113369032
public_input_complements,high g,1.4,1,1.4917388317766058,1.2,0.8385238402600197,0.3219299055923758,0.20684475581951214,0.9155239943590828,0.9201130774780899,-4.309638632398492
public_input_complements,high g,1.4,1,1.5118188211770927,1.2,0.8388951179140804,0.32188694774728566,0.20638068922005665,0.9187922005407748,0.9233976656114404,-4.293841302424468
public_input_complements,high g,1.4,1,1.5322936470707536,1.2,0.8381826373189796,0.3219694217502491,0.20727131366155843,0.9228310060165258,0.9274567156838858,-4.277979969579238
public_input_complements,high g,1.4,1,1.5531720079703377,1.2,0.8390835621989252,0.3218650947270541,0.20614504241151171,0.9257711528961875,0.9304116001111115,-4.262109429374949
public_input_complements,high g,1.4,1,1.5744628196276003,1.2,0.8389029753980516,0.3218860639273582,0.20637092268504198,0.9294847810740567,0.9341438429276863,-4.246311419458543
public_input_complements,high g,1.4,1,1.5961752209120554,1.2,0.8381402027590635,0.3219743261423561,0.20732434170842573,0.9336310417976074,0.9383108868696023,-4.230421994346992
public_input_complements,high g,1.4,1,1.618318579861377,1.2,0.8391600903102359,0.3218563080882112,0.20604953516030022,0.9365405547093008,0.9412349837754562,-4.214589110027843
public_input_complements,high g,1.4,1,1.6409024999087747,1.2,0.838459155080661,0.3219374190181489,0.20692566999854067,0.9406905922562178,0.9454058234721444,-4.198725012666021
public_input_complements,high g,1.4,1,1.6639368262928396,1.2,0.8387846529361369,0.3218996792403909,0.2065186542231074,0.9441308429817699,0.9488633185262199,-4.182801299769448
public_input_complements,high g,1.4,1,1.6874316526555453,1.2,0.8384205567293538,0.3219418986620166,0.20697394438060215,0.9480866361463652,0.9528389401865682,-4.16691920701998
public_input_complements,high g,1.4,1,1.7113973278342638,1.2,0.838254286987169,0.3219611355775627,0.20718176586036627,0.9519225525540983,0.9566940842053101,-4.150956768763917
public_input_complements,high g,1.4,1,1.7358444628538618,1.2,0.8387841877434287,0.32187162303179423,0.20645851800524684,0.9552422076399625,0.9600303791315382,-4.135055414621695
public_input_complements,high g,1.4,1,1.7607839381251333,1.2,0.838591154833641,0.32192213569712574,0.20676065827215076,0.9591706108677601,0.9639784735624595,-4.119192458990007
public_input_complements,high g,1.4,1,1.7862269108560356,1.2,0.8383740053405062,0.3219022212964004,0.2069347926597187,0.9630567337738853,0.9678840757407137,-4.103277001823102
public_input_complements,high g,1.4,1,1.8121848226824113,1.2,0.8387016952827119,0.3219093214150839,0.20662243897386942,0.9666628813534553,0.9715082992102484,-4.087386908046092
public_input_complements,high g,1.4,1,1.8386694075250942,1.2,0.838405783338081,0.32194358955230634,0.20699237009490065,0.9707004841349669,0.9755661405599242,-4.071471568989411
public_input_complements,high g,1.4,1,1.8656926996805347,1.2,0.8384270219207742,0.32194110303280393,0.20696576063008243,0.9745232375814876,0.979408055637836,-4.055541590409195
public_input_complements,high g,1.4,1,1.8932670421523103,1.2,0.8381863302878452,0.3219689926318796,0.20726669379701484,0.978563028520339,0.983468096113036,-4.0396111284476754
public_input_complements,high g,1.4,1,1.921405095231136,1.2,0.8378930219198337,0.3220029585350266,0.20763336851582362,0.9826643595627943,0.9875899851628926,-4.023678340550342
public_input_complements,high g,1.4,1,1.9501198453312445,1.2,0.83851033361218,0.3219315039218205,0.20686171485895238,0.9860960257652206,0.9910388526637414,-4.00778921633186
public_input_complements,high g,1.4,1,1.979424614091259,1.2,0.8387032974444615,0.3219091575064519,0.2066204827694746,0.9898663413266604,0.9948280670105794,-3.991914963505654
public_input_complements,high g,1.4,1,2.009333067747975,1.2,0.8385980937957,0.3219218432349586,0.2067530875918104,0.9938849117798708,0.9988667806320115,-3.976026805716853
public_input_complements,high g,1.4,1,2.0398592267917226,1.2,0.8383034704568898,0.32195544699739265,0.20712029505747828,0.9980692373968967,1.0030720802684752,-3.9601317826362807
public_input_complements,high g,1.4,1,2.071017475912293,1.2,0.8380874509705083,0.32198045528204533,0.2073903324387097,1.002214752802953,1.0072383751569773,-3.944248380108537
public_input_complements,high g,1.4,1,2.1028225742447084,1.2,0.8382531253313676,0.3219612739030062,0.20718322629912575,1.0060831285704213,1.0111261412386723,-3.928358563506868
public_input_complements,high g,1.4,1,2.135289665924415,1.2,0.8381071610959843,0.32197814848245476,0.20736563962611815,1.0102141023992712,1.0152778216600085,-3.912493022142486
public_input_complements,high g,1.4,1,2.168434290961828,1.2,0.837805116776063,0.322013119688045,0.20774322175011434,1.014488520966649,1.0195736658396173,-3.8966247775539604
public_input_complements,high g,1.4,1,2.2022723964464688,1.2,0.8386553644253745,0.32191469194989836,0.20668037018640592,1.0178688487106156,1.022970937546912,-3.8808024857088466
public_input_complements,high g,1.4,1,2.23682034809129,1.2,0.8379403114037008,0.32199747692719805,0.20757423875904676,1.0225117657046545,1.0276371272592322,-3.86498627739191
public_input_complements,high g,1.4,1,2.2720949421281498,1.2,0.8383459687034528,0.3219510360004228,0.20706826905746045,1.026279403906132,1.0314236508257855,-3.849161600462936
public_input_complements,high g,1.4,1,2.308113417565749,1.2,0.8379915718327586,0.3219915487204788,0.20751017340347572,1.0306747483242575,1.0358410269994909,-3.833377839748072
public_input_complements,high g,1.4,1,2.344893468821764,1.2,0.8377874333681873,0.3220151542068786,0.20776529971867044,1.0349698869913062,1.0401576951387022,-3.8175337924357384
public_input_complements,high g,1.4,1,2.382453258741261,1.2,0.8387767425898442,0.32190060882491695,0.2065285724719763,1.0383095436386784,1.0435140918846824,-3.8017512864205716
public_input_complements,high g,1.4,1,2.4208114320139376,1.2,0.8379847236432115,0.32199233727867216,0.2075187248787204,1.0431231540857415,1.0483518306545205,-3.7860398662355434
public_input_complements,high g,1.4,1,2.4599871290031343,1.2,0.8377710363256167,0.3220170460301383,0.20778578309948215,1.0474830005248945,1.0527335309148935,-3.7702618577596385
public_input_complements,high g,1.4,1,2.5,1.2,0.8384613448337427,0.32193718376173,0.20692297209159402,1.0511117039840576,1.0563804233258385,-3.75458865482897
public_input_complements,high g,1.4,2,0.5,1.2,0.7174581127226652,0.3437534288863977,0.4121746639916849,0.7241494509298977,0.7277792651580076,-6.380574887020817
public_input_complements,high g,1.4,2,0.5000203210855501,1.2,0.7174538166634782,0.34375388795808587,0.4121800012254607,0.7241623944183567,0.7277922735259725,-6.38035400626242
public_input_complements,high g,1.4,2,0.5000812892976928,1.2,0.717440996487686,0.34375529949659933,0.41219602277060113,0.7242012232700887,0.7278312970081339,-6.379691352364569
public_input_complements,high g,1.4,2,0.5001829195049198,1.2,0.7174195939487191,0.34375766183269685,0.4122227830878375,0.724265950560963,0.7278963487459038,-6.378586890460257
public_input_complements,high g,1.4,2,0.5003252364947652,1.2,0.7173896396355877,0.3437609722654894,0.41226024546254236,0.7243565728779979,0.7279874253091931,-6.377040562450784
public_input_complements,high g,1.4,2,0.5005082749838822,1.2,0.7173510916498705,0.3437652139520492,0.4123084135933769,0.7244730979548644,0.7281045344704381,-6.375052287009816
public_input_complements,high g,1.4,2,0.500732079632158,1.2,0.7173040116968351,0.3437704320193814,0.41236732812312205,0.7246155345349284,0.7282476850168309,-6.3726219595980655
public_input_complements,high g,1.4,2,0.5009967050608752,1.2,0.7172483393472311,0.3437765453477907,0.41243686550155817,0.7247838759813787,0.7284168702782929,-6.369749452491618
public_input_complements,high g,1.4,2,0.5013022158749305,1.2,0.7171840753115369,0.34378365253749354,0.4125172486434986,0.7249781632382707,0.7286121314041129,-6.366434614780346
public_input_complements,high g,1.4,2,0.5016486866891229,1.2,0.7171112937640576,0.3437916735004425,0.41260822173494605,0.7251983661797865,0.7288334381174664,-6.362677272434148
public_input_complements,high g,1.4,2,0.502036202158526,1.2,0.7170300179171011,0.3438006469302166,0.41270984932063015,0.7254445046625577,0.7290808103745168,-6.358477228296197
public_input_complements,high g,1.4,2,0.502464857012963,1.2,0.7169401851782873,0.3438105341332369,0.4128221062358941,0.7257165918190536,0.72935426137356,-6.353834262137905
public_input_complements,high g,1.4,2,0.5029347560956027,1.2,0.7168417778002105,0.34382139231525144,0.41294513997077975,0.7260146644160718,0.7296538280656883,-6.348748130685967
public_input_complements,high g,1.4,2,0.5034460144056994,1.2,0.7167700526959891,0.3438289569074013,0.41303402156999713,0.7263303708331857,0.7299711169678036,-6.343218593394965
public_input_complements,high g,1.4,2,0.5039987571454999,1.2,0.7166543352877609,0.34384200207573173,0.4131793254199988,0.7266805726488377,0.7303230741773616,-6.337246531680451
public_input_complements,high g,1.4,2,0.5045931197713469,1.2,0.7165287014597648,0.34385799283525287,0.4133412262905889,0.7270577193740381,0.730702111358389,-6.3308305279707895
public_input_complements,high g,1.4,2,0.5052292480490046,1.2,0.7172188321146395,0.3437800768949634,0.4124743822831376,0.7272664337621386,0.7309118719317136,-6.323986117936761
public_input_complements,high g,1.4,2,0.5059072981132409,1.2,0.7170780545913711,0.3437952720252718,0.41264962236194536,0.7276943534489092,0.7313419365748403,-6.316716161832398
public_input_complements,high g,1.4,2,0.5066274365316988,1.2,0.717297744215496,0.3437709651397456,0.41237480472144705,0.7280617481954047,0.7317111728951662,-6.309011127802007
public_input_complements,high g,1.4,2,0.507389840373095,1.2,0.7175803838875519,0.3437955742593474,0.41214797853264834,0.7284565213893623,0.7321079248979931,-6.300874165611964
public_input_complements,high g,1.4,2,0.5081946972797818,1.2,0.7174582649623931,0.34375339186205967,0.4121744277807582,0.7289341565723844,0.7325879542373334,-6.292316915190817
public_input_complements,high g,1.4,2,0.5090422055447187,1.2,0.7172835436515562,0.34377263314773604,0.41239278832750925,0.7294665009088971,0.7331229669609373,-6.283317952510604
public_input_complements,high g,1.4,2,0.5099325741928927,1.2,0.7172034653951224,0.3437814682520667,0.4124929046005651,0.7300007057872987,0.733659849552435,-6.273878676638809
public_input_complements,high g,1.4,2,0.5108660230672385,1.2,0.7170116811718033,0.34380267000790055,0.41273277440611533,0.7305854525802019,0.7342475274008351,-6.264000373501245
public_input_complements,high g,1.4,2,0.5118427829191048,1.2,0.7168114818057689,0.3438247141891937,0.41298296997532247,0.7311963843450395,0.7348615214738878,-6.2536789358218545
public_input_complements,high g,1.4,2,0.5128630955033207,1.2,0.7166027800561721,0.34384770209705146,0.4132438082999408,0.7318335841767732,0.7355019152830696,-6.242913832724865
public_input_complements,high g,1.4,2,0.5139272136779165,1.2,0.7163855722332049,0.34387164954275384,0.4135153289297608,0.7324970918421471,0.7361687487944565,-6.231704512156144
public_input_complements,high g,1.4,2,0.5150354015085564,1.2,0.7173619782570763,0.34376736661491614,0.4123024092255537,0.7329032658919242,0.7365769588001307,-6.220076408602118
public_input_complements,high g,1.4,2,0.5161879343777439,1.2,0.7171672247616717,0.3437854060353096,0.41253807612641047,0.7336087902961691,0.7372860196601686,-6.208062755951633
public_input_complements,high g,1.4,2,0.5173850990988615,1.2,0.716924994903164,0.34381215804587,0.41284097954486937,0.734351110061688,0.7380320603189965,-6.195607853402334
public_input_complements,high g,1.4,2,0.5186271940351138,1.2,0.7171245619039817,0.3438388043851945,0.4127018464416397,0.7350287999186081,0.7387131471104608,-6.182711290204322
public_input_complements,high g,1.4,2,0.5199145292234401,1.2,0.7169031216903019,0.3438145715483442,0.41286832658134287,0.735798869717479,0.7394870769002616,-6.169406716993658
public_input_complements,high g,1.4,2,0.5212474265034702,1.2,0.7166358601287088,0.34384404366558474,0.4132024309048374,0.7366204203975513,0.7403127456202547,-6.155658804548969
public_input_complements,high g,1.4,2,0.5226262196515982,1.2,0.7164662546309053,0.34386269899527894,0.4134143466903874,0.7374431834616645,0.7411396328013893,-6.141470469391933
public_input_complements,high g,1.4,2,0.5240512545202515,1.2,0.7165603406833749,0.3438523412794209,0.4132967693383518,0.7382274662398984,0.7419278468134087,-6.126869582839073
public_input_complements,high g,1.4,2,0.5255228891824385,1.2,0.7171087835464285,0.343792105319701,0.4126117113186536,0.7389273016339265,0.7426311901469476,-6.111854280132924
public_input_complements,high g,1.4,2,0.5270414940816569,1.2,0.7168085590534162,0.3438249864699506,0.41298651026043187,0.7398547786020555,0.743563316112726,-6.096444995394341
public_input_complements,high g,1.4,2,0.5286074521872524,1.2,0.7165372747076661,0.34385493617104823,0.4133257205282712,0.7408000869391588,0.7445133628275875,-6.080592607907189
public_input_complements,high g,1.4,2,0.5302211591553182,1.2,0.7166261895918808,0.34395655722960183,0.4134672822048562,0.7417206461117554,0.7454385363222391,-6.064299561215876
public_input_complements,high g,1.4,2,0.5318830234952302,1.2,0.7167705964903464,0.343828603506949,0.413032676263414,0.7425777167719002,0.7462999030669459,-6.047612157241611
public_input_complements,high g,1.4,2,0.5335934667419154,1.2,0.7164366851162292,0.3438659838448831,0.4134513662439658,0.7436124312845279,0.7473398041076516,-6.030514576053664
public_input_complements,high g,1.4,2,0.5353529236339561,1.2,0.7161333746760278,0.3438987963482348,0.4138290954417688,0.7446642342676303,0.7483968792751468,-6.0129733366976295
public_input_complements,high g,1.4,2,0.537161842297634,1.2,0.7167029240101815,0.3438366200997677,0.4131185303760917,0.7455299166675813,0.749266900926185,-5.9950760579724705
public_input_complements,high g,1.4,2,0.5390206844370244,1.2,0.7163448676330793,0.3438761520689209,0.41356624525923347,0.7466448766884398,0.7503874497074057,-5.976744838985949
public_input_complements,high g,1.4,2,0.5409299255302531,1.2,0.7163665025584046,0.34387346731733753,0.41353852131731694,0.7476924301214894,0.7514402540238897,-5.957975566752195
public_input_complements,high g,1.4,2,0.5428900550320312,1.2,0.7165280040972575,0.34385576882459895,0.41333687959693305,0.7487308108229423,0.7524838396302685,-5.938811842422057
public_input_complements,high g,1.4,2,0.5449015765825912,1.2,0.7161455137562799,0.34389804378273164,0.41381524954295557,0.7499267562293243,0.7536857797379468,-5.919249324919928
public_input_complements,high g,1.4,2,0.5469650082231464,1.2,0.7166134111318017,0.3438466799516804,0.41323085899860956,0.7509398782775206,0.7547039800815429,-5.899268966553109
public_input_complements,high g,1.4,2,0.5490808826180046,1.2,0.7162151534740182,0.34389037185010474,0.4137282098820194,0.752189777479133,0.7559601444289754,-5.878917461004108
public_input_complements,high g,1.4,2,0.5512497472834679,1.2,0.7163104581123885,0.343879873107914,0.4136090940963606,0.7533438138640007,0.7571199654452947,-5.85815871068843
public_input_complements,high g,1.4,2,0.5534721648236569,1.2,0.715897146147502,0.3439254726408779,0.4141258258020092,0.7546480158341725,0.758430704755047,-5.836978735265534
public_input_complements,high g,1.4,2,0.5557487131734017,1.2,0.7159754972328571,0.34391667623012656,0.4140275244570699,0.755856353614199,0.7596450993534011,-5.815374428918048
public_input_complements,high g,1.4,2,0.5580799858483445,1.2,0.7164526922459503,0.34386443128003696,0.4134318378971734,0.7569911955689115,0.7607856297270836,-5.79338939968256
public_input_complements,high g,1.4,2,0.5604665922024078,1.2,0.716412771157208,0.34386845185221654,0.4134808776436193,0.7582786331479726,0.762079520613865,-5.771067910223591
public_input_complements,high g,1.4,2,0.5629091576927818,1.2,0.7159663345894858,0.34391780237749225,0.41403924120266655,0.7596925388325473,0.7635005135301769,-5.748340580257066
public_input_complements,high g,1.4,2,0.5654083241525933,1.2,0.7156224204301646,0.3439557360172008,0.4144691888568469,0.7611065559856253,0.7649216184737303,-5.725178042824382
public_input_complements,high g,1.4,2,0.5679647500714233,1.2,0.7152182203239736,0.343926293853279,0.4148066141352634,0.7625356762322754,0.7663579022154271,-5.70157515806409
public_input_complements,high g,1.4,2,0.5705791108838415,1.2,0.7164776087500724,0.34386114372954374,0.4133994652285329,0.7636254828557703,0.7674531715173551,-5.677665418047058
public_input_complements,high g,1.4,2,0.5732520992661372,1.2,0.7160410519037084,0.34390964745923,0.4139460285338252,0.7651393338444729,0.7689746107157165,-5.653423950717787
public_input_complements,high g,1.4,2,0.5759844254414287,1.2,0.7155550858086935,0.34396315251199855,0.4145533440885193,0.7666913315889702,0.7705343878812819,-5.628741429031326
public_input_complements,high g,1.4,2,0.578776817493336,1.2,0.7151317492517922,0.3440097845998354,0.4150824422206346,0.7682535575869434,0.772104444569657,-5.603615055346578
public_input_complements,high g,1.4,2,0.5816300216884137,1.2,0.7159614432450186,0.34392268118641084,0.41405519768576127,0.7695268631583835,0.7733841326118344,-5.578103623233979
public_input_complements,high g,1.4,2,0.5845448028075416,1.2,0.7159697703963377,0.3439173661881034,0.41403481611828097,0.7710296598376642,0.7748944620908175,-5.552358022803341
public_input_complements,high g,1.4,2,0.5875219444864789,1.2,0.7154531732102947,0.34397437283472604,0.41468070437886406,0.7726930750635793,0.7765662152202503,-5.526181256943564
public_input_complements,high g,1.4,2,0.5905622495657936,1.2,0.7153296048719451,0.3440578336279637,0.41499356179627656,0.7743073218119789,0.7781885534141485,-5.499565141454196
public_input_complements,high g,1.4,2,0.5936665404503856,1.2,0.7148509161603347,0.34404073086311576,0.415433461437212,0.7759888146469954,0.7798784747670755,-5.4725682390891
public_input_complements,high g,1.4,2,0.5968356594788269,1.2,0.7157942405275056,0.3439365633784223,0.41425388521475626,0.7773572433615219,0.7812537627590781,-5.445282719201456
public_input_complements,high g,1.4,2,0.600070469302753,1.2,0.7152904184089309,0.34399231969427446,0.4148841626576837,0.7791220694824863,0.783027435107787,-5.417638653720736
public_input_complements,high g,1.4,2,0.6033718532765401,1.2,0.7151540006232231,0.34400730245046324,0.41505456133442764,0.780818718841638,0.7847325889572426,-5.38958529685839
public_input_complements,high g,1.4,2,0.6067407158575169,1.2,0.7146354789786187,0.34406448007673723,0.41570276183542143,0.7826401724204767,0.7865631726101395,-5.361123069166412
public_input_complements,high g,1.4,2,0.6101779830169621,1.2,0.7149676436351571,0.34403025770411333,0.41529298083777205,0.7842690384075507,0.788200203321951,-5.332362047336674
public_input_complements,high g,1.4,2,0.6136846026621482,1.2,0.7154078482884989,0.34397916885470803,0.414736906673979,0.7858934879990385,0.7898327955009011,-5.303260016506273
public_input_complements,high g,1.4,2,0.6172615450697004,1.2,0.714867806337992,0.3440388902062327,0.41541239664974394,0.7877999161699394,0.7917487796827756,-5.27379722616105
public_input_complements,high g,1.4,2,0.6209098033305457,1.2,0.7151897573080304,0.3440036282077166,0.41501047146707104,0.7895079759360794,0.7934654011341226,-5.243913008162843
public_input_complements,high g,1.4,2,0.6246303938067362,1.2,0.714635748669716,0.34406445886367915,0.4157024440331084,0.7914712985115328,0.7954385649049391,-5.2137246650506315
public_input_complements,high g,1.4,2,0.6284243566004422,1.2,0.7150547889049002,0.34401820035770486,0.4151784895063743,0.7932059017089537,0.7971818628370699,-5.183228548095526
public_input_complements,high g,1.4,2,0.6322927560354111,1.2,0.7144403536792576,0.3440859726254971,0.41594663223536976,0.7952388853479998,0.7992250368490136,-5.15234267059272
public_input_complements,high g,1.4,2,0.6362366811512086,1.2,0.714787398716075,0.3440476882862253,0.415512758317084,0.7970447849340454,0.8010399885444043,-5.121091531980657
public_input_complements,high g,1.4,2,0.6402572462105554,1.2,0.7145928587382344,0.3440691535825556,0.41575598158700183,0.7990203631421108,0.8030254693794467,-5.089552210080859
public_input_complements,high g,1.4,2,0.6443555912200942,1.2,0.7144872068104644,0.3440807959526332,0.4158880384101078,0.8009990824484436,0.8050141070575777,-5.057648983895312
public_input_complements,high g,1.4,2,0.6485328824649206,1.2,0.7139616989581282,0.3441410945198794,0.4165503034129582,0.8031175633236888,0.8071432068624003,-5.025364158779013
public_input_complements,high g,1.4,2,0.652790313057229,1.2,0.7146828957236511,0.3440591650784297,0.41564329067422756,0.8049276194199664,0.808962335902617,-4.992845513733134
public_input_complements,high g,1.4,2,0.6571291034994325,1.2,0.7140729614461891,0.3441264809754228,0.4164058974060698,0.8071221122003585,0.8111678286238465,-4.959940541760488
public_input_complements,high g,1.4,2,0.6615505022621248,1.2,0.7139450324467339,0.34414053144619655,0.4165656928732401,0.8092142380972869,0.813270441345474,-4.926670891439612
public_input_complements,high g,1.4,2,0.6660557863772645,1.2,0.7147309760017341,0.3440538729624215,0.41558320787703795,0.8110857553679157,0.8151513396354606,-4.893128703804869
public_input_complements,high g,1.4,2,0.6706462620469753,1.2,0.7141009079651885,0.34412339165701045,0.4163709443129111,0.8133677980830245,0.8174448211372809,-4.859299623503859
public_input_complements,high g,1.4,2,0.6753232652683625,1.2,0.713415911558019,0.3441988897246954,0.4172271703375902,0.8156926526386805,0.8197813290748921,-4.825029333167791
public_input_complements,high g,1.4,2,0.6800881624747613,1.2,0.7145904486142685,0.34422550881159025,0.41611300537041834,0.8175960583823904,0.8216942756795962,-4.790495088449655
public_input_complements,high g,1.4,2,0.6849423511938463,1.2,0.7140864214585915,0.3441250297116823,0.4163891459275041,0.8198670481944229,0.823976648875433,-4.755748326977479
public_input_complements,high g,1.4,2,0.6898872607230374,1.2,0.7134291723543092,0.344197406838395,0.41721054635517063,0.8222673697477841,0.8263890020906497,-4.72057257025333
public_input_complements,high g,1.4,2,0.6949243528226603,1.2,0.7137123053890234,0.34416599443240714,0.41685616998367603,0.8244359241493425,0.8285684264163807,-4.685071160468631
public_input_complements,high g,1.4,2,0.7000551224273222,1.2,0.7139546658226972,0.34413942921277796,0.4165535596318835,0.8266424655567627,0.8307860281586328,-4.6493734687194115
public_input_complements,high g,1.4,2,0.7052810983759861,1.2,0.7133520704493403,0.3442083363681965,0.4173124364337293,0.8291122442138977,0.8332681866328047,-4.613308744160266
public_input_complements,high g,1.4,2,0.7106038441612367,1.2,0.7130779950315157,0.34423614317833556,0.41764957769694944,0.8315166955028965,0.8356846902840451,-4.5769067459584
public_input_complements,high g,1.4,2,0.7160249586982449,1.2,0.7139080382757733,0.34414453890798524,0.4166117759675373,0.8336398549747939,0.837818492137083,-4.540260492688893
public_input_complements,high g,1.4,2,0.7215460771139571,1.2,0.7136244164009682,0.34417571065577607,0.4169660953663321,0.8361027242802864,0.8402937066263434,-4.503333976872074
public_input_complements,high g,1.4,2,0.7271688715570458,1.2,0.7129996132245384,0.344244701631779,0.41774737007633633,0.8386902517859353,0.8428942041675886,-4.466068666566038
public_input_complements,high g,1.4,2,0.7328950520291776,1.2,0.7137729627852613,0.34415976399161236,0.41678138194771563,0.8409093707751073,0.8451244465369833,-4.428480513047814
public_input_complements,high g,1.4,2,0.7387263672381705,1.2,0.7134756936469474,0.3441922416066807,0.4171523103170046,0.8434596580650929,0.8476875171952075,-4.390726531566722
public_input_complements,high g,1.4,2,0.7446646054736273,1.2,0.7127531878014214,0.3442744248167183,0.4180612076828959,0.8461610631922494,0.8504024631719135,-4.352612600905767
public_input_complements,high g,1.4,2,0.7507115955056528,1.2,0.7130410441946419,0.3442401267261771,0.41769556322032775,0.8485992740031639,0.8528528955653775,-4.314147186421752
public_input_complements,high g,1.4,2,0.7568692075072764,1.2,0.7133420438557551,0.3442069335699436,0.41731928148087716,0.8510616617705031,0.8553276261027644,-4.275561948842673
public_input_complements,high g,1.4,2,0.7631393540012239,1.2,0.7125508905992843,0.34429419652186977,0.41830834711231635,0.8538678187464198,0.8581478489990575,-4.23662622975665
public_input_complements,high g,1.4,2,0.7695239908317001,1.2,0.7128793995504481,0.3442575414970092,0.4178967045647688,0.856377583419184,0.8606701939195963,-4.197320408666423
public_input_complements,high g,1.4,2,0.7760251181618615,1.2,0.713119715285822,0.34423147841277785,0.4175972777543584,0.858940476693819,0.8632459337502307,-4.157918796480358
public_input_complements,high g,1.4,2,0.7826447814976824,1.2,0.7123642061360292,0.3443146881383167,0.4185415065616732,0.8618228525436781,0.8661427575691619,-4.118180156815218
public_input_complements,high g,1.4,2,0.7893850727389358,1.2,0.7130371449585344,0.34424020514498344,0.4176996403102882,0.8643138979578662,0.8686462894004504,-4.078101910745727
public_input_complements,high g,1.4,2,0.7962481312580323,1.2,0.7128620895327742,0.3442594077370805,0.4179182472149246,0.867082433125871,0.8714287019087346,-4.037877247364314
public_input_complements,high g,1.4,2,0.8032361450074849,1.2,0.712090205316477,0.344344942774379,0.41888412489581467,0.870057061079139,0.8744182402466675,-3.9973643577605302
public_input_complements,high g,1.4,2,0.8103513516567865,1.2,0.7127594973117481,0.3442707522432129,0.4180465687758588,0.8726312123540909,0.8770052945085802,-3.95655277926299
public_input_complements,high g,1.4,2,0.8175960397595149,1.2,0.7120525673576458,0.3443490787897029,0.41893114333740045,0.8756447700536144,0.8800339577289337,-3.915549824845477
public_input_complements,high g,1.4,2,0.8249725499515008,1.2,0.7122645916416402,0.3443365966950552,0.41869080966274497,0.8784160373311914,0.8828191160415464,-3.874256575174889
public_input_complements,high g,1.4,2,0.8324832761809209,1.2,0.7125050554560068,0.3442991864038024,0.41836549930781713,0.8811972743436028,0.8856142940624975,-3.832747200136468
public_input_complements,high g,1.4,2,0.8401306669712053,1.2,0.7116485289576265,0.3443936349642377,0.4194362351412647,0.8843439505364499,0.888776743035399,-3.7910012100335035
public_input_complements,high g,1.4,2,0.8479172267176741,1.2,0.7119949023358948,0.34435527490704876,0.419002861153292,0.8871542822011927,0.8916011615462333,-3.7489815171509036
public_input_complements,high g,1.4,2,0.8558455170188431,1.2,0.7121646156808596,0.34433668385412214,0.4187909833002894,0.8900462378138475,0.894507613146721,-3.7067723360566966
public_input_complements,high g,1.4,2,0.8639181580433734,1.2,0.7112910973622133,0.3444330127966675,0.4198829756606286,0.8932871849427001,0.8977648055906611,-3.6643007881573153
public_input_complements,high g,1.4,2,0.8721378299336601,1.2,0.7116314933806593,0.3443954739518795,0.4194574415422034,0.8961838475793202,0.90067598780917,-3.621593265073373
public_input_complements,high g,1.4,2,0.8805072742470966,1.2,0.7117926255112623,0.34437764857484693,0.4192558814564907,0.8991636286650038,0.9036707051097019,-3.578705756509982
public_input_complements,high g,1.4,2,0.88902929543607,1.2,0.7114672587800039,0.34441354769572186,0.41966266739389324,0.9023233443051625,0.9068462588904167,-3.5355728231293626
public_input_complements,high g,1.4,2,0.8977067623677852,1.2,0.7111596811280234,0.3444474237389129,0.42004707591183105,0.9055069332859075,0.9100458056773354,-3.4921697900634197
public_input_complements,high g,1.4,2,0.9065426098850453,1.2,0.7114506821360052,0.344415319705707,0.41968326295653835,0.9085316316531332,0.9130856654082202,-3.448637266005096
public_input_complements,high g,1.4,2,0.9155398404091444,1.2,0.7110568734136584,0.34445876657580404,0.42017560918026536,0.911800741264351,0.916371161499556,-3.404884769575143
public_input_complements,high g,1.4,2,0.9247015255860773,1.2,0.710797649643908,0.3444873777554164,0.4204997231053763,0.9150569090114139,0.9196436508553728,-3.3608000440398547
public_input_complements,high g,1.4,2,0.9340308079772923,1.2,0.7115425689475978,0.34440567920025533,0.41956951147858135,0.9180221692477204,0.9226237745204672,-3.316669387107142
public_input_complements,high g,1.4,2,0.9435309027962627,1.2,0.710680449343138,0.3445002660861342,0.42064615414021445,0.9215291288868316,0.9261483128679227,-3.272302509262753
public_input_complements,high g,1.4,2,0.9532050996921831,1.2,0.7112563094844502,0.3446556917306429,0.42042279936064814,0.9247015478707593,0.929336633668182,-3.227574708134463
public_input_complements,high g,1.4,2,0.9630567645821445,1.2,0.7110971553343008,0.3444543098142355,0.42012521932438535,0.9279443318477276,0.9325956721674774,-3.1829094596035423
public_input_complements,high g,1.4,2,0.9730893415331738,1.2,0.7102193126660837,0.34455110926961874,0.42122260315741167,0.9315475828183699,0.9362169845087718,-3.1379218285305166
public_input_complements,high g,1.4,2,0.9833063546955787,1.2,0.7114906919474169,0.3444108972675875,0.4196332230554718,0.9344796181335077,0.939163716712087,-3.0926280845534118
public_input_complements,high g,1.4,2,0.9937114102890687,1.2,0.7106064974451622,0.34450843514643514,0.4207386334669527,0.9381452239579784,0.9428476964622153,-3.0474141467366307
public_input_complements,high g,1.4,2,1.0043081986431819,1.2,0.7097351375724803,0.34460444501197723,0.421827743714684,0.9418377672992391,0.9465587487539983,-3.0018185036437735
public_input_complements,high g,1.4,2,1.0151004962935855,1.2,0.7110731576713927,0.34445725977555647,0.42015590749956955,0.9448295069139913,0.9495654845259753,-2.9560613803916516
public_input_complements,high g,1.4,2,1.0260921681358672,1.2,0.7101129617934071,0.34456280717620336,0.4213554848822222,0.9486118962907605,0.9533668332083938,-2.910264689778424
public_input_complements,high g,1.4,2,1.037287169638491,1.2,0.709826956993458,0.34459416134479515,0.4217126009365376,0.9522003674508122,0.9569732916549888,-2.864107690134845
public_input_complements,high g,1.4,2,1.0486895491166357,1.2,0.710572229363039,0.344512608186097,0.42078236600302893,0.955471935224058,0.9602612582299409,-2.8179042347701584
public_input_complements,high g,1.4,2,1.0603034500686892,1.2,0.7096601167693454,0.3446126854200651,0.42192145376336254,0.9593303694233357,0.9641390329111271,-2.771543770473921
public_input_complements,high g,1.4,2,1.0721331135772334,1.2,0.7093040661884595,0.34465475070496726,0.42237290841040614,0.9630331964923687,0.9678604204780825,-2.724905491632562
public_input_complements,high g,1.4,2,1.0841828807763967,1.2,0.7100519458433364,0.34456998134356287,0.4214327718438643,0.9663868295348573,0.9712308636761513,-2.678237112330564
public_input_complements,high g,1.4,2,1.0964571953875313,1.2,0.7096748602160731,0.3446109019689304,0.4219026654494612,0.9701539901720234,0.9750169072845918,-2.6313720001432515
public_input_complements,high g,1.4,2,1.1089606063252093,1.2,0.7098875250379348,0.3445871255028793,0.4216360756025954,0.9737480018647493,0.9786289340358966,-2.5843121243894536
public_input_complements,high g,1.4,2,1.1216977703756155,1.2,0.7095778477095066,0.34462153196554535,0.4220237867883502,0.9775518835679741,0.9824518827755053,-2.537158560023189
public_input_complements,high g,1.4,2,1.1346734549494641,1.2,0.7091286579498062,0.3446712446315339,0.42258572487451285,0.981434451740644,0.9863539124021289,-2.4898568071641654
public_input_complements,high g,1.4,2,1.147892540911644,1.2,0.7094028163495936,0.3446409327897234,0.4222428192174992,0.9850940539153755,0.9900318584090982,-2.442380901522796
public_input_complements,high g,1.4,2,1.1613600254898573,1.2,0.7095807243669259,0.3446212182903201,0.4220201987155203,0.9888155300786229,0.9937719885492416,-2.3947730997391012
public_input_complements,high g,1.4,2,1.1750810252645967,1.2,0.7086322187930819,0.3447260131254639,0.4232063789754702,0.9929644583552958,0.9979417134154457,-2.3470422207280035
public_input_complements,high g,1.4,2,1.189060779242872,1.2,0.7087536031319007,0.34471508796579275,0.4230602163745173,0.9967662539703269,1.0017625656103002,-2.299182323435175
public_input_complements,high g,1.4,2,1.2033046520181812,1.2,0.7090819701490362,0.3446763586968715,0.4226440113754685,1.000520072428426,1.005535200161723,-2.251199450754837
public_input_complements,high g,1.4,2,1.217818137019287,1.2,0.7092070525110182,0.3446625522227772,0.42248761593024053,1.0043759516404365,1.0094104070487149,-2.203040259162465
public_input_complements,high g,1.4,2,1.2326068598504607,1.2,0.7087453666397439,0.3447134596830293,0.4230647599213666,1.0084726401059494,1.0135276302506158,-2.1548386781810436
public_input_complements,high g,1.4,2,1.247676581725918,1.2,0.7085043681314485,0.34474000202035915,0.4233659564507261,1.0125197541235973,1.0175950305116974,-2.106485074280597
public_input_complements,high g,1.4,2,1.2630332030012734,1.2,0.7086268951556555,0.34472645368498306,0.4232127018018862,1.0164639232971502,1.0215589699155059,-2.0579878955761703
public_input_complements,high g,1.4,2,1.2786827668049243,1.2,0.7082284555495373,0.34477047506991254,0.42371098190902456,1.0206279784234662,1.0257438974550022,-2.0094573771648534
public_input_complements,high g,1.4,2,1.294631462772364,1.2,0.7079100760017524,0.3448080906642656,0.42411467362480215,1.0247941188663516,1.029930920763761,-1.96070691981442
public_input_complements,high g,1.4,2,1.31088563088653,1.2,0.7086847003573752,0.3447200266813486,0.4231403201559235,1.0285820427977113,1.03373783174284,-1.9119525014220398
public_input_complements,high g,1.4,2,1.3274517654273796,1.2,0.7076328871868958,0.3448361273290455,0.4244554495953797,1.0330788748949036,1.038257204304721,-1.8630746317948286
public_input_complements,high g,1.4,2,1.3443365190339982,1.2,0.7074010588584628,0.34483453336973113,0.4246836628240874,1.0372869449255135,1.042486367374137,-1.813960576216526
public_input_complements,high g,1.4,2,1.3615467068826452,1.2,0.7080898447656366,0.3447857529891576,0.4238842430137729,1.0412056438194865,1.046424708828058,-1.7650238134496559
public_input_complements,high g,1.4,2,1.3790893109842512,1.2,0.7070962340732186,0.3448977687879073,0.42513190553775526,1.045775335653358,1.0510173063375674,-1.7157806012466916
public_input_complements,high g,1.4,2,1.3969714846049992,1.2,0.7085527767581821,0.3447352130713965,0.4233066864877453,1.049441311490944,1.0547016579555095,-1.666471515613849
public_input_complements,high g,1.4,2,1.4152005568137338,1.2,0.7074880112605606,0.3448520423706494,0.42463642083607217,1.0540977676766579,1.0593814547249853,-1.6172439257595563
public_input_complements,high g,1.4,2,1.4337840371600625,1.2,0.7064854939564481,0.3449652731450729,0.4258957455365774,1.058764214076849,1.0640712917850965,-1.5676753972128563
public_input_complements,high g,1.4,2,1.4527296204871472,1.2,0.7079541893104115,0.3448005957506616,0.42405356185208887,1.0625035714048339,1.0678293927196887,-1.5182479852443183
public_input_complements,high g,1.4,2,1.4720451918832933,1.2,0.7069490118944741,0.34491144567681853,0.42531014690055047,1.0672305628046328,1.0725800782624815,-1.4687141660849115
public_input_complements,high g,1.4,2,1.4917388317766058,1.2,0.7064681354195703,0.3449644519326719,0.42591124156372967,1.07178457405865,1.0771569165929036,-1.4189110875175297
public_input_complements,high g,1.4,2,1.5118188211770927,1.2,0.7074215013475819,0.3448594289121285,0.4247196834251258,1.0758044300950693,1.0811969222415572,-1.3693305936440467
public_input_complements,high g,1.4,2,1.5322936470707536,1.2,0.706333746194736,0.34498195219332956,0.4260853213797354,1.0806581688036305,1.086074990416641,-1.319515938781513
public_input_complements,high g,1.4,2,1.5531720079703377,1.2,0.7071437968805635,0.34489052057187186,0.4250679037764421,1.08478671105693,1.090224227074104,-1.2695822952628792
public_input_complements,high g,1.4,2,1.5744628196276003,1.2,0.7068134999595501,0.3449263799675197,0.4254795298067846,1.0893974106482458,1.0948580378932977,-1.2198113218754243
public_input_complements,high g,1.4,2,1.5961752209120554,1.2,0.7063306107560372,0.3449795299505947,0.42608296317191163,1.0940993622898507,1.099583558165586,-1.1698093591140597
public_input_complements,high g,1.4,2,1.618318579861377,1.2,0.7072124330978569,0.34488269784100384,0.4249815256055398,1.0982790016564146,1.1037841480616595,-1.1197664530002984
public_input_complements,high g,1.4,2,1.6409024999087747,1.2,0.7062027751680107,0.3449963560645556,0.4262489603864015,1.1032544412301262,1.1087845271300192,-1.0697708850291865
public_input_complements,high g,1.4,2,1.6639368262928396,1.2,0.7057907970511687,0.3450417634048102,0.42676392235094107,1.1080160079912826,1.1135699613438892,-1.0196375946644005
public_input_complements,high g,1.4,2,1.6874316526555453,1.2,0.7066102593714243,0.3449494021988264,0.4257349848155141,1.1122992498249782,1.1178746730166222,-0.9695050186720868
public_input_complements,high g,1.4,2,1.7113973278342638,1.2,0.7062905982935769,0.3449845242026576,0.4261343025980505,1.1170792651767152,1.122678648295018,-0.9193730323471767
public_input_complements,high g,1.4,2,1.7358444628538618,1.2,0.7064292083107508,0.3449731487115588,0.42596989296706456,1.121699762694013,1.127322306152502,-0.8690848045011642
public_input_complements,high g,1.4,2,1.7607839381251333,1.2,0.7060817715224366,0.3450075164806457,0.4263952758556679,1.126546388861118,1.1321932261343675,-0.8188720637394901
public_input_complements,high g,1.4,2,1.7862269108560356,1.2,0.7055984766781271,0.34506299781485184,0.42700440236595694,1.131482790502077,1.1371543715915222,-0.7686602755285775
public_input_complements,high g,1.4,2,1.8121848226824113,1.2,0.7058349787770442,0.3450348086825897,0.4267039673150692,1.1361415477453793,1.1418364809526853,-0.7183045015020256
public_input_complements,high g,1.4,2,1.8386694075250942,1.2,0.7061183772191364,0.3450035487440841,0.4263496713324466,1.14080755056795,1.1465258722117342,-0.6680265125059595
public_input_complements,high g,1.4,2,1.8656926996805347,1.2,0.7050006483775784,0.34512893649678045,0.4277517795971197,1.1461009162282385,1.1518457709778112,-0.6176946863358923
public_input_complements,high g,1.4,2,1.8932670421523103,1.2,0.7053202258028249,0.34509077904180263,0.42734566106398353,1.1508047527468943,1.156573185575136,-0.567308676734769
public_input_complements,high g,1.4,2,1.921405095231136,1.2,0.705531959177444,0.3450675471372653,0.4270812377298736,1.1555823285334752,1.1613747090600044,-0.5170130478544268
public_input_complements,high g,1.4,2,1.9501198453312445,1.2,0.7044859910982078,0.3451860814688467,0.4283960416731365,1.160935294713583,1.1667545070947496,-0.46656734405401057
public_input_complements,high g,1.4,2,1.979424614091259,1.2,0.7053768134892346,0.34508530990677155,0.4272766693793233,1.1654685229169528,1.1713104581990492,-0.4162294465278522
public_input_complements,high g,1.4,2,2.009333067747975,1.2,0.7049530053439919,0.34513130757313853,0.4278048002318864,1.1706041111524559,1.1764717886777083,-0.3658911093837609
public_input_complements,high g,1.4,2,2.0398592267917226,1.2,0.7051906577940399,0.34510527277298453,0.42750810085508895,1.1754755745074184,1.1813676703443534,-0.3154192601591541
public_input_complements,high g,1.4,2,2.071017475912293,1.2,0.7048066635758359,0.34514750903753805,0.4279878869213005,1.1806491635439624,1.186567192103861,-0.26513378070451377
public_input_complements,high g,1.4,2,2.1028225742447084,1.2,0.7044597206420481,0.34518564090932746,0.4284213129403066,1.1858341881686123,1.1917782067725986,-0.2147573055702825
public_input_complements,high g,1.4,2,2.135289665924415,1.2,0.7052816979205556,0.345095418224172,0.42739471061186657,1.1905201407474897,1.1964876477865236,-0.16434702055467842
public_input_complements,high g,1.4,2,2.168434290961828,1.2,0.7043214572086263,0.34520364330538295,0.4286004058079822,1.1960375488725088,1.2020327120348593,-0.11407590698046155
public_input_complements,high g,1.4,2,2.2022723964464688,1.2,0.703898226437919,0.34525043763261043,0.4291297661128414,1.2013390590570638,1.2073607961498005,-0.06369166623876898
public_input_complements,high g,1.4,2,2.23682034809129,1.2,0.704734367065895,0.34515527790114026,0.4280778032138912,1.2060889324744661,1.2121344784067871,-0.013422940566646169
public_input_complements,high g,1.4,2,2.2720949421281498,1.2,0.7037729240295238,0.345264192940328,0.4292862655591403,1.2116927626671272,1.2177663979151816,0.03685002918044744
public_input_complements,high g,1.4,2,2.308113417565749,1.2,0.7039475421192332,0.3453298065058817,0.4292604590361064,1.2168519888475833,1.2229514848244853,0.0872221828984363
public_input_complements,high g,1.4,2,2.344893468821764,1.2,0.7042794720645918,0.34520629643440637,0.4286484082486418,1.2218527988832029,1.2279773615247227,0.13732028168647203
public_input_complements,high g,1.4,2,2.382453258741261,1.2,0.7032349299577827,0.34532342796773485,0.42995860467304,1.2275790742237593,1.23373233993987,0.18757123368901762
public_input_complements,high g,1.4,2,2.4208114320139376,1.2,0.7035733355659743,0.3451695548880723,0.4292712149201738,1.2326068016568077,1.238785268961552,0.23783259472804685
public_input_complements,high g,1.4,2,2.4599871290031343,1.2,0.7037613422116972,0.34526338586996563,0.429296016941385,1.237877798796171,1.2440826870840265,0.2877994033460556
public_input_complements,high g,1.4,2,2.5,1.2,0.7027136786646466,0.345380987916132,0.43061040192914074,1.2436891271789592,1.2499231448715542,0.3380048129161626
public_input_complements,high g,1.4,3,0.5,1.2,0.5766883570694312,0.3715119896496779,0.6961474252203685,0.8021591277881577,0.8061799671487548,-10.680948977863512
public_input_complements,high g,1.4,3,0.5000203210855501,1.2,0.5766870604986347,0.3715121192348609,0.6961490436807596,0.8021731049726755,0.8061940143942016,-10.680309694941798
public_input_complements,high g,1.4,3,0.5000812892976928,1.2,0.5766831849783565,0.37151249988774276,0.6961538647427965,0.80221503392625,0.8062361535175306,-10.678391881793544
public_input_complements,high g,1.4,3,0.5001829195049198,1.2,0.576676674966133,0.37151314304947314,0.6961619723687582,0.8022849260215492,0.8063063959484154,-10.675195645293975
public_input_complements,high g,1.4,3,0.5003252364947652,1.2,0.5766676154444224,0.3715140726339991,0.6961733409784312,0.8023827779738149,0.8064047383856328,-10.670721163543156
public_input_complements,high g,1.4,3,0.5005082749838822,1.2,0.5766559546143865,0.3715152243645532,0.6961878627071635,0.802508589895704,0.8065311809424047,-10.664968685865475
public_input_complements,high g,1.4,3,0.500732079632158,1.2,0.5766417490649102,0.37151668166766527,0.6962056881975703,0.8026623756483655,0.8066857375493592,-10.657938532850187
public_input_complements,high g,1.4,3,0.5009967050608752,1.2,0.5766249423408414,0.3715183681878247,0.6962266842377149,0.802844136572846,0.8068684095542654,-10.649631096269923
public_input_complements,high g,1.4,3,0.5013022158749305,1.2,0.5766054967627707,0.3715203155475914,0.6962509670574462,0.8030538923135601,0.807079216700005,-10.640046839144194
public_input_complements,high g,1.4,3,0.5016486866891229,1.2,0.5765835404815143,0.37152255266863626,0.696278480347378,0.8032916418166363,0.8073181579274247,-10.629186295670712
public_input_complements,high g,1.4,3,0.502036202158526,1.2,0.5765589662229951,0.3715250260777478,0.6963091985541301,0.8035574013152933,0.8075852495511123,-10.617050071240616
public_input_complements,high g,1.4,3,0.502464857012963,1.2,0.5765317554519778,0.37152773641251946,0.6963431417967205,0.8038511865740277,0.8078805074145843,-10.603638842425982
public_input_complements,high g,1.4,3,0.5029347560956027,1.2,0.5765020605802132,0.37153075335149705,0.6963803307449054,0.8041730048312892,0.8082039387925731,-10.588953356957624
public_input_complements,high g,1.4,3,0.5034460144056994,1.2,0.5764697335017602,0.37153400657854135,0.6964207388393363,0.8045228787828711,0.8085555664946356,-10.572994433700634
public_input_complements,high g,1.4,3,0.5039987571454999,1.2,0.5764348145281202,0.3715375152434148,0.6964643733365219,0.8049008239816176,0.8089354061515746,-10.555762962645916
public_input_complements,high g,1.4,3,0.5045931197713469,1.2,0.5763973580143713,0.3715413049293057,0.696511243430024,0.8053068566714271,0.8093434740887113,-10.537259904884316
public_input_complements,high g,1.4,3,0.5052292480490046,1.2,0.5763572722130333,0.37154531239109445,0.6965612837664451,0.8057409975887244,0.8097797911464125,-10.517486292573068
public_input_complements,high g,1.4,3,0.5059072981132409,1.2,0.5763147091395036,0.3715496123150503,0.6966145278510811,0.8062032617653982,0.8102443724319146,-10.496443228934565
public_input_complements,high g,1.4,3,0.5066274365316988,1.2,0.5762695071071582,0.37155415186555535,0.6966710061268813,0.8066936837006047,0.810737252617301,-10.47413188821567
public_input_complements,high g,1.4,3,0.507389840373095,1.2,0.5762217762438488,0.37155897346872574,0.6967307138524657,0.807212280822598,0.811258449218186,-10.45055351565455
public_input_complements,high g,1.4,3,0.5081946972797818,1.2,0.5761714912924707,0.371563990603088,0.6967934613655995,0.807759066382755,0.8118079755523689,-10.425709427429787
public_input_complements,high g,1.4,3,0.5090422055447187,1.2,0.5761186523023062,0.37156931704254514,0.6968595312313758,0.8083340878110047,0.8123858792875223,-10.39960101071801
public_input_complements,high g,1.4,3,0.5099325741928927,1.2,0.5760632276816682,0.37157490162072043,0.6969288279442012,0.80893736828081,0.8129921837132665,-10.372229723543185
public_input_complements,high g,1.4,3,0.5108660230672385,1.2,0.5760052382784582,0.37158071978607354,0.6970012696701482,0.8095689302033663,0.8136269113531336,-10.34359709479428
public_input_complements,high g,1.4,3,0.5118427829191048,1.2,0.5759447201185335,0.3715868304135937,0.697076966628833,0.8102288104121322,0.8142900992252108,-10.31370472421112
public_input_complements,high g,1.4,3,0.5128630955033207,1.2,0.5758816483178039,0.3715931762975328,0.6971558016052674,0.8109170340718304,0.8149817726203591,-10.282554282287364
public_input_complements,high g,1.4,3,0.5139272136779165,1.2,0.5758160485723487,0.3715997813518379,0.6972378083056163,0.8116336356881602,0.8157019662172388,-10.25014751027993
public_input_complements,high g,1.4,3,0.5150354015085564,1.2,0.5757478908524206,0.37160663477295286,0.6973229899235941,0.8123786521431698,0.8164507170827695,-10.216486220140078
public_input_complements,high g,1.4,3,0.5161879343777439,1.2,0.5756772084685648,0.37161376047482475,0.6974113725508997,0.8131521195670403,0.8172280615282361,-10.181572294474604
public_input_complements,high g,1.4,3,0.5173850990988615,1.2,0.5756040354109602,0.37162115138643415,0.697502904632942,0.8139540696544066,0.8180340314071438,-10.145407686483761
public_input_complements,high g,1.4,3,0.5186271940351138,1.2,0.5755283055326825,0.3716287802553515,0.6975975846216105,0.8147845449765742,0.8188686695041869,-10.1079944199284
public_input_complements,high g,1.4,3,0.5199145292234401,1.2,0.5754500711932233,0.3716366601919678,0.6976953927236245,0.815643581029775,0.8197320114935233,-10.06933458906798
public_input_complements,high g,1.4,3,0.5212474265034702,1.2,0.5753692881265992,0.371644796598061,0.6977963866229843,0.8165312260142557,0.8206241058170045,-10.029430358619269
public_input_complements,high g,1.4,3,0.5226262196515982,1.2,0.5752860049173879,0.3716531753315925,0.6979004826062877,0.8174475134825271,0.8215449861953238,-9.988283963668913
public_input_complements,high g,1.4,3,0.5240512545202515,1.2,0.5752002102172016,0.3716618236449918,0.6980077597169578,0.8183924937859604,0.8224947032322397,-9.945897709656489
public_input_complements,high g,1.4,3,0.5255228891824385,1.2,0.5751119532289053,0.37167071865595974,0.6981181119124984,0.819366201264589,0.8234732914399161,-9.902273972264712
public_input_complements,high g,1.4,3,0.5270414940816569,1.2,0.5750211707992587,0.3716798718056458,0.6982316307659653,0.8203686927920409,0.8244808079770607,-9.857415197408848
public_input_complements,high g,1.4,3,0.5286074521872524,1.2,0.5749279039694777,0.3716892514714903,0.6983481966857039,0.8214000046366731,0.8255172892938265,-9.811323901113436
public_input_complements,high g,1.4,3,0.5302211591553182,1.2,0.5748321760992852,0.37169890778822195,0.698467910846658,0.8224601916688058,0.8265827905355727,-9.764002669504245
public_input_complements,high g,1.4,3,0.5318830234952302,1.2,0.5747339713929844,0.3717088162043003,0.6985907280584973,0.8235493014840299,0.8276773595364638,-9.715454158685638
public_input_complements,high g,1.4,3,0.5335934667419154,1.2,0.5746332526092361,0.3717189615460388,0.698716647871124,0.8246673874919142,0.8288010499737851,-9.665681094693863
public_input_complements,high g,1.4,3,0.5353529236339561,1.2,0.5745300621305676,0.3717293421441962,0.6988456237556155,0.8258144960594289,0.8299539084469227,-9.614686273408086
public_input_complements,high g,1.4,3,0.537161842297634,1.2,0.57442446584152,0.3717399765109415,0.6989776358116585,0.826990675255748,0.8311359832659977,-9.56247256048201
public_input_complements,high g,1.4,3,0.5390206844370244,1.2,0.574316407872089,0.3717508831584437,0.6991127858934849,0.828195990778004,0.8323473404574512,-9.509042891276412
public_input_complements,high g,1.4,3,0.5409299255302531,1.2,0.5742058547458258,0.37176198636878555,0.6992509193942373,0.8294304889747458,0.8335880266021549,-9.454400270720612
public_input_complements,high g,1.4,3,0.5428900550320312,1.2,0.5740928699304264,0.3717733678992559,0.6993921759313251,0.8306942334556844,0.8348581056286652,-9.398547773305163
public_input_complements,high g,1.4,3,0.5449015765825912,1.2,0.573977509429936,0.3717850271122613,0.699536497916921,0.8319872746256652,0.8361576281944826,-9.34148854292143
public_input_complements,high g,1.4,3,0.5469650082231464,1.2,0.5738596827512886,0.37179687915556947,0.6996837650711457,0.8333096681959952,0.8374866502901682,-9.2832257927885
public_input_complements,high g,1.4,3,0.5490808826180046,1.2,0.5737394448331705,0.3718090061805236,0.6998341265192498,0.8346614823767573,0.8388452404677094,-9.223762805406468
public_input_complements,high g,1.4,3,0.5512497472834679,1.2,0.5736167819067093,0.3718213684618966,0.6999874973526417,0.8360427730486053,0.8402334548878629,-9.163102932384941
public_input_complements,high g,1.4,3,0.5534721648236569,1.2,0.5734917278969655,0.3718339643304474,0.7001438394998657,0.8374535977368024,0.8416513513642386,-9.10124959438279
public_input_complements,high g,1.4,3,0.5557487131734017,1.2,0.5733642745388419,0.37184678568350865,0.7003031410989935,0.838894019586172,0.8430989933581746,-9.038206281001074
public_input_complements,high g,1.4,3,0.5580799858483445,1.2,0.5732344178640054,0.3718598695454184,0.7004654980868137,0.8403641107239633,0.8445764533584592,-8.973976550688041
public_input_complements,high g,1.4,3,0.5604665922024078,1.2,0.5731021725875408,0.37187320987680506,0.7006308807464426,0.8418639336303406,0.8460837941584402,-8.908564030594226
public_input_complements,high g,1.4,3,0.5629091576927818,1.2,0.5729676087301094,0.37188675384205083,0.7007990878135446,0.8433935352215263,0.8476210629095081,-8.841972416451338
public_input_complements,high g,1.4,3,0.5654083241525933,1.2,0.5728305988088762,0.37190055054423665,0.7009703687430073,0.8449530100940753,0.8491883546823856,-8.774205472549273
public_input_complements,high g,1.4,3,0.5679647500714233,1.2,0.5726913371799738,0.3719146037158994,0.7011445384503201,0.8465424005685491,0.8507857120097665,-8.705267031482641
public_input_complements,high g,1.4,3,0.5705791108838415,1.2,0.5725496309607203,0.3719288790335903,0.7013217045587179,0.8481617965175058,0.8524132252146969,-8.635160994136974
public_input_complements,high g,1.4,3,0.5732520992661372,1.2,0.5724056398575865,0.37194340001720183,0.7015017657851426,0.8498112506584423,0.8540709472789215,-8.563891329485848
public_input_complements,high g,1.4,3,0.5759844254414287,1.2,0.5722592944251719,0.3719581273355615,0.7016846938763626,0.851490836578617,0.8557589521585561,-8.491462074503016
public_input_complements,high g,1.4,3,0.578776817493336,1.2,0.5721106335113291,0.3719731073908612,0.7018705652475701,0.8532006300567885,0.8574773160122025,-8.417877334033614
public_input_complements,high g,1.4,3,0.5816300216884137,1.2,0.5719596796077318,0.3719883324744883,0.7020593382588969,0.8549406996716874,0.8592261077623425,-8.343141280622312
public_input_complements,high g,1.4,3,0.5845448028075416,1.2,0.5718063667059498,0.3720037655621047,0.7022509869503181,0.8567111216934316,0.8610054040614009,-8.267258154392335
public_input_complements,high g,1.4,3,0.5875219444864789,1.2,0.5716507818061904,0.3720194268351206,0.702445474452249,0.8585119626543548,0.862815271775205,-8.190232262896368
public_input_complements,high g,1.4,3,0.5905622495657936,1.2,0.5714929382683167,0.37203534354596574,0.702642855099862,0.8603433016853385,0.8646557904312823,-8.112067980983687
public_input_complements,high g,1.4,3,0.5936665404503856,1.2,0.5713327882458463,0.37205146826080016,0.7028430589139809,0.8622052129591234,0.8665270345741655,-8.032769750613676
public_input_complements,high g,1.4,3,0.5968356594788269,1.2,0.5711704143484833,0.3720678494451115,0.7030461236731735,0.8640977714872817,0.8684290795914239,-7.9523420807354945
public_input_complements,high g,1.4,3,0.600070469302753,1.2,0.5710057465920086,0.37208441908959544,0.7032519504265462,0.8660210521235542,0.870362000712004,-7.8707895470886085
public_input_complements,high g,1.4,3,0.6033718532765401,1.2,0.5708388506597497,0.3721012364632957,0.7034606207150766,0.8679751359102186,0.87232587938441,-7.7881167920887515
public_input_complements,high g,1.4,3,0.6067407158575169,1.2,0.570669716328471,0.37211828806176706,0.7036721112169583,0.8699601012753576,0.874320794429847,-7.704328524613277
public_input_complements,high g,1.4,3,0.6101779830169621,1.2,0.5704983158233721,0.3721355459949865,0.7038863804281741,0.8719760270535787,0.8763468250780824,-7.619429519841841
public_input_complements,high g,1.4,3,0.6136846026621482,1.2,0.5703247268842575,0.37215300819965835,0.7041033454836936,0.8740229825498794,0.8784040409815068,-7.533424619075027
public_input_complements,high g,1.4,3,0.6172615450697004,1.2,0.5701489532774522,0.37217073394482664,0.704323149841497,0.8761010605372422,0.8804925353781287,-7.4463187295963404
public_input_complements,high g,1.4,3,0.6209098033305457,1.2,0.569971021216291,0.37218867643424475,0.7045456510463728,0.8782103301779355,0.8826123777768939,-7.358116824402501
public_input_complements,high g,1.4,3,0.6246303938067362,1.2,0.5697908413649914,0.3722068127856135,0.7047708815944723,0.880350882806743,0.884763659970404,-7.268823942087898
public_input_complements,high g,1.4,3,0.6284243566004422,1.2,0.5696084883868483,0.3722251827241599,0.7049988654999647,0.8825227988843769,0.8869464628226817,-7.1784451866194665
public_input_complements,high g,1.4,3,0.6322927560354111,1.2,0.5694240178415844,0.3722437895883665,0.7052295554959178,0.8847261549133073,0.889160863219668,-7.086985727126256
public_input_complements,high g,1.4,3,0.6362366811512086,1.2,0.5692373793926584,0.37226259905478426,0.7054629166594255,0.8869610359333119,0.8914069466274037,-6.994450797708627
public_input_complements,high g,1.4,3,0.6402572462105554,1.2,0.5690485626836289,0.3722815963437811,0.7056989226343232,0.8892275255296519,0.8936847970501229,-6.900845697228216
public_input_complements,high g,1.4,3,0.6443555912200942,1.2,0.5688577068874938,0.3723008419995877,0.7059375846394818,0.891525700746793,0.8959944919184786,-6.8061757890986785
public_input_complements,high g,1.4,3,0.6485328824649206,1.2,0.5686646684730832,0.372320284218234,0.7061789175250097,0.8938556583967745,0.8983361285297821,-6.710446501060912
public_input_complements,high g,1.4,3,0.652790313057229,1.2,0.5684695315350117,0.3723399361101109,0.7064228697625035,0.8962174749857441,0.9007097837736698,-6.613663324946804
public_input_complements,high g,1.4,3,0.6571291034994325,1.2,0.5682723015408366,0.3723597976752183,0.7066694358844055,0.8986112364442956,0.9031155440114648,-6.5158318164691025
public_input_complements,high g,1.4,3,0.6615505022621248,1.2,0.5680730329348613,0.3723798928275034,0.7069186208486569,0.9010370265827302,0.9055534934735688,-6.416957594981193
public_input_complements,high g,1.4,3,0.6660557863772645,1.2,0.5678716657753526,0.37240017643996104,0.7071703725015104,0.9034949326463553,0.9080237198426083,-6.317046343225458
public_input_complements,high g,1.4,3,0.6706462620469753,1.2,0.5676682522045458,0.3724206794975576,0.707424715667387,0.9059850408742267,0.910526309789914,-6.216103807111935
public_input_complements,high g,1.4,3,0.6753232652683625,1.2,0.5674627899077783,0.3724413676768442,0.7076815674015026,0.9085074325652996,0.9130613450219541,-6.114135795435576
public_input_complements,high g,1.4,3,0.6800881624747613,1.2,0.5672553039359454,0.3724622786397523,0.7079409962051992,0.9110621999495241,0.9156289182309829,-6.0111481796661534
public_input_complements,high g,1.4,3,0.6849423511938463,1.2,0.5670458065894898,0.37248337742523935,0.7082029029348046,0.9136494223713927,0.9182291091592092,-5.907146893630527
public_input_complements,high g,1.4,3,0.6898872607230374,1.2,0.5668343074337239,0.3725046989943479,0.7084673648682362,0.916269194286802,0.9208620127359912,-5.802137933307257
public_input_complements,high g,1.4,3,0.6949243528226603,1.2,0.5666208093915209,0.37252620568514644,0.7087342855303825,0.9189215961991719,0.9235277098682745,-5.696127356491075
public_input_complements,high g,1.4,3,0.7000551224273222,1.2,0.5664053277498905,0.372547894796746,0.7090036429252263,0.9216067140709564,0.9262262869494011,-5.58912128255934
public_input_complements,high g,1.4,3,0.7052810983759861,1.2,0.5661878859198561,0.37256981209374507,0.7092755273210065,0.9243246428892136,0.9289578394425543,-5.481125892195195
public_input_complements,high g,1.4,3,0.7106038441612367,1.2,0.5659685062598483,0.3725919205518058,0.7095498243908371,0.9270754604177365,0.9317224455013193,-5.3721474270395415
public_input_complements,high g,1.4,3,0.7160249586982449,1.2,0.5657471839999898,0.37261421850168674,0.7098265347581999,0.9298592560742491,0.9345201949916285,-5.262192189453625
public_input_complements,high g,1.4,3,0.7215460771139571,1.2,0.5655239142441291,0.37263671031351836,0.7101056741746503,0.9326761205929661,0.9373511791025038,-5.151266542198772
public_input_complements,high g,1.4,3,0.7271688715570458,1.2,0.5652987389293503,0.3726593791443728,0.7103871588652716,0.9355261327425378,0.9402154769974245,-5.0393769081069735
public_input_complements,high g,1.4,3,0.7328950520291776,1.2,0.5650717548544901,0.3726822930035546,0.7106710609663391,0.9384093805738455,0.9431131771686296,-4.92652976981433
public_input_complements,high g,1.4,3,0.7387263672381705,1.2,0.5648427730789751,0.3727053337470303,0.710957275948648,0.9413259574759643,0.9460443734733083,-4.812731669378074
public_input_complements,high g,1.4,3,0.7446646054736273,1.2,0.5646119914747607,0.37272859393564495,0.7112458358613811,0.9442759404074417,0.9490091432557646,-4.697989208008684
public_input_complements,high g,1.4,3,0.7507115955056528,1.2,0.5643792873615887,0.3727520170012438,0.7115367228695006,0.9472594251263711,0.9520075827540814,-4.582309045701438
public_input_complements,high g,1.4,3,0.7568692075072764,1.2,0.564144832681271,0.3727756551418513,0.7118298946910875,0.9502764834184589,0.9550397641137923,-4.465697900901241
public_input_complements,high g,1.4,3,0.7631393540012239,1.2,0.5639085486890809,0.3727994985855591,0.7121254057974478,0.953327213642116,0.9581057861863318,-4.348162550180016
public_input_complements,high g,1.4,3,0.7695239908317001,1.2,0.5636723450068428,0.3728155034871189,0.7124013656551604,0.9564096256213317,0.9612036488198905,-4.229709827273983
public_input_complements,high g,1.4,3,0.7760251181618615,1.2,0.5634324042999537,0.3728396192115836,0.7127012098216197,0.9595279232637143,0.9643375769942515,-4.11034662500635
public_input_complements,high g,1.4,3,0.7826447814976824,1.2,0.5631907190166563,0.3728639287979989,0.7130032801175727,0.9626801377012366,0.9675055919723952,-3.9900798915645037
public_input_complements,high g,1.4,3,0.7893850727389358,1.2,0.5629472434881222,0.3728884022930461,0.7133075478078041,0.9658663560491382,0.9707077813062283,-3.86891663234307
public_input_complements,high g,1.4,3,0.7962481312580323,1.2,0.5627020147158888,0.37291304573609685,0.7136139908925756,0.9690866593221007,0.97394422641652,-3.7468639090114375
public_input_complements,high g,1.4,3,0.8032361450074849,1.2,0.5624550821115566,0.37293788844287623,0.7139226327805477,0.9723411311004151,0.9772150113025097,-3.6239288391206577
public_input_complements,high g,1.4,3,0.8103513516567865,1.2,0.5622064248481022,0.37296289672752897,0.7142334106230797,0.9756298519637816,0.9805202169478046,-3.500118595729167
public_input_complements,high g,1.4,3,0.8175960397595149,1.2,0.5619560620677821,0.3729880732909439,0.7145463119869222,0.9789529033533481,0.9838599252017779,-3.3754404069810504
public_input_complements,high g,1.4,3,0.8249725499515008,1.2,0.5617040075517845,0.3730134050227302,0.7148612905246772,0.9823103633604395,0.9872342145471897,-3.2499015557103172
public_input_complements,high g,1.4,3,0.8324832761809209,1.2,0.5614502612841448,0.3730389208445587,0.7151784180937388,0.9857023212159165,0.9906431746621712,-3.1235093790017574
public_input_complements,high g,1.4,3,0.8401306669712053,1.2,0.5611948383591434,0.3730645908031108,0.7154976051957835,0.989128849527901,0.9940868785187951,-2.9962712678112564
public_input_complements,high g,1.4,3,0.8479172267176741,1.2,0.5609378266649827,0.3730904458833529,0.7158188409092656,0.9925900215286818,0.9975653997164277,-2.8681946664985065
public_input_complements,high g,1.4,3,0.8558455170188431,1.2,0.5606791613979053,0.3731164507301882,0.7161421022158819,0.9960859204233435,1.0010788218772213,-2.739287072403136
public_input_complements,high g,1.4,3,0.8639181580433734,1.2,0.5604188745638303,0.3731426080445059,0.7164673638187222,0.9996166207435506,1.0046272199064317,-2.6095560353980902
public_input_complements,high g,1.4,3,0.8721378299336601,1.2,0.5601570088587208,0.3731689450787354,0.7167946507168578,1.0031821998844188,1.0082106715871193,-2.4790091574283903
public_input_complements,high g,1.4,3,0.8805072742470966,1.2,0.5598935917313694,0.3731954345804473,0.7171238677664613,1.006782724215693,1.011829243621709,-2.347654092078326
public_input_complements,high g,1.4,3,0.88902929543607,1.2,0.5596285666536103,0.37322207654964146,0.7174550714956989,1.0104182799808556,1.0154830226859801,-2.2154985440594697
public_input_complements,high g,1.4,3,0.8977067623677852,1.2,0.559362029723496,0.3732488770256895,0.7177881808083164,1.0140889271878448,1.0191720690886616,-2.082550268782011
public_input_complements,high g,1.4,3,0.9065426098850453,1.2,0.5590939431051558,0.37327582996921976,0.7181232185383859,1.0177947452465663,1.0228964626377037,-1.9488170718317908
public_input_complements,high g,1.4,3,0.9155398404091444,1.2,0.5588243716906335,0.3733029468213821,0.7184601482136793,1.0215357984687203,1.0266562679671696,-1.8143068085059362
public_input_complements,high g,1.4,3,0.9247015255860773,1.2,0.5585532954571236,0.373330204699877,0.7187989330173706,1.0253121567623569,1.0304515553355256,-1.6790273833040583
public_input_complements,high g,1.4,3,0.9340308079772923,1.2,0.5582807354238615,0.37335760090381565,0.7191395452212164,1.0291238862577359,1.0342823912045107,-1.542986749419597
public_input_complements,high g,1.4,3,0.9435309027962627,1.2,0.5580067291809476,0.3733851398033281,0.7194819580905192,1.0329710504374727,1.038148839374948,-1.406192908226223
public_input_complements,high g,1.4,3,0.9532050996921831,1.2,0.5577312562920185,0.37341285405262226,0.7198262731746949,1.036853728643827,1.0420509795868023,-1.2686539087326232
public_input_complements,high g,1.4,3,0.9630567645821445,1.2,0.5574543646459934,0.373440672303911,0.7201722653569212,1.0407719614421644,1.0459888526087733,-1.1303778471305186
public_input_complements,high g,1.4,3,0.9730893415331738,1.2,0.5571760466846218,0.3734686561330729,0.7205200951499311,1.0447258299510132,1.0499625399659978,-0.9913728661316394
public_input_complements,high g,1.4,3,0.9833063546955787,1.2,0.5568963760321055,0.3734967809885674,0.7208696279434958,1.0487153781569507,1.0539720858655373,-0.8516471545393398
public_input_complements,high g,1.4,3,0.9937114102890687,1.2,0.5566152909887004,0.3735250397993754,0.7212209078729478,1.0527406773558239,1.05801756196061,-0.7112089466100107
public_input_complements,high g,1.4,3,1.0043081986431819,1.2,0.5563328935690024,0.37355343963651594,0.7215738504881031,1.0568017706213457,1.0620990115408373,-0.5700665215439096
public_input_complements,high g,1.4,3,1.0151004962935855,1.2,0.5560491437912245,0.37358197239732205,0.7219284756437232,1.0608987216971633,1.0662164986693825,-0.42822820287159935
public_input_complements,high g,1.4,3,1.0260921681358672,1.2,0.555764007937491,0.37361061456190087,0.7222847586342707,1.0650315877288716,1.0703700807782837,-0.2857023579006559
public_input_complements,high g,1.4,3,1.037287169638491,1.2,0.5554776491332126,0.3736394310446136,0.7226426975816073,1.0692004092454654,1.0745597985996884,-0.1424973971149508
public_input_complements,high g,1.4,3,1.0486895491166357,1.2,0.5551899635022037,0.3736683313479106,0.723002171566006,1.0734052360466604,1.0787857021829343,0.0013782263955870455
public_input_complements,high g,1.4,3,1.0603034500686892,1.2,0.5549009695907026,0.37369736997665126,0.7233632974312989,1.0776461293895914,1.0830478530922094,0.14591601760663053
public_input_complements,high g,1.4,3,1.0721331135772334,1.2,0.5546108145621761,0.3737265556710961,0.7237259497248264,1.081923112657689,1.0873462748281537,0.29110744008322076
public_input_complements,high g,1.4,3,1.0841828807763967,1.2,0.5543193979312213,0.3737558638797046,0.7240901679459646,1.0862362457431092,1.091681027583134,0.4369439166779543
public_input_complements,high g,1.4,3,1.0964571953875313,1.2,0.5540266946605081,0.37378526901928844,0.7244559135834041,1.0905855719783928,1.0960521549068967,0.5834168301154259
public_input_complements,high g,1.4,3,1.1089606063252093,1.2,0.5537328609066584,0.373814799373925,0.724823100738171,1.0949711113285954,1.1004596768645716,0.7305175236363382
public_input_complements,high g,1.4,3,1.1216977703756155,1.2,0.5534378289854605,0.37384446972324636,0.7251918338070833,1.0993929212338795,1.1049036511842423,0.8782373016909633
public_input_complements,high g,1.4,3,1.1346734549494641,1.2,0.5531416359713482,0.37387424137367337,0.7255619796008562,1.1038510229004035,1.1093840991783632,1.0265674305111907
public_input_complements,high g,1.4,3,1.147892540911644,1.2,0.5528443234100855,0.37390414531017246,0.7259335735403827,1.1083454522217455,1.1139010569204295,1.1754991388540788
public_input_complements,high g,1.4,3,1.1613600254898573,1.2,0.5525458729035698,0.37393414347675774,0.7263065394926963,1.1128762365379812,1.1184545518875597,1.3250236186189395
public_input_complements,high g,1.4,3,1.1750810252645967,1.2,0.5522463336551305,0.37396425168470926,0.7266808675296871,1.1174434014380294,1.1230446097969378,1.4751320255636027
public_input_complements,high g,1.4,3,1.189060779242872,1.2,0.5519456848010462,0.3739944736665638,0.7270565877866979,1.1220469807702074,1.127671264666546,1.6258154799890008
public_input_complements,high g,1.4,3,1.2033046520181812,1.2,0.5516439365214835,0.374024796949524,0.727433659101134,1.1266869954617516,1.1323345375285196,1.777065067414196
public_input_complements,high g,1.4,3,1.217818137019287,1.2,0.5513411715068113,0.37405523567562854,0.7278120339114498,1.1313634562474744,1.1370344391714788,1.9288718392954305
public_input_complements,high g,1.4,3,1.2326068598504607,1.2,0.5510373944168347,0.3740857784037277,0.7281916791380247,1.136076379967084,1.1417709865195422,2.0812268137454715
public_input_complements,high g,1.4,3,1.247676581725918,1.2,0.5507326012766984,0.3741164197320434,0.7285725853376972,1.1408257841128595,1.1465441971526678,2.2341209762584615
public_input_complements,high g,1.4,3,1.2630332030012734,1.2,0.550426792646735,0.37414713073890477,0.7289546801087041,1.1456116761482213,1.1513540785716878,2.3875452804232316
public_input_complements,high g,1.4,3,1.2786827668049243,1.2,0.5501200267461771,0.37417798277209885,0.7293380824597161,1.150434075996679,1.1562006507999782,2.5414906487178746
public_input_complements,high g,1.4,3,1.294631462772364,1.2,0.5498122779391564,0.37420891489334046,0.7297226666559012,1.1552929820908093,1.1610839122622594,2.6959479731639484
public_input_complements,high g,1.4,3,1.31088563088653,1.2,0.5495036103719704,0.37423993250440774,0.7301083819689782,1.160188389262401,1.1660038577644136,2.8509081161517043
public_input_complements,high g,1.4,3,1.3274517654273796,1.2,0.5491921428598524,0.3742796882888303,0.7305186028496019,1.1651230857337072,1.170963289504717,3.0063619119406426
public_input_complements,high g,1.4,3,1.3443365190339982,1.2,0.5488816039425874,0.37431095799924424,0.7309068157275351,1.1700915464776607,1.1759566547617888,3.1623001644738
public_input_complements,high g,1.4,3,1.3615467068826452,1.2,0.5485702489443782,0.37434232630987474,0.7312960896093506,1.1750964922740659,1.1809866879533986,3.318713652559188
public_input_complements,high g,1.4,3,1.3790893109842512,1.2,0.5482580195909986,0.37437379155148054,0.7316864786228788,1.1801379291735508,1.1860533951605037,3.4755931277228105
public_input_complements,high g,1.4,3,1.3969714846049992,1.2,0.5479449573802719,0.37440533251100355,0.7320778885770607,1.1852158334052616,1.1911567524930977,3.632929315774353
public_input_complements,high g,1.4,3,1.4152005568137338,1.2,0.5476310287762398,0.3744369572911111,0.7324703731348798,1.1903302021249094,1.1962967570926355,3.7907129175644196
public_input_complements,high g,1.4,3,1.4337840371600625,1.2,0.5473163557998499,0.37446866652939637,0.7328638118591706,1.1954809935418633,1.2014733669590094,3.948934609851971
public_input_complements,high g,1.4,3,1.4527296204871472,1.2,0.5470009038590995,0.3745004851714544,0.733258301306793,1.2006682030290483,1.206686577441951,4.107585046060313
public_input_complements,high g,1.4,3,1.4720451918832933,1.2,0.5466846118458732,0.3745323310659421,0.7336536985219266,1.2058917978843822,1.2119363556754585,4.266654857184552
public_input_complements,high g,1.4,3,1.4917388317766058,1.2,0.5463676220977314,0.3745642755606463,0.734050038394914,1.2111517412499988,1.2172226646169144,4.426134652557936
public_input_complements,high g,1.4,3,1.5118188211770927,1.2,0.5460499066521606,0.37459628806465506,0.7344472729004424,1.2164480006158236,1.222545471593287,4.586015020742152
public_input_complements,high g,1.4,3,1.5322936470707536,1.2,0.5457315182115534,0.37462838939697185,0.7348454010505245,1.2217805368639643,1.2279047372906051,4.7462865303579775
public_input_complements,high g,1.4,3,1.5531720079703377,1.2,0.5454123767978926,0.374660519013366,0.7352443524313085,1.2271493129786148,1.2333004245075196,4.906939730966979
public_input_complements,high g,1.4,3,1.5744628196276003,1.2,0.5450926915742589,0.37469231644236606,0.7356430224685784,1.2325541346450355,1.2387323379552848,5.067965154106658
public_input_complements,high g,1.4,3,1.5961752209120554,1.2,0.5447722633447512,0.37472459415611226,0.7360436285390315,1.2379952407973593,1.2442007177656955,5.229353313411839
public_input_complements,high g,1.4,3,1.618318579861377,1.2,0.5444512065311842,0.3747569378158674,0.7364450270034302,1.2434724355050244,1.2497053670260834,5.391094706654425
public_input_complements,high g,1.4,3,1.6409024999087747,1.2,0.54412956681739,0.3747893397130186,0.736847153029748,1.2489856533978267,1.2552462200385759,5.55317981586731
public_input_complements,high g,1.4,3,1.6639368262928396,1.2,0.5438073215191077,0.37482179444578767,0.7372500158842288,1.2545348413679676,1.26082322342917,5.715599108415875
public_input_complements,high g,1.4,3,1.6874316526555453,1.2,0.5434845020296866,0.37485433466838247,0.7376536652865753,1.2601199413880715,1.2664363188796266,5.878343037908555
public_input_complements,high g,1.4,3,1.7113973278342638,1.2,0.5431611447422695,0.37488691461620427,0.7380579511643817,1.2657408664290601,1.2720854189246322,6.041402045150372
public_input_complements,high g,1.4,3,1.7358444628538618,1.2,0.5428372362186125,0.37491954906888525,0.7384629236684983,1.2713975551047252,1.2777704618702792,6.204766558993532
public_input_complements,high g,1.4,3,1.7607839381251333,1.2,0.5425128455907586,0.37495222054590427,0.7388684702452673,1.2770899126605748,1.2834913524871168,6.368426997325944
public_input_complements,high g,1.4,3,1.7862269108560356,1.2,0.542187916894725,0.37498496607159926,0.7392747388271272,1.2828178862065063,1.2892480376199291,6.532373767929617
public_input_complements,high g,1.4,3,1.8121848226824113,1.2,0.5418625504612122,0.375017744251502,0.7396815262595187,1.28858135749399,1.2950403984274639,6.696597269528226
public_input_complements,high g,1.4,3,1.8386694075250942,1.2,0.541536725131174,0.37505056112498397,0.7400888687032858,1.2943802471528552,1.3008683551417055,6.8610878926279355
public_input_complements,high g,1.4,3,1.8656926996805347,1.2,0.5412104543639391,0.37508342916484266,0.7404967836815299,1.3002144652900145,1.3067318174189757,7.0258360205151735
public_input_complements,high g,1.4,3,1.8932670421523103,1.2,0.5408837955401136,0.37511633152815027,0.7409051719758115,1.3060838977184552,1.312630670499897,7.190832030233187
public_input_complements,high g,1.4,3,1.921405095231136,1.2,0.5405567359052916,0.37514929379809525,0.7413141098891767,1.311988455975509,1.3185648254783797,7.356066293492556
public_input_complements,high g,1.4,3,1.9501198453312445,1.2,0.5402293193699899,0.37518229309237816,0.7417234966714774,1.31792801798503,1.3245341596663691,7.521529177706821
public_input_complements,high g,1.4,3,1.979424614091259,1.2,0.5399015223145142,0.37521531963909066,0.742133331668987,1.3239024776365909,1.3305385664215572,7.687211046917085
public_input_complements,high g,1.4,3,2.009333067747975,1.2,0.5395733749717488,0.37524836739886125,0.7425435696470222,1.3299117121284776,1.3365779223266834,7.853102262800837
public_input_complements,high g,1.4,3,2.0398592267917226,1.2,0.539244965898517,0.37528147069513884,0.7429542073082078,1.3359555923093454,1.3426520975830296,8.019193185642768
public_input_complements,high g,1.4,3,2.071017475912293,1.2,0.5389162390219089,0.37531459250358545,0.7433652087569973,1.3420339972424835,1.3487609706476869,8.185474175341573
public_input_complements,high g,1.4,3,2.1028225742447084,1.2,0.5385889258417449,0.3753396236705374,0.7437546993558697,1.3481437071304576,1.3549013055839194,8.351935592691564
public_input_complements,high g,1.4,3,2.135289665924415,1.2,0.5382596496066608,0.375372726966815,0.7441662041789076,1.3542907170205183,1.3610791274892768,8.51856779922242
public_input_complements,high g,1.4,3,2.168434290961828,1.2,0.5379301872947442,0.3754058390033532,0.744577916789585,1.3604718169502623,1.3672912103113528,8.685361159932404
public_input_complements,high g,1.4,3,2.2022723964464688,1.2,0.5376004641604395,0.37543898806422943,0.7449899821911063,1.3666868929315947,1.3735374394906845,8.85230604320582
public_input_complements,high g,1.4,3,2.23682034809129,1.2,0.5372705345051849,0.375472144196125,0.7454022716779893,1.3729357738597407,1.3798176430648308,9.019392822024296
public_input_complements,high g,1.4,3,2.2720949421281498,1.2,0.5369404370212634,0.37550532154107863,0.7458147816867757,1.3792183020729747,1.3861316625817832,9.186611875057682
public_input_complements,high g,1.4,3,2.308113417565749,1.2,0.5366102028892366,0.3755385190674424,0.7462274784742902,1.385534311675217,1.392479331313905,9.353953587662131
public_input_complements,high g,1.4,3,2.344893468821764,1.2,0.5362798456676623,0.3755717351059753,0.74664034433558,1.3918836360245137,1.3988604817839458,9.521408352917458
public_input_complements,high g,1.4,3,2.382453258741261,1.2,0.5359493153609958,0.3756049511445081,0.7470533832819621,1.3982661144769717,1.405274952542781,9.68896657266156
public_input_complements,high g,1.4,3,2.4208114320139376,1.2,0.5356187198958899,0.37563818569520996,0.7474665333710115,1.4046815521029101,1.411722547683642,9.856618658510428
public_input_complements,high g,1.4,3,2.4599871290031343,1.2,0.5352880119336474,0.3756714229468009,0.7478798026662057,1.4111297781793284,1.4182030956277742,10.024355032923602
public_input_complements,high g,1.4,3,2.5,1.2,0.5349572639410234,0.3757046547966137,0.7482930985737648,1.4176105873946108,1.4247163900344342,10.192166130214733
