scenario_family,scenario,parameter_value,period,hc,parent_h,c_policy,l_policy,e_policy,perceived_hc_next_policy,true_expected_hc_next_policy,value_policy
public_input,low g,0.6,1,0.5,1.2,0.8445705113869253,0.32123045471522044,0.19928727079795072,0.48483812577174334,0.48726838699060715,-17.7180306717949
public_input,low g,0.6,1,0.5000203210855501,1.2,0.8445688936344546,0.32123066001832074,0.19928933200511806,0.48484575744381986,0.4872760569165992,-17.717980401531836
public_input,low g,0.6,1,0.5000812892976928,1.2,0.84456407855912,0.3212312230920035,0.19929536331960773,0.4848686059997295,0.4872990200013718,-17.717829584496663
public_input,low g,0.6,1,0.5001829195049198,1.2,0.8445559724016735,0.3212321499756405,0.19930547154571002,0.4849067104205549,0.4873373154214016,-17.717578201956776
public_input,low g,0.6,1,0.5003252364947652,1.2,0.8445446154467683,0.32123345147278776,0.19931963973445332,0.4849600681351682,0.48739094059267224,-17.71722622268394
public_input,low g,0.6,1,0.5005082749838822,1.2,0.8445300903044095,0.32123515110333806,0.1993378360788008,0.4850286718950121,0.4874598882302934,-17.716773602948276
public_input,low g,0.6,1,0.500732079632158,1.2,0.8445123120038347,0.3212372139062491,0.19936007003366335,0.48511253643352303,0.48754417314155307,-17.71622028650879
public_input,low g,0.6,1,0.5009967050608752,1.2,0.8444912792779253,0.3212396448892446,0.19938635368284305,0.4852116750942082,0.4876438087368428,-17.715566204599643
public_input,low g,0.6,1,0.5013022158749305,1.2,0.8444669463087431,0.3212424891793295,0.19941683031860882,0.4853261443222085,0.4877588517442363,-17.714811275915714
public_input,low g,0.6,1,0.5016486866891229,1.2,0.8444394769026732,0.3212456569165482,0.19945114203707093,0.48545584256959906,0.4878892001067973,-17.713955406585704
public_input,low g,0.6,1,0.502036202158526,1.2,0.8444952171024529,0.3212391955894648,0.199381445370791,0.4855644547121473,0.4879983566699757,-17.71299888682718
public_input,low g,0.6,1,0.502464857012963,1.2,0.8444611892781477,0.3212431263016884,0.19942396353349912,0.4857248284806131,0.48815953431530124,-17.7119415150987
public_input,low g,0.6,1,0.5029347560956027,1.2,0.8444239570453986,0.3212474447378133,0.19947052358827816,0.4859005462552055,0.4883361328789041,-17.710782913576104
public_input,low g,0.6,1,0.5034460144056994,1.2,0.8443834727614307,0.3212521367558006,0.19952114263109866,0.4860916356953393,0.48852818015884253,-17.7095229379979
public_input,low g,0.6,1,0.5039987571454999,1.2,0.8443397337538674,0.3212572023556505,0.1995758233343376,0.48629811981237353,0.4887356992818206,-17.708161431411238
public_input,low g,0.6,1,0.5045931197713469,1.2,0.8442927419197772,0.32126263716723263,0.19963455436144525,0.48652001899995945,0.48895871074371294,-17.7066982241351
public_input,low g,0.6,1,0.5052292480490046,1.2,0.8442424605393875,0.32126845533258563,0.19969740297899746,0.4867573808001963,0.4891972623249247,-17.705133133721546
public_input,low g,0.6,1,0.5059072981132409,1.2,0.8441888883018356,0.32127461879572383,0.1997642882969279,0.4870102085397727,0.4894513573688196,-17.703465964910183
public_input,low g,0.6,1,0.5066274365316988,1.2,0.8441548756797471,0.3212786164856041,0.19980693592915777,0.48726898559364074,0.48971143154806807,-17.70169662786443
public_input,low g,0.6,1,0.507389840373095,1.2,0.8441749864263732,0.3212762524802653,0.19978171893099989,0.4875190322604746,0.4899627315790353,-17.69982583264288
public_input,low g,0.6,1,0.5081946972797818,1.2,0.8441116739924869,0.32128359055625677,0.1998608816090278,0.48781847790989963,0.49026367820602434,-17.697852704029593
public_input,low g,0.6,1,0.5090422055447187,1.2,0.844045112713124,0.32129129951322166,0.19994409423543477,0.4881335191866298,0.49058029863372565,-17.695776669054624
public_input,low g,0.6,1,0.5099325741928927,1.2,0.8439758831259483,0.32129932317705967,0.20003065493650057,0.4884639548328522,0.49091239059551744,-17.693597470681276
public_input,low g,0.6,1,0.5108660230672385,1.2,0.8439027177324407,0.3213077749276193,0.20012207611121702,0.48881033654263395,0.4912605085508448,-17.691314840591534
public_input,low g,0.6,1,0.5118427829191048,1.2,0.8438262780428705,0.321316686781515,0.20021776540520175,0.48917249581567585,0.49162448315479723,-17.688928485598026
public_input,low g,0.6,1,0.5128630955033207,1.2,0.8439258284126828,0.3213050901760359,0.20009316636755478,0.4894746113278392,0.49192811302726724,-17.686440811574812
public_input,low g,0.6,1,0.5139272136779165,1.2,0.8438428847183792,0.3213147023974103,0.20019687246002715,0.4898682808884173,0.49232375586472943,-17.683849697677807
public_input,low g,0.6,1,0.5150354015085564,1.2,0.8437808865037089,0.3213218950769388,0.20027440686247905,0.4902675706151,0.49272504703949604,-17.681154339333617
public_input,low g,0.6,1,0.5161879343777439,1.2,0.8436913062339599,0.3213322484226666,0.20038635035899993,0.4906930185017752,0.4931526274925779,-17.67835437644679
public_input,low g,0.6,1,0.5173850990988615,1.2,0.8435993808883278,0.3213422810221498,0.20049994611951585,0.49113364320724096,0.493595460838571,-17.67544922343739
public_input,low g,0.6,1,0.5186271940351138,1.2,0.8436257205693181,0.3213398288260963,0.20046830969504992,0.49153961790001877,0.4940034704879646,-17.672441134067572
public_input,low g,0.6,1,0.5199145292234401,1.2,0.8435263009661231,0.32135135845391866,0.20059263329434113,0.49201310320530145,0.49447932914821674,-17.669327466950577
public_input,low g,0.6,1,0.5212474265034702,1.2,0.8434238917906216,0.3213632202691353,0.20072066399071067,0.4925025732486275,0.494971252670345,-17.666107579153458
public_input,low g,0.6,1,0.5226262196515982,1.2,0.8433410329615573,0.32137280690732123,0.20082422995825666,0.4929985369080217,0.4954697023579273,-17.662781075764016
public_input,low g,0.6,1,0.5240512545202515,1.2,0.8433243989407291,0.32137471287261965,0.20084498086412933,0.4934812534632867,0.4959548385399948,-17.659349870322533
public_input,low g,0.6,1,0.5255228891824385,1.2,0.8432116673268255,0.32138777822236037,0.20098593363347295,0.49401962295224744,0.49649590661724907,-17.65581197924587
public_input,low g,0.6,1,0.5270414940816569,1.2,0.8430954989245609,0.32140120404357275,0.20113110180955623,0.49457439282297,0.4970534572835208,-17.652166243321872
public_input,low g,0.6,1,0.5286074521872524,1.2,0.842977017956547,0.32141431889044897,0.2012779108468228,0.4951447994004388,0.4976267230358575,-17.64841219917034
public_input,low g,0.6,1,0.5302211591553182,1.2,0.8429345788851376,0.3214198391918567,0.20133227376927296,0.49569880518161724,0.49818350578257026,-17.644551675572185
public_input,low g,0.6,1,0.5318830234952302,1.2,0.8428309923385421,0.3214318437026472,0.20146179005917608,0.49629353789769887,0.49878121960879707,-17.640582429588072
public_input,low g,0.6,1,0.5335934667419154,1.2,0.8427014368189198,0.32144682645883593,0.20162370833216564,0.49691451957926264,0.4994053139739929,-17.636503813348007
public_input,low g,0.6,1,0.5353529236339561,1.2,0.8427252226039939,0.3214440676585766,0.2015939635385316,0.49748561031841576,0.49997926731738873,-17.632317235312822
public_input,low g,0.6,1,0.537161842297634,1.2,0.8425889332896915,0.32145985581588654,0.20176435527262349,0.4981401474093063,0.5006370852891006,-17.628022844909367
public_input,low g,0.6,1,0.5390206844370244,1.2,0.842449267084246,0.3214760262953196,0.20193894971364448,0.49881157878424587,0.5013118822278126,-17.623617283255133
public_input,low g,0.6,1,0.5409299255302531,1.2,0.8424931539990409,0.32147053157710015,0.20188319420749534,0.49942008226803974,0.5019234358480121,-17.619101277545013
public_input,low g,0.6,1,0.5428900550320312,1.2,0.8423547215711893,0.32148695415587986,0.20205709940551125,0.5001223793889981,0.5026292532479387,-17.614478342297748
public_input,low g,0.6,1,0.5449015765825912,1.2,0.8422548019316421,0.32149854806046985,0.20218206187897259,0.5008237084254245,0.5033340977107895,-17.609743811703204
public_input,low g,0.6,1,0.5469650082231464,1.2,0.8421536859967891,0.3215036234322281,0.20229414061682355,0.5015369651754917,0.5040509296751947,-17.60489775150891
public_input,low g,0.6,1,0.5490808826180046,1.2,0.8421652427513282,0.32150890140619753,0.2022939842860585,0.502226597723208,0.5047440190204415,-17.5999432887284
public_input,low g,0.6,1,0.5512497472834679,1.2,0.8420994819311282,0.32151652050320656,0.2023762023557979,0.5029608405992324,0.505481942304198,-17.594878056616775
public_input,low g,0.6,1,0.5534721648236569,1.2,0.8420883342576952,0.32151783344150353,0.2023901859759522,0.5036877205655106,0.5062124657714694,-17.58970207434741
public_input,low g,0.6,1,0.5557487131734017,1.2,0.8420893938898195,0.32151768097402117,0.20238879701406634,0.5044253862359348,0.5069538290064539,-17.584419784330358
public_input,low g,0.6,1,0.5580799858483445,1.2,0.8419676518992875,0.32152739719739015,0.2025315260470751,0.5052290218933267,0.5077614929043418,-17.57902443246006
public_input,low g,0.6,1,0.5604665922024078,1.2,0.8419297981391445,0.321535470995957,0.2025868192121227,0.5060182654256192,0.5085546925363031,-17.573516234990688
public_input,low g,0.6,1,0.5629091576927818,1.2,0.8419596662038397,0.32153268494326803,0.20255093327361937,0.5067927684289613,0.509333077752105,-17.56790009643258
public_input,low g,0.6,1,0.5654083241525933,1.2,0.84183441382487,0.32154722006891834,0.20270758152399349,0.5076500139638208,0.5101946202480897,-17.562169037542578
public_input,low g,0.6,1,0.5679647500714233,1.2,0.8419338763786995,0.3215352542517071,0.20258227280498786,0.5084267472372495,0.5109752469132536,-17.556324156919416
public_input,low g,0.6,1,0.5705791108838415,1.2,0.8418539877116421,0.32154492034034715,0.20268304022350772,0.5092979630061318,0.5118508296693505,-17.550371893498
public_input,low g,0.6,1,0.5732520992661372,1.2,0.8417520845682124,0.32155674950135604,0.20281049435471676,0.510195237166138,0.5127526014348004,-17.544304107781848
public_input,low g,0.6,1,0.5759844254414287,1.2,0.8418731298193856,0.32154270069982355,0.2026591036922331,0.5110129803957627,0.5135744436194212,-17.53812287573409
public_input,low g,0.6,1,0.578776817493336,1.2,0.8417965059404348,0.3215515755293812,0.20275489720302853,0.5119331747813449,0.5144992504985558,-17.531832231027728
public_input,low g,0.6,1,0.5816300216884137,1.2,0.8416797717870115,0.32156470785677854,0.20289999718363008,0.5128876372925248,0.5154584972729825,-17.525425241276256
public_input,low g,0.6,1,0.5845448028075416,1.2,0.8416449919752726,0.32156911448361813,0.20294429530934252,0.513824322725584,0.5163998778613137,-17.518905440488652
public_input,low g,0.6,1,0.5875219444864789,1.2,0.8415086085640373,0.3215849255232273,0.2031148305661336,0.5148222462331915,0.5174028034813191,-17.512268547152537
public_input,low g,0.6,1,0.5905622495657936,1.2,0.8415184970220212,0.3215837438393547,0.20310238967098504,0.5157740495271239,0.5183593777091163,-17.50551296516437
public_input,low g,0.6,1,0.5936665404503856,1.2,0.8413988805314534,0.32159760147982563,0.20325193866497,0.5167998138536842,0.5193902837007605,-17.49864231914518
public_input,low g,0.6,1,0.5968356594788269,1.2,0.8413566839642894,0.32160250587193256,0.20330472871908484,0.5178096059065358,0.5204051373573405,-17.491652242566797
public_input,low g,0.6,1,0.600070469302753,1.2,0.8415237791955621,0.3215831377019623,0.20309579824067647,0.5187457554907494,0.5213459794108726,-17.4845478124818
public_input,low g,0.6,1,0.6033718532765401,1.2,0.8412980335807618,0.32160927817335216,0.20337800727367883,0.5198715084791447,0.5224773752596047,-17.47733127512832
public_input,low g,0.6,1,0.6067407158575169,1.2,0.8413562789009124,0.321602111077012,0.2033042810254335,0.5208908618810473,0.5235018381916974,-17.46999370373321
public_input,low g,0.6,1,0.6101779830169621,1.2,0.8412197373081441,0.3216183653770294,0.20347593190623947,0.5220143535314021,0.5246309613673851,-17.4625406959991
public_input,low g,0.6,1,0.6136846026621482,1.2,0.8411351041274364,0.3216281371369054,0.2035816720882792,0.5231331980394106,0.5257554141068284,-17.45496478918394
public_input,low g,0.6,1,0.6172615450697004,1.2,0.8411658044653936,0.3216245843766746,0.20354329778822372,0.5242198843479692,0.5268475474531762,-17.447270344978993
public_input,low g,0.6,1,0.6209098033305457,1.2,0.840922768503413,0.3216527718396956,0.2038472186703294,0.5254457289984446,0.5280795366755324,-17.439453060644208
public_input,low g,0.6,1,0.6246303938067362,1.2,0.8410141401546167,0.32164213040193096,0.20373286151355435,0.5265430533299544,0.5291823613681436,-17.431518340116376
public_input,low g,0.6,1,0.6284243566004422,1.2,0.8409374149459699,0.3216510324839182,0.20382881521929347,0.5277334512614733,0.5303787261941252,-17.423462753196723
public_input,low g,0.6,1,0.6322927560354111,1.2,0.8408689458510288,0.3216582524158763,0.20391287936726393,0.5289388426273633,0.5315901596093804,-17.41528121438771
public_input,low g,0.6,1,0.6362366811512086,1.2,0.8408077459577612,0.3216660610047056,0.2039909458124028,0.5301612638829714,0.5328187082770313,-17.4069847796584
public_input,low g,0.6,1,0.6402572462105554,1.2,0.8406674553035565,0.3216822553980857,0.20416621635630877,0.5314376908243464,0.5341015333350755,-17.398560861232312
public_input,low g,0.6,1,0.6443555912200942,1.2,0.840723002399743,0.3216758512767506,0.20409683635803844,0.5326468265742186,0.5353167299031156,-17.390014754324277
public_input,low g,0.6,1,0.6485328824649206,1.2,0.8407392401620187,0.32167395778424956,0.2040765086519604,0.5338930106924975,0.536569160545282,-17.381343783031653
public_input,low g,0.6,1,0.652790313057229,1.2,0.8405924633663154,0.3216909979415713,0.20426009218747873,0.5352317700906635,0.537914630502857,-17.372551106680355
public_input,low g,0.6,1,0.6571291034994325,1.2,0.8404776727229242,0.32170425985415174,0.20440352856204363,0.5365763954080215,0.5392659957826664,-17.363633344752994
public_input,low g,0.6,1,0.6615505022621248,1.2,0.8405027860960141,0.3217009177987993,0.20437119634939216,0.5378784837871299,0.5405746109069359,-17.354585130319588
public_input,low g,0.6,1,0.6660557863772645,1.2,0.8404427371108214,0.32170831578142806,0.2044472249770632,0.5392396605216359,0.5419426105682169,-17.34541023850508
public_input,low g,0.6,1,0.6706462620469753,1.2,0.8403917236752823,0.32171375059301016,0.2045099776056198,0.5406167695116718,0.543326622345791,-17.336106364867167
public_input,low g,0.6,1,0.6753232652683625,1.2,0.8403178899191402,0.3217227469050837,0.20460324339584054,0.542025565381895,0.5447424798347003,-17.32668651832665
public_input,low g,0.6,1,0.6800881624747613,1.2,0.840221732633006,0.3217338985809132,0.20472348830176645,0.5434651367941062,0.5461892671286439,-17.31713148585114
public_input,low g,0.6,1,0.6849423511938463,1.2,0.8402105145671682,0.3217556378272416,0.20478166313967358,0.544901694693323,0.5476330258042963,-17.307448421296872
public_input,low g,0.6,1,0.6898872607230374,1.2,0.8399408113723453,0.3217663903380203,0.20507459175777842,0.5464481824813775,0.5491872653946472,-17.297632607522853
public_input,low g,0.6,1,0.6949243528226603,1.2,0.8399473114132749,0.32176563777251715,0.205066466175362,0.5479056110970866,0.5506519994016935,-17.287684933065748
public_input,low g,0.6,1,0.7000551224273222,1.2,0.8399981970119794,0.32175929625870836,0.2050018829068307,0.54936422362271,0.5521179232530274,-17.27760222649661
public_input,low g,0.6,1,0.7052810983759861,1.2,0.8398541833399322,0.3217763946534261,0.20518282911146837,0.5509338609055029,0.5536954283754422,-17.26739762760984
public_input,low g,0.6,1,0.7106038441612367,1.2,0.8397630879606917,0.3217870290201714,0.20529689472287854,0.552501472177721,0.5552708973318616,-17.257060277740653
public_input,low g,0.6,1,0.7160249586982449,1.2,0.8398172260046906,0.3217802567187518,0.2052281285078133,0.554024811290507,0.5568018722137263,-17.24658837577609
public_input,low g,0.6,1,0.7215460771139571,1.2,0.8394929920272046,0.32181747751818435,0.20563275941207357,0.5557437276895822,0.5585294047171075,-17.235977751302546
public_input,low g,0.6,1,0.7271688715570458,1.2,0.8395189411419144,0.3218147574115042,0.20560093486693476,0.557325923216117,0.5601195310317226,-17.225231424778208
public_input,low g,0.6,1,0.7328950520291776,1.2,0.8394729409518643,0.32182054292264956,0.2056594317610586,0.5589641508630125,0.5617659703288709,-17.214350245567058
public_input,low g,0.6,1,0.7387263672381705,1.2,0.8396027168866768,0.3218049900217585,0.20549606156032152,0.5605440247901029,0.563353763406976,-17.203330331150134
public_input,low g,0.6,1,0.7446646054736273,1.2,0.8393327719203159,0.32183678745075855,0.20583468897332263,0.5623321440156308,0.5651508456174209,-17.192185224803133
public_input,low g,0.6,1,0.7507115955056528,1.2,0.8393955759535143,0.3218290572807356,0.20575518777287455,0.5639899205901417,0.5668169318315918,-17.180899417393753
public_input,low g,0.6,1,0.7568692075072764,1.2,0.8393958288518395,0.3218290088152479,0.20575483018909618,0.5657006914608237,0.5685362779769486,-17.169477618114705
public_input,low g,0.6,1,0.7631393540012239,1.2,0.8393226567400233,0.32183749155077407,0.20584632500964883,0.5674696676817035,0.5703141212280355,-17.157923775680523
public_input,low g,0.6,1,0.7695239908317001,1.2,0.8393157991908075,0.32183874625167497,0.20585589271281035,0.5692325877971659,0.5720858780173501,-17.146242351456088
public_input,low g,0.6,1,0.7760251181618615,1.2,0.8394886095969296,0.32181826607637765,0.20563884512804617,0.5709355680586262,0.5737973945028941,-17.134421892059038
public_input,low g,0.6,1,0.7826447814976824,1.2,0.8392153696063791,0.32185037281047263,0.20598143566424182,0.5728723653571166,0.5757439000382435,-17.122469834753613
public_input,low g,0.6,1,0.7893850727389358,1.2,0.8393949524881529,0.32182913569954186,0.2057559806228576,0.5746218506663989,0.577502154679132,-17.110381116704772
public_input,low g,0.6,1,0.7962481312580323,1.2,0.8393804374480986,0.321830796636513,0.20577408328676938,0.5764878232294919,0.5793774804686205,-17.098155151697355
public_input,low g,0.6,1,0.8032361450074849,1.2,0.8393616963194768,0.32183296781154896,0.20579751415346892,0.578381452739992,0.581280601836542,-17.08579255404617
public_input,low g,0.6,1,0.8103513516567865,1.2,0.8392714285276146,0.3218438929712202,0.2059113802902211,0.5803351635995464,0.5832441057125329,-17.07329995808047
public_input,low g,0.6,1,0.8175960397595149,1.2,0.8394632053376088,0.3218211659029697,0.20567051301280587,0.5821808415057148,0.5850990351177058,-17.060659449483875
public_input,low g,0.6,1,0.8249725499515008,1.2,0.8391670503023102,0.3218554939468295,0.20604081662284146,0.5842847839239104,0.5872135235911596,-17.04788356335393
public_input,low g,0.6,1,0.8324832761809209,1.2,0.8393443163164227,0.32183499088923295,0.20581926400432043,0.5861906232832281,0.5891289160100206,-17.03497193044359
public_input,low g,0.6,1,0.8401306669712053,1.2,0.8393939815895521,0.32182969877322476,0.20575816776061334,0.5881842803766659,0.5911325663512258,-17.021917505051434
public_input,low g,0.6,1,0.8479172267176741,1.2,0.83933583590861,0.32183596623835753,0.20582985116624214,0.5902561135258859,0.5932147846073235,-17.008723285506424
public_input,low g,0.6,1,0.8558455170188431,1.2,0.8392065497179534,0.32185091737198646,0.20599143180553747,0.5923902041454334,0.5953595724006173,-16.99538916499023
public_input,low g,0.6,1,0.8639181580433734,1.2,0.8394087251484925,0.32182753737009717,0.20573875557091736,0.5943928848642135,0.5973722915982751,-16.981909218461066
public_input,low g,0.6,1,0.8721378299336601,1.2,0.8390604910033881,0.32186782357399485,0.2061740079164407,0.596689118828916,0.5996800354836235,-16.968282986117426
public_input,low g,0.6,1,0.8805072742470966,1.2,0.8393064798717461,0.3218392123943825,0.20586621890012005,0.5987269280655789,0.6017280592815928,-16.95452504298822
public_input,low g,0.6,1,0.88902929543607,1.2,0.8393337526346406,0.3218361557301779,0.20583234374254367,0.6008993209602329,0.6039113413409462,-16.940618549080988
public_input,low g,0.6,1,0.8977067623677852,1.2,0.8392295462090098,0.3218482783850017,0.20596273510259394,0.6031648828255753,0.6061882593823966,-16.926564662183015
public_input,low g,0.6,1,0.9065426098850453,1.2,0.8391844015891574,0.32185348668042546,0.20601912964056157,0.6054313296085312,0.6084660667771289,-16.91236472706285
public_input,low g,0.6,1,0.9155398404091444,1.2,0.8394622645210171,0.3218213112994327,0.20567176788575747,0.6075693746021162,0.6106148287658427,-16.898020528640878
public_input,low g,0.6,1,0.9247015255860773,1.2,0.8391292467291167,0.321859860848442,0.206088052703518,0.610037288896175,0.6130951135317796,-16.88352770665706
public_input,low g,0.6,1,0.9340308079772923,1.2,0.839243683293146,0.3218466174480306,0.20594501039460011,0.6123160308724447,0.6153852777497385,-16.868895786457433
public_input,low g,0.6,1,0.9435309027962627,1.2,0.8392431656000388,0.32183218092259686,0.20591434519277052,0.6146712356154469,0.6177522880056432,-16.854100284761408
public_input,low g,0.6,1,0.9532050996921831,1.2,0.8391323842442873,0.3218594987077291,0.2060841329644077,0.6171343443968752,0.6202277431712174,-16.839158892355584
public_input,low g,0.6,1,0.9630567645821445,1.2,0.8393862065881057,0.32183012789159426,0.205766869657738,0.6194369694336632,0.6225419101640338,-16.82407251400329
public_input,low g,0.6,1,0.9730893415331738,1.2,0.8393544413069336,0.3218338189772686,0.20580660768396664,0.6219134686509873,0.6250308228853428,-16.808839798070505
public_input,low g,0.6,1,0.9833063546955787,1.2,0.8391862119013374,0.3218532726370646,0.206016856994722,0.6244908156534644,0.6276210888934318,-16.793443780983843
public_input,low g,0.6,1,0.9937114102890687,1.2,0.8391945426642362,0.3218523147684612,0.20600645723563993,0.6270127499489163,0.6301556644371455,-16.777903214347013
public_input,low g,0.6,1,1.0043081986431819,1.2,0.839451587471403,0.3218225774414831,0.20568517980220064,0.6294423684262173,0.6325974614277445,-16.76220363856934
public_input,low g,0.6,1,1.0151004962935855,1.2,0.8390705381643524,0.32186667287508863,0.20616147524583922,0.6322276152241193,0.6353966693333197,-16.746348909363356
public_input,low g,0.6,1,1.0260921681358672,1.2,0.8392702553814628,0.3218434638528507,0.20591162654069467,0.6347532566830804,0.6379349706227772,-16.73034549631604
public_input,low g,0.6,1,1.037287169638491,1.2,0.8392266826192714,0.3218486105723959,0.20596631621710376,0.6374366672654872,0.6406318318567026,-16.71417972902785
public_input,low g,0.6,1,1.0486895491166357,1.2,0.8391092036831742,0.3218621747190519,0.206113093709978,0.640192700369826,0.643401679634466,-16.697862840674535
public_input,low g,0.6,1,1.0603034500686892,1.2,0.8392719868584942,0.3218916326942537,0.2060139397610937,0.6428785891223273,0.6461010314603653,-16.68138450162965
public_input,low g,0.6,1,1.0721331135772334,1.2,0.8392939580655423,0.32184080365280787,0.20588217782452284,0.645596363343568,0.648832428581581,-16.664758967995564
public_input,low g,0.6,1,1.0841828807763967,1.2,0.839136832303068,0.3218590096827223,0.2060786286116122,0.6484805209866669,0.6517310431250278,-16.647958129745703
public_input,low g,0.6,1,1.0964571953875313,1.2,0.8393099729914157,0.3218389471846449,0.20586215292741744,0.6512306894256862,0.6544949968407147,-16.63102674096365
public_input,low g,0.6,1,1.1089606063252093,1.2,0.8394121625255908,0.321827133834916,0.20573444655782794,0.6540541704111656,0.6573326305835299,-16.613919408377594
public_input,low g,0.6,1,1.1216977703756155,1.2,0.8391249233802278,0.3218601630825176,0.20609302887801034,0.6571178846092328,0.6604117017129222,-16.596638161368986
public_input,low g,0.6,1,1.1346734549494641,1.2,0.8393889377137294,0.3218298256575187,0.2057634857065112,0.6599322871167815,0.6632402114717465,-16.579216708819363
public_input,low g,0.6,1,1.147892540911644,1.2,0.8394043207208872,0.3218280220249737,0.2057442068530559,0.6629146754777301,0.6662375491165653,-16.56162418955764
public_input,low g,0.6,1,1.1613600254898573,1.2,0.8391637519178636,0.3218368315461159,0.20600380422174688,0.666055720435,0.669394338627204,-16.543867221657706
public_input,low g,0.6,1,1.1750810252645967,1.2,0.839349523194062,0.3218343352547051,0.20581264095610113,0.6690420612579481,0.6723956485458202,-16.525944289061222
public_input,low g,0.6,1,1.189060779242872,1.2,0.8394491356451479,0.3218228339109601,0.20568818560252594,0.6720981361078687,0.6754670420346739,-16.507868923001872
public_input,low g,0.6,1,1.2033046520181812,1.2,0.8392827324952867,0.32182601475856965,0.2058614593832238,0.675323190325871,0.6787082619042166,-16.489609332636558
public_input,low g,0.6,1,1.217818137019287,1.2,0.839311456548809,0.3218387947171626,0.2058603400402622,0.6785116614830031,0.6819127153395337,-16.471202087271894
public_input,low g,0.6,1,1.2326068598504607,1.2,0.8395933965169142,0.3218061417523126,0.20550786966808104,0.6815922071343368,0.6850087022902028,-16.45261597069853
public_input,low g,0.6,1,1.247676581725918,1.2,0.8395419179100108,0.3218710185636431,0.20569948218745854,0.6849424687328546,0.6883757571448678,-16.433855397763214
public_input,low g,0.6,1,1.2630332030012734,1.2,0.8393142926058612,0.3218363054967711,0.20585212726716445,0.6883320515019353,0.6917823302682832,-16.41494450426075
public_input,low g,0.6,1,1.2786827668049243,1.2,0.8395976420314446,0.3218056271441174,0.20550251259984903,0.6915399094716926,0.6950062676930279,-16.395843903482568
public_input,low g,0.6,1,1.294631462772364,1.2,0.8396498394365876,0.32181116595769416,0.20546227903203182,0.6949246104426955,0.6984079345482507,-16.376574804468106
public_input,low g,0.6,1,1.31088563088653,1.2,0.8395340923185352,0.3218129722911282,0.2055819278303018,0.6984263336695987,0.7019272102358726,-16.357151465289647
public_input,low g,0.6,1,1.3274517654273796,1.2,0.8395210128442407,0.321814517784955,0.20559834557126203,0.7019267123022416,0.7054451345894274,-16.33753909363684
public_input,low g,0.6,1,1.3443365190339982,1.2,0.8397996605958099,0.3217965911068168,0.20528097619491428,0.7053234038788679,0.7088588521534346,-16.317742032035998
public_input,low g,0.6,1,1.3615467068826452,1.2,0.8392970632484227,0.32184044151209495,0.20587829041770256,0.7091749068076609,0.7127296608209982,-16.29778427969863
public_input,low g,0.6,1,1.3790893109842512,1.2,0.8395818720681427,0.32180746343087013,0.20552224894253684,0.7126485649316091,0.716220730728751,-16.27765881821195
public_input,low g,0.6,1,1.3969714846049992,1.2,0.8397571665007071,0.32178719292880337,0.20530317022550817,0.716229677832453,0.7198197940327103,-16.257335420831364
public_input,low g,0.6,1,1.4152005568137338,1.2,0.8393368339161522,0.32183584205495264,0.20582858492254563,0.7201931804853574,0.7238031638253387,-16.23683530276121
public_input,low g,0.6,1,1.4337840371600625,1.2,0.8398558664171876,0.32177578144501434,0.2051798215040434,0.7236769291414533,0.7273043748442422,-16.216162457764806
public_input,low g,0.6,1,1.4527296204871472,1.2,0.8395680034100406,0.32180909441452255,0.2055396405253282,0.7276655425192038,0.7313129812297486,-16.195307742134744
public_input,low g,0.6,1,1.4720451918832933,1.2,0.839455025329445,0.32182213958285305,0.20568079616951748,0.73160599060282,0.7352731808915794,-16.17427884070243
public_input,low g,0.6,1,1.4917388317766058,1.2,0.8397596966194649,0.32178689339561684,0.2052999931150674,0.7353590133248359,0.7390450157182753,-16.153048452426006
public_input,low g,0.6,1,1.5118188211770927,1.2,0.8398694692614466,0.3217741847848109,0.20516276987374502,0.7392740891599002,0.7429797159526289,-16.131644659143365
public_input,low g,0.6,1,1.5322936470707536,1.2,0.8396942970553327,0.32179446672802725,0.20538175107720605,0.7434055813741199,0.7471319173577529,-16.110062688933613
public_input,low g,0.6,1,1.5531720079703377,1.2,0.8396053154149475,0.3218258720629958,0.20553856824112338,0.7475597196199419,0.751306878308185,-16.088284438801995
public_input,low g,0.6,1,1.5744628196276003,1.2,0.8397913313728789,0.3217832464052998,0.20526048086256893,0.7515706121791175,0.755337875549978,-16.066314246598214
public_input,low g,0.6,1,1.5961752209120554,1.2,0.839697630412898,0.32179408337425636,0.20537758967549563,0.7558175253868952,0.7596060764987979,-16.04416053237288
public_input,low g,0.6,1,1.618318579861377,1.2,0.8396867992890745,0.3217953108227276,0.2053910720880171,0.7600716090753109,0.7638814838704394,-16.021829160693006
public_input,low g,0.6,1,1.6409024999087747,1.2,0.8400296326013369,0.3217556378272416,0.20496254510550496,0.7641730458564291,0.7680034791889765,-15.99928753111895
public_input,low g,0.6,1,1.6639368262928396,1.2,0.8396525863450581,0.32180085400643466,0.2054372583088407,0.768758319567725,0.7726117366803964,-15.976556638546946
public_input,low g,0.6,1,1.6874316526555453,1.2,0.8397059327474414,0.3217931265373007,0.20536722057312806,0.7731440814861044,0.7770194823218759,-15.953652854748173
public_input,low g,0.6,1,1.7113973278342638,1.2,0.8400545564796843,0.32175278646613725,0.2049314622871722,0.7774127437789663,0.7813095413735225,-15.93052784237213
public_input,low g,0.6,1,1.7358444628538618,1.2,0.8396694565749951,0.32179735241258056,0.2054128246361791,0.7821805699015475,0.7861012663239973,-15.90722480017373
public_input,low g,0.6,1,1.7607839381251333,1.2,0.8398748397154809,0.32177358738767914,0.2051561090419061,0.7866540265761955,0.7905971462935407,-15.883721864897913
public_input,low g,0.6,1,1.7862269108560356,1.2,0.8397426224866371,0.3217888750788325,0.20532134768364113,0.7913926255762701,0.7953594976199474,-15.860003773897553
public_input,low g,0.6,1,1.8121848226824113,1.2,0.8396251673310218,0.32180248061995675,0.20546819080808487,0.7961851838031151,0.8001760786448743,-15.836102221450394
public_input,low g,0.6,1,1.8386694075250942,1.2,0.8399334289074121,0.32176680094422083,0.20508286113210494,0.8007805930797621,0.804794522506378,-15.812009451731875
public_input,low g,0.6,1,1.8656926996805347,1.2,0.83984473316153,0.3217770802412726,0.20519376015961874,0.8056828553650719,0.8097213574836513,-15.78770024616162
public_input,low g,0.6,1,1.8932670421523103,1.2,0.8403278717138352,0.32177939578112374,0.20471562317339217,0.8103514869390123,0.8144133906707408,-15.763158226574774
public_input,low g,0.6,1,1.921405095231136,1.2,0.8397404267623728,0.32178914465870034,0.20532412570042002,0.8156395320834308,0.819727942251751,-15.73846776730791
public_input,low g,0.6,1,1.9501198453312445,1.2,0.839873763475241,0.32177370990184273,0.2051574499127394,0.8206023998115772,0.8247156864579075,-15.713556000916311
public_input,low g,0.6,1,1.979424614091259,1.2,0.8403235860874004,0.3217216446716651,0.20459516640339614,0.8254332186337238,0.8295707198601678,-15.68840195250425
public_input,low g,0.6,1,2.009333067747975,1.2,0.8399162859031293,0.3217687913676971,0.20510430345109643,0.8308723087132999,0.8350370734922241,-15.66307845533107
public_input,low g,0.6,1,2.0398592267917226,1.2,0.8401219498535624,0.32174499638947696,0.20484724234770785,0.8359945417244736,0.8401849818032131,-15.63754065959383
public_input,low g,0.6,1,2.071017475912293,1.2,0.8402375046913781,0.32173158908043364,0.20470272772235854,0.8412440720233654,0.84546082548223,-15.611766359705022
public_input,low g,0.6,1,2.1028225742447084,1.2,0.8398163478242239,0.32178035801985744,0.20522922549866818,0.8469097164789261,0.8511548690988063,-15.585795489789277
public_input,low g,0.6,1,2.135289665924415,1.2,0.84018714839038,0.3217374230570666,0.20476568541288387,0.8521405559225299,0.8564119282342332,-15.559621067327303
public_input,low g,0.6,1,2.168434290961828,1.2,0.8402626406103706,0.32172869195473064,0.20467133401184753,0.8576349035861071,0.8619338164300828,-15.533209803690943
public_input,low g,0.6,1,2.2022723964464688,1.2,0.8397648972014098,0.3217863145106541,0.20529354214160306,0.8635781486033774,0.8679068520869748,-15.506584037844977
public_input,low g,0.6,1,2.23682034809129,1.2,0.8401699857816675,0.32173940911041254,0.20478713789682368,0.8690100239286097,0.8733659548005805,-15.479757201422176
public_input,low g,0.6,1,2.2720949421281498,1.2,0.840194258088216,0.3217365860333856,0.20475676774389706,0.8747679669606376,0.8791527596421638,-15.452702866496463
public_input,low g,0.6,1,2.308113417565749,1.2,0.8404230156540243,0.32174759398199343,0.2045517873470816,0.8805074290368334,0.8849209908917381,-15.425409842014174
public_input,low g,0.6,1,2.344893468821764,1.2,0.8403740110076334,0.3217157894819741,0.20453209427343055,0.8864349304569487,0.8908782040363659,-15.397904178349245
public_input,low g,0.6,1,2.382453258741261,1.2,0.84015394500934,0.3217412753504839,0.20480720974770522,0.8925972491635804,0.8970714114940569,-15.370191798024187
public_input,low g,0.6,1,2.4208114320139376,1.2,0.840474414551909,0.3217041814353454,0.20440661734843718,0.898479891674438,0.9029835408732085,-15.342236471848066
public_input,low g,0.6,1,2.4599871290031343,1.2,0.8402533651476496,0.3217297898180189,0.2046829808592712,0.9048116733856673,0.9093470607723425,-15.314045038811859
public_input,low g,0.6,1,2.5,1.2,0.840373029135876,0.3217158891138384,0.20453329135001508,0.9109985214791778,0.9155649205709757,-15.285646154270676
public_input,low g,0.6,2,0.5,1.2,0.687764893963494,0.3470289029377586,0.4492966578993426,0.5745880643582563,0.5774681990164149,-17.743956371314834
public_input,low g,0.6,2,0.5000203210855501,1.2,0.6877627217595541,0.3470291294539169,0.44929934384192943,0.5745965128818937,0.5774766898884534,-17.743795014281282
public_input,low g,0.6,2,0.5000812892976928,1.2,0.6877562632764791,0.34702982378202407,0.4493073770611515,0.574621852555958,0.5775021565781623,-17.743310923923403
public_input,low g,0.6,2,0.5001829195049198,1.2,0.6877455225947191,0.3470310071351379,0.4493208015877736,0.5746640920935475,0.5775446078423153,-17.742504042470966
public_input,low g,0.6,2,0.5003252364947652,1.2,0.6877304585999902,0.3470326953245386,0.44933969439606347,0.5747232493812774,0.5776040616571838,-17.7413742736259
public_input,low g,0.6,2,0.5005082749838822,1.2,0.6877111503685023,0.34703485505842496,0.4493639009040055,0.5747993052043249,0.5776804987116307,-17.739921482527425
public_input,low g,0.6,2,0.500732079632158,1.2,0.6876874799962047,0.3470374341387724,0.4493934206305313,0.5748922752740996,0.5777739347958195,-17.73814549574035
public_input,low g,0.6,2,0.5009967050608752,1.2,0.6876595297654018,0.3470405321974453,0.4494283972584041,0.575002185077534,0.5778843955244363,-17.73604610121549
public_input,low g,0.6,2,0.5013022158749305,1.2,0.6876272856440816,0.3470441579747043,0.44946886464254787,0.5751290527132777,0.5780118990868506,-17.733623048228992
public_input,low g,0.6,2,0.5016486866891229,1.2,0.6875907024414905,0.34704816980662334,0.4495145466799313,0.5752728574637535,0.5781564246616379,-17.730876047314517
public_input,low g,0.6,2,0.502036202158526,1.2,0.6875498425865746,0.34705272786929736,0.44956574422099205,0.5754336534615216,0.5783180266526989,-17.727804770243743
public_input,low g,0.6,2,0.502464857012963,1.2,0.6875069895151208,0.34705432889963117,0.44961222842924287,0.5756099150523764,0.5784951717584546,-17.724408849978253
public_input,low g,0.6,2,0.5029347560956027,1.2,0.6875360647262642,0.34705438006600786,0.4495832692634417,0.5757874946499163,0.5786736414774313,-17.720689362234502
public_input,low g,0.6,2,0.5034460144056994,1.2,0.6875052463804912,0.34702678562998834,0.4495515034283224,0.5759843101709893,0.5788714435404091,-17.716644746430084
public_input,low g,0.6,2,0.5039987571454999,1.2,0.6877944441344395,0.3470256894359414,0.44925981950627564,0.5761421641287578,0.5790300887444338,-17.712281914297176
public_input,low g,0.6,2,0.5045931197713469,1.2,0.6877320050498995,0.3470325411878151,0.4493377983640653,0.5763881151343802,0.579277272584602,-17.70759455175029
public_input,low g,0.6,2,0.5052292480490046,1.2,0.6876652625465965,0.34703991628814457,0.4494212675949155,0.5766511943720034,0.5795416705123917,-17.702580930160437
public_input,low g,0.6,2,0.5059072981132409,1.2,0.6876784900670673,0.34703846065427374,0.4494047386968255,0.5769118239318433,0.5798036064833367,-17.697241376620592
public_input,low g,0.6,2,0.5066274365316988,1.2,0.6876031641735152,0.3470467882214285,0.44949895151268465,0.5772092139539996,0.5801024871791826,-17.691576006832413
public_input,low g,0.6,2,0.507389840373095,1.2,0.6875244420686859,0.34705547355916583,0.44959737196350225,0.5775235972565184,0.580418446334563,-17.68558262031544
public_input,low g,0.6,2,0.5081946972797818,1.2,0.687486010938472,0.34699814179616834,0.4495057746552378,0.5778255781647559,0.5807219409284022,-17.67926073760838
public_input,low g,0.6,2,0.5090422055447187,1.2,0.6877073289935544,0.3470353070590938,0.4493687474164706,0.578121907197864,0.5810197553169701,-17.672619221085824
public_input,low g,0.6,2,0.5099325741928927,1.2,0.6876570710953382,0.34704083880165115,0.44943155130680656,0.5784784787120447,0.5813781141533035,-17.665651057645253
public_input,low g,0.6,2,0.5108660230672385,1.2,0.6879325554251288,0.347015636655048,0.44909890850851997,0.5787770924286103,0.5816782246773523,-17.658355477640058
public_input,low g,0.6,2,0.5118427829191048,1.2,0.6878351475283214,0.34702121416220394,0.44920896619155715,0.5791757703370859,0.5820789009671603,-17.650742677595908
public_input,low g,0.6,2,0.5128630955033207,1.2,0.6878203281462296,0.3470228064522771,0.4492273968875349,0.5795732309442977,0.5824783538539564,-17.642800509603102
public_input,low g,0.6,2,0.5139272136779165,1.2,0.6877103619658963,0.3470349492885112,0.44936490302044707,0.5800094081556159,0.5829167174126448,-17.634527778290515
public_input,low g,0.6,2,0.5150354015085564,1.2,0.687595999981482,0.3470476094338295,0.44950797821444327,0.5804631711024677,0.5833727548557328,-17.62592171163924
public_input,low g,0.6,2,0.5161879343777439,1.2,0.6875711880044868,0.34705039818740757,0.44953911508455363,0.5809126109830571,0.5838244475630988,-17.61698347640252
public_input,low g,0.6,2,0.5173850990988615,1.2,0.6874479091203207,0.3470643244747764,0.44969397878847217,0.5814017952543301,0.5843160838807356,-17.607712340871814
public_input,low g,0.6,2,0.5186271940351138,1.2,0.687974376769332,0.3470058022876456,0.44903478281904813,0.581755375673259,0.5846714366288899,-17.598118734648875
public_input,low g,0.6,2,0.5199145292234401,1.2,0.6879399181979178,0.34700961588748364,0.4490778906348951,0.5822570659060968,0.5851756415944849,-17.588210907518526
public_input,low g,0.6,2,0.5212474265034702,1.2,0.6878047374595522,0.34702456598946474,0.44924697820455406,0.5827991847781704,0.585720477848713,-17.577969184791954
public_input,low g,0.6,2,0.5226262196515982,1.2,0.687707004622554,0.34703531850024344,0.4493690977359983,0.5833493882252572,0.5862734392020551,-17.567390270046836
public_input,low g,0.6,2,0.5240512545202515,1.2,0.6876625897288374,0.34704025721579934,0.44942471363659553,0.5839040436987057,0.5868308748976342,-17.556476530967192
public_input,low g,0.6,2,0.5255228891824385,1.2,0.6875157315554649,0.34705336229076716,0.44960129411999505,0.5844987633763984,0.5874285756201169,-17.545223864438004
public_input,low g,0.6,2,0.5270414940816569,1.2,0.6877484231074894,0.34703061504110644,0.44931701180574,0.5850232654155038,0.5879557067366339,-17.533649828620852
public_input,low g,0.6,2,0.5286074521872524,1.2,0.6879686266823656,0.3470064437801348,0.44904198781098004,0.5855668211438658,0.5885019870494227,-17.521746142002243
public_input,low g,0.6,2,0.5302211591553182,1.2,0.6878063026180292,0.3470243791985335,0.44924498940424473,0.5862175630719167,0.5891559908349621,-17.509513550637703
public_input,low g,0.6,2,0.5318830234952302,1.2,0.6877463335372652,0.3470310370884566,0.4493200585793543,0.5868614919947994,0.5898031474650026,-17.496938912128698
public_input,low g,0.6,2,0.5335934667419154,1.2,0.687615951507389,0.34699030762415073,0.44935806618418495,0.5875218805995497,0.5904668462814096,-17.484021951379148
public_input,low g,0.6,2,0.5353529236339561,1.2,0.6878372819357998,0.3470213693305753,0.4492071837059451,0.5881517795502836,0.5910999026137732,-17.470786133760832
public_input,low g,0.6,2,0.537161842297634,1.2,0.6877686938716501,0.34702857782138374,0.44929212062724844,0.588849875172902,0.5918014974552619,-17.45721132279094
public_input,low g,0.6,2,0.5390206844370244,1.2,0.6878620812494106,0.3470182228064147,0.4491752480755379,0.5895273384592097,0.5924823565404236,-17.443290367057298
public_input,low g,0.6,2,0.5409299255302531,1.2,0.6877865245715304,0.3470266658167138,0.4492699535007765,0.5902624760007484,0.5932211789742239,-17.429040216990526
public_input,low g,0.6,2,0.5428900550320312,1.2,0.6879945108887491,0.34700362237234905,0.4490097046517388,0.5909480847152742,0.5939102243167327,-17.41445830333993
public_input,low g,0.6,2,0.5449015765825912,1.2,0.6879134836193178,0.3470125614786743,0.4491110058143156,0.5917200544154798,0.5946860635311634,-17.399538811780822
public_input,low g,0.6,2,0.5469650082231464,1.2,0.6877549118310287,0.34703009606278096,0.4493093460393587,0.5925284083301281,0.5954984693366706,-17.38427079319641
public_input,low g,0.6,2,0.5490808826180046,1.2,0.6876678742148548,0.3470397981441112,0.4494183879759895,0.5933378469108221,0.5963119652451349,-17.368649331969653
public_input,low g,0.6,2,0.5512497472834679,1.2,0.6881463798129077,0.3469868359836152,0.4488197641979317,0.5940306736973331,0.5970082648403651,-17.352715828234277
public_input,low g,0.6,2,0.5534721648236569,1.2,0.6879309418569879,0.347010679427323,0.44908927908418067,0.5949069793962138,0.5978889630398406,-17.33644467855557
public_input,low g,0.6,2,0.5557487131734017,1.2,0.6878341237057459,0.347021290911769,0.44921016408214626,0.5957733215465618,0.5987596477482886,-17.31982006775925
public_input,low g,0.6,2,0.5580799858483445,1.2,0.6876094527124269,0.34704643045084593,0.44949185155009175,0.596688780449314,0.5996796954078868,-17.302834252858105
public_input,low g,0.6,2,0.5604665922024078,1.2,0.687963794736323,0.3470076298341377,0.44904950972750146,0.597484372835527,0.6004792757175312,-17.28552090117787
public_input,low g,0.6,2,0.5629091576927818,1.2,0.6880154728582163,0.34700130850173916,0.44898349482372824,0.5983705472441013,0.6013698920938138,-17.267882676089023
public_input,low g,0.6,2,0.5654083241525933,1.2,0.6879070170513054,0.34701329990213875,0.4491191471267454,0.5993140237580403,0.6023180978034592,-17.249883860318057
public_input,low g,0.6,2,0.5679647500714233,1.2,0.6880851757342794,0.3469936294980928,0.4488963759673952,0.6002075474123579,0.6032161002637325,-17.231529398992052
public_input,low g,0.6,2,0.5705791108838415,1.2,0.6879710289849587,0.34700622266575454,0.4490390840209727,0.6011902011636899,0.6042036795874904,-17.212841643944255
public_input,low g,0.6,2,0.5732520992661372,1.2,0.6880072253159453,0.3470022266451155,0.44899382471517685,0.6021557812319682,0.6051740996460024,-17.193803019514164
public_input,low g,0.6,2,0.5759844254414287,1.2,0.6879314960696825,0.34701083356404655,0.4490890744535752,0.6031675818342431,0.6061909719199018,-17.174412022117277
public_input,low g,0.6,2,0.578776817493336,1.2,0.688097257904853,0.34699230781953533,0.4488812962298531,0.6041402691971086,0.6071685348984632,-17.154689130912807
public_input,low g,0.6,2,0.5816300216884137,1.2,0.6879722702271152,0.3470060957814606,0.4490375550052375,0.605202640388672,0.6082362312477848,-17.134600834993947
public_input,low g,0.6,2,0.5845448028075416,1.2,0.6879935125047579,0.3470037906511113,0.4490110846919627,0.6062492545675471,0.6092880916020633,-17.114152588551132
public_input,low g,0.6,2,0.5875219444864789,1.2,0.6882940145279968,0.34697060019576675,0.44863530671600227,0.607247784074114,0.6102916262586107,-17.09337054288431
public_input,low g,0.6,2,0.5905622495657936,1.2,0.6880603703672875,0.3469963627151639,0.4489273802707042,0.6083956480828278,0.6114452439596118,-17.072245474669003
public_input,low g,0.6,2,0.5936665404503856,1.2,0.6879225153227817,0.3470116803596359,0.4490999757328726,0.6095403501819754,0.6125956839019091,-17.05073621642966
public_input,low g,0.6,2,0.5968356594788269,1.2,0.6883672293618327,0.3469625519803883,0.44854383852968793,0.6105632915609072,0.6136237527958408,-17.028882134656897
public_input,low g,0.6,2,0.600070469302753,1.2,0.6882246464136071,0.3469782290646841,0.44872197710509665,0.611749411975759,0.6148158186640139,-17.00669470888257
public_input,low g,0.6,2,0.6033718532765401,1.2,0.687972902328579,0.3470060860095522,0.4490369007410855,0.6129827013325163,0.6160552899093975,-16.984130622602223
public_input,low g,0.6,2,0.6067407158575169,1.2,0.6882675410052186,0.34697355285797676,0.4486684768766729,0.614102971852494,0.6171811758087247,-16.961198502077185
public_input,low g,0.6,2,0.6101779830169621,1.2,0.6882590085677838,0.34697444541816475,0.4486790336406139,0.6153179689773813,0.6184022631320448,-16.937936644110216
public_input,low g,0.6,2,0.6136846026621482,1.2,0.6881033259821812,0.34699168483921516,0.44887381523315906,0.6165899476507471,0.6196806176250436,-16.914296584849566
public_input,low g,0.6,2,0.6172615450697004,1.2,0.6882850818012239,0.34697158531679984,0.44864647369727806,0.617800007902868,0.6208967433294192,-16.89029490983428
public_input,low g,0.6,2,0.6209098033305457,1.2,0.6881256937166818,0.34698608341811205,0.4488387434755965,0.6191140678862006,0.6222173900658289,-16.86593185589259
public_input,low g,0.6,2,0.6246303938067362,1.2,0.6880993753404148,0.34699210688656534,0.4488787230783153,0.6204187716817189,0.6235286337163375,-16.841212739218534
public_input,low g,0.6,2,0.6284243566004422,1.2,0.6883884902739381,0.3469601782031411,0.4485171938907859,0.6216659437750601,0.6247820572858119,-16.816130520216056
public_input,low g,0.6,2,0.6322927560354111,1.2,0.6881014290216756,0.34699191739474505,0.4488762396296062,0.6230771804676758,0.6262003678317869,-16.790674333088212
public_input,low g,0.6,2,0.6362366811512086,1.2,0.6882310730886396,0.346977825529503,0.44871463521227334,0.6244071550389866,0.6275370089283788,-16.76484110457214
public_input,low g,0.6,2,0.6402572462105554,1.2,0.688350996426199,0.34696433710076424,0.44856412011833424,0.6257612310676633,0.6288978722913945,-16.738675664990858
public_input,low g,0.6,2,0.6443555912200942,1.2,0.6881708869852274,0.34698416434242274,0.44878919774338755,0.6272120991918594,0.6303560129223273,-16.71211571954194
public_input,low g,0.6,2,0.6485328824649206,1.2,0.6886407480603947,0.3469323485107027,0.448201818361879,0.6285233511633935,0.6316738375717208,-16.685158768830885
public_input,low g,0.6,2,0.652790313057229,1.2,0.6884555965878798,0.346952773149493,0.4484332929151704,0.6300203790709841,0.6331783693629252,-16.657896300421797
public_input,low g,0.6,2,0.6571291034994325,1.2,0.6880931201896909,0.3469929280989664,0.44888684073876495,0.6315846845569757,0.6347505159627959,-16.630213604454596
public_input,low g,0.6,2,0.6615505022621248,1.2,0.688375374575512,0.34696179067462457,0.4485339666745366,0.6330104803663074,0.636183458603363,-16.602156398327203
public_input,low g,0.6,2,0.6660557863772645,1.2,0.6883695575386081,0.3469626603525133,0.4485417561408921,0.6345315355106136,0.6377121380683083,-16.57375163739988
public_input,low g,0.6,2,0.6706462620469753,1.2,0.6881855389482245,0.3469827800563389,0.4487714062195523,0.6361205947314512,0.6393091624816372,-16.54494633153719
public_input,low g,0.6,2,0.6753232652683625,1.2,0.6884758504940329,0.3469505747220274,0.4484080529755252,0.6376136554309625,0.6408097071790492,-16.515774513283517
public_input,low g,0.6,2,0.6800881624747613,1.2,0.6884145434027169,0.34695736386637477,0.448484757846221,0.639219061561866,0.6424231604416717,-16.48623376454308
public_input,low g,0.6,2,0.6849423511938463,1.2,0.6887555111004693,0.34691967692423464,0.44805831616369507,0.6407464409268491,0.643958195827582,-16.45629995500034
public_input,low g,0.6,2,0.6898872607230374,1.2,0.6883747917478708,0.34696175094939746,0.44853445940536274,0.6424808864601727,0.6457013353053208,-16.425995875989287
public_input,low g,0.6,2,0.6949243528226603,1.2,0.6884940879514008,0.34694887676071834,0.44838596454190865,0.644112892610664,0.6473415219206842,-16.395293476946073
public_input,low g,0.6,2,0.7000551224273222,1.2,0.6886393288321884,0.34693252823061466,0.4482036451948457,0.6457624752363247,0.6489993731136651,-16.36424003700631
public_input,low g,0.6,2,0.7052810983759861,1.2,0.6884376991525456,0.3469548632048336,0.4484559305960172,0.647525440828885,0.6507711756080325,-16.332769208815655
public_input,low g,0.6,2,0.7106038441612367,1.2,0.6888539260352426,0.34690884599464966,0.44793533668062274,0.6491553093261463,0.6524092138551346,-16.300926717151974
public_input,low g,0.6,2,0.7160249586982449,1.2,0.6886379338236773,0.34693271065141557,0.4482054539337331,0.6509722785300549,0.6542352906550786,-16.268713281375778
public_input,low g,0.6,2,0.7215460771139571,1.2,0.6883659659396241,0.34684995999756485,0.44828974333485305,0.6527902565867103,0.656062381364665,-16.236050195331945
public_input,low g,0.6,2,0.7271688715570458,1.2,0.6888914612091283,0.34690469416804587,0.447888385164,0.6545067328585409,0.6577874615096129,-16.2030869926188
public_input,low g,0.6,2,0.7328950520291776,1.2,0.6886694190133429,0.3469293190989276,0.44816627670302506,0.6564027398757712,0.6596929723015665,-16.169671160751093
public_input,low g,0.6,2,0.7387263672381705,1.2,0.6890789086073934,0.34695337761764405,0.44781135182942333,0.6581856969337719,0.6614848664690118,-16.135870382079837
public_input,low g,0.6,2,0.7446646054736273,1.2,0.6889018488338917,0.34690357946182987,0.44787546938553857,0.6600985696102047,0.6634073274596367,-16.101704342833074
public_input,low g,0.6,2,0.7507115955056528,1.2,0.6889847776592498,0.34689443338316306,0.4477717972537639,0.6619948698780778,0.665313132972158,-16.067103868468244
public_input,low g,0.6,2,0.7568692075072764,1.2,0.6891299983597994,0.34687843285173353,0.44759028734793227,0.6639017699088902,0.6672295913791518,-16.032131065993237
public_input,low g,0.6,2,0.7631393540012239,1.2,0.6887005675094386,0.34692288772516294,0.44812054185123107,0.6659850065563763,0.6693232702937884,-15.996738238072673
public_input,low g,0.6,2,0.7695239908317001,1.2,0.688983434239395,0.3468946289143549,0.44777358413836194,0.6679115922622594,0.6712595130507097,-15.960977512539417
public_input,low g,0.6,2,0.7760251181618615,1.2,0.6891279427549976,0.346876178887761,0.44758723096244435,0.6699000102419304,0.6732578980169811,-15.924774400150806
public_input,low g,0.6,2,0.7826447814976824,1.2,0.6891985180461976,0.3468708437080432,0.44750455548364443,0.6719375353896092,0.6753056363019643,-15.888213685879172
public_input,low g,0.6,2,0.7893850727389358,1.2,0.6889506380301701,0.3468984398133039,0.44781502346640323,0.6740866769670851,0.677465550496427,-15.85119914633358
public_input,low g,0.6,2,0.7962481312580323,1.2,0.6894057751749592,0.34685114335067874,0.4472526179443803,0.6760794788757136,0.6794683413661912,-15.813809128596194
public_input,low g,0.6,2,0.8032361450074849,1.2,0.6891378316479828,0.34687767861698915,0.44758074345534843,0.67829055609029,0.6816905016514273,-15.776013936555675
public_input,low g,0.6,2,0.8103513516567865,1.2,0.6895434299247101,0.34683282020837874,0.447073406307893,0.6803528432950463,0.6837631261138157,-15.737759231777138
public_input,low g,0.6,2,0.8175960397595149,1.2,0.6893341171614403,0.34685590671645306,0.4473350792714753,0.6826083888100559,0.6860299775977685,-15.699170008664689
public_input,low g,0.6,2,0.8249725499515008,1.2,0.6890754607018056,0.3468811344462447,0.44765095222227747,0.6849060563615389,0.6883391622557812,-15.660077754836852
public_input,low g,0.6,2,0.8324832761809209,1.2,0.689474765213449,0.3468403837688807,0.44715922517437257,0.6870600109179797,0.6905039135543665,-15.620660434141495
public_input,low g,0.6,2,0.8401306669712053,1.2,0.6892574629817345,0.3468644422875971,0.4474310921265359,0.6894086996684604,0.6928643751562011,-15.58076181157079
public_input,low g,0.6,2,0.8479172267176741,1.2,0.6896600012441791,0.3468199662011098,0.44692768209993794,0.6916211091515183,0.6950878743879423,-15.540469492947457
public_input,low g,0.6,2,0.8558455170188431,1.2,0.6893857594569646,0.34685032213827766,0.4472707711526494,0.694047369836694,0.6975262967554129,-15.499758221365958
public_input,low g,0.6,2,0.8639181580433734,1.2,0.6894879072029059,0.3468390365071348,0.44714302759527585,0.6964032817690379,0.6998940177454606,-15.458610163832802
public_input,low g,0.6,2,0.8721378299336601,1.2,0.6895589431744398,0.34683111080592,0.4470540161333867,0.6987993033789649,0.7023020494636869,-15.417053803553577
public_input,low g,0.6,2,0.8805072742470966,1.2,0.6898250739333693,0.3468018042665527,0.44672141814317223,0.7011741487194424,0.7046887987659713,-15.375050849061605
public_input,low g,0.6,2,0.88902929543607,1.2,0.6897040691010663,0.3468151146446208,0.4468726109129337,0.7036871237779267,0.7072143701643555,-15.332630352114784
public_input,low g,0.6,2,0.8977067623677852,1.2,0.6899912637285652,0.3467834440999147,0.4465135874900414,0.7061210373921454,0.7096604838213355,-15.289784189320208
public_input,low g,0.6,2,0.9065426098850453,1.2,0.6895071529723475,0.34683691919936466,0.44711897977181153,0.7088003012512714,0.7123531775464432,-15.246494731624791
public_input,low g,0.6,2,0.9155398404091444,1.2,0.6901499245235699,0.3467659122166971,0.4463151643838993,0.7112025049538435,0.7147674223451831,-15.202777059102651
public_input,low g,0.6,2,0.9247015255860773,1.2,0.6896049531138679,0.3468261737596053,0.44699680897291705,0.7139670056544798,0.7175457801632471,-15.158628925148161
public_input,low g,0.6,2,0.9340308079772923,1.2,0.6903030993069217,0.34674902619609893,0.4461236921058307,0.7164210466525237,0.7200121220929835,-15.114014113311322
public_input,low g,0.6,2,0.9435309027962627,1.2,0.6899764213072241,0.34678507508356715,0.44653212898230626,0.7191946500940064,0.7227996282795723,-15.06901321379869
public_input,low g,0.6,2,0.9532050996921831,1.2,0.690011630689287,0.3467781176604575,0.4464811401646307,0.721901560637455,0.7255201072685845,-15.023490183013514
public_input,low g,0.6,2,0.9630567645821445,1.2,0.690115702798568,0.3467697073043662,0.4463579933677344,0.7246270090634918,0.7282592170617079,-14.977622404251553
public_input,low g,0.6,2,0.9730893415331738,1.2,0.6901437341388862,0.3467667219879485,0.44632319132978104,0.7274085910606611,0.7310547417966602,-14.931208506269243
public_input,low g,0.6,2,0.9833063546955787,1.2,0.6902484023814358,0.3467551052010593,0.44619217621456675,0.7302048522221007,0.7338650192755,-14.884435217220766
public_input,low g,0.6,2,0.9937114102890687,1.2,0.6905121958487799,0.3467237341895397,0.4458572332930961,0.7329918384639242,0.7366659753439955,-14.837130675541188
public_input,low g,0.6,2,1.0043081986431819,1.2,0.6902946303229534,0.3467499884348326,0.44613434344724706,0.7359542926518702,0.7396432788953535,-14.789442804089212
public_input,low g,0.6,2,1.0151004962935855,1.2,0.6906353632987348,0.3467124213059673,0.4457084082231992,0.7387947384799838,0.7424979625174305,-14.741246670274684
public_input,low g,0.6,2,1.0260921681358672,1.2,0.6904122596842959,0.3467370560087574,0.44598738334356613,0.7418341872205968,0.7455526465582568,-14.69262317035416
public_input,low g,0.6,2,1.037287169638491,1.2,0.6907517971023924,0.34669956125932677,0.44556280783376084,0.744751068343769,0.7484841486089034,-14.643525360617891
public_input,low g,0.6,2,1.0486895491166357,1.2,0.6903913898133054,0.34673938132051696,0.4460135270216272,0.7479082203945324,0.7516571259501775,-14.593984243357566
public_input,low g,0.6,2,1.0603034500686892,1.2,0.6907808897557165,0.34669637063980885,0.44552647885537,0.7508887784560159,0.7546526241211168,-14.543958274778225
public_input,low g,0.6,2,1.0721331135772334,1.2,0.690493978370267,0.3467280183022156,0.44588516713915816,0.7541049618505903,0.7578849287020443,-14.493501559799816
public_input,low g,0.6,2,1.0841828807763967,1.2,0.6908824715523374,0.34668519608168,0.44539955316091295,0.7571656521501537,0.7609609607755783,-14.44251872795493
public_input,low g,0.6,2,1.0964571953875313,1.2,0.6905880486185104,0.34671763937329947,0.44576755748013286,0.7604661754028869,0.7642780279699629,-14.391134925527739
public_input,low g,0.6,2,1.1089606063252093,1.2,0.6912302293040142,0.3466468289534716,0.4449647787624593,0.7635342275451366,0.7673614587875732,-14.339194607895848
public_input,low g,0.6,2,1.1216977703756155,1.2,0.6905918042570467,0.3467172587204176,0.44576293852086035,0.7670200048079436,0.7708647085816214,-14.286873383028484
public_input,low g,0.6,2,1.1346734549494641,1.2,0.6913178544861598,0.346637138313291,0.4448551752083843,0.7701466986341481,0.7740070750258508,-14.233981850845696
public_input,low g,0.6,2,1.147892540911644,1.2,0.6906697539963242,0.34670868882582456,0.4456655522606461,0.7737224463194767,0.7776007462210399,-14.18069089879926
public_input,low g,0.6,2,1.1613600254898573,1.2,0.6909876337263292,0.34666215803909334,0.4452421407063345,0.77705131293501,0.7809462988499216,-14.126842322154452
public_input,low g,0.6,2,1.1750810252645967,1.2,0.6910012214100303,0.34667208226645163,0.44525106117028196,0.780523800099767,0.784436191929026,-14.07258251642871
public_input,low g,0.6,2,1.189060779242872,1.2,0.6909911894284179,0.3466732514775268,0.445263744922613,0.7840436228778646,0.7879736578922203,-14.017770874198007
public_input,low g,0.6,2,1.2033046520181812,1.2,0.6910648208337461,0.3466650736769653,0.44517156626561116,0.7875836851348771,0.7915314647851396,-13.962528089485257
public_input,low g,0.6,2,1.217818137019287,1.2,0.6910212244332982,0.34667011202438563,0.44522658963800865,0.791205098541898,0.7951710306024037,-13.906731537579109
public_input,low g,0.6,2,1.2326068598504607,1.2,0.6910903859908397,0.3466622522691796,0.44513960215565973,0.7948388665763537,0.7988230129749303,-13.850493477164017
public_input,low g,0.6,2,1.247676581725918,1.2,0.6913724729415611,0.34663113772713705,0.44478694742358577,0.798455002839848,0.8024572751968759,-13.793724961136947
public_input,low g,0.6,2,1.2630332030012734,1.2,0.691137244345878,0.3466571795983103,0.44508123898308993,0.8022763388143085,0.8062977656976191,-13.736455738891237
public_input,low g,0.6,2,1.2786827668049243,1.2,0.6913859121072901,0.3466296918651746,0.44477022904292607,0.8059982773516047,0.810038360529471,-13.678714488617322
public_input,low g,0.6,2,1.294631462772364,1.2,0.6914327418850406,0.34664758318821604,0.4447639767858333,0.8098404462700527,0.813899788399768,-13.62039408285054
public_input,low g,0.6,2,1.31088563088653,1.2,0.6914217855900596,0.3466257143567046,0.44472533457094643,0.8137309226460727,0.8178097658697758,-13.561672596408213
public_input,low g,0.6,2,1.3274517654273796,1.2,0.6915169221211992,0.3464899460058508,0.4443222754200706,0.8175959801253868,0.8216941970303278,-13.502325887221508
public_input,low g,0.6,2,1.3443365190339982,1.2,0.6914160975411157,0.34662656115229395,0.4447329431522871,0.8216780771666425,0.825796755668153,-13.442570322797241
public_input,low g,0.6,2,1.3615467068826452,1.2,0.6921057278324423,0.34655030177884527,0.44387035660197877,0.8255121831659021,0.829650080203711,-13.382221357045145
public_input,low g,0.6,2,1.3790893109842512,1.2,0.6917493940906178,0.3465895984915797,0.44431581528828523,0.829725717803101,0.8338847352711706,-13.321405991691115
public_input,low g,0.6,2,1.3969714846049992,1.2,0.6921242490582622,0.3465482416768233,0.4438471630647731,0.8337626209052676,0.8379418734343443,-13.260029659055789
public_input,low g,0.6,2,1.4152005568137338,1.2,0.6917271437431483,0.3465921361774589,0.4443438211073285,0.8380970406010098,0.8422980194992246,-13.198158459552214
public_input,low g,0.6,2,1.4337840371600625,1.2,0.6920994763405492,0.3465511855987727,0.4438786125974674,0.8422423933967705,0.8464641509623437,-13.13572499424482
public_input,low g,0.6,2,1.4527296204871472,1.2,0.6917267854395567,0.3465922331084342,0.44434439925037206,0.8466799992268271,0.8509240003841892,-13.07278635427997
public_input,low g,0.6,2,1.4720451918832933,1.2,0.6924249727845394,0.3465150996869665,0.44347127330550073,0.8508312115985408,0.855096020794508,-13.009315139620673
public_input,low g,0.6,2,1.4917388317766058,1.2,0.691625217921283,0.34660073602537056,0.44446525138425746,0.8555188989516387,0.8598072052782457,-12.945258078720622
public_input,low g,0.6,2,1.5118188211770927,1.2,0.6923820054165504,0.3465198445405718,0.4435250020014665,0.8597652485037532,0.8640748397460665,-12.880753685400123
public_input,low g,0.6,2,1.5322936470707536,1.2,0.692659590039687,0.34648923753570504,0.44317800069129226,0.8642224554693174,0.8685543885545202,-12.815598157659931
public_input,low g,0.6,2,1.5531720079703377,1.2,0.6923636266383961,0.3465218746892751,0.4435479851568797,0.8689254911534741,0.8732809983031462,-12.750002671549963
public_input,low g,0.6,2,1.5744628196276003,1.2,0.6926031949714891,0.3464954477950896,0.4432484806277742,0.8735138809431433,0.8778923874923473,-12.683791444608191
public_input,low g,0.6,2,1.5961752209120554,1.2,0.6922992052958499,0.34652643982296855,0.4436227602226428,0.8783404698209387,0.8827431697475723,-12.617037163014405
public_input,low g,0.6,2,1.618318579861377,1.2,0.6925719743953205,0.3464989052935863,0.4432875428105332,0.8830412884165767,0.8874675512944772,-12.549760383128847
public_input,low g,0.6,2,1.6409024999087747,1.2,0.6925997474330914,0.34649594389111577,0.44325305331195913,0.8878843485902812,0.8923348874083258,-12.481875047130924
public_input,low g,0.6,2,1.6639368262928396,1.2,0.6924922236914343,0.3465077387286757,0.4433873277452022,0.8928360387721228,0.8973113980404931,-12.413471545427742
public_input,low g,0.6,2,1.6874316526555453,1.2,0.6926232169356004,0.3463479391115352,0.4428939089693616,0.8977067041813487,0.9022064777616818,-12.344450066082382
public_input,low g,0.6,2,1.7113973278342638,1.2,0.6927874045260158,0.34647516855276234,0.4430182777516492,0.9027631505213615,0.9072882696444485,-12.274932936380557
public_input,low g,0.6,2,1.7358444628538618,1.2,0.6932121330171803,0.34642829310583945,0.44248723574686366,0.9077312889651303,0.9122813109857991,-12.204791804360307
public_input,low g,0.6,2,1.7607839381251333,1.2,0.6926881910866773,0.34648616943035077,0.4431424411813583,0.9130882207508896,0.9176650945038769,-12.134103970573713
public_input,low g,0.6,2,1.7862269108560356,1.2,0.6934674997316856,0.34639748079787247,0.44216198671788925,0.9180684531434689,0.9226702904152085,-12.062828426268092
public_input,low g,0.6,2,1.8121848226824113,1.2,0.6926144301576732,0.3464944212795883,0.4432349173044331,0.9236786337069012,0.9283085921257401,-11.990935166442403
public_input,low g,0.6,2,1.8386694075250942,1.2,0.6933940544781383,0.3464082561909504,0.44225987056293725,0.9287973445744662,0.933452960638302,-11.918556222503192
public_input,low g,0.6,2,1.8656926996805347,1.2,0.6932656314790537,0.34641957614554214,0.44241396721903586,0.9342983778150068,0.9389815679227093,-11.845413495162466
public_input,low g,0.6,2,1.8932670421523103,1.2,0.6932710254485083,0.34642184321990566,0.44241371497423787,0.9398283308400652,0.9445392399526571,-11.771906173315694
public_input,low g,0.6,2,1.921405095231136,1.2,0.693994959109639,0.3463392009381799,0.4415023486181531,0.94517739414117,0.949915115545137,-11.697634393757902
public_input,low g,0.6,2,1.9501198453312445,1.2,0.6931370095523228,0.34643417554796013,0.442575700590451,0.9511569102549867,0.9559246041082033,-11.622836362672144
public_input,low g,0.6,2,1.979424614091259,1.2,0.6938588089626134,0.34635449299946364,0.44167318116017024,0.9566562111878126,0.9614514704016672,-11.54744209479012
public_input,low g,0.6,2,2.009333067747975,1.2,0.6933998233410372,0.34640520659776514,0.44224718522269413,0.9626495803975674,0.9674748814996039,-11.471377250627704
public_input,low g,0.6,2,2.0398592267917226,1.2,0.6937486910472697,0.3463692018056543,0.4418166586479544,0.9684351817630183,0.9732894833125834,-11.39479037805884
public_input,low g,0.6,2,2.071017475912293,1.2,0.6940380176298524,0.34633725627930223,0.4414548796116051,0.9743188339962262,0.9792026274753396,-11.317522518592929
public_input,low g,0.6,2,2.1028225742447084,1.2,0.6939643962676759,0.34634537854335673,0.4415469222686571,0.9804128640818425,0.9853272040138779,-11.239687637683842
public_input,low g,0.6,2,2.135289665924415,1.2,0.6939150238556029,0.3463508503792769,0.4416087048045971,0.9865799745270551,0.9915252272288395,-11.161194115237166
public_input,low g,0.6,2,2.168434290961828,1.2,0.693835021255668,0.3463597437210035,0.4417088775035679,0.9928413011504746,0.9978179388825663,-11.082089992426354
public_input,low g,0.6,2,2.2022723964464688,1.2,0.6941200021496852,0.3463285110349276,0.4413530608775309,0.9990533481415336,1.0040611238887476,-11.002352319130985
public_input,low g,0.6,2,2.23682034809129,1.2,0.6944690047262286,0.34628725115114656,0.44091048088457174,1.0053245823204,1.0103637927597497,-10.92199598437611
public_input,low g,0.6,2,2.2720949421281498,1.2,0.6944475960792869,0.3462921000067465,0.4409428867360143,1.0118210971346107,1.01689287148998,-10.841010771423468
public_input,low g,0.6,2,2.308113417565749,1.2,0.6947097827888902,0.34626073876713537,0.44060957273497303,1.0182975796126408,1.0234018174715267,-10.75938439715556
public_input,low g,0.6,2,2.344893468821764,1.2,0.6942460570537834,0.34631445079224543,0.44119511734302935,1.0251369303690978,1.0302754506163152,-10.677071394387283
public_input,low g,0.6,2,2.382453258741261,1.2,0.6945065601848763,0.3462832006256483,0.4408637388340941,1.0317936619476666,1.0369655492007772,-10.594211043429889
public_input,low g,0.6,2,2.4208114320139376,1.2,0.6953125787786407,0.34619408017391134,0.4398555950557903,1.0383359404881682,1.0435406210489309,-10.510571869933546
public_input,low g,0.6,2,2.4599871290031343,1.2,0.694332012076615,0.3463049610850348,0.44108763966424375,1.0456506806238606,1.0508920264721349,-10.426368954743594
public_input,low g,0.6,2,2.5,1.2,0.6950941213715349,0.34621843115479495,0.44012928048754,1.0523946747746962,1.057669825034327,-10.34152728611906
public_input,low g,0.6,3,0.5,1.2,0.5134374936729929,0.3778703690896714,0.7751925031457507,0.6510336458916639,0.6542969656218678,-18.93510642901916
public_input,low g,0.6,3,0.5000203210855501,1.2,0.5134379993970865,0.3778703179232947,0.7751918703243773,0.6510423533985465,0.6543057167753104,-18.934604487129985
public_input,low g,0.6,3,0.5000812892976928,1.2,0.5134394575258245,0.37787016108568205,0.7751900226110096,0.6510684843356539,0.6543319786942852,-18.93309864503079
public_input,low g,0.6,3,0.5001829195049198,1.2,0.5134419074579831,0.37786993560117155,0.775187012575327,0.6511120425366557,0.6543757552316779,-18.93058885344738
public_input,low g,0.6,3,0.5003252364947652,1.2,0.5134452929094353,0.37786957512969993,0.7751827317127391,0.6511730294435377,0.6544370478367029,-18.92707503029615
public_input,low g,0.6,3,0.5005082749838822,1.2,0.513449692640032,0.3778691645234994,0.7751773120363401,0.6512514555288856,0.6545158670344395,-18.922557060596706
public_input,low g,0.6,3,0.500732079632158,1.2,0.5134534269714328,0.37787731507163136,0.7751938236664992,0.6513489999066443,0.6546139003554264,-18.917034796586027
public_input,low g,0.6,3,0.5009967050608752,1.2,0.5134613672119744,0.3778679582880862,0.7751626411756315,0.6514606461817011,0.6547261062597658,-18.910508057582202
public_input,low g,0.6,3,0.5013022158749305,1.2,0.5134686581694194,0.3778672410776798,0.775153568667537,0.6515914454402771,0.6548575611523538,-18.902976630062142
public_input,low g,0.6,3,0.5016486866891229,1.2,0.5134769891525761,0.37786640842412916,0.7751431693729605,0.6517397169137639,0.6550065758396942,-18.894440267688346
public_input,low g,0.6,3,0.502036202158526,1.2,0.5134862249976855,0.3778654717685838,0.7751316068754766,0.6519054976525359,0.6551731875578776,-18.884898691178723
public_input,low g,0.6,3,0.502464857012963,1.2,0.5134964540553688,0.37786443381193285,0.7751187995334723,0.6520887949697334,0.6553574036567009,-18.874351588424517
public_input,low g,0.6,3,0.5029347560956027,1.2,0.5135076275901922,0.3778632918532872,0.7751047893733729,0.6522896358352424,0.6555592512412376,-18.862798614403577
public_input,low g,0.6,3,0.5034460144056994,1.2,0.5135198966920862,0.37786209872826493,0.7750895565489235,0.6525080314608238,0.6557787415794478,-18.85023939121009
public_input,low g,0.6,3,0.5039987571454999,1.2,0.5135330392322264,0.3778607497972778,0.7750730632642113,0.6527440192195038,0.6560159122316909,-18.836673508035002
public_input,low g,0.6,3,0.5045931197713469,1.2,0.5135471849607716,0.3778593426288946,0.7750554221294024,0.6529976247421019,0.656270788957261,-18.822100521118855
public_input,low g,0.6,3,0.5052292480490046,1.2,0.5135622641245875,0.37785781731647805,0.7750365540895437,0.6532688762897257,0.6565434001589255,-18.80651995381202
public_input,low g,0.6,3,0.5059072981132409,1.2,0.5135783703026331,0.37785619610473403,0.775016420821526,0.6535577957837726,0.656833767867963,-18.789931296512297
public_input,low g,0.6,3,0.5066274365316988,1.2,0.51359547830427,0.3778544867022753,0.7749950666641816,0.653864420846788,0.6571419298955028,-18.772334006642176
public_input,low g,0.6,3,0.507389840373095,1.2,0.5136135283592607,0.3778526847389715,0.7749725405323442,0.6541887938123853,0.6574679287873563,-18.753727508650286
public_input,low g,0.6,3,0.5081946972797818,1.2,0.5136326292162268,0.37785076296239317,0.7749486659823577,0.6545309323181479,0.6578117822695159,-18.734111194044083
public_input,low g,0.6,3,0.5090422055447187,1.2,0.5136526101236807,0.37784874258559825,0.7749236664589452,0.654890902185816,0.6581735564936545,-18.713484421241205
public_input,low g,0.6,3,0.5099325741928927,1.2,0.513673612063188,0.3778466340180886,0.774897426837744,0.655268727122539,0.6585532752857539,-18.691846515707805
public_input,low g,0.6,3,0.5108660230672385,1.2,0.5136956095772431,0.3778444241494734,0.7748699400100487,0.6556644515628417,0.6589509833030682,-18.66919676984556
public_input,low g,0.6,3,0.5118427829191048,1.2,0.5137185671861355,0.37784212172001314,0.7748412631663768,0.6560781270750229,0.6593667323723832,-18.645534442981628
public_input,low g,0.6,3,0.5128630955033207,1.2,0.5137424937738606,0.37783970217816737,0.7748113264367069,0.6565097956690346,0.6598005647142268,-18.62085876138885
public_input,low g,0.6,3,0.5139272136779165,1.2,0.5137674383010664,0.3778371900754766,0.7747801418464173,0.6569595042728592,0.6602525274918086,-18.59516891822011
public_input,low g,0.6,3,0.5150354015085564,1.2,0.5137918141501481,0.3778432195833014,0.7747707432947726,0.6574289799543741,0.6607243564299702,-18.56846407350306
public_input,low g,0.6,3,0.5161879343777439,1.2,0.5138202738247615,0.37783187944729935,0.7747141147223298,0.657913263072391,0.661211067027218,-18.540743354114397
public_input,low g,0.6,3,0.5173850990988615,1.2,0.5138482334258764,0.37782909506385165,0.7746792387127309,0.6584174158224584,0.6617177468534614,-18.512005853780785
public_input,low g,0.6,3,0.5186271940351138,1.2,0.5138770946273259,0.37782617672509067,0.7746431283577992,0.6589398365380849,0.6622427862138223,-18.482250633012736
public_input,low g,0.6,3,0.5199145292234401,1.2,0.5139070166362208,0.37782319681045107,0.7746058042409395,0.6594805758623252,0.662786236005205,-18.451476719101418
public_input,low g,0.6,3,0.5212474265034702,1.2,0.5139378490344414,0.3778200704677008,0.7745672060073271,0.6600397023040138,0.6633481650798455,-18.419683106106763
public_input,low g,0.6,3,0.5226262196515982,1.2,0.513969722453911,0.37781688254907186,0.7745274137979832,0.6606172768828236,0.6639286347632793,-18.386868754784686
public_input,low g,0.6,3,0.5240512545202515,1.2,0.5140025618491559,0.37781356337601874,0.7744863295768745,0.6612133647590261,0.6645277105423956,-18.35303259262472
public_input,low g,0.6,3,0.5255228891824385,1.2,0.5140364144203695,0.3778101603823812,0.7744440239694652,0.661828036444343,0.6651454632823568,-18.318173513749265
public_input,low g,0.6,3,0.5270414940816569,1.2,0.5140712705843203,0.3778066658595464,0.7744004874107929,0.6624613631044286,0.6657819645055368,-18.2822903789352
public_input,low g,0.6,3,0.5286074521872524,1.2,0.5141071173752871,0.37780306463382796,0.7743556951751414,0.6631134173481126,0.6664372871847187,-18.24538201556985
public_input,low g,0.6,3,0.5302211591553182,1.2,0.5141439934810808,0.3777993735481535,0.7743096504125324,0.6637842724014417,0.6671115049129963,-18.207447217610422
public_input,low g,0.6,3,0.5318830234952302,1.2,0.5141817991558904,0.37779556264920455,0.7742623784647336,0.6644740148376491,0.6678047046975527,-18.168484745552753
public_input,low g,0.6,3,0.5335934667419154,1.2,0.5142206354026475,0.37779166189029956,0.7742138527328564,0.6651827161332164,0.6685169583731473,-18.12849332641364
public_input,low g,0.6,3,0.5353529236339561,1.2,0.51426047705984,0.3777876483891393,0.7741640415387818,0.6659104584196055,0.6692483484829271,-18.08747165368672
public_input,low g,0.6,3,0.537161842297634,1.2,0.5143013531627395,0.377783558138414,0.7741130052530806,0.6666573287587988,0.6699989625252749,-18.045418387287903
public_input,low g,0.6,3,0.5390206844370244,1.2,0.5143431485850505,0.3777793410033948,0.774060734467382,0.6674234217434364,0.6707688955669783,-18.002332153552842
public_input,low g,0.6,3,0.5409299255302531,1.2,0.5143860011903976,0.37777501112612033,0.7740071264468851,0.668208810401964,0.6715582210025395,-17.958211545204936
public_input,low g,0.6,3,0.5428900550320312,1.2,0.5144299285004784,0.3777706240430976,0.7739523016225759,0.6690135938648846,0.6723670384593552,-17.91305512125342
public_input,low g,0.6,3,0.5449015765825912,1.2,0.5144748082119951,0.3777661003038724,0.7738961849428238,0.6698378698882878,0.6731954461835196,-17.866861407040926
public_input,low g,0.6,3,0.5469650082231464,1.2,0.5145206813391496,0.3777615025159713,0.7738388909105227,0.6706817404661105,0.6740435466802163,-17.81962889412547
public_input,low g,0.6,3,0.5490808826180046,1.2,0.5145676057543007,0.37775678761568465,0.7737802546830597,0.6715452895313218,0.6749114243031301,-17.771356040336645
public_input,low g,0.6,3,0.5512497472834679,1.2,0.5146155225913769,0.37775196601251426,0.7737203609837082,0.6724286288904059,0.6757991914191775,-17.722041269626942
public_input,low g,0.6,3,0.5534721648236569,1.2,0.5146644377481013,0.3777470501792577,0.7736592348971747,0.6733318642436392,0.67670695425846,-17.671682972093546
public_input,low g,0.6,3,0.5557487131734017,1.2,0.5147144314276763,0.37774203741502577,0.7735967895112476,0.6742550908504726,0.677634808557918,-17.620279503946655
public_input,low g,0.6,3,0.5580799858483445,1.2,0.5147653645695867,0.3777369048375192,0.773533107046811,0.6751984335758054,0.6785828798083391,-17.567829187409547
public_input,low g,0.6,3,0.5604665922024078,1.2,0.5148173682981898,0.37773169384120636,0.7734681592033665,0.6761619933354327,0.6795512694313608,-17.51433031073143
public_input,low g,0.6,3,0.5629091576927818,1.2,0.514870395482709,0.3777263674017492,0.7734019011432358,0.6771458849234895,0.680540092796526,-17.45978112812389
public_input,low g,0.6,3,0.5654083241525933,1.2,0.5149244341441878,0.37772091137710906,0.7733343097165509,0.678150224822185,0.6815494669699138,-17.404179859707945
public_input,low g,0.6,3,0.5679647500714233,1.2,0.5149795311439966,0.3777153937765903,0.7732655069970535,0.6791751382212688,0.6825795177687894,-17.34752469144307
public_input,low g,0.6,3,0.5705791108838415,1.2,0.5150355707072801,0.377709735149739,0.7731954114046712,0.6802207501632584,0.6836303708624492,-17.289813775150687
public_input,low g,0.6,3,0.5732520992661372,1.2,0.5150927474699338,0.3777040095452309,0.7731240122404197,0.6812871715688332,0.6847021377275644,-17.231045228411276
public_input,low g,0.6,3,0.5759844254414287,1.2,0.5151508970253433,0.37769815705642895,0.7730513251028259,0.6823745431687936,0.6857949598003515,-17.171217134525165
public_input,low g,0.6,3,0.578776817493336,1.2,0.5152101173581445,0.37769220493576255,0.7729773197022896,0.6834829868017835,0.6869089595301733,-17.11032754247784
public_input,low g,0.6,3,0.5816300216884137,1.2,0.5152703471151319,0.37768615691576873,0.7729020666636375,0.6846126454412848,0.688044280607169,-17.04837446686102
public_input,low g,0.6,3,0.5845448028075416,1.2,0.5153316387585773,0.3776799994920021,0.7728254799795558,0.6857636458335995,0.6892010504129593,-16.98535588787331
public_input,low g,0.6,3,0.5875219444864789,1.2,0.5153939201783342,0.37767372495584994,0.7727476126119968,0.6869361362008287,0.6903794179126117,-16.921269751210303
public_input,low g,0.6,3,0.5905622495657936,1.2,0.5154573060426129,0.3776673676307612,0.7726684351521977,0.6881302486403184,0.6915795158656127,-16.85611396805653
public_input,low g,0.6,3,0.5936665404503856,1.2,0.5155217181761329,0.3776608921616391,0.7725879379533784,0.6893461332238175,0.6928014950959496,-16.789886415012703
public_input,low g,0.6,3,0.5968356594788269,1.2,0.5155871679409116,0.37765431539141137,0.772506151491354,0.6905839395145522,0.6940455059165362,-16.72258493403837
public_input,low g,0.6,3,0.600070469302753,1.2,0.5156536802045484,0.377647618807909,0.7724230049142975,0.691843811911373,0.6953116934500264,-16.654207332425564
public_input,low g,0.6,3,0.6033718532765401,1.2,0.5157197459278757,0.37764897314067425,0.7723603033535589,0.6931275691110137,0.6966018855094085,-16.584751382724686
public_input,low g,0.6,3,0.6067407158575169,1.2,0.5157883579393227,0.3776420614821633,0.7722745227823707,0.6944320503084949,0.697912905446103,-16.51421482262798
public_input,low g,0.6,3,0.6101779830169621,1.2,0.5158580527379008,0.3776350397822861,0.7721873860812977,0.6957590685047859,0.6992465753487835,-16.442595355039565
public_input,low g,0.6,3,0.6136846026621482,1.2,0.5159288088592745,0.3776279184505445,0.7720989405718778,0.6971087922230327,0.7006030645853225,-16.369890647945567
public_input,low g,0.6,3,0.6172615450697004,1.2,0.5160006124155548,0.37762068437654767,0.7720091675757893,0.6984813879297636,0.701982540456665,-16.296098334351587
public_input,low g,0.6,3,0.6209098033305457,1.2,0.5160734459492418,0.3776133348594066,0.771918077841524,0.6998770277036851,0.7033851759040656,-16.22121601224374
public_input,low g,0.6,3,0.6246303938067362,1.2,0.5161473930643055,0.3776058900805314,0.7718256378957344,0.7012958764558551,0.704811136665202,-16.145241244515393
public_input,low g,0.6,3,0.6284243566004422,1.2,0.5162224374411429,0.377598316748121,0.7717317813611894,0.7027381071854686,0.7062605966064318,-16.06817155891054
public_input,low g,0.6,3,0.6322927560354111,1.2,0.5162985246949217,0.3775906720679236,0.7716367047218005,0.7042039180175064,0.707733754845841,-15.990004448021315
public_input,low g,0.6,3,0.6362366811512086,1.2,0.5163755133527246,0.37758388292357636,0.7715428518294389,0.7056936800331569,0.7092309843246706,-15.910737369675186
public_input,low g,0.6,3,0.6402572462105554,1.2,0.516453729987588,0.3775759986168298,0.771445050576617,0.7072071814811522,0.7107520722302448,-15.830367744708042
public_input,low g,0.6,3,0.6443555912200942,1.2,0.5165330582181518,0.37756801197732986,0.7713458835335354,0.7087448081920248,0.7122974063270795,-15.748892960263287
public_input,low g,0.6,3,0.6485328824649206,1.2,0.516613484865615,0.37755991259557464,0.7712453380217921,0.7103067540933843,0.7138671815148508,-15.666310367469283
public_input,low g,0.6,3,0.652790313057229,1.2,0.5166949847210718,0.3775516775892649,0.7711433824106619,0.7118932161968232,0.7154615957926761,-15.582617281938777
public_input,low g,0.6,3,0.6571291034994325,1.2,0.516777538073349,0.37754336146325973,0.771040171801388,0.7135044084418294,0.7170808641724188,-15.49781098375461
public_input,low g,0.6,3,0.6615505022621248,1.2,0.5168611950479786,0.3775349228230909,0.7709355532445791,0.7151405208343963,0.7187251776124816,-15.411888717287447
public_input,low g,0.6,3,0.6660557863772645,1.2,0.5169460145609475,0.37752638288181656,0.7708295205174847,0.7168017571660866,0.7203947409259369,-15.324847691240347
public_input,low g,0.6,3,0.6706462620469753,1.2,0.5170318525039359,0.37751770731598766,0.7707221324689773,0.7184883446788988,0.7220897824938384,-15.236685078564037
public_input,low g,0.6,3,0.6753232652683625,1.2,0.5171188506920293,0.37750894792957423,0.7706133759650328,0.7202004882550204,0.7238105082253494,-15.147398016358668
public_input,low g,0.6,3,0.6800881624747613,1.2,0.5172069118959619,0.3775000687298863,0.7705032588290754,0.7219384157443482,0.7255571471124698,-15.056983605830224
public_input,low g,0.6,3,0.6849423511938463,1.2,0.5172961455368241,0.3774910909299818,0.7703917243332505,0.7237023389852256,0.7273299120553864,-14.965438912203554
public_input,low g,0.6,3,0.6898872607230374,1.2,0.5173864595030924,0.3774819808440052,0.7702787809134164,0.7254924934765499,0.72912903973344,-14.872760964686403
public_input,low g,0.6,3,0.6949243528226603,1.2,0.5174778912613054,0.3774727650867927,0.7701644572142874,0.727309110767418,0.7309547628563722,-14.778946756390859
public_input,low g,0.6,3,0.7000551224273222,1.2,0.5175704113061046,0.377463433886436,0.7700487584678022,0.7291524297582744,0.7328073215221209,-14.68399324425546
public_input,low g,0.6,3,0.7052810983759861,1.2,0.5176640856148509,0.3774539899438239,0.7699316254056074,0.7310226816361448,0.7346869480765413,-14.587897348967266
public_input,low g,0.6,3,0.7106038441612367,1.2,0.5177588637925195,0.3774444376290869,0.7698131192781323,0.7329201194881844,0.7365938968753936,-14.490655954936187
public_input,low g,0.6,3,0.7160249586982449,1.2,0.5178548105977976,0.37743477861146624,0.7696931794730844,0.7348449830250792,0.7385284088309186,-14.392265910169286
public_input,low g,0.6,3,0.7215460771139571,1.2,0.5179518852383146,0.37742499104031035,0.7695717925058162,0.7367975277120192,0.7404907406888308,-14.292724026240684
public_input,low g,0.6,3,0.7271688715570458,1.2,0.5180500497075888,0.37741510383729004,0.7694490682242394,0.7387780226068528,0.7424811628556367,-14.192027078238377
public_input,low g,0.6,3,0.7328950520291776,1.2,0.5181493928068938,0.3774050756079372,0.769324815003222,0.7407867089950921,0.7444999178262971,-14.090171804596874
public_input,low g,0.6,3,0.7387263672381705,1.2,0.5182498207543338,0.37739494877836766,0.7691992320111312,0.7428238760163475,0.7465472961897405,-13.987154907184525
public_input,low g,0.6,3,0.7446646054736273,1.2,0.5183514434385545,0.3773847021355236,0.7690721566660859,0.7448897747316139,0.7486235502654107,-13.882973051060636
public_input,low g,0.6,3,0.7507115955056528,1.2,0.5184542252475115,0.37737436023094545,0.7689436855661569,0.7469846915476925,0.7507289678957286,-13.777622864545382
public_input,low g,0.6,3,0.7568692075072764,1.2,0.5185581561751668,0.37736388707194307,0.7688137393115396,0.7491089023416266,0.7528638263405771,-13.671100939049074
public_input,low g,0.6,3,0.7631393540012239,1.2,0.5186632270150648,0.37735328535940543,0.768682333817698,0.7512626950749723,0.7550284150049256,-13.563403829061375
public_input,low g,0.6,3,0.7695239908317001,1.2,0.5187694229368236,0.3773425769439841,0.7685495381920329,0.753446367207524,0.7572230328395918,-13.454528052069175
public_input,low g,0.6,3,0.7760251181618615,1.2,0.5188768720474732,0.3773317389433798,0.7684151674878821,0.7556601907626509,0.7594479532314676,-13.34447008841515
public_input,low g,0.6,3,0.7826447814976824,1.2,0.5189854331886221,0.37732080941357826,0.768279457394706,0.7579044958064486,0.7617035079011123,-13.233226381375141
public_input,low g,0.6,3,0.7893850727389358,1.2,0.5190951921607769,0.37730974155833313,0.7681422058701224,0.7601795664918574,0.7639899824257883,-13.120793336893888
public_input,low g,0.6,3,0.7962481312580323,1.2,0.5192060844589983,0.377298562630074,0.7680035451141054,0.7624857295967534,0.7663077052213528,-13.007167323682518
public_input,low g,0.6,3,0.8032361450074849,1.2,0.5193181961474256,0.3772872726288009,0.7678633890625157,0.7648232887702365,0.7686569814589531,-12.892344673022848
public_input,low g,0.6,3,0.8103513516567865,1.2,0.5194314744602601,0.37727584263284286,0.7677217186397213,0.7671925689306682,0.7710381376856106,-12.776321678755968
public_input,low g,0.6,3,0.8175960397595149,1.2,0.5195459586454829,0.3772642944928515,0.76757854887476,0.7695938961076402,0.7734515015651475,-12.659094597200891
public_input,low g,0.6,3,0.8249725499515008,1.2,0.5196616244400825,0.3772526450517545,0.7674339458684756,0.7720276108853203,0.7758974153889165,-12.540659647083414
public_input,low g,0.6,3,0.8324832761809209,1.2,0.5197784931366558,0.37724087746662416,0.7672878464904385,0.7744940458828733,0.7783762134433432,-12.421013009422579
public_input,low g,0.6,3,0.8401306669712053,1.2,0.5198965640479336,0.3772289742569393,0.7671402080063034,0.7769935427801878,0.7808882391209935,-12.300150827488409
public_input,low g,0.6,3,0.8479172267176741,1.2,0.520015858056124,0.3772169512339798,0.7669910488090814,0.7795264522906401,0.7834338448932019,-12.17806920673568
public_input,low g,0.6,3,0.8558455170188431,1.2,0.5201363009601654,0.37720479862583733,0.7668404188264144,0.782093141091351,0.786013399275066,-12.054764214722075
public_input,low g,0.6,3,0.8639181580433734,1.2,0.5202580326990189,0.37719254741747826,0.7666882550859968,0.7846939562090057,0.7886272510327493,-11.930231881002623
public_input,low g,0.6,3,0.8721378299336601,1.2,0.5203809471041592,0.37718017099406653,0.7665345976451019,0.7873292783469487,0.79127578277788,-11.804468197100146
public_input,low g,0.6,3,0.8805072742470966,1.2,0.5205050936375075,0.3771676676863608,0.7663793928954123,0.7899994748064951,0.7939593636528787,-11.67746911638837
public_input,low g,0.6,3,0.88902929543607,1.2,0.5206304419428992,0.3771550129428206,0.766222610207067,0.7927049273783575,0.7966783773621915,-11.549230554041205
public_input,low g,0.6,3,0.8977067623677852,1.2,0.5207570259920024,0.37714225586652694,0.7660643375804504,0.7954460288606164,0.7994332186728079,-11.419748386977119
public_input,low g,0.6,3,0.9065426098850453,1.2,0.5208848469671015,0.37712936046478973,0.7659044844274361,0.7982231668408745,0.8022242771151216,-11.289018453721535
public_input,low g,0.6,3,0.9155398404091444,1.2,0.5210139128209709,0.3771163664628359,0.7657431414727135,0.8010367497860331,0.8050519632034825,-11.157036554406552
public_input,low g,0.6,3,0.9247015255860773,1.2,0.5211442561457273,0.3771032401748101,0.7655801924485008,0.8038871742062963,0.8079166754356104,-11.023798450614622
public_input,low g,0.6,3,0.9340308079772923,1.2,0.5212758063091855,0.3770899782622297,0.7654156996941929,0.806774866370093,0.8108188422166135,-10.889299865383258
public_input,low g,0.6,3,0.9435309027962627,1.2,0.521408613756825,0.3770765736540754,0.7652495951998981,0.8097002392870298,0.8137588786263181,-10.753536483065618
public_input,low g,0.6,3,0.9532050996921831,1.2,0.5215426898901437,0.377063055272018,0.7650819394055489,0.8126637268192083,0.8167372207015682,-10.616503949308568
public_input,low g,0.6,3,0.9630567645821445,1.2,0.5216780360713481,0.3770494285178356,0.7649127443669556,0.8156657670253894,0.8197543086969035,-10.47819787094079
public_input,low g,0.6,3,0.9730893415331738,1.2,0.5218146798929073,0.3770356661390988,0.7647419147966139,0.8187067943854963,0.822810579270087,-10.338613815886593
public_input,low g,0.6,3,0.9833063546955787,1.2,0.5219525190356604,0.37702175399376864,0.7645695178848606,0.8217872749791109,0.8259065008369341,-10.19774731314482
public_input,low g,0.6,3,0.9937114102890687,1.2,0.522091696568296,0.37700773951568506,0.7643955283886654,0.8249076549976174,0.8290425218253725,-10.055593852663014
public_input,low g,0.6,3,1.0043081986431819,1.2,0.522232124796639,0.3769935621606174,0.7642198836103344,0.8280684040945502,0.8322191142430851,-9.912148885273755
public_input,low g,0.6,3,1.0151004962935855,1.2,0.5223738937491427,0.37697930535509555,0.7640427007529145,0.8312700004931308,0.835436758710397,-9.76740782266328
public_input,low g,0.6,3,1.0260921681358672,1.2,0.5225169418825988,0.3769648900427199,0.7638638449835173,0.8345129217836507,0.8386959352115309,-9.62136603721195
public_input,low g,0.6,3,1.037287169638491,1.2,0.5226612550560199,0.3769503320347703,0.7636833697183494,0.8377976658071563,0.8419971440829723,-9.474018862006925
public_input,low g,0.6,3,1.0486895491166357,1.2,0.5228068756282904,0.376935667323937,0.7635013220043689,0.8411247336882891,0.8453408889612598,-9.325361590729965
public_input,low g,0.6,3,1.0603034500686892,1.2,0.5229538260873983,0.3769208528465105,0.7633175723833336,0.844494621709161,0.8487276686161301,-9.175389477551194
public_input,low g,0.6,3,1.0721331135772334,1.2,0.5231020735790135,0.3769059185558093,0.7631322281136166,0.8479078596491405,0.8521580154824819,-9.0240977371359
public_input,low g,0.6,3,1.0841828807763967,1.2,0.5232516544741872,0.37689085030979486,0.7629452176953431,0.8513649651521464,0.8556324497989349,-8.871481544491349
public_input,low g,0.6,3,1.0964571953875313,1.2,0.5234025457899993,0.3768756437383368,0.762756553256029,0.8548664770104624,0.85915151305848,-8.717536034944953
public_input,low g,0.6,3,1.1089606063252093,1.2,0.5235547703226175,0.37686029343965705,0.7625661985814904,0.858412935221317,0.8627157479650936,-8.562256304046793
public_input,low g,0.6,3,1.1216977703756155,1.2,0.5237083730065893,0.37684483309961103,0.7623741924128441,0.862004893758221,0.8663257112690897,-8.405637407521153
public_input,low g,0.6,3,1.1346734549494641,1.2,0.5238632940998853,0.37682922299297184,0.7621804958146565,0.8656429182432471,0.8699819714277343,-8.247674361166425
public_input,low g,0.6,3,1.147892540911644,1.2,0.5240212878373247,0.37680457414814295,0.7619612743466622,0.8693253394439088,0.8736828508414772,-8.088362141418278
public_input,low g,0.6,3,1.1613600254898573,1.2,0.5241788755478383,0.3767887129738049,0.7617642874790929,0.8730572235692174,0.8774334411138089,-7.9276956828328675
public_input,low g,0.6,3,1.1750810252645967,1.2,0.5243378116073439,0.3767727467658243,0.7615656913589633,0.8768369292364905,0.8812320926345816,-7.765669881639522
public_input,low g,0.6,3,1.189060779242872,1.2,0.524498140638007,0.37675662205098986,0.7613653085366517,0.8806650408904907,0.8850793927780998,-7.602279593333452
public_input,low g,0.6,3,1.2033046520181812,1.2,0.5246598285241879,0.3767403617116009,0.7611632299674287,0.8845421838945943,0.8889759700423862,-7.437519633085989
public_input,low g,0.6,3,1.217818137019287,1.2,0.5248229114154281,0.3767239848974198,0.7609594670697624,0.8884689812361439,0.892922450537521,-7.271384775758042
public_input,low g,0.6,3,1.2326068598504607,1.2,0.524987346108913,0.37670745227727387,0.7607539653478352,0.8924460677084424,0.8969194722387213,-7.103869755828744
public_input,low g,0.6,3,1.247676581725918,1.2,0.5251531892450064,0.37669078030003655,0.7605467090202843,0.8964740839351906,0.9009676789808281,-6.934969267304106
public_input,low g,0.6,3,1.2630332030012734,1.2,0.5253204394987874,0.37667397102900346,0.760337704537257,0.9005536888137192,0.9050677329639085,-6.764677963654515
public_input,low g,0.6,3,1.2786827668049243,1.2,0.5254890028360046,0.37665701803074864,0.7601270299523748,0.9046855674084918,0.909220322686326,-6.592990457737569
public_input,low g,0.6,3,1.294631462772364,1.2,0.5256590404941819,0.37663989675373155,0.7599144630420871,0.908870366748668,0.913426098420487,-6.4199013218177665
public_input,low g,0.6,3,1.31088563088653,1.2,0.5258305050927965,0.3766226943570191,0.7597002676900388,0.9131088083643945,0.917685785313224,-6.245405087323199
public_input,low g,0.6,3,1.3274517654273796,1.2,0.5260033500125798,0.3766053149412838,0.7594842523015688,0.917401584314922,0.9220000788927482,-6.0694962449955945
public_input,low g,0.6,3,1.3443365190339982,1.2,0.5261775947545013,0.37658778305806623,0.759266458361735,0.9217494145081454,0.9263697026755082,-5.892169244671404
public_input,low g,0.6,3,1.3615467068826452,1.2,0.5263533276258896,0.3765701357317043,0.7590468895316638,0.9261530218350803,0.9307953831760261,-5.713418495281127
public_input,low g,0.6,3,1.3790893109842512,1.2,0.5265304679279461,0.3765523244967105,0.7588255061218827,0.9306131530633897,0.9352778709051529,-5.5332383647890175
public_input,low g,0.6,3,1.3969714846049992,1.2,0.5267090279836343,0.376534374936273,0.7586023593580676,0.9351305682630453,0.9398179297427275,-5.351623180102984
public_input,low g,0.6,3,1.4152005568137338,1.2,0.526889043293585,0.3765162729083532,0.7583773786107643,0.9397060273422102,0.944416323405968,-5.168567227062087
public_input,low g,0.6,3,1.4337840371600625,1.2,0.5270705644649081,0.3764980423268982,0.7581505726751068,0.944340309812826,0.9490738353141361,-4.984064750333532
public_input,low g,0.6,3,1.4527296204871472,1.2,0.5272534951509669,0.37647964783681126,0.757921950075672,0.949034222390349,0.953791276226366,-4.798109953372814
public_input,low g,0.6,3,1.4720451918832933,1.2,0.5274379158221787,0.3764611052493723,0.7576914696172621,0.953788565148095,0.958569450226358,-4.610696998377389
public_input,low g,0.6,3,1.4917388317766058,1.2,0.5276237758219933,0.37644241726547045,0.7574591886654352,0.9586041739219309,0.9634091973396236,-4.421820006199464
public_input,low g,0.6,3,1.5118188211770927,1.2,0.5278111647394466,0.3764235865859946,0.7572250243401639,0.9634818729529356,0.9683113459387671,-4.2314730563423275
public_input,low g,0.6,3,1.5322936470707536,1.2,0.5280000020379616,0.3764046017697952,0.7569890287582093,0.9684225300538096,0.9732767681864184,-4.039650186848088
public_input,low g,0.6,3,1.5531720079703377,1.2,0.5281903402202861,0.3763854846675238,0.7567512036938429,0.9734270112597446,0.9783063344587886,-3.846345394284838
public_input,low g,0.6,3,1.5744628196276003,1.2,0.5283822005404499,0.37636616496304115,0.7565113532277441,0.9784961816926866,0.9834009142142655,-3.6515526337258257
public_input,low g,0.6,3,1.5961752209120554,1.2,0.528575547300473,0.37634675102847215,0.7562697822542517,0.9836309765745266,0.9885614473625595,-3.45526581855315
public_input,low g,0.6,3,1.618318579861377,1.2,0.5287704155475099,0.37632715634234354,0.7560262408068712,0.9888322864718655,0.9937888289342549,-3.2574788206297276
public_input,low g,0.6,3,1.6409024999087747,1.2,0.5289667962249331,0.37630741729139977,0.7557808283269036,0.994101056829781,0.9990840091134929,-3.0581854700625826
public_input,low g,0.6,3,1.6639368262928396,1.2,0.5291646908907353,0.37628751600106525,0.7555334988559106,0.9994382346460758,1.0044479396449224,-2.857379555259508
public_input,low g,0.6,3,1.6874316526555453,1.2,0.5293641609471029,0.3762674807554175,0.7552842612493538,1.0048447838180956,1.0098815892574444,-2.655054822842394
public_input,low g,0.6,3,1.7113973278342638,1.2,0.5295651227452085,0.37624727119163587,0.7550330988948148,1.0103216970372666,1.0153859556183713,-2.4512049776198053
public_input,low g,0.6,3,1.7358444628538618,1.2,0.5297676798378494,0.3762269064594829,0.7547799558075059,1.0158699629980046,1.0209620323779713,-2.2458236825472686
public_input,low g,0.6,3,1.7607839381251333,1.2,0.5299717110089801,0.3762063821888283,0.7545249423480691,1.0214906270237307,1.02661087009937,-2.038904558644921
public_input,low g,0.6,3,1.7862269108560356,1.2,0.5301774052604057,0.3761857081515804,0.7542678937881199,1.0271846952385677,1.0323334799499087,-1.8304411850462285
public_input,low g,0.6,3,1.8121848226824113,1.2,0.5303845968859353,0.37616489411964765,0.7540090001072692,1.0329532631686722,1.0381309629470916,-1.6204270988340563
public_input,low g,0.6,3,1.8386694075250942,1.2,0.5305934295408259,0.37614389496602496,0.7537480055547798,1.0387973700408248,1.0440043635268454,-1.4088557951627345
public_input,low g,0.6,3,1.8656926996805347,1.2,0.5308038196868587,0.3761227433449199,0.7534850747819222,1.0447181401067844,1.0499548115762642,-1.1957207270521044
public_input,low g,0.6,3,1.8932670421523103,1.2,0.5310157578245156,0.3761014261459416,0.7532201847220032,1.0507166913801986,1.0559834307130627,-0.9810153054734141
public_input,low g,0.6,3,1.921405095231136,1.2,0.5312293488881579,0.37607995647948106,0.7529532630068729,1.0567941459095715,1.0620913486100363,-0.7647328992898919
public_input,low g,0.6,3,1.9501198453312445,1.2,0.5314445339371708,0.37605833871566846,0.7526843794325494,1.0629516777649395,1.0682797452222716,-0.546866835189459
public_input,low g,0.6,3,1.979424614091259,1.2,0.5316612945528003,0.37603652105053376,0.7524134237367253,1.069190459562318,1.0745497990435469,-0.3274103977180278
public_input,low g,0.6,3,2.009333067747975,1.2,0.5318797149043553,0.3760145640283076,0.7521404621419605,1.0755116941124228,1.080902718913691,-0.10635682918416656
public_input,low g,0.6,3,2.0398592267917226,1.2,0.532099805968437,0.37599244412909727,0.7518654252482404,1.0819165994155244,1.0873397289382272,0.11630067030662872
public_input,low g,0.6,3,2.071017475912293,1.2,0.532321439896152,0.37597016906151554,0.7515884600526523,1.0884064535484563,1.0938621136003746,0.3405689429417471
public_input,low g,0.6,3,2.1028225742447084,1.2,0.5325448073291876,0.3759477099038917,0.7513093040720791,1.0949824815415317,1.1004711040709374,0.5664548731061765
public_input,low g,0.6,3,2.135289665924415,1.2,0.5327697595698319,0.37592506395533654,0.751028099295224,1.1016460101199494,1.1071680337253518,0.7939653875539485
public_input,low g,0.6,3,2.168434290961828,1.2,0.5329964153982663,0.3759023113038977,0.7507449258806154,1.108398356568559,1.1139542264513846,1.0231074553390354
public_input,low g,0.6,3,2.2022723964464688,1.2,0.5332247200965439,0.3758793304670593,0.7504595367836311,1.1152408447722912,1.1208310127699683,1.2538880877831322
public_input,low g,0.6,3,2.23682034809129,1.2,0.5334546990676772,0.3758562298169462,0.7501721757976172,1.122174869534752,1.1277997944761908,1.4863143386392141
public_input,low g,0.6,3,2.2720949421281498,1.2,0.5336863875371219,0.375832942375902,0.7498826413246183,1.129201801319389,1.1348619489029759,1.720393303932994
public_input,low g,0.6,3,2.308113417565749,1.2,0.5339196879450314,0.37580944963175744,0.749590984940254,1.136323078742139,1.1420189218773529,1.9561321220996897
public_input,low g,0.6,3,2.344893468821764,1.2,0.5341547542320051,0.375785814192039,0.7492972082210196,1.1435401354878092,1.149272154270504,2.193537973936954
public_input,low g,0.6,3,2.382453258741261,1.2,0.5343915637981885,0.3757620279540795,0.7490013136397448,1.1508544512573258,1.1566231332003876,2.4326180826196415
public_input,low g,0.6,3,2.4208114320139376,1.2,0.5346300487076068,0.3757380418147978,0.7487032471603507,1.1582675322709275,1.1640733724372025,2.673379713693539
public_input,low g,0.6,3,2.4599871290031343,1.2,0.5348703306164638,0.3757135498075816,0.7484021271055686,1.1657807980164452,1.171624298583992,2.9158301749363136
public_input,low g,0.6,3,2.5,1.2,0.5351122709042686,0.3756892429220553,0.7480998085141166,1.1733960389635618,1.1792777110852053,3.1599768170040017
public_input,baseline g,1.0,1,0.5,1.2,0.8520458020901729,0.32036530429828275,0.18994325519411778,0.562806842483076,0.565627923520836,-12.082318983939006
public_input,baseline g,1.0,1,0.5000203210855501,1.2,0.8520442832909844,0.3203654769471753,0.18994514691491438,0.5628153569713945,0.5656364806882048,-12.082268074418382
public_input,baseline g,1.0,1,0.5000812892976928,1.2,0.8520396975795288,0.3203659959255008,0.18995085361955294,0.5628409132013372,0.5656621650192832,-12.082115339675324
public_input,baseline g,1.0,1,0.5001829195049198,1.2,0.8520321643724981,0.32036685416223987,0.18996024061794003,0.5628834639592396,0.5657049290637471,-12.081860761162076
public_input,baseline g,1.0,1,0.5003252364947652,1.2,0.85205969792152,0.32034055852247856,0.18987590848703367,0.5629091325075211,0.5657307262761624,-12.081504369980905
public_input,baseline g,1.0,1,0.5005082749838822,1.2,0.8522064566790323,0.32034634673451295,0.1897416522675156,0.562928183579997,0.5657498728425365,-12.081046546801794
public_input,baseline g,1.0,1,0.500732079632158,1.2,0.8521891912219244,0.3203486622743641,0.1897639192907022,0.5630223994309435,0.5658445609524011,-12.080487084545444
public_input,baseline g,1.0,1,0.5009967050608752,1.2,0.8521817103510867,0.32034949325867357,0.18977319508764823,0.5631275308220027,0.565950219316751,-12.079825797070093
public_input,baseline g,1.0,1,0.5013022158749305,1.2,0.8521587564112996,0.3203521992233149,0.18980199391106067,0.5632555255034603,0.5660788555742192,-12.07906256691955
public_input,baseline g,1.0,1,0.5016486866891229,1.2,0.8521828182349283,0.3203192870880989,0.1897068418753656,0.5633561055045391,0.5661799397346515,-12.078197398547834
public_input,baseline g,1.0,1,0.502036202158526,1.2,0.852304666882193,0.3203337024004746,0.18961613030283225,0.5634690507148961,0.5662934510852313,-12.077231378342276
public_input,baseline g,1.0,1,0.502464857012963,1.2,0.8522837245679604,0.32033767720805556,0.18964565820143967,0.5636443152246589,0.5664695941120053,-12.076163486864733
public_input,baseline g,1.0,1,0.5029347560956027,1.2,0.852248728711737,0.3203417445764815,0.18968943957346307,0.5638407133066344,0.5666669766434634,-12.07499337155454
public_input,baseline g,1.0,1,0.5034460144056994,1.2,0.8522261914861696,0.32034434653912824,0.18971759703834745,0.5640471224523118,0.5668744204192893,-12.073720962679605
public_input,baseline g,1.0,1,0.5039987571454999,1.2,0.8521851156369735,0.32034913111796065,0.1897690075778216,0.5642778984759707,0.5671063532125805,-12.072346127840875
public_input,baseline g,1.0,1,0.5045931197713469,1.2,0.8521666626967958,0.32035124842573093,0.18979203390278307,0.5645140286492923,0.5673436669933214,-12.070868667096608
public_input,baseline g,1.0,1,0.5052292480490046,1.2,0.8521194395782566,0.32035671319063164,0.18985106091350767,0.564779285883423,0.5676102538348714,-12.069288621732627
public_input,baseline g,1.0,1,0.5059072981132409,1.2,0.8520807743404839,0.3203541411813035,0.1898841706111318,0.5650514542122407,0.5678837864131145,-12.067605553105812
public_input,baseline g,1.0,1,0.5066274365316988,1.2,0.8521547552487976,0.32035267410628304,0.1898070208207738,0.5652976201981385,0.5681311863111513,-12.065820988272844
public_input,baseline g,1.0,1,0.507389840373095,1.2,0.8522472244423938,0.3203419586198424,0.18969140617646585,0.5655460700881862,0.5683808815614556,-12.06393452676031
public_input,baseline g,1.0,1,0.5081946972797818,1.2,0.8522626927317769,0.3203401479162781,0.18967202676738376,0.565846024201007,0.5686823392005237,-12.061946320108131
public_input,baseline g,1.0,1,0.5090422055447187,1.2,0.8522001470578184,0.32034738199027485,0.18975019804117535,0.5661980568065573,0.5690361363768526,-12.059854994086905
public_input,baseline g,1.0,1,0.5099325741928927,1.2,0.852175227796036,0.3203502633046979,0.18978134094211152,0.5665487449712387,0.5693885823732746,-12.057660205117074
public_input,baseline g,1.0,1,0.5108660230672385,1.2,0.8522643275849643,0.32035027474584754,0.18969226586606658,0.5668701342508284,0.5697115826233322,-12.05536180653829
public_input,baseline g,1.0,1,0.5118427829191048,1.2,0.8522317904597432,0.3203437164877888,0.18971063715388056,0.5672491637765767,0.5700925120424846,-12.052962327105588
public_input,baseline g,1.0,1,0.5128630955033207,1.2,0.852157014075343,0.32035235606092755,0.18980407501626056,0.5676713059606285,0.5705167702230396,-12.050458540540486
public_input,baseline g,1.0,1,0.5139272136779165,1.2,0.8524016566653585,0.3203285583818184,0.18950802943936917,0.5679648311778641,0.5708117667415494,-12.047851166960536
public_input,baseline g,1.0,1,0.5150354015085564,1.2,0.8523282635496614,0.32033252881926905,0.18958999869995968,0.5684155802980455,0.571264775251098,-12.045144499102044
public_input,baseline g,1.0,1,0.5161879343777439,1.2,0.8522706278459962,0.3203392227018823,0.18966209319006963,0.5688786032396965,0.5717301191049023,-12.042332942329738
public_input,baseline g,1.0,1,0.5173850990988615,1.2,0.8521834903290881,0.32034933642106095,0.18977107634040366,0.5693717093117795,0.5722256968814576,-12.039416109113063
public_input,baseline g,1.0,1,0.5186271940351138,1.2,0.8521484832265362,0.3203533526231102,0.18981475843938173,0.5698569947464038,0.5727134148194458,-12.036394392616236
public_input,baseline g,1.0,1,0.5199145292234401,1.2,0.8520604264733327,0.32036040864643633,0.1899180562029698,0.5703811922426331,0.5732402398665593,-12.033266761030024
public_input,baseline g,1.0,1,0.5212474265034702,1.2,0.8524412765975229,0.32031945099673087,0.1894487375554159,0.5707082228851154,0.5735689097569587,-12.030038925071743
public_input,baseline g,1.0,1,0.5226262196515982,1.2,0.8523418793957621,0.3203309648132733,0.1895730046009082,0.5712730779513605,0.574136596171006,-12.026710471216427
public_input,baseline g,1.0,1,0.5240512545202515,1.2,0.8522681490411083,0.3203395020536586,0.18966517539479433,0.5718426463868456,0.5747090195801547,-12.023275698713789
public_input,baseline g,1.0,1,0.5255228891824385,1.2,0.8521951954153362,0.3203479592059964,0.18975639646961606,0.572428600278798,0.5752979105782133,-12.019733765575776
public_input,baseline g,1.0,1,0.5270414940816569,1.2,0.8520864472420024,0.3203605267904697,0.18989229062541213,0.5730480388437743,0.5759204540919175,-12.016084759322386
public_input,baseline g,1.0,1,0.5286074521872524,1.2,0.8522304652139283,0.3203438618842518,0.18971227645605554,0.5735663572332053,0.5764413705630873,-12.012331615951371
public_input,baseline g,1.0,1,0.5302211591553182,1.2,0.8523595663150842,0.32032889327010167,0.18955084314833553,0.5741083776993479,0.5769861079181228,-12.008474390099517
public_input,baseline g,1.0,1,0.5318830234952302,1.2,0.8522846842222215,0.32033758027708026,0.18964448917627197,0.5747628051829266,0.5776438157331139,-12.004515505194707
public_input,baseline g,1.0,1,0.5335934667419154,1.2,0.8521635140724861,0.32035163614963214,0.18979602001071938,0.5754560146578629,0.5783404999350032,-12.0004481272443
public_input,baseline g,1.0,1,0.5353529236339561,1.2,0.8522596324061111,0.3203404828045613,0.18967581045174137,0.5760645334088673,0.5789520688989405,-11.996273305709062
public_input,baseline g,1.0,1,0.537161842297634,1.2,0.8521322362607742,0.3203552417454808,0.1898350859094644,0.5767950816043763,0.5796862789825182,-11.991993393873116
public_input,baseline g,1.0,1,0.5390206844370244,1.2,0.8521155905713195,0.32035716352205923,0.18985588263632847,0.5774909916432535,0.5803856772849816,-11.987606564942887
public_input,baseline g,1.0,1,0.5409299255302531,1.2,0.8522496564936646,0.3203416405744869,0.18968828714722694,0.578133432811728,0.581031338703214,-11.983113143370826
public_input,baseline g,1.0,1,0.5428900550320312,1.2,0.8523232649474622,0.32033282398232527,0.18959563485436048,0.5788214160414726,0.5817227704632486,-11.978515039157042
public_input,baseline g,1.0,1,0.5449015765825912,1.2,0.8522731607582315,0.32033892316869583,0.1896589132861517,0.5795856014436319,0.5824907863606766,-11.973812508083117
public_input,baseline g,1.0,1,0.5469650082231464,1.2,0.8521300781220282,0.3203554928131797,0.18983778635443999,0.5804110816722124,0.583320404326122,-11.968999980737825
public_input,baseline g,1.0,1,0.5490808826180046,1.2,0.8520301029727864,0.3203670550952098,0.1899627360328669,0.5812340268514411,0.5841474745352276,-11.964075712316992
public_input,baseline g,1.0,1,0.5512497472834679,1.2,0.8524454742043965,0.32031895760159373,0.18944347421504598,0.5818313105107037,0.5847477520912913,-11.959047386465743
public_input,baseline g,1.0,1,0.5534721648236569,1.2,0.8523544166646768,0.32032950917940245,0.18955732316283253,0.5826857699708804,0.5856064945473356,-11.953920943870962
public_input,baseline g,1.0,1,0.5557487131734017,1.2,0.8522863243069603,0.3203374005571683,0.1896424608965232,0.583547422041006,0.5864724656664362,-11.948681879912499
public_input,baseline g,1.0,1,0.5580799858483445,1.2,0.8521273909531646,0.32035585495389257,0.18984125574724348,0.5844703452307213,0.5874000150278916,-11.943330830843685
public_input,baseline g,1.0,1,0.5604665922024078,1.2,0.8522478510510479,0.32034185731873677,0.18969056075742344,0.5852789152985168,0.5882126380700183,-11.937873700746497
public_input,baseline g,1.0,1,0.5629091576927818,1.2,0.8522453444748413,0.3203421437415324,0.18969368600686864,0.5861641430188886,0.5891023030128038,-11.932308875836776
public_input,baseline g,1.0,1,0.5654083241525933,1.2,0.8521222860436519,0.3203563722629768,0.1898474780443779,0.5871251507053347,0.5900681277703241,-11.926630552319224
public_input,baseline g,1.0,1,0.5679647500714233,1.2,0.8521498099018794,0.3203532486211155,0.1898132071197301,0.5880331367750364,0.5909806651391404,-11.92084078649154
public_input,baseline g,1.0,1,0.5705791108838415,1.2,0.8521057313484521,0.32035830985083513,0.18986821792935188,0.5889938053036649,0.5919461490388075,-11.914942687078057
public_input,baseline g,1.0,1,0.5732520992661372,1.2,0.8522555936064893,0.3203409418762495,0.18968084084620968,0.5898806500220786,0.5928374390848712,-11.908934249873951
public_input,baseline g,1.0,1,0.5759844254414287,1.2,0.8523219336898424,0.3203332689119748,0.18959792716002322,0.5908261325958085,0.5937876609097243,-11.902819326285865
public_input,baseline g,1.0,1,0.578776817493336,1.2,0.8522223557855015,0.3203447827285172,0.18972237490809557,0.5918700184452523,0.5948367792587632,-11.896594771277574
public_input,baseline g,1.0,1,0.5816300216884137,1.2,0.852064548744524,0.32036306884647914,0.18991967996387094,0.5929610646264017,0.5959332943316543,-11.890253559761252
public_input,baseline g,1.0,1,0.5845448028075416,1.2,0.8524941733239972,0.320313344739341,0.1893826513129792,0.5937892991031204,0.596765680350964,-11.883803449323239
public_input,baseline g,1.0,1,0.5875219444864789,1.2,0.8523002671036546,0.3203357837155546,0.18962502572194345,0.5949364316954101,0.5979185629693009,-11.877252859748664
public_input,baseline g,1.0,1,0.5905622495657936,1.2,0.8521667877583975,0.32035124842573093,0.18979190884118133,0.5960741495383439,0.5990619836466546,-11.870583116482393
public_input,baseline g,1.0,1,0.5936665404503856,1.2,0.8522929059503656,0.32033662344012465,0.18963420068030365,0.5971063870861116,0.6000993953066625,-11.863795941197765
public_input,baseline g,1.0,1,0.5968356594788269,1.2,0.8522759659973014,0.32033859098130163,0.18965539052231012,0.5982273675533482,0.601225994711874,-11.85690468127796
public_input,baseline g,1.0,1,0.600070469302753,1.2,0.8521453223101969,0.32035372350408364,0.18981872045862375,0.5994232994142317,0.6024279212061566,-11.849894924069599
public_input,baseline g,1.0,1,0.6033718532765401,1.2,0.8521999213557354,0.32034739176218324,0.18975044485058043,0.6005496732116069,0.6035599409756865,-11.842769069904739
public_input,baseline g,1.0,1,0.6067407158575169,1.2,0.8522971882493526,0.3203625313559847,0.18968587947957444,0.6016952360690949,0.6047112459908934,-11.83553280221928
public_input,baseline g,1.0,1,0.6101779830169621,1.2,0.8522197850063529,0.320345107844892,0.18972564793861374,0.602906338899534,0.6059284194995332,-11.828184881244432
public_input,baseline g,1.0,1,0.6136846026621482,1.2,0.8522156486126589,0.32034557398759955,0.1897307912005561,0.6041221372270881,0.6071503120415648,-11.820722350783175
public_input,baseline g,1.0,1,0.6172615450697004,1.2,0.8520534205067329,0.320364376382998,0.18993363248054274,0.6054356936655328,0.6084704527090574,-11.813138256181375
public_input,baseline g,1.0,1,0.6209098033305457,1.2,0.8520835598671168,0.3203604342296247,0.18989497806887254,0.6066759957751183,0.6097169718588391,-11.805436903371548
public_input,baseline g,1.0,1,0.6246303938067362,1.2,0.8523532858794406,0.32032964750484605,0.18955875273102685,0.6078205993989524,0.6108673128322133,-11.79763707764928
public_input,baseline g,1.0,1,0.6284243566004422,1.2,0.8521200673937984,0.320356667426033,0.18985033424643294,0.6092321506436079,0.6122859395069268,-11.789713612801323
public_input,baseline g,1.0,1,0.6322927560354111,1.2,0.8523883781195081,0.3203255828373091,0.18951488080907963,0.6104189914374067,0.6134787293649614,-11.78167066089464
public_input,baseline g,1.0,1,0.6362366811512086,1.2,0.8522714052432236,0.320339125770907,0.1896611064219355,0.611816450290729,0.614883193009936,-11.773518022323925
public_input,baseline g,1.0,1,0.6402572462105554,1.2,0.8520659348536175,0.3203629049378472,0.1899179398121325,0.6132792867984451,0.6163533620161609,-11.76524052435245
public_input,baseline g,1.0,1,0.6443555912200942,1.2,0.852274195278347,0.3203388518209089,0.1896577246548161,0.6145600960827869,0.6176405913837575,-11.756849133765673
public_input,baseline g,1.0,1,0.6485328824649206,1.2,0.8521958037271358,0.32034786664515136,0.18975558822639133,0.6160041900619329,0.6190919239140967,-11.74834532356537
public_input,baseline g,1.0,1,0.652790313057229,1.2,0.8522390043097205,0.32034287676321876,0.18970160949883202,0.6174103736730364,0.6205051560498831,-11.739713124481423
public_input,baseline g,1.0,1,0.6571291034994325,1.2,0.8520847618426137,0.3203607065103816,0.18989436421981076,0.6189367982877766,0.6220392318998449,-11.73096152738222
public_input,baseline g,1.0,1,0.6615505022621248,1.2,0.8521039449896928,0.3203584922716361,0.18987039831704106,0.6203998209523478,0.6235095879960402,-11.72209339357169
public_input,baseline g,1.0,1,0.6660557863772645,1.2,0.852342112418375,0.32033094630110426,0.1895727315920104,0.6217763879508453,0.624893055065332,-11.713110954115677
public_input,baseline g,1.0,1,0.6706462620469753,1.2,0.852099663166935,0.3203589785957539,0.18987573059989335,0.623415377747856,0.6265402603328886,-11.704005438703263
public_input,baseline g,1.0,1,0.6753232652683625,1.2,0.852382885892521,0.32032623307005886,0.18952177753880617,0.624814964762425,0.6279468628065626,-11.694780344486794
public_input,baseline g,1.0,1,0.6800881624747613,1.2,0.8522659602563798,0.32033945795830127,0.18966726893355096,0.6264376980581398,0.6295777300867714,-11.685436434751471
public_input,baseline g,1.0,1,0.6849423511938463,1.2,0.8519886627974748,0.3203718413432834,0.1900145145040174,0.6281651229058963,0.6313138136876104,-11.675961414308421
public_input,baseline g,1.0,1,0.6898872607230374,1.2,0.8523312988293164,0.3203321824898361,0.18958621534872971,0.6296046560058184,0.6327605624772236,-11.666377351231615
public_input,baseline g,1.0,1,0.6949243528226603,1.2,0.8520476849357703,0.32036500643433746,0.1899407289623986,0.6313832617630777,0.6345480835329418,-11.65666265956943
public_input,baseline g,1.0,1,0.7000551224273222,1.2,0.852229509424596,0.32034403286390306,0.18971360156143463,0.6329514550507493,0.6361241374221795,-11.646820697521818
public_input,baseline g,1.0,1,0.7052810983759861,1.2,0.8522870020414258,0.3203373106972124,0.18964158906455297,0.6346064754157733,0.6377874536113058,-11.63686916465063
public_input,baseline g,1.0,1,0.7106038441612367,1.2,0.8523245635443553,0.3203326274194856,0.18959391168173384,0.6362958813294617,0.6394853277073765,-11.626782473646575
public_input,baseline g,1.0,1,0.7160249586982449,1.2,0.8523900312629931,0.3203250796702636,0.18951214082477613,0.6379961108801033,0.6411940796941066,-11.616577514276733
public_input,baseline g,1.0,1,0.7215460771139571,1.2,0.8521361921011463,0.32035475979149336,0.18983008904847942,0.639884341102558,0.6430917747099386,-11.60624831099928
public_input,baseline g,1.0,1,0.7271688715570458,1.2,0.8522265254902393,0.32034432365682897,0.18971721360851118,0.6416223219117615,0.6448384671842016,-11.595794972176687
public_input,baseline g,1.0,1,0.7328950520291776,1.2,0.8522515703820268,0.32034144234240597,0.18968594507757003,0.6434190712534883,0.6466442227694829,-11.585205971995908
public_input,baseline g,1.0,1,0.7387263672381705,1.2,0.852348523559681,0.3203302035075095,0.18956471601653962,0.6452045919988804,0.6484386934748562,-11.574502065747968
public_input,baseline g,1.0,1,0.7446646054736273,1.2,0.8521610946402342,0.3203518969892394,0.18979900285652296,0.6471623036061906,0.6504062181524347,-11.563668568418025
public_input,baseline g,1.0,1,0.7507115955056528,1.2,0.8524984735785449,0.32031282846190456,0.1893772358991691,0.6488759605235169,0.652128464810805,-11.55270534967892
public_input,baseline g,1.0,1,0.7568692075072764,1.2,0.8522771155949115,0.320338452655858,0.18965394214174172,0.6509044090433578,0.6541670809711638,-11.541628438087265
public_input,baseline g,1.0,1,0.7631393540012239,1.2,0.8523967932932686,0.320348955768179,0.18955695116599808,0.6528028687440024,0.6560750567406587,-11.53040195919461
public_input,baseline g,1.0,1,0.7695239908317001,1.2,0.8523360357973504,0.32033164499934164,0.1895803174012276,0.6547828862819919,0.6580649991578592,-11.519072907478224
public_input,baseline g,1.0,1,0.7760251181618615,1.2,0.8521313760285661,0.32035532723530646,0.189836130799696,0.6568848269754761,0.6601774758729149,-11.50759202639053
public_input,baseline g,1.0,1,0.7826447814976824,1.2,0.8523740766220602,0.3203272323331306,0.18953274521750196,0.6587813756770926,0.662083531064459,-11.495990369951956
public_input,baseline g,1.0,1,0.7893850727389358,1.2,0.8521279859036445,0.3203557307704877,0.18984039256060903,0.6609610529971973,0.6642741340625976,-11.48425214081656
public_input,baseline g,1.0,1,0.7962481312580323,1.2,0.852421733090692,0.3203217278430027,0.18947319905019389,0.6628862933581079,0.6662090247309765,-11.472385882912798
public_input,baseline g,1.0,1,0.8032361450074849,1.2,0.8523389847371274,0.3203313128119474,0.18957665093667903,0.6650373507895669,0.6683708643826805,-11.46039996890378
public_input,baseline g,1.0,1,0.8103513516567865,1.2,0.8524703924988297,0.32031608335819006,0.18941234755486086,0.6671043757282749,0.6704482503270106,-11.448276433200418
public_input,baseline g,1.0,1,0.8175960397595149,1.2,0.8523826658499147,0.32032625595235814,0.18952204700717878,0.6693161248348752,0.6726710858721436,-11.436016057208748
public_input,baseline g,1.0,1,0.8249725499515008,1.2,0.852469430154959,0.32031619173031506,0.18941354398252164,0.6714648967379651,0.6748306285392196,-11.423629045759805
public_input,baseline g,1.0,1,0.8324832761809209,1.2,0.852252120035505,0.32034136392359963,0.18968522603947027,0.6738049011175143,0.6771823622395325,-11.411095980571694
public_input,baseline g,1.0,1,0.8401306669712053,1.2,0.8525323701886536,0.3203089293722408,0.1893349172553866,0.6759101874328582,0.6792982013464471,-11.398432295665739
public_input,baseline g,1.0,1,0.8479172267176741,1.2,0.8523039845021863,0.3203353545971851,0.18962038142773374,0.6783170340753188,0.6817171123579086,-11.38563721642235
public_input,baseline g,1.0,1,0.8558455170188431,1.2,0.8526419409385997,0.3202962463446232,0.18919795116578658,0.680451457585833,0.6838622347107919,-11.3726930405256
public_input,baseline g,1.0,1,0.8639181580433734,1.2,0.8525034395543842,0.32031227245924104,0.18937106895757647,0.6828722259716137,0.686295137248602,-11.359646471255592
public_input,baseline g,1.0,1,0.8721378299336601,1.2,0.8525321493238438,0.3203089250021105,0.18933512868071506,0.6852345052199023,0.6886692574708984,-11.346437226087023
public_input,baseline g,1.0,1,0.8805072742470966,1.2,0.8523523270578558,0.32032976294799037,0.18955996090980343,0.6877412313637875,0.6911885486318687,-11.333102160100994
public_input,baseline g,1.0,1,0.88902929543607,1.2,0.8524976497300146,0.3203129455742901,0.18937831271045188,0.690104190892858,0.6935633525448687,-11.319608468390701
public_input,baseline g,1.0,1,0.8977067623677852,1.2,0.8524102563849504,0.3203230707346183,0.18948757640182523,0.6926257004572086,0.6960975012285076,-11.30598796053157
public_input,baseline g,1.0,1,0.9065426098850453,1.2,0.8527065199031064,0.3202887585020384,0.1891171984612966,0.694970841745464,0.6984543975863887,-11.29221799144066
public_input,baseline g,1.0,1,0.9155398404091444,1.2,0.8527294248401024,0.3202861124440344,0.18908857803901205,0.6974978435348174,0.7009940660249229,-11.278330068341853
public_input,baseline g,1.0,1,0.9247015255860773,1.2,0.8526437370308751,0.3202956930428488,0.1891949599416781,0.7001176610243053,0.7036270154042248,-11.264295932175648
public_input,baseline g,1.0,1,0.9340308079772923,1.2,0.8524145445676878,0.3203225490554038,0.18948216139198437,0.7028512024713898,0.7063742587848327,-11.250118463053179
public_input,baseline g,1.0,1,0.9435309027962627,1.2,0.8527028235924763,0.32028917617925834,0.18912179695472187,0.7053337074752551,0.7088692073968136,-11.23578006542708
public_input,baseline g,1.0,1,0.9532050996921831,1.2,0.852309659938505,0.3203346989626572,0.18961328982083459,0.7082274349867342,0.7117774397778053,-11.221309531729416
public_input,baseline g,1.0,1,0.9630567645821445,1.2,0.8529296897935429,0.3202739255124429,0.18886198931333376,0.7106039357657006,0.7141658528164986,-11.206685253373738
public_input,baseline g,1.0,1,0.9730893415331738,1.2,0.8525414121258018,0.3203078799744402,0.189323608618989,0.7135572627413505,0.7171339834052186,-11.191951185486666
public_input,baseline g,1.0,1,0.9833063546955787,1.2,0.8528178462412379,0.3202758816124702,0.1889780580416977,0.7161853364921671,0.7197752304305313,-11.17704728607196
public_input,baseline g,1.0,1,0.9937114102890687,1.2,0.8525100292639438,0.32031148994041925,0.1893627890073617,0.7191766753331774,0.7227815634198798,-11.162006885159023
public_input,baseline g,1.0,1,1.0043081986431819,1.2,0.8525401825698006,0.32029183367841213,0.1892901781755697,0.7220015800092634,0.7256206279895804,-11.146788858818937
public_input,baseline g,1.0,1,1.0151004962935855,1.2,0.8525941168568762,0.32030176664603094,0.18925769909855067,0.7248782839153246,0.728511751433977,-11.131459222111632
public_input,baseline g,1.0,1,1.0260921681358672,1.2,0.8525632515189845,0.32030539345493775,0.189296398343681,0.7278264697674138,0.7314747151291473,-11.115952290651938
public_input,baseline g,1.0,1,1.037287169638491,1.2,0.8526870204557602,0.3202910195370304,0.1891415817442254,0.7307249130490056,0.7343876869181477,-11.100333395221911
public_input,baseline g,1.0,1,1.0486895491166357,1.2,0.8527630762816683,0.32028223289818747,0.18904654677841676,0.7336887193717818,0.7373663493819401,-11.08454198278151
public_input,baseline g,1.0,1,1.0603034500686892,1.2,0.8524893189793962,0.3203138893008548,0.18938868191045033,0.7368914108185638,0.7405850943864053,-11.06860065262531
public_input,baseline g,1.0,1,1.0721331135772334,1.2,0.8526685484590419,0.3202931580578587,0.18916467294593287,0.739874700680818,0.7435833380513237,-11.052501057093549
public_input,baseline g,1.0,1,1.0841828807763967,1.2,0.8527749263347986,0.3202808556831229,0.18903172194074688,0.7429392226309467,0.7466632209816516,-11.036249217727361
public_input,baseline g,1.0,1,1.0964571953875313,1.2,0.8527650673800594,0.3202819878698601,0.18904402641883833,0.7461110347158264,0.7498509318407689,-11.019860395319373
public_input,baseline g,1.0,1,1.1089606063252093,1.2,0.8527213569216259,0.32028706054072936,0.18909869384634975,0.7493435620727302,0.7530996623084777,-11.003307499868328
public_input,baseline g,1.0,1,1.1216977703756155,1.2,0.8527220183088561,0.3202869777517927,0.1890978536350162,0.7525919368687713,0.7563643196509431,-10.986604060540188
public_input,baseline g,1.0,1,1.1346734549494641,1.2,0.8526111682762227,0.32029980347498427,0.1892364072297434,0.7559474944159724,0.7597366970003445,-10.969733136607497
public_input,baseline g,1.0,1,1.147892540911644,1.2,0.8527701016661345,0.320281401913878,0.1890377264678419,0.7591879382660491,0.7629933836428133,-10.952717306186113
public_input,baseline g,1.0,1,1.1613600254898573,1.2,0.8526489860313129,0.32029542783311116,0.18918913808820736,0.7626356197600487,0.7664583467122181,-10.935519020838072
public_input,baseline g,1.0,1,1.1750810252645967,1.2,0.8528562669756715,0.32027141611064114,0.1889299918233135,0.7659335159227944,0.7697727736482717,-10.918209995402796
public_input,baseline g,1.0,1,1.189060779242872,1.2,0.852602008862956,0.32027421193523853,0.1891902889171593,0.7695239570616038,0.7733812119481841,-10.900699876260697
public_input,baseline g,1.0,1,1.2033046520181812,1.2,0.8526775777977578,0.3202920945180193,0.18915334636116404,0.7730128671516545,0.7768876102728376,-10.883059388848615
public_input,baseline g,1.0,1,1.217818137019287,1.2,0.8529324891221082,0.3202626011877208,0.18883472944336882,0.776415313624883,0.7803071115799862,-10.865219624297461
public_input,baseline g,1.0,1,1.2326068598504607,1.2,0.8529507932123692,0.32026016750383635,0.1888111685959173,0.780004125568444,0.7839139125182748,-10.847253100150997
public_input,baseline g,1.0,1,1.247676581725918,1.2,0.8528559818404808,0.32027144606395985,0.18893034165767236,0.7837080863579702,0.7876364394885208,-10.82911143394267
public_input,baseline g,1.0,1,1.2630332030012734,1.2,0.8528630823858718,0.32027063629270847,0.1889214920063786,0.7873977930214924,0.791344640883659,-10.810820298006437
public_input,baseline g,1.0,1,1.2786827668049243,1.2,0.852682702701029,0.32029152000318684,0.18914698050585463,0.7912488997365866,0.7952150513514944,-10.792337635506012
public_input,baseline g,1.0,1,1.294631462772364,1.2,0.8526102122516617,0.320299910177868,0.18923759373253324,0.7950835832991267,0.799068956345381,-10.773689193872485
public_input,baseline g,1.0,1,1.31088563088653,1.2,0.8530025689155107,0.32025450013672435,0.18874715137981374,0.7986837185401494,0.8026871373393958,-10.754884976627041
public_input,baseline g,1.0,1,1.3274517654273796,1.2,0.8528615665605588,0.32027081164249005,0.18892338658721974,0.8026588784784294,0.8066822228497861,-10.735928224409616
public_input,baseline g,1.0,1,1.3443365190339982,1.2,0.8528179216168585,0.32027584291889094,0.188977899087946,0.8066250912564085,0.8106683163520475,-10.716798042776
public_input,baseline g,1.0,1,1.3615467068826452,1.2,0.8532414571405124,0.32022685453432814,0.18844854865363636,0.8103535398749264,0.8144154538970391,-10.697469277046375
public_input,baseline g,1.0,1,1.3790893109842512,1.2,0.8527158152172225,0.3202876976630882,0.18910561173504797,0.8147212811275433,0.8188050885437932,-10.677996336964533
public_input,baseline g,1.0,1,1.3969714846049992,1.2,0.8532419890391771,0.32022680876972953,0.18844791790343857,0.8184881235615189,0.8225908123540431,-10.658341226151645
public_input,baseline g,1.0,1,1.4152005568137338,1.2,0.8529678055207277,0.32025852507903424,0.1887906086499862,0.8228067274988733,0.8269310633837169,-10.638526163976808
public_input,baseline g,1.0,1,1.4337840371600625,1.2,0.8530031011562024,0.320254437529198,0.18874648390686524,0.8269859415540061,0.831131225836477,-10.618536438820215
public_input,baseline g,1.0,1,1.4527296204871472,1.2,0.8527151110792273,0.3202877646407448,0.18910646054478147,0.8314235921880736,0.8355911202869145,-10.598344683167852
public_input,baseline g,1.0,1,1.4720451918832933,1.2,0.8529842685741227,0.3202566729810016,0.18877014506484094,0.8355652138304018,0.8397535018941166,-10.578000660339722
public_input,baseline g,1.0,1,1.4917388317766058,1.2,0.8526882116207152,0.32029044065206763,0.1891391401877508,0.8401205883499445,0.8443317103234609,-10.557458097942735
public_input,baseline g,1.0,1,1.5118188211770927,1.2,0.8531650136934756,0.3202356694572485,0.1885440323341811,0.844241518272283,0.8484732964929952,-10.53678150547709
public_input,baseline g,1.0,1,1.5322936470707536,1.2,0.8530409102659797,0.3202500548163055,0.18869920813724025,0.8488029537656105,0.8530575962768819,-10.515886678961152
public_input,baseline g,1.0,1,1.5531720079703377,1.2,0.8529057485963526,0.3202657019472828,0.1888681676097784,0.8534306583685393,0.857708497345664,-10.494831622328295
public_input,baseline g,1.0,1,1.5744628196276003,1.2,0.8531499173154571,0.3202375329964308,0.1885631539568336,0.8578728993464304,0.8621730051491193,-10.473565114477031
public_input,baseline g,1.0,1,1.5961752209120554,1.2,0.8529518139567889,0.320260382578845,0.18881061241351632,0.8626614983673293,0.8669856071224978,-10.452152997643601
public_input,baseline g,1.0,1,1.618318579861377,1.2,0.8533021006114119,0.32021983990547026,0.18837275358440395,0.8671539399074588,0.8715005671195568,-10.43054868628961
public_input,baseline g,1.0,1,1.6409024999087747,1.2,0.8529988112002727,0.320254508876985,0.1887509279740149,0.8721349580489481,0.8765065527183814,-10.408742891141141
public_input,baseline g,1.0,1,1.6639368262928396,1.2,0.853192086866229,0.32023255018551755,0.188510221534489,0.8768539300603765,0.8812491786754519,-10.386766606515389
public_input,baseline g,1.0,1,1.6874316526555453,1.2,0.8533782752089353,0.3202110135414003,0.1882775140404894,0.8816396371870735,0.8860588742589486,-10.364598052905752
public_input,baseline g,1.0,1,1.7113973278342638,1.2,0.8532845200069912,0.32022185591213487,0.18839468876322024,0.886675253498762,0.8911197317024391,-10.342241481602304
public_input,baseline g,1.0,1,1.7358444628538618,1.2,0.8531042656916756,0.32024273525248304,0.1886200424536877,0.8918347973148025,0.8963051378394826,-10.319696506671605
public_input,baseline g,1.0,1,1.7607839381251333,1.2,0.8531294534498854,0.3202398212838523,0.18858856052323553,0.8969239349582468,0.9014197848915213,-10.296942363997989
public_input,baseline g,1.0,1,1.7862269108560356,1.2,0.853269773293324,0.3202235626137046,0.18841312195227788,0.9020026667904147,0.906523973972937,-10.274027503358155
public_input,baseline g,1.0,1,1.8121848226824113,1.2,0.8535106618109372,0.320195675715518,0.18811199773458182,0.9070806509682079,0.9116274116523452,-10.250898334303843
public_input,baseline g,1.0,1,1.8386694075250942,1.2,0.8531423273844125,0.3202383057433442,0.18857241302121103,0.9126418338202525,0.9172164700494385,-10.227594883011129
public_input,baseline g,1.0,1,1.8656926996805347,1.2,0.8536318125037359,0.3201813660743782,0.18795993821692097,0.9176880448522238,0.9222879753194685,-10.204076403906132
public_input,baseline g,1.0,1,1.8932670421523103,1.2,0.8530165405975614,0.32025288766524085,0.1887296967593588,0.9235634170465772,0.9281927979395028,-10.180368234061184
public_input,baseline g,1.0,1,1.921405095231136,1.2,0.8533968352807457,0.3202088477681424,0.18825427589844182,0.9288269709505995,0.9334827355172637,-10.156476856168982
public_input,baseline g,1.0,1,1.9501198453312445,1.2,0.8535440082037763,0.32022088223225154,0.18813309741788706,0.9343546485851467,0.9390381207512581,-10.132327488465712
public_input,baseline g,1.0,1,1.979424614091259,1.2,0.8532582688842726,0.3202249098754505,0.18842753644670063,0.9401959413746764,0.9449086931427413,-10.108053308245426
public_input,baseline g,1.0,1,2.009333067747975,1.2,0.8537340497636512,0.3201698277062952,0.18783277808194643,0.9456117643256039,0.950351663019181,-10.083537786905406
public_input,baseline g,1.0,1,2.0398592267917226,1.2,0.8533495983179524,0.3202140173699869,0.18831267920121925,0.9517079447140602,0.9564784006389971,-10.058828419379399
public_input,baseline g,1.0,1,2.071017475912293,1.2,0.8534484148061552,0.3202028842063264,0.18818981507950983,0.957543004429348,0.9623427087128237,-10.033914359362464
public_input,baseline g,1.0,1,2.1028225742447084,1.2,0.8537931568743953,0.32016298572632995,0.18775889229447748,0.9632810003390836,0.968109466446748,-10.008770004563692
public_input,baseline g,1.0,1,2.135289665924415,1.2,0.8533720593851639,0.3202008039228942,0.18826167708828773,0.9696337234775012,0.9744940327424109,-9.983463775658914
public_input,baseline g,1.0,1,2.168434290961828,1.2,0.8534065141058048,0.32020774720396505,0.18824221985475986,0.9757674889865919,0.9806585438790627,-9.957919305645538
public_input,baseline g,1.0,1,2.2022723964464688,1.2,0.8533406380228374,0.32021538314390185,0.18832458956799056,0.9820445286606491,0.9869670473454213,-9.932167156618602
public_input,baseline g,1.0,1,2.23682034809129,1.2,0.8535523061638933,0.3201909237908933,0.1880600892244363,0.9882046975305064,0.9931580941902362,-9.906202424027086
public_input,baseline g,1.0,1,2.2720949421281498,1.2,0.8537190865259476,0.320171555620923,0.1878514736152459,0.994481496425065,0.999466355670184,-9.880033754607133
public_input,baseline g,1.0,1,2.308113417565749,1.2,0.8536390195551595,0.3201808356549031,0.18795158545943114,1.0010255829277488,1.0060432445429683,-9.853650796542674
public_input,baseline g,1.0,1,2.344893468821764,1.2,0.8536843199969348,0.3201755920043825,0.18789495873253137,1.00756591914671,1.0126163643336545,-9.827033036713686
public_input,baseline g,1.0,1,2.382453258741261,1.2,0.8533726097599215,0.3202116708451694,0.18828459926564456,1.0144607372985437,1.019545742905296,-9.800200503773313
public_input,baseline g,1.0,1,2.4208114320139376,1.2,0.8535956473473725,0.3201858413481157,0.18800576996455737,1.0210499363197478,1.0261679704240407,-9.77318504789362
public_input,baseline g,1.0,1,2.4599871290031343,1.2,0.8539938020145722,0.3201397783733332,0.18750811927182764,1.0275980766674622,1.0327489334618383,-9.745922089910959
public_input,baseline g,1.0,1,2.5,1.2,0.8536282852919219,0.3201820604024853,0.18796496517744637,1.0348139873785407,1.0400010140758758,-9.71843377731508
public_input,baseline g,1.0,2,0.5,1.2,0.7034798040145689,0.3452944007801439,0.42964789695479766,0.6512841033921098,0.654548678545759,-12.280838394921284
public_input,baseline g,1.0,2,0.5000203210855501,1.2,0.7034777513966092,0.3452946431075822,0.4296504991713873,0.6512934118601386,0.6545580336726781,-12.280681291762427
public_input,baseline g,1.0,2,0.5000812892976928,1.2,0.7034715008480977,0.3452953259945396,0.429658298507518,0.6513213429282338,0.6545861047458347,-12.280209963843848
public_input,baseline g,1.0,2,0.5001829195049198,1.2,0.703461056035459,0.34529646358305494,0.42967132337090974,0.6513679038293239,0.6546328990344128,-12.279424355833367
public_input,baseline g,1.0,2,0.5003252364947652,1.2,0.7034465315656369,0.34529808479479895,0.4296895247489671,0.651433085309661,0.6546984072382795,-12.278324375500869
public_input,baseline g,1.0,2,0.5005082749838822,1.2,0.7034277413793913,0.34530015903885963,0.42971301932074224,0.6515169239064006,0.6547826660777342,-12.276909893687645
public_input,baseline g,1.0,2,0.500732079632158,1.2,0.7034048156127464,0.34530266677142013,0.4297416326248345,0.651619394592446,0.6548856504002308,-12.27518074429625
public_input,baseline g,1.0,2,0.5009967050608752,1.2,0.7033777659829424,0.34530565645796807,0.42977546286372925,0.6517405231023798,0.6550073860693474,-12.273136724230131
public_input,baseline g,1.0,2,0.5013022158749305,1.2,0.7033465453380542,0.34530910688544547,0.42981450907813634,0.6518803258808916,0.6551478896122028,-12.270777593363375
public_input,baseline g,1.0,2,0.5016486866891229,1.2,0.7033111415344787,0.34531300597510917,0.4298587560170689,0.6520388171563285,0.6553071753284638,-12.268103074483424
public_input,baseline g,1.0,2,0.502036202158526,1.2,0.7032715626481151,0.34531737724685196,0.4299082489477454,0.6522160212026175,0.6554852676137312,-12.265112853225798
public_input,baseline g,1.0,2,0.502464857012963,1.2,0.7032277883910455,0.3453222190314326,0.42996300437224366,0.6524119618058034,0.6556821903732778,-12.261806578007338
public_input,baseline g,1.0,2,0.5029347560956027,1.2,0.7031907596629918,0.34532627932883925,0.4300092418548156,0.6526238938799913,0.6558951847614084,-12.258183920744369
public_input,baseline g,1.0,2,0.5034460144056994,1.2,0.7035544688354437,0.3453955742081589,0.42980269346866085,0.6527903925994546,0.656062518059176,-12.254245543506308
public_input,baseline g,1.0,2,0.5039987571454999,1.2,0.7037810622965787,0.34526095218608116,0.42927077726145335,0.652933613930971,0.6562064572906041,-12.250002669023852
public_input,baseline g,1.0,2,0.5045931197713469,1.2,0.7040429200732722,0.34523208183610277,0.42894344153100883,0.6531234129351036,0.6563972076662039,-12.24545089946625
public_input,baseline g,1.0,2,0.5052292480490046,1.2,0.7039781585786957,0.3452394084709446,0.4290248198334066,0.6534134105338251,0.6566886588839383,-12.240585422689197
public_input,baseline g,1.0,2,0.5059072981132409,1.2,0.7039093367280521,0.34524697743322463,0.4291108080905014,0.6537221987908295,0.6569989949485221,-12.235402797820617
public_input,baseline g,1.0,2,0.5066274365316988,1.2,0.7038476850646124,0.3452538352244699,0.4291880132244853,0.6540470769520133,0.6573255015682655,-12.22990243768385
public_input,baseline g,1.0,2,0.507389840373095,1.2,0.7037704763904004,0.34526241656021256,0.4292846843681618,0.6543937923545192,0.6576739548889589,-12.224084006379256
public_input,baseline g,1.0,2,0.5081946972797818,1.2,0.7036891121947826,0.3452713627375572,0.4293863384939973,0.6547594726090558,0.658041468123399,-12.217946498808283
public_input,baseline g,1.0,2,0.5090422055447187,1.2,0.7036045716518261,0.3452806824967643,0.42949201625083544,0.655143952301632,0.6584278750284545,-12.21148919369584
public_input,baseline g,1.0,2,0.5099325741928927,1.2,0.7035267107161127,0.34528903564710745,0.4295888221315272,0.6555446976298188,0.658830629100958,-12.204711360286403
public_input,baseline g,1.0,2,0.5108660230672385,1.2,0.7034325494589482,0.34529962861938446,0.4297070082498158,0.6559677913820499,0.6592558436194477,-12.197612612670744
public_input,baseline g,1.0,2,0.5118427829191048,1.2,0.7035332883538803,0.34528844262010594,0.42958089950851996,0.6563596380815122,0.6596496544586647,-12.19019737753447
public_input,baseline g,1.0,2,0.5128630955033207,1.2,0.7034308923355239,0.3452997854569971,0.42970902108094555,0.6568210462969065,0.6601133754923635,-12.182461828794063
public_input,baseline g,1.0,2,0.5139272136779165,1.2,0.7038949812038897,0.3452475721294674,0.4291265123857424,0.6571568748487752,0.6604508873918534,-12.174408378884593
public_input,baseline g,1.0,2,0.5150354015085564,1.2,0.7037833473766971,0.3452609309730231,0.4292684440701192,0.6576574300187404,0.6609539516050496,-12.166050806678989
public_input,baseline g,1.0,2,0.5161879343777439,1.2,0.7036683987662362,0.3452735954884717,0.42941211580161753,0.6581767936085033,0.6614759185156397,-12.157368665993125
public_input,baseline g,1.0,2,0.5173850990988615,1.2,0.7038744923911908,0.3452509152164676,0.42915458331975787,0.65863312184473,0.661934534106669,-12.148375527154933
public_input,baseline g,1.0,2,0.5186271940351138,1.2,0.7037636195943897,0.3452631135892087,0.4292931220259357,0.6591882637070562,0.6624924586291602,-12.139058282929227
public_input,baseline g,1.0,2,0.5199145292234401,1.2,0.7038383298622465,0.3452548529997106,0.42919967674109716,0.6597147747588725,0.6630216088286064,-12.129420020392933
public_input,baseline g,1.0,2,0.5212474265034702,1.2,0.7037064259781111,0.3452694322207182,0.4293646462984778,0.6603123592527866,0.6636221887272615,-12.119458470554585
public_input,baseline g,1.0,2,0.5226262196515982,1.2,0.703583269775183,0.3452830448328619,0.42951867590574777,0.6609263690517836,0.6642392762631839,-12.109168345160496
public_input,baseline g,1.0,2,0.5240512545202515,1.2,0.703461835586527,0.34527252050748275,0.4296162409244439,0.6615503204121632,0.6648663551927725,-12.09854804270778
public_input,baseline g,1.0,2,0.5255228891824385,1.2,0.7038147566914942,0.34525747784465666,0.4292292030601873,0.6620888912948367,0.6654076256732299,-12.087624548920314
public_input,baseline g,1.0,2,0.5270414940816569,1.2,0.7036775477249428,0.34527478861349403,0.4294056728504619,0.6627635462344208,0.6660856623347714,-12.076372287440677
public_input,baseline g,1.0,2,0.5286074521872524,1.2,0.7037804360819286,0.3452612729323257,0.42927213092858607,0.6633943677771031,0.6667196458835951,-12.064799629731247
public_input,baseline g,1.0,2,0.5302211591553182,1.2,0.7039654634948663,0.34524084996277665,0.429040784220711,0.6640238785185063,0.6673523120607207,-12.052913871608627
public_input,baseline g,1.0,2,0.5318830234952302,1.2,0.7038043871878796,0.3452580082641318,0.42924077555517126,0.664760649815663,0.6680927764393729,-12.040697595618019
public_input,baseline g,1.0,2,0.5335934667419154,1.2,0.7036380309319228,0.3452769957812202,0.4294501954998846,0.665518395720051,0.6688543205609129,-12.028144781623183
public_input,baseline g,1.0,2,0.5353529236339561,1.2,0.7040041088428983,0.3452360522735535,0.4289912577135208,0.6661586630716854,0.6694977972660031,-12.015262570442571
public_input,baseline g,1.0,2,0.537161842297634,1.2,0.7040381412454239,0.3452328572839052,0.4289499790744732,0.6669035691923866,0.6702464372441724,-12.002082693254408
public_input,baseline g,1.0,2,0.5390206844370244,1.2,0.7038594271396855,0.34525260340586833,0.42917347738482403,0.6677222665716267,0.6710692383611035,-11.988566393366739
public_input,baseline g,1.0,2,0.5409299255302531,1.2,0.7036910404296297,0.3452711688756066,0.4293839705802462,0.6685578459385453,0.6719090060870285,-11.974709664145752
public_input,baseline g,1.0,2,0.5428900550320312,1.2,0.7038855552244527,0.345249664885697,0.4291406847363082,0.6693197872317936,0.672674766626903,-11.960525808406135
public_input,baseline g,1.0,2,0.5449015765825912,1.2,0.7039207775842297,0.3452457755679417,0.4290966414038623,0.6701422989095847,0.6735014011616359,-11.946018020039318
public_input,baseline g,1.0,2,0.5469650082231464,1.2,0.7042533390929444,0.34520893979152145,0.4286805363542263,0.6709078664272611,0.674270806102464,-11.931192237086702
public_input,baseline g,1.0,2,0.5490808826180046,1.2,0.704068493249752,0.34522943140796836,0.4289118571835203,0.6718267165626886,0.6751942619933619,-11.91604747438399
public_input,baseline g,1.0,2,0.5512497472834679,1.2,0.703863995663551,0.34525209856958156,0.4291677638922601,0.6727706918558705,0.6761429689823918,-11.900555869033534
public_input,baseline g,1.0,2,0.5534721648236569,1.2,0.7038700670324523,0.34525136721713645,0.42916003381601325,0.673680365750004,0.6770572026358949,-11.884718322929594
public_input,baseline g,1.0,2,0.5557487131734017,1.2,0.7040075355881482,0.3452361394326203,0.4289880286450348,0.6745762184223322,0.67795754578843,-11.868553094033143
public_input,baseline g,1.0,2,0.5580799858483445,1.2,0.7043244333513026,0.3452011567858805,0.42859179023907457,0.6754457741673139,0.678831460199722,-11.85206620020092
public_input,baseline g,1.0,2,0.5604665922024078,1.2,0.7041695784958787,0.34521837499387287,0.42878569599022487,0.6764580263188267,0.6798487862862591,-11.835269681192798
public_input,baseline g,1.0,2,0.5629091576927818,1.2,0.7041617398094117,0.34521918476512425,0.42879537123789013,0.677452624641169,0.6808483700534389,-11.81812393328101
public_input,baseline g,1.0,2,0.5654083241525933,1.2,0.7039477632969603,0.34524286430020007,0.42906305293589353,0.6785215173267666,0.6819226205859195,-11.800636208789713
public_input,baseline g,1.0,2,0.5679647500714233,1.2,0.7037134252763642,0.34526810347114134,0.4293546333961846,0.6796163326696149,0.683022923713511,-11.782790176810654
public_input,baseline g,1.0,2,0.5705791108838415,1.2,0.704352037072593,0.3451982455181388,0.42855758376254605,0.6805050948548955,0.6839161408377844,-11.76462866373605
public_input,baseline g,1.0,2,0.5732520992661372,1.2,0.7043471335187255,0.34519885872655054,0.4285638780730914,0.6815822216319712,0.6849986667352984,-11.746160115476206
public_input,baseline g,1.0,2,0.5759844254414287,1.2,0.7041497969129036,0.34522002615893554,0.42880922241556246,0.6827305639243476,0.686152765117369,-11.727341720496323
public_input,baseline g,1.0,2,0.578776817493336,1.2,0.7039153459192455,0.34524643287171086,0.42910356383379483,0.6839104102027287,0.6873385253998314,-11.708159716130773
public_input,baseline g,1.0,2,0.5816300216884137,1.2,0.7043914514161924,0.34524138745327115,0.42861601532782667,0.6849424695543519,0.6883757579704828,-11.688616561551827
public_input,baseline g,1.0,2,0.5845448028075416,1.2,0.7045278148371855,0.3451788773481685,0.42833787898846054,0.6860507805974719,0.6894896244458253,-11.668794494778677
public_input,baseline g,1.0,2,0.5875219444864789,1.2,0.7042626633127573,0.3452075669465872,0.4286680985221025,0.6873031112621188,0.6907482324440515,-11.648624901694255
public_input,baseline g,1.0,2,0.5905622495657936,1.2,0.7040609267497799,0.34523039364670205,0.4289216060409402,0.6885611472582924,0.6920125743718978,-11.628083600568234
public_input,baseline g,1.0,2,0.5936665404503856,1.2,0.7040140938782036,0.3452355746896963,0.4289801895180277,0.6898002816047202,0.6932579199050847,-11.607192618693237
public_input,baseline g,1.0,2,0.5968356594788269,1.2,0.7043074210214051,0.34520318860382504,0.4286134107320703,0.690971786425911,0.6944352969186286,-11.585985798643248
public_input,baseline g,1.0,2,0.600070469302753,1.2,0.7043690969430314,0.34519642504266607,0.4285363950537353,0.6922265955608427,0.6956963958105237,-11.564433946587531
public_input,baseline g,1.0,2,0.6033718532765401,1.2,0.7043313072015098,0.345200579570159,0.4285836072636107,0.693530114097058,0.6970064482605923,-11.542531472598625
public_input,baseline g,1.0,2,0.6067407158575169,1.2,0.7040395303074392,0.3452321814679671,0.4289470572619103,0.6949233889297637,0.6984067069124599,-11.52025824955842
public_input,baseline g,1.0,2,0.6101779830169621,1.2,0.7043719480556175,0.34519547257584077,0.42853138374638944,0.6961740982109588,0.6996636854000159,-11.49767008574214
public_input,baseline g,1.0,2,0.6136846026621482,1.2,0.7046527868675231,0.3451650496610162,0.42818154576366163,0.6974613394355446,0.7009573789480911,-11.47471931755887
public_input,baseline g,1.0,2,0.6172615450697004,1.2,0.7043682717038775,0.34519591313535997,0.4285360592871188,0.6989217559187414,0.7024251157993733,-11.451432356166361
public_input,baseline g,1.0,2,0.6209098033305457,1.2,0.7046225816030904,0.34516830018717143,0.4282191232214146,0.7002621569358204,0.7037722356045104,-11.427767701284662
public_input,baseline g,1.0,2,0.6246303938067362,1.2,0.7046169006508467,0.34516903590974685,0.4282264727924592,0.7016951858035726,0.7052124475593543,-11.403782352081079
public_input,baseline g,1.0,2,0.6284243566004422,1.2,0.704295961045843,0.34520653169082527,0.42863245282894896,0.7032370068229168,0.7067619969887193,-11.379425096369665
public_input,baseline g,1.0,2,0.6322927560354111,1.2,0.7043461908479325,0.34519833267720573,0.4285636276639701,0.7047015860799217,0.7082339174798005,-11.354711797785823
public_input,baseline g,1.0,2,0.6362366811512086,1.2,0.7048304773019213,0.34514551591317266,0.42795955278915454,0.7060745966649614,0.7096138103090377,-11.329663874543087
public_input,baseline g,1.0,2,0.6402572462105554,1.2,0.7045190423775776,0.34517937511343594,0.42834778037969534,0.7076852413137636,0.7112325283477392,-11.30426164945636
public_input,baseline g,1.0,2,0.6443555912200942,1.2,0.704233367544855,0.3452108104017231,0.428704750446253,0.7093136921016294,0.7128691417791476,-11.278457026470395
public_input,baseline g,1.0,2,0.6485328824649206,1.2,0.705088458049477,0.34511687374859384,0.4276366116123338,0.710658836459437,0.7142210287011075,-11.252323689283433
public_input,baseline g,1.0,2,0.652790313057229,1.2,0.7047421907592051,0.3451546902759169,0.4280686467865744,0.7123530068154765,0.7159236911213962,-11.22587170324513
public_input,baseline g,1.0,2,0.6571291034994325,1.2,0.7044137770951646,0.34519093032444664,0.4284792528806805,0.7140677091119612,0.7176469883989096,-11.199006053074513
public_input,baseline g,1.0,2,0.6615505022621248,1.2,0.7046802737680883,0.34520460554411664,0.42824377160596827,0.71566228582085,0.7192495579568137,-11.171761014507068
public_input,baseline g,1.0,2,0.6660557863772645,1.2,0.7049600268527701,0.34513127324968956,0.4277977008775259,0.7172464623887284,0.7208416752427834,-11.144222270444622
public_input,baseline g,1.0,2,0.6706462620469753,1.2,0.7048451583340124,0.3451439492062879,0.4279413184658486,0.7189794681366883,0.7225833677182047,-11.116294180632401
public_input,baseline g,1.0,2,0.6753232652683625,1.2,0.7044995621336634,0.3451814678696656,0.4283720069947381,0.7208012310002665,0.7244142622061372,-11.087971684739248
public_input,baseline g,1.0,2,0.6800881624747613,1.2,0.7050755372094548,0.34511852594530434,0.4276532796344956,0.7223973993610593,0.7260184313941336,-11.059285880258269
public_input,baseline g,1.0,2,0.6849423511938463,1.2,0.7050264371277404,0.3451234505188216,0.427713548648947,0.7241903912407662,0.7278204106830384,-11.030285010138172
public_input,baseline g,1.0,2,0.6898872607230374,1.2,0.7046427109631315,0.3451657096656744,0.4281931185586181,0.7261021257099571,0.7297417277611338,-11.000869843791673
public_input,baseline g,1.0,2,0.6949243528226603,1.2,0.7048731268933229,0.34514024938035287,0.4279049587013174,0.7278717571719854,0.7315202295377788,-10.971058842419016
public_input,baseline g,1.0,2,0.7000551224273222,1.2,0.7051030090954781,0.3451149388616246,0.42761767224268643,0.7296682444998273,0.7333257217958253,-10.940945330756652
public_input,baseline g,1.0,2,0.7052810983759861,1.2,0.7047823804869053,0.3451503021612463,0.4280185048148013,0.7316440636204227,0.735311444750977,-10.910422893526608
public_input,baseline g,1.0,2,0.7106038441612367,1.2,0.7052656123950503,0.3450975567450003,0.42741564630261064,0.7334248980286374,0.7371012056288101,-10.87950619904515
public_input,baseline g,1.0,2,0.7160249586982449,1.2,0.7052266416587729,0.3451017570370917,0.42746414330135135,0.7353778277048082,0.7390639244057196,-10.848249959849364
public_input,baseline g,1.0,2,0.7215460771139571,1.2,0.7048944403907945,0.34513795402191194,0.42787843933090197,0.7374403413174927,0.7411367764109106,-10.816593751022532
public_input,baseline g,1.0,2,0.7271688715570458,1.2,0.7053486840544558,0.3450884564309321,0.4273119351308983,0.7393122312877195,0.7430180492686596,-10.784569075673948
public_input,baseline g,1.0,2,0.7328950520291776,1.2,0.7049528653681567,0.34513156134172646,0.427805515754879,0.741449569868371,0.74516610130353,-10.752162623730097
public_input,baseline g,1.0,2,0.7387263672381705,1.2,0.7051641594911511,0.3451081954818759,0.4275412278617435,0.7434460255453517,0.7471725642562366,-10.719373702173806
public_input,baseline g,1.0,2,0.7446646054736273,1.2,0.705427826580943,0.3450797269978374,0.4272129942501524,0.7454567459134377,0.7491933634021101,-10.686205774472725
public_input,baseline g,1.0,2,0.7507115955056528,1.2,0.7052615489910352,0.3450976536759756,0.4274199295460776,0.7476172623260845,0.7513647094483423,-10.652645428884464
public_input,baseline g,1.0,2,0.7568692075072764,1.2,0.7052215882943917,0.34510188662227476,0.42746949056492745,0.7497719803775879,0.753530228069025,-10.618702189278434
public_input,baseline g,1.0,2,0.7631393540012239,1.2,0.7053964739930427,0.3450832100795225,0.4272522464673143,0.7518960920990915,0.7556649869448403,-10.584377915847366
public_input,baseline g,1.0,2,0.7695239908317001,1.2,0.7053010445699335,0.34509312723586144,0.42737016800100047,0.7541264208824495,0.7579064952977482,-10.549670745156906
public_input,baseline g,1.0,2,0.7760251181618615,1.2,0.7052500425300763,0.3450987373972251,0.42743389388683034,0.7563749401181126,0.7601662852829829,-10.514531525215446
public_input,baseline g,1.0,2,0.7826447814976824,1.2,0.7056933007943613,0.34504977022572036,0.42687957807757254,0.7585132542107093,0.7623153177195727,-10.479057781687777
public_input,baseline g,1.0,2,0.7893850727389358,1.2,0.7053102208594133,0.34509219058031604,0.4273588673767436,0.7609185245276758,0.7647326445041754,-10.443168410949957
public_input,baseline g,1.0,2,0.7962481312580323,1.2,0.7057910118046063,0.345119358598855,0.426939693497597,0.7631394873635038,0.7669647399625461,-10.406821272209317
public_input,baseline g,1.0,2,0.8032361450074849,1.2,0.7056873658235057,0.34505063990360907,0.4268874854778797,0.7654964351433369,0.7693335019922901,-10.370203429359687
public_input,baseline g,1.0,2,0.8103513516567865,1.2,0.705259541458769,0.34510194215878176,0.42743166335734806,0.7680121520606232,0.7718618289931007,-10.333092461106485
public_input,baseline g,1.0,2,0.8175960397595149,1.2,0.7061114493985322,0.34500436995648515,0.42635846166277613,0.7701879884339726,0.7740485717916581,-10.295589547097183
public_input,baseline g,1.0,2,0.8249725499515008,1.2,0.7056234122645166,0.3450576670052644,0.4269673765034232,0.7727848546470576,0.7766584548508052,-10.257747236046493
public_input,baseline g,1.0,2,0.8324832761809209,1.2,0.7054422575815659,0.34507758140598976,0.4271936970472191,0.775326458921274,0.7792127989694626,-10.219419344875712
public_input,baseline g,1.0,2,0.8401306669712053,1.2,0.7060602994019339,0.3450092760178334,0.4264207386065121,0.7776689214099168,0.781567003100192,-10.180733997446914
public_input,baseline g,1.0,2,0.8479172267176741,1.2,0.705844898644887,0.34503368523611305,0.4266914994706176,0.7802879942498304,0.784199204097348,-10.141647039665004
public_input,baseline g,1.0,2,0.8558455170188431,1.2,0.7060156113011244,0.3450147690668115,0.42647788494240424,0.7828281013100737,0.786752043497216,-10.102103242751177
public_input,baseline g,1.0,2,0.8639181580433734,1.2,0.705948575043384,0.34502183216115706,0.42656094029812036,0.7854721827275091,0.78940937842791,-10.062197046315642
public_input,baseline g,1.0,2,0.8721378299336601,1.2,0.7057503113263583,0.3450436552280699,0.4268086987309044,0.7881899942658467,0.7921408130532755,-10.021877606348749
public_input,baseline g,1.0,2,0.8805072742470966,1.2,0.7058841512467492,0.34502887777498137,0.42664134354690864,0.7908453100517869,0.7948094386649811,-9.981108162924167
public_input,baseline g,1.0,2,0.88902929543607,1.2,0.7061302310732946,0.34500173970976095,0.42633371458844316,0.7935027828828102,0.7974802321340031,-9.939964338939701
public_input,baseline g,1.0,2,0.8977067623677852,1.2,0.7062563010379665,0.3450288777749813,0.42626919375569133,0.7962482513789367,0.8002394623482353,-9.898348588740191
public_input,baseline g,1.0,2,0.9065426098850453,1.2,0.706048494830911,0.34501079862936085,0.42643599646047947,0.799095967113258,0.8031014523170765,-9.85637115122697
public_input,baseline g,1.0,2,0.9155398404091444,1.2,0.7059881487881661,0.3450174450781343,0.4265114166490427,0.8019535097873711,0.8059733184834503,-9.813941827255768
public_input,baseline g,1.0,2,0.9247015255860773,1.2,0.7064093611048096,0.34497095028409325,0.425984754139514,0.804704054447221,0.8087376503057823,-9.771101064428414
public_input,baseline g,1.0,2,0.9340308079772923,1.2,0.706224811242804,0.3450687375613986,0.4263910855464481,0.8077056009886926,0.8117542421619036,-9.72781544182603
public_input,baseline g,1.0,2,0.9435309027962627,1.2,0.7067646262074594,0.34493147115055794,0.4255399503620061,0.8104630455680438,0.8145255084897275,-9.684091757044479
public_input,baseline g,1.0,2,0.9532050996921831,1.2,0.7062299793309484,0.34499082599123937,0.4262092140171826,0.8136153921592617,0.8176936562839898,-9.64001262787769
public_input,baseline g,1.0,2,0.9630567645821445,1.2,0.7064019615295236,0.34497163317105073,0.42599370250241936,0.816592981387646,0.8206861707404921,-9.595397822425598
public_input,baseline g,1.0,2,0.9730893415331738,1.2,0.7065675387151782,0.344953536544909,0.42578708216867556,0.819611766568545,0.8237200876450803,-9.55045045875607
public_input,baseline g,1.0,2,0.9833063546955787,1.2,0.7063283161738274,0.3449804568342317,0.42608735992621005,0.8227938591635299,0.8269181305455742,-9.504989206210166
public_input,baseline g,1.0,2,0.9937114102890687,1.2,0.7068376596035744,0.34492377093385357,0.4254494528744057,0.8257870240892351,0.8299262987729052,-9.459123008059024
public_input,baseline g,1.0,2,1.0043081986431819,1.2,0.7063471297910583,0.34496596580393873,0.4260356806522748,0.8291224584555499,0.8332784520735562,-9.412829357479083
public_input,baseline g,1.0,2,1.0151004962935855,1.2,0.7064621421922194,0.3449676654344891,0.42592452301320194,0.8323245799601906,0.8364966242790334,-9.36602603958172
public_input,baseline g,1.0,2,1.0260921681358672,1.2,0.7065897542085516,0.3449511970911108,0.4257595607940875,0.8355572781117558,0.8397455263975154,-9.318885112475455
public_input,baseline g,1.0,2,1.037287169638491,1.2,0.7063922976518424,0.3449729205261593,0.42600628610148705,0.838933804698999,0.8431389778947095,-9.271230077794968
public_input,baseline g,1.0,2,1.0486895491166357,1.2,0.7068929687421257,0.3449176630072225,0.4253802909582549,0.8421362775216472,0.8463575031791829,-9.223136296107988
public_input,baseline g,1.0,2,1.0603034500686892,1.2,0.7066287820304675,0.3449468742848557,0.42571072884758515,0.8456199147263846,0.8498586021880756,-9.174623824256258
public_input,baseline g,1.0,2,1.0721331135772334,1.2,0.706771003021214,0.3449311389631637,0.42553282014724153,0.8490205326610543,0.8532762657910776,-9.12557114105608
public_input,baseline g,1.0,2,1.0841828807763967,1.2,0.7069172945311563,0.34491509973815493,0.425350151674979,0.852463984379368,0.8567369778829579,-9.076192320649179
public_input,baseline g,1.0,2,1.0964571953875313,1.2,0.7070893260695235,0.3448953024498151,0.4251332198866573,0.8559434928489584,0.8602339274613324,-9.026211701292581
public_input,baseline g,1.0,2,1.1089606063252093,1.2,0.7071974718012979,0.3448841904992126,0.4249998722509163,0.8594890146209329,0.8637972212351464,-8.975910274790671
public_input,baseline g,1.0,2,1.1216977703756155,1.2,0.706585995781053,0.3449515733738624,0.4257641726308669,0.8633085089009843,0.8676358608099489,-8.925043582581512
public_input,baseline g,1.0,2,1.1346734549494641,1.2,0.707043386905013,0.3449012289872931,0.42519260043816764,0.8668353681111896,0.8711803984755137,-8.873768583244132
public_input,baseline g,1.0,2,1.147892540911644,1.2,0.7068470515465484,0.34492281409689796,0.42543789082521616,0.8706173472324958,0.8749813348460552,-8.822011490764972
public_input,baseline g,1.0,2,1.1613600254898573,1.2,0.7072790945703554,0.34487512720948243,0.42489769394075083,0.874245827753184,0.8786280032010413,-8.769793463233736
public_input,baseline g,1.0,2,1.1750810252645967,1.2,0.707098174804992,0.34489511128875355,0.42512393759790124,0.878119195835276,0.882520786621441,-8.717085097154218
public_input,baseline g,1.0,2,1.189060779242872,1.2,0.7075297604011431,0.34484752570244365,0.4245844278919991,0.881843828920637,0.8862640895078359,-8.663925728868513
public_input,baseline g,1.0,2,1.2033046520181812,1.2,0.7073411214620778,0.3448681997396915,0.4248199555475426,0.8858183337482344,0.8902585166237874,-8.610247073749903
public_input,baseline g,1.0,2,1.217818137019287,1.2,0.7077709559191542,0.34482071108435686,0.4242824168201672,0.8896419399542659,0.8941012887356846,-8.556138704094353
public_input,baseline g,1.0,2,1.2326068598504607,1.2,0.7074608862411835,0.344855133358303,0.4246705562154476,0.893757583236713,0.8982375617659348,-8.501521444412068
public_input,baseline g,1.0,2,1.247676581725918,1.2,0.7079343847935515,0.34488885256388135,0.4242735328213314,0.897706870801432,0.9022066452169518,-8.446414878628921
public_input,baseline g,1.0,2,1.2630332030012734,1.2,0.7076856284447606,0.3448308379139263,0.42439071194402445,0.9018678761294918,0.9063885076710148,-8.390871157939134
public_input,baseline g,1.0,2,1.2786827668049243,1.2,0.7074765128737119,0.34485332265473867,0.4246508229072355,0.9061075156656018,0.9106493984887357,-8.334763197228483
public_input,baseline g,1.0,2,1.294631462772364,1.2,0.7079009846937407,0.34480665521180504,0.42412050932663314,0.9101911670131454,0.9147535192238414,-8.27825419468654
public_input,baseline g,1.0,2,1.31088563088653,1.2,0.7076605181130253,0.3448335553197174,0.4244219853520937,0.9145497655375239,0.9191339653142411,-8.221146588566409
public_input,baseline g,1.0,2,1.3274517654273796,1.2,0.708107022978057,0.34478397493980095,0.42386303218541155,0.9187336697960116,0.9233388414800983,-8.163650935278355
public_input,baseline g,1.0,2,1.3443365190339982,1.2,0.7074150765663849,0.3448602158010806,0.4247278928704659,0.9233547024466654,0.9279830371533053,-8.105563462372055
public_input,baseline g,1.0,2,1.3615467068826452,1.2,0.7083038835242597,0.3447621959682454,0.423616776931721,0.9275008726781421,0.9321499901495539,-8.047041244754702
public_input,baseline g,1.0,2,1.3790893109842512,1.2,0.7076007594632214,0.3448397541379523,0.4244958029216543,0.9322409689636036,0.9369138462665221,-7.987972878685636
public_input,baseline g,1.0,2,1.3969714846049992,1.2,0.7084668512737613,0.34474427636112664,0.42341316751327396,0.9365073041559849,0.9412015665530483,-7.92841425705566
public_input,baseline g,1.0,2,1.4152005568137338,1.2,0.7077758555626761,0.3448204916392179,0.4242770194750703,0.9413616567227994,0.9460802516633626,-7.868341360345579
public_input,baseline g,1.0,2,1.4337840371600625,1.2,0.7086425231163427,0.34472489237987636,0.4231935328012171,0.9457433174658225,0.950483875572259,-7.8077426471632485
public_input,baseline g,1.0,2,1.4527296204871472,1.2,0.7079412220115255,0.3448022381754636,0.42407025417042593,0.9507227734922471,0.9554882912258847,-7.746647238419556
public_input,baseline g,1.0,2,1.4720451918832933,1.2,0.7087878223821976,0.3447346156742646,0.42307028596703444,0.9552423805067601,0.9600305528648343,-7.685001319423048
public_input,baseline g,1.0,2,1.4917388317766058,1.2,0.7080727928466131,0.3447877558854313,0.4239058375015452,0.9603392880678524,0.9651530087813949,-7.622875555454927
public_input,baseline g,1.0,2,1.5118188211770927,1.2,0.7085078252255379,0.3447397711340705,0.42336197570653405,0.9651123588838595,0.9699500047144307,-7.560196372343882
public_input,baseline g,1.0,2,1.5322936470707536,1.2,0.708587571719919,0.3447308875642523,0.4232620812758052,0.9700721616607566,0.9749346686062054,-7.497014533831322
public_input,baseline g,1.0,2,1.5531720079703377,1.2,0.7086913412462094,0.3447194733795742,0.42313242437866505,0.975087902567241,0.9799755510186089,-7.4332765726874905
public_input,baseline g,1.0,2,1.5744628196276003,1.2,0.7087241732317676,0.3447159717857201,0.4230916507782455,0.9801939002280616,0.9851071425992124,-7.369032345764315
public_input,baseline g,1.0,2,1.5961752209120554,1.2,0.7088221016520209,0.3447050923906475,0.4229690478899677,0.9853429819976331,0.9902820342485608,-7.304221542487969
public_input,baseline g,1.0,2,1.618318579861377,1.2,0.7088505363320493,0.3447019970328636,0.4229335929384853,0.9905838942129948,0.9955492166457243,-7.238897698545112
public_input,baseline g,1.0,2,1.6409024999087747,1.2,0.7088775025327042,0.3446990302286149,0.42289989802579464,0.9958934804638495,1.0008854173084163,-7.1730062345100025
public_input,baseline g,1.0,2,1.6639368262928396,1.2,0.7090077929976057,0.34468466775185724,0.42273703346360647,1.0012350472665574,1.0062537588261444,-7.106588984362649
public_input,baseline g,1.0,2,1.6874316526555453,1.2,0.7089869188738467,0.3446869587401678,0.42276310354885394,1.006700982237207,1.0117470919098508,-7.039603960239241
public_input,baseline g,1.0,2,1.7113973278342638,1.2,0.709112120519316,0.34467319366054183,0.42260668270279306,1.012185210145179,1.017258809624609,-6.972081209144809
public_input,baseline g,1.0,2,1.7358444628538618,1.2,0.7094717070524722,0.3446340211312124,0.4221582528731177,1.0176559866842692,1.0227570085452182,-6.903992573870365
public_input,baseline g,1.0,2,1.7607839381251333,1.2,0.7092031154307835,0.344663022735615,0.42249262013359135,1.0234283504224044,1.0285583063769992,-6.835345732055462
public_input,baseline g,1.0,2,1.7862269108560356,1.2,0.7096059612662808,0.3446187987484744,0.42198947429525924,1.0290292527294163,1.0341872833236563,-6.766171475576558
public_input,baseline g,1.0,2,1.8121848226824113,1.2,0.7092836847731121,0.3446547022394796,0.42239317990602765,1.034972307513269,1.040160127793582,-6.696355713992832
public_input,baseline g,1.0,2,1.8386694075250942,1.2,0.7096838118369623,0.34461026317733034,0.42189226504922306,1.0407242833100074,1.0459409354889841,-6.626085241526216
public_input,baseline g,1.0,2,1.8656926996805347,1.2,0.7088975486188565,0.3446402499027659,0.42274653816061664,1.0469660361357311,1.052213975230946,-6.55509312821723
public_input,baseline g,1.0,2,1.8932670421523103,1.2,0.7097490374945246,0.3446030590566521,0.4218107004459626,1.0527337837404147,1.05801063379081,-6.4837061011975905
public_input,baseline g,1.0,2,1.921405095231136,1.2,0.7093035351941503,0.34465448716447095,0.4223728416948697,1.0590388315861405,1.064347285820382,-6.411534305462739
public_input,baseline g,1.0,2,1.9501198453312445,1.2,0.7098481960302739,0.3445920968726429,0.4216866796768802,1.0650494213925144,1.0703880038335374,-6.339007296782073
public_input,baseline g,1.0,2,1.979424614091259,1.2,0.709349984305645,0.3446470205349443,0.4223094582676086,1.0715380109813697,1.0769091176130552,-6.265671218400925
public_input,baseline g,1.0,2,2.009333067747975,1.2,0.7098904965110349,0.34458746039116256,0.4216338636561219,1.0777150520659717,1.083117121244943,-6.191964058084286
public_input,baseline g,1.0,2,2.0398592267917226,1.2,0.7101084506961712,0.3447228023245357,0.421722864975876,1.0841829095675717,1.0896173990171851,-6.117443095535122
public_input,baseline g,1.0,2,2.071017475912293,1.2,0.7099194042007394,0.3445842697716446,0.4215977196413506,1.0907243168901075,1.0961915952803751,-6.042540614827696
public_input,baseline g,1.0,2,2.1028225742447084,1.2,0.7103092377814724,0.3445410537878362,0.4211098722093403,1.0972132988531005,1.102713103400814,-5.966865163370606
public_input,baseline g,1.0,2,2.135289665924415,1.2,0.7103491229056147,0.34453679962847894,0.4210603386517755,1.103926017512317,1.109459469702333,-5.89071535482859
public_input,baseline g,1.0,2,2.168434290961828,1.2,0.7103213920250732,0.34453990038804094,0.4210951020550039,1.1107549303349857,1.1163226125929726,-5.813866513906557
public_input,baseline g,1.0,2,2.2022723964464688,1.2,0.7104031089999535,0.3445309215564886,0.4209930210901628,1.1176320688353079,1.1232342228934806,-5.736493634697339
public_input,baseline g,1.0,2,2.23682034809129,1.2,0.7103210387459269,0.34454003871348454,0.4210957690562563,1.1246664131856174,1.130303827041578,-5.658412583461674
public_input,baseline g,1.0,2,2.2720949421281498,1.2,0.7103974423267089,0.3445314960713211,0.4209999907630474,1.1317319610255674,1.137404791087459,-5.579803928981671
public_input,baseline g,1.0,2,2.308113417565749,1.2,0.7103546214596075,0.34453863154510134,0.42105899488468257,1.138941792312081,1.144650761803689,-5.500474505930484
public_input,baseline g,1.0,2,2.344893468821764,1.2,0.71030788842654,0.34454149434735537,0.42111222075326193,1.1462477431807891,1.1519933339035242,-5.42061107127782
public_input,baseline g,1.0,2,2.382453258741261,1.2,0.7107553271669449,0.34449213945194945,0.4205528451100764,1.1534538012581834,1.1592355124973455,-5.340065592448571
public_input,baseline g,1.0,2,2.4208114320139376,1.2,0.7103218580854627,0.3445422300699308,0.4210999197131404,1.161117306200129,1.1669374309176686,-5.25888264124702
public_input,baseline g,1.0,2,2.4599871290031343,1.2,0.711226833353666,0.34444054036447924,0.41996431219297303,1.1683347876405432,1.1741910901343553,-5.177128987018197
public_input,baseline g,1.0,2,2.5,1.2,0.7111717439323464,0.34444623331477964,0.4200323132255739,1.176046913406207,1.1819418730912898,-5.09464472053096
public_input,baseline g,1.0,3,0.5,1.2,0.5269759182244282,0.3765074775292497,0.7582686559582279,0.7282025503915268,0.7318526808652334,-14.653398192838997
public_input,baseline g,1.0,3,0.5000203210855501,1.2,0.5269764163037647,0.3765074405049117,0.7582680659104357,0.7282120804176437,0.731862258660805,-14.652907371198607
public_input,baseline g,1.0,3,0.5000812892976928,1.2,0.5269779142708139,0.37650729240755965,0.7582662000695642,0.7282406643074729,0.7318909858279782,-14.651434890069266
public_input,baseline g,1.0,3,0.5001829195049198,1.2,0.5269802672462911,0.37650705715114074,0.7582632627171424,0.7282883303488282,0.7319388907963601,-14.64898070071782
public_input,baseline g,1.0,3,0.5003252364947652,1.2,0.5269836665980359,0.3765067135225969,0.7582590097920947,0.728355052623833,0.7320059475181603,-14.645544722049456
public_input,baseline g,1.0,3,0.5005082749838822,1.2,0.5269880244542886,0.3765062685929474,0.7582535467305926,0.7284408524700315,0.7320921774378775,-14.641126840429864
public_input,baseline g,1.0,3,0.500732079632158,1.2,0.5269933697486349,0.3765057425436026,0.7582468947296737,0.7285457390171899,0.7321975897310414,-14.635726909777194
public_input,baseline g,1.0,3,0.5009967050608752,1.2,0.526999648221302,0.3765050939800941,0.7582390052252515,0.7286697242684107,0.7323221964609202,-14.629344751554813
public_input,baseline g,1.0,3,0.5013022158749305,1.2,0.5270069365051431,0.376504381139818,0.7582299462461646,0.7288128217141309,0.7324660111855719,-14.621980154725122
public_input,baseline g,1.0,3,0.5016486866891229,1.2,0.5270150909864777,0.37650353704511763,0.7582196950335944,0.728975055801658,0.7326290584748468,-14.61363287578899
public_input,baseline g,1.0,3,0.502036202158526,1.2,0.5270243263063741,0.37650263034289094,0.7582082074653669,0.7291564264298682,0.7328113382271143,-14.604302638763626
public_input,baseline g,1.0,3,0.502464857012963,1.2,0.5270344916726102,0.3765016179694284,0.7581955273634498,0.7293569677211394,0.7330128847357913,-14.593989135150522
public_input,baseline g,1.0,3,0.5029347560956027,1.2,0.5270455607566857,0.3765004830818021,0.7581816392185106,0.729576702885568,0.733233721327315,-14.582692023958856
public_input,baseline g,1.0,3,0.5034460144056994,1.2,0.5270577164488559,0.37649928121651915,0.7581664980929774,0.7298156404490176,0.7334738565702854,-14.570410931689102
public_input,baseline g,1.0,3,0.5039987571454999,1.2,0.5270708036346476,0.37649795953796167,0.7581501278576488,0.7300738198699279,0.7337333301209286,-14.557145452300864
public_input,baseline g,1.0,3,0.5045931197713469,1.2,0.5270848228586722,0.37649654529855914,0.7581325956629485,0.7303512750279945,0.7340121760287625,-14.542895147206588
public_input,baseline g,1.0,3,0.5052292480490046,1.2,0.5270998347339859,0.37649503849831156,0.7581138408958197,0.7306480284020066,0.7343104168852519,-14.527659545296645
public_input,baseline g,1.0,3,0.5059072981132409,1.2,0.5271158346969953,0.3764934260268281,0.7580938355536455,0.7309641116192261,0.7346280844761911,-14.511438142890492
public_input,baseline g,1.0,3,0.5066274365316988,1.2,0.5271327939830115,0.37649171662436937,0.7580726301119218,0.7312995659570288,0.7349652202858595,-14.494230403712178
public_input,baseline g,1.0,3,0.507389840373095,1.2,0.5271506918702441,0.376489924432974,0.7580502804212633,0.7316544347318664,0.7353218678478332,-14.476035758891012
public_input,baseline g,1.0,3,0.5081946972797818,1.2,0.5271695971481588,0.37648802823958405,0.7580266649989679,0.732028744157262,0.7356980535070315,-14.456853606985248
public_input,baseline g,1.0,3,0.5090422055447187,1.2,0.5271894690956198,0.3764860236740691,0.7580018137107676,0.7324225414716173,0.7360938247386395,-14.436683313892786
public_input,baseline g,1.0,3,0.5099325741928927,1.2,0.5272102979363051,0.3764839178074485,0.7579757538973966,0.7328358737839743,0.7365092288878339,-14.415524212866831
public_input,baseline g,1.0,3,0.5108660230672385,1.2,0.5272321532869062,0.37648173956139314,0.757948487783594,0.7332687830030119,0.7369443080733621,-14.393375604501571
public_input,baseline g,1.0,3,0.5118427829191048,1.2,0.5272549859628268,0.3764794627151213,0.7579199994215342,0.7337213203165417,0.7373991137396156,-14.370236756710947
public_input,baseline g,1.0,3,0.5128630955033207,1.2,0.5272787238898434,0.3764770502442948,0.7578902689169845,0.734193540498976,0.7378737009355647,-14.346106904704268
public_input,baseline g,1.0,3,0.5139272136779165,1.2,0.527303516684446,0.3764745653940337,0.7578593037543335,0.7346854869690163,0.7383681132975477,-14.32098525095787
public_input,baseline g,1.0,3,0.5150354015085564,1.2,0.5273292376677142,0.3764719705024063,0.7578271370602626,0.7351972268105602,0.738882418245722,-14.294870965192489
public_input,baseline g,1.0,3,0.5161879343777439,1.2,0.5273559664516556,0.37646928742006414,0.7577937434997835,0.735728810535572,0.7394166665452441,-14.267763184368281
public_input,baseline g,1.0,3,0.5173850990988615,1.2,0.5273836374660434,0.3764664872253365,0.7577591168016922,0.7362803026180823,0.7399709229933216,-14.239661012643033
public_input,baseline g,1.0,3,0.5186271940351138,1.2,0.5274123254498502,0.37646361735206313,0.7577233000526744,0.7368517635802577,0.7405452484154902,-14.210563521340287
public_input,baseline g,1.0,3,0.5199145292234401,1.2,0.5274419960061096,0.37646065054781447,0.7576862599546614,0.7374432583536943,0.741139708068817,-14.18046974895049
public_input,baseline g,1.0,3,0.5212474265034702,1.2,0.5274726341055271,0.3764575481190112,0.7576479154220965,0.7380548493091041,0.7417543646366481,-14.149378701097195
public_input,baseline g,1.0,3,0.5226262196515982,1.2,0.5275042504947628,0.376454390153701,0.7576084546470304,0.7386866192749368,0.7423893013626129,-14.117289350440286
public_input,baseline g,1.0,3,0.5240512545202515,1.2,0.5275368675492991,0.3764510938629472,0.7575676496062616,0.7393386218322517,0.7430445720963467,-14.084200636795778
public_input,baseline g,1.0,3,0.5255228891824385,1.2,0.5275704578644488,0.3764477137516089,0.7575256630945476,0.7400109454157875,0.7437202657158691,-14.050111466930542
public_input,baseline g,1.0,3,0.5270414940816569,1.2,0.5276050709540319,0.37644424918209285,0.7574824440142867,0.7407036595752223,0.7444164521194778,-14.015020714662967
public_input,baseline g,1.0,3,0.5286074521872524,1.2,0.5276406496335604,0.3764406691694324,0.7574379725833096,0.7414168461773697,0.7451332135843451,-13.978927220777877
public_input,baseline g,1.0,3,0.5302211591553182,1.2,0.5276772536620812,0.3764370036669463,0.7573922634466134,0.7421505837807042,0.7458706290627216,-13.941829792993369
public_input,baseline g,1.0,3,0.5318830234952302,1.2,0.5277147929497064,0.3764332085792773,0.7573452971612182,0.7429049615315351,0.7466287881477643,-13.903727205942268
public_input,baseline g,1.0,3,0.5335934667419154,1.2,0.5277533256254172,0.3764293334035607,0.7572971385490275,0.7436800667884631,0.747407778635961,-13.864618201112132
public_input,baseline g,1.0,3,0.5353529236339561,1.2,0.5277929320377205,0.3764253771081487,0.7572477046989207,0.7444759768154926,0.7482076781786032,-13.824501486860228
public_input,baseline g,1.0,3,0.537161842297634,1.2,0.527833460332193,0.37642129829857307,0.7571970446414622,0.745292797780701,0.7490285934759382,-13.783375738317062
public_input,baseline g,1.0,3,0.5390206844370244,1.2,0.5278750215542976,0.37641710674674217,0.7571450716046098,0.7461306095142216,0.7498706047582493,-13.74123959740735
public_input,baseline g,1.0,3,0.5409299255302531,1.2,0.5279175370660115,0.37641282803584436,0.7570919277750258,0.7469895250475463,0.7507338256236012,-13.69809167273355
public_input,baseline g,1.0,3,0.5428900550320312,1.2,0.527961125564131,0.3764084655043622,0.7570375027487044,0.7478696270222982,0.7516183391278599,-13.653930539640955
public_input,baseline g,1.0,3,0.5449015765825912,1.2,0.5280056534128768,0.3764039831596054,0.7569818407555828,0.7487710302930889,0.7525242607013483,-13.608754740090646
public_input,baseline g,1.0,3,0.5469650082231464,1.2,0.5280512289255994,0.37639941095489265,0.7569249078863538,0.7496938291795606,0.7534516851364875,-13.562562782669241
public_input,baseline g,1.0,3,0.5490808826180046,1.2,0.5280977206898685,0.37639469168447565,0.7568666934543689,0.750638139569395,0.7544007289018486,-13.515353142525825
public_input,baseline g,1.0,3,0.5512497472834679,1.2,0.5281453333601798,0.37638992561781226,0.7568072418744656,0.7516040600575512,0.7553714910866002,-13.467124261323473
public_input,baseline g,1.0,3,0.5534721648236569,1.2,0.5281939120302512,0.3763850468088937,0.7567465442430406,0.7525917137489299,0.7563640954127088,-13.417874547219418
public_input,baseline g,1.0,3,0.5557487131734017,1.2,0.5282435136785104,0.37638007106899973,0.7566845828568847,0.7536012105990766,0.7573786523868745,-13.367602374811925
public_input,baseline g,1.0,3,0.5580799858483445,1.2,0.5282941104265807,0.3763749886262221,0.7566213613209548,0.7546326710221051,0.7584152830267891,-13.316306085089535
public_input,baseline g,1.0,3,0.5604665922024078,1.2,0.5283457079548672,0.37636977055888987,0.756556802113415,0.755686209670189,0.7594741025593226,-13.263983985407409
public_input,baseline g,1.0,3,0.5629091576927818,1.2,0.5283983557231746,0.37636449965593977,0.7564910614221796,0.7567619585028824,0.7605552436054794,-13.210634349374622
public_input,baseline g,1.0,3,0.5654083241525933,1.2,0.5284519902397304,0.3763591106089562,0.7564240405129166,0.7578600412116461,0.761658830476726,-13.15625541691087
public_input,baseline g,1.0,3,0.5679647500714233,1.2,0.5285066435657808,0.3763536115206065,0.7563557274514054,0.7589805840067274,0.7627849900159417,-13.100845394126251
public_input,baseline g,1.0,3,0.5705791108838415,1.2,0.5285623446387357,0.37634801009950336,0.7562861124484304,0.7601237163703659,0.7639338523543978,-13.044402453290902
public_input,baseline g,1.0,3,0.5732520992661372,1.2,0.5286190804716782,0.3763423215193333,0.7562152461823455,0.761289578344722,0.7651055582362197,-12.986924732773417
public_input,baseline g,1.0,3,0.5759844254414287,1.2,0.528676852300474,0.3763365245670383,0.7561430747240491,0.762478303951069,0.7663002423544644,-12.928410337025644
public_input,baseline g,1.0,3,0.578776817493336,1.2,0.5287355860312271,0.37633060510057964,0.7560696370386126,0.7636900427511905,0.7675180550205977,-12.868857336490063
public_input,baseline g,1.0,3,0.5816300216884137,1.2,0.5287953539660564,0.3763245685217355,0.7559948742419345,0.7649249292299687,0.7687591313936097,-12.808263767588716
public_input,baseline g,1.0,3,0.5845448028075416,1.2,0.528856216981245,0.37631846933536495,0.7559188608478014,0.7661831119242495,0.7700236207548907,-12.746627632622099
public_input,baseline g,1.0,3,0.5875219444864789,1.2,0.5289180827898681,0.3763122634461107,0.7558415796102707,0.7674647466274482,0.7713116796787733,-12.68394689976334
public_input,baseline g,1.0,3,0.5905622495657936,1.2,0.5289809924826578,0.3763059475154902,0.7557629811458195,0.7687699800647022,0.7726234556258578,-12.620219502991882
public_input,baseline g,1.0,3,0.5936665404503856,1.2,0.5290449082304483,0.37629949325942613,0.7556830330259661,0.7700989691705187,0.7739591063172891,-12.555443342028418
public_input,baseline g,1.0,3,0.5968356594788269,1.2,0.5291098836726604,0.3762929551827777,0.7556018170013592,0.7714518761672989,0.7753187947886115,-12.489616282259863
public_input,baseline g,1.0,3,0.600070469302753,1.2,0.5291759425327203,0.376286325576932,0.7555192902003784,0.7728288591155215,0.7767026798925852,-12.422736154732455
public_input,baseline g,1.0,3,0.6033718532765401,1.2,0.5292430124879617,0.37627959196909166,0.7554354939632619,0.7742300928953018,0.7781109373859154,-12.35480075605211
public_input,baseline g,1.0,3,0.6067407158575169,1.2,0.529311125664482,0.3762727499891264,0.7553503853085077,0.7756557415330426,0.7795437321171913,-12.28580784836149
public_input,baseline g,1.0,3,0.6101779830169621,1.2,0.5293803069859175,0.3762657925660168,0.7552639217480679,0.7771059729462141,0.7810012328455722,-12.215755159264424
public_input,baseline g,1.0,3,0.6136846026621482,1.2,0.5294505148472981,0.3762587338418016,0.7551761800157368,0.7785809725947257,0.7824836259605895,-12.14464038174265
public_input,baseline g,1.0,3,0.6172615450697004,1.2,0.5295218099767589,0.3762515526034227,0.7550870466901429,0.7800809070675606,0.7839910788862573,-12.072461174159667
public_input,baseline g,1.0,3,0.6209098033305457,1.2,0.529594159604893,0.3762442902453485,0.7549966573645526,0.7816059726916026,0.7855237889335518,-11.999215160110726
public_input,baseline g,1.0,3,0.6246303938067362,1.2,0.529667558028821,0.37623691077488874,0.7549049283360023,0.7831563502736235,0.7870819378155425,-11.924899928457496
public_input,baseline g,1.0,3,0.6284243566004422,1.2,0.5297420266751233,0.3762294300033233,0.7548118774531315,0.7847322300789917,0.788665716751307,-11.849513033201166
public_input,baseline g,1.0,3,0.6322927560354111,1.2,0.5298175564841909,0.37622183815874394,0.7547174895021287,0.7863338056696676,0.790275320273039,-11.773051993447277
public_input,baseline g,1.0,3,0.6362366811512086,1.2,0.5298941324491702,0.37621410091770163,0.7546216942304005,0.7879612703889384,0.7919109426931631,-11.695514293347692
public_input,baseline g,1.0,3,0.6402572462105554,1.2,0.5299718307311538,0.37620631084104134,0.7545246453979928,0.7896148320789709,0.7935727928956591,-11.616897381980145
public_input,baseline g,1.0,3,0.6443555912200942,1.2,0.5300505433937402,0.3761983824389375,0.7544262385845802,0.7912946958159741,0.7952610769846852,-11.537198673382093
public_input,baseline g,1.0,3,0.6485328824649206,1.2,0.5301304059991245,0.37619038435828783,0.7543265087468622,0.7930010632419704,0.796975997612998,-11.456415546405214
public_input,baseline g,1.0,3,0.652790313057229,1.2,0.5302113040073438,0.376182255023214,0.7542254174703195,0.7947341527839688,0.7987177743024767,-11.374545344693113
public_input,baseline g,1.0,3,0.6571291034994325,1.2,0.530293268425939,0.3761739917328268,0.7541229270384023,0.7964941759292724,0.8004866196005093,-11.291585376600223
public_input,baseline g,1.0,3,0.6615505022621248,1.2,0.5303763748824527,0.3761656483543921,0.754019095629857,0.7982813523556043,0.8022827542859576,-11.207532915106253
public_input,baseline g,1.0,3,0.6660557863772645,1.2,0.5304605065522077,0.37615719390294333,0.7539139631027034,0.8000959188278546,0.804106416310501,-11.122385197772077
public_input,baseline g,1.0,3,0.6706462620469753,1.2,0.5305457979507668,0.3761486027952923,0.7538073313927389,0.801938078285495,0.8059578096308491,-11.03613942671539
public_input,baseline g,1.0,3,0.6753232652683625,1.2,0.5306321028024733,0.3761399272294633,0.7536994764355135,0.8038080967836779,0.8078372016357617,-10.948792768400779
public_input,baseline g,1.0,3,0.6800881624747613,1.2,0.5307195821082376,0.37613114225986166,0.7535901752652587,0.8057061815286011,0.8097448005700615,-10.860342353764441
public_input,baseline g,1.0,3,0.6849423511938463,1.2,0.5308081057027865,0.37612223580774407,0.7534795280436497,0.8076325918339796,0.8116808670472797,-10.770785277981378
public_input,baseline g,1.0,3,0.6898872607230374,1.2,0.530897800492078,0.3761132297237621,0.7533674621417469,0.8095875579775224,0.8136456324993963,-10.680118600493701
public_input,baseline g,1.0,3,0.6949243528226603,1.2,0.5309885344345692,0.37610409238535597,0.7532540310506549,0.8115713444288394,0.8156393627216811,-10.588339344881149
public_input,baseline g,1.0,3,0.7000551224273222,1.2,0.5310803910835665,0.3760948537458442,0.7531392256211104,0.8135841986607396,0.8176623064274056,-10.49544449882748
public_input,baseline g,1.0,3,0.7052810983759861,1.2,0.5311733672077794,0.3760854969622991,0.7530230072465713,0.8156263768555063,0.8197147210829723,-10.401431014042036
public_input,baseline g,1.0,3,0.7106038441612367,1.2,0.5312675164740222,0.3760760459486676,0.752905381662468,0.8176981389734583,0.8217968679517562,-10.306295806173633
public_input,baseline g,1.0,3,0.7160249586982449,1.2,0.5313627280938764,0.376066479491892,0.7527864069639829,0.8197997664983573,0.8239090299284625,-10.210035754736538
public_input,baseline g,1.0,3,0.7215460771139571,1.2,0.5314590988267414,0.37605679322184166,0.752665975536313,0.8219315162059726,0.8260514650759542,-10.112647703079961
public_input,baseline g,1.0,3,0.7271688715570458,1.2,0.5315565377343481,0.37604698713851675,0.7525441783177274,0.8240936802508955,0.8282244670132536,-10.014128458243734
public_input,baseline g,1.0,3,0.7328950520291776,1.2,0.5316551726393494,0.37603708849434686,0.7524209551806081,0.8262865264388294,0.830428304888446,-9.914474790952585
public_input,baseline g,1.0,3,0.7387263672381705,1.2,0.5317549413133192,0.3760270858481823,0.7522963399335655,0.8285103498318973,0.8326632752426595,-9.813683435494385
public_input,baseline g,1.0,3,0.7446646054736273,1.2,0.531855821057481,0.37601691762414446,0.7521702023208937,0.8307654339555162,0.8349296630224876,-9.711751089694841
public_input,baseline g,1.0,3,0.7507115955056528,1.2,0.5319578437149104,0.37600665850850296,0.7520426960202109,0.833052086532758,0.837227777493471,-9.608674414756988
public_input,baseline g,1.0,3,0.7568692075072764,1.2,0.5320610004876203,0.37599628498136495,0.7519137714060902,0.8353706068675195,0.8395579194597734,-9.504450035278808
public_input,baseline g,1.0,3,0.7631393540012239,1.2,0.5321653103944537,0.375985784569933,0.7517833784772596,0.8377212972482129,0.841920392725034,-9.399074539138507
public_input,baseline g,1.0,3,0.7695239908317001,1.2,0.532270790198137,0.37597518182574746,0.7516515614570196,0.8401044732406839,0.8443155144368791,-9.292544477400405
public_input,baseline g,1.0,3,0.7760251181618615,1.2,0.5323774176692898,0.3759644532289159,0.7515182841513371,0.8425204521764222,0.8467436035174286,-9.184856364271562
public_input,baseline g,1.0,3,0.7826447814976824,1.2,0.532485188734829,0.37595362500022,0.7513836157657172,0.844969564241306,0.8492049918076247,-9.076006676989667
public_input,baseline g,1.0,3,0.7893850727389358,1.2,0.532594167028879,0.37594267425736044,0.7512474358264043,0.8474521239761802,0.8516999954249546,-8.965991855801605
public_input,baseline g,1.0,3,0.7962481312580323,1.2,0.5327043036897008,0.3759315922600766,0.7511097714843293,0.8499684727460577,0.8542289574455306,-8.854808303822212
public_input,baseline g,1.0,3,0.8032361450074849,1.2,0.5328156038318113,0.3759204106309284,0.7509706961754146,0.8525189573400926,0.8567922263967946,-8.742452386975772
public_input,baseline g,1.0,3,0.8103513516567865,1.2,0.5329280984810427,0.3759091233305443,0.7508301638720292,0.8551039182686009,0.8593901444958779,-8.628920433948931
public_input,baseline g,1.0,3,0.8175960397595149,1.2,0.5330417252799997,0.37589767212152825,0.7506880922698762,0.8577237062619223,0.862023064231163,-8.51420873609639
public_input,baseline g,1.0,3,0.8249725499515008,1.2,0.5331565963711296,0.3758861522656143,0.7505446058566563,0.8603786817010342,0.8646913477900448,-8.398313547317638
public_input,baseline g,1.0,3,0.8324832761809209,1.2,0.5332725916015836,0.3758744630992903,0.7503995747370532,0.8630692080019091,0.8673953604101255,-8.281231084063185
public_input,baseline g,1.0,3,0.8401306669712053,1.2,0.5333897854607301,0.37586267803363876,0.7502531067748284,0.8657956594930077,0.8701354782961954,-8.162957525164868
public_input,baseline g,1.0,3,0.8479172267176741,1.2,0.5335082614732283,0.3758507977062532,0.7501051200291045,0.8685583998407062,0.8729120669375158,-8.043489011835073
public_input,baseline g,1.0,3,0.8558455170188431,1.2,0.5336278624673825,0.37583874910010534,0.749955590297279,0.8713578233761367,0.8757255226418119,-7.922821647541866
public_input,baseline g,1.0,3,0.8639181580433734,1.2,0.5337487024565182,0.3758266079331125,0.749804591649333,0.8741943176093396,0.8785762348615264,-7.800951497922178
public_input,baseline g,1.0,3,0.8721378299336601,1.2,0.5338707573001319,0.3758143469528451,0.7496520805307351,0.8770682776795884,0.8814646007165763,-7.677874590741155
public_input,baseline g,1.0,3,0.8805072742470966,1.2,0.5339940010782385,0.3758019547181533,0.7494980544416541,0.8799801091565915,0.8843910278095971,-7.553586915783555
public_input,baseline g,1.0,3,0.88902929543607,1.2,0.5341184309928664,0.37578942852814834,0.749342509471054,0.8829302224767005,0.8873559286342605,-7.42808442478125
public_input,baseline g,1.0,3,0.8977067623677852,1.2,0.5342441639415612,0.3757767781547384,0.7491853529948089,0.8859190175029795,0.8903597050579534,-7.301363031348664
public_input,baseline g,1.0,3,0.9065426098850453,1.2,0.5343710861646891,0.3757640395906138,0.7490267881783954,0.8889469458339552,0.8934028109428488,-7.173418610834086
public_input,baseline g,1.0,3,0.9155398404091444,1.2,0.5344992581348312,0.37575116103180434,0.7488666258681705,0.8920144177566922,0.8964856586325842,-7.044247000362004
public_input,baseline g,1.0,3,0.9247015255860773,1.2,0.5346286206260514,0.37573813604488404,0.7487049093094403,0.8951218810028018,0.8996086981030346,-6.913843998641231
public_input,baseline g,1.0,3,0.9340308079772923,1.2,0.5347592610765468,0.3757250124577473,0.7485416698684975,0.8982697776863372,0.9027723736843595,-6.782205365928471
public_input,baseline g,1.0,3,0.9435309027962627,1.2,0.5348911189813967,0.3757117347338869,0.7483768300975782,0.9014585600500746,0.9059771398862113,-6.649326823964553
public_input,baseline g,1.0,3,0.9532050996921831,1.2,0.5350242614633524,0.3756983644491816,0.7482104758284146,0.9046886919611025,0.9092234629008219,-6.515204055846381
public_input,baseline g,1.0,3,0.9630567645821445,1.2,0.5351586353371094,0.3756848645792932,0.7480425682778546,0.907960644048197,0.9125118157160038,-6.379832705997069
public_input,baseline g,1.0,3,0.9730893415331738,1.2,0.5352942738154418,0.37567121057268127,0.7478730132470983,0.911274882729674,0.9158426670880048,-6.2432083800732725
public_input,baseline g,1.0,3,0.9833063546955787,1.2,0.5354312470309592,0.3756572058665061,0.7477012523414417,0.9146318375070489,0.9192164486712254,-6.105326644958591
public_input,baseline g,1.0,3,0.9937114102890687,1.2,0.535569476909406,0.3756433482260352,0.7475286000840652,0.9180321270413432,0.9226337822277383,-5.966183028266412
public_input,baseline g,1.0,3,1.0043081986431819,1.2,0.5357088815008615,0.37562929775526144,0.7473542941232079,0.9214761921456465,0.9260951107802179,-5.825773018964041
public_input,baseline g,1.0,3,1.0151004962935855,1.2,0.5358496080298891,0.3756151476526233,0.747178418739227,0.9249645389563619,0.929600943002087,-5.684092066770809
public_input,baseline g,1.0,3,1.0260921681358672,1.2,0.5359916637201194,0.37560088210684084,0.7470009274332732,0.9284976822024603,0.9331517962024057,-5.541135582253368
public_input,baseline g,1.0,3,1.037287169638491,1.2,0.5361349691474491,0.3755864853066342,0.74682186035423,0.9320761607052428,0.9367482119033282,-5.396898936706915
public_input,baseline g,1.0,3,1.0486895491166357,1.2,0.536279542262561,0.3755719245977956,0.746641118438363,0.9357005013214856,0.9403907196025116,-5.2513774621161105
public_input,baseline g,1.0,3,1.0603034500686892,1.2,0.5364254297791012,0.37555726695798164,0.746458821344525,0.9393712576456763,0.944079875669347,-5.1045664510119915
public_input,baseline g,1.0,3,1.0721331135772334,1.2,0.5365726967757805,0.375542468291835,0.7462747944611376,0.9430889638887208,0.947816216992484,-4.956461156484009
public_input,baseline g,1.0,3,1.0841828807763967,1.2,0.5367212218163053,0.3755275454422835,0.7460892010623268,0.9468542109183979,0.9516003374014381,-4.807056791989609
public_input,baseline g,1.0,3,1.0964571953875313,1.2,0.5368710640666774,0.375512493007549,0.7459019685640742,0.9506675620202543,0.9554328030052368,-4.6563485313767865
public_input,baseline g,1.0,3,1.1089606063252093,1.2,0.5370222071619072,0.375497286436091,0.7457130523453425,0.9545295993232992,0.959314198850823,-4.504331508759313
public_input,baseline g,1.0,3,1.1216977703756155,1.2,0.5371747056504087,0.375481955681228,0.7455224722617614,0.95844091482565,0.9632451199037171,-4.351000818432676
public_input,baseline g,1.0,3,1.1346734549494641,1.2,0.5373285115409958,0.37546648556927364,0.7453302386130796,0.9624021187360884,0.9672261794313848,-4.196351514809484
public_input,baseline g,1.0,3,1.147892540911644,1.2,0.5374836816930211,0.3754508896046731,0.7451363280849868,0.9664138193603565,0.9712579887887137,-4.040378612346222
public_input,baseline g,1.0,3,1.1613600254898573,1.2,0.5376384393256118,0.37544315673376105,0.7449623620010505,0.9704788538032062,0.9753433993015025,-3.883077085739658
public_input,baseline g,1.0,3,1.1750810252645967,1.2,0.5377962917925893,0.37542726020432615,0.7447650225549568,0.9745934419911091,0.9794786119485249,-3.7244418687289222
public_input,baseline g,1.0,3,1.189060779242872,1.2,0.5379555391729842,0.37541123949148636,0.7445659797238677,0.9787604321986763,0.9836664892814285,-3.564467855700034
public_input,baseline g,1.0,3,1.2033046520181812,1.2,0.5381160492300034,0.375395024916696,0.7443651926630692,0.9829804910639781,0.9879077012798206,-3.4031499004892836
public_input,baseline g,1.0,3,1.217818137019287,1.2,0.5382780132980258,0.37537872485208,0.7441627392345407,0.9872542793628931,0.9922029120317326,-3.2404828166146085
public_input,baseline g,1.0,3,1.2326068598504607,1.2,0.5384413510519979,0.37536227669011196,0.7439585442462402,0.9915824787652081,0.9965528066238354,-3.076461377148357
public_input,baseline g,1.0,3,1.247676581725918,1.2,0.5386060670089635,0.37534567002129005,0.7437525773239207,0.9959657794817639,1.000958078726666,-2.911080314681901
public_input,baseline g,1.0,3,1.2630332030012734,1.2,0.538772115917957,0.3753289522794542,0.7435450015442069,1.0004049070693133,1.0054194575338453,-2.744334321280081
public_input,baseline g,1.0,3,1.2786827668049243,1.2,0.5389395657807827,0.37531207062898625,0.7433356176616188,1.0049005538738958,1.0099376388618124,-2.5762180483027053
public_input,baseline g,1.0,3,1.294631462772364,1.2,0.5391084692651311,0.37529507186613287,0.7431244892503426,1.009453451594877,1.0145133580775907,-2.40672610645162
public_input,baseline g,1.0,3,1.31088563088653,1.2,0.539278712944948,0.3752778906824785,0.7429115675103285,1.0140643486492582,1.0191473673496376,-2.235853065627302
public_input,baseline g,1.0,3,1.3274517654273796,1.2,0.5394503223418555,0.37526059135479073,0.7426969865834444,1.018734011973703,1.0238404374589027,-2.063593454914079
public_input,baseline g,1.0,3,1.3443365190339982,1.2,0.5396234406099276,0.3752431591034375,0.742480566603011,1.0234631797888865,1.0285933103264073,-1.8899417624166013
public_input,baseline g,1.0,3,1.3615467068826452,1.2,0.539797969105591,0.3752255787547322,0.7422623685211636,1.0282526496111979,1.0334067874661086,-1.714892435294429
public_input,baseline g,1.0,3,1.3790893109842512,1.2,0.5399739076196977,0.3752078731909742,0.742042449386682,1.0331032234212116,1.0382816748785249,-1.5384398796470193
public_input,baseline g,1.0,3,1.3969714846049992,1.2,0.5401512646997177,0.37519000038010186,0.7418206962444551,1.0380156992644236,1.0432187746093724,-1.3605784604157574
public_input,baseline g,1.0,3,1.4152005568137338,1.2,0.5403300477659394,0.37517199091302705,0.7415971776620196,1.0429909077382682,1.048218921419472,-1.1813025013813674
public_input,baseline g,1.0,3,1.4337840371600625,1.2,0.5405102809036455,0.37515381046630103,0.7413717842946461,1.048029674354442,1.053282944958415,-1.0006062850317807
public_input,baseline g,1.0,3,1.4527296204871472,1.2,0.5406919700909313,0.3751355014660397,0.7411446155507112,1.0531328622503,1.0584117126900505,-0.8184840525671486
public_input,baseline g,1.0,3,1.4720451918832933,1.2,0.5408751760837277,0.3751170813927644,0.7409156540958989,1.0583013326397532,1.0636060901451423,-0.6349300037761338
public_input,baseline g,1.0,3,1.4917388317766058,1.2,0.5410597185307486,0.3750984375042198,0.7406848002297333,1.0635359762035137,1.0688669724689575,-0.4499382969789236
public_input,baseline g,1.0,3,1.5118188211770927,1.2,0.5412458131409401,0.3750796939838109,0.7404521467148462,1.0688376818294716,1.0741952530049554,-0.2635030490136616
public_input,baseline g,1.0,3,1.5322936470707536,1.2,0.5414334138044757,0.37506079632667844,0.7402176042709933,1.074207360123544,1.0795918469234855,-0.07561833510809324
public_input,baseline g,1.0,3,1.5531720079703377,1.2,0.5416225038589603,0.3750417701160107,0.7399812531092101,1.0796459528078823,1.0850577006670996,0.11372181111916335
public_input,baseline g,1.0,3,1.5744628196276003,1.2,0.541812963039362,0.3750225402714841,0.7397430269950043,1.0851544128827069,1.0905937720129526,0.3045233977732824
public_input,baseline g,1.0,3,1.5961752209120554,1.2,0.5420050762810762,0.3750032390791704,0.7395029695915829,1.0907336829547685,1.0962010082926306,0.4967924746972425
public_input,baseline g,1.0,3,1.618318579861377,1.2,0.5421986026836876,0.3749837113706984,0.7392609363611271,1.0963847533199151,1.1018804047658604,0.6905351335807457
public_input,baseline g,1.0,3,1.6409024999087747,1.2,0.5423936837034415,0.3749640894321402,0.7390171144459945,1.1021086302741765,1.1076329727727519,0.8857575079267863
public_input,baseline g,1.0,3,1.6639368262928396,1.2,0.5425902310645381,0.37494427633252037,0.7387713513454424,1.1079063241371656,1.1134597276971656,1.0824657732224137
public_input,baseline g,1.0,3,1.6874316526555453,1.2,0.5427883045950077,0.37492430099350993,0.7385236590728708,1.113778866598897,1.119361706400484,1.2806661469057903
public_input,baseline g,1.0,3,1.7113973278342638,1.2,0.5429879278093334,0.3749041812896843,0.7382740585142421,1.119727312458006,1.1253399689685428,1.4803648884456986
public_input,baseline g,1.0,3,1.7358444628538618,1.2,0.5431891282366779,0.37488393366991685,0.7380225629993953,1.125752734324695,1.1313955933880253,1.6815682993959418
public_input,baseline g,1.0,3,1.7607839381251333,1.2,0.5433918207673945,0.37486350029086607,0.7377691139551168,1.1318562274862,1.1375296804363175,1.88428272345551
public_input,baseline g,1.0,3,1.7862269108560356,1.2,0.5435961119223176,0.374842931924854,0.7375137309790196,1.1380388965758594,1.1437433402837556,2.0885145464927493
public_input,baseline g,1.0,3,1.8121848226824113,1.2,0.5438018496457295,0.37482254701129086,0.7372573571303169,1.1443019941806298,1.1500378317959143,2.2942701964470347
public_input,baseline g,1.0,3,1.8386694075250942,1.2,0.5440092646962856,0.374801656229793,0.7369980493785199,1.1506464368485672,1.1564140761150663,2.5015561440290104
public_input,baseline g,1.0,3,1.8656926996805347,1.2,0.5442182031881437,0.37478058572838335,0.7367367717611604,1.157073520720552,1.1628733758790246,2.7103789017688023
public_input,baseline g,1.0,3,1.8932670421523103,1.2,0.5444287715830101,0.3747593812716603,0.736473531495794,1.1635844320905744,1.1694169233281029,2.9207450247246745
public_input,baseline g,1.0,3,1.921405095231136,1.2,0.5446409113421218,0.37473799002400604,0.7362082558775092,1.1701803867165101,1.1760459403141887,3.13266111037314
public_input,baseline g,1.0,3,1.9501198453312445,1.2,0.544854665382785,0.37471646482103843,0.7359410332326741,1.1768626305153222,1.18276167899943,3.3461337986070436
public_input,baseline g,1.0,3,1.979424614091259,1.2,0.5450700072404304,0.3746947528271396,0.7356717587821842,1.1836324174176287,1.189565399599798,3.5611697718356807
public_input,baseline g,1.0,3,2.009333067747975,1.2,0.5452869496967385,0.3746728698535895,0.7354004590195777,1.1904910353988198,1.1964583965466866,3.7777757549647917
public_input,baseline g,1.0,3,2.0398592267917226,1.2,0.5455055522031423,0.3746508839096925,0.7351272434285335,1.1974398009288731,1.2034419929089064,3.9959585154410053
public_input,baseline g,1.0,3,2.071017475912293,1.2,0.545725765795714,0.37462868289078677,0.7348518825050001,1.2044800268550664,1.2105175081144093,4.21572486335623
public_input,baseline g,1.0,3,2.1028225742447084,1.2,0.5459476008937235,0.3746063223333795,0.7345745037823909,1.211613085638138,1.2176863215034226,4.437081651361485
public_input,baseline g,1.0,3,2.135289665924415,1.2,0.5461711153995492,0.37458381908039823,0.7342950911961599,1.2188403534627759,1.2249498161587875,4.66003577478158
public_input,baseline g,1.0,3,2.168434290961828,1.2,0.546396228541358,0.37456112903648575,0.7340136159852725,1.2261632452363986,1.2323094140801771,4.884594171620849
public_input,baseline g,1.0,3,2.2022723964464688,1.2,0.5466229829146539,0.3745382663436807,0.7337300706830486,1.2335831916858093,1.2397665531659412,5.110763822583893
public_input,baseline g,1.0,3,2.23682034809129,1.2,0.5468514815801361,0.3745152555535236,0.7334444132148165,1.24110163970803,1.2473226875657033,5.338551751108911
public_input,baseline g,1.0,3,2.2720949421281498,1.2,0.5470816025889107,0.374492069413585,0.7331566978344342,1.2487200988737457,1.2549793344169036,5.567965023368947
public_input,baseline g,1.0,3,2.308113417565749,1.2,0.5473155568206072,0.3744597159819214,0.7328423776784854,1.25643689405388,1.262734810193846,5.7990107473065144
public_input,baseline g,1.0,3,2.344893468821764,1.2,0.5475490629619,0.37443627170326454,0.732550635949009,1.2642599365955756,1.270597065899466,6.031696076728101
public_input,baseline g,1.0,3,2.382453258741261,1.2,0.5477842417356269,0.37441262482239646,0.7322567183232056,1.272187611355616,1.2785644782946077,6.266028205125435
public_input,baseline g,1.0,3,2.4208114320139376,1.2,0.5480211749185884,0.37438885002558653,0.7319607285449683,1.2802215275825846,1.2866386646942465,6.502014369895489
public_input,baseline g,1.0,3,2.4599871290031343,1.2,0.5482597773392018,0.3743648497442662,0.7316625094255552,1.2883633111957602,1.2948212591676158,6.739661851205415
public_input,baseline g,1.0,3,2.5,1.2,0.5485001270362209,0.3743407040664829,0.7313621818649225,1.296614635384753,1.3031139432912238,6.9789779721304654
public_input,high g,1.4,1,0.5,1.2,0.863464609540632,0.319043561548628,0.17566948340440455,0.6289070535021227,0.6320594632264266,-5.533234619507743
public_input,high g,1.4,1,0.5000203210855501,1.2,0.8634631676541593,0.31904373252827933,0.17567129460692404,0.6289163339043571,0.6320687901468707,-5.533185622300271
public_input,high g,1.4,1,0.5000812892976928,1.2,0.8634589494780787,0.31904423736456616,0.1756766032293841,0.6289441249906025,0.6320967205365156,-5.533038624822513
public_input,high g,1.4,1,0.5001829195049198,1.2,0.8634518427243854,0.3190450471358175,0.17568545908898048,0.628990453710665,0.6321432814802538,-5.532793609510466
public_input,high g,1.4,1,0.5003252364947652,1.2,0.8634479028898849,0.3190420503782502,0.17568292592713555,0.6290495489488139,0.6322026729345167,-5.532450548483283
public_input,high g,1.4,1,0.5005082749838822,1.2,0.8636051134852187,0.31902780604552583,0.17549494757311712,0.6290497174786451,0.6322028423091072,-5.532009738164202
public_input,high g,1.4,1,0.500732079632158,1.2,0.8635904219971545,0.31902897525660107,0.17551216455710372,0.6291508045035741,0.6323044360348572,-5.53147123900283
public_input,high g,1.4,1,0.5009967050608752,1.2,0.8635726755066039,0.31903103535862304,0.17553436086802188,0.6292709954742494,0.6324252294652801,-5.530834680539329
public_input,high g,1.4,1,0.5013022158749305,1.2,0.8635514251070535,0.31903349462569586,0.17556092328444953,0.6294101012067601,0.6325650324681767,-5.53009998728617
public_input,high g,1.4,1,0.5016486866891229,1.2,0.8635273291906076,0.3190362860801629,0.17559104874254422,0.6295678098330533,0.6327235316122489,-5.529267069538456
public_input,high g,1.4,1,0.502036202158526,1.2,0.8635003851758467,0.31903939995011577,0.17562471871640345,0.6297441323351753,0.6329007379345909,-5.528335827644214
public_input,high g,1.4,1,0.502464857012963,1.2,0.8634706112228687,0.319042851409241,0.17566194782109174,0.6299390929158426,0.6330966757592354,-5.527306150151954
public_input,high g,1.4,1,0.5029347560956027,1.2,0.8634379729668603,0.31904662258296296,0.17570273181233975,0.6301527135653086,0.6333113671866628,-5.52617791378497
public_input,high g,1.4,1,0.5034460144056994,1.2,0.8634025138327949,0.3190507384168766,0.17574708114765858,0.6303850198971049,0.6335448379587931,-5.524950983413444
public_input,high g,1.4,1,0.5039987571454999,1.2,0.8633641588482253,0.3190551652251264,0.17579499803804782,0.6306360425001981,0.6337971188179206,-5.523625212023514
public_input,high g,1.4,1,0.5045931197713469,1.2,0.8633230056588561,0.3190599514732,0.17584648952325582,0.6309058072479333,0.6340682357670809,-5.522200440683824
public_input,high g,1.4,1,0.5052292480490046,1.2,0.8632789571442463,0.3190650312150886,0.17590151028034523,0.631194332612382,0.6343582073709373,-5.52067649850887
public_input,high g,1.4,1,0.5059072981132409,1.2,0.8632321381785326,0.31907047746782036,0.17596009315195937,0.6315016568172968,0.6346670720448399,-5.519053202620849
public_input,high g,1.4,1,0.5066274365316988,1.2,0.8632203359362083,0.3190497946903119,0.17592722059486549,0.631791028834479,0.6349578945452943,-5.51733041890658
public_input,high g,1.4,1,0.507389840373095,1.2,0.8633004702919945,0.31906255176660553,0.17587464152387333,0.6320859647605146,0.6352543088438113,-5.515510288637481
public_input,high g,1.4,1,0.5081946972797818,1.2,0.86354956085043,0.3190337255119845,0.17556328625545656,0.6322946305709619,0.6354640205959862,-5.513591496070854
public_input,high g,1.4,1,0.5090422055447187,1.2,0.8634913448292416,0.3190404678600854,0.17563606574854268,0.6326774796478721,0.6358487887118804,-5.511576687106659
public_input,high g,1.4,1,0.5099325741928927,1.2,0.8634301398622646,0.3190476006329766,0.17571267750496483,0.633079430403558,0.6362527542541135,-5.50946182432201
public_input,high g,1.4,1,0.5108660230672385,1.2,0.8636631519927982,0.31902055075847097,0.17542123764549908,0.6333485286022816,0.6365232013131716,-5.507250482313964
public_input,high g,1.4,1,0.5118427829191048,1.2,0.8635974448955986,0.3190281937694271,0.17550345364636388,0.6337879627950029,0.6369648381789501,-5.504940451293566
public_input,high g,1.4,1,0.5128630955033207,1.2,0.8635567210339241,0.31903289015754477,0.17555432170637264,0.6342322509320086,0.6374113533195102,-5.502530185396728
public_input,high g,1.4,1,0.5139272136779165,1.2,0.8635568655204273,0.3190328602042261,0.17555411252070113,0.6346733466687229,0.6378546600578058,-5.500019580321509
public_input,high g,1.4,1,0.5150354015085564,1.2,0.8634891655971079,0.3190407014472631,0.1756387495289805,0.635166955787928,0.6383507434030173,-5.4974090877524
public_input,high g,1.4,1,0.5161879343777439,1.2,0.863415460355839,0.31904923161662907,0.17573087993607972,0.6356814729857118,0.6388678396289875,-5.494697334118648
public_input,high g,1.4,1,0.5173850990988615,1.2,0.8633363949139785,0.3190581336986163,0.1758291738750326,0.6362164338777764,0.6394054820236824,-5.4918839252385085
public_input,high g,1.4,1,0.5186271940351138,1.2,0.8635045684188725,0.319038913625998,0.17561948501328328,0.6366429935461155,0.639834179831257,-5.488973609832586
public_input,high g,1.4,1,0.5199145292234401,1.2,0.8634176649013261,0.31904897347791084,0.17572811781096126,0.6372181218109054,0.640412190938471,-5.485962030451448
public_input,high g,1.4,1,0.5212474265034702,1.2,0.863407872573841,0.3190501083655371,0.17574036149571917,0.6377717489872442,0.6409685931825796,-5.482849047570632
public_input,high g,1.4,1,0.5226262196515982,1.2,0.8634868914990367,0.3190409595859813,0.17564158120668302,0.6382978459253604,0.6414973271925721,-5.479636908035778
public_input,high g,1.4,1,0.5240512545202515,1.2,0.8633936603850798,0.3190517736726385,0.1757581707478193,0.6389306617006494,0.6421333149701348,-5.476323369897205
public_input,high g,1.4,1,0.5255228891824385,1.2,0.8633264266387273,0.31905953212673893,0.17584216275502879,0.6395683576923238,0.6427742074262695,-5.472906346069047
public_input,high g,1.4,1,0.5270414940816569,1.2,0.8632276426987573,0.31907101058818466,0.17596574017172162,0.6402406942578392,0.6434499140928441,-5.469386242675508
public_input,high g,1.4,1,0.5286074521872524,1.2,0.8636790421144113,0.3190187259128679,0.1754014058573833,0.64064785298535,0.6438591137119696,-5.465774101037082
public_input,high g,1.4,1,0.5302211591553182,1.2,0.8635748084188554,0.31903078429092413,0.17553168564954091,0.6413598331705895,0.6445746627127391,-5.462062107507586
public_input,high g,1.4,1,0.5318830234952302,1.2,0.8634688459933801,0.3190430610824715,0.1756641659447584,0.6420913136455795,0.6453098097488681,-5.458245404574583
public_input,high g,1.4,1,0.5335934667419154,1.2,0.8633559064354966,0.31905616178730906,0.17580540302509096,0.6428450876149904,0.646067362026024,-5.4543235498987865
public_input,high g,1.4,1,0.5353529236339561,1.2,0.8635336790613686,0.3190355520268287,0.1755831133165815,0.6434672488099852,0.6466926418169867,-5.450302020493545
public_input,high g,1.4,1,0.537161842297634,1.2,0.8634236229787369,0.3190483346863107,0.17572077994369434,0.6442571106869812,0.6474864628931172,-5.4461784210762
public_input,high g,1.4,1,0.5390206844370244,1.2,0.8635166718033087,0.3190375364109335,0.17560440684430761,0.6449606174950278,0.6481934960437137,-5.441954628858262
public_input,high g,1.4,1,0.5409299255302531,1.2,0.863429670316264,0.3190476033338657,0.17571315288488593,0.645776411757875,0.6490133794923206,-5.437626321161096
public_input,high g,1.4,1,0.5428900550320312,1.2,0.8634924276383626,0.3190403409757915,0.175634708869347,0.6465335757946635,0.6497743388296374,-5.433192216609472
public_input,high g,1.4,1,0.5449015765825912,1.2,0.863365801090911,0.3190549986156054,0.1757929959187966,0.6474082376300072,0.6506533849256757,-5.428656450312865
public_input,high g,1.4,1,0.5469650082231464,1.2,0.8634139024681302,0.31904941403743003,0.17573283185271865,0.6482113606001108,0.6514605335664195,-5.424015452405028
public_input,high g,1.4,1,0.5490808826180046,1.2,0.8635676030071524,0.31903162401549423,0.17554070486631518,0.6489787541428031,0.6522317736852521,-5.41927640380125
public_input,high g,1.4,1,0.5512497472834679,1.2,0.8635870942533455,0.3190293629805023,0.1755163297845394,0.6498353883993482,0.6530927018388769,-5.414435141655128
public_input,high g,1.4,1,0.5534721648236569,1.2,0.8634450316876378,0.3190458155126006,0.17569392981957954,0.6507959002469209,0.6540580282721213,-5.409488994042805
public_input,high g,1.4,1,0.5557487131734017,1.2,0.8633374007939456,0.31905828179596835,0.17582848788534594,0.6517581802752069,0.6550251317491217,-5.404433828083562
public_input,high g,1.4,1,0.5580799858483445,1.2,0.8631967130489909,0.3190742981386778,0.17600377093055322,0.6527573507014195,0.6560293105379378,-5.39926860010384
public_input,high g,1.4,1,0.5604665922024078,1.2,0.8637339905169745,0.31901236421764884,0.1753327161931471,0.653421956544133,0.6566972477313012,-5.394013680191783
public_input,high g,1.4,1,0.5629091576927818,1.2,0.8635906517327121,0.31902895237430173,0.1755118853957795,0.6544626485780238,0.6577431562557201,-5.3886563965718395
public_input,high g,1.4,1,0.5654083241525933,1.2,0.863434220184362,0.3190470843555402,0.17570748202360478,0.6555304452802018,0.6588163053111413,-5.383187405392924
public_input,high g,1.4,1,0.5679647500714233,1.2,0.8633977881870358,0.31905128734852073,0.17575299248576903,0.6565555108601706,0.6598465090537119,-5.377608556045034
public_input,high g,1.4,1,0.5705791108838415,1.2,0.8637577793447022,0.31900961852778037,0.1753029966753034,0.6573922086869142,0.660687400845765,-5.37192838964312
public_input,high g,1.4,1,0.5732520992661372,1.2,0.863770555919127,0.31900814001161026,0.1752870265059511,0.6584319576981754,0.6617323616206338,-5.366152608315515
public_input,high g,1.4,1,0.5759844254414287,1.2,0.8637072558715739,0.31901546227632177,0.17536614264528122,0.6595324613480975,0.662838381568057,-5.360270115089385
public_input,high g,1.4,1,0.578776817493336,1.2,0.8635469368831297,0.31903402067504066,0.17556654777495814,0.6607050470450642,0.6640168448752891,-5.354277221594428
public_input,high g,1.4,1,0.5816300216884137,1.2,0.8635840003725952,0.3190297278221042,0.1755202117231498,0.6617941775460564,0.6651114346656362,-5.348171991482715
public_input,high g,1.4,1,0.5845448028075416,1.2,0.8635839069170793,0.3190297480035144,0.1755203487705118,0.6629239329389139,0.6662468529809665,-5.341960060083705
public_input,high g,1.4,1,0.5875219444864789,1.2,0.8635879636161257,0.31902926167939666,0.175515241611371,0.6640725728793897,0.6674012505031037,-5.335644787926412
public_input,high g,1.4,1,0.5905622495657936,1.2,0.8634041772381229,0.3190505418540369,0.17574499316659686,0.6653422923259892,0.6686773344449148,-5.329216544452893
public_input,high g,1.4,1,0.5936665404503856,1.2,0.8636055827106783,0.319027224459674,0.17549322212221763,0.6664286951872789,0.6697691829232086,-5.322676544255396
public_input,high g,1.4,1,0.5968356594788269,1.2,0.8634157884824228,0.31904920873432974,0.17573050238372934,0.667744832905148,0.6710919178088424,-5.316032723636638
public_input,high g,1.4,1,0.600070469302753,1.2,0.8635196873658607,0.3190371671992013,0.17560059378441395,0.6689261885931138,0.6722791950668365,-5.309271505077035
public_input,high g,1.4,1,0.6033718532765401,1.2,0.8635115220536652,0.3190381125950072,0.17561080115155037,0.6701891249055654,0.6735484618738984,-5.30240860135439
public_input,high g,1.4,1,0.6067407158575169,1.2,0.8637699710481151,0.3190082026191366,0.17528774660921986,0.6713312449694874,0.6746963068384646,-5.2954474457842995
public_input,high g,1.4,1,0.6101779830169621,1.2,0.8635801986743876,0.3190301683816234,0.17552496502991913,0.6727356046791363,0.6761077059304522,-5.288376676021175
public_input,high g,1.4,1,0.6136846026621482,1.2,0.8635000556867442,0.319039459856753,0.17562517760384252,0.6741036546374374,0.6774826132677061,-5.281187245561465
public_input,high g,1.4,1,0.6172615450697004,1.2,0.8636393875487969,0.31896023637994486,0.1753147230318841,0.6753232581497424,0.6787083300680566,-5.273891149276892
public_input,high g,1.4,1,0.6209098033305457,1.2,0.8637894926156457,0.31900596009631366,0.17526338119239182,0.676665337868214,0.6800571369891122,-5.266501399043164
public_input,high g,1.4,1,0.6246303938067362,1.2,0.8636653157343724,0.3190203084310327,0.17541855047665825,0.6781251627697192,0.6815242792933872,-5.258992685781859
public_input,high g,1.4,1,0.6284243566004422,1.2,0.8634592272608657,0.3190441818280591,0.17567620548774193,0.6796524721206051,0.6830592443142531,-5.251361724941621
public_input,high g,1.4,1,0.6322927560354111,1.2,0.8636330033193458,0.3190105323010265,0.17542974645087167,0.6809861450671544,0.6843996023242668,-5.243621210821371
public_input,high g,1.4,1,0.6362366811512086,1.2,0.8636157835295337,0.3190260481775794,0.17548048053403792,0.6824693290787824,0.6858902208266913,-5.235775064529204
public_input,high g,1.4,1,0.6402572462105554,1.2,0.8633973166721259,0.3190513358140084,0.17575356868613212,0.6840739990628313,0.6875029342525076,-5.227803473294578
public_input,high g,1.4,1,0.6443555912200942,1.2,0.8636023829644328,0.31902760511255585,0.1754972440786879,0.6854722949066325,0.6889082390833936,-5.219715541828355
public_input,high g,1.4,1,0.6485328824649206,1.2,0.8636175878929296,0.3190258358034598,0.1754782174425434,0.6869976169475536,0.690441206832862,-5.21153046856162
public_input,high g,1.4,1,0.652790313057229,1.2,0.8634170044002443,0.3190491003622048,0.17572905238211817,0.6886649573411334,0.6921169048049445,-5.203218388132237
public_input,high g,1.4,1,0.6571291034994325,1.2,0.8638431104439853,0.3189997454667988,0.1751963397643003,0.6900138202477883,0.6934725289150554,-5.194793938580565
public_input,high g,1.4,1,0.6615505022621248,1.2,0.8638889880039538,0.3189944217282307,0.17513896292902478,0.691594925680962,0.6950615596721939,-5.186271379098323
public_input,high g,1.4,1,0.6660557863772645,1.2,0.8637639126307606,0.319008901317374,0.17529531421476724,0.6932947378598947,0.6967698921951305,-5.177635893489503
public_input,high g,1.4,1,0.6706462620469753,1.2,0.8638423687809142,0.319019438753144,0.17523961892587664,0.6949244001897403,0.6984077232413982,-5.168874382296815
public_input,high g,1.4,1,0.6753232652683625,1.2,0.8636763607209298,0.3190190379188519,0.17540476118379023,0.6966803049452504,0.7001724295061224,-5.160007274253797
public_input,high g,1.4,1,0.6800881624747613,1.2,0.8637339139756586,0.3190123571466295,0.1753327774610613,0.6983550962371081,0.7018556157242657,-5.1510224042720285
public_input,high g,1.4,1,0.6849423511938463,1.2,0.8637782814303324,0.3190072518215526,0.1752773825042212,0.7000626861789171,0.7035717649962773,-5.141909703972478
public_input,high g,1.4,1,0.6898872607230374,1.2,0.8637469770192578,0.31901086448842064,0.17531649027573065,0.7018379809184553,0.705355958437729,-5.132688140625449
public_input,high g,1.4,1,0.6949243528226603,1.2,0.8637080711713157,0.31901535827432714,0.1753651027012311,0.7036436093521647,0.7071706376216267,-5.1233428475989715
public_input,high g,1.4,1,0.7000551224273222,1.2,0.8638691683270776,0.3189967100156523,0.17516372530673135,0.7053640436827728,0.708899695665204,-5.113876216311745
public_input,high g,1.4,1,0.7052810983759861,1.2,0.8636103510957502,0.3190266640868802,0.175487243331911,0.7073452974081963,0.710890880466254,-5.10429996556185
public_input,high g,1.4,1,0.7106038441612367,1.2,0.8633665710170382,0.31905464354591184,0.1757914590421314,0.7093451008604568,0.7129007079750337,-5.094584411791478
public_input,high g,1.4,1,0.7160249586982449,1.2,0.8640860314867547,0.31897162061130424,0.17489266903366257,0.7108325396990218,0.7143956026318041,-5.0847668123125
public_input,high g,1.4,1,0.7215460771139571,1.2,0.8638066573113115,0.319003959900929,0.17524189607469515,0.7129071798816086,0.7164806419915819,-5.074849047527292
public_input,high g,1.4,1,0.7271688715570458,1.2,0.863673287243988,0.319019404429695,0.17540862632415335,0.7149275380811227,0.7185111272787147,-5.0647932862730904
public_input,high g,1.4,1,0.7328950520291776,1.2,0.863953153793872,0.31898699546152454,0.17505875640302077,0.7167424714311363,0.7203351580200036,-5.054622258972396
public_input,high g,1.4,1,0.7387263672381705,1.2,0.8638995670332212,0.3189932127919285,0.17512577259734433,0.7187736277272221,0.7223764955293922,-5.044332021502269
public_input,high g,1.4,1,0.7446646054736273,1.2,0.8636166253734281,0.3190259653886428,0.1754794598660405,0.7209633283393583,0.7245771720615226,-5.0339131407271385
public_input,high g,1.4,1,0.7507115955056528,1.2,0.863903180343143,0.31899278097266986,0.17512122655782417,0.722858386950456,0.7264817296934383,-5.023374561453162
public_input,high g,1.4,1,0.7568692075072764,1.2,0.8637257152908896,0.31901333082651284,0.1753430792943781,0.7250461290417143,0.728680437887564,-5.012718335518523
public_input,high g,1.4,1,0.7631393540012239,1.2,0.8637418308564575,0.31902955247232256,0.17536200248375916,0.7271689254541924,0.7308138748613399,-5.0019144331991345
public_input,high g,1.4,1,0.7695239908317001,1.2,0.8638732442272419,0.3189962438729448,0.17515864253831898,0.7292227994576485,0.7328780439510809,-4.991005957449945
public_input,high g,1.4,1,0.7760251181618615,1.2,0.863612929727587,0.319026405948162,0.17548410712044293,0.7315470859941477,0.7352139810223275,-4.979967624979219
public_input,high g,1.4,1,0.7826447814976824,1.2,0.8640200271930075,0.318979256551241,0.17497516695767298,0.7335178692347694,0.7371946428550521,-4.9688003775224345
public_input,high g,1.4,1,0.7893850727389358,1.2,0.8639220720906,0.3189905896162237,0.17509760148044307,0.7358093575769074,0.7394976173303041,-4.957527631011059
public_input,high g,1.4,1,0.7962481312580323,1.2,0.8639045344753639,0.31899262413505725,0.17511953365635988,0.7380851795088985,0.7417848468672018,-4.946119942044675
public_input,high g,1.4,1,0.8032361450074849,1.2,0.8639139638213986,0.31899154041380773,0.17510776347242613,0.7403763335620235,0.7440874853778101,-4.934597346531163
public_input,high g,1.4,1,0.8103513516567865,1.2,0.8639559316011707,0.3189866730460387,0.17505528217827315,0.7426797588639505,0.7464024566471112,-4.922937685903227
public_input,high g,1.4,1,0.8175960397595149,1.2,0.8639379632787534,0.318988774542529,0.17507778973310928,0.7450496181944712,0.7487841949469599,-4.911146833973613
public_input,high g,1.4,1,0.8249725499515008,1.2,0.8637292798822742,0.3190129104484039,0.17533860668627838,0.7475628511784643,0.7513100255637097,-4.899219461888325
public_input,high g,1.4,1,0.8324832761809209,1.2,0.863673261972523,0.31901940005956475,0.17540864215613686,0.7500194939552224,0.7537789823136304,-4.887158064152594
public_input,high g,1.4,1,0.8401306669712053,1.2,0.8639144439761803,0.3189914848773007,0.17510716335878931,0.7523343323586413,0.7561054238928328,-4.874980602607417
public_input,high g,1.4,1,0.8479172267176741,1.2,0.8638068889130395,0.3190039397195188,0.1752416208811211,0.7548867590745498,0.7586706447008967,-4.862679197909738
public_input,high g,1.4,1,0.8558455170188431,1.2,0.8641307387847915,0.3189664466393294,0.17483678595616,0.7572178414023881,0.7610134116275283,-4.850240139786188
public_input,high g,1.4,1,0.8639181580433734,1.2,0.8639948318197341,0.3189821651180936,0.17500664483534803,0.7598540406022708,0.76366282483089,-4.837692882934068
public_input,high g,1.4,1,0.8721378299336601,1.2,0.8637761238354831,0.3189663355663154,0.17519116098775817,0.762535701870778,0.7663579279824433,-4.824988705415427
public_input,high g,1.4,1,0.8805072742470966,1.2,0.8639958141065476,0.3189820611160989,0.17500543790422612,0.7650675204001199,0.768902437304976,-4.812169991505032
public_input,high g,1.4,1,0.88902929543607,1.2,0.8636356566527699,0.31902375718926884,0.17545565887605102,0.7679415305780782,0.7717908535189013,-4.799191694560997
public_input,high g,1.4,1,0.8977067623677852,1.2,0.8641993766690836,0.31895849265403714,0.17475096746363672,0.7702985073002017,0.7741596446360095,-4.786080544844822
public_input,high g,1.4,1,0.9065426098850453,1.2,0.8638494078367196,0.31899900267320414,0.1751884379374013,0.7732381546798778,0.7771140270594955,-4.772854068054269
public_input,high g,1.4,1,0.9155398404091444,1.2,0.863771710705066,0.3189806909720537,0.1752265817945699,0.7760251007405111,0.7799149427453917,-4.759469218633132
public_input,high g,1.4,1,0.9247015255860773,1.2,0.8641243320282406,0.3189671894329242,0.1748447971468756,0.7786399067789636,0.7825428555536553,-4.745988284638464
public_input,high g,1.4,1,0.9340308079772923,1.2,0.8639328520585083,0.3189893577976221,0.1750841607843554,0.781594398350804,0.7855121565761285,-4.732353974602672
public_input,high g,1.4,1,0.9435309027962627,1.2,0.8639227482183105,0.31899054385162506,0.17509682650119965,0.7844764346759465,0.7884086391684684,-4.718571092382704
public_input,high g,1.4,1,0.9532050996921831,1.2,0.8639876365153608,0.31898300921279393,0.1750156633842742,0.7873503313220649,0.7912969412814731,-4.7046651663853485
public_input,high g,1.4,1,0.9630567645821445,1.2,0.8640191053256421,0.3189793649233659,0.1749763229088283,0.7902824608050655,0.7942437681246698,-4.690601415449381
public_input,high g,1.4,1,0.9730893415331738,1.2,0.8640793204477059,0.31897239605910666,0.17490105503996445,0.7932352864957103,0.7972113949156832,-4.6764086590076115
public_input,high g,1.4,1,0.9833063546955787,1.2,0.8641486698659332,0.31899251139280205,0.17487515474251925,0.7962481804909198,0.8002393911048906,-4.6620596291519965
public_input,high g,1.4,1,0.9937114102890687,1.2,0.8640826872564489,0.31897198545290617,0.17489680132182833,0.7993296804255599,0.8033363371222313,-4.647599645647322
public_input,high g,1.4,1,1.0043081986431819,1.2,0.8639611619730274,0.3189860800190373,0.17504877086809306,0.8025127054484523,0.806535317124447,-4.632989318238264
public_input,high g,1.4,1,1.0151004962935855,1.2,0.8641038911374214,0.3189695561391519,0.17487035012314667,0.8055722967807448,0.809610244722114,-4.618242001494997
public_input,high g,1.4,1,1.0260921681358672,1.2,0.8639950863101851,0.31898216074796326,0.17500638090541565,0.8088288832500461,0.812883154899023,-4.603334404323382
public_input,high g,1.4,1,1.037287169638491,1.2,0.8642350083172323,0.3189543795210125,0.1747064514481546,0.8119090370651878,0.8159787480494133,-4.588298036203316
public_input,high g,1.4,1,1.0486895491166357,1.2,0.8638185041418103,0.3190025924577729,0.17522709556697919,0.8154417847514593,0.8195292037071532,-4.573101399003882
public_input,high g,1.4,1,1.0603034500686892,1.2,0.8643445702193508,0.31894169379250586,0.17456948837246206,0.8184252626140405,0.8225276363147542,-4.557770722009941
public_input,high g,1.4,1,1.0721331135772334,1.2,0.8639647611188692,0.31898565527079803,0.17504425426605436,0.8220215087817934,0.8261419087414384,-4.542296963988629
public_input,high g,1.4,1,1.0841828807763967,1.2,0.8644130477902989,0.3189337680912911,0.1744838912868898,0.8251377012429693,0.8292737211823279,-4.526666735031968
public_input,high g,1.4,1,1.0964571953875313,1.2,0.8640486929305703,0.3189759205352601,0.1749392954255916,0.8288127506299008,0.8329671918309708,-4.510904258831086
public_input,high g,1.4,1,1.1089606063252093,1.2,0.8641023643111532,0.3189694265539689,0.1748715970454198,0.8322666374980323,0.8364383913790748,-4.494962525066308
public_input,high g,1.4,1,1.1216977703756155,1.2,0.8641497831474588,0.31896398300212625,0.17481242013713405,0.835769524514197,0.8399588366894761,-4.478912931669175
public_input,high g,1.4,1,1.1346734549494641,1.2,0.863892744105795,0.31899400405101086,0.1751343046443884,0.8395133784483934,0.8437214567696121,-4.462681072325161
public_input,high g,1.4,1,1.147892540911644,1.2,0.8644897055259809,0.318924886190714,0.17438804864596136,0.8427536163872743,0.8469779364687512,-4.446317879195791
public_input,high g,1.4,1,1.1613600254898573,1.2,0.8640894492810676,0.3189712241471424,0.1748883948767601,0.8466832057668586,0.8509272229970696,-4.429806189890299
public_input,high g,1.4,1,1.1750810252645967,1.2,0.8644543386858304,0.318928990583478,0.17443228097448216,0.8501647471751773,0.8544262157043204,-4.413131117037282
public_input,high g,1.4,1,1.189060779242872,1.2,0.8639973525304978,0.3189818928373367,0.17500353599814938,0.8542281248568797,0.858509961151412,-4.396302839810138
public_input,high g,1.4,1,1.2033046520181812,1.2,0.8642364188173186,0.31895395477277333,0.17470412349187175,0.8578865868707477,0.8621867612824377,-4.379305567194527
public_input,high g,1.4,1,1.217818137019287,1.2,0.8641546233575187,0.31896369928021967,0.1748069670877558,0.8618040353692863,0.8661238460732908,-4.362181804283154
public_input,high g,1.4,1,1.2326068598504607,1.2,0.8644340301489324,0.31893133440740656,0.1744576521710659,0.8655332100999422,0.8698717133700726,-4.344886519997329
public_input,high g,1.4,1,1.247676581725918,1.2,0.8642309786114812,0.31895483589181167,0.17471146691483194,0.8696305174375973,0.8739895585462251,-4.32744923210626
public_input,high g,1.4,1,1.2630332030012734,1.2,0.8644136750174236,0.3189336984127454,0.1744831135541065,0.8735236361778205,0.8779021916253418,-4.309843838031396
public_input,high g,1.4,1,1.2786827668049243,1.2,0.8641858925200258,0.3189600637310523,0.17476784513904717,0.8777410151990629,0.8821407103469,-4.292076111347791
public_input,high g,1.4,1,1.294631462772364,1.2,0.8644011527400236,0.3189351355344472,0.17449874001438237,0.8817154712813026,0.8861350884731568,-4.274139348615725
public_input,high g,1.4,1,1.31088563088653,1.2,0.8643761988084036,0.3189380723853772,0.17453003754401133,0.8859031739977734,0.8903437821368468,-4.2560376646973985
public_input,high g,1.4,1,1.3274517654273796,1.2,0.8645945965367778,0.31891274335447994,0.17425692910889895,0.8899804124621945,0.8944414578441197,-4.237808826765942
public_input,high g,1.4,1,1.3443365190339982,1.2,0.8643726311695643,0.31893843889622037,0.1745343968462716,0.8944091955999462,0.898892440349731,-4.219404602245604
public_input,high g,1.4,1,1.3615467068826452,1.2,0.8645208785874712,0.3189212832957543,0.17434909333135823,0.8986425810774901,0.903147045760287,-4.200838385315499
public_input,high g,1.4,1,1.3790893109842512,1.2,0.8642526920223477,0.3189523352302705,0.17468435207503652,0.9032151459861381,0.9077425307459206,-4.182097684054818
public_input,high g,1.4,1,1.3969714846049992,1.2,0.8645994224151166,0.3189121944228358,0.17425091753820882,0.9074245593248732,0.911973043856822,-4.16318324870586
public_input,high g,1.4,1,1.4152005568137338,1.2,0.8642978821479754,0.31894708283948936,0.17462781678532147,0.9121352968707173,0.9167073940728778,-4.144121542842929
public_input,high g,1.4,1,1.4337840371600625,1.2,0.8646807575232598,0.31890280061495263,0.17414929180503805,0.916433208556225,0.921026849130361,-4.124874756911678
public_input,high g,1.4,1,1.4527296204871472,1.2,0.8644511118059972,0.31892937997662046,0.17443634894350302,0.9212127209337119,0.9258303189133378,-4.105502625380236
public_input,high g,1.4,1,1.4720451918832933,1.2,0.8645056333403609,0.31892308962918836,0.17436824025868608,0.9258553550465146,0.9304962243264735,-4.085915883449623
public_input,high g,1.4,1,1.4917388317766058,1.2,0.8642584223081952,0.31895164090216344,0.17467712204047803,0.9307689979037285,0.9354344969210049,-4.066173756745749
public_input,high g,1.4,1,1.5118188211770927,1.2,0.8648981695013832,0.31887762405153774,0.17387749844993838,0.9351227745032311,0.9398100969165296,-4.046226622751257
public_input,high g,1.4,1,1.5322936470707536,1.2,0.8644268632022287,0.31893217580121785,0.17446663652840172,0.9403187843212784,0.9450321518421756,-4.0261660789658755
public_input,high g,1.4,1,1.5531720079703377,1.2,0.8649575512488776,0.31887075918927316,0.17380328859995225,0.9448706480429769,0.9496068318757284,-4.005896822731524
public_input,high g,1.4,1,1.5744628196276003,1.2,0.8644548139382418,0.3189289209049323,0.17443165521641196,0.9502187588231401,0.9549817501727353,-3.9854881185580844
public_input,high g,1.4,1,1.5961752209120554,1.2,0.8644846401522188,0.31891464661888924,0.17437099654458216,0.9552421328843552,0.9600303040012168,-3.964865415672248
public_input,high g,1.4,1,1.618318579861377,1.2,0.864205670476221,0.3189549213816373,0.17473695970811554,0.9605732980482065,0.9653881917416569,-3.944058294579755
public_input,high g,1.4,1,1.6409024999087747,1.2,0.8646298268390888,0.31890868575796233,0.1742129343981098,0.9654611852868427,0.9703005796170352,-3.9230852893599426
public_input,high g,1.4,1,1.6639368262928396,1.2,0.8646739920622784,0.3189033195932781,0.17415717825920235,0.9706852754461371,0.9755508556372243,-3.90196178457373
public_input,high g,1.4,1,1.6874316526555453,1.2,0.8646426042673747,0.3189072186829418,0.17419698808777961,0.9760332217268227,0.9809256086101968,-3.880648611890424
public_input,high g,1.4,1,1.7113973278342638,1.2,0.8645401856478058,0.3189190619859894,0.1743249882419314,0.9815024975198483,0.9864222992622208,-3.859151014562669
public_input,high g,1.4,1,1.7358444628538618,1.2,0.864382669183199,0.31893728549642514,0.17452186748907927,0.9870833577179813,0.9920311336385104,-3.8374408764702768
public_input,high g,1.4,1,1.7607839381251333,1.2,0.8643923852237194,0.3189361832630065,0.17450977062437478,0.9926138215314371,0.9975893190171933,-3.8155482241697998
public_input,high g,1.4,1,1.7862269108560356,1.2,0.864882087182749,0.3188795017327587,0.17389763656001,0.9978616325049493,1.0028634347526764,-3.793500466078104
public_input,high g,1.4,1,1.8121848226824113,1.2,0.8646316925539483,0.31890845924180405,0.17421057940834844,1.003730137919556,1.0087613561730873,-3.7712841650019016
public_input,high g,1.4,1,1.8386694075250942,1.2,0.8646867016736242,0.31890210898773463,0.17414185373988272,1.0094469550629244,1.0145068289816361,-3.7488586324093114
public_input,high g,1.4,1,1.8656926996805347,1.2,0.8648579369343793,0.3188822703049265,0.17392776692426196,1.0151519247887932,1.0202403949872583,-3.726220201621507
public_input,high g,1.4,1,1.8932670421523103,1.2,0.8645564549340627,0.31891718160387933,0.17430465733031664,1.0212892066110428,1.0264084400626616,-3.703413382898224
public_input,high g,1.4,1,1.921405095231136,1.2,0.8650324172860064,0.3188620923637048,0.17370970221959597,1.0269175559586818,1.03206500162881,-3.680397431325373
public_input,high g,1.4,1,1.9501198453312445,1.2,0.864690567994767,0.3189016569870658,0.17413701109729526,1.033244627449021,1.0384237876969733,-3.6572444912036732
public_input,high g,1.4,1,1.979424614091259,1.2,0.8650023054671758,0.3188653260469323,0.17374679879419808,1.0391540565972508,1.044362837982076,-3.6338669667854893
public_input,high g,1.4,1,2.009333067747975,1.2,0.864413070870182,0.3189337882727013,0.17448391179885275,1.0458359665855126,1.0510782411835342,-3.610267769976307
public_input,high g,1.4,1,2.0398592267917226,1.2,0.8650838370375231,0.3188561200616282,0.1736453822955939,1.0516317049702881,1.0569030308278593,-3.5865002398896197
public_input,high g,1.4,1,2.071017475912293,1.2,0.8644905088813546,0.3189248262840767,0.174387115892251,1.0584877182153423,1.0637934099823168,-3.562519300825237
public_input,high g,1.4,1,2.1028225742447084,1.2,0.8650247201575485,0.3188627382263242,0.17371879441131194,1.0645537685228639,1.0698898664935386,-3.5383849365532214
public_input,high g,1.4,1,2.135289665924415,1.2,0.8645607098503054,0.31891669257887256,0.17429934612005954,1.0714854163993552,1.0768562593996014,-3.5139906450579734
public_input,high g,1.4,1,2.168434290961828,1.2,0.8647779027452323,0.3188915247557182,0.1740277907271191,1.0779717401294868,1.0833750959627308,-3.489433463417151
public_input,high g,1.4,1,2.2022723964464688,1.2,0.8651555349469758,0.31884784533009136,0.17355581096602168,1.0844183034309993,1.0898539727972636,-3.464618661044244
public_input,high g,1.4,1,2.23682034809129,1.2,0.8648893366012573,0.3188786576380584,0.173888563896949,1.0914653352347934,1.096936327994971,-3.439689814321279
public_input,high g,1.4,1,2.2720949421281498,1.2,0.8650536852605005,0.31882626729150587,0.17361105208915217,1.098220089356655,1.1037249404627685,-3.4145050628563345
public_input,high g,1.4,1,2.308113417565749,1.2,0.8648779833526586,0.31887995373342753,0.17390271671154486,1.1054239827204433,1.1109649434923117,-3.389130517481449
public_input,high g,1.4,1,2.344893468821764,1.2,0.8651020403060035,0.3188540273053985,0.17362265867365734,1.1123591959109078,1.1179349195835577,-3.363510424900902
public_input,high g,1.4,1,2.382453258741261,1.2,0.864930053000274,0.3188739356667524,0.17383764803991097,1.1197109116581225,1.125323485959308,-3.33771605171879
public_input,high g,1.4,1,2.4208114320139376,1.2,0.8651690373815772,0.3188460362957683,0.1735384010172823,1.1268256602635935,1.132473897390573,-3.311711594751014
public_input,high g,1.4,1,2.4599871290031343,1.2,0.8647100003057948,0.3188991563255247,0.17411217735733847,1.134611477536143,1.1402987412346088,-3.2854792647011535
public_input,high g,1.4,1,2.5,1.2,0.8651392644581501,0.31884972738144274,0.1735761466857662,1.1417690961267761,1.1474922375377312,-3.2590413416536594
public_input,high g,1.4,2,0.5,1.2,0.7211372956155685,0.34334818457345195,0.4075763869970205,0.7410527532413679,0.744767295624907,-5.684184807770525
public_input,high g,1.4,2,0.5000203210855501,1.2,0.7211353005879635,0.34334841982987085,0.4075789155861836,0.7410630506756599,0.7447776446753032,-5.684033366838518
public_input,high g,1.4,2,0.5000812892976928,1.2,0.721129283564123,0.34334907713363993,0.4075864233749725,0.741093932985963,0.7448086817838308,-5.683579026560087
public_input,high g,1.4,2,0.5001829195049198,1.2,0.7211192402330133,0.3433501847688366,0.4075989788227081,0.741145415439596,0.7448604222943366,-5.682821734473549
public_input,high g,1.4,2,0.5003252364947652,1.2,0.7211051266734337,0.34335173463279367,0.4076166074737423,0.7412175108667547,0.7449328791013277,-5.681761403132962
public_input,high g,1.4,2,0.5005082749838822,1.2,0.7210870717057012,0.34335371194587905,0.4076391469875525,0.7413101916623616,0.7450260244613557,-5.680397910093909
public_input,high g,1.4,2,0.500732079632158,1.2,0.721064982224741,0.3433561456297636,0.40766675606356295,0.7414235008558027,0.7451399016194925,-5.678731097868543
public_input,high g,1.4,2,0.5009967050608752,1.2,0.7210388588202015,0.3433590242432975,0.40769940816359745,0.741557446524448,0.7452745186935961,-5.676760773908514
public_input,high g,1.4,2,0.5013022158749305,1.2,0.7210087015280636,0.34336234881812877,0.4077371055914524,0.7417120439490001,0.7454298910409636,-5.674486710554865
public_input,high g,1.4,2,0.5016486866891229,1.2,0.7213421547498048,0.3433254188116222,0.4073198951149545,0.7417861503044725,0.7455043688560885,-5.671912133339999
public_input,high g,1.4,2,0.502036202158526,1.2,0.7213040493958635,0.34332969752252,0.4073677045852121,0.7419820901677739,0.7457012908720421,-5.66903562072429
public_input,high g,1.4,2,0.502464857012963,1.2,0.721261711386671,0.3433344521480337,0.40742082608506947,0.7421987969061973,0.745919083857512,-5.665855095770592
public_input,high g,1.4,2,0.5029347560956027,1.2,0.7212155108525307,0.34333952918903327,0.407478541348197,0.7424361495595748,0.7461576262460156,-5.662370188140649
public_input,high g,1.4,2,0.5034460144056994,1.2,0.7214291311886489,0.3433156073265192,0.40721066622789676,0.7426214787586153,0.7463438844115321,-5.658583823343374
public_input,high g,1.4,2,0.5039987571454999,1.2,0.721374579464693,0.34332192158789837,0.40727953869666067,0.7429005669495862,0.746624371537882,-5.654494871677841
public_input,high g,1.4,2,0.5045931197713469,1.2,0.7213162092352211,0.3433284243094501,0.4073526570986118,0.7432003247162429,0.7469256318465967,-5.650100666312398
public_input,high g,1.4,2,0.5052292480490046,1.2,0.7212539902683861,0.3433353103847728,0.4074304936842788,0.7435208673558436,0.7472477812128647,-5.645400700336074
public_input,high g,1.4,2,0.5059072981132409,1.2,0.7211876195948516,0.3433426228775759,0.40751344909149056,0.7438623178171854,0.7475909432017663,-5.640394428441999
public_input,high g,1.4,2,0.5066274365316988,1.2,0.7211171694213667,0.3433503830009175,0.40760149922471434,0.7442247055434991,0.7479551474041175,-5.635081268004793
public_input,high g,1.4,2,0.507389840373095,1.2,0.7210678102934405,0.34335582925364927,0.4076632104538361,0.7446011360581717,0.7483334647845971,-5.629461003825146
public_input,high g,1.4,2,0.5081946972797818,1.2,0.7216517657849071,0.3432912149511674,0.4069327097243405,0.744822557287668,0.748555995892625,-5.623546352116776
public_input,high g,1.4,2,0.5090422055447187,1.2,0.7215701297461355,0.3433004219681192,0.4070352272775589,0.7452477587713274,0.7489833287075907,-5.6173323690206365
public_input,high g,1.4,2,0.5099325741928927,1.2,0.7214835455151412,0.34330999279502517,0.4071435181439759,0.7456942422983978,0.7494320502426537,-5.610810014750198
public_input,high g,1.4,2,0.5108660230672385,1.2,0.7213928996439514,0.3433199671571123,0.4072567858683793,0.7461618659525646,0.7499020178701415,-5.6039785046606365
public_input,high g,1.4,2,0.5118427829191048,1.2,0.721298304888448,0.3433304473871341,0.4073751497855722,0.7466506952263241,0.7503932974108324,-5.5968370485646695
public_input,high g,1.4,2,0.5128630955033207,1.2,0.7211995348812394,0.34334132845144794,0.4074985980466446,0.7471607974453773,0.750905956527899,-5.589384809492229
public_input,high g,1.4,2,0.5139272136779165,1.2,0.721363287377742,0.3433232476365863,0.4072938382620357,0.747618434422808,0.7513658874202251,-5.581622990365949
public_input,high g,1.4,2,0.5150354015085564,1.2,0.7212565963365614,0.34333501522171656,0.4074272181862919,0.7481711666104353,0.7519213901894726,-5.573558441810751
public_input,high g,1.4,2,0.5161879343777439,1.2,0.7215401862635313,0.3433060506416519,0.40707793659173536,0.7486369372847022,0.75238949554896,-5.5651864314095345
public_input,high g,1.4,2,0.5173850990988615,1.2,0.7214270664577142,0.3433161747703323,0.4072140179213998,0.7492312043313567,0.7529867413715818,-5.556513862049039
public_input,high g,1.4,2,0.5186271940351138,1.2,0.7213081956473879,0.3433293283107878,0.40736272096147874,0.7498484394733307,0.7536070704175801,-5.547526947951615
public_input,high g,1.4,2,0.5199145292234401,1.2,0.7211850211148827,0.34334292948178174,0.4075167429497983,0.7504873743968207,0.7542492080157019,-5.538224631464015
public_input,high g,1.4,2,0.5212474265034702,1.2,0.7216725337768806,0.34328903066574046,0.4069069877730189,0.7509771379595832,0.7547414265285389,-5.528623199622947
public_input,high g,1.4,2,0.5226262196515982,1.2,0.7215413024194961,0.3433036186270087,0.4070713046265597,0.7516595340575885,0.7554272431512198,-5.518720498994844
public_input,high g,1.4,2,0.5240512545202515,1.2,0.7214860572256132,0.343309441162492,0.4071397553309186,0.7523413664519853,0.7561124932447162,-5.508500586982555
public_input,high g,1.4,2,0.5255228891824385,1.2,0.7216164292573335,0.3432952725476849,0.4069772488808159,0.7529924674297708,0.7567668578797344,-5.497972821346184
public_input,high g,1.4,2,0.5270414940816569,1.2,0.721473923171118,0.34331105363397546,0.40715554647073837,0.753740388165162,0.7575185275834129,-5.487134356893196
public_input,high g,1.4,2,0.5286074521872524,1.2,0.7213262031921082,0.3433273335171812,0.4073401892248587,0.7545107116372606,0.758292712317984,-5.475975120616495
public_input,high g,1.4,2,0.5302211591553182,1.2,0.7211745975411308,0.3433440556291474,0.4075297206257755,0.7553031902674959,0.759089163263884,-5.464493756236392
public_input,high g,1.4,2,0.5318830234952302,1.2,0.7213925500703106,0.3433200412057883,0.40725730338441746,0.7560136352135721,0.7598031693300717,-5.4527066925854895
public_input,high g,1.4,2,0.5335934667419154,1.2,0.7212590954167357,0.3433347473110899,0.4074241114848163,0.7568433883277615,0.7606370815990543,-5.440603345510776
public_input,high g,1.4,2,0.5353529236339561,1.2,0.7217156784338457,0.3432843958535014,0.4068533313618956,0.7575293514147485,0.7613264830903236,-5.428211874091744
public_input,high g,1.4,2,0.537161842297634,1.2,0.721820815290134,0.3432727191599748,0.4067217117646888,0.7583348706236749,0.7621360399810874,-5.415508971208932
public_input,high g,1.4,2,0.5390206844370244,1.2,0.7216486255559538,0.3432918423016178,0.40693727278411534,0.7592397023802128,0.763045407225679,-5.402489314438025
public_input,high g,1.4,2,0.5409299255302531,1.2,0.7215263929313395,0.34330524524053085,0.4070899032741847,0.7601520665856123,0.7639623446756896,-5.38914142119039
public_input,high g,1.4,2,0.5428900550320312,1.2,0.7213726331364224,0.3433222325622346,0.4072821903147258,0.7610950524538432,0.7649100572802551,-5.375468892718833
public_input,high g,1.4,2,0.5449015765825912,1.2,0.7211878229321522,0.3433426272477062,0.40751325566564534,0.7620685997561568,0.7658884845087292,-5.361465083765196
public_input,high g,1.4,2,0.5469650082231464,1.2,0.7213769751678527,0.3433216765595711,0.40727658726925453,0.762958880576258,0.7667832278800119,-5.3471423452623625
public_input,high g,1.4,2,0.5490808826180046,1.2,0.7220875071031276,0.3432433439737096,0.4063883970292457,0.7637240418326738,0.7675522245231863,-5.3325482028709414
public_input,high g,1.4,2,0.5512497472834679,1.2,0.7219175847387611,0.34326214199897764,0.4066009533149202,0.7647594223025657,0.7685927948592809,-5.317645943757702
public_input,high g,1.4,2,0.5534721648236569,1.2,0.7217160499559443,0.3432843914833711,0.4068529499283413,0.7658260171697898,0.7696647360555254,-5.302409208341826
public_input,high g,1.4,2,0.5557487131734017,1.2,0.7215106882173631,0.34330703743192614,0.4071096726782456,0.7669161131163318,0.7707602961307383,-5.286834486082764
public_input,high g,1.4,2,0.5580799858483445,1.2,0.7213534022259294,0.34332678188464805,0.4073117390884524,0.7680161122960526,0.7718658090792928,-5.2709199812198655
public_input,high g,1.4,2,0.5604665922024078,1.2,0.7214478203364288,0.3433138494585728,0.40718799023561447,0.7690655591645914,0.7729205163221509,-5.254677050508226
public_input,high g,1.4,2,0.5629091576927818,1.2,0.7222441481118566,0.34322584371305187,0.4061920654293453,0.7699393034775887,0.7737986402967428,-5.238148652920531
public_input,high g,1.4,2,0.5654083241525933,1.2,0.7220226473140514,0.3432505639056677,0.40646963162400307,0.7711248453779919,0.7749901247506515,-5.221331243912857
public_input,high g,1.4,2,0.5679647500714233,1.2,0.7217962345425848,0.3432755863323591,0.40675279525920555,0.7723347701545937,0.7762061143004343,-5.204168726853498
public_input,high g,1.4,2,0.5705791108838415,1.2,0.7215933117894828,0.3432979327477277,0.40700639968236363,0.7735611955286884,0.7774386871572991,-5.186659908699109
public_input,high g,1.4,2,0.5732520992661372,1.2,0.7216407585255351,0.3432926150485312,0.4069468924045339,0.7747396009843877,0.778622999394926,-5.168813915429518
public_input,high g,1.4,2,0.5759844254414287,1.2,0.7214013419552139,0.34331906752590496,0.4072463031935387,0.776023270418177,0.7799131032485287,-5.150634297357815
public_input,high g,1.4,2,0.578776817493336,1.2,0.7221985808482096,0.3432750532119949,0.40634923983659493,0.7770518095725713,0.7809467979768892,-5.132167769535917
public_input,high g,1.4,2,0.5816300216884137,1.2,0.7220167928599227,0.3432512309813452,0.4064769990057683,0.7783486979594018,0.782250187043811,-5.113393403362293
public_input,high g,1.4,2,0.5845448028075416,1.2,0.7217650268990929,0.3432790024363875,0.4067917506266341,0.7797071039616496,0.7836154020844804,-5.094264692385263
public_input,high g,1.4,2,0.5875219444864789,1.2,0.7217954321830241,0.34327560214363906,0.40675363347874927,0.781008647283595,0.7849234694194767,-5.0748023033387035
public_input,high g,1.4,2,0.5905622495657936,1.2,0.7215637938534865,0.3433011576906946,0.4070432317890089,0.7824096265018232,0.7863314710752599,-5.054987339923899
public_input,high g,1.4,2,0.5936665404503856,1.2,0.7219437440994219,0.34325927212570434,0.40656828508167564,0.7836590807381931,0.7875871882270524,-5.034868017258157
public_input,high g,1.4,2,0.5968356594788269,1.2,0.7221157253121392,0.34324262136152506,0.40635853993579973,0.7849935182241027,0.7889283146086957,-5.0144213778783335
public_input,high g,1.4,2,0.600070469302753,1.2,0.7221332695356595,0.3432383998563755,0.40633142133860023,0.7863951877298783,0.790337010012107,-4.993656012776489
public_input,high g,1.4,2,0.6033718532765401,1.2,0.7218849610571805,0.3432657661069955,0.4066417964734854,0.7878994409706226,0.7918488033535983,-4.972543384552882
public_input,high g,1.4,2,0.6067407158575169,1.2,0.7216738697515316,0.34320726680216396,0.4067202113557763,0.7893850433398613,0.7933418523357016,-4.951062275533102
public_input,high g,1.4,2,0.6101779830169621,1.2,0.7219688032369012,0.3432565062544256,0.4065369529481362,0.7908152950545638,0.7947792732169583,-4.929284498024854
public_input,high g,1.4,2,0.6136846026621482,1.2,0.722388266582209,0.3432124848694962,0.4060176491018083,0.7922022354698415,0.7961731656999982,-4.907159673384255
public_input,high g,1.4,2,0.6172615450697004,1.2,0.7221514771743421,0.3432364023618799,0.40630868338240156,0.7938035561157807,0.7977825129990779,-4.884727627413167
public_input,high g,1.4,2,0.6209098033305457,1.2,0.7218520162727288,0.3432694245384622,0.4066830385805037,0.795449896005051,0.7994371052013848,-4.861919708337502
public_input,high g,1.4,2,0.6246303938067362,1.2,0.7222354725737619,0.34322710381573085,0.4062035988803156,0.7969230353267883,0.8009176286647011,-4.83877191922834
public_input,high g,1.4,2,0.6284243566004422,1.2,0.7222236715488152,0.3432284227933993,0.4062183913466145,0.7985374889832292,0.8025401748037714,-4.815312186304377
public_input,high g,1.4,2,0.6322927560354111,1.2,0.722305181785527,0.34321937364570787,0.4061163576429383,0.8001508569840278,0.804161629845328,-4.791494603407044
public_input,high g,1.4,2,0.6362366811512086,1.2,0.7220749276612133,0.3432448682544783,0.4064044335399437,0.8018821885726339,0.8059016397696365,-4.767335731057784
public_input,high g,1.4,2,0.6402572462105554,1.2,0.7224171820642921,0.3432069672689774,0.4059762197017488,0.8034720178714292,0.8074994381209548,-4.742810757461914
public_input,high g,1.4,2,0.6443555912200942,1.2,0.7223899972301859,0.3432101023519884,0.40601051490412376,0.805197324873774,0.8092333932606377,-4.718003684575297
public_input,high g,1.4,2,0.6485328824649206,1.2,0.7220909374499542,0.34324307169295265,0.4063843491496626,0.8070299091445308,0.8110751633982783,-4.692809684047033
public_input,high g,1.4,2,0.652790313057229,1.2,0.7221544550493401,0.34323607017448576,0.40630495210639384,0.8087829880816174,0.8128370296801053,-4.667254974687772
public_input,high g,1.4,2,0.6571291034994325,1.2,0.7228415992899399,0.34316247537121014,0.40545089485196495,0.8103796934490245,0.8144417385664727,-4.641350582163726
public_input,high g,1.4,2,0.6615505022621248,1.2,0.7225297743826484,0.3431968606208182,0.40584070550536744,0.8122990427609463,0.8163707086568572,-4.615167528650963
public_input,high g,1.4,2,0.6660557863772645,1.2,0.7221835984356934,0.34323286811381815,0.4062685464464463,0.8142559669710187,0.8183374419903526,-4.588582556536583
public_input,high g,1.4,2,0.6706462620469753,1.2,0.7222311214187447,0.34322752586308103,0.40620890723872316,0.816125139900228,0.8202159841878595,-4.561604079647406
public_input,high g,1.4,2,0.6753232652683625,1.2,0.7228876322968667,0.34315512315318003,0.4053881870145457,0.8178410024109624,0.8219404474952209,-4.534327210765894
public_input,high g,1.4,2,0.6800881624747613,1.2,0.722581986536948,0.3431910848815813,0.4057753939744784,0.8198735372703011,0.8239831704779395,-4.506731289924943
public_input,high g,1.4,2,0.6849423511938463,1.2,0.7222498407607706,0.3432255398097351,0.4061856835277088,0.8219414002580956,0.8260613986720946,-4.478724746267255
public_input,high g,1.4,2,0.6898872607230374,1.2,0.7225310627682414,0.34326360200297884,0.4059907865745148,0.8238846527395711,0.8280143917471686,-4.450337632222333
public_input,high g,1.4,2,0.6949243528226603,1.2,0.7228975483795519,0.3431541478040554,0.4053760588400459,0.8257734603635378,0.8299126670587499,-4.4216535585675665
public_input,high g,1.4,2,0.7000551224273222,1.2,0.7226096982548201,0.3431859011376981,0.4057359255254792,0.8279177714987169,0.832067726598223,-4.392612804149335
public_input,high g,1.4,2,0.7052810983759861,1.2,0.7225364225869256,0.3431939749362649,0.40582751256852323,0.8300275782812369,0.8341881088312498,-4.363179046488397
public_input,high g,1.4,2,0.7106038441612367,1.2,0.7224829664432738,0.3432829058961816,0.4060826641292662,0.8321968018001898,0.8363682056283402,-4.3333451112401935
public_input,high g,1.4,2,0.7160249586982449,1.2,0.7228825821702627,0.3431558359934561,0.405394853862896,0.8341891058211109,0.8383704961147244,-4.303240572105906
public_input,high g,1.4,2,0.7215460771139571,1.2,0.722798916992814,0.34316503593938863,0.40549938451771944,0.8363936594048843,0.8405861000693221,-4.27274094445638
public_input,high g,1.4,2,0.7271688715570458,1.2,0.7224893052268209,0.3431991657511675,0.405886402696827,0.8386982276017036,0.8429022199623,-4.241850332944357
public_input,high g,1.4,2,0.7328950520291776,1.2,0.7231860154715974,0.3431221380009357,0.40501499351452486,0.8407272621823881,0.8449414251211446,-4.21056986594012
public_input,high g,1.4,2,0.7387263672381705,1.2,0.7230922297586477,0.3431326683656864,0.4051326620947291,0.8430291536487103,0.8472548548664577,-4.179002226115836
public_input,high g,1.4,2,0.7446646054736273,1.2,0.7227094637604794,0.3431749275125392,0.40561127183795964,0.8454517124999267,0.849689556844449,-4.147034933214206
public_input,high g,1.4,2,0.7507115955056528,1.2,0.7223485071208067,0.3432147018091308,0.406062436582302,0.8479002342955395,0.852150351906637,-4.114625705789183
public_input,high g,1.4,2,0.7568692075072764,1.2,0.7233905441040464,0.34309976870326786,0.40475973131496523,0.8499497103608532,0.8542101010134789,-4.081922559578725
public_input,high g,1.4,2,0.7631393540012239,1.2,0.7229606689926882,0.34314722907452505,0.40529724654833466,0.8524852683700248,0.8567583685600618,-4.048870127650712
public_input,high g,1.4,2,0.7695239908317001,1.2,0.7225261332869434,0.3431951310369492,0.40584042390485753,0.855055928794464,0.8593419144735008,-4.0153564859694315
public_input,high g,1.4,2,0.7760251181618615,1.2,0.7232087614105291,0.34311986115466386,0.40498708368824854,0.8573142774473662,0.8616115831461335,-3.9814952120991913
public_input,high g,1.4,2,0.7826447814976824,1.2,0.7231828816827386,0.3431227195867876,0.40501944634009557,0.8598258187027226,0.8641357135544216,-3.94731367148347
public_input,high g,1.4,2,0.7893850727389358,1.2,0.7227684370186843,0.34316841334983783,0.4055375244587479,0.8624927354491984,0.8668159982767194,-3.912687019542019
public_input,high g,1.4,2,0.7962481312580323,1.2,0.7233534776969528,0.34310389764757243,0.40480616216774146,0.864882480831457,0.8692177223075553,-3.877677915000366
public_input,high g,1.4,2,0.8032361450074849,1.2,0.7233741197169088,0.34310154508338325,0.40478018453220455,0.867483044483992,0.8718313213396448,-3.842328928346714
public_input,high g,1.4,2,0.8103513516567865,1.2,0.7229474783267594,0.34314869448030433,0.4053137607545708,0.8702594281647043,0.8746216217014702,-3.8065720201951496
public_input,high g,1.4,2,0.8175960397595149,1.2,0.7235272168487015,0.34308473748159135,0.40458896775954784,0.8727550896916417,0.8771297927838695,-3.7704142492713424
public_input,high g,1.4,2,0.8249725499515008,1.2,0.7231499523651187,0.3431263480649357,0.4050606050461555,0.8755880546212254,0.8799769580092567,-3.7338972854122803
public_input,high g,1.4,2,0.8324832761809209,1.2,0.7230939257243476,0.3431342720969093,0.4051346033914427,0.8783570292672491,0.8827598121984529,-3.6969694854370956
public_input,high g,1.4,2,0.8401306669712053,1.2,0.7237075056918314,0.3430646978658133,0.4043632290678332,0.8809486538450167,0.8853644273484761,-3.6596573261598784
public_input,high g,1.4,2,0.8479172267176741,1.2,0.723218554641994,0.34312094757680256,0.4049797544621942,0.8839292348730959,0.8883599486011318,-3.621974138493775
public_input,high g,1.4,2,0.8558455170188431,1.2,0.7235501458455563,0.34308223411916117,0.40456036113670113,0.8866842881713942,0.8911288116615566,-3.5838540690577663
public_input,high g,1.4,2,0.8639181580433734,1.2,0.7238205988792739,0.34305225446474485,0.4042219142467675,0.8894970916791349,0.8939557144055532,-3.5453660314919047
public_input,high g,1.4,2,0.8721378299336601,1.2,0.7233176433896241,0.3431100153461119,0.4048558714153577,0.8925970873823666,0.8970712489019115,-3.5064922484744625
public_input,high g,1.4,2,0.8805072742470966,1.2,0.7236178792500927,0.3430747577177261,0.4044756712537101,0.8954762625844179,0.8999648560297209,-3.4671742590052363
public_input,high g,1.4,2,0.88902929543607,1.2,0.7239038704147305,0.3430432554517823,0.4041182329499117,0.8983995851233042,0.902902831783812,-3.4274902797865634
public_input,high g,1.4,2,0.8977067623677852,1.2,0.7237349415405518,0.3430999511240688,0.4044157476088364,0.9015264432462248,0.9060453633482982,-3.3874060097642595
public_input,high g,1.4,2,0.9065426098850453,1.2,0.7236785920326265,0.3430680197397554,0.404399676737139,0.9046225931790244,0.9091570327972197,-3.3468800068833824
public_input,high g,1.4,2,0.9155398404091444,1.2,0.7239931304456142,0.34303340090296974,0.40400662280232136,0.9076558620098373,0.9122055059513193,-3.3059812397335704
public_input,high g,1.4,2,0.9247015255860773,1.2,0.723807678192759,0.3430538767081367,0.4042385141812951,0.9108926661843125,0.9154585346742368,-3.264696059600503
public_input,high g,1.4,2,0.9340308079772923,1.2,0.7233484764084251,0.3430173960014099,0.40461497772277266,0.914220856853446,0.9188034079685234,-3.2229133655198625
public_input,high g,1.4,2,0.9435309027962627,1.2,0.7240140954993205,0.3430311082454179,0.40398045800128723,0.9173022686313964,0.9219002653872873,-3.1807905573738653
public_input,high g,1.4,2,0.9532050996921831,1.2,0.7238152061631721,0.34305511289686863,0.40423378988692604,0.9206704217279377,0.9252853014214825,-3.138278809189999
public_input,high g,1.4,2,0.9630567645821445,1.2,0.7233052496488959,0.3431082945025036,0.40486436228278233,0.9241819566697606,0.9288144380054498,-3.0952265479259675
public_input,high g,1.4,2,0.9730893415331738,1.2,0.7242917755113865,0.34300261147730204,0.4036381473191346,0.9272451657312478,0.9318930014662545,-3.0518901115008257
public_input,high g,1.4,2,0.9833063546955787,1.2,0.7238304883775332,0.34305343344772843,0.40421469868191495,0.9308296747519236,0.9354954779131671,-3.00810265369552
public_input,high g,1.4,2,0.9937114102890687,1.2,0.7240249839835796,0.34302974684163334,0.4039664818532448,0.9342397865654924,0.9389226829833344,-2.9637648535010728
public_input,high g,1.4,2,1.0043081986431819,1.2,0.7242904030975051,0.34300274543261533,0.40363982354366656,0.9376726376828681,0.9423727413385431,-2.9192090382351394
public_input,high g,1.4,2,1.0151004962935855,1.2,0.723775164273267,0.34305958380047574,0.4042839717862121,0.9414109873995355,0.9461298296111451,-2.8741036387913526
public_input,high g,1.4,2,1.0260921681358672,1.2,0.7247740473116026,0.34298307065843914,0.4031115569417375,0.9447026321655092,0.94943797381517,-2.8285451144924836
public_input,high g,1.4,2,1.037287169638491,1.2,0.7242165648403194,0.34301087039755895,0.40373208922134446,0.9485323234644248,0.9532868615216065,-2.7826727404516918
public_input,high g,1.4,2,1.0486895491166357,1.2,0.7240873706762234,0.3430252072911283,0.4038937994600555,0.952280879795402,0.9570542075693852,-2.7362348739428217
public_input,high g,1.4,2,1.0603034500686892,1.2,0.7247114810905688,0.34295628329278205,0.40311336941746084,0.9558211587988035,0.9606122322951394,-2.689450367082742
public_input,high g,1.4,2,1.0721331135772334,1.2,0.7241487334862103,0.34301844102908025,0.40381709076774375,0.9598128201585504,0.9646239019407157,-2.6422136456491696
public_input,high g,1.4,2,1.0841828807763967,1.2,0.7247501082901113,0.3429498519190173,0.40306015586222005,0.9634550633361515,0.9682844019382195,-2.5944875338946893
public_input,high g,1.4,2,1.0964571953875313,1.2,0.724628970694736,0.342963340347756,0.40321188521397455,0.9673942693281333,0.9722433532824057,-2.546395475753565
public_input,high g,1.4,2,1.1089606063252093,1.2,0.724375994937236,0.3429933200021723,0.40353285482769097,0.9714298636402533,0.9762991760951951,-2.497811616923121
public_input,high g,1.4,2,1.1216977703756155,1.2,0.7246423485733381,0.34296393067386843,0.4031998461949956,0.9753360533510503,0.9802249456633982,-2.4487881091485657
public_input,high g,1.4,2,1.1346734549494641,1.2,0.7248410244918008,0.34293992769165904,0.40294673151288196,0.9793150777473246,0.9842239150024592,-2.399328535081014
public_input,high g,1.4,2,1.147892540911644,1.2,0.7250389157063727,0.3429179989535102,0.40269910592018865,0.9833465046136726,0.9882755494800677,-2.349378483302278
public_input,high g,1.4,2,1.1613600254898573,1.2,0.7244614864196055,0.3429840830319018,0.4034264138967478,0.9877016976617831,0.9926525730241786,-2.2990175734960534
public_input,high g,1.4,2,1.1750810252645967,1.2,0.7246906791218601,0.3429586113054306,0.40313945131885665,0.9918274218824576,0.9967989775235696,-2.2482154894703803
public_input,high g,1.4,2,1.189060779242872,1.2,0.7248364086546453,0.3429425623085135,0.4029573226610635,0.9960356229787088,1.001028272315596,-2.196923886363999
public_input,high g,1.4,2,1.2033046520181812,1.2,0.7251288020969874,0.3429082369655427,0.4025870793408636,1.0002449333131995,1.0052586819059424,-2.1451792187803598
public_input,high g,1.4,2,1.217818137019287,1.2,0.7252704827827756,0.3428924831316817,0.4024096689598787,1.0045628048697206,1.0095981968837084,-2.0929526195745924
public_input,high g,1.4,2,1.2326068598504607,1.2,0.7250237675988903,0.34292191822458423,0.40272314293446676,1.0090752596671377,1.0141332704549249,-2.0403042272434955
public_input,high g,1.4,2,1.247676581725918,1.2,0.7248821502475543,0.3429374940077745,0.4029000861620783,1.0136060624521872,1.0186867839834441,-1.9871586591843782
public_input,high g,1.4,2,1.2630332030012734,1.2,0.7254413403543296,0.3428737423121619,0.40219630720965366,1.0179423735865656,1.0230448309678366,-1.9335570692908481
public_input,high g,1.4,2,1.2786827668049243,1.2,0.7248416545592358,0.34291815579112284,0.40289672277503086,1.0227416746852838,1.0278681886634227,-1.8794640085018925
public_input,high g,1.4,2,1.294631462772364,1.2,0.7254615784562104,0.34287156509775435,0.4021711311854966,1.0271830852530432,1.032331861894298,-1.8248910647644614
public_input,high g,1.4,2,1.31088563088653,1.2,0.725151805079826,0.3429077566807964,0.40256298707222027,1.0320088859713412,1.0371818520393599,-1.7699189869441279
public_input,high g,1.4,2,1.3274517654273796,1.2,0.7250312524338811,0.34292130231528345,0.40271426121718185,1.0368259232464565,1.0420230348142971,-1.7143212604207188
public_input,high g,1.4,2,1.3443365190339982,1.2,0.725538433624735,0.34286507381735226,0.40207955379301996,1.0414749183441525,1.0466953330968956,-1.6584210090423745
public_input,high g,1.4,2,1.3615467068826452,1.2,0.7248708634060408,0.3429389082471771,0.402914580498557,1.0466146178139866,1.0518607954175332,-1.6018649163601082
public_input,high g,1.4,2,1.3790893109842512,1.2,0.7259151236823618,0.3428235689052439,0.40160873059473134,1.0511891911239002,1.0564582988715858,-1.544949001810318
public_input,high g,1.4,2,1.3969714846049992,1.2,0.7252374785245809,0.34289830566716506,0.4024558787285496,1.0564599029805404,1.0617554302813512,-1.487495363804532
public_input,high g,1.4,2,1.4152005568137338,1.2,0.7262845987143751,0.3427807907800657,0.401142234774814,1.0611561625840769,1.0664752299841116,-1.4294852680396655
public_input,high g,1.4,2,1.4337840371600625,1.2,0.725593812414943,0.34285898607213133,0.4020103679966509,1.066563645923083,1.0719098184461513,-1.3711223448733265
public_input,high g,1.4,2,1.4527296204871472,1.2,0.7252529256452654,0.3428962455651431,0.40243575929647923,1.0719068297131986,1.0772797850564704,-1.3120606813641056
public_input,high g,1.4,2,1.4720451918832933,1.2,0.7259410291586155,0.3428207104731202,0.4015763421944211,1.0769323018576398,1.082330447484864,-1.2527275418745352
public_input,high g,1.4,2,1.4917388317766058,1.2,0.7255916146546669,0.3428592970464675,0.4020132710467216,1.082413997611978,1.087839620353516,-1.1927172485086621
public_input,high g,1.4,2,1.5118188211770927,1.2,0.7262107026584225,0.3427910128713692,0.401239314533843,1.0875989595020041,1.093050571973171,-1.132294944616738
public_input,high g,1.4,2,1.5322936470707536,1.2,0.7259200501899014,0.34282304555678816,0.40160261713289425,1.0931971983303876,1.0986768720904578,-1.0713217217221511
public_input,high g,1.4,2,1.5531720079703377,1.2,0.7265391669517066,0.34275269587788965,0.4008239472993472,1.0985185146424428,1.1040248616115262,-1.0098107401741343
public_input,high g,1.4,2,1.5744628196276003,1.2,0.7262388836103937,0.3427878522051699,0.4012039651909318,1.104263997200384,1.1097991435206365,-0.947853926293226
public_input,high g,1.4,2,1.5961752209120554,1.2,0.72636148992162,0.34277437084745055,0.40105078316039805,1.1099190056484796,1.1154824978165383,-0.8852972335575275
public_input,high g,1.4,2,1.618318579861377,1.2,0.7265261296079977,0.34275618873148317,0.40084490643500614,1.1156307781576424,1.1212229007045473,-0.8222984755431778
public_input,high g,1.4,2,1.6409024999087747,1.2,0.7258644945310264,0.3427564425000711,0.4015071170591349,1.121697678373345,1.1273202113841334,-0.7586972816692015
public_input,high g,1.4,2,1.6639368262928396,1.2,0.7268246084865382,0.3427211919427047,0.4004670548395159,1.1272880315609495,1.132938586333702,-0.6946381257306126
public_input,high g,1.4,2,1.6874316526555453,1.2,0.7260880600132108,0.3428045171113879,0.40139258479541684,1.1335788707211594,1.1392609584564257,-0.6300240862550405
public_input,high g,1.4,2,1.7113973278342638,1.2,0.7270529259664182,0.3427645277397876,0.4003370229474202,1.1393161436630295,1.1450269895985927,-0.5648430877853636
public_input,high g,1.4,2,1.7358444628538618,1.2,0.7262946663812975,0.34278179441326767,0.40113444334799375,1.1457364294338725,1.1514794571857856,-0.49920430971690855
public_input,high g,1.4,2,1.7607839381251333,1.2,0.7268877359863424,0.34271419042423773,0.4003880478958288,1.1517383112078499,1.1575114235173505,-0.4329415669089398
public_input,high g,1.4,2,1.7862269108560356,1.2,0.7265573849470202,0.342752776997585,0.4008059132835027,1.1581896553367226,1.1639951051432404,-0.36621932271547597
public_input,high g,1.4,2,1.8121848226824113,1.2,0.7271479669966712,0.34268767804022654,0.40006768679856264,1.1643542801539206,1.170190630270925,-0.29886052360400606
public_input,high g,1.4,2,1.8386694075250942,1.2,0.7268110049455829,0.34272477902638443,0.4004887938862572,1.1709733536749598,1.1768428820360584,-0.23103830538495274
public_input,high g,1.4,2,1.8656926996805347,1.2,0.7273304061679837,0.3426655625111466,0.3998350896072969,1.1773308485648186,1.1832322440016663,-0.1625740498159043
public_input,high g,1.4,2,1.8932670421523103,1.2,0.727101748571188,0.3426926766624198,0.4001252420991802,1.1840782996439962,1.1900135168201258,-0.09363888484971916
public_input,high g,1.4,2,1.921405095231136,1.2,0.7275687025828024,0.342639225476917,0.39953706079884554,1.1906273947159545,1.1965954393677425,-0.024067751499772472
public_input,high g,1.4,2,1.9501198453312445,1.2,0.726824538457714,0.3427205733325148,0.40046572186042984,1.1977604258828671,1.20376422500217,0.04600000476736121
public_input,high g,1.4,2,1.979424614091259,1.2,0.7277941415655751,0.34261639877680206,0.3992598508602119,1.2042817298386164,1.210318217130028,0.11669302840988927
public_input,high g,1.4,2,2.009333067747975,1.2,0.7270383356150769,0.3426996939921667,0.40020457035915724,1.2116029760644704,1.217676161255306,0.18787039951189466
public_input,high g,1.4,2,2.0398592267917226,1.2,0.7280110949204828,0.34259040537111646,0.3989839444612093,1.2182989687565615,1.2244057177504404,0.2597338657186039
public_input,high g,1.4,2,2.071017475912293,1.2,0.7271781867892031,0.342673994080296,0.40000643178490813,1.2258360992658273,1.231980628283604,0.33203831497731406
public_input,high g,1.4,2,2.1028225742447084,1.2,0.7282138960514444,0.3425681444455735,0.3987306555511163,1.2326959924088323,1.2388749067840819,0.4050808693495742
public_input,high g,1.4,2,2.135289665924415,1.2,0.7273600012002415,0.3426641967372317,0.39980239699980014,1.2404423779717273,1.2466601212661959,0.4785223538715364
public_input,high g,1.4,2,2.168434290961828,1.2,0.7276934471291363,0.3424452687955679,0.3989724224992118,1.2476765516335633,1.2539305563744123,0.5527532944504565
public_input,high g,1.4,2,2.2022723964464688,1.2,0.7275382084130371,0.34264457479867344,0.39957968723035436,1.2554340687928378,1.2617269582502648,0.6273585876425694
public_input,high g,1.4,2,2.23682034809129,1.2,0.7277180529467009,0.34261150145571445,0.39932483235485955,1.2630329481816642,1.2693639271805357,0.7027825207211271
public_input,high g,1.4,2,2.2720949421281498,1.2,0.7277045353684654,0.34262624458535407,0.3993717873511179,1.2708325697845206,1.2772026445493718,0.7785751188820118
public_input,high g,1.4,2,2.308113417565749,1.2,0.7278662554446644,0.34260830646606627,0.39916938362037396,1.278652240565099,1.2850615115928516,0.8552035948546073
public_input,high g,1.4,2,2.344893468821764,1.2,0.7279097343648195,0.34260362588922855,0.3991152891519509,1.2866282251147076,1.2930774759313892,0.9321996282000109
public_input,high g,1.4,2,2.382453258741261,1.2,0.7280150844229295,0.34250649694734014,0.39878965065363803,1.2946314177334273,1.301120784720052,1.0100462842412652
public_input,high g,1.4,2,2.4208114320139376,1.2,0.7280496234693699,0.3425883109456455,0.3989406657553543,1.302879096725116,1.3094098053747283,1.0882582769267386
public_input,high g,1.4,2,2.4599871290031343,1.2,0.7284840064330084,0.34254040024296073,0.3983976213180266,1.3110075871480837,1.3175790400254965,1.167316530486529
public_input,high g,1.4,2,2.5,1.2,0.7286361702656546,0.34252164091127185,0.39820291132110996,1.3193703261299523,1.3259836974109536,1.2467723108094435
public_input,high g,1.4,3,0.5,1.2,0.5445612897856442,0.3747459483794286,0.7363076459888562,0.8414562721271829,0.8456740892434943,-9.13573695316122
public_input,high g,1.4,3,0.5000203210855501,1.2,0.5445617842051464,0.37474592279624025,0.7363070880207141,0.8414669766665404,0.8456848474395786,-9.135260118244744
public_input,high g,1.4,3,0.5000812892976928,1.2,0.5445632027502391,0.37474577302964696,0.7363052974554037,0.8414990867313087,0.8457171184567163,-9.133829597497908
public_input,high g,1.4,3,0.5001829195049198,1.2,0.5445655892386556,0.3747455236311893,0.7363022914612185,0.8415526040469852,0.845770904029054,-9.13144534299117
public_input,high g,1.4,3,0.5003252364947652,1.2,0.5445689161509715,0.3747451870736648,0.7362981285400116,0.84162754127033,0.8458462168767941,-9.128107274845668
public_input,high g,1.4,3,0.5005082749838822,1.2,0.5445732378432395,0.37474475358516496,0.7362927300623099,0.8417238963014333,0.8459430548895006,-9.12381528119975
public_input,high g,1.4,3,0.500732079632158,1.2,0.5445785053436614,0.3747442204648008,0.7362861382909036,0.8418416867711314,0.846061435786385,-9.118569218250435
public_input,high g,1.4,3,0.5009967050608752,1.2,0.5445847203429428,0.37474360892563036,0.7362784042283228,0.841980929680179,0.8462013766534188,-9.112368910229216
public_input,high g,1.4,3,0.5013022158749305,1.2,0.544591910493734,0.3747428617619053,0.7362693581228386,0.842141624574763,0.846362877034514,-9.105214149357675
public_input,high g,1.4,3,0.5016486866891229,1.2,0.5446000268587377,0.37474205636078417,0.7362592411414501,0.8423238123385034,0.8465459780182204,-9.097104695949628
public_input,high g,1.4,3,0.502036202158526,1.2,0.5446091367519172,0.3747411409182969,0.7362478572891322,0.8425274922255491,0.8467506788549486,-9.088040278258056
public_input,high g,1.4,3,0.502464857012963,1.2,0.5446191861703187,0.37474013728509487,0.7362353148458567,0.8427526994572588,0.846977014942605,-9.078020592594406
public_input,high g,1.4,3,0.5029347560956027,1.2,0.5446301819016706,0.3747390209096376,0.7362215460378689,0.8429994528893933,0.847225005231465,-9.06704530323662
public_input,high g,1.4,3,0.5034460144056994,1.2,0.5446421506803091,0.37473778472090574,0.7362065065664206,0.8432677742073402,0.8474946715156151,-9.05511404245363
public_input,high g,1.4,3,0.5039987571454999,1.2,0.544655099038204,0.3747365343901352,0.7361904523868916,0.8435577133822509,0.8477860640166881,-9.042226410541332
public_input,high g,1.4,3,0.5045931197713469,1.2,0.5446689634768445,0.374735108709583,0.7361730465577596,0.8438692797142159,0.8480991920813912,-9.028381975657338
public_input,high g,1.4,3,0.5052292480490046,1.2,0.5446838239214832,0.3747336204215045,0.7361544892055337,0.8442025180689819,0.8484341008003617,-9.013580274001988
public_input,high g,1.4,3,0.5059072981132409,1.2,0.5446996663327491,0.37473201939117073,0.7361346698349188,0.8445574573479973,0.848790819219917,-8.997820809658727
public_input,high g,1.4,3,0.5066274365316988,1.2,0.5447164099928465,0.37473032850088095,0.7361137260033415,0.8449341539580383,0.8491694040295733,-8.98110305467484
public_input,high g,1.4,3,0.507389840373095,1.2,0.5447341446090853,0.37472854067961586,0.7360915504390803,0.8453326343066501,0.8495698817692445,-8.963426448961268
public_input,high g,1.4,3,0.5081946972797818,1.2,0.5447528628845966,0.37472666569928387,0.7360681747124245,0.8457529456584768,0.8499922999404897,-8.944790400341216
public_input,high g,1.4,3,0.5090422055447187,1.2,0.5447724673890377,0.37472466113376895,0.736043590867244,0.8461951411314244,0.8504367119274694,-8.925194284502055
public_input,high g,1.4,3,0.5099325741928927,1.2,0.5447930955191658,0.3747226054018773,0.7360178562990973,0.8466592643889123,0.8509031616124668,-8.904637444994021
public_input,high g,1.4,3,0.5108660230672385,1.2,0.5448147445050244,0.37472042985671106,0.7359908032590456,0.8471453534829428,0.8513916872382209,-8.88311919316115
public_input,high g,1.4,3,0.5118427829191048,1.2,0.5448372564302522,0.37471816278234754,0.7359626599210991,0.8476534926713606,0.8519023734849199,-8.860638808226604
public_input,high g,1.4,3,0.5128630955033207,1.2,0.544860795465774,0.3747157748630616,0.7359331892940708,0.8481837070465246,0.8524352455706993,-8.837195537123845
public_input,high g,1.4,3,0.5139272136779165,1.2,0.544885257915257,0.37471332973802757,0.7359026531540032,0.8487360846515567,0.852990391979999,-8.812788594638665
public_input,high g,1.4,3,0.5150354015085564,1.2,0.5449107400766252,0.3747107620988297,0.7358707929768674,0.8493106588051937,0.8535678461985664,-8.787417163211707
public_input,high g,1.4,3,0.5161879343777439,1.2,0.5449371596754197,0.37470810459967596,0.7358377721501753,0.8499075130011042,0.8541676921385839,-8.761080393074764
public_input,high g,1.4,3,0.5173850990988615,1.2,0.54496452885891,0.37470532291711733,0.7358034932672093,0.850526704993835,0.8547899878440943,-8.733777402108766
public_input,high g,1.4,3,0.5186271940351138,1.2,0.5449929343763054,0.37470249880844253,0.7357680726638658,0.8511683070954384,0.8554348059896154,-8.705507275898515
public_input,high g,1.4,3,0.5199145292234401,1.2,0.545022264016786,0.3746995091218946,0.735731316642,0.85183238345788,0.856102211048676,-8.676269067615896
public_input,high g,1.4,3,0.5212474265034702,1.2,0.5450526026827407,0.37469648948202794,0.7356934771906165,0.8525190228308176,0.8567922922157933,-8.646061798120488
public_input,high g,1.4,3,0.5226262196515982,1.2,0.5450838627821717,0.3746933015633991,0.7356542983013115,0.8532282876261296,0.8575051122156866,-8.614884455768067
public_input,high g,1.4,3,0.5240512545202515,1.2,0.5451161201533907,0.3746900493680026,0.7356139624767275,0.8539602668041312,0.8582407604545866,-8.582735996541437
public_input,high g,1.4,3,0.5255228891824385,1.2,0.5451493474564416,0.37468670898189144,0.7355724376545766,0.854715041978204,0.8589993189549637,-8.549615343908401
public_input,high g,1.4,3,0.5270414940816569,1.2,0.5451835993796521,0.3746832874760848,0.7355296867109424,0.8554926909245205,0.8597808658828447,-8.515521388825395
public_input,high g,1.4,3,0.5286074521872524,1.2,0.5452187863575224,0.3746797303457237,0.735485663821255,0.8562933040545457,0.8605854921028846,-8.480452989704217
public_input,high g,1.4,3,0.5302211591553182,1.2,0.5452549552219788,0.3746760762843873,0.7354404182684391,0.8571169722108682,0.8614132889130219,-8.44440897239541
public_input,high g,1.4,3,0.5318830234952302,1.2,0.5452921592399398,0.3746723465051337,0.7353939494788122,0.8579637843618351,0.8622643457275595,-8.407388130129508
public_input,high g,1.4,3,0.5335934667419154,1.2,0.545330213461662,0.3746684800696777,0.735346291031417,0.8588338527287388,0.8631387753303015,-8.369389223495155
public_input,high g,1.4,3,0.5353529236339561,1.2,0.5453693681659622,0.3746645449873237,0.7352973615825498,0.8597272504651511,0.8640366512415032,-8.330410980377845
public_input,high g,1.4,3,0.537161842297634,1.2,0.5454095174478252,0.3746605032020861,0.7352471725061566,0.8606440876137684,0.8649580840554526,-8.290452095957374
public_input,high g,1.4,3,0.5390206844370244,1.2,0.5454505683857811,0.3746563601157429,0.7351958301417241,0.8615844839564702,0.8659031941544383,-8.249511232669668
public_input,high g,1.4,3,0.5409299255302531,1.2,0.545492675131138,0.3746521386105933,0.7351432371775757,0.8625485268347093,0.866872069317714,-8.207587020117739
public_input,high g,1.4,3,0.5428900550320312,1.2,0.5455357467656506,0.37464777878000016,0.7350893357238696,0.8635363279337643,0.8678648217903829,-8.164678055072368
public_input,high g,1.4,3,0.5449015765825912,1.2,0.5455797959196858,0.374643326388562,0.735034226829502,0.8645480073010001,0.86888157222155,-8.120782901450914
public_input,high g,1.4,3,0.5469650082231464,1.2,0.5456248791429015,0.37463881409048655,0.7349779350578669,0.8655836782636745,0.8699224345065285,-8.075900090235995
public_input,high g,1.4,3,0.5490808826180046,1.2,0.5456709189564559,0.3746341520258179,0.7349203146756755,0.866643452904267,0.870987521289613,-8.030028119417654
public_input,high g,1.4,3,0.5512497472834679,1.2,0.5457179745072769,0.3746294186133622,0.7348615013283146,0.8677274594709486,0.872076961461822,-7.983165454024389
public_input,high g,1.4,3,0.5534721648236569,1.2,0.545766058985597,0.3746245784980228,0.7348013940034914,0.86883581289923,0.8731908705347821,-7.935310525992881
public_input,high g,1.4,3,0.5557487131734017,1.2,0.5458150646338732,0.3746196212702979,0.7347400746015466,0.8699686554688898,0.8743293915014527,-7.886461734192062
public_input,high g,1.4,3,0.5580799858483445,1.2,0.5458651358864294,0.3746145812536364,0.7346774839476032,0.8711261017939945,0.8754926395504057,-7.836617444323422
public_input,high g,1.4,3,0.5604665922024078,1.2,0.5459161465180937,0.37460943183320206,0.73461368215558,0.8723082998496536,0.8766807633984787,-7.785775988916911
public_input,high g,1.4,3,0.5629091576927818,1.2,0.5459682824233676,0.37460421376586983,0.7345485845710529,0.8735153651107207,0.8778938790993455,-7.73393566723934
public_input,high g,1.4,3,0.5654083241525933,1.2,0.5460213442748576,0.37459883886092504,0.7344821714556802,0.8747474505826843,0.8791321404254381,-7.6810947452804585
public_input,high g,1.4,3,0.5679647500714233,1.2,0.5460753589594586,0.3745933855371739,0.7344146107148811,0.8760047112081781,0.8803957030960428,-7.627251455723213
public_input,high g,1.4,3,0.5705791108838415,1.2,0.5461304684507571,0.3745878352824475,0.7343457143908423,0.8772872664925738,0.8816846872155548,-7.572403997804223
public_input,high g,1.4,3,0.5732520992661372,1.2,0.5461865785134227,0.3745821766555962,0.734275548299078,0.878595278322191,0.8829992554817522,-7.516550537362553
public_input,high g,1.4,3,0.5759844254414287,1.2,0.5462437148231357,0.3745764608229965,0.7342042138611874,0.8799289058314486,0.8843395678267187,-7.4596892067515865
public_input,high g,1.4,3,0.578776817493336,1.2,0.5463018384841707,0.3745706012631752,0.7341315350535562,0.8812882928985292,0.8857057688498291,-7.401818104735375
public_input,high g,1.4,3,0.5816300216884137,1.2,0.546360965981521,0.37456461481905995,0.7340575372290239,0.8826735995258369,0.8870980193555028,-7.342935296512827
public_input,high g,1.4,3,0.5845448028075416,1.2,0.5464211655429905,0.374558564098177,0.733982307676881,0.8840849904109349,0.8885164848668531,-7.283038813640481
public_input,high g,1.4,3,0.5875219444864789,1.2,0.5464823665570346,0.37455242081644907,0.7339058467510247,0.8855226368486427,0.8899613375373184,-7.2221266539527935
public_input,high g,1.4,3,0.5905622495657936,1.2,0.5465445216123607,0.37454608907454867,0.733827963648818,0.8869866955576835,0.8914327348711776,-7.160196781489619
public_input,high g,1.4,3,0.5936665404503856,1.2,0.54660784003065,0.3745397377888315,0.7337488686368072,0.8884773412662352,0.8929308524724375,-7.097247126534547
public_input,high g,1.4,3,0.5968356594788269,1.2,0.546674244242588,0.37452422461316753,0.7336439296965198,0.8899924993862859,0.8944536053541701,-7.033275586496147
public_input,high g,1.4,3,0.600070469302753,1.2,0.546739541569055,0.37451765491395916,0.7335623132372193,0.8915368663098853,0.8960057134491887,-6.968280021708026
public_input,high g,1.4,3,0.6033718532765401,1.2,0.5468059058831518,0.3745109970240361,0.7334794107245537,0.8931083609079429,0.8975850851966994,-6.902258261656585
public_input,high g,1.4,3,0.6067407158575169,1.2,0.546873297190339,0.3745042449040268,0.7333952471512635,0.8947071755158914,0.8991919138962206,-6.835208100716472
public_input,high g,1.4,3,0.6101779830169621,1.2,0.5469416977108829,0.37449734738755447,0.7333097131998022,0.8963334929358711,0.900826383266192,-6.767127299177802
public_input,high g,1.4,3,0.6136846026621482,1.2,0.5470111540412217,0.37449036708214556,0.7332229177908276,0.8979875134906729,0.9024886946335265,-6.698013583099397
public_input,high g,1.4,3,0.6172615450697004,1.2,0.5470816769687207,0.3744832898457613,0.7331348150081501,0.8996694307283242,0.9041790425164153,-6.6278646443366815
public_input,high g,1.4,3,0.6209098033305457,1.2,0.5471532281825899,0.3744761042372522,0.7330454147427443,0.9013794506046429,0.9058976339030342,-6.556678140428104
public_input,high g,1.4,3,0.6246303938067362,1.2,0.5472258298312624,0.3744687934136903,0.7329546530083442,0.9031177719049814,0.907644668575151,-6.4844516945623285
public_input,high g,1.4,3,0.6284243566004422,1.2,0.5472995144784082,0.3744614068722112,0.7328626201921641,0.9048846098711726,0.9094203628535028,-6.411182895459168
public_input,high g,1.4,3,0.6322927560354111,1.2,0.5473741822382818,0.3744538732650279,0.7327692389520473,0.9066801794566123,0.9112249327689441,-6.336869297381706
public_input,high g,1.4,3,0.6362366811512086,1.2,0.547449984404967,0.37444629016070907,0.7326746003542342,0.9085046947915292,0.9130585935250355,-6.261508419989928
public_input,high g,1.4,3,0.6402572462105554,1.2,0.5475268191462686,0.37443854854953645,0.7325785354507799,0.9103583710823488,0.9149215614069296,-6.185097748376769
public_input,high g,1.4,3,0.6443555912200942,1.2,0.547604677614322,0.37443072414942724,0.7324812411728552,0.9122414523294285,0.9168140816380402,-6.1076347328513005
public_input,high g,1.4,3,0.6485328824649206,1.2,0.5476836893726182,0.3744227886763039,0.7323825176993206,0.9141541413198296,0.9187363580219032,-6.029116789052571
public_input,high g,1.4,3,0.652790313057229,1.2,0.5477637340281158,0.37441476501246596,0.7322825422628494,0.9160966974908368,0.9206886512962381,-5.9495412976973245
public_input,high g,1.4,3,0.6571291034994325,1.2,0.547844787861296,0.37440658284177414,0.7321811639176707,0.918069348349185,0.922671190108162,-5.868905604677872
public_input,high g,1.4,3,0.6615505022621248,1.2,0.5479270235093423,0.3743983680168746,0.7320785226445741,0.9200723358832344,0.9246842176590071,-5.78720702084577
public_input,high g,1.4,3,0.6660557863772645,1.2,0.5480102657011332,0.3743899919842322,0.7319744743876995,0.9221059087742584,0.9267279838765664,-5.704442822076981
public_input,high g,1.4,3,0.6706462620469753,1.2,0.5480945815434202,0.37438150320933455,0.7318690724285666,0.9241703185421764,0.9288027415415083,-5.620610249087428
public_input,high g,1.4,3,0.6753232652683625,1.2,0.5481800240150992,0.3743729376848718,0.7317623531941221,0.9262658208658577,0.9309087476142982,-5.535706507411765
public_input,high g,1.4,3,0.6800881624747613,1.2,0.5482665202563901,0.3743642365358545,0.7316542432986723,0.9283926762109784,0.9330462638662013,-5.449728767352342
public_input,high g,1.4,3,0.6849423511938463,1.2,0.5483540734080281,0.3743554243138231,0.7315448005875085,0.9305511553564806,0.9352155624334447,-5.3626741638503415
public_input,high g,1.4,3,0.6898872607230374,1.2,0.5484427999206958,0.3743465293028552,0.7314339788675965,0.9327415155934394,0.9374169018967811,-5.274539796466878
public_input,high g,1.4,3,0.6949243528226603,1.2,0.548532606192039,0.374337516147854,0.7313217839192301,0.9349640402345615,0.9396505669890272,-5.185322729272444
public_input,high g,1.4,3,0.7000551224273222,1.2,0.5486234669374145,0.37432837443931755,0.7312082151698501,0.9372190115120895,0.9419168413571213,-5.095019990786001
public_input,high g,1.4,3,0.7052810983759861,1.2,0.5487154480681472,0.374319137469047,0.7310932894049652,0.9395067108959583,0.9442160078818715,-5.0036285738940585
public_input,high g,1.4,3,0.7106038441612367,1.2,0.5488085250452346,0.374309767575111,0.7309769376113409,0.9418274243430541,0.9465483539535297,-4.911145435798542
public_input,high g,1.4,3,0.7160249586982449,1.2,0.5489027784071641,0.37430030949046017,0.7308591903671386,0.9441814434185952,0.9489141725987904,-4.817567497897836
public_input,high g,1.4,3,0.7215460771139571,1.2,0.548998060441811,0.3742907103794768,0.7307400641408093,0.9465690818457401,0.951313779113356,-4.7228916457363255
public_input,high g,1.4,3,0.7271688715570458,1.2,0.5490945066203725,0.37428104262159545,0.7306196032516703,0.9489906384524054,0.9537474738230244,-4.627114728917059
public_input,high g,1.4,3,0.7328950520291776,1.2,0.5491920811640016,0.3742712409084009,0.730497681252466,0.9514464156076615,0.9562155606124972,-4.530233561068834
public_input,high g,1.4,3,0.7387263672381705,1.2,0.5492907999681781,0.3742613466343612,0.730374385071575,0.953936736234191,0.9587183640231138,-4.43224491968109
public_input,high g,1.4,3,0.7446646054736273,1.2,0.5493905394625096,0.37425129115257877,0.7302496677604959,0.9564619278475435,0.9612562132121022,-4.333145546103095
public_input,high g,1.4,3,0.7507115955056528,1.2,0.5494914345215788,0.37424114581084034,0.7301235716725484,0.9590223107834961,0.9638294301209294,-4.232932145414867
public_input,high g,1.4,3,0.7568692075072764,1.2,0.5495935119117294,0.37423088772684654,0.7299960132017571,0.9616182081865441,0.9664383395138592,-4.131601386394907
public_input,high g,1.4,3,0.7631393540012239,1.2,0.5496967298751958,0.37422051856983884,0.7298670382522836,0.9642499663066939,0.9690832893764829,-4.029149901383401
public_input,high g,1.4,3,0.7695239908317001,1.2,0.5498010693852718,0.3742100241977784,0.7297366307220096,0.9669179297040101,0.9717646259959803,-3.9255742862439553
public_input,high g,1.4,3,0.7760251181618615,1.2,0.5499065498514644,0.37419943122550137,0.7296048373126809,0.9696224514954146,0.974482704259279,-3.8208711002549665
public_input,high g,1.4,3,0.7826447814976824,1.2,0.5500132234990158,0.3741887325819884,0.7294715882346432,0.9723638773379139,0.9772378715559983,-3.7150368660674262
public_input,high g,1.4,3,0.7893850727389358,1.2,0.5501210050644234,0.3741778902112538,0.7293368742203308,0.97514257577177,0.9800304982737162,-3.6080680695840615
public_input,high g,1.4,3,0.7962481312580323,1.2,0.5502299893364411,0.37416695798056326,0.7292007342872777,0.9779589112498289,0.9828609506921058,-3.4999611598800615
public_input,high g,1.4,3,0.8032361450074849,1.2,0.5503400662308173,0.37415588742442907,0.7290631581314642,0.9808132667546632,0.9857296137134482,-3.390712549141405
public_input,high g,1.4,3,0.8103513516567865,1.2,0.5504513573925311,0.3741447041260396,0.728924087656551,0.9837060080873695,0.9886368549724256,-3.2803186125814587
public_input,high g,1.4,3,0.8175960397595149,1.2,0.5505638004709723,0.37413339394335626,0.7287835500843245,0.9866375306229298,0.9915830718258453,-3.1687756883289784
public_input,high g,1.4,3,0.8249725499515008,1.2,0.5506774152139753,0.37412196561663946,0.728641547377757,0.9896082271931909,0.9945686590746317,-3.056080077368325
public_input,high g,1.4,3,0.8324832761809209,1.2,0.5507921754051828,0.3741104289177978,0.7284981300266267,0.9926185057052849,0.9975940266705602,-2.9422280434395574
public_input,high g,1.4,3,0.8401306669712053,1.2,0.5509081777369218,0.3740987821775899,0.7283531971922113,0.9956687563497377,1.0006595667599947,-2.8272158129968066
public_input,high g,1.4,3,0.8479172267176741,1.2,0.5510253121394384,0.3740869987811796,0.7282067928330116,0.9987594070704634,1.0037657094319272,-2.7110395750607346
public_input,high g,1.4,3,0.8558455170188431,1.2,0.5511436949440328,0.3740751140836637,0.7280588884397877,1.00189086707712,1.0069128659471878,-2.593695481179554
public_input,high g,1.4,3,0.8639181580433734,1.2,0.5512632028284083,0.3740630998009648,0.727909537077188,1.0050635805097552,1.0101014826720847,-2.4751796453120467
public_input,high g,1.4,3,0.8721378299336601,1.2,0.5513839447253466,0.37405095696473073,0.7277586323750442,1.008277964073959,1.0133319784009542,-2.3554881437920243
public_input,high g,1.4,3,0.8805072742470966,1.2,0.5515058954144347,0.3740387030554826,0.7276062429753838,1.011534469766945,1.016604807396655,-2.2346170151736597
public_input,high g,1.4,3,0.88902929543607,1.2,0.5516290588279487,0.3740263424433508,0.7274523758013347,1.0148335487525841,1.0199204230845267,-2.112562260194447
public_input,high g,1.4,3,0.8977067623677852,1.2,0.5517534234395807,0.37401383309627356,0.7272969379715628,1.018175651475132,1.0232792781666853,-1.9893198416977529
public_input,high g,1.4,3,0.9065426098850453,1.2,0.551879044241275,0.3740012328575925,0.7271400181769846,1.0215612479484812,1.0266818450129789,-1.8648856844881467
public_input,high g,1.4,3,0.9155398404091444,1.2,0.5520058185217819,0.37398850136448725,0.7269816188676043,1.024990821180647,1.03012860905251,-1.7392556753006025
public_input,high g,1.4,3,0.9247015255860773,1.2,0.5521337960257064,0.37397560596275,0.7268216091857644,1.0284648362228879,1.0336200376676155,-1.6124256627235778
public_input,high g,1.4,3,0.9340308079772923,1.2,0.5522630890762437,0.3739626277720762,0.7266600783095933,1.0319837822070046,1.037156622441881,-1.4843914570405607
public_input,high g,1.4,3,0.9435309027962627,1.2,0.5523935597953769,0.3739495253979974,0.7264970612932486,1.0355481727518656,1.040738879568699,-1.3551488301991825
public_input,high g,1.4,3,0.9532050996921831,1.2,0.5525252421971591,0.37393626078452796,0.726332429591608,1.0391584991192926,1.0443673027723521,-1.2246935157467973
public_input,high g,1.4,3,0.9630567645821445,1.2,0.5526582468114649,0.3739229133821219,0.7261662700297256,1.0428152755791535,1.048042408900496,-1.0930212086672972
public_input,high g,1.4,3,0.9730893415331738,1.2,0.5527924225574701,0.3739094303551613,0.7259986024447502,1.0465190411595116,1.051764739683084,-0.9601275653512893
public_input,high g,1.4,3,0.9833063546955787,1.2,0.5529279339950275,0.3738958379244279,0.7258293274092513,1.050270304590037,1.0555348063998042,-0.8260082035192726
public_input,high g,1.4,3,0.9937114102890687,1.2,0.5530646389328975,0.3738820499625027,0.725658373173959,1.0540696128300118,1.0593531587515832,-0.6906587021058395
public_input,high g,1.4,3,1.0043081986431819,1.2,0.5532026496423507,0.3738682020939401,0.7254859643589963,1.057917529431267,1.0632203631150674,-0.5540746011200963
public_input,high g,1.4,3,1.0151004962935855,1.2,0.5533419077617692,0.3738542186008231,0.725311971242675,1.061814606838139,1.0671369747037323,-0.4162514016871848
public_input,high g,1.4,3,1.0260921681358672,1.2,0.5534824040183661,0.3738400728683152,0.7251363369865287,1.065761409877298,1.071103561175453,-0.2771845658770631
public_input,high g,1.4,3,1.037287169638491,1.2,0.553624220041576,0.37382582146457155,0.7249591204764194,1.0697585166235952,1.0751207035026928,-0.13686951661016078
public_input,high g,1.4,3,1.0486895491166357,1.2,0.5537672685319495,0.37381142903449516,0.7247803211897363,1.0738065238837002,1.0791890014836283,0.004698362395076483
public_input,high g,1.4,3,1.0603034500686892,1.2,0.5539116365085083,0.3737968955780861,0.7245998521074574,1.0779060142547587,1.0833090406356847,0.14752372670363423
public_input,high g,1.4,3,1.0721331135772334,1.2,0.5540573619328447,0.37378229784490946,0.7244178659139103,1.0820576091330045,1.0874814454698571,0.2916112713125636
public_input,high g,1.4,3,1.0841828807763967,1.2,0.5542042745323229,0.37376749750952165,0.7242341892813285,1.0862619256053867,1.091706836166257,0.43696573062897315
public_input,high g,1.4,3,1.0964571953875313,1.2,0.5543525653410637,0.37375263019647714,0.7240489680669853,1.0905195916851922,1.0959858438861,0.5835918786787926
public_input,high g,1.4,3,1.1089606063252093,1.2,0.5545021940528869,0.37373761915621095,0.723862051931141,1.0948312363038728,1.10031910071337,0.7314945290758947
public_input,high g,1.4,3,1.1216977703756155,1.2,0.5546530745982663,0.3737224125847528,0.7236733982622594,1.099197514404423,1.104707264873977,0.8806785351842121
public_input,high g,1.4,3,1.1346734549494641,1.2,0.5548052511416499,0.3737071047121892,0.7234831969634279,1.1036191044673656,1.1091510182493418,1.0311487902251968
public_input,high g,1.4,3,1.147892540911644,1.2,0.5549588561200078,0.37369169283763093,0.7232913088886672,1.1080966541452328,1.1136510117383684,1.1829102272586094
public_input,high g,1.4,3,1.1613600254898573,1.2,0.5551136252832282,0.37367610998342127,0.72309783191559,1.1126308831685605,1.1182079686792568,1.3359678193724616
public_input,high g,1.4,3,1.1750810252645967,1.2,0.5552699070957906,0.37366043289912537,0.7229026082256368,1.117222440594615,1.1228225413826864,1.4903265796761551
public_input,high g,1.4,3,1.189060779242872,1.2,0.5554274217652979,0.37364456362212006,0.7227056742720481,1.1218720648079956,1.127495471934425,1.645991561467596
public_input,high g,1.4,3,1.2033046520181812,1.2,0.5555863858347262,0.3736286256982169,0.7225071203996444,1.1265804668203365,1.1322274749100674,1.8029678582902022
public_input,high g,1.4,3,1.217818137019287,1.2,0.5557466062480734,0.37361254070860955,0.7223069448721124,1.1313483978609358,1.1370193053044637,1.9612606039902585
public_input,high g,1.4,3,1.2326068598504607,1.2,0.5559081592751052,0.37359627059731215,0.7221049768886179,1.1361765790028646,1.1418716878050792,2.120874972785987
public_input,high g,1.4,3,1.247676581725918,1.2,0.5560711681879903,0.3735798921138898,0.7219012838229119,1.1410657649446618,1.1467853808933954,2.2818161794233394
public_input,high g,1.4,3,1.2630332030012734,1.2,0.5562355034451536,0.37356336823400454,0.7216959032481136,1.1460167437385658,1.1517611765717781,2.444089479209205
public_input,high g,1.4,3,1.2786827668049243,1.2,0.556401183933263,0.37354668751650666,0.7214887878577394,1.1510302939143962,1.1567998572724447,2.607700168083617
public_input,high g,1.4,3,1.294631462772364,1.2,0.5565682876404148,0.37352992130918306,0.7212800368915957,1.156107217808867,1.1619022293538381,2.772653582741348
public_input,high g,1.4,3,1.31088563088653,1.2,0.5567368132885548,0.3735129841222081,0.72106943927101,1.1612483052681244,1.167069086621225,2.9389551006325343
public_input,high g,1.4,3,1.3274517654273796,1.2,0.5569067004512167,0.37349589279850975,0.7208570972602812,1.1664543997009196,1.1723012767109606,3.1066101401511688
public_input,high g,1.4,3,1.3443365190339982,1.2,0.5570779241432211,0.37347867459051737,0.7206431035396239,1.1717263546863226,1.1775996574806977,3.275624160657888
public_input,high g,1.4,3,1.3615467068826452,1.2,0.5572506183002244,0.3734613109860621,0.7204272781891536,1.1770649933996131,1.1829650562318996,3.446002662513691
public_input,high g,1.4,3,1.3790893109842512,1.2,0.5574247252963738,0.3734438003159026,0.720209674688328,1.1824711975198394,1.1883983590630487,3.6177511872447083
public_input,high g,1.4,3,1.3969714846049992,1.2,0.557600245686009,0.37342616006056,0.719990335904422,1.187945857294232,1.1939004606837584,3.7908753175777234
public_input,high g,1.4,3,1.4152005568137338,1.2,0.5577771613582507,0.37340836026671576,0.719769205544271,1.1934898691961835,1.1994722620610132,3.965380677501516
public_input,high g,1.4,3,1.4337840371600625,1.2,0.5579555942651961,0.3733904820540652,0.7195463631571017,1.1991041470770536,1.2051146816268719,4.141272932382792
public_input,high g,1.4,3,1.4527296204871472,1.2,0.5581353734184009,0.37337236691575454,0.7193215860003332,1.2047896150920996,1.2108286481689385,4.318557788967848
public_input,high g,1.4,3,1.4720451918832933,1.2,0.5583166938455217,0.3733541706577485,0.7190950660683255,1.2105472249151852,1.2166151181313627,4.497240995576313
public_input,high g,1.4,3,1.4917388317766058,1.2,0.5584993764241133,0.3733358104911105,0.718866776835805,1.2163779566243074,1.2224750765048025,4.677328342069043
public_input,high g,1.4,3,1.5118188211770927,1.2,0.5586835128715455,0.37331728204571024,0.7186366157299986,1.222282772258801,1.228409490150835,4.858825659945422
public_input,high g,1.4,3,1.5322936470707536,1.2,0.5588690918150294,0.3732985984319386,0.7184046266899058,1.2282626777594916,1.234419370052585,5.041738822450717
public_input,high g,1.4,3,1.5531720079703377,1.2,0.5590562666898733,0.37327983035998913,0.7181708319243394,1.2343186780309703,1.240505726151749,5.226073744620061
public_input,high g,1.4,3,1.5744628196276003,1.2,0.5592448765911993,0.37326087279621933,0.7179351314346094,1.2404518127621267,1.2466696033486788,5.411836383331746
public_input,high g,1.4,3,1.5961752209120554,1.2,0.559434892556488,0.37324174695368734,0.7176976068764711,1.246663148003992,1.2529120730380086,5.599032737425267
public_input,high g,1.4,3,1.618318579861377,1.2,0.5596264721896569,0.37322249152597226,0.717458196760858,1.2529537333460716,1.2592341900703332,5.787668847717292
public_input,high g,1.4,3,1.6409024999087747,1.2,0.5598195073861156,0.37320307759140336,0.7172169373509301,1.2593246751633298,1.2656370663663445,5.977750797106813
public_input,high g,1.4,3,1.6639368262928396,1.2,0.5600140431132352,0.3731835340716515,0.7169738555207468,1.2657770829829835,1.2721218170147877,6.169284710623945
public_input,high g,1.4,3,1.6874316526555453,1.2,0.5602101331726332,0.3731638125012289,0.7167287770804192,1.2723120614010206,1.278689552148461,6.362276755465459
public_input,high g,1.4,3,1.7113973278342638,1.2,0.5604076612317195,0.37314393949497177,0.7164818844737904,1.2789307944619608,1.2853414617469316,6.55673314114412
public_input,high g,1.4,3,1.7358444628538618,1.2,0.5606068031952762,0.3731239298325123,0.7162330385086841,1.2856344191414824,1.2920786884849929,6.752660119447171
public_input,high g,1.4,3,1.7607839381251333,1.2,0.5608074540194077,0.373103777474479,0.7159823292271981,1.2924241491141655,1.2989024521207937,6.9500639845815275
public_input,high g,1.4,3,1.7862269108560356,1.2,0.5610096109788162,0.373083431254495,0.7157296322573493,1.2993011834396977,1.3058139577243335,7.148951073166886
public_input,high g,1.4,3,1.8121848226824113,1.2,0.5612133663524287,0.373062973961497,0.7154750609679296,1.3062667617971158,1.312814451188566,7.349327764362245
public_input,high g,1.4,3,1.8386694075250942,1.2,0.561418615142103,0.37304229992424914,0.7152184578697318,1.3133221336525762,1.319905188242623,7.551200479847754
public_input,high g,1.4,3,1.8656926996805347,1.2,0.5616255514054118,0.3730211324918641,0.7149589417043782,1.3204684511344016,1.327087326789894,7.754575683807042
public_input,high g,1.4,3,1.8932670421523103,1.2,0.5618339594576007,0.3730001703625794,0.7146984637230462,1.3277072789303668,1.334362439361184,7.959459883536161
public_input,high g,1.4,3,1.921405095231136,1.2,0.5620439466744349,0.3729790769788704,0.714436080541079,1.3350398181508198,1.3417317330874317,8.165859628607683
public_input,high g,1.4,3,1.9501198453312445,1.2,0.5622554897180372,0.37295778266219143,0.7141716424148461,1.3424674040904452,1.3491965499565148,8.37378151149383
public_input,high g,1.4,3,1.979424614091259,1.2,0.5624687008859911,0.3729363702014791,0.7139052426944826,1.3499914123865393,1.3567582725011393,8.583232167534321
public_input,high g,1.4,3,2.009333067747975,1.2,0.5626834196552583,0.37291476657970524,0.7136368605287294,1.3576132584770186,1.364418323254134,8.794218274927388
public_input,high g,1.4,3,2.0398592267917226,1.2,0.5628997831336364,0.3728930061203187,0.7133664440692351,1.3653343479695315,1.3721781148687855,9.006746554790897
public_input,high g,1.4,3,2.071017475912293,1.2,0.5631177557969111,0.37287108715407846,0.7130940246938196,1.3731561413343782,1.3800391151360316,9.220823771226328
public_input,high g,1.4,3,2.1028225742447084,1.2,0.5633373249170941,0.37284902446061635,0.7128196518430767,1.3810801257369578,1.3880028186757187,9.436456731352468
public_input,high g,1.4,3,2.135289665924415,1.2,0.5635584878391016,0.37282675209392374,0.7125431643622049,1.3891077876028282,1.396070719364144,9.653652285312393
public_input,high g,1.4,3,2.168434290961828,1.2,0.5637814687329796,0.37280439423740547,0.7122646465527354,1.3972406477536155,1.4042443456460836,9.87241732638575
public_input,high g,1.4,3,2.2022723964464688,1.2,0.5640059201158221,0.37278180112446824,0.7119840738773568,1.4054803035031993,1.4125253028419864,10.09275879097208
public_input,high g,1.4,3,2.23682034809129,1.2,0.5642320817057647,0.3727590626150681,0.7117014298300643,1.4138283183478157,1.4209151622851461,10.314683658647105
public_input,high g,1.4,3,2.2720949421281498,1.2,0.5644598610474927,0.3727361302437174,0.711416686477901,1.4222863199514908,1.4294155597982883,10.538198952194874
public_input,high g,1.4,3,2.308113417565749,1.2,0.5646893714343009,0.3727130753582029,0.7111299077554751,1.4308559555944766,1.4380281509186923,10.76331173765724
public_input,high g,1.4,3,2.344893468821764,1.2,0.5649205206967134,0.3726898363826463,0.7108410328777797,1.4395389096394626,1.44675462845195,10.990029124332892
public_input,high g,1.4,3,2.382453258741261,1.2,0.5651534178617036,0.37266644327036613,0.7105500272218855,1.448336878904533,1.4555966977214818,11.218358264830258
public_input,high g,1.4,3,2.4208114320139376,1.2,0.5653879403652764,0.3726428737766565,0.7102569580959381,1.4572516316980024,1.464556135899285,11.448306355106356
public_input,high g,1.4,3,2.4599871290031343,1.2,0.5656241166378594,0.3726190787984364,0.7099616750974566,1.466284923144822,1.473634706907911,11.679880634445976
public_input,high g,1.4,3,2.5,1.2,0.5658621016805636,0.37259518251911067,0.7096643316969071,1.4754385682157847,1.482834234815731,11.913088385561318
