scenario_family,scenario,parameter_value,period,hc,parent_h,c_policy,l_policy,e_policy,perceived_hc_next_policy,true_expected_hc_next_policy,value_policy
rho,complements,-0.4,1,0.5,1.2,0.8311881654425837,0.3227788670177115,0.2160141873156731,0.5702924224118547,0.5731510250751525,-12.334459119231827
rho,complements,-0.4,1,0.5000203210855501,1.2,0.831185214616087,0.32277921938651594,0.21601789925878753,0.5703021561929565,0.5731608076470351,-12.334391570175383
rho,complements,-0.4,1,0.5000812892976928,1.2,0.8311762975932413,0.32278024590201726,0.21602903355511607,0.5703313606846361,0.5731901585268383,-12.334188919908588
rho,complements,-0.4,1,0.5001829195049198,1.2,0.8311614395219868,0.32278196507638446,0.21604760504300352,0.5703800401573201,0.5732390820063947,-12.333851159139394
rho,complements,-0.4,1,0.5003252364947652,1.2,0.8312178474207876,0.32277593723780085,0.21597817701286215,0.5704176974183739,0.5732769280252551,-12.333378496655072
rho,complements,-0.4,1,0.5005082749838822,1.2,0.8312549385006758,0.32272607917534935,0.21583339251807881,0.570452243849056,0.5733116476206416,-12.332771051876739
rho,complements,-0.4,1,0.500732079632158,1.2,0.8314434105713338,0.32274923099183905,0.21569492837103857,0.570498274252506,0.573357908752449,-12.332029732498532
rho,complements,-0.4,1,0.5009967050608752,1.2,0.831459753234121,0.32270810236248226,0.21558974786884072,0.5705790788257968,0.5734391183603491,-12.331154026893975
rho,complements,-0.4,1,0.5013022158749305,1.2,0.831685509197511,0.3227211519009431,0.21539217890852608,0.5706407976599305,0.573501146561426,-12.33014544843244
rho,complements,-0.4,1,0.5016486866891229,1.2,0.8316349021946751,0.3227271612273577,0.2154557660564175,0.5708064859018553,0.5736676653191198,-12.329002819713741
rho,complements,-0.4,1,0.502036202158526,1.2,0.8315786022315953,0.3227336595787791,0.21552610245856743,0.5709914736540229,0.5738535803262539,-12.327725588827649
rho,complements,-0.4,1,0.502464857012963,1.2,0.831516331569633,0.3227408664003463,0.21560393985511506,0.5711959943310264,0.574059126167417,-12.326313697425999
rho,complements,-0.4,1,0.5029347560956027,1.2,0.8315269198042123,0.3227396160695757,0.21559065090607124,0.5713884554095822,0.5742525519611437,-12.32476739629979
rho,complements,-0.4,1,0.5034460144056994,1.2,0.8314527397882461,0.3227482643829751,0.21568351127898006,0.5716320693017731,0.5744973869730509,-12.323087050395523
rho,complements,-0.4,1,0.5039987571454999,1.2,0.8313727159686276,0.3227575171645255,0.21578352110674748,0.5718951410292504,0.5747617773530497,-12.32127191797222
rho,complements,-0.4,1,0.5045931197713469,1.2,0.8312874919828382,0.3227673831544877,0.2158900556308553,0.5721774751035558,0.5750455266327918,-12.319321918380746
rho,complements,-0.4,1,0.5052292480490046,1.2,0.831246945999454,0.32277209638553317,0.21594078219329754,0.5724590863501073,0.5753285494615908,-12.317237364201839
rho,complements,-0.4,1,0.5059072981132409,1.2,0.8311491548480539,0.3227834207102553,0.21606303388609766,0.5727808364640415,0.5756519123546827,-12.315018282594735
rho,complements,-0.4,1,0.5066274365316988,1.2,0.831045375127849,0.32279542085091545,0.2161927339101284,0.5731221882548386,0.5759949751784517,-12.31266410473756
rho,complements,-0.4,1,0.507389840373095,1.2,0.8315652075028429,0.3227712839133927,0.21562076575008537,0.5732521185822202,0.5761255567843094,-12.310178421167333
rho,complements,-0.4,1,0.5081946972797818,1.2,0.8315600953079179,0.32273579809960734,0.21554922858723397,0.5735660716728151,0.57644108357132,-12.307568570240758
rho,complements,-0.4,1,0.5090422055447187,1.2,0.8314825569264217,0.3227447715293816,0.2156461495770426,0.5739484572776775,0.576825385892003,-12.304824917849679
rho,complements,-0.4,1,0.5099325741928927,1.2,0.8317394917539775,0.3227148915068296,0.2153246739007743,0.5742130139885916,0.5770912686989491,-12.301951386570169
rho,complements,-0.4,1,0.5108660230672385,1.2,0.8316729821620319,0.32272276000229616,0.21540817944292764,0.574625472846978,0.5775057950159668,-12.298948952757556
rho,complements,-0.4,1,0.5118427829191048,1.2,0.8315342119822873,0.32273884332266234,0.21558168959466345,0.575084321448578,0.5779669436057536,-12.295813048087695
rho,complements,-0.4,1,0.5128630955033207,1.2,0.8313895490122813,0.3227555839467975,0.21576251231280114,0.575562846793112,0.5784478675685588,-12.292542521461094
rho,complements,-0.4,1,0.5139272136779165,1.2,0.8313604482454611,0.3227141487132349,0.21570211297512626,0.5759843995106971,0.5788715333279341,-12.289138814508899
rho,complements,-0.4,1,0.5150354015085564,1.2,0.8315044104983016,0.3227422523556714,0.21561885458994864,0.5764081288046201,0.5792973865737816,-12.28560998555513
rho,complements,-0.4,1,0.5161879343777439,1.2,0.8314385437236174,0.3227498354599902,0.2157011008699616,0.5769066222777387,0.5797983787558325,-12.281947733688881
rho,complements,-0.4,1,0.5173850990988615,1.2,0.8312712310294269,0.3227692608357088,0.21591037237570398,0.5774637141381567,0.5803582630508214,-12.27815305628953
rho,complements,-0.4,1,0.5186271940351138,1.2,0.8312946035397734,0.32276657338323633,0.21588119496801714,0.5779606947980229,0.5808577348366118,-12.274225448755601
rho,complements,-0.4,1,0.5199145292234401,1.2,0.8314079291929573,0.32274826438297505,0.21572832187426888,0.5784351093341821,0.5813345273855297,-12.270174254605491
rho,complements,-0.4,1,0.5212474265034702,1.2,0.8315432681584896,0.3227377683416734,0.21557031145952482,0.578924126453578,0.5818259957134371,-12.265995549515582
rho,complements,-0.4,1,0.5226262196515982,1.2,0.8314573799210191,0.3227477056794225,0.21567766434653357,0.5795175126945434,0.5824223563153131,-12.261689715687055
rho,complements,-0.4,1,0.5240512545202515,1.2,0.8312605026433395,0.32277050242621874,0.215923782597293,0.5801737109807636,0.5830818438091309,-12.257251883183363
rho,complements,-0.4,1,0.5255228891824385,1.2,0.8311285777983477,0.3227857503921451,0.21608864304868564,0.5808208506958035,0.5837322273254913,-12.252679819358194
rho,complements,-0.4,1,0.5270414940816569,1.2,0.8309199402679865,0.32280992602324704,0.21634949994222707,0.5815169303340106,0.5844317960774048,-12.24797493237494
rho,complements,-0.4,1,0.5286074521872524,1.2,0.831343213136605,0.32276090768536564,0.21582034746378503,0.5819714387653525,0.5848885827417394,-12.243151443305022
rho,complements,-0.4,1,0.5302211591553182,1.2,0.8311943042313044,0.32277817435884565,0.21600655238380215,0.5826780064901137,0.5855986921519596,-12.238203913148169
rho,complements,-0.4,1,0.5318830234952302,1.2,0.8310056551598215,0.32280001323703844,0.21624237343218167,0.5834184885475744,0.5863428858911793,-12.233122943387265
rho,complements,-0.4,1,0.5335934667419154,1.2,0.8308492473709838,0.32281810112291953,0.21643785105452248,0.5841633237942572,0.587091454640073,-12.227910381043362
rho,complements,-0.4,1,0.5353529236339561,1.2,0.8313023482917339,0.3227655953332227,0.21587133762802707,0.5846742568437281,0.5876049487521121,-12.222573417558085
rho,complements,-0.4,1,0.537161842297634,1.2,0.8311841150640664,0.3227793190183803,0.21601921401563492,0.5854383903548039,0.5883729124983516,-12.21712426100108
rho,complements,-0.4,1,0.5390206844370244,1.2,0.8313469400309084,0.3227604741968658,0.21581568423432199,0.586103654515609,0.5890415113096397,-12.211558562010131
rho,complements,-0.4,1,0.5409299255302531,1.2,0.831216687533773,0.32277558383734856,0.21597857355489986,0.5869079468911974,0.5898498352175378,-12.205863671689071
rho,complements,-0.4,1,0.5428900550320312,1.2,0.8312997327430345,0.322765784825043,0.2158743624790585,0.5876410806414162,0.5905866438159723,-12.200041051939728
rho,complements,-0.4,1,0.5449015765825912,1.2,0.8312915311165596,0.3227668941294809,0.21588496020311895,0.5884298995630838,0.5913794167089391,-12.194101844404654
rho,complements,-0.4,1,0.5469650082231464,1.2,0.8310207522079067,0.32279826514100046,0.21622350049665418,0.5893458378040192,0.592299946109413,-12.188035248832303
rho,complements,-0.4,1,0.5490808826180046,1.2,0.8311375267776443,0.3227847423888128,0.21607751678219142,0.590117702414552,0.5930756797074068,-12.181847221908155
rho,complements,-0.4,1,0.5512497472834679,1.2,0.8312099385338327,0.32277634514311226,0.21598696697528968,0.5909255589237608,0.5938875856142194,-12.175539339674486
rho,complements,-0.4,1,0.5534721648236569,1.2,0.8310437416023573,0.3227955820586583,0.21619471564434473,0.5918511375130066,0.5948178036854508,-12.169109063428602
rho,complements,-0.4,1,0.5557487131734017,1.2,0.8308000404914924,0.32282379947499795,0.21649936637450343,0.5928271815258133,0.5957987401392313,-12.162549285397667
rho,complements,-0.4,1,0.5580799858483445,1.2,0.8309069443132233,0.32280014282222147,0.21634136418277494,0.5936664358874033,0.5966422012808151,-12.155864371649802
rho,complements,-0.4,1,0.5604665922024078,1.2,0.8311169403821193,0.32278707644083293,0.21610314473007983,0.5944940238054252,0.5974739375005392,-12.149084223358642
rho,complements,-0.4,1,0.5629091576927818,1.2,0.8309003582646735,0.32281218435734993,0.21637395994720238,0.595512339412003,0.5984973574353364,-12.142174678507592
rho,complements,-0.4,1,0.5654083241525933,1.2,0.8305850016672959,0.32284868794637606,0.21676816429687654,0.5965905149387464,0.5995809373393978,-12.135133798893904
rho,complements,-0.4,1,0.5679647500714233,1.2,0.830964828152603,0.32280468944374585,0.21629330104588812,0.5973918109051715,0.6003862498185691,-12.127981960964158
rho,complements,-0.4,1,0.5705791108838415,1.2,0.83098677030302,0.3228021588288861,0.2162658927673739,0.5983625186678635,0.60136182327417,-12.120728933962912
rho,complements,-0.4,1,0.5732520992661372,1.2,0.8308454335318733,0.32281852150102847,0.21644257291034807,0.5994206979458694,0.6024253066978799,-12.113351241785447
rho,complements,-0.4,1,0.5759844254414287,1.2,0.830967771050529,0.322804364327371,0.21628965589659233,0.6003841511989257,0.603393589280464,-12.105854793880553
rho,complements,-0.4,1,0.578776817493336,1.2,0.8307860270283957,0.322825402174573,0.2165168416686819,0.6014956331780253,0.6045106425861689,-12.098247706453467
rho,complements,-0.4,1,0.5816300216884137,1.2,0.8308466944813651,0.3228183761045655,0.2164409979044964,0.6025211432366232,0.605541293035327,-12.090528672184266
rho,complements,-0.4,1,0.5845448028075416,1.2,0.8310821411904912,0.32279096575858823,0.2161463448480594,0.6034889356202635,0.6065139364984777,-12.082695550480004
rho,complements,-0.4,1,0.5875219444864789,1.2,0.8307236541271619,0.3228326530914976,0.216594876550473,0.6047310710199473,0.6077622981277627,-12.07475329675105
rho,complements,-0.4,1,0.5905622495657936,1.2,0.8304738239717305,0.32285526908673406,0.2168935572556151,0.6059404464134168,0.6089777355406188,-12.066682451378465
rho,complements,-0.4,1,0.5936665404503856,1.2,0.8309319756302833,0.32280838489955055,0.21633413575274574,0.6068692928327237,0.6099112378219778,-12.05850116229018
rho,complements,-0.4,1,0.5968356594788269,1.2,0.8307546686472604,0.3228290562359094,0.21655609282230381,0.6080877180712658,0.6111357704424436,-12.050228474522271
rho,complements,-0.4,1,0.600070469302753,1.2,0.8306192984013094,0.32286926942277894,0.21677832355189292,0.6093223467782483,0.6123765877515734,-12.041826219254293
rho,complements,-0.4,1,0.6033718532765401,1.2,0.8310700847158937,0.3227925782300717,0.216161884261061,0.6102863109682436,0.6133453838321787,-12.033318601588546
rho,complements,-0.4,1,0.6067407158575169,1.2,0.8308014541347931,0.3228235843999893,0.2164974881691838,0.6115992597280266,0.6146649137750075,-12.024722826437403
rho,complements,-0.4,1,0.6101779830169621,1.2,0.830441000346117,0.3228653501517049,0.2169481559815657,0.6129712298920951,0.6160437609681421,-12.01600268180273
rho,complements,-0.4,1,0.6136846026621482,1.2,0.8306763828047061,0.32283807646193,0.21665386235306267,0.6140994138917433,0.6171776000136214,-12.007166764145897
rho,complements,-0.4,1,0.6172615450697004,1.2,0.8306704618969831,0.32283877079003714,0.21666128300949722,0.6153518423129477,0.6184363062584123,-11.998241879029475
rho,complements,-0.4,1,0.6209098033305457,1.2,0.8304693090598434,0.32286252437378893,0.21691374358754079,0.6167093067485045,0.6198005750127682,-11.989202223163893
rho,complements,-0.4,1,0.6246303938067362,1.2,0.8305909613613258,0.32284796803508065,0.21676064959444857,0.6179412764275621,0.6210387199655403,-11.980059843779527
rho,complements,-0.4,1,0.6284243566004422,1.2,0.8306372382864576,0.32284252178234885,0.21670260876341574,0.6192249818698047,0.6223288600080894,-11.970812970372853
rho,complements,-0.4,1,0.6322927560354111,1.2,0.8302105365672434,0.3228924828151472,0.21723722631347453,0.6207386923332572,0.623850157976815,-11.961458621010838
rho,complements,-0.4,1,0.6362366811512086,1.2,0.830575610961438,0.32284972320213795,0.21677979115518003,0.6219160387240478,0.6250334058409481,-11.95201495842755
rho,complements,-0.4,1,0.6402572462105554,1.2,0.8301944749596764,0.32289388561340004,0.2172563179652678,0.6234466031228244,0.6265716422257003,-11.942456543003075
rho,complements,-0.4,1,0.6443555912200942,1.2,0.8306653419042079,0.32286617573423626,0.21672559768174246,0.6246304444408245,0.6277614175730012,-11.932798963937493
rho,complements,-0.4,1,0.6485328824649206,1.2,0.8302575025138046,0.32288661888519554,0.21717759427821798,0.6261923072097727,0.6293311092116582,-11.923052120674303
rho,complements,-0.4,1,0.652790313057229,1.2,0.8299976333370775,0.3229166655172685,0.21750236418022248,0.6277245973985265,0.6308710800369457,-11.913185989851304
rho,complements,-0.4,1,0.6571291034994325,1.2,0.8304290274432523,0.3228666762003928,0.21696299314959608,0.6289614627278115,0.632114145179494,-11.903221935194487
rho,complements,-0.4,1,0.6615505022621248,1.2,0.8302169677880379,0.3228912738788449,0.2172281837902673,0.6305093027596748,0.633669743791804,-11.893182540119689
rho,complements,-0.4,1,0.6660557863772645,1.2,0.8300257419599573,0.32291387676369054,0.2174682318496141,0.6320668242969365,0.6352350724382604,-11.883017425564434
rho,complements,-0.4,1,0.6706462620469753,1.2,0.8305549078092902,0.3228521780990805,0.21680579688472362,0.6333116183736583,0.6364861060712574,-11.872786560686126
rho,complements,-0.4,1,0.6753232652683625,1.2,0.8303205777272643,0.3228793036915034,0.21709871824638313,0.6349257421461436,0.6381083206728219,-11.862464595321242
rho,complements,-0.4,1,0.6800881624747613,1.2,0.8302163624687714,0.32289135499854027,0.2172289643280757,0.636498740027409,0.639689203238779,-11.852031244563259
rho,complements,-0.4,1,0.6849423511938463,1.2,0.8303082714880501,0.32288067216630734,0.21711398039117363,0.6379994553855833,0.6411974409639901,-11.841500774292832
rho,complements,-0.4,1,0.6898872607230374,1.2,0.8298772021575359,0.32293106501836427,0.2176538982821309,0.6397622340636908,0.6429690556069921,-11.830879508361537
rho,complements,-0.4,1,0.6949243528226603,1.2,0.8301527614504561,0.32289866749134344,0.21730836033084552,0.6412141715862549,0.6444282709966747,-11.82017104009666
rho,complements,-0.4,1,0.7000551224273222,1.2,0.8299764080014613,0.322919191761998,0.2175290462044543,0.6428959578890556,0.6461184872883992,-11.809360312691366
rho,complements,-0.4,1,0.7052810983759861,1.2,0.8304729883296116,0.32296739055671964,0.2171365752729028,0.6443556057360423,0.6475854516506663,-11.798469420554357
rho,complements,-0.4,1,0.7106038441612367,1.2,0.8301652854835041,0.32289727176410987,0.21729282152697327,0.6460611165270751,0.649299511350115,-11.787524759105256
rho,complements,-0.4,1,0.7160249586982449,1.2,0.829866714607493,0.3229323496725838,0.21766716068528802,0.647857624962241,0.6511050248212863,-11.776467829637392
rho,complements,-0.4,1,0.7215460771139571,1.2,0.8301121578810569,0.32290337802149977,0.21735913864538287,0.6494144167107703,0.6526696200209289,-11.76533396598571
rho,complements,-0.4,1,0.7271688715570458,1.2,0.8298285908244724,0.32293620196600115,0.21771360542209015,0.6512417107847573,0.654506073444578,-11.75410336039492
rho,complements,-0.4,1,0.7328950520291776,1.2,0.8300580320223077,0.3229097521895163,0.21742703270704758,0.6528431440276459,0.6561155339050014,-11.742759581934799
rho,complements,-0.4,1,0.7387263672381705,1.2,0.8299340638340921,0.3229240150344096,0.21758180864023272,0.6546320816492848,0.6579134386137849,-11.731378493037425
rho,complements,-0.4,1,0.7446646054736273,1.2,0.8297890307219984,0.32294079975390216,0.21776309674643038,0.6564503123176342,0.6597407832012866,-11.719882226099037
rho,complements,-0.4,1,0.7507115955056528,1.2,0.8301232912110569,0.3229020677840919,0.2173451752025818,0.6580557441576748,0.6613542623019139,-11.708329759254799
rho,complements,-0.4,1,0.7568692075072764,1.2,0.8300754071586314,0.32290764799213695,0.2174051125043845,0.6598644116177318,0.6631719957453421,-11.696713898466216
rho,complements,-0.4,1,0.7631393540012239,1.2,0.830048309695748,0.32291055925987866,0.21743849830558992,0.661681625070879,0.6649983180188291,-11.684993232700041
rho,complements,-0.4,1,0.7695239908317001,1.2,0.8301163062586534,0.3229100746050021,0.21736945488815132,0.6634767292903617,0.6668024202356568,-11.673198208889385
rho,complements,-0.4,1,0.7760251181618615,1.2,0.8295976230864375,0.322963420119269,0.21800336437118364,0.66556814796218,0.6689043221871934,-11.661325424696933
rho,complements,-0.4,1,0.7826447814976824,1.2,0.8298326485074556,0.3229357428943129,0.21770855614426018,0.6673132244019513,0.6706581458590203,-11.64937415831383
rho,complements,-0.4,1,0.7893850727389358,1.2,0.8297478284364324,0.32294534200529634,0.2178141102950078,0.669234649313736,0.672589201953255,-11.637333526497525
rho,complements,-0.4,1,0.7962481312580323,1.2,0.83017364019271,0.32289627083179695,0.21728230480397154,0.6709215475825732,0.6742845558348524,-11.625235275436163
rho,complements,-0.4,1,0.8032361450074849,1.2,0.8296131159784876,0.32296119173848475,0.2179830581766395,0.6731179004926902,0.6764919180097461,-11.613074133437351
rho,complements,-0.4,1,0.8103513516567865,1.2,0.8296332754484336,0.3229593053170032,0.2179588240362934,0.6750445409397844,0.6784282157822698,-11.600819068995378
rho,complements,-0.4,1,0.8175960397595149,1.2,0.8298594240469108,0.32293265897767864,0.2176751193448752,0.6768856003098286,0.6802785035008099,-11.588525653675736
rho,complements,-0.4,1,0.8249725499515008,1.2,0.8295065092131988,0.32297351532627855,0.2181162838915629,0.6790372948019828,0.6824409834064891,-11.5761430003618
rho,complements,-0.4,1,0.8324832761809209,1.2,0.829737501326622,0.32294671214934145,0.21782739691595554,0.680913234267663,0.684326326057872,-11.563678204348331
rho,complements,-0.4,1,0.8401306669712053,1.2,0.8295467613348371,0.32296885326160985,0.21806596171024,0.6830217673503508,0.6864454282066194,-11.551165783649477
rho,complements,-0.4,1,0.8479172267176741,1.2,0.8298192903798163,0.322975072261255,0.21780686570449442,0.6849423739563969,0.688375661893341,-11.538542903138865
rho,complements,-0.4,1,0.8558455170188431,1.2,0.8297420073464563,0.32294625307765334,0.217821899301275,0.687001682948878,0.6904452932151028,-11.525910655683159
rho,complements,-0.4,1,0.8639181580433734,1.2,0.8295023778018596,0.32297447216323416,0.21812248207072626,0.6891934490297797,0.692648045569204,-11.513182217676059
rho,complements,-0.4,1,0.8721378299336601,1.2,0.8297083869246764,0.3229505873250581,0.2178648816974491,0.6911740781046936,0.6946386025886706,-11.500408224132133
rho,complements,-0.4,1,0.8805072742470966,1.2,0.8296695701481402,0.32295460352710736,0.21791237347041154,0.6932995411558192,0.6967747195676759,-11.487575092542066
rho,complements,-0.4,1,0.88902929543607,1.2,0.8295544075389478,0.32296793241734445,0.21805632648251613,0.6954842352342798,0.6989703644707763,-11.474660054710498
rho,complements,-0.4,1,0.8977067623677852,1.2,0.8297056860262254,0.3229504446294842,0.21786727437346032,0.6975486384460978,0.7010451155467557,-11.461681412316178
rho,complements,-0.4,1,0.9065426098850453,1.2,0.8291142848603176,0.32301938173822137,0.2186075796942407,0.700022288571528,0.7035311648950385,-11.448640966683238
rho,complements,-0.4,1,0.9155398404091444,1.2,0.8295784221872955,0.32296518505823474,0.2180263775384917,0.7019591712793758,0.7054777562678616,-11.435563581999217
rho,complements,-0.4,1,0.9247015255860773,1.2,0.8294079842076405,0.32298487397444964,0.21823934357717084,0.704249772544513,0.7077798392196208,-11.422414479576576
rho,complements,-0.4,1,0.9340308079772923,1.2,0.829733514482618,0.3229471826621793,0.2178324000676893,0.7062955428404399,0.7098358639818297,-11.409222997852305
rho,complements,-0.4,1,0.9435309027962627,1.2,0.8291715953484744,0.3230127107379074,0.21853585984540552,0.7088342591043081,0.7123873056139266,-11.39596510208261
rho,complements,-0.4,1,0.9532050996921831,1.2,0.8297971686265946,0.3229406031910625,0.21775453426610045,0.7107556410154152,0.7143183184919419,-11.382645957793514
rho,complements,-0.4,1,0.9630567645821445,1.2,0.8291912279879119,0.32300999063122726,0.21851035177553912,0.7133573661291176,0.7169330848070472,-11.36928877246568
rho,complements,-0.4,1,0.9730893415331738,1.2,0.8292414980428308,0.3230490504183015,0.2185444508607005,0.7156621811503014,0.7192494527616019,-11.35583327971349
rho,complements,-0.4,1,0.9833063546955787,1.2,0.8294622396292195,0.322979084093174,0.21817258201203643,0.7178193225360401,0.7214174068635332,-11.34238845821066
rho,complements,-0.4,1,0.9937114102890687,1.2,0.8291432522621589,0.32301555232710333,0.21857034076438442,0.7203256410011879,0.7239362883022679,-11.328870623119716
rho,complements,-0.4,1,1.0043081986431819,1.2,0.829447560274794,0.3229808463312507,0.21819106780070738,0.7225104951986175,0.7261320941269368,-11.315288008835752
rho,complements,-0.4,1,1.0151004962935855,1.2,0.8292971554293903,0.3229977296509598,0.21837794061668295,0.7249628487438579,0.7285967401454773,-11.301692189916427
rho,complements,-0.4,1,1.0260921681358672,1.2,0.8293967030398737,0.322986687378903,0.21825454169855688,0.7272968436512173,0.7309424342509957,-11.28800636004138
rho,complements,-0.4,1,1.037287169638491,1.2,0.8292694689460964,0.32300149041517995,0.2184137503506925,0.7297751434936701,0.7334331566231045,-11.27431168928752
rho,complements,-0.4,1,1.0486895491166357,1.2,0.8286704509946585,0.32307025654426574,0.21916130314095536,0.7325359531413115,0.7362078048866935,-11.260531779572672
rho,complements,-0.4,1,1.0603034500686892,1.2,0.8290788383541021,0.323023479059966,0.21865187641542438,0.7347536600529235,0.7384366281004603,-11.246729655167872
rho,complements,-0.4,1,1.0721331135772334,1.2,0.8290150945525501,0.32303086290055605,0.21873156931265103,0.7372538765466827,0.7409493769815474,-11.232887808870053
rho,complements,-0.4,1,1.0841828807763967,1.2,0.8293803614718529,0.3229880760351172,0.21827388276400034,0.7395291473765956,0.743236052653956,-11.219014730849247
rho,complements,-0.4,1,1.0964571953875313,1.2,0.8291127909217437,0.32301952983557336,0.2186093935230946,0.7421828995023088,0.7459031067675549,-11.205089852456439
rho,complements,-0.4,1,1.1089606063252093,1.2,0.8293310685444817,0.32309423394328685,0.2185524767730181,0.74466464203681,0.7483972890882781,-11.191115806843738
rho,complements,-0.4,1,1.1216977703756155,1.2,0.8288382843544062,0.32305084260969685,0.21895153568253906,0.7473990314859682,0.7511453847215879,-11.177120614879101
rho,complements,-0.4,1,1.1346734549494641,1.2,0.8288119518609718,0.3230543970391689,0.21898554574363294,0.7499725980874931,0.7537318513793859,-11.163065594984797
rho,complements,-0.4,1,1.147892540911644,1.2,0.829020965424599,0.323030171273338,0.2187242045258111,0.7524277343019325,0.7561992940153128,-11.14898400848724
rho,complements,-0.4,1,1.1613600254898573,1.2,0.8287068727441698,0.3230665311351424,0.21911683450773767,0.7552053701625927,0.7589908528336644,-11.13486806766342
rho,complements,-0.4,1,1.1750810252645967,1.2,0.829164772057975,0.3230135292494194,0.21854445112077095,0.7575506899726739,0.7613479286082158,-11.120716457150436
rho,complements,-0.4,1,1.189060779242872,1.2,0.8289430215655759,0.32303370011962174,0.21880977069280708,0.7603074024647318,0.7641184591791432,-11.10655421571026
rho,complements,-0.4,1,1.2033046520181812,1.2,0.828686575754395,0.3230689076132786,0.21914226469028683,0.7631140046988898,0.7669391295655442,-11.092312450065045
rho,complements,-0.4,1,1.217818137019287,1.2,0.8289634492987707,0.32303635761877547,0.21879508315778423,0.7656179478755252,0.7694556238095831,-11.078096001153664
rho,complements,-0.4,1,1.2326068598504607,1.2,0.8282945460056655,0.3231143334657022,0.21963241428025115,0.7687043465063403,0.7725574930779155,-11.063786615174223
rho,complements,-0.4,1,1.247676581725918,1.2,0.8292820190675937,0.32299941180098896,0.21839671042254252,0.7708176884853652,0.7746814282276934,-11.049493320645665
rho,complements,-0.4,1,1.2630332030012734,1.2,0.8286011207389538,0.32307875779196094,0.21924899609168205,0.7739513866780575,0.7778308341479436,-11.035167750529835
rho,complements,-0.4,1,1.2786827668049243,1.2,0.8289589430088888,0.32303736125197746,0.21880175729538248,0.7764767639159165,0.7803688698918854,-11.02079560141679
rho,complements,-0.4,1,1.294631462772364,1.2,0.8287523968771612,0.32306124172002326,0.21905988523808906,0.7793620322169276,0.7832686006604402,-11.006428310561702
rho,complements,-0.4,1,1.31088563088653,1.2,0.8283167612420221,0.3231116988488478,0.21960450827148903,0.782406671930109,0.7863285016936933,-10.991993069334118
rho,complements,-0.4,1,1.3274517654273796,1.2,0.8288641478401857,0.323048330507006,0.21892024605494734,0.7848675362536809,0.7888017011510193,-10.977552036164557
rho,complements,-0.4,1,1.3443365190339982,1.2,0.8286004534159594,0.3230783700680597,0.21924882593104938,0.7878439713598923,0.791793055700287,-10.963099737097869
rho,complements,-0.4,1,1.3615467068826452,1.2,0.8287596540684403,0.32305989008814706,0.21904970852195743,0.7905775611539372,0.7945403476701958,-10.948607645212867
rho,complements,-0.4,1,1.3790893109842512,1.2,0.828970641290441,0.3230355162249642,0.2187860737554817,0.7932956864345609,0.797272097610487,-10.934125127335538
rho,complements,-0.4,1,1.3969714846049992,1.2,0.8287980050593728,0.3230555901641912,0.21900206969528035,0.796271356688232,0.8002626834733754,-10.919597933143358
rho,complements,-0.4,1,1.4152005568137338,1.2,0.828383551318421,0.32310395993856417,0.21952100214887765,0.7994185475639325,0.8034256497089889,-10.905052279031038
rho,complements,-0.4,1,1.4337840371600625,1.2,0.8281894953848098,0.32312646486078667,0.21976366871448938,0.8024459061213757,0.8064681829643501,-10.890467915101107
rho,complements,-0.4,1,1.4527296204871472,1.2,0.8289134735917472,0.32304213168877116,0.21885753085599857,0.8049069876841118,0.8089416007497562,-10.875900969234472
rho,complements,-0.4,1,1.4720451918832933,1.2,0.8286132106557829,0.3230768915518895,0.21923287509629838,0.808037403843138,0.812087708185078,-10.861312382233963
rho,complements,-0.4,1,1.4917388317766058,1.2,0.8289904600737533,0.32303367993821147,0.21876228859278346,0.8107513004205483,0.814815208225693,-10.846703442673931
rho,complements,-0.4,1,1.5118188211770927,1.2,0.8282871723114148,0.3231146427707971,0.2196404560735069,0.8141786386409673,0.8182597260504341,-10.832095945951764
rho,complements,-0.4,1,1.5322936470707536,1.2,0.8285151149294774,0.32308874629608675,0.21935657707007,0.8170234144084119,0.8211187613157531,-10.817437718161816
rho,complements,-0.4,1,1.5531720079703377,1.2,0.8284648136337001,0.32309407003465485,0.2194183776411545,0.8200647325916951,0.82417532416987,-10.80281192311398
rho,complements,-0.4,1,1.5744628196276003,1.2,0.8281723367648106,0.3231283822672347,0.21978496893241628,0.8232834644895085,0.8274101900284622,-10.788124705673486
rho,complements,-0.4,1,1.5961752209120554,1.2,0.8288257919985738,0.3230522268957808,0.21896701809631275,0.8258960663988474,0.830035887659369,-10.773459780343243
rho,complements,-0.4,1,1.618318579861377,1.2,0.8285137474734423,0.3230884026675429,0.2193572022884505,0.8291626789854117,0.8333188742096631,-10.758796305414421
rho,complements,-0.4,1,1.6409024999087747,1.2,0.8282917085452807,0.3231138787641443,0.21963426958527119,0.8323878940960221,0.8365602557782914,-10.744088443469643
rho,complements,-0.4,1,1.6639368262928396,1.2,0.828326233246109,0.3231105666621106,0.2195925907440499,0.8354605352156258,0.8396482985756006,-10.729427127337168
rho,complements,-0.4,1,1.6874316526555453,1.2,0.8280685745905115,0.32313994891939507,0.21991371507538174,0.8387453057928321,0.8429495341338434,-10.714729207881643
rho,complements,-0.4,1,1.7113973278342638,1.2,0.8284685803834027,0.3230940956178432,0.21941466615113875,0.8416044542450603,0.8458230141273284,-10.700015174270144
rho,complements,-0.4,1,1.7358444628538618,1.2,0.8281916859501995,0.3231256991848926,0.2197598242891684,0.8449371085375973,0.849172373419024,-10.68532185813483
rho,complements,-0.4,1,1.7607839381251333,1.2,0.8284258748364712,0.32309849684290465,0.2194668783442028,0.84793901596403,0.8521893279690498,-10.670572687537273
rho,complements,-0.4,1,1.7862269108560356,1.2,0.8285020599536381,0.32309020192995763,0.2193727762150704,0.8510649670570299,0.8553309479571087,-10.655888748364823
rho,complements,-0.4,1,1.8121848226824113,1.2,0.8277347854483874,0.3231785627451721,0.22033091008118427,0.854788378414097,0.8590730229912714,-10.641163171727605
rho,complements,-0.4,1,1.8386694075250942,1.2,0.8283369196756749,0.3231093435837696,0.2195792624652672,0.8575839099919236,0.8618825672294449,-10.626437204802317
rho,complements,-0.4,1,1.8656926996805347,1.2,0.8281538644561042,0.3231300617163748,0.21980706885126539,0.8609382025295141,0.8652536732283487,-10.611754298916814
rho,complements,-0.4,1,1.8932670421523103,1.2,0.8286074715623448,0.3231291805973365,0.21935155852790195,0.8639181827935564,0.868248590705625,-10.597017955873415
rho,complements,-0.4,1,1.921405095231136,1.2,0.8283153503880597,0.32311138517362253,0.219605241586965,0.8673275642373097,0.8716750617449828,-10.582336608878528
rho,complements,-0.4,1,1.9501198453312445,1.2,0.8278427335298406,0.3232109575713038,0.22029293482417572,0.8709856191402803,0.8753514527244592,-10.56761610383175
rho,complements,-0.4,1,1.979424614091259,1.2,0.8280877162049869,0.32313818835055963,0.2198907706322219,0.8740558943141952,0.8784371177167275,-10.552914817629784
rho,complements,-0.4,1,2.009333067747975,1.2,0.8279906968165919,0.32314940867328706,0.2200120259177082,0.8774324964563666,0.8818306451475705,-10.53821533466387
rho,complements,-0.4,1,2.0398592267917226,1.2,0.828406454126322,0.3231484121111044,0.21959411603366352,0.8805073011984476,0.8849208624125597,-10.523518029964851
rho,complements,-0.4,1,2.071017475912293,1.2,0.8276988218459236,0.32318319922665245,0.22037688848364567,0.8843050312674242,0.8887376286827254,-10.508844378486899
rho,complements,-0.4,1,2.1028225742447084,1.2,0.8280167581715459,0.32314590978032204,0.2199784069539499,0.8874280389937136,0.891876290550387,-10.49415947690133
rho,complements,-0.4,1,2.135289665924415,1.2,0.8282154912340527,0.32312285759569664,0.21972988117265224,0.8906512289040016,0.8951156367673341,-10.479511952337326
rho,complements,-0.4,1,2.168434290961828,1.2,0.8277744420754205,0.32317442672984814,0.2202823196610515,0.8943591811024749,0.898842175153548,-10.464850943481697
rho,complements,-0.4,1,2.2022723964464688,1.2,0.8276574538093422,0.32306411866431595,0.22016104250558027,0.8977067457119411,0.9022065195004473,-10.450191465453063
rho,complements,-0.4,1,2.23682034809129,1.2,0.8275856684093534,0.32319628412020995,0.22051830529030017,0.9013133232829976,0.9058311751168099,-10.435561144591883
rho,complements,-0.4,1,2.2720949421281498,1.2,0.8279550855890847,0.3231529984578559,0.22005539107988414,0.9044667025959477,0.9090003608093438,-10.42092502263197
rho,complements,-0.4,1,2.308113417565749,1.2,0.8281333326119243,0.3231328804232715,0.21983368910234213,0.9077761701984458,0.9123264171872327,-10.406328439191537
rho,complements,-0.4,1,2.344893468821764,1.2,0.8277597806124203,0.3231756699895994,0.22029966656511454,0.9115142515978343,0.9160832357976098,-10.39175058094052
rho,complements,-0.4,1,2.382453258741261,1.2,0.8274822318957409,0.32320830714316945,0.22064771153350526,0.9151974935247488,0.9197849400515132,-10.377138603160418
rho,complements,-0.4,1,2.4208114320139376,1.2,0.8281672771973004,0.32312850645063956,0.21979029673608108,0.918161778615705,0.922764083683321,-10.362605629123951
rho,complements,-0.4,1,2.4599871290031343,1.2,0.827437150258288,0.3232130133031955,0.22070295847661442,0.9222203108179,0.9268429593628381,-10.348063238474017
rho,complements,-0.4,1,2.5,1.2,0.827816430035226,0.3231695936855281,0.22022989232551457,0.9254441144520841,0.9300829223799852,-10.333500049478804
rho,complements,-0.4,2,0.5,1.2,0.6982491166549107,0.34587325992458495,0.4361914368540481,0.6453052597482236,0.6485398658233927,-12.66264000688199
rho,complements,-0.4,2,0.5000203210855501,1.2,0.698245005096829,0.3458737233664034,0.4361965994981738,0.6453163534617311,0.6485510151443706,-12.662433973823216
rho,complements,-0.4,2,0.5000812892976928,1.2,0.6982325787487831,0.34587508206929896,0.436212107384387,0.645349642996851,0.6485844715439798,-12.661815864985877
rho,complements,-0.4,2,0.5001829195049198,1.2,0.6982118791537639,0.3458774188222081,0.436238106735004,0.6454051473974091,0.6486402541615034,-12.660785651393468
rho,complements,-0.4,2,0.5003252364947652,1.2,0.698182898928335,0.34588059800057636,0.4362742973369724,0.6454828292580844,0.6487183254041259,-12.659343284730959
rho,complements,-0.4,2,0.5005082749838822,1.2,0.6981458418579252,0.34588450583050073,0.43632021736565046,0.6455826185409628,0.6488186148828662,-12.657488697371507
rho,complements,-0.4,2,0.500732079632158,1.2,0.6981003463413757,0.34588951859473266,0.4363770818314778,0.6457047045860304,0.6489413128867814,-12.655221802479126
rho,complements,-0.4,2,0.5009967050608752,1.2,0.6980465917572656,0.3458954282892829,0.4364442396028281,0.6458489953425616,0.6490863269037395,-12.652542493856
rho,complements,-0.4,2,0.5013022158749305,1.2,0.6979845930400522,0.34590224738694886,0.43652170403354773,0.6460154988383198,0.6492536650017433,-12.649450646088315
rho,complements,-0.4,2,0.5016486866891229,1.2,0.6979277926105094,0.345908577459608,0.43659286106788175,0.6462012206887973,0.6494403177868703,-12.645946263593814
rho,complements,-0.4,2,0.502036202158526,1.2,0.6978510791490282,0.34591456390372327,0.4366831517846163,0.6464110220806675,0.6496511708125936,-12.642029192443772
rho,complements,-0.4,2,0.502464857012963,1.2,0.698038242085346,0.34589651741231053,0.43645505940577445,0.6465832629356872,0.649824275028492,-12.63770351309476
rho,complements,-0.4,2,0.5029347560956027,1.2,0.6979433547698622,0.3459067640551546,0.4365731861072285,0.6468386102007307,0.6500809022270279,-12.632967850820691
rho,complements,-0.4,2,0.5034460144056994,1.2,0.6978400460340424,0.345918240847359,0.43670252420776806,0.6471163525965578,0.6503600368124075,-12.627819430257286
rho,complements,-0.4,2,0.5039987571454999,1.2,0.6977426930363639,0.34592896507406035,0.4368241997516049,0.6474131361808229,0.6506583080305794,-12.622258211642954
rho,complements,-0.4,2,0.5045931197713469,1.2,0.697624669182762,0.3459395307939077,0.4369661866578206,0.6477342657947686,0.6509810473134137,-12.616284026886527
rho,complements,-0.4,2,0.5052292480490046,1.2,0.6979216526096167,0.3459092832288647,0.4366006017534486,0.6479835542993349,0.651231585381809,-12.609902916613738
rho,complements,-0.4,2,0.5059072981132409,1.2,0.6977872539407408,0.3459215785325812,0.43676288617115344,0.6483492236615002,0.65159908766928,-12.603118300225583
rho,complements,-0.4,2,0.5066274365316988,1.2,0.6983524233228198,0.34586186862220614,0.4360622947123438,0.6485784748992505,0.6518294880336416,-12.59593023103395
rho,complements,-0.4,2,0.507389840373095,1.2,0.6982000183949266,0.3458784867321777,0.43625238951365225,0.6489898306651705,0.6522429057289189,-12.588350557563833
rho,complements,-0.4,2,0.5081946972797818,1.2,0.6980392424075043,0.34589633062137926,0.43645363544178395,0.6494236820681715,0.6526789318211272,-12.580358823522062
rho,complements,-0.4,2,0.5090422055447187,1.2,0.698165305991004,0.3458844088995254,0.43630053339311964,0.6498134853871947,0.6530706890374182,-12.571962097271417
rho,complements,-0.4,2,0.5099325741928927,1.2,0.697989740205364,0.3459016913842854,0.43651529585419524,0.6502910490968266,0.6535506465451063,-12.563160314216498
rho,complements,-0.4,2,0.5108660230672385,1.2,0.6978044801289369,0.34592211602307565,0.43674687901139886,0.6507920210499116,0.6540541296305561,-12.553946022571768
rho,complements,-0.4,2,0.5118427829191048,1.2,0.6976885888184308,0.34593486602834994,0.43689168733386685,0.6512977831013932,0.6545624268248706,-12.544320357090621
rho,complements,-0.4,2,0.5128630955033207,1.2,0.6974870105540594,0.34595709700057425,0.4371436854432431,0.6518436570552392,0.6551110369832969,-12.534284289797547
rho,complements,-0.4,2,0.5139272136779165,1.2,0.6972771416974862,0.34598042583608685,0.43740646409875883,0.6524121112913492,0.655682340608123,-12.523834578336716
rho,complements,-0.4,2,0.5150354015085564,1.2,0.6980204164375627,0.34596044445770474,0.43661787159251153,0.6528028371599317,0.6560750249982721,-12.512981471923595
rho,complements,-0.4,2,0.5161879343777439,1.2,0.6982714653772519,0.34587075656215477,0.4361634105057153,0.6532876697461573,0.6565622878179493,-12.501784489347036
rho,complements,-0.4,2,0.5173850990988615,1.2,0.6980374769246249,0.3458965746180588,0.43645595430913237,0.6539234114201272,0.6572012161603212,-12.490188362539847
rho,complements,-0.4,2,0.5186271940351138,1.2,0.6978126994704578,0.3459213873715196,0.4367370070881488,0.6545777735777074,0.657858858321866,-12.47818105679518
rho,complements,-0.4,2,0.5199145292234401,1.2,0.6975638749066786,0.34594866813231384,0.4370477044174092,0.6552583496514396,0.6585428457973642,-12.465761271382412
rho,complements,-0.4,2,0.5212474265034702,1.2,0.6973234275477288,0.3459752633052616,0.43734846962860463,0.6559578654444891,0.6592458679279178,-12.452929092627702
rho,complements,-0.4,2,0.5226262196515982,1.2,0.6973470828194874,0.3459726542715955,0.43731889706849136,0.6566174481968365,0.6599087568525699,-12.439701380319878
rho,complements,-0.4,2,0.5240512545202515,1.2,0.6978678893107528,0.3459127962638685,0.4366623326157011,0.657182384107535,0.660476524516305,-12.426077446768717
rho,complements,-0.4,2,0.5255228891824385,1.2,0.6975838524981213,0.34594667500794857,0.43702320641990594,0.657955050875779,0.661253064292842,-12.412091112727538
rho,complements,-0.4,2,0.5270414940816569,1.2,0.6977306620021234,0.34593025950018824,0.43683916654430355,0.6586481761138478,0.6619496638356249,-12.397715374081459
rho,complements,-0.4,2,0.5286074521872524,1.2,0.6977118709697729,0.3459814109571198,0.43697396908097486,0.6594158508281798,0.6627211865354757,-12.38294193058518
rho,complements,-0.4,2,0.5302211591553182,1.2,0.6974406273800942,0.3459622110659118,0.43720166731739396,0.6602319607826176,0.6635413872580836,-12.367780927216915
rho,complements,-0.4,2,0.5318830234952302,1.2,0.6971460519315003,0.34599479101373365,0.4375701340876476,0.6610899794608025,0.6644037067727907,-12.352208287770566
rho,complements,-0.4,2,0.5335934667419154,1.2,0.6975457956150806,0.34595061716132186,0.4370702041067973,0.6618075628140121,0.6651248870275267,-12.336248052711936
rho,complements,-0.4,2,0.5353529236339561,1.2,0.6972389728150118,0.345982089473947,0.43744840611190006,0.6627096031565858,0.6660314488661336,-12.319917521068982
rho,complements,-0.4,2,0.537161842297634,1.2,0.6976706906623191,0.3459832014792739,0.4370192102926742,0.6634766213865941,0.6668023117910195,-12.303203491973413
rho,complements,-0.4,2,0.5390206844370244,1.2,0.6973789171891722,0.34596899584012886,0.4372787653762402,0.6644032249996835,0.6677335600240478,-12.286127086715727
rho,complements,-0.4,2,0.5409299255302531,1.2,0.697025218766882,0.3460081128329513,0.4377211811382518,0.6653802600081185,0.6687154924408428,-12.268639108075845
rho,complements,-0.4,2,0.5428900550320312,1.2,0.6974177482319763,0.3459624974887074,0.43722519607241206,0.6662027279336736,0.6695420830040311,-12.250756375670203
rho,complements,-0.4,2,0.5449015765825912,1.2,0.6973521640983181,0.34597195557335814,0.4373122311420582,0.6671550194840313,0.6704991479356491,-12.232548105061504
rho,complements,-0.4,2,0.5469650082231464,1.2,0.6969972200228238,0.3460111667962669,0.4377561062711097,0.6681958816142156,0.6715452274089728,-12.213932731128292
rho,complements,-0.4,2,0.5490808826180046,1.2,0.6970591121820403,0.34600442881829624,0.4376789323778555,0.6691597832517441,0.6725139606235658,-12.194921483902402
rho,complements,-0.4,2,0.5512497472834679,1.2,0.6970621229571633,0.3460040269523563,0.4376750101707808,0.670158603452615,0.6735177874315282,-12.17554865214112
rho,complements,-0.4,2,0.5534721648236569,1.2,0.697402822723312,0.3459665779675243,0.4372493761070331,0.6710985638250149,0.6744624593749019,-12.155830304340647
rho,complements,-0.4,2,0.5557487131734017,1.2,0.6970184167655868,0.3460087559946817,0.43772944183035145,0.6722315005585124,0.6756010749774084,-12.135744839164811
rho,complements,-0.4,2,0.5580799858483445,1.2,0.6966025988972059,0.3460547617637159,0.43824960078290187,0.673393537982994,0.6767689371387197,-12.115248278733285
rho,complements,-0.4,2,0.5604665922024078,1.2,0.6969675390515626,0.3460144728589291,0.4377932853924886,0.6743910560213343,0.6777714552570347,-12.094377331410538
rho,complements,-0.4,2,0.5629091576927818,1.2,0.6972880658487342,0.3459768114999775,0.4373873426332149,0.6754192512362346,0.6788048043218974,-12.073164376039927
rho,complements,-0.4,2,0.5654083241525933,1.2,0.6969380508576376,0.34601763789525875,0.43782995188880924,0.6766305807960713,0.6800222056964202,-12.051627006750195
rho,complements,-0.4,2,0.5679647500714233,1.2,0.6968112031388983,0.3460316099472262,0.4379884882214108,0.6778092673770089,0.6812068004684315,-12.0297002575218
rho,complements,-0.4,2,0.5705791108838415,1.2,0.6963826436035814,0.34607893032379855,0.4385243703707937,0.6790820382399082,0.6824859511218304,-12.007382915701443
rho,complements,-0.4,2,0.5732520992661372,1.2,0.6971346987498577,0.3459959558546785,0.4375841291285534,0.6800919248936866,0.6835008998535265,-11.984678875689049
rho,complements,-0.4,2,0.5759844254414287,1.2,0.6970164062702537,0.34600920362522025,0.437732467551746,0.6813329103803206,0.6847481058057984,-11.961712726285771
rho,complements,-0.4,2,0.578776817493336,1.2,0.6966049694921326,0.3460543511575154,0.43824629893311245,0.6826664172648551,0.6860882969214078,-11.938372655836552
rho,complements,-0.4,2,0.5816300216884137,1.2,0.69614889616961,0.34610481265647025,0.4388168189352647,0.6840327950095041,0.6874615236630037,-11.914626822108573
rho,complements,-0.4,2,0.5845448028075416,1.2,0.696753331244077,0.34603802280882195,0.4380609044863313,0.6851629479945536,0.688597341563465,-11.890510837437564
rho,complements,-0.4,2,0.5875219444864789,1.2,0.6967429345825489,0.3460393313769886,0.4380742689804613,0.6864641107946455,0.6899050264692339,-11.866139272265483
rho,complements,-0.4,2,0.5905622495657936,1.2,0.6962649299389092,0.34609190144345303,0.43867150253484244,0.6879012786546069,0.6913493981630717,-11.841381493692623
rho,complements,-0.4,2,0.5936665404503856,1.2,0.69614998129387,0.346104628566428,0.43881531629478887,0.6892716247629879,0.6927266131599057,-11.81623989082701
rho,complements,-0.4,2,0.5968356594788269,1.2,0.6964358391493182,0.34607304518078885,0.43845782732071115,0.690565138968023,0.6940266111318754,-11.79078080440098
rho,complements,-0.4,2,0.600070469302753,1.2,0.6963731164689603,0.3460799639103192,0.4385362416796438,0.691966012669517,0.6954345067420195,-11.764997213505893
rho,complements,-0.4,2,0.6033718532765401,1.2,0.6962057078003873,0.3460983355181068,0.438745317154679,0.6934145889810568,0.6968903440725375,-11.73886805051636
rho,complements,-0.4,2,0.6067407158575169,1.2,0.6957377924999864,0.3460447476764017,0.4390916952300927,0.6949243092596286,0.6984076318554975,-11.712360916294248
rho,complements,-0.4,2,0.6101779830169621,1.2,0.6959948426515297,0.3461217128191071,0.4390092020222052,0.6963470624336344,0.6998375166094657,-11.68557074201265
rho,complements,-0.4,2,0.6136846026621482,1.2,0.6962527599264521,0.34609317465652295,0.43868656019454194,0.6977555668003443,0.7012530811336942,-11.658434980371299
rho,complements,-0.4,2,0.6172615450697004,1.2,0.6957191289312584,0.3461521330330426,0.4393539087876822,0.6993837275537754,0.7028894030768643,-11.630963076629143
rho,complements,-0.4,2,0.6209098033305457,1.2,0.6959428643141728,0.34612756967803937,0.43907446371562064,0.7008445613058938,0.7043575592886373,-11.60315115307051
rho,complements,-0.4,2,0.6246303938067362,1.2,0.6958109014261874,0.34614199643156474,0.4392391464806015,0.7024164543615449,0.7059373314910187,-11.575045423907177
rho,complements,-0.4,2,0.6284243566004422,1.2,0.6956999700249757,0.34615413322842725,0.43937760413709737,0.7040052466099107,0.7075340875936708,-11.546580349631052
rho,complements,-0.4,2,0.6322927560354111,1.2,0.6962985810692671,0.346088309989643,0.4386297059872434,0.7054366144789374,0.7089726302239984,-11.517786904356923
rho,complements,-0.4,2,0.6362366811512086,1.2,0.6957319701152542,0.34615056632615776,0.4393375143124716,0.7071850886454771,0.71072986865377,-11.488747487958772
rho,complements,-0.4,2,0.6402572462105554,1.2,0.6951926268458206,0.3462101820064465,0.44001206594480013,0.7089495897589841,0.7125032143659149,-11.459307181438476
rho,complements,-0.4,2,0.6443555912200942,1.2,0.695448911018951,0.3461817734290453,0.43969135111812396,0.7105338000511199,0.7140953655451856,-11.429556248549643
rho,complements,-0.4,2,0.6485328824649206,1.2,0.6956439025771173,0.34616025966722735,0.4394475663481543,0.7121554949438255,0.7157251892173684,-11.399584994286322
rho,complements,-0.4,2,0.652790313057229,1.2,0.695053779171427,0.3462228492227842,0.44017964286584765,0.7140000912339672,0.7175790315848918,-11.36922212771486
rho,complements,-0.4,2,0.6571291034994325,1.2,0.6953096286668561,0.34622822142683995,0.43993597752921704,0.7156623795155447,0.7192496521211549,-11.338518052218717
rho,complements,-0.4,2,0.6615505022621248,1.2,0.6955496430583652,0.34617067562048154,0.4395654492488869,0.7173279602447185,0.7209235816084767,-11.307618477821565
rho,complements,-0.4,2,0.6660557863772645,1.2,0.6952706723766209,0.3462014579751299,0.4399142343109739,0.7191611456163584,0.7227659558600312,-11.276374222439696
rho,complements,-0.4,2,0.6706462620469753,1.2,0.6946548020016262,0.34626689078912387,0.4406785063081068,0.7211039685865903,0.7247185172709275,-11.244773982785787
rho,complements,-0.4,2,0.6753232652683625,1.2,0.6953811356886689,0.34618930099685713,0.439776198972203,0.7227213321279873,0.7263439878808129,-11.212916674425653
rho,complements,-0.4,2,0.6800881624747613,1.2,0.6951232709991827,0.3462177095742583,0.4400984943152352,0.7246170651691158,0.7282492233233542,-11.180819026121585
rho,complements,-0.4,2,0.6849423511938463,1.2,0.694485596758621,0.3462881622235035,0.440895955164285,0.7266356604744043,0.730277936879717,-11.14833657804011
rho,complements,-0.4,2,0.6898872607230374,1.2,0.6950257056777532,0.3462258389093321,0.44021449696861203,0.7283660003062276,0.7320169500760411,-11.115581708058649
rho,complements,-0.4,2,0.6949243528226603,1.2,0.694939063862716,0.346238014399774,0.4403287527959716,0.7302858577531733,0.7339464308484868,-11.082618816812925
rho,complements,-0.4,2,0.7000551224273222,1.2,0.6942482328194006,0.34631167618070613,0.4411866487584408,0.7323872116580479,0.7360583178336424,-11.049274490677636
rho,complements,-0.4,2,0.7052810983759861,1.2,0.6948173579417705,0.34625153445107254,0.44048112219326213,0.7341782453027982,0.737858329071897,-11.01570086187364
rho,complements,-0.4,2,0.7106038441612367,1.2,0.6946108282022274,0.34627422886511533,0.4407391228638542,0.7361975567784981,0.7398877623884904,-10.981852879617456
rho,complements,-0.4,2,0.7160249586982449,1.2,0.6943946177339564,0.34629817194068746,0.44100963622752287,0.7382426148587095,0.7419430713649875,-10.947682998668718
rho,complements,-0.4,2,0.7215460771139571,1.2,0.6945371032907186,0.3462823353178899,0.44083123321025575,0.7402139875151227,0.7439243255679627,-10.913294933567043
rho,complements,-0.4,2,0.7271688715570458,1.2,0.6943540986226796,0.3463027414445112,0.44106051897347187,0.742296094970748,0.7460168696306407,-10.878587639820818
rho,complements,-0.4,2,0.7328950520291776,1.2,0.6940574457018249,0.3463323959825526,0.4414244283866044,0.7444310181828375,0.7481624941898642,-10.843623291502809
rho,complements,-0.4,2,0.7387263672381705,1.2,0.6942598684400719,0.3463129564647953,0.44117791682208385,0.7464554625740036,0.7501970861507699,-10.808436801543746
rho,complements,-0.4,2,0.7446646054736273,1.2,0.6944206089953324,0.3463534022071947,0.4411089072105852,0.7485342588364864,0.7522863024228807,-10.772924867308092
rho,complements,-0.4,2,0.7507115955056528,1.2,0.6938622505619328,0.346145943986716,0.4411967503999391,0.7507115755921229,0.7544745330241722,-10.737167387742437
rho,complements,-0.4,2,0.7568692075072764,1.2,0.6943505330034005,0.3463028797699548,0.441064398314857,0.7528027879141852,0.7565762275916205,-10.701200421841918
rho,complements,-0.4,2,0.7631393540012239,1.2,0.693593139233788,0.3463838338622799,0.44200539596586275,0.7551814937536429,0.7589668567437167,-10.66493470395147
rho,complements,-0.4,2,0.7695239908317001,1.2,0.6942655861026505,0.34631230083026754,0.44117071218039633,0.7571891922680014,0.7609846188887579,-10.628402393733516
rho,complements,-0.4,2,0.7760251181618615,1.2,0.6939010254480619,0.3463524928040789,0.44162642823158904,0.7595069780333814,0.7633140226036342,-10.591705440222084
rho,complements,-0.4,2,0.7826447814976824,1.2,0.6932352410754283,0.34642598900713795,0.44245890199276056,0.761932931636783,0.765752136350077,-10.554659889601266
rho,complements,-0.4,2,0.7893850727389358,1.2,0.6942795089805203,0.34631070250082274,0.44115316429134577,0.7639022493597504,0.7677313253192095,-10.517408248653892
rho,complements,-0.4,2,0.7962481312580323,1.2,0.6935319389868084,0.3463931879449359,0.4420878112723061,0.7663987330916929,0.7702403227279336,-10.479982184182285
rho,complements,-0.4,2,0.8032361450074849,1.2,0.6932683880602558,0.34641991707319697,0.44241198386175495,0.7687816981875453,0.7726352324860362,-10.442173644291906
rho,complements,-0.4,2,0.8103513516567865,1.2,0.6938969824365733,0.3463528946700189,0.4416313826750298,0.77093609097712,0.7748004242144079,-10.404268276128416
rho,complements,-0.4,2,0.8175960397595149,1.2,0.6931334052751484,0.3464372049597351,0.44258617557353086,0.773509565776551,0.7773867986099522,-10.366098956575204
rho,complements,-0.4,2,0.8249725499515008,1.2,0.6927441463806661,0.3464774426981451,0.4430666936587271,0.7759993379709673,0.7798890508394283,-10.327609207831827
rho,complements,-0.4,2,0.8324832761809209,1.2,0.6934845712536502,0.34639834173550055,0.4421468678024651,0.7781897231784168,0.7820904153984202,-10.289023913318864
rho,complements,-0.4,2,0.8401306669712053,1.2,0.693089435334572,0.346441979766659,0.4426409747762108,0.7807293575132453,0.7846427797033273,-10.250164878660993
rho,complements,-0.4,2,0.8479172267176741,1.2,0.6932298009959843,0.34642647803214477,0.44246545118092007,0.7831374482969548,0.7870629410923213,-10.2110373942215
rho,complements,-0.4,2,0.8558455170188431,1.2,0.6930007296396413,0.346451862599549,0.44275209473613597,0.7856764354193548,0.7896146549406342,-10.171753729794977
rho,complements,-0.4,2,0.8639181580433734,1.2,0.6926392400032976,0.3464917708514539,0.4432040962878,0.7882780676855209,0.7922293279428029,-10.132257595343976
rho,complements,-0.4,2,0.8721378299336601,1.2,0.6927295728056585,0.3464817355510816,0.4430910034241945,0.7907708732381804,0.7947346287352937,-10.092502167959351
rho,complements,-0.4,2,0.8805072742470966,1.2,0.6929742177116494,0.34645464865223796,0.4427849254316263,0.7932411081590072,0.7972172457601887,-10.052594833060551
rho,complements,-0.4,2,0.88902929543607,1.2,0.6921204224249713,0.34654611292790344,0.44384616169551383,0.7960592782649034,0.800049542002526,-10.012421638450002
rho,complements,-0.4,2,0.8977067623677852,1.2,0.6926918703817775,0.3464857615250393,0.44313783675701157,0.7984801398607582,0.8024825382176277,-9.972105447250588
rho,complements,-0.4,2,0.9065426098850453,1.2,0.6924281412799658,0.34649714575639873,0.44342738529554665,0.8011648450623114,0.805180700560005,-9.93156687546615
rho,complements,-0.4,2,0.9155398404091444,1.2,0.6930050343974803,0.3464726722613514,0.44279498629126474,0.8036436047356962,0.8076718850679582,-9.890793790169138
rho,complements,-0.4,2,0.9247015255860773,1.2,0.6921926027475117,0.34654097327937755,0.44376232465011667,0.8065399087939555,0.8105827069107248,-9.849920451584305
rho,complements,-0.4,2,0.9340308079772923,1.2,0.6918614158706641,0.3465747241075159,0.4441700584051821,0.8093230753832266,0.8133798241805796,-9.808753604793706
rho,complements,-0.4,2,0.9435309027962627,1.2,0.6925134481008623,0.3465054362992155,0.4433608814257585,0.811832933958432,0.8159022634742475,-9.767494939198588
rho,complements,-0.4,2,0.9532050996921831,1.2,0.6916228024879358,0.3466038253437829,0.44447467339176394,0.8148361153529537,0.818920498378154,-9.725998885786836
rho,complements,-0.4,2,0.9630567645821445,1.2,0.6917861356381632,0.3465857875926307,0.4442704306219232,0.8175408147362184,0.8216387551234954,-9.684275878151105
rho,complements,-0.4,2,0.9730893415331738,1.2,0.6919359581856535,0.34656911394615214,0.4440827922442196,0.8202726098413166,0.8243842434085414,-9.642516184280016
rho,complements,-0.4,2,0.9833063546955787,1.2,0.6915429091113345,0.3466125907695678,0.44457444675404534,0.8231961619351718,0.8273224498682508,-9.600440272709415
rho,complements,-0.4,2,0.9937114102890687,1.2,0.6921726186512742,0.34654303068051046,0.44378697493212355,0.8258250340059117,0.829964499215082,-9.558265640715716
rho,complements,-0.4,2,1.0043081986431819,1.2,0.6913891133191554,0.34662668096556853,0.44476019911075415,0.8289175870313324,0.8330725537270515,-9.515933480554548
rho,complements,-0.4,2,1.0151004962935855,1.2,0.6909379601156302,0.3466764606092138,0.4453242525460667,0.8319322301190081,0.8361023077760877,-9.473353923475228
rho,complements,-0.4,2,1.0260921681358672,1.2,0.691618103641541,0.3466042218079447,0.4444802714188778,0.8346151182623339,0.8387986439521955,-9.430725464962197
rho,complements,-0.4,2,1.037287169638491,1.2,0.691241210856754,0.3466457566733717,0.44495136527845297,0.8376542024395096,0.8418529616022027,-9.387896220303803
rho,complements,-0.4,2,1.0486895491166357,1.2,0.6913637645002048,0.3466287595797595,0.44479026222669005,0.8405568681709463,0.844770177006166,-9.344818062940108
rho,complements,-0.4,2,1.0603034500686892,1.2,0.691471662840172,0.34662029805729144,0.4446631731537649,0.8434902899885452,0.8477183026618152,-9.301753011998777
rho,complements,-0.4,2,1.0721331135772334,1.2,0.6906634532108643,0.3467066798901793,0.44566729678006245,0.846739545257968,0.8509838448910533,-9.258433185091386
rho,complements,-0.4,2,1.0841828807763967,1.2,0.6913668018319463,0.34653621865386386,0.444577342075017,0.8494855568931898,0.853743620966877,-9.214938257586425
rho,complements,-0.4,2,1.0964571953875313,1.2,0.6908884507536176,0.3466846198976063,0.4453922671741536,0.852720166706687,0.8569944443295364,-9.17144865433726
rho,complements,-0.4,2,1.1089606063252093,1.2,0.6909504270094806,0.34686936249098405,0.4457492871200713,0.8558455705730978,0.8601355143480214,-9.127613218438862
rho,complements,-0.4,2,1.1216977703756155,1.2,0.691196959079803,0.346650535850426,0.44500645622896307,0.8587642755115131,0.8630688493558231,-9.083828806122257
rho,complements,-0.4,2,1.1346734549494641,1.2,0.6902911412126104,0.3467505117832884,0.44613901951188784,0.862170952100182,0.8664926019819539,-9.039839930401339
rho,complements,-0.4,2,1.147892540911644,1.2,0.6908489610601214,0.34668900968151806,0.4454417128975616,0.865118087671962,0.8694545101322628,-8.995681736400202
rho,complements,-0.4,2,1.1613600254898573,1.2,0.6905976020088767,0.3467167010485129,0.4457558759691504,0.8683566535782136,0.872709309417674,-8.951474205213188
rho,complements,-0.4,2,1.1750810252645967,1.2,0.6901248962854168,0.3467659677532041,0.44634031857885026,0.8716922450135813,0.8760616205746902,-8.907046185396394
rho,complements,-0.4,2,1.189060779242872,1.2,0.6902434023065214,0.3467559079012913,0.4461989968136073,0.8748562751318358,0.8792415104599121,-8.86259340892561
rho,complements,-0.4,2,1.2033046520181812,1.2,0.6899316008614192,0.346787351929839,0.4465821133154556,0.8781861114452758,0.8825880376473315,-8.817964226842925
rho,complements,-0.4,2,1.217818137019287,1.2,0.6905571022182756,0.3467211578100813,0.44580648369498876,0.8812239965594898,0.885641150224049,-8.773242801961304
rho,complements,-0.4,2,1.2326068598504607,1.2,0.6895724737082134,0.3468269094821807,0.4470309569973725,0.8848309486362714,0.8892661822233544,-8.728404978383262
rho,complements,-0.4,2,1.247676581725918,1.2,0.689816769930029,0.34680297887940603,0.4467323861684638,0.8880449814938175,0.8924963254876417,-8.683452832501265
rho,complements,-0.4,2,1.2630332030012734,1.2,0.6898838123301136,0.34679540554699567,0.44664816745047253,0.8913410190717499,0.8958088845226868,-8.638444940550455
rho,complements,-0.4,2,1.2786827668049243,1.2,0.6894768626094506,0.3468131884979121,0.44709544890381403,0.8948118486701572,0.8992971117268557,-8.593238953135078
rho,complements,-0.4,2,1.294631462772364,1.2,0.6902029710794997,0.3467601866121891,0.4462491321569453,0.8979372357953876,0.902438164920245,-8.547995712578675
rho,complements,-0.4,2,1.31088563088653,1.2,0.6897269892435985,0.34688528190271817,0.4470088301117662,0.9015264258411617,0.9060453458559918,-8.50268422536837
rho,complements,-0.4,2,1.3274517654273796,1.2,0.6893723177465785,0.3468519988865287,0.4472880157280686,0.9050289206955406,0.9095653970388883,-8.457215111702945
rho,complements,-0.4,2,1.3443365190339982,1.2,0.6895812929709334,0.3468288083764598,0.44702644442687756,0.9083901713566401,0.9129434960390402,-8.411719910505672
rho,complements,-0.4,2,1.3615467068826452,1.2,0.689092923701381,0.34688264728586377,0.44763692034295827,0.9120219140246684,0.9165934428929479,-8.366137788599424
rho,complements,-0.4,2,1.3790893109842512,1.2,0.6888288963662013,0.34679095315555747,0.4476929853906031,0.9155398046234954,0.9201289669917827,-8.320344575691967
rho,complements,-0.4,2,1.3969714846049992,1.2,0.6894245748760424,0.3468459737488342,0.4472220935863136,0.9188887114767657,0.9234946603105111,-8.274674737899266
rho,complements,-0.4,2,1.4152005568137338,1.2,0.6884632462215878,0.34695219156364115,0.4484243242447503,0.9227629214212953,0.9273882898132014,-8.228797565101274
rho,complements,-0.4,2,1.4337840371600625,1.2,0.6896341682064677,0.34689273272096494,0.4471185496046808,0.9259226726315398,0.9305638793422979,-8.182826628697674
rho,complements,-0.4,2,1.4527296204871472,1.2,0.6887997629789315,0.3469149849062473,0.4480034227884375,0.9297650706852296,0.9344255374963819,-8.136936409911236
rho,complements,-0.4,2,1.4720451918832933,1.2,0.6877714739907018,0.34702540571403484,0.4492821461687294,0.9337365850030904,0.9384169591126044,-8.090750709237934
rho,complements,-0.4,2,1.4917388317766058,1.2,0.6890633386908341,0.346885789439894,0.44767363175884556,0.9368817764489432,0.9415779158961862,-8.044726687377233
rho,complements,-0.4,2,1.5118188211770927,1.2,0.6881108381035428,0.3469909464157508,0.44886462836738006,0.9408755294353036,0.9455916876526981,-7.9985503045534525
rho,complements,-0.4,2,1.5322936470707536,1.2,0.6887956116808847,0.34691584044209733,0.4480095144417921,0.9442849042013914,0.9490181519809184,-7.952216181141404
rho,complements,-0.4,2,1.5531720079703377,1.2,0.6883797835208898,0.34696129457859837,0.4485284325833714,0.9481261974185746,0.9528786997604799,-7.906037812430043
rho,complements,-0.4,2,1.5744628196276003,1.2,0.6880343731421827,0.34699667639038906,0.44895408891121963,0.9519636010970656,0.9567353385049552,-7.8596085019186885
rho,complements,-0.4,2,1.5961752209120554,1.2,0.6887435062451457,0.3469185164534201,0.448067689071211,0.9554262844789057,0.9602153786594761,-7.813239101844222
rho,complements,-0.4,2,1.618318579861377,1.2,0.6877582024074147,0.3470299207129993,0.4493056577696677,0.9595552558374939,0.9643650465731274,-7.766834584286004
rho,complements,-0.4,2,1.6409024999087747,1.2,0.6884817629637372,0.3469558200417891,0.44841403689104053,0.9630572325995167,0.9678845770667188,-7.7202835835275785
rho,complements,-0.4,2,1.6639368262928396,1.2,0.6881303719846467,0.3469887109639472,0.44884002448158544,0.9669861998957615,0.971833238393492,-7.673824101458387
rho,complements,-0.4,2,1.6874316526555453,1.2,0.6876366639899303,0.34704318262557976,0.44945727420488457,0.9709964982109057,0.9758636384125934,-7.627263823302747
rho,complements,-0.4,2,1.7113973278342638,1.2,0.6878127481597595,0.3470238117547204,0.4492372568999464,0.974770001103441,0.9796560560670904,-7.580661544377486
rho,complements,-0.4,2,1.7358444628538618,1.2,0.6874573895512726,0.3470628160052876,0.44968107714871963,0.9787721832064464,0.9836782991913704,-7.53404736362899
rho,complements,-0.4,2,1.7607839381251333,1.2,0.6869656372199079,0.3471141155595712,0.4502891768691998,0.9828494911247836,0.9877760447006984,-7.487385166247671
rho,complements,-0.4,2,1.7862269108560356,1.2,0.6872104756537245,0.3470903804879884,0.4499905072930333,0.9866626535531405,0.9916083206852678,-7.440733178789509
rho,complements,-0.4,2,1.8121848226824113,1.2,0.6873605052813071,0.34707365130500284,0.4498025358784393,0.990531927465199,0.995496989413521,-7.394062288302628
rho,complements,-0.4,2,1.8386694075250942,1.2,0.6875274620980718,0.34705523123172755,0.4495938023354864,0.9944151078273666,0.999399634298255,-7.347322657815378
rho,complements,-0.4,2,1.8656926996805347,1.2,0.6871243053058835,0.3470997803352431,0.4500979964944478,0.9985479106591385,1.003553152890429,-7.300598466105794
rho,complements,-0.4,2,1.8932670421523103,1.2,0.6867698763124913,0.3471390040309493,0.45054138482970185,1.002683783705774,1.0077097570869826,-7.25388499343058
rho,complements,-0.4,2,1.921405095231136,1.2,0.6868761730766044,0.34712714221573276,0.45040818546867767,1.0066549633926887,1.011700842394914,-7.207130650240654
rho,complements,-0.4,2,1.9501198453312445,1.2,0.686542808123103,0.34716063927528307,0.45081752175323897,1.010824231309512,1.0158910088541389,-7.160378076237334
rho,complements,-0.4,2,1.979424614091259,1.2,0.686123467635271,0.3472069402073734,0.451341872755052,1.0150526916935723,1.0201406644840774,-7.113585218002353
rho,complements,-0.4,2,2.009333067747975,1.2,0.6868902152741656,0.34712543988429334,0.45039028238341183,1.0188160515472564,1.0239228882575298,-7.066895235779278
rho,complements,-0.4,2,2.0398592267917226,1.2,0.6865593988401545,0.34715912643566393,0.4507974999159313,1.0230485191485448,1.0281765711909563,-7.020109779393646
rho,complements,-0.4,2,2.071017475912293,1.2,0.6867498784935735,0.3471383783497401,0.4505599636036373,1.027086958307683,1.032235253110619,-6.9733319978463495
rho,complements,-0.4,2,2.1028225742447084,1.2,0.6862628950551157,0.3471946835972363,0.45117464734341645,1.0314303118731725,1.0366003778264554,-6.9266871889088595
rho,complements,-0.4,2,2.135289665924415,1.2,0.6859347224500023,0.34722765293820057,0.45157759441383655,1.0357256169845992,1.0409172132443507,-6.879859776442842
rho,complements,-0.4,2,2.168434290961828,1.2,0.6867296410173798,0.34714312860512353,0.4505909746590404,1.039569693962485,1.044780558738273,-6.833210489207351
rho,complements,-0.4,2,2.2022723964464688,1.2,0.6856483013537109,0.3472625141024246,0.45194308063058797,1.044228289946587,1.0494625060319207,-6.786540906191483
rho,complements,-0.4,2,2.23682034809129,1.2,0.6859713374538317,0.3472560043098535,0.451605280320916,1.0483262629151473,1.0535810201754674,-6.7397152079802805
rho,complements,-0.4,2,2.2720949421281498,1.2,0.6861296198806246,0.34720927696028264,0.45134102026529654,1.0524795339298503,1.0577551095477666,-6.693223294873858
rho,complements,-0.4,2,2.308113417565749,1.2,0.6851177179605005,0.3473211305196417,0.45260660605804703,1.0571753644336395,1.062474477999908,-6.646546252459116
rho,complements,-0.4,2,2.344893468821764,1.2,0.6865426627171081,0.3471612551845839,0.4508190640415282,1.060831726467469,1.0661491676247017,-6.599871479442472
rho,complements,-0.4,2,2.382453258741261,1.2,0.6856171464899654,0.3472658103931784,0.45198171148176325,1.0655336423737274,1.0708746519825194,-6.553432500844424
rho,complements,-0.4,2,2.4208114320139376,1.2,0.6851466814758073,0.34731490444897717,0.4525635218144731,1.0700549143938811,1.075418586972985,-6.506788669626593
rho,complements,-0.4,2,2.4599871290031343,1.2,0.6859734804247115,0.3472265735870813,0.451536388470789,1.0740259393981173,1.0794095168228883,-6.460315407254875
rho,complements,-0.4,2,2.5,1.2,0.6850505109646381,0.34732837873567723,0.45269025200787794,1.0787892863259751,1.0841967401265826,-6.413921167701137
rho,complements,-0.4,3,0.5,1.2,0.549543481339394,0.3742444333613335,0.7300796911301584,0.709022683244563,0.7125766742341149,-15.468010623304291
rho,complements,-0.4,3,0.5000203210855501,1.2,0.5495423026186574,0.37424455754473845,0.7300811783224725,0.7090344521363063,0.7125885021176737,-15.467402134146347
rho,complements,-0.4,3,0.5000812892976928,1.2,0.5495386734265642,0.3742449082443017,0.7300856786522811,0.7090697675108234,0.7126239945112421,-15.465576701784324
rho,complements,-0.4,3,0.5001829195049198,1.2,0.549532645419304,0.3742455083423225,0.730093197303025,0.7091286281495045,0.7126831501901024,-15.462534431534294
rho,complements,-0.4,3,0.5003252364947652,1.2,0.5495242080006675,0.3742463665790615,0.7301037665817212,0.7092110394122157,0.7127659745409869,-15.458275498923346
rho,complements,-0.4,3,0.5005082749838822,1.2,0.5495133639349647,0.3742474688124801,0.7301173485952357,0.7093170021268784,0.7128724683959673,-15.452800149668269
rho,complements,-0.4,3,0.500732079632158,1.2,0.5495001188217546,0.374248797562057,0.7301338943223948,0.7094465172113014,0.7130026326774525,-15.446108699677948
rho,complements,-0.4,3,0.5009967050608752,1.2,0.5494844826175422,0.37425037571009145,0.7301534506463248,0.7095995928221318,0.7131564755829753,-15.438201535061422
rho,complements,-0.4,3,0.5013022158749305,1.2,0.5494664015007584,0.3742522092959551,0.7301760863903939,0.7097762434403698,0.7133340116661222,-15.429079112104176
rho,complements,-0.4,3,0.5016486866891229,1.2,0.5494459426487877,0.3742542650278468,0.7302016516803838,0.7099764624992534,0.7135352343272147,-15.418741957214227
rho,complements,-0.4,3,0.502036202158526,1.2,0.5494230671722264,0.37425656038628763,0.7302302288273119,0.7102002665158995,0.7137601601661626,-15.40719066698112
rho,complements,-0.4,3,0.502464857012963,1.2,0.5493978115335368,0.37425911825357705,0.7302618382083484,0.7104476643036981,0.7140087980405332,-15.394425908109032
rho,complements,-0.4,3,0.5029347560956027,1.2,0.5493701226545071,0.3742619026370248,0.7302964434958623,0.710718667214239,0.7142811593588162,-15.380448417397282
rho,complements,-0.4,3,0.5034460144056994,1.2,0.5493400584495571,0.3742649320487998,0.7303340327596612,0.7110132825857612,0.7145772514960336,-15.365259001731426
rho,complements,-0.4,3,0.5039987571454999,1.2,0.5493075771869356,0.3742682098273846,0.7303746560242876,0.7113315289451871,0.7148970930719745,-15.348858538064942
rho,complements,-0.4,3,0.5045931197713469,1.2,0.5492727092014269,0.3742717114212387,0.7304182219689299,0.7116734118928822,0.7152406897150764,-15.3312479733585
rho,complements,-0.4,3,0.5052292480490046,1.2,0.549235451955967,0.37427547385470006,0.7304648250991077,0.7120389526095984,0.7156080627122601,-15.31242832460557
rho,complements,-0.4,3,0.5059072981132409,1.2,0.5491957733751904,0.37427946010343077,0.7305144055217314,0.7124281645650027,0.7159992256007096,-15.292400678744318
rho,complements,-0.4,3,0.5066274365316988,1.2,0.5491537691352824,0.37428370012074924,0.7305669419646585,0.7128410571295432,0.7164141877978426,-15.27116619265636
rho,complements,-0.4,3,0.507389840373095,1.2,0.549109354689548,0.374288198276786,0.7306225298299882,0.7132776594596689,0.7168529786062554,-15.248726093144201
rho,complements,-0.4,3,0.5081946972797818,1.2,0.549062517794874,0.37429289299566243,0.7306810284063514,0.7137379812680563,0.7173156077873092,-15.225081676833868
rho,complements,-0.4,3,0.5090422055447187,1.2,0.549013353163691,0.3742978458532571,0.7307424959357994,0.7142220403094206,0.7178020931847157,-15.200234310207826
rho,complements,-0.4,3,0.5099325741928927,1.2,0.5489617829387954,0.37430304540842024,0.7308069818557204,0.7147298651480005,0.7183124635058917,-15.174185429527268
rho,complements,-0.4,3,0.5108660230672385,1.2,0.5489078183721579,0.3743084758498721,0.7308744356389241,0.715261473111392,0.7188467361652887,-15.146936540771897
rho,complements,-0.4,3,0.5118427829191048,1.2,0.5488515496157507,0.3743141529888925,0.7309448064086581,0.7158168776583155,0.7194049246890892,-15.118489219609065
rho,complements,-0.4,3,0.5128630955033207,1.2,0.5487928916386717,0.3743200741245923,0.7310181724868154,0.7163961126491036,0.7199870631073512,-15.088845111366322
rho,complements,-0.4,3,0.5139272136779165,1.2,0.5487318255219895,0.3743262103353009,0.7310944809508977,0.7169991999229969,0.7205931733687848,-15.058005930934831
rho,complements,-0.4,3,0.5150354015085564,1.2,0.5486684177148262,0.37433260031459736,0.7311737614666336,0.7176261627147694,0.7212232788246292,-15.025973462751333
rho,complements,-0.4,3,0.5161879343777439,1.2,0.5486026949646265,0.3743392211801824,0.7312559304469464,0.7182770198306891,0.7218773983754189,-14.992749560707367
rho,complements,-0.4,3,0.5173850990988615,1.2,0.5485346048673487,0.374346086042447,0.7313410728620895,0.7189518073880699,0.7225555683195066,-14.958336148138054
rho,complements,-0.4,3,0.5186271940351138,1.2,0.5484641436372284,0.3743531932321499,0.7314291883514317,0.7196505536248945,0.7232578170364188,-14.922735217716593
rho,complements,-0.4,3,0.5199145292234401,1.2,0.5483913647515986,0.3743605111267311,0.7315201448872013,0.7203732751206741,0.7239841611887715,-14.885948831381452
rho,complements,-0.4,3,0.5212474265034702,1.2,0.5483162347822259,0.37436810027042144,0.7316141262895006,0.7211200164095938,0.7247346455339785,-14.847979120346137
rho,complements,-0.4,3,0.5226262196515982,1.2,0.5482387664278072,0.3743759017882314,0.7317109736141594,0.7218907965015224,0.7255092891771959,-14.80882828491595
rho,complements,-0.4,3,0.5240512545202515,1.2,0.5481589680694035,0.3743839227511803,0.7318106960445283,0.722685647127,0.7263081240080138,-14.768498594503342
rho,complements,-0.4,3,0.5255228891824385,1.2,0.5480768913386986,0.37439221599488615,0.7319133731925984,0.7235046031093452,0.7271311850243034,-14.726992387536116
rho,complements,-0.4,3,0.5270414940816569,1.2,0.5479924363361955,0.3744007118408032,0.7320189318763596,0.724347698918718,0.7279785068690072,-14.68431207134066
rho,complements,-0.4,3,0.5286074521872524,1.2,0.5479056955459299,0.3744094527150475,0.7321273849982478,0.7252149639853535,0.72885011911988,-14.640460122102667
rho,complements,-0.4,3,0.5302211591553182,1.2,0.5478166831386168,0.374418449027121,0.7322387442447517,0.7261064333295791,0.729746056972789,-14.595439084768431
rho,complements,-0.4,3,0.5318830234952302,1.2,0.5477253363790435,0.37442765334318384,0.732352954525425,0.7270221429421629,0.730666356598907,-14.549251572947085
rho,complements,-0.4,3,0.5335934667419154,1.2,0.5476316715893157,0.374437065663236,0.7324699995181623,0.7279621274464189,0.7316110527950981,-14.50190026883961
rho,complements,-0.4,3,0.5353529236339561,1.2,0.5475357618892954,0.37444674923239724,0.7325899632039791,0.7289264257464024,0.732580184660425,-14.453387923157916
rho,complements,-0.4,3,0.537161842297634,1.2,0.5474375426630593,0.3744566576484756,0.7327127949357539,0.7299150767472836,0.7335737912950706,-14.403717354987965
rho,complements,-0.4,3,0.5390206844370244,1.2,0.5473370003924395,0.37446676159574577,0.7328384354113929,0.7309281163711138,0.7345919088011467,-14.35289145171391
rho,complements,-0.4,3,0.5409299255302531,1.2,0.5472342354717856,0.37447710953969543,0.7329669046248175,0.731965579745101,0.7356345724819371,-14.300913168932594
rho,complements,-0.4,3,0.5428900550320312,1.2,0.5471291962473015,0.37448770521286145,0.733098263501446,0.7330275151634486,0.7367018308737202,-14.247785530342489
rho,complements,-0.4,3,0.5449015765825912,1.2,0.5470219214887515,0.3744985220004078,0.7332324071602612,0.7341139543910163,0.7377937159005789,-14.193511627599204
rho,complements,-0.4,3,0.5469650082231464,1.2,0.5469123795020183,0.3745095528313149,0.7333693497309677,0.735224942720682,0.7389102730824214,-14.138094620255924
rho,complements,-0.4,3,0.5490808826180046,1.2,0.5468005811273529,0.3745208172493997,0.7335091289201559,0.7363605251997477,0.7400515476923509,-14.081537735632555
rho,complements,-0.4,3,0.5512497472834679,1.2,0.5466865561353937,0.3745323169239034,0.7336517191035821,0.7375207419481739,0.74121758005143,-14.023844268682872
rho,complements,-0.4,3,0.5534721648236569,1.2,0.5465702671735804,0.37454400338933835,0.7337970372455358,0.7387056339730275,0.7424084113722744,-13.965017581874848
rho,complements,-0.4,3,0.5557487131734017,1.2,0.546451839132539,0.3745559735766799,0.7339451992319337,0.7399152467849406,0.743624087393639,-13.90506110511384
rho,complements,-0.4,3,0.5580799858483445,1.2,0.5463311463023681,0.3745681261848224,0.7340960791407305,0.7411496253521758,0.7448646533091908,-13.843978335534583
rho,complements,-0.4,3,0.5604665922024078,1.2,0.5462083298433063,0.3745800479066762,0.7342485091568773,0.7424087239680675,0.7461300631831588,-13.781772837234605
rho,complements,-0.4,3,0.5629091576927818,1.2,0.5460831866067399,0.3745926269322992,0.7344048986930911,0.7436927745573905,0.7474205501028454,-13.71844824194317
rho,complements,-0.4,3,0.5654083241525933,1.2,0.5459559163522347,0.37460545972651016,0.7345640456084164,0.74500172670737,0.7487360634027805,-13.654008247630944
rho,complements,-0.4,3,0.5679647500714233,1.2,0.5458264014373198,0.3746185005247103,0.7347259538660604,0.7463356368205822,0.7500766597682599,-13.588456619208005
rho,complements,-0.4,3,0.5705791108838415,1.2,0.5456947606667326,0.37463175973640167,0.734890530518489,0.7476945397754167,0.7514423742525013,-13.521797188152346
rho,complements,-0.4,3,0.5732520992661372,1.2,0.5455609423638876,0.3746452552361597,0.735057871642733,0.7490784955894376,0.7528332671739085,-13.454033852408559
rho,complements,-0.4,3,0.5759844254414287,1.2,0.5454249179512554,0.37465893649520127,0.7352278803028243,0.7504875495360602,0.7542493840328306,-13.385170576171408
rho,complements,-0.4,3,0.578776817493336,1.2,0.5452868306253507,0.3746728725544785,0.7354005847999736,0.7519217453190778,0.755690768752127,-13.315211389782203
rho,complements,-0.4,3,0.5816300216884137,1.2,0.5451465563498664,0.3746870041449476,0.7355759619461831,0.7533811408329653,0.75715747951647,-13.244160389539026
rho,complements,-0.4,3,0.5845448028075416,1.2,0.5450041436665503,0.3747013524796666,0.7357540158929414,0.7548657852924289,0.7586495657872554,-13.172021737545128
rho,complements,-0.4,3,0.5875219444864789,1.2,0.5448596242843613,0.37471591588939435,0.7359347107848939,0.756375726605025,0.7601670757121772,-13.098799661529164
rho,complements,-0.4,3,0.5905622495657936,1.2,0.5447129361759668,0.37473068190133324,0.7361180776669447,0.7579110242065322,0.7617100690249375,-13.024498454690596
rho,complements,-0.4,3,0.5936665404503856,1.2,0.5445641961591435,0.374745664657522,0.736304034850141,0.7594717180418653,0.7632785858706754,-12.949122475492402
rho,complements,-0.4,3,0.5968356594788269,1.2,0.5444133522607687,0.3747608668588498,0.736492641016614,0.7610578698719487,0.7648726883198932,-12.872676147523258
rho,complements,-0.4,3,0.600070469302753,1.2,0.5442604269968946,0.3747762874736687,0.7366838710876983,0.7626695308951585,0.7664924278276002,-12.795163959273985
rho,complements,-0.4,3,0.6033718532765401,1.2,0.5441054058467589,0.37479190298208603,0.7368776811607427,0.764306753799682,0.7681378573460841,-12.716590463958779
rho,complements,-0.4,3,0.6067407158575169,1.2,0.5439482777685245,0.37480770258054563,0.7370740554415507,0.7659695935281727,0.7698090320933997,-12.636960279329525
rho,complements,-0.4,3,0.6101779830169621,1.2,0.5437891708446444,0.374823769057984,0.7372730714953876,0.767658103028107,0.7715060052824236,-12.556278087488883
rho,complements,-0.4,3,0.6136846026621482,1.2,0.5436279715548258,0.3748399890345525,0.7374745612070024,0.7693723335681714,0.7732288284388279,-12.474548634627634
rho,complements,-0.4,3,0.6172615450697004,1.2,0.5434647287270062,0.3748564361648727,0.7376786587065374,0.7711123483311392,0.7749775650620908,-12.391776730913646
rho,complements,-0.4,3,0.6209098033305457,1.2,0.5432995005030203,0.37487308692905197,0.7378852474287445,0.7728781915463894,0.7767522596032919,-12.30796725018196
rho,complements,-0.4,3,0.6246303938067362,1.2,0.543132209100369,0.3748899429963315,0.7380944093025184,0.7746699317306075,0.7785529809225581,-12.223125129797651
rho,complements,-0.4,3,0.6284243566004422,1.2,0.5429629424877356,0.3749069929255616,0.7383060279393594,0.7764876116515966,0.7803797720020668,-12.137255370363288
rho,complements,-0.4,3,0.6322927560354111,1.2,0.5427916736892895,0.37492425959904163,0.7385201871547298,0.7783312971295901,0.7822326989919769,-12.050363035563812
rho,complements,-0.4,3,0.6362366811512086,1.2,0.5426184180721516,0.3749417059924336,0.7387367796130533,0.7802010369965978,0.7841118109690696,-11.962453251864728
rho,complements,-0.4,3,0.6402572462105554,1.2,0.5424431410047865,0.3749593533187955,0.7389558926391011,0.7820968984126231,0.7860171754299892,-11.873531208345483
rho,complements,-0.4,3,0.6443555912200942,1.2,0.5422660024615371,0.3749772173894073,0.7391774055337506,0.7840189196194133,0.7879488308081707,-11.783602156384795
rho,complements,-0.4,3,0.6485328824649206,1.2,0.5420868286546487,0.3749952551405595,0.7394013851145007,0.785967176216071,0.7899068530816588,-11.692671409486453
rho,complements,-0.4,3,0.652790313057229,1.2,0.5419057735561512,0.3750135113052029,0.7396277885259726,0.7879417130264329,0.7918912872989701,-11.600744342973137
rho,complements,-0.4,3,0.6571291034994325,1.2,0.5417227651579708,0.3750319586309077,0.7398566200812038,0.7899425942223063,0.7939021979535751,-11.507826393758442
rho,complements,-0.4,3,0.6615505022621248,1.2,0.5415378194510032,0.3750505725661336,0.7400878028032725,0.7919698717628894,0.7959396372651182,-11.413923060060663
rho,complements,-0.4,3,0.6660557863772645,1.2,0.5413509770148042,0.3750693847334405,0.7403213746630617,0.7940236047574996,0.7980036646392035,-11.319039901172081
rho,complements,-0.4,3,0.6706462620469753,1.2,0.5411622818734596,0.3750884207160165,0.7405573551851252,0.7961038507150335,0.8000943378729922,-11.223182537161142
rho,complements,-0.4,3,0.6753232652683625,1.2,0.5409716349424946,0.3751076047959447,0.7407956553706317,0.7982106688844697,0.8022117165124496,-11.126356648576692
rho,complements,-0.4,3,0.6800881624747613,1.2,0.5407791873248535,0.37512700021834455,0.7410362812175142,0.8003441081655001,0.8043558497023784,-11.028567976202655
rho,complements,-0.4,3,0.6849423511938463,1.2,0.5405848490244103,0.37514659490447316,0.7412792927183007,0.8025042387240385,0.8065268079604005,-10.929822320760927
rho,complements,-0.4,3,0.6898872607230374,1.2,0.5403886420870521,0.3751663524675859,0.741524577442431,0.8046911093236782,0.8087246402945378,-10.830125542572382
rho,complements,-0.4,3,0.6949243528226603,1.2,0.5401906502127034,0.37518630659353835,0.7417721353656457,0.8069047729363719,0.8109493999422657,-10.729483561310566
rho,complements,-0.4,3,0.7000551224273222,1.2,0.5399908429174742,0.37520645458144136,0.742021990262826,0.8091452924800719,0.8132011501369145,-10.627902355678156
rho,complements,-0.4,3,0.7052810983759861,1.2,0.5397892062062474,0.3752267664779764,0.7422740817250458,0.8114127229694225,0.8154799461688903,-10.525387963072989
rho,complements,-0.4,3,0.7106038441612367,1.2,0.5395874437602588,0.3752391216883302,0.7425065345135531,0.8137052632890224,0.8177839778946631,-10.421946478996542
rho,complements,-0.4,3,0.7160249586982449,1.2,0.5393822196915999,0.3752597358189407,0.7427629640826486,0.8160266690915539,0.820117019792203,-10.317584057922836
rho,complements,-0.4,3,0.7215460771139571,1.2,0.5391752590314413,0.37528053403959355,0.7430215875229088,0.8183751507236305,0.8224772732374483,-10.212306911156041
rho,complements,-0.4,3,0.7271688715570458,1.2,0.5389665103578183,0.37530151031091696,0.7432824412544992,0.8207507727997803,0.8248648031688088,-10.106121307693213
rho,complements,-0.4,3,0.7328950520291776,1.2,0.5387560900901888,0.375322696255471,0.743545487408401,0.8231535813906856,0.8272796558878971,-9.999033573601928
rho,complements,-0.4,3,0.7387263672381705,1.2,0.5385439208551878,0.37534403196661825,0.7438106545498918,0.8255836337905683,0.8297218889761238,-9.891050091664432
rho,complements,-0.4,3,0.7446646054736273,1.2,0.5383299758764805,0.3753655201452478,0.7440779761643149,0.8280409917176965,0.8321915644611206,-9.78217730099728
rho,complements,-0.4,3,0.7507115955056528,1.2,0.5381143697992069,0.3753871907446784,0.7443474120105741,0.8305257000306239,0.8346887274262961,-9.672421696721113
rho,complements,-0.4,3,0.7568692075072764,1.2,0.5378970865623924,0.37540902962287115,0.7446189430208192,0.8330378145843489,0.8372134340066228,-9.5617898295754
rho,complements,-0.4,3,0.7631393540012239,1.2,0.5376781278143624,0.3754310482209759,0.7448925959665414,0.8355773932383024,0.8397657423515534,-9.450288305538917
rho,complements,-0.4,3,0.7695239908317001,1.2,0.5374575048474491,0.3754532165856739,0.7451682851513647,0.8381444834740465,0.8423457001806521,-9.337923785477335
rho,complements,-0.4,3,0.7760251181618615,1.2,0.5372352441466277,0.3754755542607819,0.7454460326371541,0.8407391399105067,0.844953362386623,-9.224702984714908
rho,complements,-0.4,3,0.7826447814976824,1.2,0.5370113033395432,0.37549804337172443,0.7457258363958201,0.8433614199340612,0.8475887866434948,-9.110632672663739
rho,complements,-0.4,3,0.7893850727389358,1.2,0.5367858173607675,0.37552071927359826,0.7460076493148505,0.8460113630689233,0.8502520126735966,-8.995719672426583
rho,complements,-0.4,3,0.7962481312580323,1.2,0.5365586999980136,0.3755435661551233,0.7462915183313124,0.8486890329516016,0.8529431044324164,-8.87997086036234
rho,complements,-0.4,3,0.8032361450074849,1.2,0.5363300213174357,0.3755665611340004,0.746577316539421,0.8513944661226706,0.8556620986436893,-8.763393165722029
rho,complements,-0.4,3,0.8103513516567865,1.2,0.5360997108380504,0.37558968466641274,0.7468650658733186,0.8541277216829418,0.8584090547044703,-8.645993570165363
rho,complements,-0.4,3,0.8175960397595149,1.2,0.5358678940678385,0.375613009131795,0.7471548206155401,0.8568888455630941,0.8611840187756672,-8.52777910735388
rho,complements,-0.4,3,0.8249725499515008,1.2,0.5356344728334266,0.3756364490403216,0.7474464665827321,0.8596778862271425,0.8639870395642217,-8.408756862554071
rho,complements,-0.4,3,0.8324832761809209,1.2,0.535399579015616,0.3756600615977408,0.7477400139931719,0.8624948837696123,0.8668181573656343,-8.288933972137901
rho,complements,-0.4,3,0.8401306669712053,1.2,0.5351631763527269,0.3756838266226422,0.7480354489779162,0.8653398886277118,0.8696774228699299,-8.168317623161444
rho,complements,-0.4,3,0.8479172267176741,1.2,0.5349252479406341,0.3757077370440066,0.748332770876678,0.8682129500450524,0.8725648855675553,-8.04691505290059
rho,complements,-0.4,3,0.8558455170188431,1.2,0.5346858436942322,0.37573179723196437,0.748631940629967,0.871114107784449,0.875480585420637,-7.924733548397021
rho,complements,-0.4,3,0.8639181580433734,1.2,0.5344449518182985,0.375756002816385,0.7489329591776017,0.8740434090147755,0.8784245698344841,-7.801780445971005
rho,complements,-0.4,3,0.8721378299336601,1.2,0.5342026223230552,0.37578036086828787,0.7492357940737717,0.8770008921077448,0.8813968773731483,-7.67806313075741
rho,complements,-0.4,3,0.8805072742470966,1.2,0.5339588672825902,0.3758048589148757,0.7495404022619608,0.8799865965157548,0.8843975476867835,-7.553589036215206
rho,complements,-0.4,3,0.88902929543607,1.2,0.5337137061455701,0.3758295219017432,0.7498468262583597,0.8830005674781441,0.8874266262414913,-7.4283656436138195
rho,complements,-0.4,3,0.8977067623677852,1.2,0.5334670931723732,0.37585428078793826,0.7501549403048654,0.8860428398369389,0.8904841480539445,-7.30240048158535
rho,complements,-0.4,3,0.9065426098850453,1.2,0.5332191058999235,0.3758792220949343,0.7504648817838931,0.8891134602286184,0.8935701599943887,-7.175701125525537
rho,complements,-0.4,3,0.9155398404091444,1.2,0.5329697639200042,0.3759042771758334,0.750776460584766,0.8922124501276486,0.8966846836449309,-7.0482751972030675
rho,complements,-0.4,3,0.9247015255860773,1.2,0.532719042443466,0.3759294722514174,0.7510897666290546,0.8953398580843851,0.8998277677992863,-6.920130364107105
rho,complements,-0.4,3,0.9340308079772923,1.2,0.5324669462157638,0.3759547756991262,0.7514047166208655,0.8984957137299703,0.9029994422371244,-6.79127433901338
rho,complements,-0.4,3,0.9435309027962627,1.2,0.5322135955400771,0.3759802544966167,0.7517213566295187,0.9016800471737887,0.9061997372187531,-6.661714879380339
rho,complements,-0.4,3,0.9532050996921831,1.2,0.5319588871160001,0.37600585580827095,0.7520396587117446,0.9048928993940709,0.9094286939278077,-6.5314597868476065
rho,complements,-0.4,3,0.9630567645821445,1.2,0.5317028752578232,0.3760315725630694,0.752359550988841,0.908134292827986,0.9126863349139237,-6.4005169066761045
rho,complements,-0.4,3,0.9730893415331738,1.2,0.5314456282495169,0.3760574390844611,0.7526810504362843,0.9114042552113711,0.9159726880519651,-6.268894127157204
rho,complements,-0.4,3,0.9833063546955787,1.2,0.5311868756669074,0.37608446607666746,0.7530069380675344,0.9147030931901551,0.9192880615249295,-6.1365993784977455
rho,complements,-0.4,3,0.9937114102890687,1.2,0.5309271034022436,0.37611058199651676,0.7533315822771038,0.9180302833466352,0.9226319292914721,-6.003640634528629
rho,complements,-0.4,3,1.0043081986431819,1.2,0.5306660871658802,0.3761368291707904,0.7536577964943629,0.9213861272024919,0.9260045943846572,-5.870025908680566
rho,complements,-0.4,3,1.0151004962935855,1.2,0.5304038474678128,0.3761631847171889,0.7539855033696843,0.9247706419703561,0.9294060741033943,-5.735763255698179
rho,complements,-0.4,3,1.0260921681358672,1.2,0.5301404837091921,0.3761897058414607,0.754314745600996,0.9281838473305436,0.9328363882266472,-5.600860770432567
rho,complements,-0.4,3,1.037287169638491,1.2,0.5298758581126413,0.3762162922741479,0.7546454118963417,0.9316257678639018,0.936295561458475,-5.465326587284158
rho,complements,-0.4,3,1.0486895491166357,1.2,0.529610101629258,0.37624300996125926,0.7549775351145096,0.9350964162140015,0.9397836065058255,-5.329168879532432
rho,complements,-0.4,3,1.0603034500686892,1.2,0.5293431600894161,0.376269843091515,0.7553111301499069,0.9385958179667162,0.943300549082821,-5.192395858742212
rho,complements,-0.4,3,1.0721331135772334,1.2,0.5290751215289575,0.3762967758536351,0.755646069691472,0.942123970991249,0.9468463870479845,-5.0550157741570825
rho,complements,-0.4,3,1.0841828807763967,1.2,0.5288059831687213,0.3763238556814594,0.7559824743440235,0.945680902624709,0.9504211478754526,-4.917036911986157
rho,complements,-0.4,3,1.0964571953875313,1.2,0.5285357545243365,0.3763510182982204,0.7563201749284427,0.9492666099806045,0.9540248286642653,-4.778467594860539
rho,complements,-0.4,3,1.1089606063252093,1.2,0.5282644286521059,0.3763782832477347,0.756659226935267,0.9528811109411056,0.9576574473862273,-4.639316181080318
rho,complements,-0.4,3,1.1216977703756155,1.2,0.5279920599609647,0.37640567404989517,0.7569996343789749,0.9565244110568849,0.961319009619834,-4.499591064005269
rho,complements,-0.4,3,1.1346734549494641,1.2,0.527718629977647,0.3764331557436593,0.7573413288896026,0.9601965135877106,0.9650095186411933,-4.359300671389868
rho,complements,-0.4,3,1.147892540911644,1.2,0.527444200049453,0.3764607589199394,0.7576843251076761,0.9638974203702715,0.9687289762962004,-4.218453464674747
rho,complements,-0.4,3,1.1613600254898573,1.2,0.5271687420075093,0.37648844591680386,0.7580285576498313,0.9676271316838528,0.9724773828655406,-4.0770579383339784
rho,complements,-0.4,3,1.1750810252645967,1.2,0.5268922999889781,0.376516252726943,0.7583740717847481,0.9713856497117127,0.9762547405434154,-3.935122619143582
rho,complements,-0.4,3,1.189060779242872,1.2,0.5266148582964286,0.3765441352549993,0.7587207736769893,0.9751729665242547,0.9800610413604816,-3.792656065531239
rho,complements,-0.4,3,1.2033046520181812,1.2,0.526336466763873,0.37657210764301163,0.7590686486213678,0.9789890734959096,0.9838962766479336,-3.6496668668237526
rho,complements,-0.4,3,1.217818137019287,1.2,0.5260556173173276,0.37660858564884936,0.7594401094344139,0.9828363246344795,0.9877628122130868,-3.506163642280852
rho,complements,-0.4,3,1.2326068598504607,1.2,0.5257753617229841,0.37663681450633857,0.7597904855107607,0.9867100183818001,0.9916559229311188,-3.3621550414222097
rho,complements,-0.4,3,1.247676581725918,1.2,0.5254941925732972,0.37666514029480314,0.7601420159189936,0.9906124761121021,0.9955779418121969,-3.2176497417432834
rho,complements,-0.4,3,1.2630332030012734,1.2,0.5252122022533283,0.37669358589654234,0.7604946651136826,0.9945436736567379,0.9995288445665276,-3.0726564489920234
rho,complements,-0.4,3,1.2786827668049243,1.2,0.5249292428159487,0.37672207289274984,0.7608483862496418,0.9985036064594803,1.0035086266150455,-2.9271838961721808
rho,complements,-0.4,3,1.294631462772364,1.2,0.5246455369566554,0.37675070091529,0.7612032041169248,1.002492238779026,1.0075172520372937,-2.7812408428053508
rho,complements,-0.4,3,1.31088563088653,1.2,0.5243609380180355,0.3767793632612791,0.7615590003229816,1.0065095537710111,1.0115547039044748,-2.634836074127726
rho,complements,-0.4,3,1.3274517654273796,1.2,0.524075527291753,0.3768081083962048,0.7619158139644195,1.010555525724053,1.0156209563763277,-2.4879784003798964
rho,complements,-0.4,3,1.3443365190339982,1.2,0.5237893326305931,0.37683695753312507,0.7622736698816892,1.0146301301407694,1.019715984832677,-2.3406766559972074
rho,complements,-0.4,3,1.3615467068826452,1.2,0.5235023610567826,0.3768658719784609,0.7626324649377141,1.0187333288290898,1.0238397508900128,-2.192939698803128
rho,complements,-0.4,3,1.3790893109842512,1.2,0.523214596509463,0.3768948779529938,0.7629922803257734,1.0228651021723523,1.0279922348333446,-2.044776409281097
rho,complements,-0.4,3,1.3969714846049992,1.2,0.5229261234008313,0.3769239509051834,0.7633529706476438,1.0270253943458123,1.0321733805581053,-1.8961956896931504
rho,complements,-0.4,3,1.4152005568137338,1.2,0.5226369266931312,0.37695309520515996,0.7637145617964858,1.031214174372339,1.0363831569318906,-1.7472064633557354
rho,complements,-0.4,3,1.4337840371600625,1.2,0.5223470118808085,0.37698232062483183,0.7640770725512736,1.0354314057674874,1.0406215272873758,-1.5978176737913643
rho,complements,-0.4,3,1.4527296204871472,1.2,0.522056401285721,0.3770116059511411,0.7644404278969132,1.0396770376569646,1.0448884404952605,-1.448038283890818
rho,complements,-0.4,3,1.4720451918832933,1.2,0.5217651284083535,0.3770409468139573,0.7648045834775161,1.0439510182308145,1.0491838444858894,-1.2978772751127658
rho,complements,-0.4,3,1.4917388317766058,1.2,0.5214731941866294,0.3770703590245605,0.7651695776303787,1.04825330484665,1.05350769640313,-1.1473436466623526
rho,complements,-0.4,3,1.5118188211770927,1.2,0.5211806487490486,0.3770998725362693,0.7655354346310442,1.0525838453705216,1.05785994385171,-0.996446414630968
rho,complements,-0.4,3,1.5322936470707536,1.2,0.520887497621009,0.3771294274424464,0.7659020001460276,1.0569425701419948,1.0622405168220206,-0.8451946111130351
rho,complements,-0.4,3,1.5531720079703377,1.2,0.5205937079433909,0.3771590291448699,0.7662693204524658,1.0613294319376256,1.0666493678539093,-0.6935972834359618
rho,complements,-0.4,3,1.5744628196276003,1.2,0.5202993465697918,0.3771886967933022,0.7666373762647705,1.0657443629287389,1.0710864287787083,-0.541663493242448
rho,complements,-0.4,3,1.5961752209120554,1.2,0.5200044486343187,0.37721842267913064,0.7670061133006416,1.0701872916016053,1.0755516277242243,-0.3894023156306714
rho,complements,-0.4,3,1.618318579861377,1.2,0.519708976338499,0.3772482084715963,0.7673755735049461,1.0746581615648925,1.080044908016462,-0.23682283831187378
rho,complements,-0.4,3,1.6409024999087747,1.2,0.5194129970751442,0.3772780269182697,0.7677456217898375,1.079156882540926,1.0845661789252286,-0.08393416066912751
rho,complements,-0.4,3,1.6639368262928396,1.2,0.5191164905553136,0.37730791401184105,0.7681163678500993,1.0836833973010462,1.0891153829350044,0.06925460703003283
rho,complements,-0.4,3,1.6874316526555453,1.2,0.5188194899847247,0.3773378452007697,0.768487717493987,1.0882376171245542,1.093692430880376,0.2227343446281842
rho,complements,-0.4,3,1.7113973278342638,1.2,0.518522054822943,0.3773678319262054,0.7688596396817511,1.092819453911846,1.0982972342201385,0.37649592291277845
rho,complements,-0.4,3,1.7358444628538618,1.2,0.5182241277689679,0.3773978644162396,0.769232167440971,1.0974288362396467,1.102929721173006,0.5305302045175617
rho,complements,-0.4,3,1.7607839381251333,1.2,0.5179257899357534,0.37742793393061186,0.7696051979478862,1.102065658761665,1.1075897858646375,0.6848280448787718
rho,complements,-0.4,3,1.7862269108560356,1.2,0.5176272131313775,0.37745696818922225,0.7699758958506504,1.106729491999381,1.1122769966637422,0.839380293719926
rho,complements,-0.4,3,1.8121848226824113,1.2,0.5173280698723002,0.37748711175227057,0.7703499157203397,1.1114209211125137,1.1169919416631648,0.994177793488888
rho,complements,-0.4,3,1.8386694075250942,1.2,0.517029981368595,0.37750909769616753,0.7707026173086848,1.1161368469910868,1.121731506218576,1.149211384074507
rho,complements,-0.4,3,1.8656926996805347,1.2,0.5167301046853874,0.3775392412592158,0.7710773706025045,1.1208824524697407,1.126500899143682,1.304471901076119
rho,complements,-0.4,3,1.8932670421523103,1.2,0.5164298486993418,0.377569419145713,0.7714525884586091,1.1256550135889183,1.1312973828250221,1.4599501776199286
rho,complements,-0.4,3,1.921405095231136,1.2,0.5161293151290197,0.37759962531628766,0.7718281541566386,1.1304543992312688,1.136120825488017,1.6156370450899704
rho,complements,-0.4,3,1.9501198453312445,1.2,0.5158284494689989,0.37762987455057184,0.7722041589146214,1.1352805167208637,1.1409711339921986,1.771523334184578
rho,complements,-0.4,3,1.979424614091259,1.2,0.5155272699598075,0.37766011504459546,0.7725804558109675,1.1401332336477021,1.1458481752638576,1.9275998757751198
rho,complements,-0.4,3,2.009333067747975,1.2,0.5152258479096233,0.3776904171144975,0.7729571482027883,1.1450124368907768,1.1507518356149655,2.0838575019579197
rho,complements,-0.4,3,2.0398592267917226,1.2,0.5149241829277267,0.3777207589096267,0.7733341822037858,1.149917999592927,1.1556819875524873,2.2402870469279907
rho,complements,-0.4,3,2.071017475912293,1.2,0.5146222502178237,0.37775108052334566,0.7737114338021667,1.1548497856645084,1.1606384943046266,2.3968793479570385
rho,complements,-0.4,3,2.1028225742447084,1.2,0.5143201514521794,0.37778146101205407,0.7740889977017629,1.1598076661134444,1.1656212262327312,2.5536252464198137
rho,complements,-0.4,3,2.135289665924415,1.2,0.5140178255885941,0.37781185834369024,0.7744668305371323,1.1647915112216476,1.1706300529684992,2.710515588687522
rho,complements,-0.4,3,2.168434290961828,1.2,0.5137137360625588,0.37785131022479607,0.7748689185358344,1.1698042765620387,1.1756679448997223,2.8675412271172336
rho,complements,-0.4,3,2.2022723964464688,1.2,0.5134110003766927,0.3778817990856294,0.7752473885520106,1.1748396629197324,1.1807285712365692,3.024693021074345
rho,complements,-0.4,3,2.23682034809129,1.2,0.5131081796614809,0.3779122977183712,0.775625967870953,1.1799005590824228,1.1858148352468425,3.181961837867487
rho,complements,-0.4,3,2.2720949421281498,1.2,0.5128052443289194,0.3779428448166006,0.7760047821955164,1.184986836657614,1.190926607894476,3.339338553696829
rho,complements,-0.4,3,2.308113417565749,1.2,0.5125021488441146,0.37797338317456947,0.7763837349615159,1.190098338362323,1.1960637311081026,3.4968140547309075
rho,complements,-0.4,3,2.344893468821764,1.2,0.5121989853292221,0.3780039275719099,0.776762770759402,1.1952348908028887,1.2012260306249223,3.6543792380357343
rho,complements,-0.4,3,2.382453258741261,1.2,0.5118957108892543,0.3780344931823083,0.7771419701755993,1.200396350323058,1.206413362068601,3.812025012542035
rho,complements,-0.4,3,2.4208114320139376,1.2,0.5115924715436246,0.37806506149359587,0.7775211412064673,1.20558251153922,1.2116255190260397,3.9697423001320002
rho,complements,-0.4,3,2.4599871290031343,1.2,0.5112891247329767,0.37809563854514394,0.7779004414131607,1.210793245181415,1.2168623715793088,4.127522036488657
rho,complements,-0.4,3,2.5,1.2,0.5109857539242633,0.378126194383634,0.7782797129246832,1.216028349889709,1.2221237173591541,4.285355172247376
rho,baseline rho,0.2,1,0.5,1.2,0.8520458020901729,0.32036530429828275,0.18994325519411778,0.562806842483076,0.565627923520836,-12.082318983939006
rho,baseline rho,0.2,1,0.5000203210855501,1.2,0.8520442832909844,0.3203654769471753,0.18994514691491438,0.5628153569713945,0.5656364806882048,-12.082268074418382
rho,baseline rho,0.2,1,0.5000812892976928,1.2,0.8520396975795288,0.3203659959255008,0.18995085361955294,0.5628409132013372,0.5656621650192832,-12.082115339675324
rho,baseline rho,0.2,1,0.5001829195049198,1.2,0.8520321643724981,0.32036685416223987,0.18996024061794003,0.5628834639592396,0.5657049290637471,-12.081860761162076
rho,baseline rho,0.2,1,0.5003252364947652,1.2,0.85205969792152,0.32034055852247856,0.18987590848703367,0.5629091325075211,0.5657307262761624,-12.081504369980905
rho,baseline rho,0.2,1,0.5005082749838822,1.2,0.8522064566790323,0.32034634673451295,0.1897416522675156,0.562928183579997,0.5657498728425365,-12.081046546801794
rho,baseline rho,0.2,1,0.500732079632158,1.2,0.8521891912219244,0.3203486622743641,0.1897639192907022,0.5630223994309435,0.5658445609524011,-12.080487084545444
rho,baseline rho,0.2,1,0.5009967050608752,1.2,0.8521817103510867,0.32034949325867357,0.18977319508764823,0.5631275308220027,0.565950219316751,-12.079825797070093
rho,baseline rho,0.2,1,0.5013022158749305,1.2,0.8521587564112996,0.3203521992233149,0.18980199391106067,0.5632555255034603,0.5660788555742192,-12.07906256691955
rho,baseline rho,0.2,1,0.5016486866891229,1.2,0.8521828182349283,0.3203192870880989,0.1897068418753656,0.5633561055045391,0.5661799397346515,-12.078197398547834
rho,baseline rho,0.2,1,0.502036202158526,1.2,0.852304666882193,0.3203337024004746,0.18961613030283225,0.5634690507148961,0.5662934510852313,-12.077231378342276
rho,baseline rho,0.2,1,0.502464857012963,1.2,0.8522837245679604,0.32033767720805556,0.18964565820143967,0.5636443152246589,0.5664695941120053,-12.076163486864733
rho,baseline rho,0.2,1,0.5029347560956027,1.2,0.852248728711737,0.3203417445764815,0.18968943957346307,0.5638407133066344,0.5666669766434634,-12.07499337155454
rho,baseline rho,0.2,1,0.5034460144056994,1.2,0.8522261914861696,0.32034434653912824,0.18971759703834745,0.5640471224523118,0.5668744204192893,-12.073720962679605
rho,baseline rho,0.2,1,0.5039987571454999,1.2,0.8521851156369735,0.32034913111796065,0.1897690075778216,0.5642778984759707,0.5671063532125805,-12.072346127840875
rho,baseline rho,0.2,1,0.5045931197713469,1.2,0.8521666626967958,0.32035124842573093,0.18979203390278307,0.5645140286492923,0.5673436669933214,-12.070868667096608
rho,baseline rho,0.2,1,0.5052292480490046,1.2,0.8521194395782566,0.32035671319063164,0.18985106091350767,0.564779285883423,0.5676102538348714,-12.069288621732627
rho,baseline rho,0.2,1,0.5059072981132409,1.2,0.8520807743404839,0.3203541411813035,0.1898841706111318,0.5650514542122407,0.5678837864131145,-12.067605553105812
rho,baseline rho,0.2,1,0.5066274365316988,1.2,0.8521547552487976,0.32035267410628304,0.1898070208207738,0.5652976201981385,0.5681311863111513,-12.065820988272844
rho,baseline rho,0.2,1,0.507389840373095,1.2,0.8522472244423938,0.3203419586198424,0.18969140617646585,0.5655460700881862,0.5683808815614556,-12.06393452676031
rho,baseline rho,0.2,1,0.5081946972797818,1.2,0.8522626927317769,0.3203401479162781,0.18967202676738376,0.565846024201007,0.5686823392005237,-12.061946320108131
rho,baseline rho,0.2,1,0.5090422055447187,1.2,0.8522001470578184,0.32034738199027485,0.18975019804117535,0.5661980568065573,0.5690361363768526,-12.059854994086905
rho,baseline rho,0.2,1,0.5099325741928927,1.2,0.852175227796036,0.3203502633046979,0.18978134094211152,0.5665487449712387,0.5693885823732746,-12.057660205117074
rho,baseline rho,0.2,1,0.5108660230672385,1.2,0.8522643275849643,0.32035027474584754,0.18969226586606658,0.5668701342508284,0.5697115826233322,-12.05536180653829
rho,baseline rho,0.2,1,0.5118427829191048,1.2,0.8522317904597432,0.3203437164877888,0.18971063715388056,0.5672491637765767,0.5700925120424846,-12.052962327105588
rho,baseline rho,0.2,1,0.5128630955033207,1.2,0.852157014075343,0.32035235606092755,0.18980407501626056,0.5676713059606285,0.5705167702230396,-12.050458540540486
rho,baseline rho,0.2,1,0.5139272136779165,1.2,0.8524016566653585,0.3203285583818184,0.18950802943936917,0.5679648311778641,0.5708117667415494,-12.047851166960536
rho,baseline rho,0.2,1,0.5150354015085564,1.2,0.8523282635496614,0.32033252881926905,0.18958999869995968,0.5684155802980455,0.571264775251098,-12.045144499102044
rho,baseline rho,0.2,1,0.5161879343777439,1.2,0.8522706278459962,0.3203392227018823,0.18966209319006963,0.5688786032396965,0.5717301191049023,-12.042332942329738
rho,baseline rho,0.2,1,0.5173850990988615,1.2,0.8521834903290881,0.32034933642106095,0.18977107634040366,0.5693717093117795,0.5722256968814576,-12.039416109113063
rho,baseline rho,0.2,1,0.5186271940351138,1.2,0.8521484832265362,0.3203533526231102,0.18981475843938173,0.5698569947464038,0.5727134148194458,-12.036394392616236
rho,baseline rho,0.2,1,0.5199145292234401,1.2,0.8520604264733327,0.32036040864643633,0.1899180562029698,0.5703811922426331,0.5732402398665593,-12.033266761030024
rho,baseline rho,0.2,1,0.5212474265034702,1.2,0.8524412765975229,0.32031945099673087,0.1894487375554159,0.5707082228851154,0.5735689097569587,-12.030038925071743
rho,baseline rho,0.2,1,0.5226262196515982,1.2,0.8523418793957621,0.3203309648132733,0.1895730046009082,0.5712730779513605,0.574136596171006,-12.026710471216427
rho,baseline rho,0.2,1,0.5240512545202515,1.2,0.8522681490411083,0.3203395020536586,0.18966517539479433,0.5718426463868456,0.5747090195801547,-12.023275698713789
rho,baseline rho,0.2,1,0.5255228891824385,1.2,0.8521951954153362,0.3203479592059964,0.18975639646961606,0.572428600278798,0.5752979105782133,-12.019733765575776
rho,baseline rho,0.2,1,0.5270414940816569,1.2,0.8520864472420024,0.3203605267904697,0.18989229062541213,0.5730480388437743,0.5759204540919175,-12.016084759322386
rho,baseline rho,0.2,1,0.5286074521872524,1.2,0.8522304652139283,0.3203438618842518,0.18971227645605554,0.5735663572332053,0.5764413705630873,-12.012331615951371
rho,baseline rho,0.2,1,0.5302211591553182,1.2,0.8523595663150842,0.32032889327010167,0.18955084314833553,0.5741083776993479,0.5769861079181228,-12.008474390099517
rho,baseline rho,0.2,1,0.5318830234952302,1.2,0.8522846842222215,0.32033758027708026,0.18964448917627197,0.5747628051829266,0.5776438157331139,-12.004515505194707
rho,baseline rho,0.2,1,0.5335934667419154,1.2,0.8521635140724861,0.32035163614963214,0.18979602001071938,0.5754560146578629,0.5783404999350032,-12.0004481272443
rho,baseline rho,0.2,1,0.5353529236339561,1.2,0.8522596324061111,0.3203404828045613,0.18967581045174137,0.5760645334088673,0.5789520688989405,-11.996273305709062
rho,baseline rho,0.2,1,0.537161842297634,1.2,0.8521322362607742,0.3203552417454808,0.1898350859094644,0.5767950816043763,0.5796862789825182,-11.991993393873116
rho,baseline rho,0.2,1,0.5390206844370244,1.2,0.8521155905713195,0.32035716352205923,0.18985588263632847,0.5774909916432535,0.5803856772849816,-11.987606564942887
rho,baseline rho,0.2,1,0.5409299255302531,1.2,0.8522496564936646,0.3203416405744869,0.18968828714722694,0.578133432811728,0.581031338703214,-11.983113143370826
rho,baseline rho,0.2,1,0.5428900550320312,1.2,0.8523232649474622,0.32033282398232527,0.18959563485436048,0.5788214160414726,0.5817227704632486,-11.978515039157042
rho,baseline rho,0.2,1,0.5449015765825912,1.2,0.8522731607582315,0.32033892316869583,0.1896589132861517,0.5795856014436319,0.5824907863606766,-11.973812508083117
rho,baseline rho,0.2,1,0.5469650082231464,1.2,0.8521300781220282,0.3203554928131797,0.18983778635443999,0.5804110816722124,0.583320404326122,-11.968999980737825
rho,baseline rho,0.2,1,0.5490808826180046,1.2,0.8520301029727864,0.3203670550952098,0.1899627360328669,0.5812340268514411,0.5841474745352276,-11.964075712316992
rho,baseline rho,0.2,1,0.5512497472834679,1.2,0.8524454742043965,0.32031895760159373,0.18944347421504598,0.5818313105107037,0.5847477520912913,-11.959047386465743
rho,baseline rho,0.2,1,0.5534721648236569,1.2,0.8523544166646768,0.32032950917940245,0.18955732316283253,0.5826857699708804,0.5856064945473356,-11.953920943870962
rho,baseline rho,0.2,1,0.5557487131734017,1.2,0.8522863243069603,0.3203374005571683,0.1896424608965232,0.583547422041006,0.5864724656664362,-11.948681879912499
rho,baseline rho,0.2,1,0.5580799858483445,1.2,0.8521273909531646,0.32035585495389257,0.18984125574724348,0.5844703452307213,0.5874000150278916,-11.943330830843685
rho,baseline rho,0.2,1,0.5604665922024078,1.2,0.8522478510510479,0.32034185731873677,0.18969056075742344,0.5852789152985168,0.5882126380700183,-11.937873700746497
rho,baseline rho,0.2,1,0.5629091576927818,1.2,0.8522453444748413,0.3203421437415324,0.18969368600686864,0.5861641430188886,0.5891023030128038,-11.932308875836776
rho,baseline rho,0.2,1,0.5654083241525933,1.2,0.8521222860436519,0.3203563722629768,0.1898474780443779,0.5871251507053347,0.5900681277703241,-11.926630552319224
rho,baseline rho,0.2,1,0.5679647500714233,1.2,0.8521498099018794,0.3203532486211155,0.1898132071197301,0.5880331367750364,0.5909806651391404,-11.92084078649154
rho,baseline rho,0.2,1,0.5705791108838415,1.2,0.8521057313484521,0.32035830985083513,0.18986821792935188,0.5889938053036649,0.5919461490388075,-11.914942687078057
rho,baseline rho,0.2,1,0.5732520992661372,1.2,0.8522555936064893,0.3203409418762495,0.18968084084620968,0.5898806500220786,0.5928374390848712,-11.908934249873951
rho,baseline rho,0.2,1,0.5759844254414287,1.2,0.8523219336898424,0.3203332689119748,0.18959792716002322,0.5908261325958085,0.5937876609097243,-11.902819326285865
rho,baseline rho,0.2,1,0.578776817493336,1.2,0.8522223557855015,0.3203447827285172,0.18972237490809557,0.5918700184452523,0.5948367792587632,-11.896594771277574
rho,baseline rho,0.2,1,0.5816300216884137,1.2,0.852064548744524,0.32036306884647914,0.18991967996387094,0.5929610646264017,0.5959332943316543,-11.890253559761252
rho,baseline rho,0.2,1,0.5845448028075416,1.2,0.8524941733239972,0.320313344739341,0.1893826513129792,0.5937892991031204,0.596765680350964,-11.883803449323239
rho,baseline rho,0.2,1,0.5875219444864789,1.2,0.8523002671036546,0.3203357837155546,0.18962502572194345,0.5949364316954101,0.5979185629693009,-11.877252859748664
rho,baseline rho,0.2,1,0.5905622495657936,1.2,0.8521667877583975,0.32035124842573093,0.18979190884118133,0.5960741495383439,0.5990619836466546,-11.870583116482393
rho,baseline rho,0.2,1,0.5936665404503856,1.2,0.8522929059503656,0.32033662344012465,0.18963420068030365,0.5971063870861116,0.6000993953066625,-11.863795941197765
rho,baseline rho,0.2,1,0.5968356594788269,1.2,0.8522759659973014,0.32033859098130163,0.18965539052231012,0.5982273675533482,0.601225994711874,-11.85690468127796
rho,baseline rho,0.2,1,0.600070469302753,1.2,0.8521453223101969,0.32035372350408364,0.18981872045862375,0.5994232994142317,0.6024279212061566,-11.849894924069599
rho,baseline rho,0.2,1,0.6033718532765401,1.2,0.8521999213557354,0.32034739176218324,0.18975044485058043,0.6005496732116069,0.6035599409756865,-11.842769069904739
rho,baseline rho,0.2,1,0.6067407158575169,1.2,0.8522971882493526,0.3203625313559847,0.18968587947957444,0.6016952360690949,0.6047112459908934,-11.83553280221928
rho,baseline rho,0.2,1,0.6101779830169621,1.2,0.8522197850063529,0.320345107844892,0.18972564793861374,0.602906338899534,0.6059284194995332,-11.828184881244432
rho,baseline rho,0.2,1,0.6136846026621482,1.2,0.8522156486126589,0.32034557398759955,0.1897307912005561,0.6041221372270881,0.6071503120415648,-11.820722350783175
rho,baseline rho,0.2,1,0.6172615450697004,1.2,0.8520534205067329,0.320364376382998,0.18993363248054274,0.6054356936655328,0.6084704527090574,-11.813138256181375
rho,baseline rho,0.2,1,0.6209098033305457,1.2,0.8520835598671168,0.3203604342296247,0.18989497806887254,0.6066759957751183,0.6097169718588391,-11.805436903371548
rho,baseline rho,0.2,1,0.6246303938067362,1.2,0.8523532858794406,0.32032964750484605,0.18955875273102685,0.6078205993989524,0.6108673128322133,-11.79763707764928
rho,baseline rho,0.2,1,0.6284243566004422,1.2,0.8521200673937984,0.320356667426033,0.18985033424643294,0.6092321506436079,0.6122859395069268,-11.789713612801323
rho,baseline rho,0.2,1,0.6322927560354111,1.2,0.8523883781195081,0.3203255828373091,0.18951488080907963,0.6104189914374067,0.6134787293649614,-11.78167066089464
rho,baseline rho,0.2,1,0.6362366811512086,1.2,0.8522714052432236,0.320339125770907,0.1896611064219355,0.611816450290729,0.614883193009936,-11.773518022323925
rho,baseline rho,0.2,1,0.6402572462105554,1.2,0.8520659348536175,0.3203629049378472,0.1899179398121325,0.6132792867984451,0.6163533620161609,-11.76524052435245
rho,baseline rho,0.2,1,0.6443555912200942,1.2,0.852274195278347,0.3203388518209089,0.1896577246548161,0.6145600960827869,0.6176405913837575,-11.756849133765673
rho,baseline rho,0.2,1,0.6485328824649206,1.2,0.8521958037271358,0.32034786664515136,0.18975558822639133,0.6160041900619329,0.6190919239140967,-11.74834532356537
rho,baseline rho,0.2,1,0.652790313057229,1.2,0.8522390043097205,0.32034287676321876,0.18970160949883202,0.6174103736730364,0.6205051560498831,-11.739713124481423
rho,baseline rho,0.2,1,0.6571291034994325,1.2,0.8520847618426137,0.3203607065103816,0.18989436421981076,0.6189367982877766,0.6220392318998449,-11.73096152738222
rho,baseline rho,0.2,1,0.6615505022621248,1.2,0.8521039449896928,0.3203584922716361,0.18987039831704106,0.6203998209523478,0.6235095879960402,-11.72209339357169
rho,baseline rho,0.2,1,0.6660557863772645,1.2,0.852342112418375,0.32033094630110426,0.1895727315920104,0.6217763879508453,0.624893055065332,-11.713110954115677
rho,baseline rho,0.2,1,0.6706462620469753,1.2,0.852099663166935,0.3203589785957539,0.18987573059989335,0.623415377747856,0.6265402603328886,-11.704005438703263
rho,baseline rho,0.2,1,0.6753232652683625,1.2,0.852382885892521,0.32032623307005886,0.18952177753880617,0.624814964762425,0.6279468628065626,-11.694780344486794
rho,baseline rho,0.2,1,0.6800881624747613,1.2,0.8522659602563798,0.32033945795830127,0.18966726893355096,0.6264376980581398,0.6295777300867714,-11.685436434751471
rho,baseline rho,0.2,1,0.6849423511938463,1.2,0.8519886627974748,0.3203718413432834,0.1900145145040174,0.6281651229058963,0.6313138136876104,-11.675961414308421
rho,baseline rho,0.2,1,0.6898872607230374,1.2,0.8523312988293164,0.3203321824898361,0.18958621534872971,0.6296046560058184,0.6327605624772236,-11.666377351231615
rho,baseline rho,0.2,1,0.6949243528226603,1.2,0.8520476849357703,0.32036500643433746,0.1899407289623986,0.6313832617630777,0.6345480835329418,-11.65666265956943
rho,baseline rho,0.2,1,0.7000551224273222,1.2,0.852229509424596,0.32034403286390306,0.18971360156143463,0.6329514550507493,0.6361241374221795,-11.646820697521818
rho,baseline rho,0.2,1,0.7052810983759861,1.2,0.8522870020414258,0.3203373106972124,0.18964158906455297,0.6346064754157733,0.6377874536113058,-11.63686916465063
rho,baseline rho,0.2,1,0.7106038441612367,1.2,0.8523245635443553,0.3203326274194856,0.18959391168173384,0.6362958813294617,0.6394853277073765,-11.626782473646575
rho,baseline rho,0.2,1,0.7160249586982449,1.2,0.8523900312629931,0.3203250796702636,0.18951214082477613,0.6379961108801033,0.6411940796941066,-11.616577514276733
rho,baseline rho,0.2,1,0.7215460771139571,1.2,0.8521361921011463,0.32035475979149336,0.18983008904847942,0.639884341102558,0.6430917747099386,-11.60624831099928
rho,baseline rho,0.2,1,0.7271688715570458,1.2,0.8522265254902393,0.32034432365682897,0.18971721360851118,0.6416223219117615,0.6448384671842016,-11.595794972176687
rho,baseline rho,0.2,1,0.7328950520291776,1.2,0.8522515703820268,0.32034144234240597,0.18968594507757003,0.6434190712534883,0.6466442227694829,-11.585205971995908
rho,baseline rho,0.2,1,0.7387263672381705,1.2,0.852348523559681,0.3203302035075095,0.18956471601653962,0.6452045919988804,0.6484386934748562,-11.574502065747968
rho,baseline rho,0.2,1,0.7446646054736273,1.2,0.8521610946402342,0.3203518969892394,0.18979900285652296,0.6471623036061906,0.6504062181524347,-11.563668568418025
rho,baseline rho,0.2,1,0.7507115955056528,1.2,0.8524984735785449,0.32031282846190456,0.1893772358991691,0.6488759605235169,0.652128464810805,-11.55270534967892
rho,baseline rho,0.2,1,0.7568692075072764,1.2,0.8522771155949115,0.320338452655858,0.18965394214174172,0.6509044090433578,0.6541670809711638,-11.541628438087265
rho,baseline rho,0.2,1,0.7631393540012239,1.2,0.8523967932932686,0.320348955768179,0.18955695116599808,0.6528028687440024,0.6560750567406587,-11.53040195919461
rho,baseline rho,0.2,1,0.7695239908317001,1.2,0.8523360357973504,0.32033164499934164,0.1895803174012276,0.6547828862819919,0.6580649991578592,-11.519072907478224
rho,baseline rho,0.2,1,0.7760251181618615,1.2,0.8521313760285661,0.32035532723530646,0.189836130799696,0.6568848269754761,0.6601774758729149,-11.50759202639053
rho,baseline rho,0.2,1,0.7826447814976824,1.2,0.8523740766220602,0.3203272323331306,0.18953274521750196,0.6587813756770926,0.662083531064459,-11.495990369951956
rho,baseline rho,0.2,1,0.7893850727389358,1.2,0.8521279859036445,0.3203557307704877,0.18984039256060903,0.6609610529971973,0.6642741340625976,-11.48425214081656
rho,baseline rho,0.2,1,0.7962481312580323,1.2,0.852421733090692,0.3203217278430027,0.18947319905019389,0.6628862933581079,0.6662090247309765,-11.472385882912798
rho,baseline rho,0.2,1,0.8032361450074849,1.2,0.8523389847371274,0.3203313128119474,0.18957665093667903,0.6650373507895669,0.6683708643826805,-11.46039996890378
rho,baseline rho,0.2,1,0.8103513516567865,1.2,0.8524703924988297,0.32031608335819006,0.18941234755486086,0.6671043757282749,0.6704482503270106,-11.448276433200418
rho,baseline rho,0.2,1,0.8175960397595149,1.2,0.8523826658499147,0.32032625595235814,0.18952204700717878,0.6693161248348752,0.6726710858721436,-11.436016057208748
rho,baseline rho,0.2,1,0.8249725499515008,1.2,0.852469430154959,0.32031619173031506,0.18941354398252164,0.6714648967379651,0.6748306285392196,-11.423629045759805
rho,baseline rho,0.2,1,0.8324832761809209,1.2,0.852252120035505,0.32034136392359963,0.18968522603947027,0.6738049011175143,0.6771823622395325,-11.411095980571694
rho,baseline rho,0.2,1,0.8401306669712053,1.2,0.8525323701886536,0.3203089293722408,0.1893349172553866,0.6759101874328582,0.6792982013464471,-11.398432295665739
rho,baseline rho,0.2,1,0.8479172267176741,1.2,0.8523039845021863,0.3203353545971851,0.18962038142773374,0.6783170340753188,0.6817171123579086,-11.38563721642235
rho,baseline rho,0.2,1,0.8558455170188431,1.2,0.8526419409385997,0.3202962463446232,0.18919795116578658,0.680451457585833,0.6838622347107919,-11.3726930405256
rho,baseline rho,0.2,1,0.8639181580433734,1.2,0.8525034395543842,0.32031227245924104,0.18937106895757647,0.6828722259716137,0.686295137248602,-11.359646471255592
rho,baseline rho,0.2,1,0.8721378299336601,1.2,0.8525321493238438,0.3203089250021105,0.18933512868071506,0.6852345052199023,0.6886692574708984,-11.346437226087023
rho,baseline rho,0.2,1,0.8805072742470966,1.2,0.8523523270578558,0.32032976294799037,0.18955996090980343,0.6877412313637875,0.6911885486318687,-11.333102160100994
rho,baseline rho,0.2,1,0.88902929543607,1.2,0.8524976497300146,0.3203129455742901,0.18937831271045188,0.690104190892858,0.6935633525448687,-11.319608468390701
rho,baseline rho,0.2,1,0.8977067623677852,1.2,0.8524102563849504,0.3203230707346183,0.18948757640182523,0.6926257004572086,0.6960975012285076,-11.30598796053157
rho,baseline rho,0.2,1,0.9065426098850453,1.2,0.8527065199031064,0.3202887585020384,0.1891171984612966,0.694970841745464,0.6984543975863887,-11.29221799144066
rho,baseline rho,0.2,1,0.9155398404091444,1.2,0.8527294248401024,0.3202861124440344,0.18908857803901205,0.6974978435348174,0.7009940660249229,-11.278330068341853
rho,baseline rho,0.2,1,0.9247015255860773,1.2,0.8526437370308751,0.3202956930428488,0.1891949599416781,0.7001176610243053,0.7036270154042248,-11.264295932175648
rho,baseline rho,0.2,1,0.9340308079772923,1.2,0.8524145445676878,0.3203225490554038,0.18948216139198437,0.7028512024713898,0.7063742587848327,-11.250118463053179
rho,baseline rho,0.2,1,0.9435309027962627,1.2,0.8527028235924763,0.32028917617925834,0.18912179695472187,0.7053337074752551,0.7088692073968136,-11.23578006542708
rho,baseline rho,0.2,1,0.9532050996921831,1.2,0.852309659938505,0.3203346989626572,0.18961328982083459,0.7082274349867342,0.7117774397778053,-11.221309531729416
rho,baseline rho,0.2,1,0.9630567645821445,1.2,0.8529296897935429,0.3202739255124429,0.18886198931333376,0.7106039357657006,0.7141658528164986,-11.206685253373738
rho,baseline rho,0.2,1,0.9730893415331738,1.2,0.8525414121258018,0.3203078799744402,0.189323608618989,0.7135572627413505,0.7171339834052186,-11.191951185486666
rho,baseline rho,0.2,1,0.9833063546955787,1.2,0.8528178462412379,0.3202758816124702,0.1889780580416977,0.7161853364921671,0.7197752304305313,-11.17704728607196
rho,baseline rho,0.2,1,0.9937114102890687,1.2,0.8525100292639438,0.32031148994041925,0.1893627890073617,0.7191766753331774,0.7227815634198798,-11.162006885159023
rho,baseline rho,0.2,1,1.0043081986431819,1.2,0.8525401825698006,0.32029183367841213,0.1892901781755697,0.7220015800092634,0.7256206279895804,-11.146788858818937
rho,baseline rho,0.2,1,1.0151004962935855,1.2,0.8525941168568762,0.32030176664603094,0.18925769909855067,0.7248782839153246,0.728511751433977,-11.131459222111632
rho,baseline rho,0.2,1,1.0260921681358672,1.2,0.8525632515189845,0.32030539345493775,0.189296398343681,0.7278264697674138,0.7314747151291473,-11.115952290651938
rho,baseline rho,0.2,1,1.037287169638491,1.2,0.8526870204557602,0.3202910195370304,0.1891415817442254,0.7307249130490056,0.7343876869181477,-11.100333395221911
rho,baseline rho,0.2,1,1.0486895491166357,1.2,0.8527630762816683,0.32028223289818747,0.18904654677841676,0.7336887193717818,0.7373663493819401,-11.08454198278151
rho,baseline rho,0.2,1,1.0603034500686892,1.2,0.8524893189793962,0.3203138893008548,0.18938868191045033,0.7368914108185638,0.7405850943864053,-11.06860065262531
rho,baseline rho,0.2,1,1.0721331135772334,1.2,0.8526685484590419,0.3202931580578587,0.18916467294593287,0.739874700680818,0.7435833380513237,-11.052501057093549
rho,baseline rho,0.2,1,1.0841828807763967,1.2,0.8527749263347986,0.3202808556831229,0.18903172194074688,0.7429392226309467,0.7466632209816516,-11.036249217727361
rho,baseline rho,0.2,1,1.0964571953875313,1.2,0.8527650673800594,0.3202819878698601,0.18904402641883833,0.7461110347158264,0.7498509318407689,-11.019860395319373
rho,baseline rho,0.2,1,1.1089606063252093,1.2,0.8527213569216259,0.32028706054072936,0.18909869384634975,0.7493435620727302,0.7530996623084777,-11.003307499868328
rho,baseline rho,0.2,1,1.1216977703756155,1.2,0.8527220183088561,0.3202869777517927,0.1890978536350162,0.7525919368687713,0.7563643196509431,-10.986604060540188
rho,baseline rho,0.2,1,1.1346734549494641,1.2,0.8526111682762227,0.32029980347498427,0.1892364072297434,0.7559474944159724,0.7597366970003445,-10.969733136607497
rho,baseline rho,0.2,1,1.147892540911644,1.2,0.8527701016661345,0.320281401913878,0.1890377264678419,0.7591879382660491,0.7629933836428133,-10.952717306186113
rho,baseline rho,0.2,1,1.1613600254898573,1.2,0.8526489860313129,0.32029542783311116,0.18918913808820736,0.7626356197600487,0.7664583467122181,-10.935519020838072
rho,baseline rho,0.2,1,1.1750810252645967,1.2,0.8528562669756715,0.32027141611064114,0.1889299918233135,0.7659335159227944,0.7697727736482717,-10.918209995402796
rho,baseline rho,0.2,1,1.189060779242872,1.2,0.852602008862956,0.32027421193523853,0.1891902889171593,0.7695239570616038,0.7733812119481841,-10.900699876260697
rho,baseline rho,0.2,1,1.2033046520181812,1.2,0.8526775777977578,0.3202920945180193,0.18915334636116404,0.7730128671516545,0.7768876102728376,-10.883059388848615
rho,baseline rho,0.2,1,1.217818137019287,1.2,0.8529324891221082,0.3202626011877208,0.18883472944336882,0.776415313624883,0.7803071115799862,-10.865219624297461
rho,baseline rho,0.2,1,1.2326068598504607,1.2,0.8529507932123692,0.32026016750383635,0.1888111685959173,0.780004125568444,0.7839139125182748,-10.847253100150997
rho,baseline rho,0.2,1,1.247676581725918,1.2,0.8528559818404808,0.32027144606395985,0.18893034165767236,0.7837080863579702,0.7876364394885208,-10.82911143394267
rho,baseline rho,0.2,1,1.2630332030012734,1.2,0.8528630823858718,0.32027063629270847,0.1889214920063786,0.7873977930214924,0.791344640883659,-10.810820298006437
rho,baseline rho,0.2,1,1.2786827668049243,1.2,0.852682702701029,0.32029152000318684,0.18914698050585463,0.7912488997365866,0.7952150513514944,-10.792337635506012
rho,baseline rho,0.2,1,1.294631462772364,1.2,0.8526102122516617,0.320299910177868,0.18923759373253324,0.7950835832991267,0.799068956345381,-10.773689193872485
rho,baseline rho,0.2,1,1.31088563088653,1.2,0.8530025689155107,0.32025450013672435,0.18874715137981374,0.7986837185401494,0.8026871373393958,-10.754884976627041
rho,baseline rho,0.2,1,1.3274517654273796,1.2,0.8528615665605588,0.32027081164249005,0.18892338658721974,0.8026588784784294,0.8066822228497861,-10.735928224409616
rho,baseline rho,0.2,1,1.3443365190339982,1.2,0.8528179216168585,0.32027584291889094,0.188977899087946,0.8066250912564085,0.8106683163520475,-10.716798042776
rho,baseline rho,0.2,1,1.3615467068826452,1.2,0.8532414571405124,0.32022685453432814,0.18844854865363636,0.8103535398749264,0.8144154538970391,-10.697469277046375
rho,baseline rho,0.2,1,1.3790893109842512,1.2,0.8527158152172225,0.3202876976630882,0.18910561173504797,0.8147212811275433,0.8188050885437932,-10.677996336964533
rho,baseline rho,0.2,1,1.3969714846049992,1.2,0.8532419890391771,0.32022680876972953,0.18844791790343857,0.8184881235615189,0.8225908123540431,-10.658341226151645
rho,baseline rho,0.2,1,1.4152005568137338,1.2,0.8529678055207277,0.32025852507903424,0.1887906086499862,0.8228067274988733,0.8269310633837169,-10.638526163976808
rho,baseline rho,0.2,1,1.4337840371600625,1.2,0.8530031011562024,0.320254437529198,0.18874648390686524,0.8269859415540061,0.831131225836477,-10.618536438820215
rho,baseline rho,0.2,1,1.4527296204871472,1.2,0.8527151110792273,0.3202877646407448,0.18910646054478147,0.8314235921880736,0.8355911202869145,-10.598344683167852
rho,baseline rho,0.2,1,1.4720451918832933,1.2,0.8529842685741227,0.3202566729810016,0.18877014506484094,0.8355652138304018,0.8397535018941166,-10.578000660339722
rho,baseline rho,0.2,1,1.4917388317766058,1.2,0.8526882116207152,0.32029044065206763,0.1891391401877508,0.8401205883499445,0.8443317103234609,-10.557458097942735
rho,baseline rho,0.2,1,1.5118188211770927,1.2,0.8531650136934756,0.3202356694572485,0.1885440323341811,0.844241518272283,0.8484732964929952,-10.53678150547709
rho,baseline rho,0.2,1,1.5322936470707536,1.2,0.8530409102659797,0.3202500548163055,0.18869920813724025,0.8488029537656105,0.8530575962768819,-10.515886678961152
rho,baseline rho,0.2,1,1.5531720079703377,1.2,0.8529057485963526,0.3202657019472828,0.1888681676097784,0.8534306583685393,0.857708497345664,-10.494831622328295
rho,baseline rho,0.2,1,1.5744628196276003,1.2,0.8531499173154571,0.3202375329964308,0.1885631539568336,0.8578728993464304,0.8621730051491193,-10.473565114477031
rho,baseline rho,0.2,1,1.5961752209120554,1.2,0.8529518139567889,0.320260382578845,0.18881061241351632,0.8626614983673293,0.8669856071224978,-10.452152997643601
rho,baseline rho,0.2,1,1.618318579861377,1.2,0.8533021006114119,0.32021983990547026,0.18837275358440395,0.8671539399074588,0.8715005671195568,-10.43054868628961
rho,baseline rho,0.2,1,1.6409024999087747,1.2,0.8529988112002727,0.320254508876985,0.1887509279740149,0.8721349580489481,0.8765065527183814,-10.408742891141141
rho,baseline rho,0.2,1,1.6639368262928396,1.2,0.853192086866229,0.32023255018551755,0.188510221534489,0.8768539300603765,0.8812491786754519,-10.386766606515389
rho,baseline rho,0.2,1,1.6874316526555453,1.2,0.8533782752089353,0.3202110135414003,0.1882775140404894,0.8816396371870735,0.8860588742589486,-10.364598052905752
rho,baseline rho,0.2,1,1.7113973278342638,1.2,0.8532845200069912,0.32022185591213487,0.18839468876322024,0.886675253498762,0.8911197317024391,-10.342241481602304
rho,baseline rho,0.2,1,1.7358444628538618,1.2,0.8531042656916756,0.32024273525248304,0.1886200424536877,0.8918347973148025,0.8963051378394826,-10.319696506671605
rho,baseline rho,0.2,1,1.7607839381251333,1.2,0.8531294534498854,0.3202398212838523,0.18858856052323553,0.8969239349582468,0.9014197848915213,-10.296942363997989
rho,baseline rho,0.2,1,1.7862269108560356,1.2,0.853269773293324,0.3202235626137046,0.18841312195227788,0.9020026667904147,0.906523973972937,-10.274027503358155
rho,baseline rho,0.2,1,1.8121848226824113,1.2,0.8535106618109372,0.320195675715518,0.18811199773458182,0.9070806509682079,0.9116274116523452,-10.250898334303843
rho,baseline rho,0.2,1,1.8386694075250942,1.2,0.8531423273844125,0.3202383057433442,0.18857241302121103,0.9126418338202525,0.9172164700494385,-10.227594883011129
rho,baseline rho,0.2,1,1.8656926996805347,1.2,0.8536318125037359,0.3201813660743782,0.18795993821692097,0.9176880448522238,0.9222879753194685,-10.204076403906132
rho,baseline rho,0.2,1,1.8932670421523103,1.2,0.8530165405975614,0.32025288766524085,0.1887296967593588,0.9235634170465772,0.9281927979395028,-10.180368234061184
rho,baseline rho,0.2,1,1.921405095231136,1.2,0.8533968352807457,0.3202088477681424,0.18825427589844182,0.9288269709505995,0.9334827355172637,-10.156476856168982
rho,baseline rho,0.2,1,1.9501198453312445,1.2,0.8535440082037763,0.32022088223225154,0.18813309741788706,0.9343546485851467,0.9390381207512581,-10.132327488465712
rho,baseline rho,0.2,1,1.979424614091259,1.2,0.8532582688842726,0.3202249098754505,0.18842753644670063,0.9401959413746764,0.9449086931427413,-10.108053308245426
rho,baseline rho,0.2,1,2.009333067747975,1.2,0.8537340497636512,0.3201698277062952,0.18783277808194643,0.9456117643256039,0.950351663019181,-10.083537786905406
rho,baseline rho,0.2,1,2.0398592267917226,1.2,0.8533495983179524,0.3202140173699869,0.18831267920121925,0.9517079447140602,0.9564784006389971,-10.058828419379399
rho,baseline rho,0.2,1,2.071017475912293,1.2,0.8534484148061552,0.3202028842063264,0.18818981507950983,0.957543004429348,0.9623427087128237,-10.033914359362464
rho,baseline rho,0.2,1,2.1028225742447084,1.2,0.8537931568743953,0.32016298572632995,0.18775889229447748,0.9632810003390836,0.968109466446748,-10.008770004563692
rho,baseline rho,0.2,1,2.135289665924415,1.2,0.8533720593851639,0.3202008039228942,0.18826167708828773,0.9696337234775012,0.9744940327424109,-9.983463775658914
rho,baseline rho,0.2,1,2.168434290961828,1.2,0.8534065141058048,0.32020774720396505,0.18824221985475986,0.9757674889865919,0.9806585438790627,-9.957919305645538
rho,baseline rho,0.2,1,2.2022723964464688,1.2,0.8533406380228374,0.32021538314390185,0.18832458956799056,0.9820445286606491,0.9869670473454213,-9.932167156618602
rho,baseline rho,0.2,1,2.23682034809129,1.2,0.8535523061638933,0.3201909237908933,0.1880600892244363,0.9882046975305064,0.9931580941902362,-9.906202424027086
rho,baseline rho,0.2,1,2.2720949421281498,1.2,0.8537190865259476,0.320171555620923,0.1878514736152459,0.994481496425065,0.999466355670184,-9.880033754607133
rho,baseline rho,0.2,1,2.308113417565749,1.2,0.8536390195551595,0.3201808356549031,0.18795158545943114,1.0010255829277488,1.0060432445429683,-9.853650796542674
rho,baseline rho,0.2,1,2.344893468821764,1.2,0.8536843199969348,0.3201755920043825,0.18789495873253137,1.00756591914671,1.0126163643336545,-9.827033036713686
rho,baseline rho,0.2,1,2.382453258741261,1.2,0.8533726097599215,0.3202116708451694,0.18828459926564456,1.0144607372985437,1.019545742905296,-9.800200503773313
rho,baseline rho,0.2,1,2.4208114320139376,1.2,0.8535956473473725,0.3201858413481157,0.18800576996455737,1.0210499363197478,1.0261679704240407,-9.77318504789362
rho,baseline rho,0.2,1,2.4599871290031343,1.2,0.8539938020145722,0.3201397783733332,0.18750811927182764,1.0275980766674622,1.0327489334618383,-9.745922089910959
rho,baseline rho,0.2,1,2.5,1.2,0.8536282852919219,0.3201820604024853,0.18796496517744637,1.0348139873785407,1.0400010140758758,-9.71843377731508
rho,baseline rho,0.2,2,0.5,1.2,0.7034798040145689,0.3452944007801439,0.42964789695479766,0.6512841033921098,0.654548678545759,-12.280838394921284
rho,baseline rho,0.2,2,0.5000203210855501,1.2,0.7034777513966092,0.3452946431075822,0.4296504991713873,0.6512934118601386,0.6545580336726781,-12.280681291762427
rho,baseline rho,0.2,2,0.5000812892976928,1.2,0.7034715008480977,0.3452953259945396,0.429658298507518,0.6513213429282338,0.6545861047458347,-12.280209963843848
rho,baseline rho,0.2,2,0.5001829195049198,1.2,0.703461056035459,0.34529646358305494,0.42967132337090974,0.6513679038293239,0.6546328990344128,-12.279424355833367
rho,baseline rho,0.2,2,0.5003252364947652,1.2,0.7034465315656369,0.34529808479479895,0.4296895247489671,0.651433085309661,0.6546984072382795,-12.278324375500869
rho,baseline rho,0.2,2,0.5005082749838822,1.2,0.7034277413793913,0.34530015903885963,0.42971301932074224,0.6515169239064006,0.6547826660777342,-12.276909893687645
rho,baseline rho,0.2,2,0.500732079632158,1.2,0.7034048156127464,0.34530266677142013,0.4297416326248345,0.651619394592446,0.6548856504002308,-12.27518074429625
rho,baseline rho,0.2,2,0.5009967050608752,1.2,0.7033777659829424,0.34530565645796807,0.42977546286372925,0.6517405231023798,0.6550073860693474,-12.273136724230131
rho,baseline rho,0.2,2,0.5013022158749305,1.2,0.7033465453380542,0.34530910688544547,0.42981450907813634,0.6518803258808916,0.6551478896122028,-12.270777593363375
rho,baseline rho,0.2,2,0.5016486866891229,1.2,0.7033111415344787,0.34531300597510917,0.4298587560170689,0.6520388171563285,0.6553071753284638,-12.268103074483424
rho,baseline rho,0.2,2,0.502036202158526,1.2,0.7032715626481151,0.34531737724685196,0.4299082489477454,0.6522160212026175,0.6554852676137312,-12.265112853225798
rho,baseline rho,0.2,2,0.502464857012963,1.2,0.7032277883910455,0.3453222190314326,0.42996300437224366,0.6524119618058034,0.6556821903732778,-12.261806578007338
rho,baseline rho,0.2,2,0.5029347560956027,1.2,0.7031907596629918,0.34532627932883925,0.4300092418548156,0.6526238938799913,0.6558951847614084,-12.258183920744369
rho,baseline rho,0.2,2,0.5034460144056994,1.2,0.7035544688354437,0.3453955742081589,0.42980269346866085,0.6527903925994546,0.656062518059176,-12.254245543506308
rho,baseline rho,0.2,2,0.5039987571454999,1.2,0.7037810622965787,0.34526095218608116,0.42927077726145335,0.652933613930971,0.6562064572906041,-12.250002669023852
rho,baseline rho,0.2,2,0.5045931197713469,1.2,0.7040429200732722,0.34523208183610277,0.42894344153100883,0.6531234129351036,0.6563972076662039,-12.24545089946625
rho,baseline rho,0.2,2,0.5052292480490046,1.2,0.7039781585786957,0.3452394084709446,0.4290248198334066,0.6534134105338251,0.6566886588839383,-12.240585422689197
rho,baseline rho,0.2,2,0.5059072981132409,1.2,0.7039093367280521,0.34524697743322463,0.4291108080905014,0.6537221987908295,0.6569989949485221,-12.235402797820617
rho,baseline rho,0.2,2,0.5066274365316988,1.2,0.7038476850646124,0.3452538352244699,0.4291880132244853,0.6540470769520133,0.6573255015682655,-12.22990243768385
rho,baseline rho,0.2,2,0.507389840373095,1.2,0.7037704763904004,0.34526241656021256,0.4292846843681618,0.6543937923545192,0.6576739548889589,-12.224084006379256
rho,baseline rho,0.2,2,0.5081946972797818,1.2,0.7036891121947826,0.3452713627375572,0.4293863384939973,0.6547594726090558,0.658041468123399,-12.217946498808283
rho,baseline rho,0.2,2,0.5090422055447187,1.2,0.7036045716518261,0.3452806824967643,0.42949201625083544,0.655143952301632,0.6584278750284545,-12.21148919369584
rho,baseline rho,0.2,2,0.5099325741928927,1.2,0.7035267107161127,0.34528903564710745,0.4295888221315272,0.6555446976298188,0.658830629100958,-12.204711360286403
rho,baseline rho,0.2,2,0.5108660230672385,1.2,0.7034325494589482,0.34529962861938446,0.4297070082498158,0.6559677913820499,0.6592558436194477,-12.197612612670744
rho,baseline rho,0.2,2,0.5118427829191048,1.2,0.7035332883538803,0.34528844262010594,0.42958089950851996,0.6563596380815122,0.6596496544586647,-12.19019737753447
rho,baseline rho,0.2,2,0.5128630955033207,1.2,0.7034308923355239,0.3452997854569971,0.42970902108094555,0.6568210462969065,0.6601133754923635,-12.182461828794063
rho,baseline rho,0.2,2,0.5139272136779165,1.2,0.7038949812038897,0.3452475721294674,0.4291265123857424,0.6571568748487752,0.6604508873918534,-12.174408378884593
rho,baseline rho,0.2,2,0.5150354015085564,1.2,0.7037833473766971,0.3452609309730231,0.4292684440701192,0.6576574300187404,0.6609539516050496,-12.166050806678989
rho,baseline rho,0.2,2,0.5161879343777439,1.2,0.7036683987662362,0.3452735954884717,0.42941211580161753,0.6581767936085033,0.6614759185156397,-12.157368665993125
rho,baseline rho,0.2,2,0.5173850990988615,1.2,0.7038744923911908,0.3452509152164676,0.42915458331975787,0.65863312184473,0.661934534106669,-12.148375527154933
rho,baseline rho,0.2,2,0.5186271940351138,1.2,0.7037636195943897,0.3452631135892087,0.4292931220259357,0.6591882637070562,0.6624924586291602,-12.139058282929227
rho,baseline rho,0.2,2,0.5199145292234401,1.2,0.7038383298622465,0.3452548529997106,0.42919967674109716,0.6597147747588725,0.6630216088286064,-12.129420020392933
rho,baseline rho,0.2,2,0.5212474265034702,1.2,0.7037064259781111,0.3452694322207182,0.4293646462984778,0.6603123592527866,0.6636221887272615,-12.119458470554585
rho,baseline rho,0.2,2,0.5226262196515982,1.2,0.703583269775183,0.3452830448328619,0.42951867590574777,0.6609263690517836,0.6642392762631839,-12.109168345160496
rho,baseline rho,0.2,2,0.5240512545202515,1.2,0.703461835586527,0.34527252050748275,0.4296162409244439,0.6615503204121632,0.6648663551927725,-12.09854804270778
rho,baseline rho,0.2,2,0.5255228891824385,1.2,0.7038147566914942,0.34525747784465666,0.4292292030601873,0.6620888912948367,0.6654076256732299,-12.087624548920314
rho,baseline rho,0.2,2,0.5270414940816569,1.2,0.7036775477249428,0.34527478861349403,0.4294056728504619,0.6627635462344208,0.6660856623347714,-12.076372287440677
rho,baseline rho,0.2,2,0.5286074521872524,1.2,0.7037804360819286,0.3452612729323257,0.42927213092858607,0.6633943677771031,0.6667196458835951,-12.064799629731247
rho,baseline rho,0.2,2,0.5302211591553182,1.2,0.7039654634948663,0.34524084996277665,0.429040784220711,0.6640238785185063,0.6673523120607207,-12.052913871608627
rho,baseline rho,0.2,2,0.5318830234952302,1.2,0.7038043871878796,0.3452580082641318,0.42924077555517126,0.664760649815663,0.6680927764393729,-12.040697595618019
rho,baseline rho,0.2,2,0.5335934667419154,1.2,0.7036380309319228,0.3452769957812202,0.4294501954998846,0.665518395720051,0.6688543205609129,-12.028144781623183
rho,baseline rho,0.2,2,0.5353529236339561,1.2,0.7040041088428983,0.3452360522735535,0.4289912577135208,0.6661586630716854,0.6694977972660031,-12.015262570442571
rho,baseline rho,0.2,2,0.537161842297634,1.2,0.7040381412454239,0.3452328572839052,0.4289499790744732,0.6669035691923866,0.6702464372441724,-12.002082693254408
rho,baseline rho,0.2,2,0.5390206844370244,1.2,0.7038594271396855,0.34525260340586833,0.42917347738482403,0.6677222665716267,0.6710692383611035,-11.988566393366739
rho,baseline rho,0.2,2,0.5409299255302531,1.2,0.7036910404296297,0.3452711688756066,0.4293839705802462,0.6685578459385453,0.6719090060870285,-11.974709664145752
rho,baseline rho,0.2,2,0.5428900550320312,1.2,0.7038855552244527,0.345249664885697,0.4291406847363082,0.6693197872317936,0.672674766626903,-11.960525808406135
rho,baseline rho,0.2,2,0.5449015765825912,1.2,0.7039207775842297,0.3452457755679417,0.4290966414038623,0.6701422989095847,0.6735014011616359,-11.946018020039318
rho,baseline rho,0.2,2,0.5469650082231464,1.2,0.7042533390929444,0.34520893979152145,0.4286805363542263,0.6709078664272611,0.674270806102464,-11.931192237086702
rho,baseline rho,0.2,2,0.5490808826180046,1.2,0.704068493249752,0.34522943140796836,0.4289118571835203,0.6718267165626886,0.6751942619933619,-11.91604747438399
rho,baseline rho,0.2,2,0.5512497472834679,1.2,0.703863995663551,0.34525209856958156,0.4291677638922601,0.6727706918558705,0.6761429689823918,-11.900555869033534
rho,baseline rho,0.2,2,0.5534721648236569,1.2,0.7038700670324523,0.34525136721713645,0.42916003381601325,0.673680365750004,0.6770572026358949,-11.884718322929594
rho,baseline rho,0.2,2,0.5557487131734017,1.2,0.7040075355881482,0.3452361394326203,0.4289880286450348,0.6745762184223322,0.67795754578843,-11.868553094033143
rho,baseline rho,0.2,2,0.5580799858483445,1.2,0.7043244333513026,0.3452011567858805,0.42859179023907457,0.6754457741673139,0.678831460199722,-11.85206620020092
rho,baseline rho,0.2,2,0.5604665922024078,1.2,0.7041695784958787,0.34521837499387287,0.42878569599022487,0.6764580263188267,0.6798487862862591,-11.835269681192798
rho,baseline rho,0.2,2,0.5629091576927818,1.2,0.7041617398094117,0.34521918476512425,0.42879537123789013,0.677452624641169,0.6808483700534389,-11.81812393328101
rho,baseline rho,0.2,2,0.5654083241525933,1.2,0.7039477632969603,0.34524286430020007,0.42906305293589353,0.6785215173267666,0.6819226205859195,-11.800636208789713
rho,baseline rho,0.2,2,0.5679647500714233,1.2,0.7037134252763642,0.34526810347114134,0.4293546333961846,0.6796163326696149,0.683022923713511,-11.782790176810654
rho,baseline rho,0.2,2,0.5705791108838415,1.2,0.704352037072593,0.3451982455181388,0.42855758376254605,0.6805050948548955,0.6839161408377844,-11.76462866373605
rho,baseline rho,0.2,2,0.5732520992661372,1.2,0.7043471335187255,0.34519885872655054,0.4285638780730914,0.6815822216319712,0.6849986667352984,-11.746160115476206
rho,baseline rho,0.2,2,0.5759844254414287,1.2,0.7041497969129036,0.34522002615893554,0.42880922241556246,0.6827305639243476,0.686152765117369,-11.727341720496323
rho,baseline rho,0.2,2,0.578776817493336,1.2,0.7039153459192455,0.34524643287171086,0.42910356383379483,0.6839104102027287,0.6873385253998314,-11.708159716130773
rho,baseline rho,0.2,2,0.5816300216884137,1.2,0.7043914514161924,0.34524138745327115,0.42861601532782667,0.6849424695543519,0.6883757579704828,-11.688616561551827
rho,baseline rho,0.2,2,0.5845448028075416,1.2,0.7045278148371855,0.3451788773481685,0.42833787898846054,0.6860507805974719,0.6894896244458253,-11.668794494778677
rho,baseline rho,0.2,2,0.5875219444864789,1.2,0.7042626633127573,0.3452075669465872,0.4286680985221025,0.6873031112621188,0.6907482324440515,-11.648624901694255
rho,baseline rho,0.2,2,0.5905622495657936,1.2,0.7040609267497799,0.34523039364670205,0.4289216060409402,0.6885611472582924,0.6920125743718978,-11.628083600568234
rho,baseline rho,0.2,2,0.5936665404503856,1.2,0.7040140938782036,0.3452355746896963,0.4289801895180277,0.6898002816047202,0.6932579199050847,-11.607192618693237
rho,baseline rho,0.2,2,0.5968356594788269,1.2,0.7043074210214051,0.34520318860382504,0.4286134107320703,0.690971786425911,0.6944352969186286,-11.585985798643248
rho,baseline rho,0.2,2,0.600070469302753,1.2,0.7043690969430314,0.34519642504266607,0.4285363950537353,0.6922265955608427,0.6956963958105237,-11.564433946587531
rho,baseline rho,0.2,2,0.6033718532765401,1.2,0.7043313072015098,0.345200579570159,0.4285836072636107,0.693530114097058,0.6970064482605923,-11.542531472598625
rho,baseline rho,0.2,2,0.6067407158575169,1.2,0.7040395303074392,0.3452321814679671,0.4289470572619103,0.6949233889297637,0.6984067069124599,-11.52025824955842
rho,baseline rho,0.2,2,0.6101779830169621,1.2,0.7043719480556175,0.34519547257584077,0.42853138374638944,0.6961740982109588,0.6996636854000159,-11.49767008574214
rho,baseline rho,0.2,2,0.6136846026621482,1.2,0.7046527868675231,0.3451650496610162,0.42818154576366163,0.6974613394355446,0.7009573789480911,-11.47471931755887
rho,baseline rho,0.2,2,0.6172615450697004,1.2,0.7043682717038775,0.34519591313535997,0.4285360592871188,0.6989217559187414,0.7024251157993733,-11.451432356166361
rho,baseline rho,0.2,2,0.6209098033305457,1.2,0.7046225816030904,0.34516830018717143,0.4282191232214146,0.7002621569358204,0.7037722356045104,-11.427767701284662
rho,baseline rho,0.2,2,0.6246303938067362,1.2,0.7046169006508467,0.34516903590974685,0.4282264727924592,0.7016951858035726,0.7052124475593543,-11.403782352081079
rho,baseline rho,0.2,2,0.6284243566004422,1.2,0.704295961045843,0.34520653169082527,0.42863245282894896,0.7032370068229168,0.7067619969887193,-11.379425096369665
rho,baseline rho,0.2,2,0.6322927560354111,1.2,0.7043461908479325,0.34519833267720573,0.4285636276639701,0.7047015860799217,0.7082339174798005,-11.354711797785823
rho,baseline rho,0.2,2,0.6362366811512086,1.2,0.7048304773019213,0.34514551591317266,0.42795955278915454,0.7060745966649614,0.7096138103090377,-11.329663874543087
rho,baseline rho,0.2,2,0.6402572462105554,1.2,0.7045190423775776,0.34517937511343594,0.42834778037969534,0.7076852413137636,0.7112325283477392,-11.30426164945636
rho,baseline rho,0.2,2,0.6443555912200942,1.2,0.704233367544855,0.3452108104017231,0.428704750446253,0.7093136921016294,0.7128691417791476,-11.278457026470395
rho,baseline rho,0.2,2,0.6485328824649206,1.2,0.705088458049477,0.34511687374859384,0.4276366116123338,0.710658836459437,0.7142210287011075,-11.252323689283433
rho,baseline rho,0.2,2,0.652790313057229,1.2,0.7047421907592051,0.3451546902759169,0.4280686467865744,0.7123530068154765,0.7159236911213962,-11.22587170324513
rho,baseline rho,0.2,2,0.6571291034994325,1.2,0.7044137770951646,0.34519093032444664,0.4284792528806805,0.7140677091119612,0.7176469883989096,-11.199006053074513
rho,baseline rho,0.2,2,0.6615505022621248,1.2,0.7046802737680883,0.34520460554411664,0.42824377160596827,0.71566228582085,0.7192495579568137,-11.171761014507068
rho,baseline rho,0.2,2,0.6660557863772645,1.2,0.7049600268527701,0.34513127324968956,0.4277977008775259,0.7172464623887284,0.7208416752427834,-11.144222270444622
rho,baseline rho,0.2,2,0.6706462620469753,1.2,0.7048451583340124,0.3451439492062879,0.4279413184658486,0.7189794681366883,0.7225833677182047,-11.116294180632401
rho,baseline rho,0.2,2,0.6753232652683625,1.2,0.7044995621336634,0.3451814678696656,0.4283720069947381,0.7208012310002665,0.7244142622061372,-11.087971684739248
rho,baseline rho,0.2,2,0.6800881624747613,1.2,0.7050755372094548,0.34511852594530434,0.4276532796344956,0.7223973993610593,0.7260184313941336,-11.059285880258269
rho,baseline rho,0.2,2,0.6849423511938463,1.2,0.7050264371277404,0.3451234505188216,0.427713548648947,0.7241903912407662,0.7278204106830384,-11.030285010138172
rho,baseline rho,0.2,2,0.6898872607230374,1.2,0.7046427109631315,0.3451657096656744,0.4281931185586181,0.7261021257099571,0.7297417277611338,-11.000869843791673
rho,baseline rho,0.2,2,0.6949243528226603,1.2,0.7048731268933229,0.34514024938035287,0.4279049587013174,0.7278717571719854,0.7315202295377788,-10.971058842419016
rho,baseline rho,0.2,2,0.7000551224273222,1.2,0.7051030090954781,0.3451149388616246,0.42761767224268643,0.7296682444998273,0.7333257217958253,-10.940945330756652
rho,baseline rho,0.2,2,0.7052810983759861,1.2,0.7047823804869053,0.3451503021612463,0.4280185048148013,0.7316440636204227,0.735311444750977,-10.910422893526608
rho,baseline rho,0.2,2,0.7106038441612367,1.2,0.7052656123950503,0.3450975567450003,0.42741564630261064,0.7334248980286374,0.7371012056288101,-10.87950619904515
rho,baseline rho,0.2,2,0.7160249586982449,1.2,0.7052266416587729,0.3451017570370917,0.42746414330135135,0.7353778277048082,0.7390639244057196,-10.848249959849364
rho,baseline rho,0.2,2,0.7215460771139571,1.2,0.7048944403907945,0.34513795402191194,0.42787843933090197,0.7374403413174927,0.7411367764109106,-10.816593751022532
rho,baseline rho,0.2,2,0.7271688715570458,1.2,0.7053486840544558,0.3450884564309321,0.4273119351308983,0.7393122312877195,0.7430180492686596,-10.784569075673948
rho,baseline rho,0.2,2,0.7328950520291776,1.2,0.7049528653681567,0.34513156134172646,0.427805515754879,0.741449569868371,0.74516610130353,-10.752162623730097
rho,baseline rho,0.2,2,0.7387263672381705,1.2,0.7051641594911511,0.3451081954818759,0.4275412278617435,0.7434460255453517,0.7471725642562366,-10.719373702173806
rho,baseline rho,0.2,2,0.7446646054736273,1.2,0.705427826580943,0.3450797269978374,0.4272129942501524,0.7454567459134377,0.7491933634021101,-10.686205774472725
rho,baseline rho,0.2,2,0.7507115955056528,1.2,0.7052615489910352,0.3450976536759756,0.4274199295460776,0.7476172623260845,0.7513647094483423,-10.652645428884464
rho,baseline rho,0.2,2,0.7568692075072764,1.2,0.7052215882943917,0.34510188662227476,0.42746949056492745,0.7497719803775879,0.753530228069025,-10.618702189278434
rho,baseline rho,0.2,2,0.7631393540012239,1.2,0.7053964739930427,0.3450832100795225,0.4272522464673143,0.7518960920990915,0.7556649869448403,-10.584377915847366
rho,baseline rho,0.2,2,0.7695239908317001,1.2,0.7053010445699335,0.34509312723586144,0.42737016800100047,0.7541264208824495,0.7579064952977482,-10.549670745156906
rho,baseline rho,0.2,2,0.7760251181618615,1.2,0.7052500425300763,0.3450987373972251,0.42743389388683034,0.7563749401181126,0.7601662852829829,-10.514531525215446
rho,baseline rho,0.2,2,0.7826447814976824,1.2,0.7056933007943613,0.34504977022572036,0.42687957807757254,0.7585132542107093,0.7623153177195727,-10.479057781687777
rho,baseline rho,0.2,2,0.7893850727389358,1.2,0.7053102208594133,0.34509219058031604,0.4273588673767436,0.7609185245276758,0.7647326445041754,-10.443168410949957
rho,baseline rho,0.2,2,0.7962481312580323,1.2,0.7057910118046063,0.345119358598855,0.426939693497597,0.7631394873635038,0.7669647399625461,-10.406821272209317
rho,baseline rho,0.2,2,0.8032361450074849,1.2,0.7056873658235057,0.34505063990360907,0.4268874854778797,0.7654964351433369,0.7693335019922901,-10.370203429359687
rho,baseline rho,0.2,2,0.8103513516567865,1.2,0.705259541458769,0.34510194215878176,0.42743166335734806,0.7680121520606232,0.7718618289931007,-10.333092461106485
rho,baseline rho,0.2,2,0.8175960397595149,1.2,0.7061114493985322,0.34500436995648515,0.42635846166277613,0.7701879884339726,0.7740485717916581,-10.295589547097183
rho,baseline rho,0.2,2,0.8249725499515008,1.2,0.7056234122645166,0.3450576670052644,0.4269673765034232,0.7727848546470576,0.7766584548508052,-10.257747236046493
rho,baseline rho,0.2,2,0.8324832761809209,1.2,0.7054422575815659,0.34507758140598976,0.4271936970472191,0.775326458921274,0.7792127989694626,-10.219419344875712
rho,baseline rho,0.2,2,0.8401306669712053,1.2,0.7060602994019339,0.3450092760178334,0.4264207386065121,0.7776689214099168,0.781567003100192,-10.180733997446914
rho,baseline rho,0.2,2,0.8479172267176741,1.2,0.705844898644887,0.34503368523611305,0.4266914994706176,0.7802879942498304,0.784199204097348,-10.141647039665004
rho,baseline rho,0.2,2,0.8558455170188431,1.2,0.7060156113011244,0.3450147690668115,0.42647788494240424,0.7828281013100737,0.786752043497216,-10.102103242751177
rho,baseline rho,0.2,2,0.8639181580433734,1.2,0.705948575043384,0.34502183216115706,0.42656094029812036,0.7854721827275091,0.78940937842791,-10.062197046315642
rho,baseline rho,0.2,2,0.8721378299336601,1.2,0.7057503113263583,0.3450436552280699,0.4268086987309044,0.7881899942658467,0.7921408130532755,-10.021877606348749
rho,baseline rho,0.2,2,0.8805072742470966,1.2,0.7058841512467492,0.34502887777498137,0.42664134354690864,0.7908453100517869,0.7948094386649811,-9.981108162924167
rho,baseline rho,0.2,2,0.88902929543607,1.2,0.7061302310732946,0.34500173970976095,0.42633371458844316,0.7935027828828102,0.7974802321340031,-9.939964338939701
rho,baseline rho,0.2,2,0.8977067623677852,1.2,0.7062563010379665,0.3450288777749813,0.42626919375569133,0.7962482513789367,0.8002394623482353,-9.898348588740191
rho,baseline rho,0.2,2,0.9065426098850453,1.2,0.706048494830911,0.34501079862936085,0.42643599646047947,0.799095967113258,0.8031014523170765,-9.85637115122697
rho,baseline rho,0.2,2,0.9155398404091444,1.2,0.7059881487881661,0.3450174450781343,0.4265114166490427,0.8019535097873711,0.8059733184834503,-9.813941827255768
rho,baseline rho,0.2,2,0.9247015255860773,1.2,0.7064093611048096,0.34497095028409325,0.425984754139514,0.804704054447221,0.8087376503057823,-9.771101064428414
rho,baseline rho,0.2,2,0.9340308079772923,1.2,0.706224811242804,0.3450687375613986,0.4263910855464481,0.8077056009886926,0.8117542421619036,-9.72781544182603
rho,baseline rho,0.2,2,0.9435309027962627,1.2,0.7067646262074594,0.34493147115055794,0.4255399503620061,0.8104630455680438,0.8145255084897275,-9.684091757044479
rho,baseline rho,0.2,2,0.9532050996921831,1.2,0.7062299793309484,0.34499082599123937,0.4262092140171826,0.8136153921592617,0.8176936562839898,-9.64001262787769
rho,baseline rho,0.2,2,0.9630567645821445,1.2,0.7064019615295236,0.34497163317105073,0.42599370250241936,0.816592981387646,0.8206861707404921,-9.595397822425598
rho,baseline rho,0.2,2,0.9730893415331738,1.2,0.7065675387151782,0.344953536544909,0.42578708216867556,0.819611766568545,0.8237200876450803,-9.55045045875607
rho,baseline rho,0.2,2,0.9833063546955787,1.2,0.7063283161738274,0.3449804568342317,0.42608735992621005,0.8227938591635299,0.8269181305455742,-9.504989206210166
rho,baseline rho,0.2,2,0.9937114102890687,1.2,0.7068376596035744,0.34492377093385357,0.4254494528744057,0.8257870240892351,0.8299262987729052,-9.459123008059024
rho,baseline rho,0.2,2,1.0043081986431819,1.2,0.7063471297910583,0.34496596580393873,0.4260356806522748,0.8291224584555499,0.8332784520735562,-9.412829357479083
rho,baseline rho,0.2,2,1.0151004962935855,1.2,0.7064621421922194,0.3449676654344891,0.42592452301320194,0.8323245799601906,0.8364966242790334,-9.36602603958172
rho,baseline rho,0.2,2,1.0260921681358672,1.2,0.7065897542085516,0.3449511970911108,0.4257595607940875,0.8355572781117558,0.8397455263975154,-9.318885112475455
rho,baseline rho,0.2,2,1.037287169638491,1.2,0.7063922976518424,0.3449729205261593,0.42600628610148705,0.838933804698999,0.8431389778947095,-9.271230077794968
rho,baseline rho,0.2,2,1.0486895491166357,1.2,0.7068929687421257,0.3449176630072225,0.4253802909582549,0.8421362775216472,0.8463575031791829,-9.223136296107988
rho,baseline rho,0.2,2,1.0603034500686892,1.2,0.7066287820304675,0.3449468742848557,0.42571072884758515,0.8456199147263846,0.8498586021880756,-9.174623824256258
rho,baseline rho,0.2,2,1.0721331135772334,1.2,0.706771003021214,0.3449311389631637,0.42553282014724153,0.8490205326610543,0.8532762657910776,-9.12557114105608
rho,baseline rho,0.2,2,1.0841828807763967,1.2,0.7069172945311563,0.34491509973815493,0.425350151674979,0.852463984379368,0.8567369778829579,-9.076192320649179
rho,baseline rho,0.2,2,1.0964571953875313,1.2,0.7070893260695235,0.3448953024498151,0.4251332198866573,0.8559434928489584,0.8602339274613324,-9.026211701292581
rho,baseline rho,0.2,2,1.1089606063252093,1.2,0.7071974718012979,0.3448841904992126,0.4249998722509163,0.8594890146209329,0.8637972212351464,-8.975910274790671
rho,baseline rho,0.2,2,1.1216977703756155,1.2,0.706585995781053,0.3449515733738624,0.4257641726308669,0.8633085089009843,0.8676358608099489,-8.925043582581512
rho,baseline rho,0.2,2,1.1346734549494641,1.2,0.707043386905013,0.3449012289872931,0.42519260043816764,0.8668353681111896,0.8711803984755137,-8.873768583244132
rho,baseline rho,0.2,2,1.147892540911644,1.2,0.7068470515465484,0.34492281409689796,0.42543789082521616,0.8706173472324958,0.8749813348460552,-8.822011490764972
rho,baseline rho,0.2,2,1.1613600254898573,1.2,0.7072790945703554,0.34487512720948243,0.42489769394075083,0.874245827753184,0.8786280032010413,-8.769793463233736
rho,baseline rho,0.2,2,1.1750810252645967,1.2,0.707098174804992,0.34489511128875355,0.42512393759790124,0.878119195835276,0.882520786621441,-8.717085097154218
rho,baseline rho,0.2,2,1.189060779242872,1.2,0.7075297604011431,0.34484752570244365,0.4245844278919991,0.881843828920637,0.8862640895078359,-8.663925728868513
rho,baseline rho,0.2,2,1.2033046520181812,1.2,0.7073411214620778,0.3448681997396915,0.4248199555475426,0.8858183337482344,0.8902585166237874,-8.610247073749903
rho,baseline rho,0.2,2,1.217818137019287,1.2,0.7077709559191542,0.34482071108435686,0.4242824168201672,0.8896419399542659,0.8941012887356846,-8.556138704094353
rho,baseline rho,0.2,2,1.2326068598504607,1.2,0.7074608862411835,0.344855133358303,0.4246705562154476,0.893757583236713,0.8982375617659348,-8.501521444412068
rho,baseline rho,0.2,2,1.247676581725918,1.2,0.7079343847935515,0.34488885256388135,0.4242735328213314,0.897706870801432,0.9022066452169518,-8.446414878628921
rho,baseline rho,0.2,2,1.2630332030012734,1.2,0.7076856284447606,0.3448308379139263,0.42439071194402445,0.9018678761294918,0.9063885076710148,-8.390871157939134
rho,baseline rho,0.2,2,1.2786827668049243,1.2,0.7074765128737119,0.34485332265473867,0.4246508229072355,0.9061075156656018,0.9106493984887357,-8.334763197228483
rho,baseline rho,0.2,2,1.294631462772364,1.2,0.7079009846937407,0.34480665521180504,0.42412050932663314,0.9101911670131454,0.9147535192238414,-8.27825419468654
rho,baseline rho,0.2,2,1.31088563088653,1.2,0.7076605181130253,0.3448335553197174,0.4244219853520937,0.9145497655375239,0.9191339653142411,-8.221146588566409
rho,baseline rho,0.2,2,1.3274517654273796,1.2,0.708107022978057,0.34478397493980095,0.42386303218541155,0.9187336697960116,0.9233388414800983,-8.163650935278355
rho,baseline rho,0.2,2,1.3443365190339982,1.2,0.7074150765663849,0.3448602158010806,0.4247278928704659,0.9233547024466654,0.9279830371533053,-8.105563462372055
rho,baseline rho,0.2,2,1.3615467068826452,1.2,0.7083038835242597,0.3447621959682454,0.423616776931721,0.9275008726781421,0.9321499901495539,-8.047041244754702
rho,baseline rho,0.2,2,1.3790893109842512,1.2,0.7076007594632214,0.3448397541379523,0.4244958029216543,0.9322409689636036,0.9369138462665221,-7.987972878685636
rho,baseline rho,0.2,2,1.3969714846049992,1.2,0.7084668512737613,0.34474427636112664,0.42341316751327396,0.9365073041559849,0.9412015665530483,-7.92841425705566
rho,baseline rho,0.2,2,1.4152005568137338,1.2,0.7077758555626761,0.3448204916392179,0.4242770194750703,0.9413616567227994,0.9460802516633626,-7.868341360345579
rho,baseline rho,0.2,2,1.4337840371600625,1.2,0.7086425231163427,0.34472489237987636,0.4231935328012171,0.9457433174658225,0.950483875572259,-7.8077426471632485
rho,baseline rho,0.2,2,1.4527296204871472,1.2,0.7079412220115255,0.3448022381754636,0.42407025417042593,0.9507227734922471,0.9554882912258847,-7.746647238419556
rho,baseline rho,0.2,2,1.4720451918832933,1.2,0.7087878223821976,0.3447346156742646,0.42307028596703444,0.9552423805067601,0.9600305528648343,-7.685001319423048
rho,baseline rho,0.2,2,1.4917388317766058,1.2,0.7080727928466131,0.3447877558854313,0.4239058375015452,0.9603392880678524,0.9651530087813949,-7.622875555454927
rho,baseline rho,0.2,2,1.5118188211770927,1.2,0.7085078252255379,0.3447397711340705,0.42336197570653405,0.9651123588838595,0.9699500047144307,-7.560196372343882
rho,baseline rho,0.2,2,1.5322936470707536,1.2,0.708587571719919,0.3447308875642523,0.4232620812758052,0.9700721616607566,0.9749346686062054,-7.497014533831322
rho,baseline rho,0.2,2,1.5531720079703377,1.2,0.7086913412462094,0.3447194733795742,0.42313242437866505,0.975087902567241,0.9799755510186089,-7.4332765726874905
rho,baseline rho,0.2,2,1.5744628196276003,1.2,0.7087241732317676,0.3447159717857201,0.4230916507782455,0.9801939002280616,0.9851071425992124,-7.369032345764315
rho,baseline rho,0.2,2,1.5961752209120554,1.2,0.7088221016520209,0.3447050923906475,0.4229690478899677,0.9853429819976331,0.9902820342485608,-7.304221542487969
rho,baseline rho,0.2,2,1.618318579861377,1.2,0.7088505363320493,0.3447019970328636,0.4229335929384853,0.9905838942129948,0.9955492166457243,-7.238897698545112
rho,baseline rho,0.2,2,1.6409024999087747,1.2,0.7088775025327042,0.3446990302286149,0.42289989802579464,0.9958934804638495,1.0008854173084163,-7.1730062345100025
rho,baseline rho,0.2,2,1.6639368262928396,1.2,0.7090077929976057,0.34468466775185724,0.42273703346360647,1.0012350472665574,1.0062537588261444,-7.106588984362649
rho,baseline rho,0.2,2,1.6874316526555453,1.2,0.7089869188738467,0.3446869587401678,0.42276310354885394,1.006700982237207,1.0117470919098508,-7.039603960239241
rho,baseline rho,0.2,2,1.7113973278342638,1.2,0.709112120519316,0.34467319366054183,0.42260668270279306,1.012185210145179,1.017258809624609,-6.972081209144809
rho,baseline rho,0.2,2,1.7358444628538618,1.2,0.7094717070524722,0.3446340211312124,0.4221582528731177,1.0176559866842692,1.0227570085452182,-6.903992573870365
rho,baseline rho,0.2,2,1.7607839381251333,1.2,0.7092031154307835,0.344663022735615,0.42249262013359135,1.0234283504224044,1.0285583063769992,-6.835345732055462
rho,baseline rho,0.2,2,1.7862269108560356,1.2,0.7096059612662808,0.3446187987484744,0.42198947429525924,1.0290292527294163,1.0341872833236563,-6.766171475576558
rho,baseline rho,0.2,2,1.8121848226824113,1.2,0.7092836847731121,0.3446547022394796,0.42239317990602765,1.034972307513269,1.040160127793582,-6.696355713992832
rho,baseline rho,0.2,2,1.8386694075250942,1.2,0.7096838118369623,0.34461026317733034,0.42189226504922306,1.0407242833100074,1.0459409354889841,-6.626085241526216
rho,baseline rho,0.2,2,1.8656926996805347,1.2,0.7088975486188565,0.3446402499027659,0.42274653816061664,1.0469660361357311,1.052213975230946,-6.55509312821723
rho,baseline rho,0.2,2,1.8932670421523103,1.2,0.7097490374945246,0.3446030590566521,0.4218107004459626,1.0527337837404147,1.05801063379081,-6.4837061011975905
rho,baseline rho,0.2,2,1.921405095231136,1.2,0.7093035351941503,0.34465448716447095,0.4223728416948697,1.0590388315861405,1.064347285820382,-6.411534305462739
rho,baseline rho,0.2,2,1.9501198453312445,1.2,0.7098481960302739,0.3445920968726429,0.4216866796768802,1.0650494213925144,1.0703880038335374,-6.339007296782073
rho,baseline rho,0.2,2,1.979424614091259,1.2,0.709349984305645,0.3446470205349443,0.4223094582676086,1.0715380109813697,1.0769091176130552,-6.265671218400925
rho,baseline rho,0.2,2,2.009333067747975,1.2,0.7098904965110349,0.34458746039116256,0.4216338636561219,1.0777150520659717,1.083117121244943,-6.191964058084286
rho,baseline rho,0.2,2,2.0398592267917226,1.2,0.7101084506961712,0.3447228023245357,0.421722864975876,1.0841829095675717,1.0896173990171851,-6.117443095535122
rho,baseline rho,0.2,2,2.071017475912293,1.2,0.7099194042007394,0.3445842697716446,0.4215977196413506,1.0907243168901075,1.0961915952803751,-6.042540614827696
rho,baseline rho,0.2,2,2.1028225742447084,1.2,0.7103092377814724,0.3445410537878362,0.4211098722093403,1.0972132988531005,1.102713103400814,-5.966865163370606
rho,baseline rho,0.2,2,2.135289665924415,1.2,0.7103491229056147,0.34453679962847894,0.4210603386517755,1.103926017512317,1.109459469702333,-5.89071535482859
rho,baseline rho,0.2,2,2.168434290961828,1.2,0.7103213920250732,0.34453990038804094,0.4210951020550039,1.1107549303349857,1.1163226125929726,-5.813866513906557
rho,baseline rho,0.2,2,2.2022723964464688,1.2,0.7104031089999535,0.3445309215564886,0.4209930210901628,1.1176320688353079,1.1232342228934806,-5.736493634697339
rho,baseline rho,0.2,2,2.23682034809129,1.2,0.7103210387459269,0.34454003871348454,0.4210957690562563,1.1246664131856174,1.130303827041578,-5.658412583461674
rho,baseline rho,0.2,2,2.2720949421281498,1.2,0.7103974423267089,0.3445314960713211,0.4209999907630474,1.1317319610255674,1.137404791087459,-5.579803928981671
rho,baseline rho,0.2,2,2.308113417565749,1.2,0.7103546214596075,0.34453863154510134,0.42105899488468257,1.138941792312081,1.144650761803689,-5.500474505930484
rho,baseline rho,0.2,2,2.344893468821764,1.2,0.71030788842654,0.34454149434735537,0.42111222075326193,1.1462477431807891,1.1519933339035242,-5.42061107127782
rho,baseline rho,0.2,2,2.382453258741261,1.2,0.7107553271669449,0.34449213945194945,0.4205528451100764,1.1534538012581834,1.1592355124973455,-5.340065592448571
rho,baseline rho,0.2,2,2.4208114320139376,1.2,0.7103218580854627,0.3445422300699308,0.4210999197131404,1.161117306200129,1.1669374309176686,-5.25888264124702
rho,baseline rho,0.2,2,2.4599871290031343,1.2,0.711226833353666,0.34444054036447924,0.41996431219297303,1.1683347876405432,1.1741910901343553,-5.177128987018197
rho,baseline rho,0.2,2,2.5,1.2,0.7111717439323464,0.34444623331477964,0.4200323132255739,1.176046913406207,1.1819418730912898,-5.09464472053096
rho,baseline rho,0.2,3,0.5,1.2,0.5269759182244282,0.3765074775292497,0.7582686559582279,0.7282025503915268,0.7318526808652334,-14.653398192838997
rho,baseline rho,0.2,3,0.5000203210855501,1.2,0.5269764163037647,0.3765074405049117,0.7582680659104357,0.7282120804176437,0.731862258660805,-14.652907371198607
rho,baseline rho,0.2,3,0.5000812892976928,1.2,0.5269779142708139,0.37650729240755965,0.7582662000695642,0.7282406643074729,0.7318909858279782,-14.651434890069266
rho,baseline rho,0.2,3,0.5001829195049198,1.2,0.5269802672462911,0.37650705715114074,0.7582632627171424,0.7282883303488282,0.7319388907963601,-14.64898070071782
rho,baseline rho,0.2,3,0.5003252364947652,1.2,0.5269836665980359,0.3765067135225969,0.7582590097920947,0.728355052623833,0.7320059475181603,-14.645544722049456
rho,baseline rho,0.2,3,0.5005082749838822,1.2,0.5269880244542886,0.3765062685929474,0.7582535467305926,0.7284408524700315,0.7320921774378775,-14.641126840429864
rho,baseline rho,0.2,3,0.500732079632158,1.2,0.5269933697486349,0.3765057425436026,0.7582468947296737,0.7285457390171899,0.7321975897310414,-14.635726909777194
rho,baseline rho,0.2,3,0.5009967050608752,1.2,0.526999648221302,0.3765050939800941,0.7582390052252515,0.7286697242684107,0.7323221964609202,-14.629344751554813
rho,baseline rho,0.2,3,0.5013022158749305,1.2,0.5270069365051431,0.376504381139818,0.7582299462461646,0.7288128217141309,0.7324660111855719,-14.621980154725122
rho,baseline rho,0.2,3,0.5016486866891229,1.2,0.5270150909864777,0.37650353704511763,0.7582196950335944,0.728975055801658,0.7326290584748468,-14.61363287578899
rho,baseline rho,0.2,3,0.502036202158526,1.2,0.5270243263063741,0.37650263034289094,0.7582082074653669,0.7291564264298682,0.7328113382271143,-14.604302638763626
rho,baseline rho,0.2,3,0.502464857012963,1.2,0.5270344916726102,0.3765016179694284,0.7581955273634498,0.7293569677211394,0.7330128847357913,-14.593989135150522
rho,baseline rho,0.2,3,0.5029347560956027,1.2,0.5270455607566857,0.3765004830818021,0.7581816392185106,0.729576702885568,0.733233721327315,-14.582692023958856
rho,baseline rho,0.2,3,0.5034460144056994,1.2,0.5270577164488559,0.37649928121651915,0.7581664980929774,0.7298156404490176,0.7334738565702854,-14.570410931689102
rho,baseline rho,0.2,3,0.5039987571454999,1.2,0.5270708036346476,0.37649795953796167,0.7581501278576488,0.7300738198699279,0.7337333301209286,-14.557145452300864
rho,baseline rho,0.2,3,0.5045931197713469,1.2,0.5270848228586722,0.37649654529855914,0.7581325956629485,0.7303512750279945,0.7340121760287625,-14.542895147206588
rho,baseline rho,0.2,3,0.5052292480490046,1.2,0.5270998347339859,0.37649503849831156,0.7581138408958197,0.7306480284020066,0.7343104168852519,-14.527659545296645
rho,baseline rho,0.2,3,0.5059072981132409,1.2,0.5271158346969953,0.3764934260268281,0.7580938355536455,0.7309641116192261,0.7346280844761911,-14.511438142890492
rho,baseline rho,0.2,3,0.5066274365316988,1.2,0.5271327939830115,0.37649171662436937,0.7580726301119218,0.7312995659570288,0.7349652202858595,-14.494230403712178
rho,baseline rho,0.2,3,0.507389840373095,1.2,0.5271506918702441,0.376489924432974,0.7580502804212633,0.7316544347318664,0.7353218678478332,-14.476035758891012
rho,baseline rho,0.2,3,0.5081946972797818,1.2,0.5271695971481588,0.37648802823958405,0.7580266649989679,0.732028744157262,0.7356980535070315,-14.456853606985248
rho,baseline rho,0.2,3,0.5090422055447187,1.2,0.5271894690956198,0.3764860236740691,0.7580018137107676,0.7324225414716173,0.7360938247386395,-14.436683313892786
rho,baseline rho,0.2,3,0.5099325741928927,1.2,0.5272102979363051,0.3764839178074485,0.7579757538973966,0.7328358737839743,0.7365092288878339,-14.415524212866831
rho,baseline rho,0.2,3,0.5108660230672385,1.2,0.5272321532869062,0.37648173956139314,0.757948487783594,0.7332687830030119,0.7369443080733621,-14.393375604501571
rho,baseline rho,0.2,3,0.5118427829191048,1.2,0.5272549859628268,0.3764794627151213,0.7579199994215342,0.7337213203165417,0.7373991137396156,-14.370236756710947
rho,baseline rho,0.2,3,0.5128630955033207,1.2,0.5272787238898434,0.3764770502442948,0.7578902689169845,0.734193540498976,0.7378737009355647,-14.346106904704268
rho,baseline rho,0.2,3,0.5139272136779165,1.2,0.527303516684446,0.3764745653940337,0.7578593037543335,0.7346854869690163,0.7383681132975477,-14.32098525095787
rho,baseline rho,0.2,3,0.5150354015085564,1.2,0.5273292376677142,0.3764719705024063,0.7578271370602626,0.7351972268105602,0.738882418245722,-14.294870965192489
rho,baseline rho,0.2,3,0.5161879343777439,1.2,0.5273559664516556,0.37646928742006414,0.7577937434997835,0.735728810535572,0.7394166665452441,-14.267763184368281
rho,baseline rho,0.2,3,0.5173850990988615,1.2,0.5273836374660434,0.3764664872253365,0.7577591168016922,0.7362803026180823,0.7399709229933216,-14.239661012643033
rho,baseline rho,0.2,3,0.5186271940351138,1.2,0.5274123254498502,0.37646361735206313,0.7577233000526744,0.7368517635802577,0.7405452484154902,-14.210563521340287
rho,baseline rho,0.2,3,0.5199145292234401,1.2,0.5274419960061096,0.37646065054781447,0.7576862599546614,0.7374432583536943,0.741139708068817,-14.18046974895049
rho,baseline rho,0.2,3,0.5212474265034702,1.2,0.5274726341055271,0.3764575481190112,0.7576479154220965,0.7380548493091041,0.7417543646366481,-14.149378701097195
rho,baseline rho,0.2,3,0.5226262196515982,1.2,0.5275042504947628,0.376454390153701,0.7576084546470304,0.7386866192749368,0.7423893013626129,-14.117289350440286
rho,baseline rho,0.2,3,0.5240512545202515,1.2,0.5275368675492991,0.3764510938629472,0.7575676496062616,0.7393386218322517,0.7430445720963467,-14.084200636795778
rho,baseline rho,0.2,3,0.5255228891824385,1.2,0.5275704578644488,0.3764477137516089,0.7575256630945476,0.7400109454157875,0.7437202657158691,-14.050111466930542
rho,baseline rho,0.2,3,0.5270414940816569,1.2,0.5276050709540319,0.37644424918209285,0.7574824440142867,0.7407036595752223,0.7444164521194778,-14.015020714662967
rho,baseline rho,0.2,3,0.5286074521872524,1.2,0.5276406496335604,0.3764406691694324,0.7574379725833096,0.7414168461773697,0.7451332135843451,-13.978927220777877
rho,baseline rho,0.2,3,0.5302211591553182,1.2,0.5276772536620812,0.3764370036669463,0.7573922634466134,0.7421505837807042,0.7458706290627216,-13.941829792993369
rho,baseline rho,0.2,3,0.5318830234952302,1.2,0.5277147929497064,0.3764332085792773,0.7573452971612182,0.7429049615315351,0.7466287881477643,-13.903727205942268
rho,baseline rho,0.2,3,0.5335934667419154,1.2,0.5277533256254172,0.3764293334035607,0.7572971385490275,0.7436800667884631,0.747407778635961,-13.864618201112132
rho,baseline rho,0.2,3,0.5353529236339561,1.2,0.5277929320377205,0.3764253771081487,0.7572477046989207,0.7444759768154926,0.7482076781786032,-13.824501486860228
rho,baseline rho,0.2,3,0.537161842297634,1.2,0.527833460332193,0.37642129829857307,0.7571970446414622,0.745292797780701,0.7490285934759382,-13.783375738317062
rho,baseline rho,0.2,3,0.5390206844370244,1.2,0.5278750215542976,0.37641710674674217,0.7571450716046098,0.7461306095142216,0.7498706047582493,-13.74123959740735
rho,baseline rho,0.2,3,0.5409299255302531,1.2,0.5279175370660115,0.37641282803584436,0.7570919277750258,0.7469895250475463,0.7507338256236012,-13.69809167273355
rho,baseline rho,0.2,3,0.5428900550320312,1.2,0.527961125564131,0.3764084655043622,0.7570375027487044,0.7478696270222982,0.7516183391278599,-13.653930539640955
rho,baseline rho,0.2,3,0.5449015765825912,1.2,0.5280056534128768,0.3764039831596054,0.7569818407555828,0.7487710302930889,0.7525242607013483,-13.608754740090646
rho,baseline rho,0.2,3,0.5469650082231464,1.2,0.5280512289255994,0.37639941095489265,0.7569249078863538,0.7496938291795606,0.7534516851364875,-13.562562782669241
rho,baseline rho,0.2,3,0.5490808826180046,1.2,0.5280977206898685,0.37639469168447565,0.7568666934543689,0.750638139569395,0.7544007289018486,-13.515353142525825
rho,baseline rho,0.2,3,0.5512497472834679,1.2,0.5281453333601798,0.37638992561781226,0.7568072418744656,0.7516040600575512,0.7553714910866002,-13.467124261323473
rho,baseline rho,0.2,3,0.5534721648236569,1.2,0.5281939120302512,0.3763850468088937,0.7567465442430406,0.7525917137489299,0.7563640954127088,-13.417874547219418
rho,baseline rho,0.2,3,0.5557487131734017,1.2,0.5282435136785104,0.37638007106899973,0.7566845828568847,0.7536012105990766,0.7573786523868745,-13.367602374811925
rho,baseline rho,0.2,3,0.5580799858483445,1.2,0.5282941104265807,0.3763749886262221,0.7566213613209548,0.7546326710221051,0.7584152830267891,-13.316306085089535
rho,baseline rho,0.2,3,0.5604665922024078,1.2,0.5283457079548672,0.37636977055888987,0.756556802113415,0.755686209670189,0.7594741025593226,-13.263983985407409
rho,baseline rho,0.2,3,0.5629091576927818,1.2,0.5283983557231746,0.37636449965593977,0.7564910614221796,0.7567619585028824,0.7605552436054794,-13.210634349374622
rho,baseline rho,0.2,3,0.5654083241525933,1.2,0.5284519902397304,0.3763591106089562,0.7564240405129166,0.7578600412116461,0.761658830476726,-13.15625541691087
rho,baseline rho,0.2,3,0.5679647500714233,1.2,0.5285066435657808,0.3763536115206065,0.7563557274514054,0.7589805840067274,0.7627849900159417,-13.100845394126251
rho,baseline rho,0.2,3,0.5705791108838415,1.2,0.5285623446387357,0.37634801009950336,0.7562861124484304,0.7601237163703659,0.7639338523543978,-13.044402453290902
rho,baseline rho,0.2,3,0.5732520992661372,1.2,0.5286190804716782,0.3763423215193333,0.7562152461823455,0.761289578344722,0.7651055582362197,-12.986924732773417
rho,baseline rho,0.2,3,0.5759844254414287,1.2,0.528676852300474,0.3763365245670383,0.7561430747240491,0.762478303951069,0.7663002423544644,-12.928410337025644
rho,baseline rho,0.2,3,0.578776817493336,1.2,0.5287355860312271,0.37633060510057964,0.7560696370386126,0.7636900427511905,0.7675180550205977,-12.868857336490063
rho,baseline rho,0.2,3,0.5816300216884137,1.2,0.5287953539660564,0.3763245685217355,0.7559948742419345,0.7649249292299687,0.7687591313936097,-12.808263767588716
rho,baseline rho,0.2,3,0.5845448028075416,1.2,0.528856216981245,0.37631846933536495,0.7559188608478014,0.7661831119242495,0.7700236207548907,-12.746627632622099
rho,baseline rho,0.2,3,0.5875219444864789,1.2,0.5289180827898681,0.3763122634461107,0.7558415796102707,0.7674647466274482,0.7713116796787733,-12.68394689976334
rho,baseline rho,0.2,3,0.5905622495657936,1.2,0.5289809924826578,0.3763059475154902,0.7557629811458195,0.7687699800647022,0.7726234556258578,-12.620219502991882
rho,baseline rho,0.2,3,0.5936665404503856,1.2,0.5290449082304483,0.37629949325942613,0.7556830330259661,0.7700989691705187,0.7739591063172891,-12.555443342028418
rho,baseline rho,0.2,3,0.5968356594788269,1.2,0.5291098836726604,0.3762929551827777,0.7556018170013592,0.7714518761672989,0.7753187947886115,-12.489616282259863
rho,baseline rho,0.2,3,0.600070469302753,1.2,0.5291759425327203,0.376286325576932,0.7555192902003784,0.7728288591155215,0.7767026798925852,-12.422736154732455
rho,baseline rho,0.2,3,0.6033718532765401,1.2,0.5292430124879617,0.37627959196909166,0.7554354939632619,0.7742300928953018,0.7781109373859154,-12.35480075605211
rho,baseline rho,0.2,3,0.6067407158575169,1.2,0.529311125664482,0.3762727499891264,0.7553503853085077,0.7756557415330426,0.7795437321171913,-12.28580784836149
rho,baseline rho,0.2,3,0.6101779830169621,1.2,0.5293803069859175,0.3762657925660168,0.7552639217480679,0.7771059729462141,0.7810012328455722,-12.215755159264424
rho,baseline rho,0.2,3,0.6136846026621482,1.2,0.5294505148472981,0.3762587338418016,0.7551761800157368,0.7785809725947257,0.7824836259605895,-12.14464038174265
rho,baseline rho,0.2,3,0.6172615450697004,1.2,0.5295218099767589,0.3762515526034227,0.7550870466901429,0.7800809070675606,0.7839910788862573,-12.072461174159667
rho,baseline rho,0.2,3,0.6209098033305457,1.2,0.529594159604893,0.3762442902453485,0.7549966573645526,0.7816059726916026,0.7855237889335518,-11.999215160110726
rho,baseline rho,0.2,3,0.6246303938067362,1.2,0.529667558028821,0.37623691077488874,0.7549049283360023,0.7831563502736235,0.7870819378155425,-11.924899928457496
rho,baseline rho,0.2,3,0.6284243566004422,1.2,0.5297420266751233,0.3762294300033233,0.7548118774531315,0.7847322300789917,0.788665716751307,-11.849513033201166
rho,baseline rho,0.2,3,0.6322927560354111,1.2,0.5298175564841909,0.37622183815874394,0.7547174895021287,0.7863338056696676,0.790275320273039,-11.773051993447277
rho,baseline rho,0.2,3,0.6362366811512086,1.2,0.5298941324491702,0.37621410091770163,0.7546216942304005,0.7879612703889384,0.7919109426931631,-11.695514293347692
rho,baseline rho,0.2,3,0.6402572462105554,1.2,0.5299718307311538,0.37620631084104134,0.7545246453979928,0.7896148320789709,0.7935727928956591,-11.616897381980145
rho,baseline rho,0.2,3,0.6443555912200942,1.2,0.5300505433937402,0.3761983824389375,0.7544262385845802,0.7912946958159741,0.7952610769846852,-11.537198673382093
rho,baseline rho,0.2,3,0.6485328824649206,1.2,0.5301304059991245,0.37619038435828783,0.7543265087468622,0.7930010632419704,0.796975997612998,-11.456415546405214
rho,baseline rho,0.2,3,0.652790313057229,1.2,0.5302113040073438,0.376182255023214,0.7542254174703195,0.7947341527839688,0.7987177743024767,-11.374545344693113
rho,baseline rho,0.2,3,0.6571291034994325,1.2,0.530293268425939,0.3761739917328268,0.7541229270384023,0.7964941759292724,0.8004866196005093,-11.291585376600223
rho,baseline rho,0.2,3,0.6615505022621248,1.2,0.5303763748824527,0.3761656483543921,0.754019095629857,0.7982813523556043,0.8022827542859576,-11.207532915106253
rho,baseline rho,0.2,3,0.6660557863772645,1.2,0.5304605065522077,0.37615719390294333,0.7539139631027034,0.8000959188278546,0.804106416310501,-11.122385197772077
rho,baseline rho,0.2,3,0.6706462620469753,1.2,0.5305457979507668,0.3761486027952923,0.7538073313927389,0.801938078285495,0.8059578096308491,-11.03613942671539
rho,baseline rho,0.2,3,0.6753232652683625,1.2,0.5306321028024733,0.3761399272294633,0.7536994764355135,0.8038080967836779,0.8078372016357617,-10.948792768400779
rho,baseline rho,0.2,3,0.6800881624747613,1.2,0.5307195821082376,0.37613114225986166,0.7535901752652587,0.8057061815286011,0.8097448005700615,-10.860342353764441
rho,baseline rho,0.2,3,0.6849423511938463,1.2,0.5308081057027865,0.37612223580774407,0.7534795280436497,0.8076325918339796,0.8116808670472797,-10.770785277981378
rho,baseline rho,0.2,3,0.6898872607230374,1.2,0.530897800492078,0.3761132297237621,0.7533674621417469,0.8095875579775224,0.8136456324993963,-10.680118600493701
rho,baseline rho,0.2,3,0.6949243528226603,1.2,0.5309885344345692,0.37610409238535597,0.7532540310506549,0.8115713444288394,0.8156393627216811,-10.588339344881149
rho,baseline rho,0.2,3,0.7000551224273222,1.2,0.5310803910835665,0.3760948537458442,0.7531392256211104,0.8135841986607396,0.8176623064274056,-10.49544449882748
rho,baseline rho,0.2,3,0.7052810983759861,1.2,0.5311733672077794,0.3760854969622991,0.7530230072465713,0.8156263768555063,0.8197147210829723,-10.401431014042036
rho,baseline rho,0.2,3,0.7106038441612367,1.2,0.5312675164740222,0.3760760459486676,0.752905381662468,0.8176981389734583,0.8217968679517562,-10.306295806173633
rho,baseline rho,0.2,3,0.7160249586982449,1.2,0.5313627280938764,0.376066479491892,0.7527864069639829,0.8197997664983573,0.8239090299284625,-10.210035754736538
rho,baseline rho,0.2,3,0.7215460771139571,1.2,0.5314590988267414,0.37605679322184166,0.752665975536313,0.8219315162059726,0.8260514650759542,-10.112647703079961
rho,baseline rho,0.2,3,0.7271688715570458,1.2,0.5315565377343481,0.37604698713851675,0.7525441783177274,0.8240936802508955,0.8282244670132536,-10.014128458243734
rho,baseline rho,0.2,3,0.7328950520291776,1.2,0.5316551726393494,0.37603708849434686,0.7524209551806081,0.8262865264388294,0.830428304888446,-9.914474790952585
rho,baseline rho,0.2,3,0.7387263672381705,1.2,0.5317549413133192,0.3760270858481823,0.7522963399335655,0.8285103498318973,0.8326632752426595,-9.813683435494385
rho,baseline rho,0.2,3,0.7446646054736273,1.2,0.531855821057481,0.37601691762414446,0.7521702023208937,0.8307654339555162,0.8349296630224876,-9.711751089694841
rho,baseline rho,0.2,3,0.7507115955056528,1.2,0.5319578437149104,0.37600665850850296,0.7520426960202109,0.833052086532758,0.837227777493471,-9.608674414756988
rho,baseline rho,0.2,3,0.7568692075072764,1.2,0.5320610004876203,0.37599628498136495,0.7519137714060902,0.8353706068675195,0.8395579194597734,-9.504450035278808
rho,baseline rho,0.2,3,0.7631393540012239,1.2,0.5321653103944537,0.375985784569933,0.7517833784772596,0.8377212972482129,0.841920392725034,-9.399074539138507
rho,baseline rho,0.2,3,0.7695239908317001,1.2,0.532270790198137,0.37597518182574746,0.7516515614570196,0.8401044732406839,0.8443155144368791,-9.292544477400405
rho,baseline rho,0.2,3,0.7760251181618615,1.2,0.5323774176692898,0.3759644532289159,0.7515182841513371,0.8425204521764222,0.8467436035174286,-9.184856364271562
rho,baseline rho,0.2,3,0.7826447814976824,1.2,0.532485188734829,0.37595362500022,0.7513836157657172,0.844969564241306,0.8492049918076247,-9.076006676989667
rho,baseline rho,0.2,3,0.7893850727389358,1.2,0.532594167028879,0.37594267425736044,0.7512474358264043,0.8474521239761802,0.8516999954249546,-8.965991855801605
rho,baseline rho,0.2,3,0.7962481312580323,1.2,0.5327043036897008,0.3759315922600766,0.7511097714843293,0.8499684727460577,0.8542289574455306,-8.854808303822212
rho,baseline rho,0.2,3,0.8032361450074849,1.2,0.5328156038318113,0.3759204106309284,0.7509706961754146,0.8525189573400926,0.8567922263967946,-8.742452386975772
rho,baseline rho,0.2,3,0.8103513516567865,1.2,0.5329280984810427,0.3759091233305443,0.7508301638720292,0.8551039182686009,0.8593901444958779,-8.628920433948931
rho,baseline rho,0.2,3,0.8175960397595149,1.2,0.5330417252799997,0.37589767212152825,0.7506880922698762,0.8577237062619223,0.862023064231163,-8.51420873609639
rho,baseline rho,0.2,3,0.8249725499515008,1.2,0.5331565963711296,0.3758861522656143,0.7505446058566563,0.8603786817010342,0.8646913477900448,-8.398313547317638
rho,baseline rho,0.2,3,0.8324832761809209,1.2,0.5332725916015836,0.3758744630992903,0.7503995747370532,0.8630692080019091,0.8673953604101255,-8.281231084063185
rho,baseline rho,0.2,3,0.8401306669712053,1.2,0.5333897854607301,0.37586267803363876,0.7502531067748284,0.8657956594930077,0.8701354782961954,-8.162957525164868
rho,baseline rho,0.2,3,0.8479172267176741,1.2,0.5335082614732283,0.3758507977062532,0.7501051200291045,0.8685583998407062,0.8729120669375158,-8.043489011835073
rho,baseline rho,0.2,3,0.8558455170188431,1.2,0.5336278624673825,0.37583874910010534,0.749955590297279,0.8713578233761367,0.8757255226418119,-7.922821647541866
rho,baseline rho,0.2,3,0.8639181580433734,1.2,0.5337487024565182,0.3758266079331125,0.749804591649333,0.8741943176093396,0.8785762348615264,-7.800951497922178
rho,baseline rho,0.2,3,0.8721378299336601,1.2,0.5338707573001319,0.3758143469528451,0.7496520805307351,0.8770682776795884,0.8814646007165763,-7.677874590741155
rho,baseline rho,0.2,3,0.8805072742470966,1.2,0.5339940010782385,0.3758019547181533,0.7494980544416541,0.8799801091565915,0.8843910278095971,-7.553586915783555
rho,baseline rho,0.2,3,0.88902929543607,1.2,0.5341184309928664,0.37578942852814834,0.749342509471054,0.8829302224767005,0.8873559286342605,-7.42808442478125
rho,baseline rho,0.2,3,0.8977067623677852,1.2,0.5342441639415612,0.3757767781547384,0.7491853529948089,0.8859190175029795,0.8903597050579534,-7.301363031348664
rho,baseline rho,0.2,3,0.9065426098850453,1.2,0.5343710861646891,0.3757640395906138,0.7490267881783954,0.8889469458339552,0.8934028109428488,-7.173418610834086
rho,baseline rho,0.2,3,0.9155398404091444,1.2,0.5344992581348312,0.37575116103180434,0.7488666258681705,0.8920144177566922,0.8964856586325842,-7.044247000362004
rho,baseline rho,0.2,3,0.9247015255860773,1.2,0.5346286206260514,0.37573813604488404,0.7487049093094403,0.8951218810028018,0.8996086981030346,-6.913843998641231
rho,baseline rho,0.2,3,0.9340308079772923,1.2,0.5347592610765468,0.3757250124577473,0.7485416698684975,0.8982697776863372,0.9027723736843595,-6.782205365928471
rho,baseline rho,0.2,3,0.9435309027962627,1.2,0.5348911189813967,0.3757117347338869,0.7483768300975782,0.9014585600500746,0.9059771398862113,-6.649326823964553
rho,baseline rho,0.2,3,0.9532050996921831,1.2,0.5350242614633524,0.3756983644491816,0.7482104758284146,0.9046886919611025,0.9092234629008219,-6.515204055846381
rho,baseline rho,0.2,3,0.9630567645821445,1.2,0.5351586353371094,0.3756848645792932,0.7480425682778546,0.907960644048197,0.9125118157160038,-6.379832705997069
rho,baseline rho,0.2,3,0.9730893415331738,1.2,0.5352942738154418,0.37567121057268127,0.7478730132470983,0.911274882729674,0.9158426670880048,-6.2432083800732725
rho,baseline rho,0.2,3,0.9833063546955787,1.2,0.5354312470309592,0.3756572058665061,0.7477012523414417,0.9146318375070489,0.9192164486712254,-6.105326644958591
rho,baseline rho,0.2,3,0.9937114102890687,1.2,0.535569476909406,0.3756433482260352,0.7475286000840652,0.9180321270413432,0.9226337822277383,-5.966183028266412
rho,baseline rho,0.2,3,1.0043081986431819,1.2,0.5357088815008615,0.37562929775526144,0.7473542941232079,0.9214761921456465,0.9260951107802179,-5.825773018964041
rho,baseline rho,0.2,3,1.0151004962935855,1.2,0.5358496080298891,0.3756151476526233,0.747178418739227,0.9249645389563619,0.929600943002087,-5.684092066770809
rho,baseline rho,0.2,3,1.0260921681358672,1.2,0.5359916637201194,0.37560088210684084,0.7470009274332732,0.9284976822024603,0.9331517962024057,-5.541135582253368
rho,baseline rho,0.2,3,1.037287169638491,1.2,0.5361349691474491,0.3755864853066342,0.74682186035423,0.9320761607052428,0.9367482119033282,-5.396898936706915
rho,baseline rho,0.2,3,1.0486895491166357,1.2,0.536279542262561,0.3755719245977956,0.746641118438363,0.9357005013214856,0.9403907196025116,-5.2513774621161105
rho,baseline rho,0.2,3,1.0603034500686892,1.2,0.5364254297791012,0.37555726695798164,0.746458821344525,0.9393712576456763,0.944079875669347,-5.1045664510119915
rho,baseline rho,0.2,3,1.0721331135772334,1.2,0.5365726967757805,0.375542468291835,0.7462747944611376,0.9430889638887208,0.947816216992484,-4.956461156484009
rho,baseline rho,0.2,3,1.0841828807763967,1.2,0.5367212218163053,0.3755275454422835,0.7460892010623268,0.9468542109183979,0.9516003374014381,-4.807056791989609
rho,baseline rho,0.2,3,1.0964571953875313,1.2,0.5368710640666774,0.375512493007549,0.7459019685640742,0.9506675620202543,0.9554328030052368,-4.6563485313767865
rho,baseline rho,0.2,3,1.1089606063252093,1.2,0.5370222071619072,0.375497286436091,0.7457130523453425,0.9545295993232992,0.959314198850823,-4.504331508759313
rho,baseline rho,0.2,3,1.1216977703756155,1.2,0.5371747056504087,0.375481955681228,0.7455224722617614,0.95844091482565,0.9632451199037171,-4.351000818432676
rho,baseline rho,0.2,3,1.1346734549494641,1.2,0.5373285115409958,0.37546648556927364,0.7453302386130796,0.9624021187360884,0.9672261794313848,-4.196351514809484
rho,baseline rho,0.2,3,1.147892540911644,1.2,0.5374836816930211,0.3754508896046731,0.7451363280849868,0.9664138193603565,0.9712579887887137,-4.040378612346222
rho,baseline rho,0.2,3,1.1613600254898573,1.2,0.5376384393256118,0.37544315673376105,0.7449623620010505,0.9704788538032062,0.9753433993015025,-3.883077085739658
rho,baseline rho,0.2,3,1.1750810252645967,1.2,0.5377962917925893,0.37542726020432615,0.7447650225549568,0.9745934419911091,0.9794786119485249,-3.7244418687289222
rho,baseline rho,0.2,3,1.189060779242872,1.2,0.5379555391729842,0.37541123949148636,0.7445659797238677,0.9787604321986763,0.9836664892814285,-3.564467855700034
rho,baseline rho,0.2,3,1.2033046520181812,1.2,0.5381160492300034,0.375395024916696,0.7443651926630692,0.9829804910639781,0.9879077012798206,-3.4031499004892836
rho,baseline rho,0.2,3,1.217818137019287,1.2,0.5382780132980258,0.37537872485208,0.7441627392345407,0.9872542793628931,0.9922029120317326,-3.2404828166146085
rho,baseline rho,0.2,3,1.2326068598504607,1.2,0.5384413510519979,0.37536227669011196,0.7439585442462402,0.9915824787652081,0.9965528066238354,-3.076461377148357
rho,baseline rho,0.2,3,1.247676581725918,1.2,0.5386060670089635,0.37534567002129005,0.7437525773239207,0.9959657794817639,1.000958078726666,-2.911080314681901
rho,baseline rho,0.2,3,1.2630332030012734,1.2,0.538772115917957,0.3753289522794542,0.7435450015442069,1.0004049070693133,1.0054194575338453,-2.744334321280081
rho,baseline rho,0.2,3,1.2786827668049243,1.2,0.5389395657807827,0.37531207062898625,0.7433356176616188,1.0049005538738958,1.0099376388618124,-2.5762180483027053
rho,baseline rho,0.2,3,1.294631462772364,1.2,0.5391084692651311,0.37529507186613287,0.7431244892503426,1.009453451594877,1.0145133580775907,-2.40672610645162
rho,baseline rho,0.2,3,1.31088563088653,1.2,0.539278712944948,0.3752778906824785,0.7429115675103285,1.0140643486492582,1.0191473673496376,-2.235853065627302
rho,baseline rho,0.2,3,1.3274517654273796,1.2,0.5394503223418555,0.37526059135479073,0.7426969865834444,1.018734011973703,1.0238404374589027,-2.063593454914079
rho,baseline rho,0.2,3,1.3443365190339982,1.2,0.5396234406099276,0.3752431591034375,0.742480566603011,1.0234631797888865,1.0285933103264073,-1.8899417624166013
rho,baseline rho,0.2,3,1.3615467068826452,1.2,0.539797969105591,0.3752255787547322,0.7422623685211636,1.0282526496111979,1.0334067874661086,-1.714892435294429
rho,baseline rho,0.2,3,1.3790893109842512,1.2,0.5399739076196977,0.3752078731909742,0.742042449386682,1.0331032234212116,1.0382816748785249,-1.5384398796470193
rho,baseline rho,0.2,3,1.3969714846049992,1.2,0.5401512646997177,0.37519000038010186,0.7418206962444551,1.0380156992644236,1.0432187746093724,-1.3605784604157574
rho,baseline rho,0.2,3,1.4152005568137338,1.2,0.5403300477659394,0.37517199091302705,0.7415971776620196,1.0429909077382682,1.048218921419472,-1.1813025013813674
rho,baseline rho,0.2,3,1.4337840371600625,1.2,0.5405102809036455,0.37515381046630103,0.7413717842946461,1.048029674354442,1.053282944958415,-1.0006062850317807
rho,baseline rho,0.2,3,1.4527296204871472,1.2,0.5406919700909313,0.3751355014660397,0.7411446155507112,1.0531328622503,1.0584117126900505,-0.8184840525671486
rho,baseline rho,0.2,3,1.4720451918832933,1.2,0.5408751760837277,0.3751170813927644,0.7409156540958989,1.0583013326397532,1.0636060901451423,-0.6349300037761338
rho,baseline rho,0.2,3,1.4917388317766058,1.2,0.5410597185307486,0.3750984375042198,0.7406848002297333,1.0635359762035137,1.0688669724689575,-0.4499382969789236
rho,baseline rho,0.2,3,1.5118188211770927,1.2,0.5412458131409401,0.3750796939838109,0.7404521467148462,1.0688376818294716,1.0741952530049554,-0.2635030490136616
rho,baseline rho,0.2,3,1.5322936470707536,1.2,0.5414334138044757,0.37506079632667844,0.7402176042709933,1.074207360123544,1.0795918469234855,-0.07561833510809324
rho,baseline rho,0.2,3,1.5531720079703377,1.2,0.5416225038589603,0.3750417701160107,0.7399812531092101,1.0796459528078823,1.0850577006670996,0.11372181111916335
rho,baseline rho,0.2,3,1.5744628196276003,1.2,0.541812963039362,0.3750225402714841,0.7397430269950043,1.0851544128827069,1.0905937720129526,0.3045233977732824
rho,baseline rho,0.2,3,1.5961752209120554,1.2,0.5420050762810762,0.3750032390791704,0.7395029695915829,1.0907336829547685,1.0962010082926306,0.4967924746972425
rho,baseline rho,0.2,3,1.618318579861377,1.2,0.5421986026836876,0.3749837113706984,0.7392609363611271,1.0963847533199151,1.1018804047658604,0.6905351335807457
rho,baseline rho,0.2,3,1.6409024999087747,1.2,0.5423936837034415,0.3749640894321402,0.7390171144459945,1.1021086302741765,1.1076329727727519,0.8857575079267863
rho,baseline rho,0.2,3,1.6639368262928396,1.2,0.5425902310645381,0.37494427633252037,0.7387713513454424,1.1079063241371656,1.1134597276971656,1.0824657732224137
rho,baseline rho,0.2,3,1.6874316526555453,1.2,0.5427883045950077,0.37492430099350993,0.7385236590728708,1.113778866598897,1.119361706400484,1.2806661469057903
rho,baseline rho,0.2,3,1.7113973278342638,1.2,0.5429879278093334,0.3749041812896843,0.7382740585142421,1.119727312458006,1.1253399689685428,1.4803648884456986
rho,baseline rho,0.2,3,1.7358444628538618,1.2,0.5431891282366779,0.37488393366991685,0.7380225629993953,1.125752734324695,1.1313955933880253,1.6815682993959418
rho,baseline rho,0.2,3,1.7607839381251333,1.2,0.5433918207673945,0.37486350029086607,0.7377691139551168,1.1318562274862,1.1375296804363175,1.88428272345551
rho,baseline rho,0.2,3,1.7862269108560356,1.2,0.5435961119223176,0.374842931924854,0.7375137309790196,1.1380388965758594,1.1437433402837556,2.0885145464927493
rho,baseline rho,0.2,3,1.8121848226824113,1.2,0.5438018496457295,0.37482254701129086,0.7372573571303169,1.1443019941806298,1.1500378317959143,2.2942701964470347
rho,baseline rho,0.2,3,1.8386694075250942,1.2,0.5440092646962856,0.374801656229793,0.7369980493785199,1.1506464368485672,1.1564140761150663,2.5015561440290104
rho,baseline rho,0.2,3,1.8656926996805347,1.2,0.5442182031881437,0.37478058572838335,0.7367367717611604,1.157073520720552,1.1628733758790246,2.7103789017688023
rho,baseline rho,0.2,3,1.8932670421523103,1.2,0.5444287715830101,0.3747593812716603,0.736473531495794,1.1635844320905744,1.1694169233281029,2.9207450247246745
rho,baseline rho,0.2,3,1.921405095231136,1.2,0.5446409113421218,0.37473799002400604,0.7362082558775092,1.1701803867165101,1.1760459403141887,3.13266111037314
rho,baseline rho,0.2,3,1.9501198453312445,1.2,0.544854665382785,0.37471646482103843,0.7359410332326741,1.1768626305153222,1.18276167899943,3.3461337986070436
rho,baseline rho,0.2,3,1.979424614091259,1.2,0.5450700072404304,0.3746947528271396,0.7356717587821842,1.1836324174176287,1.189565399599798,3.5611697718356807
rho,baseline rho,0.2,3,2.009333067747975,1.2,0.5452869496967385,0.3746728698535895,0.7354004590195777,1.1904910353988198,1.1964583965466866,3.7777757549647917
rho,baseline rho,0.2,3,2.0398592267917226,1.2,0.5455055522031423,0.3746508839096925,0.7351272434285335,1.1974398009288731,1.2034419929089064,3.9959585154410053
rho,baseline rho,0.2,3,2.071017475912293,1.2,0.545725765795714,0.37462868289078677,0.7348518825050001,1.2044800268550664,1.2105175081144093,4.21572486335623
rho,baseline rho,0.2,3,2.1028225742447084,1.2,0.5459476008937235,0.3746063223333795,0.7345745037823909,1.211613085638138,1.2176863215034226,4.437081651361485
rho,baseline rho,0.2,3,2.135289665924415,1.2,0.5461711153995492,0.37458381908039823,0.7342950911961599,1.2188403534627759,1.2249498161587875,4.66003577478158
rho,baseline rho,0.2,3,2.168434290961828,1.2,0.546396228541358,0.37456112903648575,0.7340136159852725,1.2261632452363986,1.2323094140801771,4.884594171620849
rho,baseline rho,0.2,3,2.2022723964464688,1.2,0.5466229829146539,0.3745382663436807,0.7337300706830486,1.2335831916858093,1.2397665531659412,5.110763822583893
rho,baseline rho,0.2,3,2.23682034809129,1.2,0.5468514815801361,0.3745152555535236,0.7334444132148165,1.24110163970803,1.2473226875657033,5.338551751108911
rho,baseline rho,0.2,3,2.2720949421281498,1.2,0.5470816025889107,0.374492069413585,0.7331566978344342,1.2487200988737457,1.2549793344169036,5.567965023368947
rho,baseline rho,0.2,3,2.308113417565749,1.2,0.5473155568206072,0.3744597159819214,0.7328423776784854,1.25643689405388,1.262734810193846,5.7990107473065144
rho,baseline rho,0.2,3,2.344893468821764,1.2,0.5475490629619,0.37443627170326454,0.732550635949009,1.2642599365955756,1.270597065899466,6.031696076728101
rho,baseline rho,0.2,3,2.382453258741261,1.2,0.5477842417356269,0.37441262482239646,0.7322567183232056,1.272187611355616,1.2785644782946077,6.266028205125435
rho,baseline rho,0.2,3,2.4208114320139376,1.2,0.5480211749185884,0.37438885002558653,0.7319607285449683,1.2802215275825846,1.2866386646942465,6.502014369895489
rho,baseline rho,0.2,3,2.4599871290031343,1.2,0.5482597773392018,0.3743648497442662,0.7316625094255552,1.2883633111957602,1.2948212591676158,6.739661851205415
rho,baseline rho,0.2,3,2.5,1.2,0.5485001270362209,0.3743407040664829,0.7313621818649225,1.296614635384753,1.3031139432912238,6.9789779721304654
rho,substitutes,0.7,1,0.5,1.2,0.8716141398171303,0.31810011453851905,0.16548210758607074,0.554093671492626,0.556871077579045,-11.880736319300237
rho,substitutes,0.7,1,0.5000203210855501,1.2,0.871613627169892,0.3181001771460454,0.16548275546556598,0.5541012773067421,0.5568787215174629,-11.88069626901419
rho,substitutes,0.7,1,0.5000812892976928,1.2,0.8716120633117315,0.31810035249582697,0.16548469807925478,0.5541240970415192,0.5569016556366367,-11.880576110329972
rho,substitutes,0.7,1,0.5001829195049198,1.2,0.871609547750785,0.31810067324207153,0.1654879064520895,0.5541621192057524,0.5569398683877612,-11.880375819766751
rho,substitutes,0.7,1,0.5003252364947652,1.2,0.8716058999294866,0.31810106970623336,0.1654924106359775,0.5542153710836638,0.5569933871918215,-11.880095358180252
rho,substitutes,0.7,1,0.5005082749838822,1.2,0.8716012544940096,0.3181016142677472,0.1654982323243245,0.5542838644966223,0.557062223929441,-11.879734670749478
rho,substitutes,0.7,1,0.500732079632158,1.2,0.871595554399841,0.31810225742947756,0.16550532164783044,0.5543675961697162,0.5571463753092929,-11.879293686957944
rho,substitutes,0.7,1,0.5009967050608752,1.2,0.871588840322404,0.3181030443184297,0.16551373540540404,0.5544666015470561,0.5572458769531519,-11.878772320567988
rho,substitutes,0.7,1,0.5013022158749305,1.2,0.8715810964466889,0.3181039483197673,0.16552343192400834,0.5545808842567602,0.5573607325073223,-11.87817046959187
rho,substitutes,0.7,1,0.5016486866891229,1.2,0.8715722981102372,0.31810495465385835,0.165534403942097,0.5547104643251427,0.5574909620985006,-11.877488016255334
rho,substitutes,0.7,1,0.502036202158526,1.2,0.8715624803619371,0.318106096612504,0.16554668832107144,0.5548553785767408,0.5576366027358076,-11.87672482695638
rho,substitutes,0.7,1,0.502464857012963,1.2,0.8715516264854556,0.3181073583844242,0.16556026762490075,0.5550156486029706,0.557797676118887,-11.875880752219118
rho,substitutes,0.7,1,0.5029347560956027,1.2,0.8715396770310778,0.31810872145745006,0.1655751613170143,0.5551913149971307,0.5579742230445122,-11.874955626640906
rho,substitutes,0.7,1,0.5034460144056994,1.2,0.8715267278697001,0.3181102184857892,0.16559134405960468,0.5553823967809249,0.5581662626297335,-11.873949268834911
rho,substitutes,0.7,1,0.5039987571454999,1.2,0.87151277587773,0.3181118494694416,0.16560881897626403,0.5555889315000155,0.5583738326084117,-11.872861481366133
rho,substitutes,0.7,1,0.5045931197713469,1.2,0.8716135190403663,0.31810091286862074,0.1654844527558547,0.5557509651872982,0.5585366784929319,-11.871692207023731
rho,substitutes,0.7,1,0.5052292480490046,1.2,0.8715988136444078,0.31810187947748475,0.16550124602695926,0.5559872213611032,0.5587741189057363,-11.87044207199869
rho,substitutes,0.7,1,0.5059072981132409,1.2,0.8715817360862542,0.31810388841313003,0.1655226628861065,0.5562403897818439,0.5590285563384668,-11.869109894732523
rho,substitutes,0.7,1,0.5066274365316988,1.2,0.8715635390890634,0.31810596972821004,0.16554535552387029,0.5565091848952428,0.5592986987929786,-11.867695413036941
rho,substitutes,0.7,1,0.507389840373095,1.2,0.8716518067620942,0.31809573889664594,0.16543498925466088,0.556737357332456,0.5595280149492927,-11.866199352080265
rho,substitutes,0.7,1,0.5081946972797818,1.2,0.8716317964336565,0.3180980843898157,0.1654600658483455,0.5570374752381428,0.5598296372022422,-11.864620764739747
rho,substitutes,0.7,1,0.5090422055447187,1.2,0.8716104519985233,0.3181005365858692,0.1654867070269541,0.5573535024883873,0.5601472485456708,-11.86295906075017
rho,substitutes,0.7,1,0.5099325741928927,1.2,0.8715880637970462,0.31810312980825534,0.16551469658878537,0.5576854031003405,0.5604808128163644,-11.861213910138575
rho,substitutes,0.7,1,0.5108660230672385,1.2,0.8715646198392775,0.3181058515841767,0.16554401958254417,0.5580332353545849,0.5608303885870389,-11.859384967841022
rho,substitutes,0.7,1,0.5118427829191048,1.2,0.87160190600807,0.31810153584894085,0.1654974114256422,0.558364664932432,0.5611634794625583,-11.85747265207638
rho,substitutes,0.7,1,0.5128630955033207,1.2,0.8715763188360686,0.3181044955821702,0.1655293916214191,0.558744559034269,0.5615452777915051,-11.855476007795586
rho,substitutes,0.7,1,0.5139272136779165,1.2,0.8715497003052629,0.31810759093995405,0.1655626961250377,0.5591405890298755,0.5619432928957256,-11.853394476123995
rho,substitutes,0.7,1,0.5150354015085564,1.2,0.8715219364312675,0.3181107859296023,0.1655973611766736,0.5595528502334044,0.5623576205671367,-11.851227643514587
rho,substitutes,0.7,1,0.5161879343777439,1.2,0.8715499060444116,0.31810754247446643,0.1655623857004358,0.5599516256569783,0.5627583948608395,-11.848975215053745
rho,substitutes,0.7,1,0.5173850990988615,1.2,0.8715200251910367,0.31811100537474124,0.16559974641840447,0.5603965700436201,0.5632055695405006,-11.84663752859298
rho,substitutes,0.7,1,0.5186271940351138,1.2,0.8715709815076615,0.318105111491471,0.1655360593139159,0.5608149971323649,0.563626094003756,-11.844214503671738
rho,substitutes,0.7,1,0.5199145292234401,1.2,0.8715479357346227,0.31810778043177435,0.16556486999800993,0.5612882459026364,0.56410171494336,-11.841704899800906
rho,substitutes,0.7,1,0.5212474265034702,1.2,0.8715207399323905,0.3181109155147853,0.16559883757954563,0.5617797466174116,0.5645956793157203,-11.839107847676997
rho,substitutes,0.7,1,0.5226262196515982,1.2,0.8714897355277347,0.31811451840974503,0.16563762423731448,0.5622894502127003,0.5651079378109126,-11.83642286404767
rho,substitutes,0.7,1,0.5240512545202515,1.2,0.8714627699077117,0.318117637681476,0.16567132748427657,0.5628132998777167,0.5656344132833021,-11.833649444547385
rho,substitutes,0.7,1,0.5255228891824385,1.2,0.8714870262762058,0.31811482771484,0.16564100158784864,0.5633266253633743,0.5661503118236643,-11.830788032914008
rho,substitutes,0.7,1,0.5270414940816569,1.2,0.8715348980937748,0.3181092932713935,0.16558117537243508,0.563844018628738,0.5666702985335631,-11.82783905883259
rho,substitutes,0.7,1,0.5286074521872524,1.2,0.8715174687961207,0.31811131197894715,0.16560296507840516,0.5644123146409874,0.5672414431414282,-11.824800504896317
rho,substitutes,0.7,1,0.5302211591553182,1.2,0.8714846306425247,0.3181151070666162,0.16564400062136628,0.5650054150049901,0.5678375164333772,-11.82167140114718
rho,substitutes,0.7,1,0.5318830234952302,1.2,0.87154599164396,0.31810800424704366,0.16556729752965438,0.5655657960419228,0.5684007063919466,-11.818451990570306
rho,substitutes,0.7,1,0.5335934667419154,1.2,0.8715108880408684,0.3181120574734309,0.1656111561017424,0.5661938518338572,0.569031910326639,-11.815142241711133
rho,substitutes,0.7,1,0.5353529236339561,1.2,0.8714768620008875,0.31811599692591513,0.16565369135908933,0.5668384203421188,0.5696797097479938,-11.811740037944375
rho,substitutes,0.7,1,0.537161842297634,1.2,0.8715716735248336,0.31810503744279495,0.16553520735160368,0.5674323565316728,0.5702766230550869,-11.808247639563406
rho,substitutes,0.7,1,0.5390206844370244,1.2,0.8717485149567477,0.3180845501964784,0.16531411346764563,0.5680002699188713,0.5708473831199852,-11.804663021604494
rho,substitutes,0.7,1,0.5409299255302531,1.2,0.8717109224768703,0.3180889285392405,0.1653611631678892,0.5686987018018307,0.5715493159073267,-11.800989252969245
rho,substitutes,0.7,1,0.5428900550320312,1.2,0.8716631994294873,0.31809442158821866,0.1654207512010651,0.5694200330330007,0.5722742628263395,-11.797220431459637
rho,substitutes,0.7,1,0.5449015765825912,1.2,0.8716363904608556,0.31809755667122963,0.1654543319490004,0.5701481275680079,0.573006006950391,-11.793356169923245
rho,substitutes,0.7,1,0.5469650082231464,1.2,0.871800579533337,0.31807854087006376,0.1652490687460009,0.5707932115511808,0.5736543244304856,-11.789398282601212
rho,substitutes,0.7,1,0.5490808826180046,1.2,0.8717633213648207,0.31808283205375903,0.16529559587129883,0.5715626891021552,0.5744276590037353,-11.785346652278182
rho,substitutes,0.7,1,0.5512497472834679,1.2,0.871722942106922,0.31808751263059676,0.16534608517516702,0.5723520366081313,0.5752209631305503,-11.781197032723895
rho,substitutes,0.7,1,0.5534721648236569,1.2,0.8716694752396582,0.31809370604705356,0.16541292982197744,0.5731666577994575,0.5760396676275904,-11.776948627291214
rho,substitutes,0.7,1,0.5557487131734017,1.2,0.8717078971730275,0.31808927049854313,0.16536492710382567,0.5739512132847977,0.5768281557136664,-11.772602584756022
rho,substitutes,0.7,1,0.5580799858483445,1.2,0.8717229482076393,0.31808752137085733,0.1653460979534126,0.5747667746081376,0.5776478050551517,-11.768158109972656
rho,substitutes,0.7,1,0.5604665922024078,1.2,0.8716783299816121,0.3180926909727019,0.16540188251942398,0.575632773241641,0.5785181445248696,-11.763612771331365
rho,substitutes,0.7,1,0.5629091576927818,1.2,0.8716809041033605,0.31809238706938503,0.16539865196651124,0.5764928092556233,0.5793824914873119,-11.758966505455017
rho,substitutes,0.7,1,0.5654083241525933,1.2,0.871635361804559,0.31809766504335457,0.16545559468908688,0.5773975451085074,0.5802917623475307,-11.754217879473355
rho,substitutes,0.7,1,0.5679647500714233,1.2,0.8716797987529179,0.3180924998116403,0.16540000084022521,0.5782739750983769,0.5811725854610063,-11.749366789810674
rho,substitutes,0.7,1,0.5705791108838415,1.2,0.8717222404989672,0.318087606860683,0.16534699032010802,0.5791710438826232,0.5820741508212459,-11.744414346789055
rho,substitutes,0.7,1,0.5732520992661372,1.2,0.8716778675755708,0.3180927394381895,0.16540244961091852,0.5801339064012703,0.5830418397083524,-11.739358062733912
rho,substitutes,0.7,1,0.5759844254414287,1.2,0.8716692711507665,0.3180937457722806,0.16541321971735945,0.5810977759533132,0.5840105406766309,-11.734195324058224
rho,substitutes,0.7,1,0.578776817493336,1.2,0.8719311058686349,0.31806343122958103,0.16508590558726008,0.5819380850588531,0.5848550618490906,-11.728930723930368
rho,substitutes,0.7,1,0.5816300216884137,1.2,0.8718802746588158,0.3180693163725907,0.16514944870598025,0.5829649039598823,0.58588702770128,-11.72356558212708
rho,substitutes,0.7,1,0.5845448028075416,1.2,0.8718455272373158,0.31807332550362066,0.16519285585050486,0.5840037624786625,0.5869310935200555,-11.718090850025757
rho,substitutes,0.7,1,0.5875219444864789,1.2,0.871874308657259,0.31807001944095836,0.1651569333352111,0.5850296529986722,0.5879621263376962,-11.712507030387904
rho,substitutes,0.7,1,0.5905622495657936,1.2,0.8718854880421658,0.31806873041660855,0.16514296965770875,0.5860859172517322,0.5890236851373577,-11.70681537677095
rho,substitutes,0.7,1,0.5936665404503856,1.2,0.8718601390259741,0.31807165042461083,0.16517462589118523,0.5871828905773949,0.5901261570646975,-11.70101190623657
rho,substitutes,0.7,1,0.5968356594788269,1.2,0.8718824368179351,0.3180690555329834,0.16514672313330916,0.5882759576885158,0.5912247031975137,-11.695096654833927
rho,substitutes,0.7,1,0.600070469302753,1.2,0.8718557482443903,0.318080660878723,0.16519847925365144,0.5894240293529492,0.5923785295951132,-11.689067041746979
rho,substitutes,0.7,1,0.6033718532765401,1.2,0.8718400036369146,0.3180599067534276,0.165169394950489,0.5905622025622195,0.5935224079213365,-11.682923376284467
rho,substitutes,0.7,1,0.6067407158575169,1.2,0.871852998286118,0.318072474337901,0.1651835462837482,0.5917379637292229,0.5947040626157151,-11.676666070008846
rho,substitutes,0.7,1,0.6101779830169621,1.2,0.8717918563974472,0.3180795445032658,0.1652599597296071,0.5929640275990955,0.5959362721563105,-11.670289594959323
rho,substitutes,0.7,1,0.6136846026621482,1.2,0.8720125847858538,0.3180539943579883,0.16498404302740105,0.5940620777088902,0.5970398262651851,-11.663799634736998
rho,substitutes,0.7,1,0.6172615450697004,1.2,0.8719919200983075,0.31805640245868444,0.1650099092124509,0.5953122508522813,0.5982962659275354,-11.657195392204015
rho,substitutes,0.7,1,0.6209098033305457,1.2,0.8719095825445402,0.3180659248201028,0.16511281506688197,0.5966187461852163,0.5996093100955794,-11.65046957469691
rho,substitutes,0.7,1,0.6246303938067362,1.2,0.8720729657029667,0.3180470254937291,0.16490860936348817,0.597817099981374,0.6008136706651372,-11.643625764172748
rho,substitutes,0.7,1,0.6284243566004422,1.2,0.8720082705272683,0.31805449919427514,0.16498944773236618,0.59916157985284,0.6021648897700043,-11.636661028498802
rho,substitutes,0.7,1,0.6322927560354111,1.2,0.8720414688879563,0.31805066541302673,0.1649479684041814,0.6004776802920491,0.6034875871901177,-11.629570846415925
rho,substitutes,0.7,1,0.6362366811512086,1.2,0.8720452304813063,0.3180502019712083,0.16494320577650354,0.6018339859087732,0.6048506913170374,-11.622356668952467
rho,substitutes,0.7,1,0.6402572462105554,1.2,0.8720243371586684,0.3180526443953534,0.16496937473529488,0.6032283377806762,0.6062520324067836,-11.615016235614437
rho,substitutes,0.7,1,0.6443555912200942,1.2,0.8720384450564149,0.318050997600421,0.1649517097604945,0.6046288878281837,0.6076596027406189,-11.607550856300694
rho,substitutes,0.7,1,0.6485328824649206,1.2,0.8720432390920816,0.31805045573979623,0.1649457453058782,0.6060598397372087,0.6090977273259368,-11.599953469635368
rho,substitutes,0.7,1,0.652790313057229,1.2,0.872126149492058,0.3180408593297019,0.16484210666009796,0.6074743552080881,0.61051933308512,-11.592228132792368
rho,substitutes,0.7,1,0.6571291034994325,1.2,0.8720313494040897,0.318051834624102,0.16496061338397072,0.6090107264214408,0.6120634053912274,-11.58437134822932
rho,substitutes,0.7,1,0.6615505022621248,1.2,0.8722674869154192,0.3180244781453905,0.16466538587862417,0.6103947758898295,0.6134543924364467,-11.576380204050897
rho,substitutes,0.7,1,0.6660557863772645,1.2,0.8721935977979496,0.31803304803998356,0.164757785968415,0.6119729981532483,0.6150405255718817,-11.568264171468648
rho,substitutes,0.7,1,0.6706462620469753,1.2,0.8721053569584133,0.31804342863814095,0.16486844889997132,0.6135862258258787,0.6166618395818722,-11.560006771629608
rho,substitutes,0.7,1,0.6753232652683625,1.2,0.8722382259307786,0.3180279127615879,0.16470206563425124,0.6151069811488656,0.6181902177226376,-11.551615493920739
rho,substitutes,0.7,1,0.6800881624747613,1.2,0.8721729512673448,0.3180354403293997,0.16478359984415847,0.6167629012443708,0.619854438152163,-11.543083178432253
rho,substitutes,0.7,1,0.6849423511938463,1.2,0.8722043821728747,0.31803180915036267,0.16474432559190874,0.6183946318787016,0.6214943478703352,-11.534410170358177
rho,substitutes,0.7,1,0.6898872607230374,1.2,0.8721986184958987,0.31803247622604014,0.16475153015234784,0.6200750862157587,0.6231832255198101,-11.52559468988063
rho,substitutes,0.7,1,0.6949243528226603,1.2,0.8722593278103927,0.3180254491243848,0.16467564229827847,0.621748385079035,0.6248649118285426,-11.516634394060818
rho,substitutes,0.7,1,0.7000551224273222,1.2,0.8721681384424516,0.3180360007021935,0.16478962307428646,0.6235335960955553,0.6266590712525216,-11.507526764974873
rho,substitutes,0.7,1,0.7052810983759861,1.2,0.8724151106771236,0.31800741240488045,0.16448090011741817,0.625164558007195,0.6282982083947642,-11.498279594565588
rho,substitutes,0.7,1,0.7106038441612367,1.2,0.872333985160314,0.3180168220240435,0.1645823504116199,0.627004324291596,0.6301471965460423,-11.488885276118161
rho,substitutes,0.7,1,0.7160249586982449,1.2,0.8724268604296632,0.31800605807211524,0.1644662250061057,0.6287798092615366,0.6319315811714303,-11.479335530230315
rho,substitutes,0.7,1,0.7215460771139571,1.2,0.8723526166819188,0.3180146279667082,0.16455897972617092,0.630677537134835,0.6338388214452791,-11.469638067542308
rho,substitutes,0.7,1,0.7271688715570458,1.2,0.8724051635286498,0.31800856310378667,0.1644933327755294,0.6325375647077269,0.6357081724451792,-11.459778789217765
rho,substitutes,0.7,1,0.7328950520291776,1.2,0.8723657074959489,0.31801312823748007,0.164542649497008,0.6344798305882151,0.6376601739739078,-11.449766791172785
rho,substitutes,0.7,1,0.7387263672381705,1.2,0.8724464034994823,0.31800375127252467,0.16444169924917101,0.6363887259197787,0.6395786376831393,-11.439592443551025
rho,substitutes,0.7,1,0.7446646054736273,1.2,0.8725596586298546,0.3179906761508755,0.16430020185603653,0.6383126238219654,0.6415121791636921,-11.429264638268549
rho,substitutes,0.7,1,0.7507115955056528,1.2,0.8725984795610475,0.31798617529394974,0.1642516590738839,0.6403106240286475,0.6435201943880872,-11.418777426498263
rho,substitutes,0.7,1,0.7568692075072764,1.2,0.87252448878591,0.31799474788943183,0.1643441666552627,0.6424045107906087,0.64562457680112,-11.408130437737526
rho,substitutes,0.7,1,0.7631393540012239,1.2,0.8726084692968463,0.3179850333353041,0.16423920270741063,0.6444459384584614,0.6476762371677409,-11.397313045863125
rho,substitutes,0.7,1,0.7695239908317001,1.2,0.8725259616059842,0.31799457961066957,0.16434233035306223,0.6466138972858076,0.6498550629339315,-11.386325698948621
rho,substitutes,0.7,1,0.7760251181618615,1.2,0.8726422304191392,0.3179810982529502,0.16419694180723315,0.6487077608380191,0.6519594220208751,-11.375162026963395
rho,substitutes,0.7,1,0.7826447814976824,1.2,0.8725553425583931,0.31799117224690165,0.1643055894949147,0.6509496701930494,0.6542125689933124,-11.363831849893616
rho,substitutes,0.7,1,0.7893850727389358,1.2,0.8728869567013484,0.31795262976891164,0.16389072359950085,0.6529966622062907,0.656269821596719,-11.352321118201923
rho,substitutes,0.7,1,0.7962481312580323,1.2,0.8727552606596393,0.3179680345724507,0.16405569401685413,0.655337175322758,0.6586220665840044,-11.34065504131647
rho,substitutes,0.7,1,0.8032361450074849,1.2,0.8727712345675582,0.31796619391556763,0.1640357442900678,0.6576335125760069,0.6609299142756353,-11.328800578413517
rho,substitutes,0.7,1,0.8103513516567865,1.2,0.8727457133194667,0.31796914657777764,0.1640676432885328,0.6599911152377431,0.6632993344698916,-11.316764331684537
rho,substitutes,0.7,1,0.8175960397595149,1.2,0.8727284883289025,0.3179711555134229,0.16408920758009113,0.6623830227753289,0.6657032314939034,-11.304536490881087
rho,substitutes,0.7,1,0.8249725499515008,1.2,0.8727582900564761,0.31796770238505645,0.16405194709524573,0.6647882703895971,0.66812053546201,-11.292124135875271
rho,substitutes,0.7,1,0.8324832761809209,1.2,0.8728907593210065,0.3179523662284154,0.16388635173237082,0.6671764105352217,0.6705206462099298,-11.279524538498475
rho,substitutes,0.7,1,0.8401306669712053,1.2,0.8728896486715985,0.317952488742579,0.16388772701237223,0.6696796073605882,0.6730363903615986,-11.26673628863861
rho,substitutes,0.7,1,0.8479172267176741,1.2,0.872976574267563,0.31794241037849724,0.16377903214999107,0.6721750343729762,0.6755443257539394,-11.25376261245006
rho,substitutes,0.7,1,0.8558455170188431,1.2,0.8729668219360025,0.3179435610774034,0.16379126999118893,0.6747665130816161,0.678148794303663,-11.240586328958463
rho,substitutes,0.7,1,0.8639181580433734,1.2,0.8730047944185877,0.317939159852342,0.1637437908624711,0.6773740130356621,0.6807693644056197,-11.227213726363843
rho,substitutes,0.7,1,0.8721378299336601,1.2,0.8729654558107753,0.31794370917475545,0.1637929560066964,0.6800682580788273,0.683477114408264,-11.213629062347486
rho,substitutes,0.7,1,0.8805072742470966,1.2,0.872999416664987,0.31793977139151247,0.1637504895406798,0.6827655784961701,0.6861879552004633,-11.199847776244123
rho,substitutes,0.7,1,0.88902929543607,1.2,0.8731724770706968,0.3179197573589227,0.16353419882457618,0.6854295478390439,0.6888652777452369,-11.185850195923148
rho,substitutes,0.7,1,0.8977067623677852,1.2,0.8731394341200945,0.31792359551030136,0.16357553218215648,0.6882549443108421,0.6917048365757861,-11.171662632137995
rho,substitutes,0.7,1,0.9065426098850453,1.2,0.8731990566999688,0.3179166707413994,0.16350095210145407,0.6910744971370801,0.6945385224693799,-11.15725614598287
rho,substitutes,0.7,1,0.9155398404091444,1.2,0.8731779540830328,0.3179191273075832,0.16352736090134712,0.6939867501782556,0.6974653732396721,-11.14263304442344
rho,substitutes,0.7,1,0.9247015255860773,1.2,0.8731733201728897,0.3179196604279474,0.16353314635147667,0.6969376717189866,0.7004310863361803,-11.127781515009078
rho,substitutes,0.7,1,0.9340308079772923,1.2,0.873137813909971,0.31792395328088396,0.16357792517673825,0.6999550149001823,0.7034635540130119,-11.112707604771492
rho,substitutes,0.7,1,0.9435309027962627,1.2,0.873314693521547,0.317903297755805,0.163356429630992,0.702901281090178,0.7064245884237423,-11.097420888072909
rho,substitutes,0.7,1,0.9532050996921831,1.2,0.8734894221241631,0.317883078420115,0.16313802726328513,0.7058990253505596,0.7094373589397601,-11.081906861976773
rho,substitutes,0.7,1,0.9630567645821445,1.2,0.8733356856986936,0.3179008597017903,0.1633301712571733,0.7091347079464743,0.7126892604621812,-11.06616013614649
rho,substitutes,0.7,1,0.9730893415331738,1.2,0.8733962890233644,0.3178938581833233,0.1632544446526138,0.7123007190755416,0.7158711412880742,-11.050174960250988
rho,substitutes,0.7,1,0.9833063546955787,1.2,0.873321131747337,0.31790270472880355,0.16334871046687843,0.7155972982967839,0.7191842446814275,-11.033937507348286
rho,substitutes,0.7,1,0.9937114102890687,1.2,0.8736131600465371,0.31786874859756503,0.1629833369242033,0.7187379038665197,0.7223405926020929,-11.017485198282705
rho,substitutes,0.7,1,1.0043081986431819,1.2,0.8736874416040352,0.31786013460761464,0.1628904491484125,0.7220577173233522,0.725677046693127,-11.000779042701591
rho,substitutes,0.7,1,1.0151004962935855,1.2,0.8735666172733023,0.3178741507549394,0.16304154835736687,0.7255453095850388,0.7291821205837745,-10.983829649201095
rho,substitutes,0.7,1,1.0260921681358672,1.2,0.8736921278734686,0.3178596199994194,0.1628846513252773,0.7289484605683482,0.7326023299323753,-10.966615562383378
rho,substitutes,0.7,1,1.037287169638491,1.2,0.8735320166371426,0.3178781484448197,0.16308478400366785,0.7325736382274806,0.7362456788701431,-10.949143912893707
rho,substitutes,0.7,1,1.0486895491166357,1.2,0.8738402766638402,0.31784246169806435,0.16269944060397884,0.7359881170631171,0.7396772728521672,-10.93142953663262
rho,substitutes,0.7,1,1.0603034500686892,1.2,0.8738557659288703,0.31784067657768833,0.1626800954789366,0.7396310629690704,0.7433384791004639,-10.913452156114761
rho,substitutes,0.7,1,1.0721331135772334,1.2,0.873789960606327,0.31784828423354766,0.16276233333813594,0.743382068333412,0.747108286457438,-10.895199060500497
rho,substitutes,0.7,1,1.0841828807763967,1.2,0.8738023458834113,0.3178468541828652,0.1627468591515776,0.7471500683436835,0.7508951736463592,-10.876671631720919
rho,substitutes,0.7,1,1.0964571953875313,1.2,0.8740595986922562,0.3178170542483608,0.1624252384842032,0.7508391331903632,0.7546027300075345,-10.857871581084769
rho,substitutes,0.7,1,1.1089606063252093,1.2,0.8739603275535606,0.3178285865770722,0.16254941945291534,0.7547995904811109,0.7585830391730649,-10.838804788664863
rho,substitutes,0.7,1,1.1216977703756155,1.2,0.8740895794961452,0.317813612561144,0.16238782363592574,0.7586926268325501,0.7624955894504222,-10.81945222448165
rho,substitutes,0.7,1,1.1346734549494641,1.2,0.8740092331339051,0.31782293669048145,0.16248831011753492,0.7627746176349806,0.7665980413168977,-10.79980017398901
rho,substitutes,0.7,1,1.147892540911644,1.2,0.8740558640646978,0.3178175133200489,0.16242996470660792,0.7668505159459931,0.770694370153215,-10.779867154993383
rho,substitutes,0.7,1,1.1613600254898573,1.2,0.8743410067673196,0.317784514025766,0.16207354352833486,0.7708558309962024,0.7747197619286618,-10.759632647191774
rho,substitutes,0.7,1,1.1750810252645967,1.2,0.8742055613413002,0.3178002079529897,0.1622428878371575,0.7751781444051813,0.7790637410237641,-10.739107930220138
rho,substitutes,0.7,1,1.189060779242872,1.2,0.8742773140598539,0.3177918847559652,0.16215315701303107,0.7794506941503356,0.7833577070136388,-10.718276738419181
rho,substitutes,0.7,1,1.2033046520181812,1.2,0.874328861869714,0.3177859168240189,0.16208871847016676,0.7838082484394816,0.7877371036345552,-10.697123122920395
rho,substitutes,0.7,1,1.217818137019287,1.2,0.8743612847079734,0.3177821843438762,0.16204823347479924,0.7882516160413987,0.7922027437092629,-10.675668114294542
rho,substitutes,0.7,1,1.2326068598504607,1.2,0.8746016159352248,0.3177549847027773,0.16174915102277426,0.7926483920189913,0.7966215586181572,-10.653894507042224
rho,substitutes,0.7,1,1.247676581725918,1.2,0.8745034387360142,0.3177657045593482,0.161870483112178,0.7973217157461642,0.8013183074779953,-10.63180041995341
rho,substitutes,0.7,1,1.2630332030012734,1.2,0.8744572614089909,0.31777106095212404,0.16192823024759706,0.8020438573053817,0.8060641188702795,-10.609361908251802
rho,substitutes,0.7,1,1.2786827668049243,1.2,0.8746421109717331,0.31774965826332013,0.16169715087703834,0.8067089672620436,0.8107526127879104,-10.586605703904993
rho,substitutes,0.7,1,1.294631462772364,1.2,0.8747973042677475,0.31773170600199363,0.16150318069655872,0.811473258780711,0.8155407854171954,-10.563514141306925
rho,substitutes,0.7,1,1.31088563088653,1.2,0.8747479357997945,0.31773743160650164,0.16156491647024912,0.8164430974831187,0.8205355355397669,-10.540067732661134
rho,substitutes,0.7,1,1.3274517654273796,1.2,0.874693964730854,0.31774366744907456,0.16163235695914707,0.8215009123319158,0.8256187027909967,-10.516272515131131
rho,substitutes,0.7,1,1.3443365190339982,1.2,0.8750296109628791,0.31770482440625025,0.16121280975462138,0.8264116065309287,0.8305540119471162,-10.492125501021658
rho,substitutes,0.7,1,1.3615467068826452,1.2,0.8748852812159511,0.31772151926578684,0.16139320039814847,0.8316989416362045,0.8358678499298979,-10.467631965766024
rho,substitutes,0.7,1,1.3790893109842512,1.2,0.8749692390898941,0.31771180304241786,0.16128825548172862,0.8369390799236816,0.841134254519847,-10.442761705134119
rho,substitutes,0.7,1,1.3969714846049992,1.2,0.875126675724202,0.31769356976007385,0.16109143495755768,0.8422264955069632,0.8464481733840321,-10.417512698343884
rho,substitutes,0.7,1,1.4152005568137338,1.2,0.875014197555166,0.31770660078636564,0.16123206014338387,0.8477709056900572,0.852020375038822,-10.391898316063624
rho,substitutes,0.7,1,1.4337840371600625,1.2,0.8751547097269716,0.31769033774608757,0.1610564198045777,0.8532575428542919,0.8575345140862904,-10.365909482576956
rho,substitutes,0.7,1,1.4527296204871472,1.2,0.8753552047165947,0.31766714016499925,0.16080581803980376,0.8588047363472643,0.8631095130023574,-10.33951333239704
rho,substitutes,0.7,1,1.4720451918832933,1.2,0.8754574727882227,0.3176552995628408,0.1606779742675135,0.8645107640560862,0.8688441422940941,-10.31272535590085
rho,substitutes,0.7,1,1.4917388317766058,1.2,0.875345277050909,0.3176682962656836,0.16081824288296753,0.8704492369461895,0.874812381903432,-10.285552090938808
rho,substitutes,0.7,1,1.5118188211770927,1.2,0.8755239484768345,0.3176476195275466,0.1605949097026662,0.876313014647629,0.8807055519129148,-10.25796059355454
rho,substitutes,0.7,1,1.5322936470707536,1.2,0.8755626159677141,0.31764313281265955,0.16054655090763054,0.8823678944805534,0.886790781957303,-10.229959531351428
rho,substitutes,0.7,1,1.5531720079703377,1.2,0.8755761113864051,0.31764155736551414,0.16052965252310541,0.8885458340768055,0.8929996886046494,-10.201530637848522
rho,substitutes,0.7,1,1.5744628196276003,1.2,0.8756299071539864,0.31763534543688826,0.16046243898969223,0.8948086873936686,0.8992939346044027,-10.17268771553463
rho,substitutes,0.7,1,1.5961752209120554,1.2,0.8756712875706193,0.31763054671601726,0.16041069333597804,0.9011911092185713,0.9057083484518361,-10.143401182488697
rho,substitutes,0.7,1,1.618318579861377,1.2,0.8759908619493466,0.3175935524327431,0.1600112113053786,0.907514880388393,0.9120638176565568,-10.1136757896076
rho,substitutes,0.7,1,1.6409024999087747,1.2,0.8758865470382973,0.31760874049203214,0.16014833242449233,0.9142215071834005,0.9188040615582702,-10.083510346839084
rho,substitutes,0.7,1,1.6639368262928396,1.2,0.875904002436128,0.3176036264266946,0.1601198306455323,0.9209653564526028,0.9255817145126073,-10.052884743734383
rho,substitutes,0.7,1,1.6874316526555453,1.2,0.8762542561315984,0.3175630766823006,0.15968198950217097,0.9276252391608337,0.9322749800218344,-10.021795095041266
rho,substitutes,0.7,1,1.7113973278342638,1.2,0.8763059249286249,0.31755697479504097,0.15961714062866353,0.9345954443738954,0.9392801235339208,-9.990246597469323
rho,substitutes,0.7,1,1.7358444628538618,1.2,0.8760506759422716,0.3175866478452514,0.15993648340347166,0.9418855720391479,0.946606793116163,-9.958209502303577
rho,substitutes,0.7,1,1.7607839381251333,1.2,0.8763404567318418,0.3175531066903437,0.15957425371930056,0.9489616104697607,0.9537183003370112,-9.925704754845869
rho,substitutes,0.7,1,1.7862269108560356,1.2,0.8764646471711843,0.3175387186303977,0.15941898507047486,0.9562733559565026,0.9610666961005243,-9.892698791593613
rho,substitutes,0.7,1,1.8121848226824113,1.2,0.8765731649029223,0.3175260611859684,0.1592831272587693,0.9637292342881777,0.9685599471778619,-9.85917579882089
rho,substitutes,0.7,1,1.8386694075250942,1.2,0.8765702584429693,0.3175265088165069,0.15928700060068568,0.9713934470481109,0.9762625769641251,-9.825170501630582
rho,substitutes,0.7,1,1.8656926996805347,1.2,0.8767245332751112,0.3175085363737701,0.15909390529223197,0.9790974687904689,0.9840052152761679,-9.790641913506036
rho,substitutes,0.7,1,1.8932670421523103,1.2,0.8766953395524997,0.3175119225244799,0.15913041310037673,0.9870619857728535,0.9920096545660618,-9.755581550579542
rho,substitutes,0.7,1,1.921405095231136,1.2,0.8769000616296074,0.3174883442905097,0.15887476203789336,0.9950228943557085,1.000010467369248,-9.719992504316167
rho,substitutes,0.7,1,1.9501198453312445,1.2,0.8768862046639769,0.3174898228066798,0.15889181259845153,1.0032732070208978,1.0083021348987682,-9.683867255629576
rho,substitutes,0.7,1,1.979424614091259,1.2,0.8770397021858505,0.3174720741792123,0.1586999780412482,1.0115683261615533,1.0166388334971477,-9.647178576067216
rho,substitutes,0.7,1,2.009333067747975,1.2,0.8771678875457267,0.31745722267744775,0.1585397134375604,1.020035264854141,1.0251482128965472,-9.609944942648394
rho,substitutes,0.7,1,2.0398592267917226,1.2,0.8772798623504855,0.31744425862881265,0.15839973628774995,1.028671657899459,1.033827896042155,-9.57213916761106
rho,substitutes,0.7,1,2.071017475912293,1.2,0.8774713820172815,0.31742217305305126,0.15816051177730933,1.0374186110861927,1.0426186935141932,-9.533726489624515
rho,substitutes,0.7,1,2.1028225742447084,1.2,0.8772991049440692,0.3174420531303277,0.15837572981743853,1.0465691598317115,1.0518151095761739,-9.494774673337448
rho,substitutes,0.7,1,2.135289665924415,1.2,0.8773989304697694,0.3174305076912254,0.15825096614327738,1.0557118339377,1.0610036115268295,-9.455209209681119
rho,substitutes,0.7,1,2.168434290961828,1.2,0.8777066344181099,0.3173948694099577,0.15786628350739873,1.06489085542733,1.0702286430531447,-9.415034501677265
rho,substitutes,0.7,1,2.2022723964464688,1.2,0.8778070500278351,0.3173832657334594,0.1577408039564373,1.0743830899214761,1.0797684575706954,-9.374236551637113
rho,substitutes,0.7,1,2.23682034809129,1.2,0.8776815260929061,0.31737559547007366,0.15784976012245308,1.0841828668799134,1.0896173561155542,-9.332793766860522
rho,substitutes,0.7,1,2.2720949421281498,1.2,0.8778844207767909,0.31737431788687354,0.15764410585885602,1.0939965860642928,1.0994802667720536,-9.290758327400262
rho,substitutes,0.7,1,2.308113417565749,1.2,0.8780611514991532,0.31735384645183684,0.15742315683681446,1.103993130577018,1.1095269191726709,-9.248049896430466
rho,substitutes,0.7,1,2.344893468821764,1.2,0.8781862498535871,0.31733937123282385,0.15726679200931254,1.114217188033337,1.1198022249302573,-9.204681601845994
rho,substitutes,0.7,1,2.382453258741261,1.2,0.8782396976626251,0.3173331892575167,0.15719999113361094,1.1246868565994075,1.130324372928406,-9.160651094997023
rho,substitutes,0.7,1,2.4208114320139376,1.2,0.8784222318645801,0.31731208173176895,0.15697186467604082,1.1352716782829213,1.1409622512514017,-9.115926961443488
rho,substitutes,0.7,1,2.4599871290031343,1.2,0.8784169548047622,0.3173126861999201,0.1569784473870652,1.14618970583444,1.151935005643766,-9.070533802335806
rho,substitutes,0.7,1,2.5,1.2,0.8785580040666617,0.3172963676231351,0.15680214999931008,1.1572200362023082,1.1630206257726892,-9.024431005671664
rho,substitutes,0.7,2,0.5,1.2,0.7105167731278087,0.3445186376939219,0.4208514971620062,0.6551224102303288,0.6584062249770694,-11.993823221388823
rho,substitutes,0.7,2,0.5000203210855501,1.2,0.7105160577286274,0.3445187046715785,0.42085236446651275,0.6551303146445575,0.6584141690123393,-11.993699294449236
rho,substitutes,0.7,2,0.5000812892976928,1.2,0.710513979329169,0.3445189399279974,0.42085497642752934,0.6551540265882365,0.6584379998126307,-11.993327489784598
rho,substitutes,0.7,2,0.5001829195049198,1.2,0.7105105224942606,0.34451931621074905,0.42085928667171835,0.6551935438126785,0.6584777151179845,-11.992707735852665
rho,substitutes,0.7,2,0.5003252364947652,1.2,0.71050564634108,0.34451984933111324,0.420865371941885,0.65524888922231,0.6585333379476362,-11.991839913382083
rho,substitutes,0.7,2,0.5005082749838822,1.2,0.7104994192194694,0.3445205436592203,0.42087317379964245,0.6553200590007091,0.6586048644660342,-11.990723855343202
rho,substitutes,0.7,2,0.500732079632158,1.2,0.7104917857994408,0.34452138338379035,0.4208827117149956,0.6554070734221084,0.6586923150490357,-11.989359346881105
rho,substitutes,0.7,2,0.5009967050608752,1.2,0.7104827565931736,0.34452237017406456,0.42089397896160474,0.6555099470528738,0.6587957043360213,-11.987746125246574
rho,substitutes,0.7,2,0.5013022158749305,1.2,0.7104784788948527,0.3445228292457528,0.42089929783451463,0.6556270160693471,0.6589133601633816,-11.985883922555654
rho,substitutes,0.7,2,0.5016486866891229,1.2,0.7104666464805052,0.34452413074290006,0.42091408204439223,0.6557616796429685,0.6590486987409748,-11.983772361461245
rho,substitutes,0.7,2,0.502036202158526,1.2,0.7104534546262906,0.3445255978179205,0.4209306012247534,0.6559122680759175,0.6592000420015851,-11.98141101853532
rho,substitutes,0.7,2,0.502464857012963,1.2,0.7104456845778431,0.34451855927511554,0.4209224078581191,0.656073957908555,0.6593625423078815,-11.978799443801922
rho,substitutes,0.7,2,0.5029347560956027,1.2,0.7105337966743437,0.3445167001060636,0.42083007916620874,0.656230925379335,0.659520296581383,-11.975938683221695
rho,substitutes,0.7,2,0.5034460144056994,1.2,0.7105164136688347,0.34451862188264193,0.4208518207609973,0.656429479631302,0.6597198460906797,-11.97282686990411
rho,substitutes,0.7,2,0.5039987571454999,1.2,0.7104976026866816,0.34452073482028184,0.42087542388571775,0.6566441159531212,0.6599355582815392,-11.969463307178255
rho,substitutes,0.7,2,0.5045931197713469,1.2,0.7104773954122249,0.3445229261767281,0.42090060115659444,0.6568748249184747,0.660167423680394,-11.965847344895916
rho,substitutes,0.7,2,0.5052292480490046,1.2,0.7104885391000147,0.34452166710569687,0.4208866018957059,0.6571127024419936,0.6604064935699615,-11.961978505652095
rho,substitutes,0.7,2,0.5059072981132409,1.2,0.7107748844971284,0.3444900493966089,0.42052854753438057,0.6572908897631871,0.6605855740588192,-11.957861487835093
rho,substitutes,0.7,2,0.5066274365316988,1.2,0.71075048052777,0.3444927597313805,0.420559098543001,0.6575701932391523,0.660866277549284,-11.953491738538172
rho,substitutes,0.7,2,0.507389840373095,1.2,0.7107245438736121,0.34449567807014153,0.4205916539894689,0.6578658428113267,0.6611634090711059,-11.948866949304513
rho,substitutes,0.7,2,0.5081946972797818,1.2,0.710697289877067,0.3444986906389888,0.4206257404921597,0.6581778013906047,0.6614769313492699,-11.943986222611267
rho,substitutes,0.7,2,0.5090422055447187,1.2,0.7108748300665637,0.34447907140131967,0.4204037038716295,0.6584495416653,0.6617500337277604,-11.938853538848539
rho,substitutes,0.7,2,0.5099325741928927,1.2,0.7108512235036643,0.3444817103883044,0.42043329565701015,0.6587926183849829,0.662094830126657,-11.933463868569953
rho,substitutes,0.7,2,0.5108660230672385,1.2,0.7108196474579828,0.34448521905317786,0.4204728293546246,0.6591540337456427,0.6624580570893511,-11.927815709404262
rho,substitutes,0.7,2,0.5118427829191048,1.2,0.7108996996761824,0.34447625436366425,0.42037244522060824,0.6595009423944956,0.6628067046250428,-11.921908736733235
rho,substitutes,0.7,2,0.5128630955033207,1.2,0.710865256526796,0.34448015782345826,0.4204157414168074,0.6598956887767389,0.6632034296817612,-11.915743561920035
rho,substitutes,0.7,2,0.5139272136779165,1.2,0.7108293526858509,0.3444841625843579,0.4204607280554729,0.6603071833938496,0.6636169869242237,-11.909316435596818
rho,substitutes,0.7,2,0.5150354015085564,1.2,0.7107988655742359,0.3444875416640483,0.4204988789198256,0.660733626591366,0.664045567677163,-11.902626265015448
rho,substitutes,0.7,2,0.5161879343777439,1.2,0.710760118304388,0.3444917843822559,0.4205472486745686,0.661178852018805,0.6644930248063442,-11.89567165624168
rho,substitutes,0.7,2,0.5173850990988615,1.2,0.7110247590360114,0.34446508687655475,0.420222058000015,0.6615582147169581,0.664874289067935,-11.888452402529063
rho,substitutes,0.7,2,0.5186271940351138,1.2,0.7109861119569443,0.34446678483786386,0.4202645560553311,0.6620357597764777,0.6653542278320268,-11.880976628078276
rho,substitutes,0.7,2,0.5199145292234401,1.2,0.7109499218616089,0.3444708565764202,0.42030998085371235,0.6625304276667905,0.6658513752554582,-11.873232737490024
rho,substitutes,0.7,2,0.5212474265034702,1.2,0.7110201006757668,0.3444630779409095,0.420222160094216,0.6630126631075725,0.6663360279114462,-11.865220961537899
rho,substitutes,0.7,2,0.5226262196515982,1.2,0.7112134913595329,0.34444424456054457,0.41998605530378225,0.6634788994659219,0.6668046012892672,-11.856942617876872
rho,substitutes,0.7,2,0.5240512545202515,1.2,0.7111753186260222,0.34444600512938006,0.4200282210074119,0.6640241088285918,0.6673525435252404,-11.84840039582065
rho,substitutes,0.7,2,0.5255228891824385,1.2,0.7111262981333639,0.3444514143577738,0.4200895096300672,0.6645904364397403,0.6679217098653528,-11.839584234551186
rho,substitutes,0.7,2,0.5270414940816569,1.2,0.7110758211564276,0.34445700163683823,0.42015265855592143,0.665174479683938,0.6685086806384949,-11.83049208833268
rho,substitutes,0.7,2,0.5286074521872524,1.2,0.7110238327273692,0.3444627457535153,0.4202176746416035,0.6657763567167839,0.6691135745925229,-11.821122151922703
rho,substitutes,0.7,2,0.5302211591553182,1.2,0.7112888624632097,0.3444334304738874,0.41988615785156713,0.6663083122960384,0.6696481966102146,-11.811480367864513
rho,substitutes,0.7,2,0.5318830234952302,1.2,0.7113505341320585,0.3444267083071967,0.4198092403086635,0.6669140338863266,0.6702569543926092,-11.801571553690776
rho,substitutes,0.7,2,0.5335934667419154,1.2,0.711294049269776,0.3444329370787502,0.4198798520248296,0.6675701064759089,0.670916315559732,-11.791380005259011
rho,substitutes,0.7,2,0.5353529236339561,1.2,0.7112435853758787,0.34443851458590624,0.41994296570495676,0.6682424320987906,0.6715920112288227,-11.780903789375111
rho,substitutes,0.7,2,0.537161842297634,1.2,0.7113953910968684,0.34442194224053335,0.4197535739046614,0.6688769951435861,0.672229755034117,-11.770141394987663
rho,substitutes,0.7,2,0.5390206844370244,1.2,0.7113678374155559,0.3444248050427873,0.41978762042148593,0.6695791268016384,0.6729354061417512,-11.759102251081998
rho,substitutes,0.7,2,0.5409299255302531,1.2,0.7114315849093669,0.3444177392475528,0.419707847704083,0.6702743885644218,0.6736341529186233,-11.747777380564553
rho,substitutes,0.7,2,0.5428900550320312,1.2,0.7116827524053075,0.34439001792723933,0.41939380825367145,0.6709362478707865,0.6742993298085672,-11.736170960831327
rho,substitutes,0.7,2,0.5449015765825912,1.2,0.7116169446331757,0.34439734456208115,0.4194762328336245,0.6717044080115704,0.6750713403680799,-11.724280109469387
rho,substitutes,0.7,2,0.5469650082231464,1.2,0.7115576636487426,0.34440389137899025,0.4195503619988074,0.6724894994022269,0.6758603670457088,-11.712092284876617
rho,substitutes,0.7,2,0.5490808826180046,1.2,0.7114887712653951,0.34441150880675797,0.4196365307083322,0.6732961718982083,0.676671083004403,-11.699604647288757
rho,substitutes,0.7,2,0.5512497472834679,1.2,0.7115469550288602,0.3444050888741429,0.41956378653769605,0.6740867190041231,0.6774655927441765,-11.686820609180902
rho,substitutes,0.7,2,0.5534721648236569,1.2,0.7116880142645701,0.34438954741440153,0.41938747927129283,0.6748735206485743,0.6782563382482827,-11.673743836454957
rho,substitutes,0.7,2,0.5557487131734017,1.2,0.7119676044476687,0.3443586011511212,0.4190377029630744,0.6756412005439084,0.6790278661551056,-11.66037500063685
rho,substitutes,0.7,2,0.5580799858483445,1.2,0.7119014681007592,0.34436599913375,0.4191206179345859,0.6765244105248172,0.6799155032444669,-11.64671177458477
rho,substitutes,0.7,2,0.5604665922024078,1.2,0.71194702643833,0.34436097762925744,0.419063670824826,0.6773963319820422,0.6807917952261838,-11.632738795719685
rho,substitutes,0.7,2,0.5629091576927818,1.2,0.7118772037209998,0.34436864789264315,0.41915088969951475,0.6783202076020254,0.6817203017919838,-11.618457901002479
rho,substitutes,0.7,2,0.5654083241525933,1.2,0.7117970517882014,0.3443775499746304,0.41925123155426036,0.6792671166968935,0.682671957288442,-11.603859912609673
rho,substitutes,0.7,2,0.5679647500714233,1.2,0.7122491476799689,0.3443334175166869,0.4186990432478771,0.6800885466762622,0.6834975047027168,-11.58894693149142
rho,substitutes,0.7,2,0.5705791108838415,1.2,0.7123019211279319,0.34432422027164344,0.4186254104481554,0.6810379441165927,0.6844516610175208,-11.573748191688946
rho,substitutes,0.7,2,0.5732520992661372,1.2,0.7122530108054526,0.3443272840068674,0.4186812693221227,0.6820367447721533,0.6854554681822017,-11.55823367713512
rho,substitutes,0.7,2,0.5759844254414287,1.2,0.7121760702450906,0.34433576571074576,0.4187774463868808,0.6830651640078493,0.6864890423907688,-11.54239242011029
rho,substitutes,0.7,2,0.578776817493336,1.2,0.7120876101006262,0.34434552165934174,0.4188880330227611,0.6841179263948511,0.6875470817711955,-11.526219535362738
rho,substitutes,0.7,2,0.5816300216884137,1.2,0.7124488936919735,0.344308114068978,0.4184419090164686,0.6850675944003956,0.6885015100074273,-11.509718717739048
rho,substitutes,0.7,2,0.5845448028075416,1.2,0.71258668183226,0.3442904068359789,0.4182639608717401,0.6860991358212785,0.6895382220511996,-11.492920125069439
rho,substitutes,0.7,2,0.5875219444864789,1.2,0.7124930277793953,0.3443008315294936,0.41838125812949634,0.6872180504067973,0.6906627452194183,-11.475790530437365
rho,substitutes,0.7,2,0.5905622495657936,1.2,0.712441826896185,0.34430633768886265,0.41844494698215556,0.6883470434485564,0.6917973973623492,-11.45831618514039
rho,substitutes,0.7,2,0.5936665404503856,1.2,0.7124727720134071,0.34430305283925844,0.41840655182603104,0.6894754400443063,0.6929314500695731,-11.440503910103141
rho,substitutes,0.7,2,0.5968356594788269,1.2,0.7127161430702411,0.3442762197090027,0.41810232322977714,0.6905668486515123,0.6940283293851889,-11.422363327850253
rho,substitutes,0.7,2,0.600070469302753,1.2,0.7128360295428251,0.34426293928425333,0.41795231675386146,0.6917154364027621,0.6951826744565007,-11.403885869195992
rho,substitutes,0.7,2,0.6033718532765401,1.2,0.7128639286498955,0.34425979713022303,0.4179172912414504,0.6929127349070661,0.6963859744445324,-11.385066150841403
rho,substitutes,0.7,2,0.6067407158575169,1.2,0.7127696314722695,0.34427036285007045,0.41803555147169036,0.6941676058193362,0.6976471354234262,-11.36589574429677
rho,substitutes,0.7,2,0.6101779830169621,1.2,0.7130343094912974,0.34424108626402183,0.4177044741555042,0.6953452328243315,0.6988306653083485,-11.346372262768298
rho,substitutes,0.7,2,0.6136846026621482,1.2,0.7129367074631842,0.34425193300488666,0.41782667659189887,0.6966482934493938,0.7001402575519751,-11.326502810664863
rho,substitutes,0.7,2,0.6172615450697004,1.2,0.713182810833193,0.34422481885361345,0.41751907832680235,0.6978788757007075,0.7013770081224927,-11.306280555224287
rho,substitutes,0.7,2,0.6209098033305457,1.2,0.7130818464965788,0.34423594661549595,0.41764528042736615,0.6992312480510496,0.7027361592674506,-11.285696143386733
rho,substitutes,0.7,2,0.6246303938067362,1.2,0.7133085200063551,0.34421087135318656,0.4173617362226721,0.7005160880126776,0.7040274395161872,-11.264742860934572
rho,substitutes,0.7,2,0.6284243566004422,1.2,0.7133732471154828,0.34420380555795205,0.4172809838899525,0.7018714039404711,0.7053895489933398,-11.243436084961742
rho,substitutes,0.7,2,0.6322927560354111,1.2,0.7132561766712474,0.34421672384198854,0.41742735300238276,0.7033031047906205,0.7068284262738651,-11.221748004897801
rho,substitutes,0.7,2,0.6362366811512086,1.2,0.713373423962701,0.3442038196999907,0.41728083911687786,0.7046943293603332,0.7082266243857536,-11.199689394754456
rho,substitutes,0.7,2,0.6402572462105554,1.2,0.7137335845153633,0.3441641123810558,0.41683062236487134,0.7060427795516029,0.7095818337117348,-11.17726303533522
rho,substitutes,0.7,2,0.6443555912200942,1.2,0.7136219387985028,0.3441764534493708,0.4169702576246704,0.7075505066867215,0.7110971183605684,-11.154457876886266
rho,substitutes,0.7,2,0.6485328824649206,1.2,0.7135327563151436,0.3441862693046041,0.4170817024676986,0.7090783892073207,0.7126326594241729,-11.13124570523166
rho,substitutes,0.7,2,0.652790313057229,1.2,0.713781199759556,0.3441608689259199,0.41677565096443026,0.7105384401311833,0.7141000288837471,-11.107652763217526
rho,substitutes,0.7,2,0.6571291034994325,1.2,0.7140028784084501,0.3441344349607151,0.41649402008245195,0.7120315477102613,0.7156006206957106,-11.083696461779287
rho,substitutes,0.7,2,0.6615505022621248,1.2,0.7138846836036761,0.34414748886930613,0.4166418211519103,0.7136491736987519,0.7172263550682113,-11.059319960463274
rho,substitutes,0.7,2,0.6660557863772645,1.2,0.7138920081741952,0.34414667472792443,0.4166326501087375,0.7152591175016737,0.7188443687480277,-11.0345283566603
rho,substitutes,0.7,2,0.6706462620469753,1.2,0.7143877475431031,0.3440919960939504,0.4160128995979766,0.7167586477707204,0.7203514154438272,-11.009355660802095
rho,substitutes,0.7,2,0.6753232652683625,1.2,0.7142511828577396,0.3441071215457131,0.41618376880793795,0.7184662586952929,0.7220675858037789,-10.983778549298567
rho,substitutes,0.7,2,0.6800881624747613,1.2,0.7142664898441833,0.3441054034029938,0.4161645650738066,0.7201596895568123,0.7237695050228157,-10.957774704460434
rho,substitutes,0.7,2,0.6849423511938463,1.2,0.7144831438603823,0.3440814233030836,0.41589352419101155,0.721825163370467,0.7254433270587021,-10.931332613716304
rho,substitutes,0.7,2,0.6898872607230374,1.2,0.7147654842285966,0.3440503669984371,0.4155407481238589,0.7235016378189718,0.7271282048703503,-10.90451067231717
rho,substitutes,0.7,2,0.6949243528226603,1.2,0.7146206468221403,0.34406638771127684,0.4157219205070355,0.7253300052689989,0.7289657370503594,-10.87725174880993
rho,substitutes,0.7,2,0.7000551224273222,1.2,0.7145096327546673,0.34405182430154924,0.4157999047612463,0.727168758718549,0.7308137072899307,-10.849526494501063
rho,substitutes,0.7,2,0.7052810983759861,1.2,0.71507989576183,0.344015667041956,0.4151476370893262,0.7288650787355422,0.7325185301463931,-10.821400791247969
rho,substitutes,0.7,2,0.7106038441612367,1.2,0.7149779542428907,0.3440270169498665,0.4152753201994066,0.7307743275937861,0.7344373491543649,-10.792837378400144
rho,substitutes,0.7,2,0.7160249586982449,1.2,0.7149705728749094,0.34403005240101303,0.41528958597058807,0.7326892783903228,0.7363618986817139,-10.763793031314535
rho,substitutes,0.7,2,0.7215460771139571,1.2,0.7151952370866623,0.34400303955084544,0.4150036566146551,0.734568305482142,0.7382503444360263,-10.734329388004737
rho,substitutes,0.7,2,0.7271688715570458,1.2,0.7152752223850902,0.34399425728213273,0.41490375313078687,0.7365224291003629,0.7402142631396452,-10.704404392202465
rho,substitutes,0.7,2,0.7328950520291776,1.2,0.7153160154819976,0.343989743314816,0.4148527223560051,0.7385210230751155,0.7422228751083857,-10.674001759089826
rho,substitutes,0.7,2,0.7387263672381705,1.2,0.71552344336647,0.3439668779211219,0.4145934357586344,0.7405054481031661,0.7442172471082833,-10.643155169139645
rho,substitutes,0.7,2,0.7446646054736273,1.2,0.7157644042223089,0.3439403628362217,0.41429233869024185,0.7425143533835112,0.7462362220682509,-10.61181727663503
rho,substitutes,0.7,2,0.7507115955056528,1.2,0.7156208528937841,0.34394541969581105,0.41444735897631546,0.7446643658264549,0.7483970114934126,-10.580003742698667
rho,substitutes,0.7,2,0.7568692075072764,1.2,0.7158543944700964,0.3439304369396222,0.41417983650896684,0.7467495360809869,0.750492633707341,-10.547728646097381
rho,substitutes,0.7,2,0.7631393540012239,1.2,0.7160934997085082,0.343903995903398,0.4138807630003985,0.7488643924550569,0.7526180908431004,-10.514941227582469
rho,substitutes,0.7,2,0.7695239908317001,1.2,0.7162980755022366,0.3438814300428904,0.41362500783503897,0.7510254183492141,0.75478994892463,-10.481665733547553
rho,substitutes,0.7,2,0.7760251181618615,1.2,0.7163298834022225,0.3438780482623109,0.4135855300566986,0.7532732660232362,0.7570490639820069,-10.447904321062968
rho,substitutes,0.7,2,0.7826447814976824,1.2,0.7163973824593872,0.3438705974440642,0.41350113254375054,0.755548105086991,0.7593353057240206,-10.413610849866544
rho,substitutes,0.7,2,0.7893850727389358,1.2,0.7166134674239135,0.34384673985831776,0.41323093857475124,0.7578177399982982,0.7616163172276638,-10.378822777835836
rho,substitutes,0.7,2,0.7962481312580323,1.2,0.716626563165834,0.34384530543750497,0.4132145895664274,0.7601848064963135,0.763995248695876,-10.343528086949739
rho,substitutes,0.7,2,0.8032361450074849,1.2,0.716703835537242,0.3438368923805245,0.4131182363817877,0.7625723825547379,0.7663947925290968,-10.307662718414688
rho,substitutes,0.7,2,0.8103513516567865,1.2,0.7170777426338409,0.3437955840312558,0.4126506419490473,0.764913155909442,0.7687472990590686,-10.271326683903615
rho,substitutes,0.7,2,0.8175960397595149,1.2,0.7168874805213983,0.3438166033662888,0.41288857591334466,0.7674586784040549,0.7713055810382835,-10.234422841032039
rho,substitutes,0.7,2,0.8249725499515008,1.2,0.7175511300207811,0.34374334345129653,0.4120587729267595,0.7697958259290183,0.7736544435639674,-10.196947184790456
rho,substitutes,0.7,2,0.8324832761809209,1.2,0.7173565919653222,0.3437649073478433,0.41230221789958654,0.7724253018247417,0.7762970997624675,-10.158987573399868
rho,substitutes,0.7,2,0.8401306669712053,1.2,0.7173380010003301,0.3437669331264163,0.41232540333038226,0.775045601589243,0.7789305338341962,-10.12041478552042
rho,substitutes,0.7,2,0.8479172267176741,1.2,0.7178380200589676,0.34371375319002273,0.41170477217600404,0.7775575961035162,0.7814551197733707,-10.081297199091772
rho,substitutes,0.7,2,0.8558455170188431,1.2,0.7178038445739116,0.3437155524524374,0.4117430283882165,0.7802681774884912,0.7841792880040791,-10.041620402055221
rho,substitutes,0.7,2,0.8639181580433734,1.2,0.7180136716232678,0.3436923733835181,0.41148063121055134,0.7829521594270625,0.7868767234581039,-10.001334405254704
rho,substitutes,0.7,2,0.8721378299336601,1.2,0.7180996624246136,0.34368300078869296,0.41137338336414225,0.7857175932700601,0.7896560190959248,-9.960491112541662
rho,substitutes,0.7,2,0.8805072742470966,1.2,0.7180731118546764,0.3436859420097533,0.41140660462344414,0.7885619153656536,0.7925145984153531,-9.91905020499925
rho,substitutes,0.7,2,0.88902929543607,1.2,0.718264469850932,0.3436648486260443,0.4111674068329365,0.7913884647662698,0.7953553159538,-9.876992424928234
rho,substitutes,0.7,2,0.8977067623677852,1.2,0.7185320350631563,0.34363538357982315,0.41083301489588275,0.7942396447945234,0.7982207875814192,-9.834356223205283
rho,substitutes,0.7,2,0.9065426098850453,1.2,0.7187380223012657,0.343612645070423,0.41057545671845375,0.79715690467607,0.8011526702889744,-9.791073009381668
rho,substitutes,0.7,2,0.9155398404091444,1.2,0.7189500690707967,0.3435892394853454,0.4103103260819666,0.8001210798514364,0.8041317034542382,-9.747185611505575
rho,substitutes,0.7,2,0.9247015255860773,1.2,0.7187975015288788,0.34358869762472055,0.4104616646839876,0.8032359442975798,0.8072621812233921,-9.70264549795336
rho,substitutes,0.7,2,0.9340308079772923,1.2,0.7191592929916619,0.34356624283722703,0.4100489457631691,0.8062628170813878,0.8103042262701677,-9.657508093092828
rho,substitutes,0.7,2,0.9435309027962627,1.2,0.7191929708477193,0.34356250328606497,0.41000678660507617,0.8094313059915775,0.8134885972971125,-9.611675134529708
rho,substitutes,0.7,2,0.9532050996921831,1.2,0.7196100055570317,0.3435183550168415,0.40948962362116503,0.8125383559925408,0.8166112214510168,-9.565234058612752
rho,substitutes,0.7,2,0.9630567645821445,1.2,0.7196395082559105,0.3435151785393623,0.4094529166713633,0.815813294053427,0.8199025752072464,-9.518073253266138
rho,substitutes,0.7,2,0.9730893415331738,1.2,0.7200620430222666,0.3434667303461831,0.4089205014028767,0.8190237090014669,0.823129082427181,-9.47029071167195
rho,substitutes,0.7,2,0.9833063546955787,1.2,0.7198381470919644,0.3434914091443305,0.40920036884737737,0.8224833860582198,0.8266061011873475,-9.421796453840951
rho,substitutes,0.7,2,0.9937114102890687,1.2,0.7204690740128789,0.34342185342540354,0.40841168955593654,0.825742323227338,0.8298813738470053,-9.372616459558905
rho,substitutes,0.7,2,1.0043081986431819,1.2,0.7204626636197937,0.34342432850375637,0.4084237134267256,0.8292501046110902,0.8334067380581138,-9.32275101062398
rho,substitutes,0.7,2,1.0151004962935855,1.2,0.7209319536752838,0.3433726166740309,0.4078371409414183,0.8326715307613316,0.8368453141783023,-9.272136737200878
rho,substitutes,0.7,2,1.0260921681358672,1.2,0.7208638189735801,0.3433801203278956,0.4079222939300871,0.8363137203878067,0.840505760356254,-9.22086515377403
rho,substitutes,0.7,2,1.037287169638491,1.2,0.7206673688200249,0.34340232404769033,0.4081691021201368,0.8400548677004497,0.8442656602478397,-9.168799925770301
rho,substitutes,0.7,2,1.0486895491166357,1.2,0.7213044599259787,0.3433315294391424,0.4073714488419963,0.8436041089708388,0.8478326921641316,-9.116066654405401
rho,substitutes,0.7,2,1.0603034500686892,1.2,0.7211028018418253,0.3433539145480903,0.40762387635324365,0.8474696307417466,0.8517175899435485,-9.06252542994214
rho,substitutes,0.7,2,1.0721331135772334,1.2,0.7217614294108412,0.34328112514593584,0.4068001624201414,0.8511366730177871,0.85540301334549,-9.008276258988205
rho,substitutes,0.7,2,1.0841828807763967,1.2,0.7214926805104764,0.3433108183775565,0.4071362555698217,0.8551499451675301,0.859436402105598,-8.953216500219975
rho,substitutes,0.7,2,1.0964571953875313,1.2,0.7221970328441294,0.3432330946299764,0.4062556257766572,0.8589317427968778,0.863237156074449,-8.897413714178981
rho,substitutes,0.7,2,1.1089606063252093,1.2,0.7219411864035152,0.34326134366887595,0.40657554103749566,0.8630730830862601,0.8673992549184175,-8.840796293749115
rho,substitutes,0.7,2,1.1216977703756155,1.2,0.7226240537550191,0.34319160823003714,0.405734513710705,0.866997116281173,0.8713429574115731,-8.783396858736447
rho,substitutes,0.7,2,1.1346734549494641,1.2,0.7225637241726509,0.34319268758115634,0.40579729126141173,0.8712128299931542,0.8755798024764727,-8.725179943894842
rho,substitutes,0.7,2,1.147892540911644,1.2,0.7227950918664019,0.34316717175932787,0.40550805368375387,0.8754114622431796,0.8797994804582322,-8.666157433127564
rho,substitutes,0.7,2,1.1613600254898573,1.2,0.7229896724888674,0.3431457233059253,0.40526482796897123,0.8796926830009268,0.8841021609243316,-8.606287806746069
rho,substitutes,0.7,2,1.1750810252645967,1.2,0.7231766292705812,0.34312510480518443,0.40503110842757706,0.8840488469967845,0.8884801602830853,-8.54559476086456
rho,substitutes,0.7,2,1.189060779242872,1.2,0.7234317346416921,0.34309697287867047,0.40471219984713264,0.8884578554559404,0.8929112689891121,-8.484023577658961
rho,substitutes,0.7,2,1.2033046520181812,1.2,0.723597468578162,0.3430787069421188,0.4045050387665635,0.892969807799085,0.8974458375874932,-8.421612265573636
rho,substitutes,0.7,2,1.217818137019287,1.2,0.7238508853673195,0.3430508499972508,0.40418844242644536,0.8975312701489356,0.9020301643625219,-8.358293809458093
rho,substitutes,0.7,2,1.2326068598504607,1.2,0.7242394348845438,0.3430085053605723,0.40370385527323416,0.9021288573058305,0.9066507970209436,-8.29412673245694
rho,substitutes,0.7,2,1.247676581725918,1.2,0.724740680529791,0.3429510238309815,0.4030722415188751,0.9067693601465234,0.9113145604789237,-8.229011099935956
rho,substitutes,0.7,2,1.2630332030012734,1.2,0.7246546559458802,0.3429627331787158,0.40318482290344737,0.911676284997843,0.916246081393416,-8.163043303868221
rho,substitutes,0.7,2,1.2786827668049243,1.2,0.7251324722317904,0.342910081992556,0.40258759372732666,0.9164883753742501,0.921082292473212,-8.096083339099806
rho,substitutes,0.7,2,1.294631462772364,1.2,0.7250883181130641,0.34291493084815594,0.4026427450505537,0.9215482914979597,0.9261675715320387,-8.02824938443947
rho,substitutes,0.7,2,1.31088563088653,1.2,0.7257567667925154,0.3428411819081569,0.40180703377518456,0.9264697780844408,0.9311137271726936,-7.9594072793075705
rho,substitutes,0.7,2,1.3274517654273796,1.2,0.72549663330002,0.3428699226729523,0.4021323513222358,0.9317712657831078,0.9364417886890362,-7.889643722726161
rho,substitutes,0.7,2,1.3443365190339982,1.2,0.7261893218646192,0.34279346506742264,0.4012662569082954,0.9368608683510056,0.9415569029959716,-7.818886454173974
rho,substitutes,0.7,2,1.3615467068826452,1.2,0.7259003242058364,0.3428254607285036,0.4016278207264099,0.9423519941238876,0.9470755531513317,-7.7471136853493485
rho,substitutes,0.7,2,1.3790893109842512,1.2,0.726595011212172,0.34274875809464667,0.4007591721464867,0.9476235604874564,0.9523735433512597,-7.674395445700754
rho,substitutes,0.7,2,1.3969714846049992,1.2,0.7265683765832246,0.3427211407763279,0.4007231706974873,0.9532049504910252,0.9579829101886459,-7.6005732212702775
rho,substitutes,0.7,2,1.4152005568137338,1.2,0.7269969588083425,0.3427044556886998,0.40025674669362865,0.9587647284999775,0.9635705567008417,-7.525816513168308
rho,substitutes,0.7,2,1.4337840371600625,1.2,0.7274385533751637,0.3426557580970629,0.39970470598897506,0.964404334165157,0.9692384310070569,-7.449941773725929
rho,substitutes,0.7,2,1.4527296204871472,1.2,0.7276399852696177,0.34263355270802687,0.3994529122721874,0.9702206301442757,0.9750838812910952,-7.37304533645459
rho,substitutes,0.7,2,1.4720451918832933,1.2,0.7278591944270252,0.3426094783780306,0.39917910253434824,0.9761331495460754,0.981026037319728,-7.295050473307518
rho,substitutes,0.7,2,1.4917388317766058,1.2,0.7280345305588591,0.342590050301423,0.3989597035247683,0.982163624625322,0.9870867402811015,-7.215976603548226
rho,substitutes,0.7,2,1.5118188211770927,1.2,0.7285654502248651,0.34253113602026064,0.3982951662690862,0.9881849588208454,0.9931382565398813,-7.135778436647556
rho,substitutes,0.7,2,1.5322936470707536,1.2,0.7289632588558215,0.342487622172507,0.39779866823142446,0.9943573162078778,0.9993415529970678,-7.0544842221205535
rho,substitutes,0.7,2,1.5531720079703377,1.2,0.7292091376707633,0.3424605265334027,0.3974913365069942,1.0006888581591327,1.0057048319344257,-6.97205547135742
rho,substitutes,0.7,2,1.5744628196276003,1.2,0.7293526579906385,0.3424447242340541,0.3973119765721961,1.0071661528163782,1.012214594166253,-6.888459629700531
rho,substitutes,0.7,2,1.5961752209120554,1.2,0.7295962460342391,0.34241785241021916,0.397007443232138,1.013725506057177,1.0188068263019956,-6.8036966083134205
rho,substitutes,0.7,2,1.618318579861377,1.2,0.7299957744461735,0.34237377985891304,0.39650795827384144,1.0203506743198618,1.025465203358794,-6.7177712634070135
rho,substitutes,0.7,2,1.6409024999087747,1.2,0.7305324642702462,0.34231464446337045,0.39583714937267805,1.0270497788955253,1.0321978873358826,-6.6305921065240465
rho,substitutes,0.7,2,1.6639368262928396,1.2,0.7303763983320304,0.3423318996957008,0.3960323501778191,1.0340985144236898,1.039281954797914,-6.542242713469411
rho,substitutes,0.7,2,1.6874316526555453,1.2,0.7311523705780685,0.3422462121909201,0.3950620386709383,1.0409639580752967,1.046181811629034,-6.452677647029194
rho,substitutes,0.7,2,1.7113973278342638,1.2,0.7311524968734553,0.3422459813046315,0.3950613887254491,1.0482123879902947,1.0534665744501788,-6.361751862372831
rho,substitutes,0.7,2,1.7358444628538618,1.2,0.7315552715600381,0.3422018101531088,0.3945584338672129,1.0554569458075176,1.0607474457645776,-6.269712394930753
rho,substitutes,0.7,2,1.7607839381251333,1.2,0.7323135455503949,0.3421181871204803,0.3936105028388545,1.0627144715377561,1.0680413499939265,-6.176288577409015
rho,substitutes,0.7,2,1.7862269108560356,1.2,0.7321722813835031,0.34213383695234656,0.39378726082441895,1.0704068031118816,1.075772239540525,-6.081548447863398
rho,substitutes,0.7,2,1.8121848226824113,1.2,0.7327130067181528,0.3420741499242709,0.3931111653100937,1.0780085118649285,1.0834120520172634,-5.9855739200209115
rho,substitutes,0.7,2,1.8386694075250942,1.2,0.7334575263853547,0.3419920680153389,0.39218048387343396,1.08568139044566,1.0911233910619322,-5.888148025583631
rho,substitutes,0.7,2,1.8656926996805347,1.2,0.7333307641334819,0.3420060841626637,0.3923390347474393,1.0937909150332554,1.099273564810683,-5.789443168800656
rho,substitutes,0.7,2,1.8932670421523103,1.2,0.7338261065691332,0.34195144692315793,0.3917197750525889,1.1018367716642765,1.1073597514658988,-5.689344014885517
rho,substitutes,0.7,2,1.921405095231136,1.2,0.734284836880287,0.3419008629100394,0.3911463201996823,1.1100439685386285,1.1156080870857807,-5.58780084261299
rho,substitutes,0.7,2,1.9501198453312445,1.2,0.7345213894768534,0.3418747954556777,0.3908506466166237,1.11847904825331,1.1240854478134827,-5.484912814958452
rho,substitutes,0.7,2,1.979424614091259,1.2,0.735020846748787,0.3418175448123756,0.39022134488568094,1.1269789883865222,1.1326279940739163,-5.380525955018463
rho,substitutes,0.7,2,2.009333067747975,1.2,0.7354542002302894,0.3417719496495419,0.3896845815748716,1.135662288592962,1.1413548195037695,-5.27469882469611
rho,substitutes,0.7,2,2.0398592267917226,1.2,0.7356379021968882,0.3417516731081036,0.3894548924122909,1.1445925780697075,1.1503298722427977,-5.167439378079859
rho,substitutes,0.7,2,2.071017475912293,1.2,0.7364392093187674,0.34167766936786886,0.38848574480755926,1.1534826764530495,1.1592645324297282,-5.058615527590547
rho,substitutes,0.7,2,2.1028225742447084,1.2,0.7366555149864595,0.341639477589442,0.388182820186395,1.1627298419353642,1.1685580495219134,-4.948293908472632
rho,substitutes,0.7,2,2.135289665924415,1.2,0.7368358562691553,0.3416196045831849,0.3879574069255081,1.1721698076610838,1.1780453332727452,-4.836473503840917
rho,substitutes,0.7,2,2.168434290961828,1.2,0.7372745732027409,0.3415711950835849,0.3874088972468296,1.1816967119892983,1.1876199914076304,-4.723059988086185
rho,substitutes,0.7,2,2.2022723964464688,1.2,0.7380492878699483,0.34148578963146947,0.38644048301422457,1.191286281446296,1.1972576287815637,-4.608049182178192
rho,substitutes,0.7,2,2.23682034809129,1.2,0.7380092034214273,0.3414902436921489,0.3864906692723665,1.2013457369614853,1.207367507527357,-4.491444259641585
rho,substitutes,0.7,2,2.2720949421281498,1.2,0.7384798503434313,0.3414383167874148,0.3859022521304254,1.211414503056037,1.2174867435219863,-4.37324775490186
rho,substitutes,0.7,2,2.308113417565749,1.2,0.7392620278520706,0.3413520689098403,0.38492446443544714,1.2215653392014991,1.227688460945368,-4.253384822826426
rho,substitutes,0.7,2,2.344893468821764,1.2,0.7394625391778278,0.3413300873360736,0.38467409890038745,1.2321187368461852,1.2382947577158854,-4.131768931662718
rho,substitutes,0.7,2,2.382453258741261,1.2,0.7396564907212685,0.34130860622846343,0.3844314282048865,1.242875956092199,1.2491058977477592,-4.00856570057876
rho,substitutes,0.7,2,2.4208114320139376,1.2,0.7404477644118854,0.34122132913449843,0.3834422100651571,1.2536255723058745,1.2599093966369364,-3.8836612174712584
rho,substitutes,0.7,2,2.4599871290031343,1.2,0.7412991441224919,0.3411274823413253,0.3823779858276339,1.264562585245484,1.2709012315820452,-3.7569090425189295
rho,substitutes,0.7,2,2.5,1.2,0.7410989837318254,0.341149577688995,0.3826282584668155,1.276092681188539,1.2824891223715253,-3.6284243160138363
rho,substitutes,0.7,3,0.5,1.2,0.5116614726472772,0.3780491137977843,0.7774125260264186,0.7435899436444996,0.7473172037478585,-14.005663823414471
rho,substitutes,0.7,3,0.5000203210855501,1.2,0.5116628260520727,0.37804897110221036,0.7774108181658176,0.7435977171993774,0.7473250162678422,-14.005263022411128
rho,substitutes,0.7,3,0.5000812892976928,1.2,0.5116669367327904,0.37804855612587956,0.7774056766838942,0.7436210340375747,0.7473484499821775,-14.004060568583347
rho,substitutes,0.7,3,0.5001829195049198,1.2,0.5116737890139225,0.3780478634670137,0.7773971038381393,0.7436599000953296,0.7473875108568575,-14.002056309459153
rho,substitutes,0.7,3,0.5003252364947652,1.2,0.5116833889864272,0.3780468924880194,0.7773850919538128,0.7437143218598178,0.7474422054115755,-13.99924999089766
rho,substitutes,0.7,3,0.5005082749838822,1.2,0.5116940553973772,0.3780543874016235,0.7773930429082554,0.7437862516923424,0.747514495793886,-13.995641257048174
rho,substitutes,0.7,3,0.500732079632158,1.2,0.5117108195516569,0.3780441266167407,0.7773507909643269,0.7438698819390638,0.7475985452389635,-13.991229650304968
rho,substitutes,0.7,3,0.5009967050608752,1.2,0.511727043823185,0.37805107696883095,0.7773518313673909,0.7439729811478278,0.747702161234662,-13.986014611249532
rho,substitutes,0.7,3,0.5013022158749305,1.2,0.5117493080114845,0.37804027869345364,0.7773027442630542,0.7440878268315707,0.7478175825847905,-13.979995478571077
rho,substitutes,0.7,3,0.5016486866891229,1.2,0.5117710031450935,0.37804665286147016,0.7772968825627982,0.7442221817592272,0.7479526109693242,-13.97317148896166
rho,substitutes,0.7,3,0.502036202158526,1.2,0.5117987598726339,0.37803531002457913,0.7772409502284203,0.7443683335396996,0.748099495338645,-13.96554177702483
rho,substitutes,0.7,3,0.502464857012963,1.2,0.511825977155275,0.3780411069768741,0.77722813257528,0.7445340392842059,0.7482660316866522,-13.957105375177516
rho,substitutes,0.7,3,0.5029347560956027,1.2,0.5118592951911201,0.37802922664948846,0.777165303806209,0.7447116031354104,0.7484444855803647,-13.947861213452875
rho,substitutes,0.7,3,0.5034460144056994,1.2,0.5118936834370965,0.3780257550089531,0.7771222920051427,0.7449068590350801,0.7486407202043044,-13.937808119432297
rho,substitutes,0.7,3,0.5039987571454999,1.2,0.5119308901187503,0.37802202959982967,0.7770758314072266,0.7451179073164084,0.7488528263695452,-13.92694481802447
rho,substitutes,0.7,3,0.5045931197713469,1.2,0.5119708509728395,0.3780180133977804,0.7770258943072469,0.7453447920868085,0.7490808484045895,-13.915269931327316
rho,substitutes,0.7,3,0.5052292480490046,1.2,0.5120136048067263,0.3780137249149742,0.7769724878820694,0.7455875552000639,0.7493248283730142,-13.902781978418881
rho,substitutes,0.7,3,0.5059072981132409,1.2,0.5120591676525134,0.3780091456392421,0.7769155501153638,0.7458462380704353,0.7495848078966693,-13.889479375177396
rho,substitutes,0.7,3,0.5066274365316988,1.2,0.5121074827178622,0.37800427827147315,0.7768551445084768,0.7461209006996917,0.749860847278084,-13.875360434024127
rho,substitutes,0.7,3,0.507389840373095,1.2,0.5121586302495724,0.3779991527649859,0.7767912652186524,0.7464115901466949,0.750152993812004,-13.860423363734945
rho,substitutes,0.7,3,0.5081946972797818,1.2,0.5122125738860985,0.3779937152525148,0.7767238148011479,0.7467183586954919,0.7504613000445508,-13.844666269201351
rho,substitutes,0.7,3,0.5090422055447187,1.2,0.5122693672277304,0.37798801086106476,0.7766528517511543,0.7470412668753519,0.750785826808398,-13.828087151121458
rho,substitutes,0.7,3,0.5099325741928927,1.2,0.5123289622387546,0.3779820244169495,0.7765783864129479,0.7473803826822265,0.7511266424403283,-13.810683905772125
rho,substitutes,0.7,3,0.5108660230672385,1.2,0.5123913849399496,0.3779757471799083,0.7765003710549424,0.7477357670488802,0.751483808178533,-13.792454324726444
rho,substitutes,0.7,3,0.5118427829191048,1.2,0.5124566711574384,0.37796919162273857,0.776418800833444,0.7481074867377515,0.7518573911200985,-13.773396094534682
rho,substitutes,0.7,3,0.5128630955033207,1.2,0.5125248045852236,0.377962342571754,0.7763336543630129,0.748495614611759,0.7522474644931707,-13.753506796425176
rho,substitutes,0.7,3,0.5139272136779165,1.2,0.5125958025752041,0.37795520979886277,0.7762449385651707,0.7489002264139624,0.7526541044204725,-13.732783905969942
rho,substitutes,0.7,3,0.5150354015085564,1.2,0.5126696508662312,0.37794778186291533,0.7761526392812503,0.749321402078294,0.7530773912366071,-13.711224792756488
rho,substitutes,0.7,3,0.5161879343777439,1.2,0.5127464033613687,0.3779400675041723,0.7760567243189951,0.7497592181620981,0.7535174018826638,-13.688826720035227
rho,substitutes,0.7,3,0.5173850990988615,1.2,0.5128260341825792,0.37793207212441177,0.7759572329744595,0.7502137664459803,0.7539742285993006,-13.665586844335927
rho,substitutes,0.7,3,0.5186271940351138,1.2,0.5129085596486747,0.37792376306942593,0.7758540678157793,0.7506851281959401,0.7544479530598645,-13.641502215131872
rho,substitutes,0.7,3,0.5199145292234401,1.2,0.5129940233633253,0.3779151861038136,0.7757472989185473,0.7511733990333272,0.754938671365009,-13.616569774385908
rho,substitutes,0.7,3,0.5212474265034702,1.2,0.5130823867663742,0.377906298163865,0.7756368578726663,0.7516786737472505,0.7554464787789754,-13.590786356208122
rho,substitutes,0.7,3,0.5226262196515982,1.2,0.5131737069944542,0.37789712110023177,0.7755227418185213,0.7522010482451431,0.7559714716899353,-13.564148686396232
rho,substitutes,0.7,3,0.5240512545202515,1.2,0.5132679651117131,0.3778876472043011,0.7754049505437708,0.7527406281798077,0.7565137562802776,-13.536653382017501
rho,substitutes,0.7,3,0.5255228891824385,1.2,0.5133652055764416,0.37787787981455545,0.7752834478829139,0.7532975150223716,0.7570734345297563,-13.50829695097259
rho,substitutes,0.7,3,0.5270414940816569,1.2,0.5134654084485452,0.3778678058206039,0.7751582212098348,0.7538718207742336,0.757650619001179,-13.479075791526864
rho,substitutes,0.7,3,0.5286074521872524,1.2,0.5135685913964256,0.3778574279233356,0.7750292595651398,0.7544636582898308,0.7582454231146685,-13.448986191845165
rho,substitutes,0.7,3,0.5302211591553182,1.2,0.5136747875583181,0.3778467565322523,0.7748965556677965,0.7550731432119798,0.7588579630927034,-13.418024329509334
rho,substitutes,0.7,3,0.5318830234952302,1.2,0.5137839833283337,0.3778357758360741,0.7747600838484741,0.7557003971784334,0.759488361182748,-13.386186271027682
rho,substitutes,0.7,3,0.5335934667419154,1.2,0.5138962671159418,0.37782450704785897,0.7746198083909398,0.7563455368197108,0.7601367345999346,-13.35346797132595
rho,substitutes,0.7,3,0.5353529236339561,1.2,0.5140115904212426,0.37781292625365986,0.7744757183928483,0.7570086953131904,0.7608032171891956,-13.319865273220831
rho,substitutes,0.7,3,0.537161842297634,1.2,0.5141283521594983,0.37780911535471084,0.7743494903816034,0.7576918309202106,0.7614897770276959,-13.28537390692938
rho,substitutes,0.7,3,0.5390206844370244,1.2,0.5142497893870129,0.37779685707533245,0.7741976035881125,0.7583914186117537,0.762192871417136,-13.249989489376249
rho,substitutes,0.7,3,0.5409299255302531,1.2,0.5143743729602479,0.3777843238143081,0.7740418873944932,0.7591094298034016,0.7629144816548592,-13.213707523877027
rho,substitutes,0.7,3,0.5428900550320312,1.2,0.5145020205028777,0.3777714496256289,0.7738822603671843,0.7598460106650066,0.7636547546433976,-13.176523399380205
rho,substitutes,0.7,3,0.5449015765825912,1.2,0.514632836461575,0.37775828464402383,0.7737187425941799,0.760601304713591,0.7644138346191556,-13.138432389969317
rho,substitutes,0.7,3,0.5469650082231464,1.2,0.5147665961526431,0.3777456844053428,0.7735536839102282,0.7613756686536831,0.7651920800746501,-13.09942965475567
rho,substitutes,0.7,3,0.5490808826180046,1.2,0.5149037168474366,0.37773185941907955,0.7733822219495567,0.7621688460651957,0.7659892333044833,-13.059510235210798
rho,substitutes,0.7,3,0.5512497472834679,1.2,0.515044060220055,0.3777177392697601,0.7732068041260289,0.7629812028304592,0.7668056620249778,-13.018669057694353
rho,substitutes,0.7,3,0.5534721648236569,1.2,0.5151875674089978,0.37770325697972773,0.7730273229286457,0.7638129021879172,0.7676415302928138,-12.976900930689244
rho,substitutes,0.7,3,0.5557487131734017,1.2,0.5153343251690228,0.37768846371535925,0.7728438186999294,0.7646641119100127,0.7684970067213969,-12.934200544755234
rho,substitutes,0.7,3,0.5580799858483445,1.2,0.5154843201307102,0.37767334700385713,0.7726562738268707,0.7655350075322789,0.7693722677261361,-12.890562471832066
rho,substitutes,0.7,3,0.5604665922024078,1.2,0.5156375873518563,0.3776578981049608,0.7724646315408662,0.7664257621783522,0.7702674872984536,-12.845981164585318
rho,substitutes,0.7,3,0.5629091576927818,1.2,0.515794130688374,0.3776421143177812,0.7722688812769944,0.7673365596350301,0.7711828501463819,-12.800450955756558
rho,substitutes,0.7,3,0.5654083241525933,1.2,0.5159540126506739,0.3776259993748552,0.7720689697964662,0.768267580317586,0.7721185375895295,-12.753966057462764
rho,substitutes,0.7,3,0.5679647500714233,1.2,0.5161172147146873,0.37760955391377626,0.7718649172071328,0.7692190215279543,0.7730747479188111,-12.706520560532537
rho,substitutes,0.7,3,0.5705791108838415,1.2,0.5162837592713021,0.37759275505224493,0.771656644278474,0.7701910742494816,0.7740516730748817,-12.658108433766413
rho,substitutes,0.7,3,0.5732520992661372,1.2,0.5164537266554069,0.3775756337752279,0.771444147642259,0.771183935729782,0.7750495112940626,-12.608723523266455
rho,substitutes,0.7,3,0.5759844254414287,1.2,0.5166270442866436,0.377558153058387,0.7712274079103896,0.7721978189393931,0.7760684766144109,-12.558359551695432
rho,substitutes,0.7,3,0.578776817493336,1.2,0.5168038411850093,0.3775403532645427,0.7710063963241145,0.7732329251755808,0.7771087713421991,-12.50701011754899
rho,substitutes,0.7,3,0.5816300216884137,1.2,0.5169840415126167,0.3775221728178167,0.7707810357668398,0.7742894731415145,0.7781706152768512,-12.45466869440868
rho,substitutes,0.7,3,0.5845448028075416,1.2,0.5171677581103555,0.37750366558547443,0.7705513472039627,0.775367679573842,0.7792542262414113,-12.401328630226628
rho,substitutes,0.7,3,0.5875219444864789,1.2,0.5173549520027517,0.3774847951807716,0.7703172792262848,0.7764677726895683,0.7803598335968276,-12.346983146531693
rho,substitutes,0.7,3,0.5905622495657936,1.2,0.5175456774412903,0.37746557510815326,0.7700788111273622,0.7775899810961238,0.7814876670964295,-12.29162533768739
rho,substitutes,0.7,3,0.5936665404503856,1.2,0.5177399789292604,0.3774459831229137,0.7698358431480571,0.7787345332666628,0.7826379563585978,-12.235248170095186
rho,substitutes,0.7,3,0.5968356594788269,1.2,0.5179378316183993,0.37742604043811095,0.769588452829868,0.7799016828053058,0.7838109562586495,-12.177844481468616
rho,substitutes,0.7,3,0.600070469302753,1.2,0.5181393140720396,0.3774057399827256,0.7693365440450506,0.7810916668609185,0.7850069051341634,-12.119406979969373
rho,substitutes,0.7,3,0.6033718532765401,1.2,0.5183444431412648,0.37738506427623647,0.7690800565209065,0.7823047359978462,0.7862260548054437,-12.05992824345644
rho,substitutes,0.7,3,0.6067407158575169,1.2,0.5185532013024917,0.37736401395623703,0.7688190093648007,0.7835411556393749,0.7874686720262164,-11.999400718691842
rho,substitutes,0.7,3,0.6101779830169621,1.2,0.5187656760767874,0.3773426041964137,0.768553352747104,0.7848011832492413,0.7887350155507609,-11.937816720499596
rho,substitutes,0.7,3,0.6136846026621482,1.2,0.5189819071251789,0.37732082355561697,0.7682830185869733,0.7860850845883552,0.7900253524721184,-11.875168430960386
rho,substitutes,0.7,3,0.6172615450697004,1.2,0.5192018546809272,0.37729865249003,0.7680079981043071,0.7873931425614381,0.7913399671130767,-11.811447898604989
rho,substitutes,0.7,3,0.6209098033305457,1.2,0.5194255899062665,0.3772760937005417,0.7677282268458789,0.7887256329952086,0.7926791366829413,-11.746647037562571
rho,substitutes,0.7,3,0.6246303938067362,1.2,0.5196531408194043,0.37725314988804126,0.76744368350249,0.7900828449079318,0.7940431516486879,-11.680757626747285
rho,substitutes,0.7,3,0.6284243566004422,1.2,0.5198845547167499,0.3772298368638086,0.7671543600529505,0.7914650732811261,0.7954323084704353,-11.613771309013352
rho,substitutes,0.7,3,0.6322927560354111,1.2,0.5201198494025837,0.3772061203043948,0.7668601534335328,0.7928726142977461,0.7968469048157614,-11.545679590290568
rho,substitutes,0.7,3,0.6362366811512086,1.2,0.5203590396008804,0.37718200728081924,0.7665610664846745,0.7943057795833158,0.7982872538722199,-11.476473838776538
rho,substitutes,0.7,3,0.6402572462105554,1.2,0.520602176993343,0.37715750653334235,0.7662570692354792,0.7957648819563723,0.7997536700263573,-11.40614528405765
rho,substitutes,0.7,3,0.6443555912200942,1.2,0.5208493060962038,0.37713259684890627,0.7659480644764791,0.7972502362480575,0.8012464696874133,-11.334685016248114
rho,substitutes,0.7,3,0.6485328824649206,1.2,0.5211004657030189,0.37710730047221674,0.7656340686699674,0.7987621739807597,0.8027659860395387,-11.26208398516673
rho,substitutes,0.7,3,0.652790313057229,1.2,0.5213556580335628,0.37708156790613834,0.7653149566452846,0.8003010252459666,0.804312550828812,-11.188332999427864
rho,substitutes,0.7,3,0.6571291034994325,1.2,0.5216169432035604,0.37704576571623866,0.7649647388355763,0.8018648561825689,0.8058842205006047,-11.113422726810551
rho,substitutes,0.7,3,0.6615505022621248,1.2,0.5218803235258631,0.37701929202580675,0.7646355978662407,0.8034585889935144,0.8074859419305095,-11.037343688632351
rho,substitutes,0.7,3,0.6660557863772645,1.2,0.5221478822678982,0.3769923989889137,0.7643012368205633,0.8050802809001196,0.809115762601624,-10.96008626600257
rho,substitutes,0.7,3,0.6706462620469753,1.2,0.5224196590665799,0.3769650980467092,0.7639616444814454,0.8067302982882322,0.8107740507363127,-10.881640694191727
rho,substitutes,0.7,3,0.6753232652683625,1.2,0.5226956384198561,0.37693736528524613,0.7636167769486951,0.8084090171460053,0.8124611842073776,-10.80199706297771
rho,substitutes,0.7,3,0.6800881624747613,1.2,0.5229758845350796,0.3769091848932445,0.7632665307397395,0.8101168102352323,0.8141775376450878,-10.721145315787023
rho,substitutes,0.7,3,0.6849423511938463,1.2,0.5232604971170118,0.3768806124072114,0.762910944102501,0.8118540672723912,0.8159235027193835,-10.639075248776717
rho,substitutes,0.7,3,0.6898872607230374,1.2,0.5235493775473505,0.37685154652604114,0.7625498640233355,0.8136211864484764,0.8176994796172,-10.555776510059472
rho,substitutes,0.7,3,0.6949243528226603,1.2,0.5238427102071737,0.3768220787789309,0.7621833334796906,0.8154185679516317,0.8195058705326322,-10.471238598740744
rho,substitutes,0.7,3,0.7000551224273222,1.2,0.5241404679373562,0.37679214759000224,0.7618112266762092,0.8172466236498406,0.8213430893981605,-10.385450864155946
rho,substitutes,0.7,3,0.7052810983759861,1.2,0.524442708304454,0.3767617731406654,0.7614335361769586,0.8191057772294636,0.8232115620238823,-10.298402504940933
rho,substitutes,0.7,3,0.7106038441612367,1.2,0.5247494360819878,0.3767309423205294,0.7610502246422071,0.8209964631653891,0.8251117250625002,-10.210082568219622
rho,substitutes,0.7,3,0.7160249586982449,1.2,0.5250607717224847,0.3766996594997245,0.7606611824748308,0.82291910988483,0.8270440090887275,-10.120479948768
rho,substitutes,0.7,3,0.7215460771139571,1.2,0.5253766875741943,0.37666791323710125,0.760266408906765,0.8248741760712788,0.8290088750852175,-10.029583388127495
rho,substitutes,0.7,3,0.7271688715570458,1.2,0.5256972065185119,0.37663567524858205,0.7598658107989655,0.8268621182857151,0.8310067819014708,-9.937381473820492
rho,substitutes,0.7,3,0.7328950520291776,1.2,0.5260224898450903,0.376603001070674,0.7594593648144639,0.8288833975577413,0.8330381928780107,-9.843862638481557
rho,substitutes,0.7,3,0.7387263672381705,1.2,0.5263524658145968,0.37656984223788936,0.7590470223043202,0.8309385014837571,0.835103598055324,-9.7490151590602
rho,substitutes,0.7,3,0.7446646054736273,1.2,0.5266872618329168,0.37653621829404504,0.7586287044094908,0.8330279093409123,0.837203479112947,-9.65282715600881
rho,substitutes,0.7,3,0.7507115955056528,1.2,0.5270268927218422,0.3765020955532855,0.7582043126325189,0.8351521181737932,0.8393383355869124,-9.555286592475902
rho,substitutes,0.7,3,0.7568692075072764,1.2,0.5273713673124922,0.3764674723463695,0.7577738339958895,0.8373116432779864,0.8415086853557366,-9.456381273487317
rho,substitutes,0.7,3,0.7631393540012239,1.2,0.5277208037614256,0.37643237592572665,0.7573372180380791,0.8395069988640947,0.8437150452075143,-9.356098845191731
rho,substitutes,0.7,3,0.7695239908317001,1.2,0.5280751841238357,0.37639675615662793,0.7568943581692279,0.8417387164220171,0.845957949296248,-9.25442679409175
rho,substitutes,0.7,3,0.7760251181618615,1.2,0.5284346421315536,0.3763606446616334,0.7564451992079437,0.8440073308377894,0.8482379351891014,-9.151352446258944
rho,substitutes,0.7,3,0.7826447814976824,1.2,0.5287991321339511,0.37632400107792235,0.7559896865436078,0.8463134030243028,0.8505555666105529,-9.046862966598464
rho,substitutes,0.7,3,0.7893850727389358,1.2,0.5291687651822242,0.37628685599640715,0.7555277851128509,0.8486574947117614,0.8529114081064912,-8.940945358111335
rho,substitutes,0.7,3,0.7962481312580323,1.2,0.5295435872684402,0.3762492017084748,0.7550594297754112,0.8510401823629417,0.8553060390292243,-8.833586461186636
rho,substitutes,0.7,3,0.8032361450074849,1.2,0.5299236502081743,0.3762110099300481,0.7545844984580647,0.8534620494147573,0.857740045740156,-8.72477295290362
rho,substitutes,0.7,3,0.8103513516567865,1.2,0.530308977943564,0.3761722665190881,0.7541029320898506,0.8559236994410425,0.8602140348385465,-8.614491346319664
rho,substitutes,0.7,3,0.8175960397595149,1.2,0.5306996632384889,0.37613301120082204,0.7536147365843527,0.858425748835733,0.8627286258080191,-8.50272798980189
rho,substitutes,0.7,3,0.8249725499515008,1.2,0.531095725140968,0.37609321569117243,0.7531198226359039,0.8609688249528993,0.8652844491472697,-8.389469066410056
rho,substitutes,0.7,3,0.8324832761809209,1.2,0.5314972763557704,0.37605286250961806,0.7526180341181206,0.863553555214142,0.867882135422863,-8.27470059325868
rho,substitutes,0.7,3,0.8401306669712053,1.2,0.5319042924831512,0.3760119506245112,0.7521093928681346,0.8661806070529653,0.870522355413827,-8.158408420858233
rho,substitutes,0.7,3,0.8479172267176741,1.2,0.5323168606892354,0.3759704739964802,0.7515937967180213,0.8688506422433844,0.8732057742113333,-8.040578232587105
rho,substitutes,0.7,3,0.8558455170188431,1.2,0.532735104168778,0.3759284528069354,0.7510711726036494,0.8715643364112202,0.8759330708277915,-7.921195544094882
rho,substitutes,0.7,3,0.8639181580433734,1.2,0.5331590034416798,0.37588584733064967,0.7505414413276537,0.8743223908281776,0.8787049500500455,-7.800245702767307
rho,substitutes,0.7,3,0.8721378299336601,1.2,0.5335886340792404,0.37584267274130967,0.7500045650101728,0.8771255175721183,0.8815221275252615,-7.677713887200002
rho,substitutes,0.7,3,0.8805072742470966,1.2,0.5340240863375694,0.3757989078258572,0.7494604007018597,0.8799744336878061,0.884385323892406,-7.5535851067342925
rho,substitutes,0.7,3,0.88902929543607,1.2,0.534465374382578,0.3757545401114948,0.7489089032543748,0.8828698864774268,0.887295290199532,-7.427844200955409
rho,substitutes,0.7,3,0.8977067623677852,1.2,0.5349125777899476,0.37570958914203934,0.7483500416388779,0.8858126351450719,0.8902527894562576,-7.300475839272545
rho,substitutes,0.7,3,0.9065426098850453,1.2,0.5353657688652771,0.3756640337044327,0.7477836908565336,0.8888034476177177,0.8932585934388091,-7.171464520531205
rho,substitutes,0.7,3,0.9155398404091444,1.2,0.5358250828977171,0.3756175998486768,0.7472090351263958,0.8918430427458794,0.8963134246009549,-7.0407945727418415
rho,substitutes,0.7,3,0.9247015255860773,1.2,0.536290446714132,0.3755708125924686,0.7466274517655599,0.8949323656428116,0.8994182327933495,-6.908450152227765
rho,substitutes,0.7,3,0.9340308079772923,1.2,0.5367619606077755,0.37552339798581,0.7460381599889764,0.8980721757736776,0.9025737812879909,-6.774415244084095
rho,substitutes,0.7,3,0.9435309027962627,1.2,0.5372397018415962,0.3754753647689616,0.7454411042445042,0.9012633158170914,0.9057809169874377,-6.638673661389589
rho,substitutes,0.7,3,0.9532050996921831,1.2,0.5377238142445186,0.3754267042016627,0.7448361189924113,0.9045066315530582,0.9090404899111845,-6.501209045114186
rho,substitutes,0.7,3,0.9630567645821445,1.2,0.5382142436404275,0.3753773863305947,0.7442231840047696,0.9078030164681612,0.912353398024435,-6.362004863870575
rho,substitutes,0.7,3,0.9730893415331738,1.2,0.5387111221014911,0.37532742529779634,0.7436022023382349,0.911153361170136,0.9157205363991149,-6.221044413787662
rho,substitutes,0.7,3,0.9833063546955787,1.2,0.5392127752763307,0.3752843176861129,0.7429934698559735,0.9145605440801359,0.9191447978845229,-6.0783108184945736
rho,substitutes,0.7,3,0.9937114102890687,1.2,0.5397227777290421,0.3752329255709843,0.7423558093892828,0.9180215513015005,0.922623153476779,-5.9337870285284575
rho,substitutes,0.7,3,1.0043081986431819,1.2,0.5402394161477073,0.375180867411826,0.7417098585032682,0.921539330556112,0.926158565673283,-5.787455822073097
rho,substitutes,0.7,3,1.0151004962935855,1.2,0.54076276809703,0.3751281378068599,0.7410555262152098,0.9251148584693509,0.9297520159947704,-5.639299804424535
rho,substitutes,0.7,3,1.0260921681358672,1.2,0.5412929097213763,0.37507472094480604,0.7403926971055217,0.9287491310338054,0.933404505426263,-5.4893014081721585
rho,substitutes,0.7,3,1.037287169638491,1.2,0.5418298560022048,0.37502090658694254,0.7397220759597603,0.9324432454141202,0.937117136631966,-5.3374428934339955
rho,substitutes,0.7,3,1.0486895491166357,1.2,0.5423737959006354,0.3749660939976552,0.7390419815895399,0.9361980912961446,0.940890803757298,-5.183706347454363
rho,substitutes,0.7,3,1.0603034500686892,1.2,0.5429247950423706,0.3749105827101304,0.7383530924095931,0.940014804566785,0.9447266483828218,-5.028073685601365
rho,substitutes,0.7,3,1.0721331135772334,1.2,0.5434828425712499,0.37485434444029087,0.7376553490184323,0.943894484465541,0.9486257752579982,-4.870526651078809
rho,substitutes,0.7,3,1.0841828807763967,1.2,0.5440480650423564,0.3747973862591558,0.7369486424253865,0.9478382385276587,0.9525892974696165,-4.711046815337748
rho,substitutes,0.7,3,1.0964571953875313,1.2,0.544622732578727,0.3747306606882752,0.7362082285709484,0.9518447608487606,0.9566159025674267,-4.549615579525406
rho,substitutes,0.7,3,1.1089606063252093,1.2,0.5452024919082321,0.3746724205538097,0.7354838007474309,0.9559201431638475,0.960711712821378,-4.386214170481951
rho,substitutes,0.7,3,1.1216977703756155,1.2,0.5457896309085761,0.37461340934167203,0.7347500778961371,0.9600630869452502,0.9648754231949043,-4.22082364787666
rho,substitutes,0.7,3,1.1346734549494641,1.2,0.5463842838637301,0.3745536738481087,0.7340070419749718,0.9642748098722009,0.9691082574708803,-4.053424900197614
rho,substitutes,0.7,3,1.147892540911644,1.2,0.5469864373564675,0.3744931558357235,0.7332545617394697,0.9685565586181968,0.9734114685717803,-3.8839986465192626
rho,substitutes,0.7,3,1.1613600254898573,1.2,0.5475962869053699,0.37443189606139143,0.7324925429111262,0.9729095937686822,0.9777863234017592,-3.7125254371049343
rho,substitutes,0.7,3,1.1750810252645967,1.2,0.5482138149509285,0.3743698352560686,0.7317208558251457,0.9773352188089535,0.9822341319798606,-3.538985654124935
rho,substitutes,0.7,3,1.189060779242872,1.2,0.5488391611296957,0.37430700170383224,0.7309394311026234,0.9818347589992914,0.9867562262092604,-3.3633595124010673
rho,substitutes,0.7,3,1.2033046520181812,1.2,0.5494723880831658,0.37424336545136394,0.7301481316980221,0.986409569598663,0.9913539681421892,-3.1856270602664662
rho,substitutes,0.7,3,1.217818137019287,1.2,0.5501136032520537,0.3741789281679048,0.7293468543170216,0.9910610359430189,0.9960287500586229,-3.0057681804423337
rho,substitutes,0.7,3,1.2326068598504607,1.2,0.5507628568699352,0.3741136821448421,0.7285355295778524,0.9957905827697877,1.0007820038375164,-2.8237625910066098
rho,substitutes,0.7,3,1.247676581725918,1.2,0.5514202700868278,0.3740476051374699,0.7277139810746471,1.0005996509709434,1.0056151775933446,-2.6395898464605905
rho,substitutes,0.7,3,1.2630332030012734,1.2,0.552085904781644,0.3739807156579572,0.7268821929127214,1.0054897345959424,1.0105297728645184,-2.4532293387859156
rho,substitutes,0.7,3,1.2786827668049243,1.2,0.5527598512313701,0.3739129689733534,0.7260399636984396,1.0104623415095562,1.0155273050740121,-2.2646602986959854
rho,substitutes,0.7,3,1.294631462772364,1.2,0.5534422474015022,0.37384439567457034,0.7251872314541303,1.015519023497614,1.0206093337860145,-2.073861796831812
rho,substitutes,0.7,3,1.31088563088653,1.2,0.5541330801284464,0.3737749395875078,0.7243238698069229,1.0206613744007744,1.0257774608303436,-1.8808127451360273
rho,substitutes,0.7,3,1.3274517654273796,1.2,0.5548325168046393,0.3737046410749861,0.7234498116256258,1.0258910150442249,1.0310333151566062,-1.6854918982432112
rho,substitutes,0.7,3,1.3443365190339982,1.2,0.555540633410388,0.37363347288457566,0.7225649132348978,1.0312096038828213,1.0363785635326985,-1.4878778549962353
rho,substitutes,0.7,3,1.3615467068826452,1.2,0.5562575645496332,0.37356139799193855,0.721668948062342,1.0366188245954773,1.0418148980770099,-1.2879490600187644
rho,substitutes,0.7,3,1.3790893109842512,1.2,0.5569833322879832,0.3734884534214127,0.7207619860108058,1.042120438399518,1.0473440888350039,-1.0856838053083573
rho,substitutes,0.7,3,1.3969714846049992,1.2,0.5577180631588975,0.3734145934083996,0.7198437868675668,1.047716207792361,1.0529679071386528,-0.8810602320759344
rho,substitutes,0.7,3,1.4152005568137338,1.2,0.5584618454048105,0.37333981692125134,0.7189142598275775,1.0534079542909078,1.0586881836352502,-0.6740563324936997
rho,substitutes,0.7,3,1.4337840371600625,1.2,0.5592147784214898,0.3732641320626352,0.7179733256220957,1.0591975419626425,1.0645067917359565,-0.46464995162898326
rho,substitutes,0.7,3,1.4527296204871472,1.2,0.5599771680111001,0.3731866849659424,0.7170185574443004,1.0650866278153113,1.0704253967543047,-0.2528187898204264
rho,substitutes,0.7,3,1.4720451918832933,1.2,0.5607487087280254,0.3731091224261051,0.7160543513784194,1.0710776414553669,1.0764464404752003,-0.03854040328157815
rho,substitutes,0.7,3,1.4917388317766058,1.2,0.56152967568243,0.3730306020176645,0.7150783397294485,1.0771723393588388,1.0825716881790448,0.17820779150869592
rho,substitutes,0.7,3,1.5118188211770927,1.2,0.5623201654270511,0.3729511291423986,0.7140904393626668,1.0833727658980987,1.08880319448567,0.39744851702075934
rho,substitutes,0.7,3,1.5322936470707536,1.2,0.5631203091928191,0.37287068091800823,0.7130904622075133,1.0896810000141808,1.095143048756845,0.6192046319177935
rho,substitutes,0.7,3,1.5531720079703377,1.2,0.5639301976559699,0.3727892563128453,0.7120783150251377,1.0960991828759794,1.1015934028941177,0.8434991286341584
rho,substitutes,0.7,3,1.5744628196276003,1.2,0.5647499403612914,0.37270684491740813,0.7110538624135501,1.1026295003763216,1.1081564537471489,1.07035513080164
rho,substitutes,0.7,3,1.5961752209120554,1.2,0.5655796289752999,0.37262343425889927,0.7100169817238058,1.1092741931027728,1.1148344531344956,1.2997958906119016
rho,substitutes,0.7,3,1.618318579861377,1.2,0.5664193312890383,0.37253899271475877,0.7089675266144223,1.1160355545079157,1.1216297060047198,1.5318447860670976
rho,substitutes,0.7,3,1.6409024999087747,1.2,0.5672692096168948,0.3724535333953776,0.7079053673372231,1.1229159262716564,1.1285445657754467,1.7665253181441654
rho,substitutes,0.7,3,1.6639368262928396,1.2,0.5681293547767351,0.37236706170253375,0.7068304264923585,1.129917717666296,1.1355814537955053,2.0038611078585475
rho,substitutes,0.7,3,1.6874316526555453,1.2,0.5689979810222996,0.3722859746865432,0.7057603800990735,1.137045401586239,1.1427448653797763,2.2438758931736937
rho,substitutes,0.7,3,1.7113973278342638,1.2,0.569878915752232,0.3721974314505278,0.7046595039708788,1.1442974874540834,1.1500333024793072,2.4865935259131984
rho,substitutes,0.7,3,1.7358444628538618,1.2,0.5707705090051634,0.3721076281118334,0.7035448392246306,1.151678481307038,1.1574512937179129,2.732037968663442
rho,substitutes,0.7,3,1.7607839381251333,1.2,0.5716727259363383,0.3720167366817592,0.7024168479811512,1.1591910988551497,1.1650015684181934,2.980233291052558
rho,substitutes,0.7,3,1.7862269108560356,1.2,0.5725880677104409,0.3719169731230163,0.7012536935271314,1.1668355423387406,1.1726843298342042,3.2312036659222936
rho,substitutes,0.7,3,1.8121848226824113,1.2,0.5735119561583246,0.3718241255929147,0.7000991718144753,1.1746196251310381,1.1805074305038696,3.4849733684821165
rho,substitutes,0.7,3,1.8386694075250942,1.2,0.57444687145412,0.3717301774986359,0.6989308894524915,1.1825436364113555,1.1884711610560195,3.7415667683875826
rho,substitutes,0.7,3,1.8656926996805347,1.2,0.5753928663627961,0.3716350847448224,0.6977486841433427,1.1906104854040582,1.196578445297568,4.001008328874333
rho,substitutes,0.7,3,1.8932670421523103,1.2,0.5763500886802331,0.37153887124542123,0.696552467493393,1.198823152049951,1.2048322781063343,4.263322602174558
rho,substitutes,0.7,3,1.921405095231136,1.2,0.5773186546324732,0.37144149997609466,0.6953420313081459,1.2071846790812188,1.213235717466263,4.528534225514095
rho,substitutes,0.7,3,1.9501198453312445,1.2,0.5782987162171106,0.37134300255940234,0.6941173021404446,1.2156981955520714,1.2217919081160122,4.796667917083349
rho,substitutes,0.7,3,1.979424614091259,1.2,0.5792903078354319,0.37124334030176503,0.6928781494741523,1.2243669115996068,1.2305040762835602,5.067748471825125
rho,substitutes,0.7,3,2.009333067747975,1.2,0.5802935645594466,0.3711424532965456,0.6916242894291725,1.2331940907904866,1.2393755018942638,5.341800757138579
rho,substitutes,0.7,3,2.0398592267917226,1.2,0.581308632893528,0.37104043140369986,0.6903557987132622,1.242183116418759,1.2484095852010038,5.618849708569268
rho,substitutes,0.7,3,2.071017475912293,1.2,0.5823355966145556,0.3709371864325131,0.6890723744838068,1.2513374189774507,1.2576097738922243,5.898920325203584
rho,substitutes,0.7,3,2.1028225742447084,1.2,0.5833745899614711,0.37083273085578294,0.6877739134842937,1.2606605321670914,1.2669796193812024,6.182037665159406
rho,substitutes,0.7,3,2.135289665924415,1.2,0.5844256557309484,0.37072703638943183,0.6864603026603999,1.2701560847538382,1.276522768623362,6.468226840852871
rho,substitutes,0.7,3,2.168434290961828,1.2,0.5854890290788273,0.3706201286166481,0.6851313704049264,1.2798277725270923,1.2862429359333254,6.757513014188152
rho,substitutes,0.7,3,2.2022723964464688,1.2,0.586562553754645,0.37051892086518406,0.6838064456744721,1.2896818089368183,1.2961463659061043,7.049921391241251
rho,substitutes,0.7,3,2.23682034809129,1.2,0.5876507711240384,0.37040924015010235,0.6824457814088156,1.299717217366646,1.306232077030019,7.345477218958041
rho,substitutes,0.7,3,2.2720949421281498,1.2,0.5887516677707376,0.3702983292856602,0.6810693821748421,1.3099404564664154,1.316506560329027,7.644205777434968
rho,substitutes,0.7,3,2.308113417565749,1.2,0.5898652642023896,0.3701861391687767,0.6796771054928514,1.3203556317885132,1.3269739419346809,7.946132376477135
rho,substitutes,0.7,3,2.344893468821764,1.2,0.5909916419173309,0.3700726176014273,0.6782687402046144,1.3309669392868138,1.3376384388331621,8.251282349849342
rho,substitutes,0.7,3,2.382453258741261,1.2,0.592130999243126,0.3699578386322879,0.676844271919477,1.3417786939640888,1.3485043876562839,8.559681049831019
rho,substitutes,0.7,3,2.4208114320139376,1.2,0.5932834221131809,0.36984173091357164,0.6754034374761311,1.3527953015428038,1.359576216210287,8.871353841775713
rho,substitutes,0.7,3,2.4599871290031343,1.2,0.5944490206111139,0.36972429881540886,0.6739461376463616,1.3640212973402555,1.370858482545841,9.186326098454174
rho,substitutes,0.7,3,2.5,1.2,0.5956279483372472,0.36960553629842796,0.6724722038280476,1.3754613205329265,1.3823558490933971,9.50462319439416
